contig,gene_id,site_pos,r2N,r2S,r2L,rL_std,rNrS_pval,r2G,r2G_pval,rNrS,rNrS_trans,r_rg,r_rg_transform,iLDS,iLDS_pval,significance
GUT_GENOME009343_1,GUT_GENOME009343_00072,87851,0.027288102375105903,0.02872613755571208,0.02850553227290979,0.0015154095043767185,0.6259883281957062,0.03630461344564919,0.9999998673164721,-0.0014380351806061765,-0.20224005681537052,-0.007799081172739402,-0.7795942437351998,0.6486682254457424,0.7230086356362346,False
GUT_GENOME009343_1,GUT_GENOME009343_00072,87861,0.027673559571841224,0.0289500282469665,0.028733191138636968,0.0015157732068823279,0.6113432299681858,0.0363843638367594,0.999999776423021,-0.0012764686751252745,-0.17848226239689427,-0.007651172698122433,-0.7628359269332514,0.6137745694104267,0.735733524654894,False
GUT_GENOME009343_1,GUT_GENOME009343_00072,88017,0.027624240472163247,0.02906386161175778,0.02884088062269518,0.0015191971454850547,0.6257098347460409,0.03651154085739985,0.999999778114467,-0.0014396211395945324,-0.2024732665854856,-0.007670660234704668,-0.7650439025923905,0.6262875965755922,0.7311447676435148,False
GUT_GENOME009343_1,GUT_GENOME009343_00072,88019,0.027695012219892224,0.028672967654832522,0.028495442107651845,0.0014997751469557265,0.5862597976670219,0.0365746516856406,0.9999999641677688,-0.0009779554349402982,-0.13458692548657036,-0.008079209577988754,-0.8113333349032364,0.6763754208371349,0.7130614262762741,False
GUT_GENOME009343_1,GUT_GENOME009343_00072,88036,0.027104237408471236,0.02790657402558225,0.027776052837581847,0.0014924146752646253,0.574073155516669,0.03657791493954967,0.9999999981573429,-0.0008023366171110158,-0.10876278726197336,-0.008801862101967824,-0.8932112662789105,0.8096557101005679,0.6670916374311652,False
GUT_GENOME009343_1,GUT_GENOME009343_00077,91360,0.02712180439231569,0.027803459643029535,0.02770205508163558,0.0014764481051592602,0.5628552400861518,0.03659915967159128,0.9999999991597637,-0.0006816552507138453,-0.09101701078144106,-0.008897104589955702,-0.904002424735787,0.8255044801797712,0.6618262365253058,False
GUT_GENOME009343_1,GUT_GENOME009343_00081,96024,0.027108909075055723,0.02704071104341488,0.027073559684851603,0.0014528274584046325,0.4936555282048718,0.036596161161248336,0.9999999999720913,6.81980316408412e-05,0.019246314362445744,-0.009522601476396733,-0.9748724341031103,0.9507466833906613,0.6216529241787656,False
GUT_GENOME009343_1,GUT_GENOME009343_00082,96330,0.02735559262739933,0.02705973944826948,0.02713595569985929,0.0014558142097490893,0.47274684507659376,0.03662501571295196,0.9999999999643848,0.00029585317912984854,0.052722214433769926,-0.00948906001309267,-0.9710721213116624,0.9457606966835325,0.6232046341846744,False
GUT_GENOME009343_1,GUT_GENOME009343_00086,100986,0.027444112272342343,0.027136332049564463,0.027226689862355977,0.0014596466181021773,0.47171815538781503,0.03659551582529779,0.9999999999312142,0.00030778022277788003,0.054476044846618825,-0.009368825962941814,-0.9574493704312458,0.9196769364013198,0.6313856261264132,False
GUT_GENOME009343_1,GUT_GENOME009343_00086,101067,0.027624006800952238,0.027160452866773998,0.027234900126807522,0.0014653286593071108,0.45736888010781457,0.036625324127215926,0.9999999999264766,0.0004635539341782402,0.07738202898137048,-0.009390424000408404,-0.9598964699304651,0.9273892113942419,0.6289556045985061,False
GUT_GENOME009343_1,GUT_GENOME009343_00087,102446,0.02789912245311561,0.027375413515758354,0.027433784512040777,0.0014725764224886187,0.45243087168008744,0.036628260499556364,0.99999999978647,0.0005237089373572555,0.08622761361858207,-0.009194475987515587,-0.937695180347337,0.8867074525969804,0.6418801170484256,False
GUT_GENOME009343_1,GUT_GENOME009343_00087,102493,0.02815810596802509,0.027557591172953012,0.02761250616166365,0.0014382598815102518,0.44563890919008137,0.03663211503782195,0.9999999998208567,0.0006005147950720775,0.09752164868044193,-0.009019608876158297,-0.9178823977602949,0.8520185680795398,0.653110278590728,False
GUT_GENOME009343_1,GUT_GENOME009343_00088,103281,0.028251444856212254,0.027710147176509013,0.027770307608386134,0.001440962219491093,0.4510340742715992,0.036637984716401395,0.9999999996222293,0.0005412976797032412,0.0888139771937036,-0.00886767710801526,-0.900668234005211,0.8190911902910293,0.6639518845585445,False
GUT_GENOME009343_1,GUT_GENOME009343_00088,103591,0.028273346906274956,0.027685537475355838,0.02777666560112128,0.0014572995747392772,0.4467136230242283,0.03661492197449084,0.9999999993394834,0.000587809430919118,0.0956533689360764,-0.008838256373369557,-0.8973348077562042,0.8143593241996852,0.6655246100108883,False
GUT_GENOME009343_1,GUT_GENOME009343_00088,104003,0.0283885680619418,0.02754037740439759,0.02761348145942439,0.0014461482670324478,0.4233406324481698,0.0366560549796095,0.999999999798508,0.0008481906575442087,0.1339415254706052,-0.009042573520185108,-0.9204843364310972,0.8652317458603901,0.6488096693011312,False
GUT_GENOME009343_1,GUT_GENOME009343_00088,104227,0.028350540939671015,0.027599497971082004,0.02765813121890714,0.0014488640920246006,0.43214463943008474,0.03668481933310481,0.9999999997670543,0.0007510429685890115,0.11965629465770956,-0.009026688114197667,-0.91868448914882,0.8582988194538409,0.6510626468214784,False
GUT_GENOME009343_1,GUT_GENOME009343_00088,104688,0.028124404098548435,0.027534362461338037,0.02757411585421782,0.0014362125979981843,0.4463292755055448,0.03667232323458142,0.9999999998812225,0.0005900416372103985,0.09598160713130147,-0.009098207380363602,-0.9267877606006785,0.868148022106728,0.6478643045913047,False
GUT_GENOME009343_1,GUT_GENOME009343_00088,104700,0.028236020800688034,0.027711030539733485,0.02775251033454822,0.001468852090105056,0.4525750435113375,0.03669443294204514,0.9999999994272587,0.0005249902609545491,0.08641602781072812,-0.008941922607496922,-0.9090803929748352,0.8338948907538654,0.6590555554502819,False
GUT_GENOME009343_1,GUT_GENOME009343_00089,106114,0.02806094227798348,0.028034765078596837,0.02802020522110785,0.001511420643390161,0.4976071664116724,0.036670448436359956,0.9999999947748368,2.617719938664137e-05,0.01306729668166436,-0.008650243215252106,-0.8760325525958663,0.767603787450196,0.6812663769560617,False
GUT_GENOME009343_1,GUT_GENOME009343_00090,106322,0.02792961114059411,0.02800892557798526,0.027987246164327684,0.0014912941472154174,0.5072470773762491,0.03669411182583737,0.9999999973657706,-7.931443739115154e-05,-0.002444882726905097,-0.008706865661509688,-0.8824479854839625,0.778720424536252,0.6774901857790898,False
GUT_GENOME009343_1,GUT_GENOME009343_00090,107231,0.027920392996642,0.028067122639701566,0.028036160496885613,0.0014893627994420284,0.5133034822502116,0.03675513436130541,0.999999997602921,-0.00014672964305956562,-0.012358054966300954,-0.008718973864419798,-0.883819868337838,0.7812902811912633,0.6766202184902779,False
GUT_GENOME009343_1,GUT_GENOME009343_00090,107255,0.0278565832601386,0.028122987513061273,0.028066484754073032,0.0014950626195016383,0.5242137709431721,0.03675947761757488,0.9999999969586382,-0.0002664042529226737,-0.02995579138930698,-0.008692992863501846,-0.8808761705859528,0.7768401773439323,0.6781274097766322,False
GUT_GENOME009343_1,GUT_GENOME009343_00090,107285,0.02759837248951242,0.02808191390640253,0.028034832717950053,0.001486586490531322,0.544287131031211,0.0367859487953628,0.9999999980303048,-0.00048354141689010977,-0.061885058453631146,-0.00875111607741275,-0.8874616433574675,0.7914179288905461,0.6732025933196424,False
GUT_GENOME009343_1,GUT_GENOME009343_00091,107651,0.027691794629747336,0.028115857180107364,0.028061154544303663,0.001484856983320663,0.5387390790352165,0.03684461837183986,0.9999999983442491,-0.00042406255036002774,-0.053138897366222404,-0.008783463827536198,-0.8911267061322872,0.7969305487954776,0.6713495932061182,False
GUT_GENOME009343_1,GUT_GENOME009343_00091,107721,0.027848533334811083,0.028127789588704422,0.028109257414940247,0.0014740945666711627,0.5253324614048226,0.03690411119080207,0.9999999987863458,-0.00027925625389333894,-0.03184563356927054,-0.008794853775861824,-0.8924172093498545,0.7974226199212103,0.6711844376489771,False
GUT_GENOME009343_1,GUT_GENOME009343_00091,107723,0.028146916745618807,0.02815302843845094,0.028166358867186107,0.0014815590790040235,0.5005454326762443,0.037057573904504544,0.9999999990210139,-6.11169283213156e-06,0.008319327038757022,-0.008891215037318437,-0.9033351270087796,0.8160835628903458,0.6649510956242504,False
GUT_GENOME009343_1,GUT_GENOME009343_00091,107743,0.028392895327688503,0.027946976888521338,0.027992842718318332,0.0014474829466132287,0.46034823775914724,0.03728190402022056,0.9999999999306843,0.00044591843916716445,0.07478879058895672,-0.009289061301902227,-0.9484118797616742,0.9050784568708311,0.6360111219606428,False
GUT_GENOME009343_1,GUT_GENOME009343_00091,107826,0.028329143059817173,0.028337224139450713,0.028354760548593098,0.0014835250574083694,0.5007198229386098,0.037654030490555934,0.9999999998175654,-8.081079633539406e-06,0.008029735538222657,-0.009299269941962836,-0.9495685384635897,0.9017448858926916,0.6370721000354116,False
GUT_GENOME009343_1,GUT_GENOME009343_00091,107865,0.028417899835415785,0.02808313055030741,0.028121344894680315,0.001484725805413547,0.47005836367303955,0.037786728677318,0.9999999999623941,0.00033476928510837653,0.05844469288097995,-0.009665383782637683,-0.9910499460941922,0.9855957777792532,0.6109147292433981,False
GUT_GENOME009343_1,GUT_GENOME009343_00091,107871,0.02836610442025157,0.028450688580097194,0.028465615773172033,0.0015059552725884924,0.5075867838796858,0.037860740249342974,0.9999999997793152,-8.458415984562498e-05,-0.0032197771417044993,-0.00939512447617094,-0.9604290429432857,0.9224343134937979,0.6305157417829917,False
GUT_GENOME009343_1,GUT_GENOME009343_00091,107967,0.02824487055557073,0.028308868150904696,0.02830862315324588,0.0014903652634223894,0.5057813353988565,0.03772497330395448,0.9999999998676429,-6.399759533396582e-05,-0.00019259421170970297,-0.009416350150708602,-0.9628339530010653,0.927049258144188,0.6290625214358917,False
GUT_GENOME009343_1,GUT_GENOME009343_00091,108099,0.028055414024118777,0.028848352244789283,0.028783677604865106,0.0014244648156646915,0.5717585566595158,0.03756960397498742,0.9999999996539393,-0.0007929382206705061,-0.10738078565320948,-0.00878592637012231,-0.8914057169793886,0.8061347853910383,0.6682670614873664,False
GUT_GENOME009343_1,GUT_GENOME009343_00091,108131,0.028239960636684363,0.0288340509082717,0.02880729144629013,0.0014285703769864743,0.5535245380274074,0.037539990741570384,0.9999999995107982,-0.0005940902715873379,-0.07814088422195666,-0.008732699295280255,-0.8853749862524702,0.7899948640685511,0.673681769238339,False
GUT_GENOME009343_1,GUT_GENOME009343_00091,108135,0.02835234905676899,0.028677741892888447,0.028650773657620587,0.0014266576678710686,0.5289941099151793,0.03740554521443117,0.9999999995783646,-0.00032539283611945566,-0.038629858012552636,-0.008754771556810585,-0.8878758162570972,0.7898157310242767,0.6737421112737096,False
GUT_GENOME009343_1,GUT_GENOME009343_00091,108155,0.02841478934479562,0.028573028258245012,0.02855660326455023,0.001425494732119325,0.5140785083946201,0.03718751199160819,0.9999999992964971,-0.00015823891344939403,-0.01405045327010979,-0.008630908727057962,-0.8738419176156863,0.7637971122193554,0.6825642916705632,False
GUT_GENOME009343_1,GUT_GENOME009343_00091,108156,0.02845799224429981,0.02849434292692288,0.028467023045590702,0.001418953360269051,0.5031943559366071,0.037092397145077935,0.999999999394149,-3.6350682623070146e-05,0.0038727884400717822,-0.008625374099487233,-0.8732148335865171,0.7625191440858302,0.6830005787528841,False
GUT_GENOME009343_1,GUT_GENOME009343_00091,108188,0.028403184460505753,0.028413501454118494,0.028394716403740396,0.00141963690494947,0.500896969217081,0.03703621270129512,0.9999999994251911,-1.0316993612740494e-05,0.007700952140344835,-0.008641496297554722,-0.8750415098703367,0.7657569486600264,0.6818957620902588,False
GUT_GENOME009343_1,GUT_GENOME009343_00091,108233,0.029048227197927365,0.02849210469937396,0.028519400131079023,0.0014291302238318847,0.4522810400665408,0.037004279073569936,0.9999999985493988,0.0005561224985534061,0.09099391540233806,-0.008484878942490913,-0.8572964600370567,0.7432371130323167,0.6896172423646907,False
GUT_GENOME009343_1,GUT_GENOME009343_00093,110653,0.0293093581196776,0.02840302407683586,0.028517290849085126,0.0014556945739855952,0.42226228507331065,0.036990628457942445,0.9999999970720378,0.0009063340428417388,0.14249130867338827,-0.00847333760885732,-0.8559888045707312,0.7530206065978843,0.6862520469903535,False
GUT_GENOME009343_1,GUT_GENOME009343_00093,110655,0.029013674448976498,0.02841498763681692,0.028455972550632102,0.001436656348048166,0.448888894599314,0.03699927127556351,0.9999999986316077,0.0005986868121595768,0.09725285013147031,-0.008543298724931408,-0.8639155345976863,0.7558081677779004,0.6852962284627939,False
GUT_GENOME009343_1,GUT_GENOME009343_00093,110670,0.028804096411067952,0.02825209856966077,0.02836466813147474,0.0014742751176320967,0.45257632841693346,0.03697564620226661,0.999999997402801,0.000551997841407182,0.09038739887074003,-0.008610978070791867,-0.8715837356376562,0.7678280901027101,0.6811899763126485,False
GUT_GENOME009343_1,GUT_GENOME009343_00093,110673,0.028722865421755603,0.02798707761989082,0.028091161870829325,0.0014318960760774779,0.4372775430771121,0.03700091071024576,0.9999999997551079,0.0007357878018647845,0.11741307528637394,-0.008909748839416438,-0.9054350427026385,0.8335984468021326,0.6591532492069185,False
GUT_GENOME009343_1,GUT_GENOME009343_00093,110724,0.028934426990356348,0.027785965047074087,0.027877609064694508,0.0013751370133176935,0.40221721968908775,0.03708425763506737,0.9999999999892221,0.0011484619432822613,0.17809537688369678,-0.009206648570372861,-0.9390743575739863,0.913578612320341,0.6333137613149367,False
GUT_GENOME009343_1,GUT_GENOME009343_00093,110741,0.028635214622725953,0.027691172326874226,0.027754260047212098,0.0013505489999381878,0.41934157273240963,0.03708042484477184,0.999999999997498,0.0009440422958517276,0.14803617652966,-0.009326164797559738,-0.9526157777215343,0.9293915295255243,0.6283262350951375,False
GUT_GENOME009343_1,GUT_GENOME009343_00093,110775,0.028355008200536484,0.027659137926297574,0.027713024072851866,0.0013469660403762525,0.43985633674066116,0.03713079162499513,0.9999999999986434,0.0006958702742389106,0.1115433412582312,-0.009417767552143262,-0.9629945473303563,0.9398004151670479,0.62506464188151,False
GUT_GENOME009343_1,GUT_GENOME009343_00093,110777,0.028371362978687933,0.02753755935882619,0.027609982966893293,0.001348803620618825,0.4279804334629933,0.037198222895070396,0.9999999999994142,0.0008338036198617428,0.13182596146472714,-0.009588239928177103,-0.9823093978888124,0.982309837296781,0.6119192689519344,False
GUT_GENOME009343_1,GUT_GENOME009343_00093,110822,0.02801633125258208,0.027623041515350583,0.027667598176909357,0.0013531383771531657,0.4656487521913366,0.03727444617466121,0.9999999999993747,0.00039328973723149613,0.06704992245303194,-0.009606847997751855,-0.9844177282317083,0.973573955757835,0.6145979419580867,False
GUT_GENOME009343_1,GUT_GENOME009343_00093,110828,0.027876070412543287,0.02808268666091262,0.028081573994936927,0.001396523644202008,0.5182841437233052,0.037507994719622156,0.9999999999926036,-0.0002066162483693318,-0.021164172627476906,-0.00942642072468523,-0.963974968548111,0.9296956621903373,0.6282306950934047,False
GUT_GENOME009343_1,GUT_GENOME009343_00093,111115,0.02796489359873283,0.028241630429133375,0.028251801930900072,0.0013682671958402683,0.5241776687474389,0.03799569076541862,0.9999999999994655,-0.0002767368304005466,-0.031475161080454374,-0.00974388883451855,-0.9999447206051182,1.0008801300310883,0.606263805509345,False
GUT_GENOME009343_1,GUT_GENOME009343_00093,111160,0.02865151315641963,0.02841147238707405,0.028457841781134103,0.0013874533655118407,0.4795243979568103,0.038409453064632774,0.999999999999632,0.0002400407693455807,0.044515193097833895,-0.009951611283498672,-1.0234800766143002,1.0494930696429512,0.5917053220565749,False
GUT_GENOME009343_1,GUT_GENOME009343_00093,111200,0.02870141745379731,0.028575776492022288,0.02860303624252216,0.001420130081626355,0.489238006667882,0.038722181318978914,0.9999999999994815,0.00012564096177502052,0.027693098062202392,-0.010119145076456754,-1.042461980015672,1.087493887458478,0.5805688131320008,False
GUT_GENOME009343_1,GUT_GENOME009343_00094,111456,0.029023958897984963,0.028514909010898898,0.028568536283087604,0.0014537933503338688,0.4571015330969576,0.03895182544088701,0.9999999999995408,0.0005090498870860653,0.08407205110470316,-0.010383289157799406,-1.072390016309489,1.157088456857218,0.5607140442664671,False
GUT_GENOME009343_1,GUT_GENOME009343_00094,111664,0.02947312725893638,0.0286865490617905,0.028766772620750176,0.001477937654420742,0.4348015048915722,0.03910073020688239,0.9999999999986464,0.0007865781971458825,0.12488162680285213,-0.010333957586132217,-1.0668006536412737,1.1536590553223756,0.5616763258451805,False
GUT_GENOME009343_1,GUT_GENOME009343_00094,111720,0.02970991254625658,0.02857038123412629,0.028673296772155726,0.0014867129575191628,0.406907633466244,0.039169277383911696,0.9999999999991667,0.0011395313121302895,0.17678215853869234,-0.01049598061175597,-1.0851581764244986,1.2088201994385428,0.5463966511280969,False
GUT_GENOME009343_1,GUT_GENOME009343_00094,111947,0.029831256064875005,0.028599181492002988,0.028728628065863845,0.0014920892687987632,0.39959470024338384,0.039254642039425754,0.9999999999991341,0.0012320745728720169,0.1903903241481001,-0.010526013973561909,-1.0885610145179536,1.2212135578575751,0.5430212752216221,False
GUT_GENOME009343_1,GUT_GENOME009343_00094,112090,0.02994797229471427,0.02843836475099864,0.02860006853341548,0.0015039521817333847,0.37804459777314453,0.039469157665898515,0.9999999999997532,0.0015096075437156312,0.23120058519834571,-0.010869089132483033,-1.127432094859819,1.3245568391160576,0.5156750708225257,False
GUT_GENOME009343_1,GUT_GENOME009343_00094,112101,0.030199125888399795,0.028013591547805573,0.02826933463721697,0.0015154998702924603,0.3285462699204327,0.03949263436864971,0.9999999999999347,0.0021855343405942224,0.3305932769841993,-0.011223299731432736,-1.1675648421359914,1.4724995753791943,0.4789065532856076,False
GUT_GENOME009343_1,GUT_GENOME009343_00094,112152,0.030128103891036026,0.02808247089169437,0.02832512144675136,0.0015012044428020276,0.33860505615217096,0.03951634782828886,0.999999999999955,0.0020456329993416567,0.31002126984414,-0.011191226381537502,-1.1639308694387813,1.4508482565882905,0.48411919675727744,False
GUT_GENOME009343_1,GUT_GENOME009343_00094,112182,0.0307006504149892,0.028128367132922605,0.028405133908677774,0.0015106801571322505,0.3069080141213561,0.03950914828151382,0.9999999999999012,0.002572283282066594,0.3874633678221175,-0.011104014372836046,-1.1540495798471058,1.481958294149339,0.4766469794632109,False
GUT_GENOME009343_1,GUT_GENOME009343_00094,112183,0.031058955865833626,0.02841504833774289,0.028788869426936512,0.0015681974587399812,0.3045892430267072,0.03951664585265386,0.9999999999960633,0.0026439075280907352,0.3979954648514802,-0.010727776425717348,-1.1114210913371818,1.393657232311478,0.49816266629007355,False
GUT_GENOME009343_1,GUT_GENOME009343_00094,112228,0.0316975865356829,0.02868800211880511,0.029099255414035092,0.0015990025596861082,0.28481636515878317,0.03953531158639103,0.9999999999663611,0.003009584416877792,0.4517669834068396,-0.010436056172355938,-1.0783686213145192,1.3669722907322925,0.5048539268222054,False
GUT_GENOME009343_1,GUT_GENOME009343_00094,112309,0.03177326325882579,0.028727553970516004,0.029109734401839064,0.0015996920342027782,0.2830049029158376,0.039568575184913565,0.9999999999688336,0.0030457092883097864,0.457079020492253,-0.010458840783074502,-1.0809501618626154,1.377374483404972,0.5022349495933736,False
GUT_GENOME009343_1,GUT_GENOME009343_00095,112573,0.031905210994274784,0.028973912361595393,0.029284400486626987,0.001600491924772416,0.29128011356172223,0.03964051418359347,0.9999999999511868,0.0029312986326793904,0.440255330287037,-0.010356113696966481,-1.0693109839345256,1.3372507362091715,0.5124124724058816,False
GUT_GENOME009343_1,GUT_GENOME009343_00095,112661,0.0320416065183578,0.028951389136334462,0.0292986258697493,0.001605627691733866,0.2819512347111558,0.03979302253568681,0.9999999999684089,0.0030902173820233393,0.46362378134635135,-0.010494396665937513,-1.0849787122937815,1.3921258167605617,0.49854425939285374,False
GUT_GENOME009343_1,GUT_GENOME009343_00095,112721,0.03262622213433915,0.029163913010439694,0.02955871459241736,0.0016287534250683101,0.26194761182673854,0.03979268424561275,0.999999999834285,0.0034623091238994534,0.5183385818057225,-0.010233969653195386,-1.055471827075611,1.382695663138696,0.5009004843951874,False
GUT_GENOME009343_1,GUT_GENOME009343_00095,113102,0.03314203623149123,0.029387781003620807,0.029843987398989472,0.0016788598859041512,0.24774408779439022,0.03980113371951255,0.999999998493586,0.003754255227870422,0.5612682441065342,-0.009957146320523077,-1.0241072070353643,1.3638176133442066,0.505650880823779,False
GUT_GENOME009343_1,GUT_GENOME009343_00096,114057,0.033363800554754304,0.029959099269349837,0.030392294383926592,0.0017509466764152736,0.26854374389898195,0.03981260265126775,0.9999999627824924,0.003404701285404467,0.5098675489033091,-0.009420308267341158,-0.9632824152858614,1.1878779290236312,0.5521481039075564,False
GUT_GENOME009343_1,GUT_GENOME009343_00096,114087,0.033506259846286635,0.03003411130261769,0.03052957615327707,0.0017742815948180283,0.26469648783318334,0.03981303905739671,0.9999999162648624,0.0034721485436689445,0.5197854343658176,-0.009283462904119636,-0.9477775704439225,1.1684592208154463,0.5575352157335715,False
GUT_GENOME009343_1,GUT_GENOME009343_00096,114088,0.03338087327213437,0.029975600916224802,0.030477790201307742,0.0017624522586887036,0.2678922619059715,0.03982428216835554,0.9999999430793007,0.0034052723559095666,0.5099515228409655,-0.009346491967047798,-0.9549188854160052,1.1719206333719654,0.5565711205587862,False
GUT_GENOME009343_1,GUT_GENOME009343_00096,114423,0.033961194388430045,0.030056599183778038,0.03059941064010741,0.0017638789937228507,0.24398552429760179,0.03983143635303534,0.9999999170300038,0.0039045952046520074,0.5833752164064184,-0.009232025712927933,-0.9419496370031564,1.2275957617676136,0.5412912008586173,False
GUT_GENOME009343_1,GUT_GENOME009343_00098,116035,0.034413325580270576,0.030547692669290364,0.031058726838156532,0.0017710965226313733,0.24813975198631083,0.039825894454087796,0.9999996291906834,0.003865632910980212,0.5776459462190637,-0.008767167615931264,-0.889280313777459,1.1244943156554534,0.5699269080724569,False
GUT_GENOME009343_1,GUT_GENOME009343_00098,116047,0.03484219726551586,0.03094892736541978,0.031425173914056116,0.0017769575580651581,0.24902713870198684,0.03983603351577756,0.999998895465214,0.003893269900096079,0.5817098696406051,-0.008410859601721443,-0.8489099252877906,1.0590344336894122,0.5888892068497766,False
GUT_GENOME009343_1,GUT_GENOME009343_00098,116186,0.03515762574475741,0.031168329051159162,0.031645971718922,0.001787295957949185,0.24475307387414963,0.039835145618010534,0.9999976959179131,0.0039892966935982516,0.595830276663704,-0.008189173899088534,-0.823792505580735,1.0336478108401315,0.5964118032732721,False
GUT_GENOME009343_1,GUT_GENOME009343_00098,116336,0.03556768241970985,0.03129397706021396,0.031785772354295375,0.0018054025739280154,0.23041302594170943,0.039823893705571184,0.9999957514370912,0.004273705359495894,0.6376515848309962,-0.00803812135127581,-0.8066779591928929,1.0573288734850916,0.5893916140387347,False
GUT_GENOME009343_1,GUT_GENOME009343_00098,116665,0.03595766621161461,0.031371568329857914,0.031884739169729844,0.0018003960984789762,0.21569545409157997,0.039827843946474845,0.9999948758027503,0.004586097881756693,0.6835878220458229,-0.007943104776745001,-0.7959123971684939,1.10076885441585,0.5767280578023624,False
GUT_GENOME009343_1,GUT_GENOME009343_00098,117009,0.03640932427483184,0.03139621598035154,0.032007986005038985,0.001814131920439719,0.19701076415812535,0.03984262004412926,0.9999921513256692,0.0050131082944802965,0.7463782226294094,-0.007834634039090273,-0.7836224523896947,1.1711445991046756,0.556787121592996,False
GUT_GENOME009343_1,GUT_GENOME009343_00099,118047,0.03678462596858223,0.03181483431845863,0.0324179127948111,0.0018342691898263863,0.20219468788407857,0.03983136529556255,0.9999734604625704,0.004969791650123602,0.7400086602720294,-0.007413452500751448,-0.7359017678995567,1.0891642292752968,0.5800841413689934,False
GUT_GENOME009343_1,GUT_GENOME009343_00100,118916,0.03722027363230335,0.03191594421104837,0.03255657225579824,0.0018454517518097973,0.18736308833059595,0.03984781615088403,0.9999610753544237,0.005304329421254979,0.7892012795472788,-0.007291243895085786,-0.7220552960528748,1.1442025101970668,0.5643383730887213,False
GUT_GENOME009343_1,GUT_GENOME009343_00100,119152,0.03786119548816468,0.03198818550582649,0.03269044520349858,0.0018362647552589248,0.16394512492868152,0.039886039751335395,0.9999554683634809,0.005873009982338195,0.8728237842228893,-0.007195594547836817,-0.711218039653275,1.2676524582334123,0.5305578763628053,False
GUT_GENOME009343_1,GUT_GENOME009343_00101,119713,0.03843778533877467,0.03265734970008884,0.03335821829842307,0.0018423091275359066,0.17121509014652547,0.03987691578752888,0.9997986666941385,0.005780435638685827,0.8592110479792481,-0.006518697489105808,-0.634524291158489,1.1408647010397805,0.5652809863304666,False
GUT_GENOME009343_1,GUT_GENOME009343_00101,120037,0.03878014785358653,0.03278879694734482,0.033479621922826185,0.0018469288811857603,0.16299887552010678,0.0398917305894733,0.9997414785617349,0.005991350906241706,0.8902254067499328,-0.006412108666647112,-0.6224475710183129,1.179942253489681,0.5543432901987049,False
GUT_GENOME009343_1,GUT_GENOME009343_00101,120107,0.03974280363299845,0.03305210189557709,0.03393371056015743,0.001886805253826539,0.1379795295060381,0.03999884443855102,0.9993466384836733,0.00669070173742136,0.9930625215597266,-0.006065133878393587,-0.5831346551161,1.3262191977239353,0.5152466304561497,False
GUT_GENOME009343_1,GUT_GENOME009343_00101,120161,0.039798196701917234,0.033043989318809246,0.033915618333379256,0.0018869951609219629,0.1365094513538211,0.04001344715438561,0.9993842928997939,0.006754207383107988,1.0024008065597314,-0.006097828821006353,-0.5868390554727743,1.349187454019778,0.5093633191347795,False
GUT_GENOME009343_1,GUT_GENOME009343_00101,120187,0.04037312552927978,0.033833412673774585,0.034707974210285354,0.0019327730480132991,0.14626832544747304,0.04009440337310517,0.9973391869578573,0.0065397128555051975,0.9708601300098035,-0.005386429162819818,-0.5062360955980197,1.19884437652898,0.5491288375304768,False
GUT_GENOME009343_1,GUT_GENOME009343_00101,120214,0.0404273794612516,0.03416052767142166,0.034967518667226694,0.0019509507070286577,0.15767745883204126,0.040354186742807184,0.9971191874762038,0.006266851789829941,0.9307368564152939,-0.0053866680755804905,-0.5062631648767865,1.1225734880008837,0.5704745366884649,False
GUT_GENOME009343_1,GUT_GENOME009343_00101,120498,0.040906072847483564,0.034344058332930756,0.03519639523495817,0.0019646039772417594,0.14697696973347663,0.04054974510210787,0.9967839541718215,0.006562014514552808,0.9741395116444254,-0.0053533498671497,-0.5024881472951199,1.2014421263189217,0.5484160508798575,False
GUT_GENOME009343_1,GUT_GENOME009343_00101,120508,0.04116089594764814,0.03503973632030271,0.035738631189875796,0.0020008223694775473,0.1669647509147537,0.040606779586211124,0.9925143745337637,0.0061211596273454336,0.909313329092056,-0.004868148396335328,-0.44751388039300116,1.027119403608879,0.5983617936893697,False
GUT_GENOME009343_1,GUT_GENOME009343_00104,123099,0.04135749602770299,0.034917386602802206,0.03552656428229656,0.001981850853349544,0.15243230655695028,0.040605830415108395,0.9948097564776183,0.006440109424900788,0.956213790902381,-0.005079266132811837,-0.4714339290551599,1.136594763376288,0.5664891328361241,False
GUT_GENOME009343_1,GUT_GENOME009343_00106,125653,0.041495713675840484,0.035000256483085634,0.035579437538251185,0.001982586889322474,0.1536363777812051,0.04066136932776548,0.9948156292051381,0.00649545719275485,0.9643524882535706,-0.005081931789514292,-0.47173595312525235,1.1525105310718433,0.5619989679174662,False
GUT_GENOME009343_1,GUT_GENOME009343_00107,125778,0.04227548081758525,0.03518170570773274,0.03591605901363401,0.0019850765065925723,0.13189532510099583,0.04070572609032205,0.9920855629481117,0.007093775109852506,1.052333063367125,-0.004789667076688042,-0.43862179479012997,1.2997939551205526,0.5220995619610791,False
GUT_GENOME009343_1,GUT_GENOME009343_00107,126056,0.04167509870906981,0.035506157472106815,0.0360943868805479,0.0019613153654146494,0.16475160733688138,0.04075373118083304,0.9912403045786649,0.006168941236962995,0.9163394491093148,-0.00465934430028514,-0.42385597167468586,1.0193318707182546,0.6006962166632877,False
GUT_GENOME009343_1,GUT_GENOME009343_00107,126751,0.041671306069893825,0.035841011683792424,0.036158036376615514,0.0019895848471722616,0.1769289177862436,0.040776006615763395,0.989858528439035,0.005830294386101401,0.8665426039074782,-0.004617970239147881,-0.4191682103701567,0.9265980729716725,0.6292044492853537,False
GUT_GENOME009343_1,GUT_GENOME009343_00108,127687,0.04138292986308786,0.03550705605455864,0.03603044752583831,0.0019524565422821224,0.17513011388094968,0.040778288916425584,0.9924864866771763,0.0058758738085292195,0.8732448999343054,-0.0047478413905872735,-0.4338828635020433,0.9508109945020079,0.6216329349049377,False
GUT_GENOME009343_1,GUT_GENOME009343_00108,127951,0.042030232554307434,0.03553177523584509,0.03610375739787712,0.0019527260512662006,0.15080693379734578,0.04080096254165406,0.9919239482933605,0.006498457318462346,0.9647936463362815,-0.004697205143776938,-0.4281456786118146,1.114135502124829,0.5728864490730877,False
GUT_GENOME009343_1,GUT_GENOME009343_00109,128313,0.04050611851286524,0.034696074576001566,0.03504836510516441,0.001932906900750162,0.17516649031872383,0.04109168427359921,0.9991156309079051,0.005810043936863671,0.8635648455630753,-0.006043319168434799,-0.580663006203631,1.0829137692658162,0.5818998735453491,False
GUT_GENOME009343_1,GUT_GENOME009343_00109,128725,0.04036110884780353,0.03466481971904278,0.035013563345521546,0.0019510085952919522,0.17710447626313897,0.041100579021178155,0.9990955384337821,0.005696289128760745,0.8468375954627011,-0.006087015675656608,-0.5856139051501453,1.0600775589942528,0.5885821443162058,False
GUT_GENOME009343_1,GUT_GENOME009343_00114,132344,0.040210553001547765,0.034601278065094665,0.03468369604329811,0.0019457335300969401,0.17717818282595732,0.04114412398437893,0.9995504035548747,0.0056092749364531,0.8340424601951432,-0.006460427941080822,-0.6279222384482717,1.089913162946255,0.5798669597624557,False
GUT_GENOME009343_1,GUT_GENOME009343_00115,134796,0.04084270106046163,0.034351096433568463,0.03483034758566076,0.0019389088950929766,0.14445430090773254,0.041431557943534716,0.9996686955368006,0.006491604626893167,0.9637859818019204,-0.006601210357873956,-0.6438731590893841,1.343456063713635,0.5108250926278177,False
GUT_GENOME009343_1,GUT_GENOME009343_00115,134913,0.04127178217332281,0.03429611385652259,0.03484102479260452,0.001957485246663306,0.12965513965191783,0.04150882091662469,0.9996707598183793,0.006975668316800215,1.034965868969933,-0.006667796124020166,-0.6514174554285109,1.4954990511696447,0.47343079866248483,False
GUT_GENOME009343_1,GUT_GENOME009343_00115,134916,0.04176719850878887,0.03482986363142786,0.035443723681274304,0.0019455366662714958,0.13175639172194586,0.04157909681596457,0.9991935489256601,0.0069373348773610136,1.0293290696170045,-0.006135373134690265,-0.591092898969275,1.4089091487705097,0.49437814723832796,False
GUT_GENOME009343_1,GUT_GENOME009343_00115,134941,0.04229068116281741,0.03486396335059892,0.035590553472003704,0.0019553078700672195,0.11785513402483155,0.04176066601283283,0.9991990782493696,0.007426717812218486,1.1012911333111326,-0.006170112540829123,-0.5950289410053662,1.5669016009436865,0.4568268698432044,False
GUT_GENOME009343_1,GUT_GENOME009343_00115,134971,0.04250224470655241,0.03513912758945899,0.03586831427835983,0.0019751371239864245,0.1209486188815726,0.04188355205429333,0.9988384483187314,0.007363117117093421,1.091938871620778,-0.006015237775933505,-0.5774813300150607,1.5258151858724216,0.46630861834426185,False
GUT_GENOME009343_1,GUT_GENOME009343_00115,135261,0.04308929077007245,0.035547582717208204,0.03629761784385589,0.0019821367951703577,0.11935930283250012,0.04195469310890861,0.9978415683145065,0.007541708052864249,1.1182000494832167,-0.00565707526505272,-0.5369008234587932,1.5386338448949985,0.46332945018908356,False
GUT_GENOME009343_1,GUT_GENOME009343_00115,135285,0.043296324918326946,0.035327453969202956,0.03610546844381073,0.001959051365549747,0.10756453589546972,0.04196499543248086,0.9986096826530986,0.00796887094912399,1.181012872242074,-0.005859526988670129,-0.5598389960703831,1.708211105922568,0.4256637545447123,False
GUT_GENOME009343_1,GUT_GENOME009343_00115,135319,0.04342129322702242,0.03529305792134458,0.036099472293253304,0.0019618881649087322,0.10237006852749342,0.04196168069877619,0.998596154924667,0.008128235305677842,1.204446848296515,-0.005862208405522887,-0.5601428057960461,1.7644521732564753,0.41386059594650304,False
GUT_GENOME009343_1,GUT_GENOME009343_00115,135321,0.0433614240514491,0.03530983330276715,0.03609476335239317,0.001960418408438393,0.1052653628350132,0.0419733006520471,0.9986439448566696,0.008051590748681947,1.1931765319460825,-0.00587853729965393,-0.561992901144417,1.7395062573235993,0.41905498914489037,False
GUT_GENOME009343_1,GUT_GENOME009343_00115,135426,0.04301094900088232,0.035157842968578955,0.03593930138448961,0.0019475483917106141,0.10751173899760408,0.041999108864541834,0.9990693198823165,0.007853106032303367,1.1639900426245735,-0.0060598074800522275,-0.5825311638621402,1.694215376199736,0.4286529387305278,False
GUT_GENOME009343_1,GUT_GENOME009343_00115,135790,0.04315635078171747,0.035314764802399486,0.03609496163301443,0.0019584565714790936,0.10791455615515716,0.041979597156650596,0.9986709216578619,0.007841585979317986,1.162296058777476,-0.005884635523636168,-0.5626838417391885,1.6675452340040262,0.43440733853774327,False
GUT_GENOME009343_1,GUT_GENOME009343_00115,135831,0.04299203401768962,0.03529565042239064,0.03600675109480541,0.0019527103565015194,0.11169950337831086,0.04201174603275328,0.9989482290184751,0.007696383595298978,1.1409445516793417,-0.006004994937947872,-0.5763207966219689,1.6339001306257548,0.44177699284053773,False
GUT_GENOME009343_1,GUT_GENOME009343_00115,136357,0.04321632161561014,0.035721545166630085,0.0362807535450532,0.002002216607217685,0.1198223871429765,0.04200425672786062,0.9978723139272505,0.007494776448980056,1.1112989198617569,-0.00572350318280742,-0.5444272352692717,1.5313863037888504,0.4650114956397595,False
GUT_GENOME009343_1,GUT_GENOME009343_00116,137011,0.04305543394702591,0.03581050147237877,0.03631631402968095,0.0020075198983176756,0.1282473997399246,0.04201677725479528,0.997741174890163,0.007244932474647144,1.0745602297401338,-0.005700463225114333,-0.541816763414132,1.4482450924557346,0.4847497278767001,False
GUT_GENOME009343_1,GUT_GENOME009343_00116,137067,0.043155177071830406,0.03546747191277939,0.03618243925325511,0.0019704255785471347,0.11485298460804405,0.04206927316421142,0.9985940912547119,0.007687705159051018,1.1396684177205165,-0.005886833910956311,-0.5629329232827562,1.6157375784652555,0.44580716352758754,False
GUT_GENOME009343_1,GUT_GENOME009343_00116,137074,0.0432329071741816,0.035362991093885465,0.03610986327406664,0.0019471641579416428,0.11016164799001898,0.04212380666850488,0.9989943721133973,0.007869916080296135,1.1664619018950837,-0.00601394339443824,-0.5773346740833002,1.6939486944715663,0.4287100994946187,False
GUT_GENOME009343_1,GUT_GENOME009343_00116,137145,0.04353164814523235,0.035443283510823036,0.03625233720986721,0.0019460736787337823,0.10525011175284743,0.0423975582492169,0.9992050504229824,0.008088364634409317,1.1985840043332516,-0.0061452210393496895,-0.5922086856511767,1.7873147428042264,0.4091565753415387,False
GUT_GENOME009343_1,GUT_GENOME009343_00120,142682,0.0436271133196369,0.035361027922628255,0.03622532360211939,0.001955047246289027,0.10213637286398625,0.04250578676036745,0.9993419264863067,0.008266085397008648,1.2247172262480426,-0.0062804631582480605,-0.6075318798044185,1.8690272692473895,0.39277685214461294,False
GUT_GENOME009343_1,GUT_GENOME009343_00120,142689,0.0438494261011513,0.03547258977669096,0.036250871662566776,0.0019442827016907284,0.099154592313139,0.04252612784336389,0.999375708808819,0.00837683632446034,1.2410027661142489,-0.006275256180797113,-0.6069419191687649,1.9084663587474806,0.3851073396090209,False
GUT_GENOME009343_1,GUT_GENOME009343_00120,142769,0.0437196398969724,0.035194735438136324,0.03610071348561841,0.0019383909880710541,0.09533015402938239,0.042632370748363145,0.9996236518865588,0.008524904458836073,1.262775671865694,-0.006531657262744732,-0.6359926586261749,1.999089059282245,0.36804703751722295,False
GUT_GENOME009343_1,GUT_GENOME009343_00120,142814,0.04406186606701362,0.035124502024617636,0.03606948279772089,0.0019268897789483047,0.08741972600738579,0.04279420555872208,0.9997584322351866,0.008937364042395986,1.3234264234740156,-0.006724722761001188,-0.657867353715056,2.1842469534332754,0.3355033033001994,False
GUT_GENOME009343_1,GUT_GENOME009343_00120,143470,0.04410066063754166,0.03493102522345726,0.035871164287597096,0.0019531668693675342,0.0814776660819801,0.04293456164111534,0.9998506252494584,0.009169635414084401,1.3575811233076587,-0.0070633973535182415,-0.6962398413556012,2.327776423052157,0.31226964690419845,False
GUT_GENOME009343_1,GUT_GENOME009343_00120,143753,0.04417194243694469,0.03501025094684264,0.03595681609470116,0.0019464939099263488,0.08208083982655967,0.0429828744613297,0.9998466633951937,0.009161691490102049,1.356412996830658,-0.007026058366628542,-0.6920092617827821,2.3187330363642777,0.31368483159250843,False
GUT_GENOME009343_1,GUT_GENOME009343_00120,143764,0.044569981977759215,0.034942943584952,0.03605643327129157,0.001972019463955005,0.07267125239469616,0.043111209401584416,0.999826510341239,0.009627038392807215,1.4248406453388498,-0.007054776130292845,-0.6952630400573276,2.5135615594793874,0.28456864267437976,False
GUT_GENOME009343_1,GUT_GENOME009343_00120,143772,0.045441148160969266,0.03435774260395071,0.03578994439928089,0.001883825673440079,0.0484753967476497,0.04357846365879587,0.9999822070915216,0.011083405557018554,1.6389943870575634,-0.00778851925951498,-0.7783975584992259,3.292205359883754,0.19279984901140262,False
GUT_GENOME009343_1,GUT_GENOME009343_00120,144118,0.04548746094272652,0.03426418370247079,0.03552655117915559,0.0018770645092578404,0.04854465741374133,0.04368491129420766,0.9999930785954217,0.011223277240255736,1.6595620330892962,-0.008158360115052068,-0.820301244136202,3.427040272802879,0.18023023962963886,False
GUT_GENOME009343_1,GUT_GENOME009343_00120,144283,0.045503804423213695,0.034980365478780494,0.036078720698005606,0.0018765235353370038,0.061186569140563966,0.04460781266511789,0.9999972552692336,0.010523438944433201,1.556653238293992,-0.008529091967112282,-0.8623058814058864,3.166740737398354,0.2052820547431247,False
GUT_GENOME009343_1,GUT_GENOME009343_00120,144298,0.047070793881065394,0.03566649140236298,0.036866020500189736,0.0019035606083842192,0.051859989193978814,0.04571507158770882,0.9999983296995089,0.011404302478702416,1.686181166719566,-0.008849051087519086,-0.8985578697881315,3.650613172357942,0.16116822460433913,False
GUT_GENOME009343_1,GUT_GENOME009343_00120,144453,0.047348446714526024,0.035655465916150646,0.03686042634431299,0.0018880624298224652,0.04817647022938075,0.04612943499562237,0.9999995429202774,0.011692980798375378,1.7286303126700064,-0.009269008651309384,-0.9461398755900141,3.8833434220630916,0.14346391898654312,False
GUT_GENOME009343_1,GUT_GENOME009343_00120,144776,0.04675435386877303,0.03568062805073238,0.03689139403506295,0.0019300063389546555,0.05685495704151093,0.046411698367218465,0.9999995946710086,0.011073725818040649,1.637571015004197,-0.009520304332155519,-0.9746121632090068,3.631507697856816,0.1627151994652598,False
GUT_GENOME009343_1,GUT_GENOME009343_00120,145293,0.04686569865268169,0.03572870746479684,0.03693905565928613,0.001937627109537672,0.05570074329087399,0.04654903575981994,0.9999996469245824,0.011136991187884852,1.6468739682747011,-0.009609980100533808,-0.984772601546521,3.6819709441375643,0.1586609930623146,False
GUT_GENOME009343_1,GUT_GENOME009343_00120,145362,0.04655216141767465,0.03554112702389742,0.036747187015128635,0.0019258588321043864,0.056611851673825445,0.04669707840906364,0.9999998807216032,0.011011034393777236,1.628352458441261,-0.009949891393935005,-1.023285209793809,3.698644349494458,0.1573437817648697,False
GUT_GENOME009343_1,GUT_GENOME009343_00120,145675,0.046617153334748924,0.03549401524674604,0.03669165091053912,0.0019094964142597367,0.055329919204132584,0.04674348327741052,0.9999999295716183,0.011123138088002887,1.6448369179710214,-0.010051832366871398,-1.0348353195761657,3.776372625362713,0.15134605448301094,False
GUT_GENOME009343_1,GUT_GENOME009343_00120,145752,0.04669048101363611,0.03580668603998624,0.036968538401987695,0.0019100579495274575,0.06031999746116708,0.04681442497172302,0.9999998730206838,0.010883794973649871,1.6096423428989688,-0.009845886569735326,-1.0115012616638404,3.614083274400822,0.16413900196292178,False
GUT_GENOME009343_1,GUT_GENOME009343_00120,145770,0.04643985435688649,0.03595570680919242,0.037108481057100455,0.0019246930379015045,0.06541095223237367,0.04691605346625627,0.9999998262315702,0.01048414754769407,1.5508755746417109,-0.009807572409155814,-1.0071601930222027,3.419586702428777,0.18090317217561222,False
GUT_GENOME009343_1,GUT_GENOME009343_00120,145771,0.04640943891876058,0.0360491885077736,0.037172819014341545,0.0019233805964760946,0.06844338237307147,0.04695945945411548,0.9999998193081774,0.010360250410986982,1.5326569302874034,-0.009786640439773939,-1.0047885603277371,3.3586373169234927,0.1865010036406116,False
GUT_GENOME009343_1,GUT_GENOME009343_00120,145779,0.04635802823132688,0.035921689272327854,0.03703605261112567,0.0018838374737128725,0.06658378217143936,0.04706442643099313,0.9999999490703475,0.010436338958999022,1.5438454874446546,-0.010028373819867459,-1.0321774207409335,3.4488491169906292,0.17827560944704612,False
GUT_GENOME009343_1,GUT_GENOME009343_00120,146009,0.046509009291775934,0.03593582312284146,0.03705375519708049,0.001887033550258776,0.06472819957802844,0.04710523780747863,0.9999999499673163,0.010573186168934476,1.5639683951643668,-0.010051482610398135,-1.0347956914899614,3.5167992641991925,0.1723204193368296,False
GUT_GENOME009343_1,GUT_GENOME009343_00120,146031,0.046525265724770906,0.03589133189157941,0.03702507160864641,0.001888647267784037,0.06293278380653947,0.047064156084377674,0.9999999468144701,0.010633933833191493,1.5729011285581174,-0.010039084475731264,-1.033390958806194,3.5419148339617843,0.17016998717222848,False
GUT_GENOME009343_1,GUT_GENOME009343_00120,146226,0.04667067383704949,0.03585008598530623,0.03697945264208438,0.0018833774571386077,0.06051854213335337,0.04706927673906123,0.9999999577633533,0.010820587851743259,1.6003479547857198,-0.010089824096976847,-1.039139856220263,3.640925217172305,0.16195081376494624,False
GUT_GENOME009343_1,GUT_GENOME009343_00120,146560,0.04629182553109209,0.035807267269093425,0.036941271405174655,0.001889570036700085,0.06600142820655021,0.04697340130729263,0.9999999449502134,0.010484558261998664,1.5509359687560988,-0.010032129902117971,-1.0326029921387272,3.471671318555271,0.1762528513977017,False
GUT_GENOME009343_1,GUT_GENOME009343_00120,146561,0.04609433051713843,0.03593611903844616,0.037072358150042534,0.0019156433534109332,0.07188219579789837,0.04687941706626973,0.9999998467938689,0.010158211478692274,1.5029478058392454,-0.009807058916227199,-1.0071020132783064,3.27310657222622,0.19464978954697898,False
GUT_GENOME009343_1,GUT_GENOME009343_00120,146572,0.045535274482202695,0.03563508920784628,0.036700480592668214,0.001862673605109028,0.07472169891652211,0.046397310892030384,0.9999999034533332,0.009900185274356418,1.465005947166591,-0.00969683029936217,-0.9946128973784336,3.135497240865003,0.2085140986859497,False
GUT_GENOME009343_1,GUT_GENOME009343_00122,147417,0.0462684446488792,0.03547914708168612,0.03657598988625961,0.0018516413721595523,0.059154187086012965,0.046030950891136416,0.9999998357006592,0.01078929756719308,1.595746826937927,-0.009454961004876805,-0.9672086376012561,3.48190048433294,0.17535369295012632,False
GUT_GENOME009343_1,GUT_GENOME009343_00122,147438,0.04614708329577493,0.03533079632539695,0.03646528981022319,0.0018549985418023383,0.059377376875162854,0.0451270284435782,0.9999984896299676,0.01081628697037798,1.5997155250937463,-0.00866173863335501,-0.8773350057435861,3.328806473529059,0.1893035937057525,False
GUT_GENOME009343_1,GUT_GENOME009343_00122,147486,0.04606845310615614,0.03572067691752208,0.03680934165056659,0.0018520147858133225,0.06711470987369185,0.04460465730284859,0.9999871805114551,0.010347776188634063,1.5308226391432773,-0.007795315652282003,-0.779167602970276,2.9505201060320343,0.228719240182458,False
GUT_GENOME009343_1,GUT_GENOME009343_00125,150992,0.04695346853073807,0.036091893747133695,0.03721868378147894,0.001855380186220832,0.05955576962305518,0.044261120691185596,0.9999263815311972,0.010861574783604375,1.6063749409986239,-0.007042436909706656,-0.6938649824530696,3.061889064942931,0.21633123890683018,False
GUT_GENOME009343_1,GUT_GENOME009343_00126,151793,0.04685388968483588,0.036232289086261554,0.03733620426684594,0.0018477205754830206,0.06409926398295587,0.043872796179259176,0.9997981489286829,0.010621600598574324,1.5710875691716752,-0.0065365919124132366,-0.6365517639963411,2.873514298252617,0.2376973271949243,False
GUT_GENOME009343_1,GUT_GENOME009343_00126,152079,0.04728612023760213,0.03674546605723796,0.03781119299426305,0.0018553232115082008,0.06524506191825648,0.04363005351796802,0.9991445458073968,0.010540654180364172,1.559184679045874,-0.00581886052370497,-0.5552314067833846,2.739338778450042,0.25419098394054424,False
GUT_GENOME009343_1,GUT_GENOME009343_00127,153057,0.04745427858297039,0.03742759966457959,0.038474044775684814,0.0018677834591763849,0.07815520784883778,0.043118946394823394,0.9935560556004123,0.010026678918390798,1.483606398920299,-0.004644901619138581,-0.42221958791269826,2.379357327334426,0.30431903712023106,False
GUT_GENOME009343_1,GUT_GENOME009343_00129,155607,0.04662461819233147,0.03754339611887884,0.03853010393437621,0.001868188430882819,0.09749076658845074,0.04284507232881487,0.989547816882204,0.009081222073452633,1.3445802481304174,-0.004314968394438658,-0.384837514185495,1.955995955986926,0.3760632325735111,False
GUT_GENOME009343_1,GUT_GENOME009343_00130,156249,0.046136452062744526,0.03773399672795684,0.03866947900012054,0.0018972489782379414,0.1119924987508149,0.04273117082385388,0.9838562164095797,0.008402455334787687,1.2447699527520382,-0.004061691823733338,-0.35614078790674353,1.6762884960851474,0.4325124149036812,False
GUT_GENOME009343_1,GUT_GENOME009343_00134,160848,0.04567548406705206,0.03827229508142141,0.039134905011471995,0.0019427287894703531,0.14005447939073573,0.04256615803864284,0.9613190842422007,0.0074031889856306515,1.0978313009447773,-0.003431253027170844,-0.28471085054586415,1.2862938337526515,0.5256356867895142,False
GUT_GENOME009343_1,GUT_GENOME009343_00135,162169,0.04551090052479669,0.03789830806080414,0.03878680713716672,0.001958044884287644,0.13397380318001745,0.04248683172152917,0.9705977805580123,0.007612592463992554,1.1286233563564356,-0.0037000245843624505,-0.31516318882082844,1.3731185161009791,0.503304835301486,False
GUT_GENOME009343_1,GUT_GENOME009343_00135,162290,0.04503396911271097,0.03793638524839416,0.03875273121529433,0.0019725195667037758,0.1503640519341966,0.04244284760214531,0.969311022634247,0.00709758386431681,1.0528931275047015,-0.003690116386850982,-0.3140405708419502,1.2072054180813698,0.546837984831413,False
GUT_GENOME009343_1,GUT_GENOME009343_00135,162318,0.04459489426120408,0.03765483290457798,0.038473331587105704,0.0019717731239267183,0.15202450351260904,0.04243125651569274,0.9776407235504578,0.006940061356626101,1.0297299889391955,-0.003957924928587035,-0.34438379759959864,1.1789440501698372,0.5546200329106381,False
GUT_GENOME009343_1,GUT_GENOME009343_00135,162389,0.044200569316194684,0.03784666595016388,0.03859952429873175,0.0019678377103122483,0.17255455385802243,0.04243169681485144,0.9742567640840331,0.006353903366030804,0.9435374888547253,-0.0038321725161196904,-0.33013580557483835,0.9992526429968284,0.6067573495326389,False
GUT_GENOME009343_1,GUT_GENOME009343_00135,162392,0.04375098154343998,0.037446644440181906,0.03820071999446753,0.001978838196876857,0.1734812448559253,0.04239397056273181,0.9829567401325867,0.006304337103258076,0.9362489417790701,-0.0041932505682642784,-0.3710466486062437,1.014237696424354,0.6022281924856917,False
GUT_GENOME009343_1,GUT_GENOME009343_00135,162545,0.043582377433628326,0.038823336707921076,0.039443537731785425,0.0019931062300899316,0.23886403905282144,0.04238958766921348,0.9303121527851348,0.00475904072570725,0.7090184675901721,-0.002946049937428058,-0.22973640021601865,0.5554860009681305,0.7574914714422809,False
GUT_GENOME009343_1,GUT_GENOME009343_00137,163619,0.04390686715763453,0.0400267954783148,0.040593036549025824,0.0021154794051852707,0.2822193033455258,0.042134970895190554,0.7669630025860334,0.0038800716793197312,0.5797691170386916,-0.0015419343461647306,-0.07064738272813066,0.3411232817581591,0.8431911129852504,False
GUT_GENOME009343_1,GUT_GENOME009343_00137,164032,0.04319225996516683,0.03916389536347563,0.03974563654894939,0.002053636271104295,0.2737993434062519,0.041480258017998435,0.8008492503529002,0.004028364601691203,0.6015750770854845,-0.0017346214690490483,-0.09247920715410496,0.3704449771262585,0.8309193932229888,False
GUT_GENOME009343_1,GUT_GENOME009343_00137,164167,0.04315494492534484,0.03914109911491465,0.03973211231574554,0.0020539662364285325,0.2730775589640515,0.04127742440253171,0.7740812463799207,0.00401384581043019,0.5994401391727208,-0.0015453120867861686,-0.07103008728617208,0.3643737537512921,0.8334455741567133,False
GUT_GENOME009343_1,GUT_GENOME009343_00138,165471,0.043363899366069894,0.03965383205708457,0.04017699578778439,0.002033644053590718,0.28864456537971256,0.04126192503189332,0.7031528655657246,0.003710067308985321,0.5547705638507918,-0.0010849292441089259,-0.018867819047340376,0.30812637311092866,0.8572178546566644,False
GUT_GENOME009343_1,GUT_GENOME009343_00140,166728,0.04340986186991652,0.03921800605906773,0.039801412984965305,0.002010422414203059,0.2660143178217088,0.041059993440521754,0.7343516683711897,0.004191855810848792,0.6256158925059383,-0.001258580455556449,-0.03854283781834622,0.3928807953030931,0.8216503021234649,False
GUT_GENOME009343_1,GUT_GENOME009343_00142,167761,0.04302559374665137,0.03938558826441968,0.039921189749129664,0.00202571678262595,0.29155684086252953,0.04098713086844683,0.700626907416451,0.003640005482231687,0.5444682151576558,-0.001065941119317168,-0.01671642771185905,0.2967250762724091,0.8621185074425235,False
GUT_GENOME009343_1,GUT_GENOME009343_00142,168193,0.04213070571365128,0.0391722250888419,0.03965185891775433,0.002027691147642498,0.32516238683095633,0.04060656686107366,0.6811207126046638,0.0029584806248093842,0.4442523479794533,-0.0009547079433193315,-0.004113493315530951,0.19737706951251416,0.906024859334754,False
GUT_GENOME009343_1,GUT_GENOME009343_00142,168285,0.04200145173046022,0.03896660543373625,0.039447150583787165,0.002016522659959399,0.3214178996598446,0.04056983653415493,0.7111486655322514,0.0030348462967239725,0.45548165524568024,-0.001122685950367762,-0.023145727034169734,0.207999262945285,0.9012256295474433,False
GUT_GENOME009343_1,GUT_GENOME009343_00142,168293,0.04175188894153883,0.03915507928230287,0.03962281212765436,0.0020365569452961015,0.3458525897998482,0.04054452187675866,0.6745752484419067,0.002596809659235956,0.3910698865425994,-0.0009217097491042991,-0.00037473396465676645,0.15293579658598583,0.9263826522759793,False
GUT_GENOME009343_1,GUT_GENOME009343_00142,168553,0.041665262819816945,0.03887344353662339,0.039346172558906614,0.0020229171683570075,0.33478503927978154,0.04048473823288264,0.7132258876766775,0.002791819283193553,0.41974537557306923,-0.0011385656739760289,-0.024944930491874684,0.17680842987222142,0.9153907873019232,False
GUT_GENOME009343_1,GUT_GENOME009343_00143,169685,0.04160393371595194,0.03880424752257621,0.03929462852962623,0.0020950735456717324,0.3348583420843068,0.040510085192400055,0.7190932248974112,0.0027996861933757278,0.42090217743779,-0.0012154566627738256,-0.03365682852763947,0.17829142507841178,0.9147122788145401,False
GUT_GENOME009343_1,GUT_GENOME009343_00143,169867,0.04179257159263427,0.03896930748653711,0.039452462263729,0.0020972076785544607,0.3334184440055666,0.040487605596583306,0.689199186534656,0.0028232641060971578,0.4243692277498903,-0.0010351433328543089,-0.013226978823416944,0.18026419442983338,0.913810465480578,False
GUT_GENOME009343_1,GUT_GENOME009343_00144,170159,0.04197450154103424,0.039358276631762196,0.039838488091953894,0.002115604236994441,0.3465281872395968,0.040439785383323726,0.6118791514927283,0.002616224909272047,0.3939248317403544,-0.0006012972913698317,0.03592861841532276,0.15646763868290042,0.9247481772530786,False
GUT_GENOME009343_1,GUT_GENOME009343_00144,170330,0.041820917675433604,0.03954558581526993,0.039998492705202275,0.0021073271877737076,0.36501936605830543,0.04040562110397115,0.5765974902037951,0.002275331860163675,0.3437976908747524,-0.00040712839876887175,0.05792833022167421,0.12155254369308316,0.9410337519700498,False
GUT_GENOME009343_1,GUT_GENOME009343_00144,170493,0.04156680246731151,0.03950356733074093,0.03994071574264989,0.0021258829844519648,0.37720983195596064,0.04037015914179997,0.5800444026263203,0.002063235136570578,0.312609603090352,-0.0004294433991500826,0.05539999743484533,0.1007939236600883,0.9508518976644018,False
GUT_GENOME009343_1,GUT_GENOME009343_00144,170504,0.041568625575740786,0.0394270179566215,0.039864195175991414,0.0021203554270480137,0.37259758681753247,0.04019700578342421,0.5623617429771155,0.0021416076191192873,0.3241340049019512,-0.0003328106074327944,0.06634867999849618,0.10946500047132098,0.9467383663739363,False
GUT_GENOME009343_1,GUT_GENOME009343_00144,170570,0.041548340006039554,0.039595066496583314,0.040034822407619235,0.0021359586649952076,0.3833683443170102,0.04013530011526708,0.5187597389922779,0.0019532735094562395,0.2964401271019492,-0.0001004777076478447,0.09267244777579439,0.09646493153297715,0.9529122418529635,False
GUT_GENOME009343_1,GUT_GENOME009343_00144,170697,0.04145030180908654,0.0396041957515466,0.040024217843439534,0.0021327089478139806,0.3895385888371957,0.03998230663355097,0.4921606379794332,0.0018461060575399452,0.2806815248879513,4.1911209888563505e-05,0.1088053880643143,0.09062073088525165,0.9557008192907837,False
GUT_GENOME009343_1,GUT_GENOME009343_00144,170704,0.04196786984903178,0.03967684733567099,0.04011648613810918,0.002130537252976691,0.3657868573822559,0.03987381505028676,0.4546579942555081,0.002291022513360788,0.34610494702192884,0.00024267108782241587,0.13155187128137527,0.1370945291906837,0.9337493257765019,False
GUT_GENOME009343_1,GUT_GENOME009343_00147,173276,0.04246459871100717,0.039740920891219736,0.040224639940932755,0.0021468593780362053,0.34386420125234285,0.03980231153649044,0.422023652134878,0.002723677819787433,0.4097254096515554,0.00042232840444231257,0.15190739340748036,0.1909507674859899,0.9089407360970447,False
GUT_GENOME009343_1,GUT_GENOME009343_00147,173338,0.042703977347926324,0.04002459503673495,0.04050601075019346,0.00216251078496206,0.34776706636965554,0.03976228649970234,0.3654543483332522,0.0026793823111913723,0.4032119087018709,0.0007437242504911151,0.18832216558915577,0.19804508137119528,0.9057222921920289,False
GUT_GENOME009343_1,GUT_GENOME009343_00147,173342,0.0428155883267549,0.03997622219260919,0.0404718398481431,0.002152890116410392,0.33981866473731925,0.039754328351926056,0.36946211987417055,0.0028393661341457113,0.426736975142578,0.0007175114962170437,0.18535220973291358,0.21645988760671125,0.8974212162557452,False
GUT_GENOME009343_1,GUT_GENOME009343_00147,173390,0.042916233533451635,0.04004551243161677,0.040545121937970593,0.0021560671012719095,0.3382721636198437,0.03973533887176848,0.3536133075508201,0.0028707211018348666,0.4313476144216764,0.0008097830662021147,0.1958067574228102,0.22440105071970645,0.8938649969276433,False
GUT_GENOME009343_1,GUT_GENOME009343_00147,173405,0.042920319393576906,0.04010357066556486,0.04060752445430156,0.0021704173931094274,0.34077807592741505,0.039726411486659695,0.3423842482271693,0.0028167487280120473,0.42341116399376727,0.0008811129676418658,0.20388857348422712,0.22084756419198998,0.8954545772596391,False
GUT_GENOME009343_1,GUT_GENOME009343_00147,173421,0.04276469517791316,0.04015071428143273,0.04063112675512649,0.002157129899466903,0.35139780259409403,0.03970517469276201,0.3338699661622605,0.0026139808964804334,0.393594857440193,0.0009259520623644824,0.20896892980877252,0.19858492542878955,0.905477850784938,False
GUT_GENOME009343_1,GUT_GENOME009343_00147,173462,0.04269856626485372,0.04008591018366353,0.0405588846176067,0.0021533919469113455,0.35127672098527046,0.039730698620892735,0.3502683674564409,0.0026126560811901914,0.3934000479454011,0.0008281859967139635,0.19789184511234562,0.19392478008541247,0.9075901399177861,False
GUT_GENOME009343_1,GUT_GENOME009343_00147,173486,0.042790373900322476,0.040009665407594534,0.040489930571263925,0.0021553410906301517,0.34309229894517945,0.03972056932131721,0.3605624916272152,0.0027807084927279416,0.41811157236043517,0.0007693612499467123,0.19122688730872506,0.21138500937149923,0.8997012594669025,False
GUT_GENOME009343_1,GUT_GENOME009343_00147,173501,0.04300482691994655,0.04062042313847588,0.0410791227318813,0.0022199067395843653,0.3647892831082761,0.03970522227000555,0.2679910924369985,0.002384403781470673,0.3598363387091341,0.0013739004618757503,0.25972235154052703,0.19693789054533578,0.9062238347113848,False
GUT_GENOME009343_1,GUT_GENOME009343_00147,173548,0.042836955107836645,0.040679300982552444,0.04113038904631274,0.0022417319013028117,0.37710691861362183,0.03971638491148191,0.26409737107377984,0.0021576541252842016,0.3264935879941653,0.0014140041348308305,0.26426617540216435,0.17643467446299124,0.9155618694162986,False
GUT_GENOME009343_1,GUT_GENOME009343_00147,173569,0.04291655198344383,0.04074762736852704,0.04119824625735047,0.0022491829339081186,0.37721022636495527,0.03971778961766323,0.2551984662645778,0.0021689246149167937,0.3281508744155662,0.0014804566396872387,0.2717953729789132,0.18155572115244722,0.9132205506559818,False
GUT_GENOME009343_1,GUT_GENOME009343_00147,173622,0.043101292385502935,0.040814746644806145,0.04125384124213383,0.002254969616752148,0.37178134207134894,0.03976363823422515,0.2543533558078034,0.0022865457406967896,0.34544665312436046,0.001490203007908683,0.2728996553856271,0.19380761206441627,0.9076433117455653,False
GUT_GENOME009343_1,GUT_GENOME009343_00147,173648,0.043138370244323675,0.04096420257816888,0.041416499246889775,0.0022818533192673924,0.37794681388815965,0.03977725014941471,0.23625997993163006,0.0021741676661547957,0.32892184692046267,0.001639249097475065,0.28978686616589727,0.19216600918381993,0.9083886125132515,False
GUT_GENOME009343_1,GUT_GENOME009343_00147,173732,0.04312401237467511,0.04186964041967041,0.042257467081163354,0.0023606371005947175,0.4283866919763444,0.03988182642599075,0.15712224232458127,0.0012543719550046975,0.19366907687721108,0.002375640655172602,0.37322145668637663,0.17680196706957202,0.9153937453017051,False
GUT_GENOME009343_1,GUT_GENOME009343_00147,173787,0.04303943968455815,0.04206189138765571,0.04235584242998287,0.0023443649878396133,0.4442460460988043,0.039862819174782224,0.14379782847392297,0.0009775482969024418,0.15296311780612531,0.0024930232552006493,0.3865211327421307,0.17279630146523037,0.9172289631254522,False
GUT_GENOME009343_1,GUT_GENOME009343_00147,173795,0.042878363781629125,0.04243966379345644,0.042635570171345956,0.002353438203344435,0.47483154715765374,0.039875399858935574,0.1204330675805323,0.0004386999881726833,0.0737273423993318,0.0027601703124103816,0.41678941202107395,0.17914913499014085,0.914320084023931,False
GUT_GENOME009343_1,GUT_GENOME009343_00147,173796,0.04319467700151825,0.04292333913207169,0.04308598752760027,0.0023859251448770263,0.4846149178952078,0.039863686956018655,0.08842052756889968,0.00027133786944655985,0.04911732314873994,0.0032223005715816128,0.46914966593494584,0.22251392048016902,0.8947088147964755,False
GUT_GENOME009343_1,GUT_GENOME009343_00147,173800,0.04367038147583515,0.04323004477569247,0.043426743322691745,0.002407003512280643,0.4751457759750641,0.03984764845182329,0.06851395378626177,0.00044033670014267945,0.07396801521941718,0.0035790948708684517,0.509575151466199,0.2651381022672996,0.8758424541037664,False
GUT_GENOME009343_1,GUT_GENOME009343_00147,173804,0.043696435398527265,0.04331072744749141,0.0434707410827269,0.0024186609545355183,0.47826595102381025,0.03984957922516483,0.06717369529117202,0.00038570795103585326,0.06593504708189744,0.0036211618575620746,0.514341422579066,0.2688945294143494,0.8741989788001495,False
GUT_GENOME009343_1,GUT_GENOME009343_00147,173839,0.043926722804877937,0.042673490304413884,0.04304372498261854,0.00239125171990854,0.42988015281457354,0.03984555445283299,0.09053851597903823,0.001253232500464052,0.1935015240379312,0.003198170529785549,0.4664156854384943,0.25498643142806254,0.880299388016749,False
GUT_GENOME009343_1,GUT_GENOME009343_00147,173840,0.04367967030334483,0.042538061213415766,0.04288610039832035,0.0023749006407502585,0.435144014172673,0.03982132387775445,0.09844094884020038,0.001141609089929066,0.17708768855955695,0.003064776520565901,0.4513018856932537,0.23503344146965324,0.8891256447880211,False
GUT_GENOME009343_1,GUT_GENOME009343_00147,173850,0.04354869055036421,0.04258292391467925,0.04292159590293131,0.0024046025386578796,0.44490241575712947,0.03981490440086032,0.0981825312915372,0.0009657666356849559,0.151230665375592,0.0031066915020709907,0.4560509343236931,0.23085316884745768,0.8909859820853222,False
GUT_GENOME009343_1,GUT_GENOME009343_00147,173876,0.043596784148134234,0.04327366971804591,0.04348682549257477,0.002398270792067366,0.4816129011071149,0.03975730801991639,0.05996278744327073,0.0003231144300883254,0.05673088686209412,0.0037295174726583794,0.5266183237489028,0.2805452524322639,0.8691212578572389,False
GUT_GENOME009343_1,GUT_GENOME009343_00147,173877,0.044101637352717285,0.04349529705902515,0.043729284899211615,0.0024182527805445813,0.4660786964596777,0.039770336775656126,0.05080364379544172,0.0006063402936921369,0.09837826805330352,0.003958948123555489,0.5526132611030189,0.315059699972081,0.8542513138381044,False
GUT_GENOME009343_1,GUT_GENOME009343_00147,173878,0.0441027021063976,0.0435191853362698,0.04375817192132849,0.0024141255445337888,0.4673845599356824,0.03978593224114129,0.049942073783664456,0.000583516770127801,0.09502214805099997,0.003972239680187201,0.5541192202267411,0.31607731884491774,0.853816773267097,False
GUT_GENOME009343_1,GUT_GENOME009343_00147,173885,0.04381116594125254,0.04324712109760303,0.043497671168895746,0.002397102123835036,0.4685903622219949,0.039538625694558155,0.049308417151969416,0.000564044843649511,0.09215886877893834,0.003959045474337591,0.5526242911352846,0.3138868642473893,0.854752408978682,False
GUT_GENOME009343_1,GUT_GENOME009343_00147,173888,0.04339112238316673,0.043006977086207716,0.043257392411035114,0.002377505276565339,0.4783983147319274,0.039285485503017505,0.047398419540020845,0.00038414529695901534,0.06570526421821411,0.00397190690801761,0.5540815164950562,0.31132350866744657,0.8558486285072427,False
GUT_GENOME009343_1,GUT_GENOME009343_00147,173891,0.04331723245339898,0.042550692147778374,0.04280363266890034,0.002337749260196351,0.45676768736248663,0.03917772208064122,0.060447690549715334,0.0007665403056206083,0.12193512433304741,0.003625910588259118,0.5148794629694783,0.2799690359338541,0.8693716949359487,False
GUT_GENOME009343_1,GUT_GENOME009343_00147,173898,0.042920523529909646,0.04171540392723274,0.04204266226144892,0.0023129188936879645,0.432059494864489,0.03901245846497999,0.09507743931111146,0.001205119602676906,0.18642668924403702,0.0030302037964689277,0.4473847290555166,0.2349080062545707,0.8891814103699895,False
GUT_GENOME009343_1,GUT_GENOME009343_00147,173899,0.04191035202567107,0.040918926401865105,0.04119868024306973,0.0022427273579404892,0.4429973979942756,0.03847366624663095,0.11217452104554587,0.0009914256238059624,0.1550037306093205,0.002725013996438784,0.4128061332930149,0.1944350601871372,0.9073586068612592,False
GUT_GENOME009343_1,GUT_GENOME009343_00147,173901,0.04097709057978253,0.036375815828284364,0.037036555036109184,0.0021216710332788683,0.24899668407835884,0.03813387050899373,0.6974896208553855,0.004601274751498165,0.6858195281173298,-0.0010973154728845455,-0.020271202770556922,0.470759346808842,0.7902707478767529,False
GUT_GENOME009343_1,GUT_GENOME009343_00147,173913,0.04013089788869081,0.03630226910994753,0.03688830394694848,0.0021382461982915276,0.27983815709832044,0.03810752993278354,0.715728655353522,0.0038286287787432788,0.5722046168810154,-0.0012192259858350568,-0.03408390013494651,0.32857983582835865,0.8484959920295007,False
GUT_GENOME009343_1,GUT_GENOME009343_00147,173934,0.04007075401810583,0.03638317311754178,0.03691513660042509,0.0021471858314841366,0.2875067510771231,0.038102204144753536,0.709816275637939,0.0036875809005640497,0.5514640154613697,-0.0011870675443284434,-0.030440286393270326,0.3050391713844821,0.8585420786507971,False
GUT_GENOME009343_1,GUT_GENOME009343_00147,174020,0.040344200984032914,0.036340189397350224,0.036926928950095354,0.0021425758041932305,0.27344149126420486,0.03815047504333221,0.7160215825297218,0.00400401158668269,0.597994050669643,-0.0012235460932368547,-0.034573376675389886,0.35879220301102593,0.8357747821738606,False
GUT_GENOME009343_1,GUT_GENOME009343_00147,174021,0.0403802810931002,0.03639040248968593,0.0369636902534379,0.0021504831187275026,0.27306254195252666,0.03822231408698062,0.7208185618354676,0.003989878603414265,0.5959158444844463,-0.0012586238335427144,-0.03854775262825112,0.3566016229402997,0.8366906994705618,False
GUT_GENOME009343_1,GUT_GENOME009343_00147,174068,0.04070312476332874,0.036940780796716574,0.03748888593135282,0.0021813922819625214,0.2865111065824022,0.03845308320562738,0.6707590270811397,0.0037623439666121666,0.5624576650917757,-0.0009641972742745614,-0.00518865290187715,0.31638554713942835,0.8536851981622255,False
GUT_GENOME009343_1,GUT_GENOME009343_00147,174074,0.04107082889017915,0.03702868686191411,0.03760913186192169,0.002192815866229705,0.2734386637711895,0.038519462864522916,0.6609811958892952,0.004042142028265042,0.6036009998915923,-0.0009103310026012251,0.0009145000647076273,0.3643350033804984,0.8334617224756686,False
GUT_GENOME009343_1,GUT_GENOME009343_00147,174077,0.041047486136126826,0.03717234153278967,0.03771694402577026,0.0022104675047937288,0.28271222836912413,0.038526119965576665,0.6428419077876164,0.003875144603337155,0.5790446075994992,-0.0008091759398064016,0.012375564705030444,0.33544581219182634,0.8455881095356138,False
GUT_GENOME009343_1,GUT_GENOME009343_00147,174079,0.04107131837104836,0.03707638861110928,0.03769179632405099,0.0022057894702099635,0.2760747048771409,0.03855966842802397,0.6530071359897296,0.003994929759939078,0.5966585995371404,-0.0008678721039729817,0.005725175559242678,0.3560342620368058,0.8369280859355178,False
GUT_GENOME009343_1,GUT_GENOME009343_00147,174080,0.04128946611271959,0.037716483170258865,0.03831896682781302,0.0023127138775121178,0.29911067798048285,0.03856977950290554,0.5431804332999495,0.003572982942460723,0.534612783076958,-0.00025081267509251964,0.07563920463423195,0.2915321171069898,0.8643598891366492,False
GUT_GENOME009343_1,GUT_GENOME009343_00147,174094,0.04117654386555755,0.038039312755469276,0.03860400862291957,0.0024104937910506778,0.32129459325787424,0.03855865088307106,0.4924936324392702,0.003137231110088276,0.47053698704383384,4.535773984851166e-05,0.10919588658771393,0.23332879782396593,0.8898837890238661,False
GUT_GENOME009343_1,GUT_GENOME009343_00147,174095,0.04130671304549231,0.037969240778822154,0.038625276053838385,0.002427073633454585,0.3103945840395533,0.03854019064354515,0.4860172284641153,0.0033374722666701592,0.4999817548069927,8.508541029323552e-05,0.11369710863628275,0.26290878765213044,0.8768192625977517,False
GUT_GENOME009343_1,GUT_GENOME009343_00147,174193,0.04172987115755981,0.03818986735343975,0.03880044074474056,0.002405345537647275,0.3023362718732483,0.038548521988170006,0.4582938869629247,0.003540003804120055,0.5297633151351717,0.000251918756570553,0.1325996500713472,0.298231837262051,0.8614692487749094,False
GUT_GENOME009343_1,GUT_GENOME009343_00147,174337,0.041798216994208916,0.03819415330704629,0.03882204995998599,0.002405809522695378,0.2995077253531935,0.03854568763428644,0.4542729312902971,0.003604063687162623,0.539183098816616,0.0002763623256995529,0.13536915382219655,0.3090432218560262,0.8568249751591549,False
GUT_GENOME009343_1,GUT_GENOME009343_00148,175445,0.042170644560930094,0.038312152501058655,0.03897659329542753,0.0024206553939478716,0.28847268051385544,0.03855265028048672,0.43048652989050423,0.0038584920598714392,0.5765959088235639,0.00042394301494080855,0.15209033190587012,0.3555943111313094,0.8371122098207643,False
GUT_GENOME009343_1,GUT_GENOME009343_00148,175978,0.04200082972984122,0.03848012038207589,0.03911488685663891,0.0024326326054404613,0.3056243974690681,0.03853918809827175,0.40646157196345756,0.0035207093477653273,0.5269261322294235,0.0005756987583671602,0.16928455171944,0.30630840827711164,0.8579974048590457,False
GUT_GENOME009343_1,GUT_GENOME009343_00148,176317,0.04202946612811089,0.03902129048145607,0.03953452514016146,0.0024201271496860585,0.33157633204107273,0.038550410666063115,0.3421371222321308,0.003008175646654822,0.45155982863029365,0.0009841144740983451,0.21555884376958895,0.2503718939599022,0.8823328202065277,False
GUT_GENOME009343_1,GUT_GENOME009343_00148,176357,0.04214807660883884,0.03901471683380358,0.0395462835372551,0.0024213085055299947,0.3264753157694328,0.03857116466879214,0.3435756651558553,0.0031333597750352604,0.4699677206476781,0.0009751188684629652,0.21453962421875875,0.2668969088107002,0.8750725739513115,False
GUT_GENOME009343_1,GUT_GENOME009343_00148,176447,0.042478958546387016,0.03914064710385587,0.039692388685237986,0.002426671263672187,0.31664497332531305,0.03855408623454413,0.3195063015699161,0.003338311442531147,0.5001051527076092,0.001138302450693858,0.2330286403145839,0.3044075109715649,0.8588132749964954,False
GUT_GENOME009343_1,GUT_GENOME009343_00148,176852,0.042740218913068354,0.03925595637786908,0.03986343274868864,0.0024451168330673957,0.31017473998934664,0.03856195644946908,0.29726752632696607,0.0034842625351992756,0.5215667548165392,0.0013014762992195616,0.25151655356274844,0.33529245644593886,0.8456529499191191,False
GUT_GENOME009343_1,GUT_GENOME009343_00148,176945,0.043045222405015175,0.039229396297747784,0.03991881476022258,0.002448913855050147,0.29477318550127146,0.03860484812930068,0.295788976471826,0.0038158261072673907,0.5703220284322148,0.0013139666309219047,0.252931732349301,0.3892416773442544,0.8231467042917808,False
GUT_GENOME009343_1,GUT_GENOME009343_00149,177393,0.04311852629427906,0.0392600354475936,0.03993193310316561,0.0024575424518170955,0.29309796313870307,0.03861805667833949,0.2964527964077798,0.003858490846685457,0.5765957304287718,0.0013138764248261242,0.2529215118238411,0.3964319274919462,0.8201927021210511,False
GUT_GENOME009343_1,GUT_GENOME009343_00149,177403,0.04334525413115081,0.0397986870278628,0.0403890453296571,0.002460750149330644,0.30966546958057434,0.038671032443726716,0.24253659208608608,0.0035465671032880106,0.5307284255203665,0.0017180128859303825,0.2987109560321071,0.3709008969089426,0.8307299985164142,False
GUT_GENOME009343_1,GUT_GENOME009343_00149,177552,0.04354065693499812,0.04001588040933906,0.04058491635107151,0.0024829475470309853,0.31201787338644554,0.038752945932599744,0.23031166700961025,0.0035247765256590582,0.5275241966362448,0.0018319704184717664,0.3116225653042762,0.3753904012435334,0.8288673069744066,False
GUT_GENOME009343_1,GUT_GENOME009343_00149,177817,0.04336326773299819,0.04032569316575678,0.040816892946742483,0.002484882997153005,0.3354162966682689,0.03885842852833729,0.21530402868909032,0.003037574567241408,0.45588283796531814,0.0019584644184051925,0.32595458062604593,0.314075550582414,0.8546717727327794,False
GUT_GENOME009343_1,GUT_GENOME009343_00149,177938,0.04373786053707979,0.040584381355231396,0.04105725589796759,0.0024988523473685343,0.33052311090382924,0.03912085226054954,0.21919429712253807,0.003153479181848391,0.47292620965791765,0.001936403637418052,0.3234550513892101,0.32828237005060124,0.8486222006750529,False
GUT_GENOME009343_1,GUT_GENOME009343_00150,178230,0.04429554655446183,0.04075886475430575,0.04129089421231911,0.002509665342046486,0.31312475738063594,0.03933550636322205,0.21794778053615405,0.00353668180015608,0.5292748259709198,0.0019553878490970594,0.3256059993614337,0.3861511082267054,0.8244196834877638,False
GUT_GENOME009343_1,GUT_GENOME009343_00150,178424,0.04419066211963487,0.041411126068740346,0.041903750734368465,0.002566864623745582,0.3507992810702856,0.0393971255034793,0.16440046971164624,0.002779536050894524,0.41793916885413257,0.0025066252308891673,0.3880622629465418,0.3252654687856741,0.8499032713433989,False
GUT_GENOME009343_1,GUT_GENOME009343_00150,178953,0.04446419655048876,0.0414364393498529,0.04195905140057194,0.0025737217520361206,0.3389986574081669,0.03940731365053333,0.16073092639939068,0.003027757200635861,0.45443922824651434,0.002551737750038613,0.3931735987885087,0.36110049095359475,0.8348107341797666,False
GUT_GENOME009343_1,GUT_GENOME009343_00151,179650,0.044770106780823576,0.04340262841287609,0.04367110356116179,0.0025690316958868757,0.426056252899542,0.039397189949889624,0.048093375029952534,0.0013674783679474833,0.21030098271751918,0.004273913611272169,0.5882994612244468,0.3903227594089287,0.8227018799562116,False
GUT_GENOME009343_1,GUT_GENOME009343_00151,179726,0.04549850593804517,0.04331818742330555,0.043661193251330895,0.0025696391586212623,0.3853274344342573,0.03934892103759119,0.04665768484052752,0.0021803185147396195,0.32982630787753087,0.004312272213739705,0.5926455652181203,0.460014159340829,0.7945279774872067,False
GUT_GENOME009343_1,GUT_GENOME009343_00151,179761,0.04583208064182553,0.0432950453086518,0.043681849124340366,0.0025743147549281728,0.368078931835912,0.03930727891857847,0.04462997773722998,0.0025370353331737247,0.38228027915545865,0.004374570205761895,0.5997040484398337,0.5057831575463018,0.776552071988012,False
GUT_GENOME009343_1,GUT_GENOME009343_00151,179778,0.045398348587073,0.04338087576724799,0.043709124759211786,0.0025792433616993542,0.3936463684240407,0.03922360317598926,0.04100996971729696,0.0020174728198250128,0.30588041308826436,0.004485521583222525,0.6122750545158065,0.4684435694933811,0.7911863233772061,False
GUT_GENOME009343_1,GUT_GENOME009343_00151,179789,0.0454005945334519,0.04337322759158332,0.04370153022336231,0.0025806443205523646,0.3931534300741305,0.03917454404425604,0.039697460796153786,0.002027366941868586,0.3073353094280896,0.004526986179106268,0.6169730735825573,0.4751107659471672,0.7885532173496943,False
GUT_GENOME009343_1,GUT_GENOME009343_00151,180053,0.045381712928300136,0.04327771405249367,0.04360388531847386,0.00258272186579532,0.38929395039135606,0.039109816153250106,0.04092498399360631,0.002103998875806465,0.31860376960160985,0.004494069165223755,0.6132435121206746,0.4775759671624557,0.7875818449549155,False
GUT_GENOME009343_1,GUT_GENOME009343_00151,180074,0.04532867503683372,0.04338094937047975,0.04368842165574622,0.0025919905275690134,0.39711353532994875,0.03907725879006685,0.037619510419710366,0.0019477256663539694,0.29562433601024135,0.0046111628656793704,0.6265104552950215,0.47990909863547115,0.7866636146520334,False
GUT_GENOME009343_1,GUT_GENOME009343_00151,180077,0.045914279509831235,0.04343467693450883,0.04383898582089212,0.0026259881467193126,0.37165517802996895,0.0390310446538175,0.033557181769433043,0.002479602575322405,0.3738349912546253,0.004807941167074621,0.648805818174469,0.560701590383388,0.7555186626501658,False
GUT_GENOME009343_1,GUT_GENOME009343_00151,180096,0.04563137478776856,0.04470097092511446,0.04492304558309691,0.0026259005271703165,0.45078736592698615,0.038997528639945406,0.012017614234927618,0.0009304038626541042,0.14603069221758172,0.005925516943151507,0.7754293193239497,0.62261559233675,0.7324883840503639,False
GUT_GENOME009343_1,GUT_GENOME009343_00151,180172,0.04531249896720076,0.045127569089074344,0.04530044216419055,0.002614187951239658,0.4901465025142527,0.038953736549397634,0.007595518183402526,0.0001849298781264122,0.0364113276344642,0.006346705614792919,0.8231508120310943,0.6789030441275542,0.7121608201601173,False
GUT_GENOME009343_1,GUT_GENOME009343_00151,180173,0.04543089087730151,0.045216345595014515,0.04539290709319174,0.002619214911362889,0.4885597188684415,0.0388822757261405,0.006464506721161524,0.00021454528228699588,0.040766170128414166,0.0065106313670512395,0.8417239174292583,0.7101610337993958,0.7011169891695572,False
GUT_GENOME009343_1,GUT_GENOME009343_00151,180182,0.045316529466592426,0.044932733167368955,0.04513698319424082,0.002621408727950351,0.47940178268387207,0.03841866218547808,0.0051905955708826295,0.00038379629922347114,0.06565394531131015,0.006718321008762747,0.86525555631133,0.7529776182625696,0.686266797565432,False
GUT_GENOME009343_1,GUT_GENOME009343_00151,180209,0.04507863779760578,0.044156162205255346,0.04445254525890581,0.0025942570565165367,0.4500988973126807,0.037769461604988105,0.0049959866245721405,0.0009224755923504316,0.14486486755975356,0.006683083653917704,0.8612630957218665,0.762759949905518,0.6829183484462606,False
GUT_GENOME009343_1,GUT_GENOME009343_00152,180578,0.045390292889688544,0.0440878851428758,0.04460099977557353,0.002707135171921072,0.42992215367460673,0.03772910146695956,0.005567405851021239,0.001302407746812742,0.2007325735042341,0.006871898308613969,0.8826561619977829,0.819375466378289,0.6638575184432753,False
GUT_GENOME009343_1,GUT_GENOME009343_00153,181187,0.04552552314384107,0.044189566104410265,0.044706042854208275,0.0026428563219527594,0.42851731318156344,0.03768616744237929,0.00395168924221701,0.0013359570394308046,0.20566588065556968,0.0070198754118289824,0.899422254552883,0.8512588464508222,0.6533584167190116,False
GUT_GENOME009343_1,GUT_GENOME009343_00153,181280,0.0456352954204073,0.043562155394809725,0.04398746431527643,0.00253500479859313,0.389606388286563,0.03765072037871076,0.006214978090799273,0.0020731400255975738,0.31406608267775643,0.006336743936565664,0.8220221345834786,0.77435789403373,0.678969584473311,False
GUT_GENOME009343_1,GUT_GENOME009343_00153,181571,0.04500647041648371,0.04322569793901722,0.04358547675302353,0.0024819371674674293,0.4045027373059675,0.0376279415888587,0.008189545306761909,0.0017807724774664899,0.2710744484745069,0.0059575351641648275,0.7790570458120063,0.6804112372450886,0.7116239845747192,False
GUT_GENOME009343_1,GUT_GENOME009343_00155,182883,0.04536542439169053,0.04325624791046776,0.04366234566550907,0.0024894743819784686,0.38859702148867153,0.03761388406218267,0.007557457086900151,0.0021091764812227673,0.319365118525351,0.006048461603326401,0.7893591875729078,0.7250820059364724,0.6959057788910932,False
GUT_GENOME009343_1,GUT_GENOME009343_00156,183284,0.04496091495946161,0.04336248154243915,0.04373996131947871,0.002499903714784417,0.414506261709401,0.03759248224798458,0.006964555768971897,0.0015984334170224615,0.2442621218750472,0.006147479071494127,0.8005780585995936,0.7005892120939948,0.7044805149241313,False
GUT_GENOME009343_1,GUT_GENOME009343_00156,183422,0.04499161592680961,0.043454204155406746,0.043835974877505055,0.0025171123815443536,0.41783185451274113,0.037586264097818,0.0065160834943340335,0.0015374117714028607,0.23528910047192628,0.006249710779687057,0.8121611092499239,0.7149666281789551,0.6994343695446681,False
GUT_GENOME009343_1,GUT_GENOME009343_00158,185247,0.0450969183449738,0.04373857694537625,0.044126127095653674,0.0025497530886952847,0.42744029419064544,0.037585223683363506,0.0051542044979957366,0.0013583413995975485,0.20895742320300376,0.006540903412290168,0.8451537988182093,0.7579481483684893,0.6845633602997684,False
GUT_GENOME009343_1,GUT_GENOME009343_00158,185282,0.045782596817220016,0.04353679851557574,0.04395983946817223,0.002491546090327404,0.38238786458858565,0.037583778607848006,0.0052475090753646885,0.0022457983016442723,0.3394548834985482,0.006376060860324224,0.8264768182365302,0.7982935490133914,0.6708922242513982,False
GUT_GENOME009343_1,GUT_GENOME009343_00158,186214,0.04620936640084168,0.043567489297800514,0.04400248725598722,0.0024868465250924773,0.3629216309476856,0.0375890257266678,0.004955006397889547,0.0026418771030411667,0.39769689788819657,0.006413461529319417,0.8307143865114337,0.8482492145469623,0.6543423410136326,False
GUT_GENOME009343_1,GUT_GENOME009343_00163,190808,0.04621086896974535,0.04269228932610399,0.04313525914136882,0.0023473887329326704,0.3189318913993821,0.03752214020756743,0.008396282098332458,0.0035185796436413563,0.5266129666224874,0.005613118933801391,0.7400340194769006,0.8249715665980748,0.6620026081170501,False
GUT_GENOME009343_1,GUT_GENOME009343_00166,193293,0.045769356329232694,0.04245774574726117,0.04290980401431597,0.002342883792583125,0.3284220501292572,0.037545458874630594,0.011021286632324457,0.003311610581971526,0.4961788837443503,0.005364345139685374,0.7118474665115266,0.7529203002526685,0.6862864655708122,False
GUT_GENOME009343_1,GUT_GENOME009343_00167,193687,0.04551770888695817,0.04216722039123442,0.04263134801494031,0.0023290360735084546,0.3264826743728299,0.03763074879276321,0.015893927412336462,0.0033504884957237524,0.5018957461571096,0.0050005992221771045,0.6706343491644318,0.7016497702898028,0.7041070426632048,False
GUT_GENOME009343_1,GUT_GENOME009343_00167,195004,0.04502061850184235,0.04223468547376738,0.04266524624249624,0.002333701130311837,0.3538391979003558,0.037661773809499866,0.016016147956116562,0.0027859330280749703,0.4188798221677657,0.005003472432996377,0.6709598895181731,0.625647478761538,0.7313788144911165,False
GUT_GENOME009343_1,GUT_GENOME009343_00169,196449,0.04477584906074982,0.04211987625935839,0.04254092948257366,0.0023519675972174417,0.35909724939158183,0.03774576361819264,0.020735541092328627,0.002655972801391432,0.39976962145545875,0.004795165864381022,0.6473583516223695,0.5788885856538722,0.7486794985676244,False
GUT_GENOME009343_1,GUT_GENOME009343_00170,198324,0.04410315250339087,0.04232400540704723,0.04266495080250636,0.002375003907584572,0.4035056617696523,0.037846222554962124,0.02123246219591594,0.0017791470963436432,0.2708354418162065,0.004818728247544236,0.6500280152956689,0.4958882572130061,0.7804035442935078,False
GUT_GENOME009343_1,GUT_GENOME009343_00173,200513,0.04428028222791775,0.042321820010445016,0.042673035118572435,0.00236782053777766,0.3945064634059713,0.03803005945539716,0.024947405184353327,0.0019584622174727354,0.2972031086245519,0.004642975663175272,0.6301149069004698,0.48537448367428493,0.7845168394511898,False
GUT_GENOME009343_1,GUT_GENOME009343_00173,200706,0.04432145434831486,0.042344260072216366,0.04268295862954728,0.0023627398412413665,0.3940505723143369,0.038078883383371995,0.025670584520970437,0.001977194276098493,0.2999575928943017,0.004604075246175288,0.6257074142703021,0.481484325807771,0.7860442716349078,False
GUT_GENOME009343_1,GUT_GENOME009343_00173,201857,0.04434460237737882,0.042350046836951,0.04267396131652599,0.002367649421777788,0.3929411964765064,0.03804732128277923,0.025344289080988996,0.0019945555404278226,0.3025105066158267,0.004626640033746757,0.6282640484298431,0.4862283211624203,0.7841819859900868,False
GUT_GENOME009343_1,GUT_GENOME009343_00173,202117,0.04419182238100312,0.042429402905613534,0.042732757145113924,0.0023760814642054436,0.40545466343634695,0.03804568241388606,0.02427018217743149,0.001762419475389583,0.26837570315593245,0.004687074731227862,0.6351114167692234,0.4753920297550514,0.7884423294067529,False
GUT_GENOME009343_1,GUT_GENOME009343_00173,202188,0.043876534197442224,0.04240341811939937,0.0427108139548866,0.002480793870850277,0.4198487987449062,0.0380343465919416,0.029710268384239014,0.0014731160780428534,0.22583464170094664,0.004676467362945004,0.6339095813870426,0.4528426427664905,0.7973820767638498,False
GUT_GENOME009343_1,GUT_GENOME009343_00173,202305,0.044236181002807705,0.042329074354243004,0.04271603422120966,0.0024891093050552365,0.39736809015858277,0.03802665497304029,0.029785277868601977,0.0019071066485647006,0.28965145028590444,0.004689379248169374,0.635372523004558,0.48759620564190537,0.7836458341755593,False
GUT_GENOME009343_1,GUT_GENOME009343_00173,202330,0.043402231045398317,0.04188863449038858,0.042163003044740674,0.0024172981029471977,0.4171688146769602,0.038015914532921066,0.04311870431938491,0.0015135965550097386,0.23178715547772571,0.004147088511819608,0.5739299316855302,0.38312085192901274,0.8256697317091675,False
GUT_GENOME009343_1,GUT_GENOME009343_00173,202479,0.043437295389049634,0.04143480794831313,0.041727812769818434,0.002363821410438073,0.38994176672766134,0.03780153521519173,0.048357989672213976,0.0020024874407365,0.3036768650533042,0.0039262775546267045,0.5489116223319728,0.39352360749972104,0.8213862611401452,False
GUT_GENOME009343_1,GUT_GENOME009343_00174,203510,0.042528569824038305,0.041034170708117094,0.041276001892895535,0.002328146985179437,0.41596875270910255,0.03758601247589593,0.05648919625258729,0.0014943991159212106,0.22896423862457646,0.003689989416999606,0.5221397184424104,0.32505450814405157,0.8499929241413386,False
GUT_GENOME009343_1,GUT_GENOME009343_00174,203531,0.04186288758122077,0.04056234234706087,0.040754707357671636,0.0022785490110209016,0.4263977630718311,0.03754586049106415,0.07952331705064469,0.0013005452341599,0.20045869747667303,0.0032088468666074885,0.46762533508980536,0.25885714341189703,0.8785973428843579,False
GUT_GENOME009343_1,GUT_GENOME009343_00178,208287,0.04060013082402373,0.04036364368128739,0.040468625430618105,0.0022509174590030494,0.48625273408759717,0.03747039874657304,0.09142975639818363,0.00023648714273633714,0.04399264462671892,0.0029982266840450633,0.4437616602503086,0.1988597638893631,0.905353429264792,False
GUT_GENOME009343_1,GUT_GENOME009343_00178,208535,0.039424316651626164,0.04023366036598644,0.040247999961028895,0.0022369541854156912,0.5491917397103177,0.0373446809509155,0.09716268038730275,-0.0008093437143602764,-0.10979315661620738,0.0029033190101133977,0.43300843687482804,0.19955084364453296,0.9050406475940549,False
GUT_GENOME009343_1,GUT_GENOME009343_00178,208570,0.03947912305833871,0.040381253611044526,0.04037960698904598,0.002208306162968626,0.5546484131795292,0.03725357590913749,0.07844945142971363,-0.0009021305527058196,-0.12343713946768013,0.003126031079908491,0.4582421459703284,0.2252225917434553,0.8934978989469833,False
GUT_GENOME009343_1,GUT_GENOME009343_00178,208631,0.03920338756879764,0.040166718179709626,0.040177930073129406,0.0021961223408925126,0.5586861404654844,0.03723085090848695,0.08980663642263015,-0.000963330610911986,-0.13243639582303127,0.0029470791646424577,0.4379665471845943,0.20935409539139008,0.9006153314216213,False
GUT_GENOME009343_1,GUT_GENOME009343_00181,212090,0.03932058043250856,0.03952693290130915,0.03958550009445364,0.002138451654844108,0.5126264553346142,0.03721179030335563,0.13349664637929715,-0.0002063524688005955,-0.02112538475651827,0.002373709791098015,0.3730026860449565,0.13957728567786332,0.9325909088440667,False
GUT_GENOME009343_1,GUT_GENOME009343_00181,212264,0.03932472226565398,0.03972630613382293,0.03974403467678599,0.0021585133305627334,0.524443569049168,0.037176035604534946,0.11708072706905714,-0.0004015838681689504,-0.04983348509216041,0.002567999072251047,0.3950160381075554,0.15852104659862026,0.9237992218709519,False
GUT_GENOME009343_1,GUT_GENOME009343_00181,212312,0.03952882462953005,0.039579473779112626,0.03963144701767146,0.0021433442526202925,0.5030872997348295,0.037140526277543974,0.12258412323684759,-5.0649149582575326e-05,0.001770248451896736,0.0024909207401274877,0.3862829137099342,0.1492176232038179,0.9281064798115997,False
GUT_GENOME009343_1,GUT_GENOME009343_00181,212542,0.040029837716874975,0.03954558353324612,0.039633929199974424,0.002130055449844662,0.470880840918374,0.03702608945542199,0.1104184003671344,0.00048425418362885164,0.0804259288874493,0.0026078397445524343,0.3995300634854675,0.16609260166611073,0.920308535181799,False
GUT_GENOME009343_1,GUT_GENOME009343_00181,212550,0.039569767202435956,0.0393129393756988,0.03939194606086036,0.0021153539946256418,0.4845602803585337,0.03688997290633833,0.11845053980731207,0.00025682782673715904,0.04698367168015629,0.0025019731545220317,0.3875351736790119,0.15239097624297065,0.9266350427084672,False
GUT_GENOME009343_1,GUT_GENOME009343_00181,212568,0.03950077797828548,0.03901939196024926,0.03911654396327461,0.0020898503763562785,0.4709575550960363,0.03685061041984292,0.13912557634239314,0.00048138601803621867,0.080004175082073,0.0022659335434316863,0.36079142832767647,0.1365711227852879,0.9339937229439405,False
GUT_GENOME009343_1,GUT_GENOME009343_00181,212879,0.039435094493585524,0.038955316344156075,0.03904457121873729,0.002085656219869792,0.47100111411523204,0.03682018725380775,0.1430954159963485,0.00047977814942944813,0.07976774357853905,0.0022243839649295424,0.3560837805655755,0.13315855169748447,0.9355887433246237,False
GUT_GENOME009343_1,GUT_GENOME009343_00181,213211,0.03934687103184403,0.03852009007445861,0.03865875886726499,0.0021126164463873276,0.4499167963168777,0.03676818014541349,0.18542049303946107,0.0008267809573854201,0.1307933032978242,0.0018905787218514991,0.3182629996526511,0.11839822513546003,0.9425190830776251,False
GUT_GENOME009343_1,GUT_GENOME009343_00182,214428,0.039024759260999575,0.03835299334066767,0.03846728283731658,0.0021043157941832338,0.4589176733649176,0.03673763655344052,0.20555214748014666,0.0006717659203319057,0.10799887959516387,0.001729646283876063,0.30002904256340096,0.10168118437532177,0.9504301644507452,False
GUT_GENOME009343_1,GUT_GENOME009343_00182,214683,0.039121031144139166,0.03832941239032406,0.03846132615101023,0.0021002981666453247,0.45162665983105904,0.03673420189963667,0.20544644173398008,0.0007916187538151084,0.12562282318353576,0.0017271242513735574,0.29974329139348826,0.1056271344400035,0.9485568380870524,False
GUT_GENOME009343_1,GUT_GENOME009343_00184,216513,0.03905142148117506,0.03811212882043373,0.038278769443307624,0.0021067700864271484,0.4424884048745254,0.03673070759674173,0.23122961459559893,0.000939292660741331,0.14733775915546657,0.0015480618465658971,0.27945517392857316,0.09980360950840336,0.9513228352940363,False
GUT_GENOME009343_1,GUT_GENOME009343_00185,216986,0.03891948181901302,0.03806391322149161,0.038232235966303374,0.0021199852567664085,0.44752151900364284,0.03673336699768091,0.2397774653484031,0.0008555685975214153,0.13502642596213096,0.0014988689686224674,0.2738815255280305,0.09324322573366807,0.9544484802957518,False
GUT_GENOME009343_1,GUT_GENOME009343_00186,217393,0.03882859965943492,0.03801291031712358,0.03813945467485081,0.0021016708215492114,0.45009982615506267,0.03673232584165049,0.2515791547605183,0.0008156893423113404,0.12916231976002646,0.0014071288332003218,0.26348719040396607,0.08610840435276719,0.9578594705919934,False
GUT_GENOME009343_1,GUT_GENOME009343_00186,217777,0.03074264001998618,0.027950315355285412,0.028057585508365922,0.0013215444142912328,0.28717604618387615,0.030933744575703383,0.9852358992059972,0.002792324664700769,0.41981969017135556,-0.0028761590673374617,-0.22181762919512102,0.22545163287731718,0.8933955809199153,False
GUT_GENOME009343_1,GUT_GENOME009343_00187,218244,0.029671775927520568,0.028121571086034674,0.028243626705536037,0.0013954685807501747,0.37666719426912154,0.03125972292003236,0.9846658488053135,0.0015502048414858943,0.23717027706919938,-0.003016096214496323,-0.23767277914864515,0.11273809027332146,0.94519025365138,False
GUT_GENOME009343_1,GUT_GENOME009343_00187,218689,0.02856887407562346,0.029107450680179364,0.029129033180969526,0.00146219053561365,0.5447088272386361,0.03157238360451475,0.9526411899446099,-0.0005385766045559043,-0.0699777919719702,-0.002443350423545227,-0.17277957112525744,0.03474967156750023,0.9827752362594723,False
GUT_GENOME009343_1,GUT_GENOME009343_00188,218906,0.02785564346180925,0.02877937345643932,0.028699358822851895,0.0014724829377225533,0.577887596402775,0.03156742724713723,0.9742791750307909,-0.0009237299946300709,-0.12661326250916558,-0.002868068424285334,-0.22090094365867588,0.06482814515250837,0.9681056330803581,False
GUT_GENOME009343_1,GUT_GENOME009343_00188,218949,0.027072382503731392,0.02825076510532604,0.02820471067690539,0.0014454498556139349,0.6004004603862131,0.031669205174942545,0.9917311547256596,-0.0011783826015946477,-0.16405904538591776,-0.003464494498037155,-0.2884771736127675,0.11013445006854941,0.9464215225956045,False
GUT_GENOME009343_1,GUT_GENOME009343_00188,219195,0.02668859143051612,0.028447638151340802,0.028289458314222825,0.001480711235109064,0.6504932521689479,0.031675618674458714,0.9888976286656327,-0.0017590467208246814,-0.24944369073546638,-0.003386160360235889,-0.27960176399827,0.14039930127867528,0.9322076854652379,False
GUT_GENOME009343_1,GUT_GENOME009343_00188,219205,0.02636488929409274,0.028138537962779837,0.0279347601576325,0.0014881864513455142,0.6533059902586615,0.031746920303550384,0.9947906569462007,-0.001773648668687098,-0.2515908565381309,-0.003812160145917884,-0.3278683652495409,0.1707956240249967,0.9181469618507625,False
GUT_GENOME009343_1,GUT_GENOME009343_00188,219214,0.02621388259489633,0.02767343984236127,0.027548669419424902,0.0014585181450849547,0.6274446706804931,0.031405106812161014,0.9959043248358991,-0.0014595572474649376,-0.20540480212176443,-0.0038564373927361117,-0.33288506311772914,0.15300359798157573,0.926351247789962,False
GUT_GENOME009343_1,GUT_GENOME009343_00188,220556,0.026056494302744062,0.027939380178558893,0.02769509384899049,0.0014966711752584967,0.665866624982084,0.03175908300023082,0.9966897325232853,-0.0018828858758148312,-0.2676538090793429,-0.004063989151240333,-0.35640107956521516,0.19866029102993216,0.9054437304865434,False
GUT_GENOME009343_1,GUT_GENOME009343_00189,221418,0.02625891079338209,0.027883001079162625,0.02767965396369406,0.0014875348230156307,0.6412970970728068,0.03150937769002357,0.9949813828078081,-0.0016240902857805363,-0.22959881490748582,-0.0038297237263295106,-0.3298583529461672,0.16152214881528015,0.9224140534426193,False
GUT_GENOME009343_1,GUT_GENOME009343_00189,221744,0.02590723326726226,0.02773510428048316,0.027422909297213936,0.0015229662402646209,0.6612329309457972,0.03159039410472109,0.9968944742894996,-0.0018278710132209018,-0.25956406429234685,-0.0041674848075071505,-0.3681273379816879,0.20289124044144546,0.9035303117852281,False
GUT_GENOME009343_1,GUT_GENOME009343_00189,221745,0.026029518928136437,0.027279008954264376,0.027125516047636834,0.0014492763108850213,0.6105540984051816,0.031504247950284774,0.998741636480361,-0.001249490026127939,-0.1745151456070675,-0.004378731902647939,-0.39206204323119026,0.18416818178887168,0.91202845303203,False
GUT_GENOME009343_1,GUT_GENOME009343_00189,221865,0.025709750773778312,0.02726415787250576,0.027045069290928085,0.0014545300984499094,0.6382770236863303,0.03146565150292449,0.9988138939235691,-0.001554407098727447,-0.21935214386942706,-0.004420582211996406,-0.3968037643809578,0.2055685904470125,0.9023215875675397,False
GUT_GENOME009343_1,GUT_GENOME009343_00190,222045,0.02586065396941262,0.027319368790392436,0.027168124673412557,0.0014330722071676755,0.629322156167837,0.03159811933992066,0.9990034451878598,-0.0014587148209798152,-0.20528092622814,-0.004429994666508105,-0.39787021371727527,0.20044096563651337,0.9046379389236334,False
GUT_GENOME009343_1,GUT_GENOME009343_00191,222556,0.026393689991603995,0.02718163405880961,0.027102826745039665,0.0014442737372299564,0.569352129629601,0.031644203465578676,0.9991678657826303,-0.0007879440672056148,-0.10664641270282568,-0.00454137672053901,-0.4104900162832567,0.17987551081060976,0.913988074317934,False
GUT_GENOME009343_1,GUT_GENOME009343_00192,222923,0.026376246828778517,0.027204667688233382,0.027075814440612776,0.0014512212265146553,0.5730484017764933,0.031598449853559744,0.9990847372611373,-0.0008284208594548648,-0.11259838465465281,-0.004522635412946969,-0.40836658981480367,0.17944166790380928,0.914186359444777,False
GUT_GENOME009343_1,GUT_GENOME009343_00192,222925,0.02647992233195407,0.027004896902243364,0.026895539492222405,0.0014649492861349808,0.5463898577138119,0.03159500737640315,0.9993315506432255,-0.0005249745702892925,-0.06797765999648823,-0.004699467884180748,-0.4284020514844699,0.18814927997470057,0.9102148212824958,False
GUT_GENOME009343_1,GUT_GENOME009343_00192,223052,0.02653636989257968,0.027145763277870816,0.027016100956605546,0.0014594946680977015,0.5538138149892521,0.031642393576633066,0.9992372560994011,-0.0006093933852911355,-0.08039115403038774,-0.0046262926200275195,-0.42011115225153733,0.18295611789245192,0.9125813389285806,False
GUT_GENOME009343_1,GUT_GENOME009343_00194,224564,0.02649390360101058,0.02716065683749672,0.02704355623319034,0.0014619206642428766,0.5586422524804076,0.03159526990903934,0.9990756382076148,-0.0006667532364861388,-0.08882572126020481,-0.004551713675849001,-0.4116612133515857,0.17735496333549533,0.9151406756284628,False
GUT_GENOME009343_1,GUT_GENOME009343_00194,224581,0.026399193145921478,0.02699695717003958,0.026875947255275416,0.0014548625904097483,0.5529615691045319,0.03158424096988351,0.9993944358956095,-0.000597764024118104,-0.07868109679330929,-0.004708293714608097,-0.4294020351752274,0.19057682280522534,0.9091106987624051,False
GUT_GENOME009343_1,GUT_GENOME009343_00195,225170,0.02648137302945077,0.026900885583436916,0.026827237597009543,0.0014483811091641474,0.5372251927124447,0.031626047494192816,0.9995388632697196,-0.0004195125539861455,-0.05246983617601003,-0.004798809897183273,-0.439657694069865,0.19605197166316832,0.9066253440343128,False
GUT_GENOME009343_1,GUT_GENOME009343_00195,225334,0.02687588803388463,0.027244094804293205,0.027131384967055427,0.001452006006198801,0.5326119826598319,0.03154323844252919,0.9988110230190103,-0.0003682067704085766,-0.04492549859758293,-0.004411853475473761,-0.395814781617759,0.1586876417713557,0.9237222748302776,False
GUT_GENOME009343_1,GUT_GENOME009343_00195,226153,0.026764630179867622,0.027548370012864944,0.0274553507358772,0.0014474732389422467,0.5690181389934578,0.03156359647581157,0.9977316962577191,-0.0007837398329973225,-0.10602819464017443,-0.004108245739934371,-0.36141543682789984,0.14186309603615638,0.9315256547225059,False
GUT_GENOME009343_1,GUT_GENOME009343_00195,226201,0.02677028882668803,0.027527274386156476,0.027442917616447834,0.0014344761084307488,0.5666169451285961,0.031504571973295196,0.997683161364005,-0.0007569855594684455,-0.10209407148498943,-0.004061654356847362,-0.3561365428359564,0.13725643657552913,0.9336737383803638,False
GUT_GENOME009343_1,GUT_GENOME009343_00195,226495,0.0267263300275981,0.02739648228194724,0.02729081932288123,0.0014012239338518496,0.5594191655869932,0.03159142554813916,0.9989267581313173,-0.0006701522543491392,-0.08932553505127204,-0.004300606225257929,-0.3832102525852579,0.1548291488986532,0.9255060828865634,False
GUT_GENOME009343_1,GUT_GENOME009343_00196,228273,0.02684286416155285,0.027299132202991093,0.02721466816162326,0.0014012271644548936,0.5404013546177913,0.03157664862109035,0.9990739310064023,-0.00045626804143824445,-0.05787460316059441,-0.004361980459467091,-0.39016407225662997,0.15557747297087304,0.9251598584222229,False
GUT_GENOME009343_1,GUT_GENOME009343_00197,228762,0.026662713460200195,0.027264470885947974,0.027212088686993145,0.0014071309345281297,0.5534220614741988,0.031453343352022475,0.9987113501665343,-0.0006017574257477787,-0.0792683126563115,-0.00424125466502933,-0.37648560579556906,0.14802487676263537,0.9286601427404789,False
GUT_GENOME009343_1,GUT_GENOME009343_00219,242205,0.026626560596370884,0.02729130415174204,0.027192860510130427,0.001420009963228045,0.558511957524356,0.03140064274314605,0.998477736944655,-0.0006647435553711577,-0.0885302046205752,-0.004207782233015624,-0.37269311438309255,0.14673775463872982,0.9292579846013715,False
GUT_GENOME009343_1,GUT_GENOME009343_00221,242987,0.026735812849696783,0.027264017536343683,0.02717116025327788,0.0014015432152257605,0.5459755269876451,0.031428882260321755,0.9988087613318215,-0.0005282046866468999,-0.06845263740683315,-0.004257722007043874,-0.37835138755743514,0.14783553603458785,0.9287480634959258,False
GUT_GENOME009343_1,GUT_GENOME009343_00221,243016,0.026672314003271407,0.027268917855599713,0.027218511005367717,0.0014170070865586694,0.5517333280210895,0.03138421990722031,0.9983578472794621,-0.0005966038523283063,-0.07851049755437613,-0.004165708901852593,-0.36792612442954686,0.1415335312639821,0.9316791663902546,False
GUT_GENOME009343_1,GUT_GENOME009343_00222,243970,0.02675551604971937,0.027142054985648072,0.027063054328942748,0.0014059996245690157,0.5339897187886038,0.03132357985155957,0.9987782291431402,-0.00038653893592870137,-0.047621179972730854,-0.0042605255226168225,-0.3786690313047074,0.1456580120512407,0.9297597997573512,False
GUT_GENOME009343_1,GUT_GENOME009343_00223,244533,0.02648038651753562,0.02695981375161315,0.02691352418505828,0.0013957782641812527,0.5417381693271348,0.031361382370812776,0.9992803482987171,-0.0004794272340775292,-0.061280082136476906,-0.004447858185754498,-0.39989418506512386,0.1636706077155529,0.9214237011292383,False
GUT_GENOME009343_1,GUT_GENOME009343_00223,245410,0.026306758707500533,0.02682067338148124,0.026782854632473718,0.0014019408131499195,0.5448970807444152,0.03138892774287124,0.9994909878658831,-0.0005139146739807053,-0.06635134059317517,-0.004606073110397523,-0.4178202426276161,0.1789762555479115,0.914399121012922,False
GUT_GENOME009343_1,GUT_GENOME009343_00223,245616,0.026184537658942846,0.02687081548215365,0.02683248626700401,0.0014120678644308014,0.5602510315443558,0.031285570786913366,0.9991936253315732,-0.0006862778232108041,-0.09169674403890284,-0.004453084519909358,-0.4004863388528417,0.1687976004750892,0.9190646597959923,False
GUT_GENOME009343_1,GUT_GENOME009343_00224,246201,0.025809137878647137,0.0267808223450489,0.026679252257312523,0.0013977709533959494,0.5852172893448195,0.03129390628102817,0.9995190468992253,-0.0009716844664017614,-0.13366480130681022,-0.004614654023715647,-0.4187924767352801,0.19325341767845916,0.9078948520084166,False
GUT_GENOME009343_1,GUT_GENOME009343_00224,246267,0.025773175512023443,0.026690700492092583,0.026594720461657777,0.0014140048098565195,0.5808682304657496,0.03126501088289243,0.9995215160218351,-0.0009175249800691399,-0.12570083663312487,-0.004670290421234652,-0.4250961883904583,0.19650746971436356,0.9064188845069974,False
GUT_GENOME009343_1,GUT_GENOME009343_00224,246528,0.025420532330950055,0.02672320021324625,0.02659228230238398,0.001423277400237769,0.6151883679059393,0.03127460944677949,0.9994987434026736,-0.0013026678822961948,-0.1823347649687678,-0.0046823271443955095,-0.4264599724502248,0.21511407461846233,0.8980253000432863,False
GUT_GENOME009343_1,GUT_GENOME009343_00224,246651,0.025463668593977487,0.026620987472006672,0.026518703077021276,0.0014234615732242255,0.6027007568110992,0.03132297479595845,0.9996310053030829,-0.001157318878029185,-0.16096169787155298,-0.0048042717189371725,-0.4402765290588989,0.21975209022184455,0.895945185199848,False
GUT_GENOME009343_1,GUT_GENOME009343_00224,246809,0.025714980689245066,0.0263987020919036,0.026310517700140333,0.0014081317482972841,0.5603083021174724,0.03129052524995471,0.9997973482867185,-0.0006837214026585332,-0.09132083126077323,-0.004980007549814376,-0.46018773925101536,0.22011224957911912,0.8957838582051133,False
GUT_GENOME009343_1,GUT_GENOME009343_00224,246867,0.02547616426939751,0.02632244202311045,0.02622767854996943,0.0014010865895073765,0.5747592700805422,0.03124305005111707,0.999827959436778,-0.0008462777537129387,-0.11522417903866229,-0.005015371501147642,-0.4641945434679224,0.22875318562052657,0.8919220012143496,False
GUT_GENOME009343_1,GUT_GENOME009343_00225,246992,0.02537345051174407,0.026402616267178703,0.026274703747288967,0.0014092646162510297,0.5913719512883981,0.031233598013398926,0.9997832331998251,-0.0010291657554346335,-0.14211722554961478,-0.004958894266109959,-0.4577955632924416,0.22977408356816398,0.8914668367231101,False
GUT_GENOME009343_1,GUT_GENOME009343_00225,247366,0.025337394847656947,0.026468794451528856,0.02632674790909394,0.001413766323997032,0.5997879586386472,0.031194067431114116,0.9997121411729091,-0.001131399603871909,-0.15715035847870168,-0.0048673195220201755,-0.44741996732684114,0.22488086233273605,0.8936505792456919,False
GUT_GENOME009343_1,GUT_GENOME009343_00225,247505,0.025106305919592453,0.026591964471153487,0.026424549803813327,0.0014093232740425537,0.630805531923195,0.031230393646222546,0.9996752291020132,-0.0014856585515610338,-0.20924290838595222,-0.004805843842409219,-0.44045465369485753,0.23778289667126887,0.8879041790072744,False
GUT_GENOME009343_1,GUT_GENOME009343_00226,247596,0.024779957344011967,0.026446625928790504,0.026253071747913637,0.0014132546400706803,0.6472046208610747,0.031158248453345475,0.9997405807220622,-0.0016666685847785377,-0.2358598061399941,-0.004905176705431839,-0.4517092595697978,0.2596711033334905,0.8782398441245447,False
GUT_GENOME009343_1,GUT_GENOME009343_00226,247617,0.02515198474833383,0.026465983970751856,0.026317863919797266,0.0014195631444860175,0.6151150744603675,0.031036502682377586,0.9995563312029507,-0.0013139992224180247,-0.18400099924361932,-0.004718638762580319,-0.43057414915786973,0.21925046564567385,0.8961699274446272,False
GUT_GENOME009343_1,GUT_GENOME009343_00226,248061,0.02498717732784264,0.026219632158578893,0.026063501372487266,0.001421200073102797,0.6084646600778614,0.03096372739410079,0.999717570136572,-0.0012324548307362515,-0.1720101791922178,-0.004900226021613524,-0.45114833749938604,0.23312232417419881,0.8899756625430438,False
GUT_GENOME009343_1,GUT_GENOME009343_00226,248247,0.02476028358476937,0.02616438729510987,0.026000114285616674,0.0014188794193357524,0.6238780847790014,0.030963335689074983,0.999765607785932,-0.001404103710340502,-0.19725055176610878,-0.004963221403458309,-0.4582858363394524,0.24893368796138574,0.882967536569751,False
GUT_GENOME009343_1,GUT_GENOME009343_00226,248332,0.025025108625588148,0.026198856315764376,0.02606047171245154,0.0014151358917583337,0.6025333677380357,0.03094604451147973,0.999722157487924,-0.001173747690176228,-0.16337749773283888,-0.004885572799028189,-0.4494880989843825,0.22873175789403782,0.8919315571958859,False
GUT_GENOME009343_1,GUT_GENOME009343_00226,248425,0.025088871122210407,0.02623749398236686,0.026095794865084437,0.0014253777560220284,0.6000590929747482,0.03095685364377312,0.9996756203425261,-0.0011486228601564515,-0.15968297859576708,-0.004861058778688684,-0.4467106129748575,0.22504902539758911,0.8935754428943692,False
GUT_GENOME009343_1,GUT_GENOME009343_00226,249026,0.025097389393716786,0.026238670570807695,0.026089948914344747,0.0014342356671479927,0.5999963765507107,0.030939878009008943,0.9996395998028723,-0.0011412811770909088,-0.158603409557385,-0.004849929094664196,-0.44544959820696833,0.22358038606597713,0.8942318538932243,False
GUT_GENOME009343_1,GUT_GENOME009343_00226,249299,0.02490996991938277,0.02639044363732298,0.026221765743480032,0.0014262147166601345,0.6292240429209466,0.03092170615438018,0.9995085823431425,-0.0014804737179402103,-0.2084804965797992,-0.004699940410900147,-0.4284555896774746,0.22703830978003214,0.8926870969242559,False
GUT_GENOME009343_1,GUT_GENOME009343_00226,249363,0.0248665933864414,0.0265422147056347,0.026365417762536866,0.0014214001249808655,0.6460868412514572,0.030896550243751368,0.999283189787939,-0.0016756213191933024,-0.23717627469315186,-0.0045311324812145025,-0.40932932411575473,0.22380308085838202,0.8941322890479381,False
GUT_GENOME009343_1,GUT_GENOME009343_00226,249404,0.024819305291454853,0.026344747594262384,0.026187318733080004,0.0013981354179848464,0.6333514448760577,0.030858991291192264,0.999583153463748,-0.001525442302807531,-0.21509297106136116,-0.0046716725581122595,-0.4252527871770971,0.22710491920189296,0.892657366733622,False
GUT_GENOME009343_1,GUT_GENOME009343_00226,249648,0.02482867546103769,0.026380547828476795,0.026225710128090704,0.0013845809817298574,0.6357907822792932,0.030800813299328017,0.9995239701109911,-0.0015518723674391062,-0.21897942042235344,-0.004575103171237313,-0.414311288504954,0.21960583035114506,0.8960107080091289,False
GUT_GENOME009343_1,GUT_GENOME009343_00226,249650,0.02472994678502174,0.026269180391240137,0.026115928910173364,0.0013766111057636195,0.6346027904512226,0.030691413374350763,0.9995558902365024,-0.0015392336062183959,-0.2171209344082375,-0.004575484464177399,-0.4143544897339631,0.21883114332099912,0.8963578391714742,False
GUT_GENOME009343_1,GUT_GENOME009343_00226,250020,0.024777306545731195,0.026168376637912022,0.026019963495020712,0.0013726818480234435,0.6218515978838532,0.030639022036063456,0.999617265660309,-0.0013910700921808267,-0.19533400340823712,-0.004619058541042744,-0.4192915170838356,0.2139607491859536,0.8985433070953964,False
GUT_GENOME009343_1,GUT_GENOME009343_00228,250529,0.024857241917345646,0.026114978715523145,0.02598184955638745,0.0013755166952111055,0.610551385436132,0.030623850843544357,0.999630563016529,-0.0012577367981774987,-0.17572780484226172,-0.004642001287156906,-0.42189097467869935,0.20887225591002295,0.9008323335727244,False
GUT_GENOME009343_1,GUT_GENOME009343_00228,250724,0.024895948098748948,0.026148328970204,0.02601250127378036,0.0013826886013755964,0.6093783229278964,0.030589251209976673,0.9995335812080006,-0.0012523808714550513,-0.17494023438875972,-0.004576749936196313,-0.4144978701660302,0.2024125699801694,0.9037465843005714,False
GUT_GENOME009343_1,GUT_GENOME009343_00228,250727,0.024887472152905998,0.026184177197272108,0.026050881111108735,0.0013822661715253196,0.6131905590842758,0.03057781096940533,0.9994717011535653,-0.0012967050443661102,-0.1814579503265746,-0.004526929858296596,-0.4088531587950063,0.20008789319337625,0.9047976543846258,False
GUT_GENOME009343_1,GUT_GENOME009343_00228,250747,0.024750113364509406,0.026184293488157602,0.026033226946618113,0.0013785576942702657,0.6258058883294929,0.03057114919087104,0.9995022401667153,-0.001434180123648196,-0.2016731840566474,-0.004537922244252927,-0.41009861742570697,0.20885294918202274,0.9008410296771167,False
GUT_GENOME009343_1,GUT_GENOME009343_00228,251068,0.024681187694086924,0.02588721417939435,0.02577284146044956,0.0013527627038995014,0.6060369475991337,0.030599097050316066,0.9998199378365384,-0.0012060264853074251,-0.16812398263402864,-0.004826255589866504,-0.4427673442371431,0.22430859465953992,0.893906319500735,False
GUT_GENOME009343_1,GUT_GENOME009343_00228,251104,0.024541795963953377,0.025834391074976117,0.025703863513975363,0.0013270225559580363,0.6150005437259658,0.030598107315704694,0.9998870499328362,-0.0012925951110227402,-0.18085359887913324,-0.004894243801729332,-0.4504705403937244,0.23563173199014853,0.888859706844639,False
GUT_GENOME009343_1,GUT_GENOME009343_00230,253960,0.024455146311296156,0.025851389239687623,0.025728107179250257,0.0013165928765168573,0.623593254095948,0.030571002531153642,0.9998826282359532,-0.0013962429283914668,-0.19609465103682228,-0.004842895351903385,-0.44465266152166794,0.23616910156355608,0.8886209158450868,False
GUT_GENOME009343_1,GUT_GENOME009343_00230,253996,0.024185906122013857,0.02551093989896684,0.02539106709541752,0.0012971478507627478,0.6189135807398345,0.030409013330298003,0.9999452343757859,-0.0013250337769529809,-0.18562359222698951,-0.005017946234880482,-0.46448626578936025,0.2502036090981959,0.8824070649583645,False
GUT_GENOME009343_1,GUT_GENOME009343_00230,254043,0.024005838515532726,0.02451398986924509,0.024463439148429758,0.001192120300420956,0.5467373070079653,0.030243052424773726,0.9999993770020249,-0.0005081513537123633,-0.06550386433133765,-0.005779613276343968,-0.5507846176012003,0.30765445122843876,0.85742014845428,False
GUT_GENOME009343_1,GUT_GENOME009343_00230,254503,0.024119051127989097,0.024440275767228414,0.024404718704165818,0.0011695514216583586,0.5292530879413215,0.030151046698038426,0.9999995521629138,-0.00032122463923931616,-0.03801693911405115,-0.005746327993872608,-0.5470133305945436,0.3006688715077369,0.8604201730326563,False
GUT_GENOME009343_1,GUT_GENOME009343_00231,254743,0.024177583210975403,0.024826616035087984,0.02478054096796323,0.0011775251832109672,0.5589534634054993,0.030089945626640444,0.9999967425694167,-0.000649032824112581,-0.08621999606407886,-0.005309404658677214,-0.4975090700149525,0.25494916246843263,0.8803157920907663,False
GUT_GENOME009343_1,GUT_GENOME009343_00231,255089,0.02481055720125837,0.02491484251739814,0.02487472667920342,0.0011867578844209083,0.5090732884156862,0.02971226609126096,0.9999771175515249,-0.00010428531613976971,-0.006116763863360657,-0.004837539412057543,-0.44404582315800256,0.1972141078642282,0.9060986859946742,False
GUT_GENOME009343_1,GUT_GENOME009343_00231,255393,0.026159248384691677,0.025413284435345896,0.02540792040355169,0.0011967241487885459,0.43938593509838453,0.029636660682856586,0.9997950268071428,0.0007459639493457813,0.11890944248888297,-0.004228740279304897,-0.37506770164170006,0.15481523632780428,0.9255125209934307,False
GUT_GENOME009343_1,GUT_GENOME009343_00231,255725,0.026146209956443154,0.02537872416837015,0.025363952093796122,0.0011981295577109074,0.43697515135277176,0.029582093167512608,0.999784718367211,0.0007674857880730045,0.12207415424932522,-0.004218141073716486,-0.3738667911086183,0.1546784766295433,0.9255758095637914,False
GUT_GENOME009343_1,GUT_GENOME009343_00237,262951,0.026102379413213958,0.025403161657145117,0.025396396894430098,0.0012013866575322685,0.44233305008158225,0.029720953599985056,0.9998406695735615,0.0006992177560688415,0.11203557685433056,-0.0043245567055549584,-0.38592388841590153,0.16148921813113182,0.9224292414305806,False
GUT_GENOME009343_1,GUT_GENOME009343_00237,264427,0.026092160657395603,0.0255591411631929,0.0255450694573532,0.001222039068675798,0.4555628746341288,0.029610650333707255,0.9995608836406312,0.0005330194942027022,0.08759669871946522,-0.0040655808763540545,-0.356581425105161,0.1348234943565763,0.934810216615103,False
GUT_GENOME009343_1,GUT_GENOME009343_00237,264497,0.026093692655252104,0.025277715868499855,0.025274237213534192,0.0011965726054500427,0.43208624508491883,0.029537758756044353,0.9998167574994222,0.0008159767867522497,0.12920458746838304,-0.004263521542510161,-0.37900848616452887,0.1603412580076029,0.922958849401218,False
GUT_GENOME009343_1,GUT_GENOME009343_00237,264652,0.025887652581413595,0.025211110953787245,0.02521055699226409,0.0011973410383665389,0.44305706408432627,0.02958158742165357,0.999869193120866,0.0006765416276263495,0.10870113079361925,-0.00437103042938948,-0.39118945138652944,0.1648451227119054,0.9208827470069818,False
GUT_GENOME009343_1,GUT_GENOME009343_00237,264772,0.02606017397053141,0.025355160619296598,0.025357056678618088,0.0012097001841458533,0.4407708284573406,0.029584119966383486,0.999762352545788,0.0007050133512348129,0.11288779902795516,-0.004227063287765398,-0.37487769525047815,0.1532769415656864,0.9262246503562,False
GUT_GENOME009343_1,GUT_GENOME009343_00237,264799,0.026204042650496105,0.025356824221871826,0.025362872350118897,0.0012141030125793187,0.42922351340189446,0.02962196469047786,0.9997742687347195,0.0008472184286242787,0.13379856257901673,-0.004259092340358962,-0.3785066489775666,0.16116933866843786,0.9225767863144716,False
GUT_GENOME009343_1,GUT_GENOME009343_00239,267452,0.026031809412261325,0.02542172887065991,0.02542515986547609,0.0012370572414340036,0.44861265100829384,0.029683902756305617,0.999711967325515,0.0006100805416014154,0.09892825853950164,-0.004258742890829528,-0.3784670556686928,0.1530241125641879,0.9263417459840931,False
GUT_GENOME009343_1,GUT_GENOME009343_00240,268779,0.02590392672914411,0.02528860141002759,0.025299537069230365,0.0012314411559869087,0.4478935359045412,0.029663879504824027,0.9998030171501695,0.0006153253191165213,0.09969948488746064,-0.004364342435593662,-0.3904316887289804,0.1623768908505884,0.9220199246355145,False
GUT_GENOME009343_1,GUT_GENOME009343_00240,269295,0.025817492434977548,0.025230633758427063,0.025235419733193463,0.0012326987943840615,0.45017607728328607,0.02968907416786061,0.9998486217619986,0.0005868586765504849,0.09551356380279571,-0.004453654434667147,-0.40055091129932163,0.16956387341302775,0.9187126000552532,False
GUT_GENOME009343_1,GUT_GENOME009343_00241,269562,0.02570950674302033,0.0255007171381643,0.025488101496956083,0.0012730745081848778,0.482203217651503,0.029697353774953864,0.9995274299378254,0.00020878960485603074,0.03991981771931229,-0.004209252277997781,-0.3728596733283315,0.14061792784125318,0.9321057883537521,False
GUT_GENOME009343_1,GUT_GENOME009343_00241,270504,0.025733404675345396,0.025372405849528833,0.025380416478897053,0.001259821472246783,0.46949240912028695,0.029727476459907448,0.9997202632520743,0.00036099882581656223,0.06230165589433045,-0.004347059981010395,-0.3884735531334933,0.1547931978113366,0.9255227195110881,False
GUT_GENOME009343_1,GUT_GENOME009343_00241,270525,0.02562836746290745,0.025457773823478802,0.025446941594525263,0.0012574678660147317,0.48546245654367726,0.02971381343060466,0.9996546260581244,0.00017059363942864905,0.03430323344314729,-0.004266871836079399,-0.37938808091836707,0.1451120277675765,0.9300136515246686,False
GUT_GENOME009343_1,GUT_GENOME009343_00241,270551,0.02578918484981616,0.025500906441915706,0.02549242077380324,0.001258862842246274,0.4756561601838622,0.02977044422920922,0.9996609992920156,0.0002882784079004559,0.05160837058909897,-0.004278023455405983,-0.3806515809984915,0.1475590500315129,0.9288764652910159,False
GUT_GENOME009343_1,GUT_GENOME009343_00245,275739,0.025997699382664902,0.025481712522468357,0.025491839974052525,0.001257831397794913,0.45650376618012023,0.029850614516135927,0.9997351887730526,0.0005159868601965455,0.08509210894747656,-0.004358774542083402,-0.3898008356043971,0.15918535844301543,0.9234924274430997,False
GUT_GENOME009343_1,GUT_GENOME009343_00245,275817,0.026040311908676447,0.025484879415102527,0.025496794838112024,0.0012591835768665926,0.4534794582695732,0.029917398734318593,0.9997765278311811,0.0005554324935739194,0.09089245256261409,-0.004420603896206569,-0.3968062212439906,0.1657166151507819,0.9204815632449292,False
GUT_GENOME009343_1,GUT_GENOME009343_00245,276925,0.026260201232041456,0.025516917955698243,0.02554892820162354,0.0012955657993818088,0.4381402933701675,0.029955379847598693,0.9996645210444222,0.000743283276343213,0.1185152588187676,-0.004406451645975154,-0.39520274386750703,0.17023107533328585,0.9184061677656871,False
GUT_GENOME009343_1,GUT_GENOME009343_00245,277193,0.02618262442324131,0.025469232470973695,0.025509451126282057,0.0012864933101841382,0.44035823014274783,0.02998163823957151,0.999745771839258,0.0007133919522676162,0.11411984325803416,-0.004472187113289453,-0.4026506997012072,0.17515092459511003,0.9161497342784248,False
GUT_GENOME009343_1,GUT_GENOME009343_00245,277486,0.02630005583075122,0.02540212379354525,0.02545932236929007,0.0012908727001216863,0.4256934317962215,0.029997578032513027,0.999780659957932,0.0008979320372059715,0.14125582287759605,-0.004538255663222957,-0.4101363944411351,0.18816506954200113,0.9102076353617721,False
GUT_GENOME009343_1,GUT_GENOME009343_00245,277513,0.026335488041322647,0.025142949731930805,0.02521323836434855,0.001278682093057233,0.40122143244816805,0.029912525006728807,0.9998811226224854,0.001192538309391842,0.18457665369059467,-0.004699286642380257,-0.4283815164372507,0.21757926471269623,0.8969190804067455,False
GUT_GENOME009343_1,GUT_GENOME009343_00245,277535,0.026264251483809946,0.025021771929993844,0.025104104770729198,0.001284291113990499,0.39624458795395906,0.02990802045797241,0.999908179774945,0.0012424795538161018,0.19192034051790363,-0.004803915687243213,-0.44023618997802905,0.23064132007087937,0.891080364229046,False
GUT_GENOME009343_1,GUT_GENOME009343_00245,277763,0.026424544150834936,0.025032491383736758,0.025118686422608564,0.0012842037777913641,0.3852104869532885,0.02988219995481562,0.9998960887326415,0.001392052767098178,0.21391456290384556,-0.004763513532207057,-0.4356585475181855,0.23555781024799838,0.8888925604808133,False
GUT_GENOME009343_1,GUT_GENOME009343_00245,278360,0.026303611757278005,0.02492864495435401,0.025029057454181988,0.0012906491091904978,0.3856294221224342,0.029891296380304595,0.9999174826683676,0.0013749668029239964,0.2114021311155648,-0.004862238926122607,-0.4468443259660968,0.24436071268829782,0.8849887407742241,False
GUT_GENOME009343_1,GUT_GENOME009343_00246,280274,0.02622628271750879,0.024874721336979665,0.024961592559977697,0.0012786964368905708,0.3870986173674489,0.029930251442481907,0.9999489868968248,0.0013515613805291232,0.2079604449078952,-0.004968658882504209,-0.458901913252497,0.253838512633092,0.880804789149092,False
GUT_GENOME009343_1,GUT_GENOME009343_00247,280929,0.02604864188023757,0.024849003362484096,0.024924498485563797,0.0012817351525637889,0.39857475798738556,0.029911778676570258,0.9999500918522458,0.001199638517753475,0.18562071471105143,-0.004987280191006461,-0.4610117435915339,0.24698687745914774,0.8838274402558995,False
GUT_GENOME009343_1,GUT_GENOME009343_00247,280945,0.02584316911430572,0.025304458230028935,0.025348264589743433,0.0012717118229105383,0.4539477630632328,0.029904042395790097,0.999829772673563,0.000538710884276785,0.08843359789564627,-0.004555777806046664,-0.41212168717874925,0.1776647862798277,0.9149989208191686,False
GUT_GENOME009343_1,GUT_GENOME009343_00247,280960,0.025673177539458792,0.0252392483985253,0.025272772199267737,0.0012711546068238085,0.4628507964409949,0.029928754151962035,0.99987526213761,0.0004339291409334936,0.07302580585514987,-0.0046559819526942985,-0.42347501117684083,0.18466385341201952,0.9118024477274551,False
GUT_GENOME009343_1,GUT_GENOME009343_00248,281545,0.026062047839214054,0.02532229677029582,0.0253761500282141,0.0012830663848718443,0.4381561812884137,0.02992830763228995,0.9998058228709569,0.0007397510689182325,0.11799585996443004,-0.0045521576040758495,-0.4117115112799642,0.18342939148917747,0.9123654141511726,False
GUT_GENOME009343_1,GUT_GENOME009343_00255,289136,0.026085526250102097,0.025395817874142388,0.025459292915849106,0.001282742870313789,0.44279285909578847,0.029978795920553473,0.9997869051179918,0.0006897083759597085,0.11063725548191818,-0.0045195030047043665,-0.4080116818907073,0.17871413485985496,0.914518970329876,False
GUT_GENOME009343_1,GUT_GENOME009343_00255,289319,0.02634391757852351,0.02522298394519818,0.025321615152874517,0.0012621687479051663,0.4064291544997337,0.02993483609545647,0.9998714066954266,0.0011209336333253272,0.17404743435564451,-0.004613220942581951,-0.4186301058657031,0.20554367494291215,0.9023328285361655,False
GUT_GENOME009343_1,GUT_GENOME009343_00255,289395,0.026305628750374586,0.025154846659353722,0.02525052208673222,0.0012660475596106766,0.4038881443725593,0.02994542488315848,0.9998956783780302,0.001150782091020864,0.17843654656382416,-0.004694902796426259,-0.4278848181953258,0.2149250187916708,0.8981101925133668,False
GUT_GENOME009343_1,GUT_GENOME009343_00255,289637,0.026640162372974202,0.02489657786272745,0.025025460282549532,0.0012512034743172237,0.3573555663400131,0.030009015192724687,0.9999659759353944,0.0017435845102467505,0.26560608683966275,-0.004983554910175155,-0.46058966205422563,0.28268943015750425,0.8681899819308969,False
GUT_GENOME009343_1,GUT_GENOME009343_00255,289900,0.026526163416866033,0.02411822383674415,0.024311149916987646,0.00125501225852573,0.30727346937142497,0.03007966821502002,0.9999978505696603,0.0024079395801218824,0.3632971962932339,-0.005768518298032373,-0.5495275350578372,0.4339653646212671,0.8049439089528726,False
GUT_GENOME009343_1,GUT_GENOME009343_00255,289970,0.025739125049436467,0.023210084178859898,0.023425895619635432,0.001221331296506834,0.29095616924362755,0.030011705458112374,0.9999999652232249,0.002529040870576569,0.3811047211503876,-0.006585809838476942,-0.642128250397451,0.5575694984416063,0.7567027665463086,False
GUT_GENOME009343_1,GUT_GENOME009343_00256,291070,0.025394420327324533,0.023260322177419027,0.02345751167947037,0.0012279796678987746,0.32000375823890453,0.03005154428844793,0.999999960592869,0.0021340981499055056,0.32302976349224893,-0.0065940326089775625,-0.6430599062298566,0.5178742711022103,0.7718715447978222,False
GUT_GENOME009343_1,GUT_GENOME009343_00256,291322,0.025044495290579512,0.022876869713985764,0.023061603865506985,0.0011919150376701712,0.3124782207887372,0.030010595459557362,0.9999999972303992,0.002167625576593748,0.32795985533442196,-0.0069489915940503764,-0.6832774471040549,0.5744257364320096,0.7503519857469763,False
GUT_GENOME009343_1,GUT_GENOME009343_00256,292492,0.02415186199923962,0.02254865610378182,0.022705843378435266,0.0012184213037138934,0.3521227915814926,0.030047398311833402,0.9999999991568795,0.001603205895457798,0.24496389828096654,-0.007341554933398137,-0.727755634190069,0.5896355745563971,0.7446672629534532,False
GUT_GENOME009343_1,GUT_GENOME009343_00259,294520,0.02442832733970884,0.022431619431299253,0.022618096379876267,0.00119986373466648,0.31826694586465143,0.030039143387489003,0.9999999996893069,0.0019967079084095875,0.3028270048644673,-0.007421047007612737,-0.7367622402441308,0.6345227935247345,0.7281403967050006,False
GUT_GENOME009343_1,GUT_GENOME009343_00259,296189,0.024056053595503613,0.022291181861927245,0.02247311501241375,0.0012060361710907537,0.336323108471965,0.030073890442956056,0.999999999853349,0.0017648717335763675,0.2687362992193878,-0.007600775430542307,-0.757125818852917,0.6454587040918324,0.7241698229284589,False
GUT_GENOME009343_1,GUT_GENOME009343_00260,297149,0.02430958931023967,0.02205486000392669,0.02228174250007923,0.0011999599268751138,0.2949889115565,0.030056961962113247,0.9999999999540066,0.002254729306312979,0.3407681567678934,-0.007775219462034015,-0.7768906656713136,0.7196820430742044,0.697787250398006,False
GUT_GENOME009343_1,GUT_GENOME009343_00260,297445,0.024725835554061482,0.022072163118995652,0.022347256618462246,0.0011950808292939513,0.2666742931780194,0.030062965356199595,0.9999999999463259,0.00265367243506583,0.39943136056352346,-0.007715708737737349,-0.7701479852842729,0.7526733310390521,0.6863712166177882,False
GUT_GENOME009343_1,GUT_GENOME009343_00260,297986,0.024542524023830375,0.022110903353316103,0.022349566081825364,0.0011998049274638562,0.28436743603552206,0.0301351238761184,0.9999999999568017,0.0024316206705142715,0.3667794185240925,-0.007785557794293036,-0.7780620187506361,0.7399076468751866,0.6907662271107088,False
GUT_GENOME009343_1,GUT_GENOME009343_00260,298448,0.024576076846751928,0.022074807168988294,0.022312894954655684,0.001199259824106323,0.27784177736637605,0.030122523909874896,0.9999999999629318,0.002501269677763634,0.37702106354052756,-0.007809628955219212,-0.7807893279304257,0.7517768569632763,0.6866789425807511,False
GUT_GENOME009343_1,GUT_GENOME009343_00260,298692,0.024613266336781087,0.022073458738313442,0.02227543699614436,0.0011680439879636947,0.27494714090372063,0.030101807250066653,0.999999999989608,0.002539807598467645,0.382687931154432,-0.007826370253922292,-0.782686149515996,0.7590476612954354,0.6841871205973669,False
GUT_GENOME009343_1,GUT_GENOME009343_00260,298712,0.024683209105480313,0.021913921842254696,0.02214741813757787,0.001162099178570109,0.25779530763234304,0.030175686601712402,0.9999999999975496,0.002769287263225617,0.41643212016386255,-0.008028268464134531,-0.8055616079861416,0.8223452149653878,0.6628725049711353,False
GUT_GENOME009343_1,GUT_GENOME009343_00260,298757,0.024283701638829428,0.02171060086007037,0.021935734434369296,0.0011611638018562507,0.2678555876651715,0.030187213866287043,0.9999999999994037,0.002573100778759059,0.3875835778761727,-0.008251479431917747,-0.8308518431904973,0.840535815172342,0.6568708155650484,False
GUT_GENOME009343_1,GUT_GENOME009343_00260,298866,0.023688390633025865,0.021647257370460436,0.02180152905777709,0.0011780604732951451,0.3095808117644478,0.030270092406902965,0.9999999999996726,0.0020411332625654283,0.3093595991534935,-0.008468563349125876,-0.8554478716912495,0.8274944227694986,0.6611680659025112,False
GUT_GENOME009343_1,GUT_GENOME009343_00260,298877,0.02360764948404561,0.021570538135482244,0.021761135891232925,0.0011580131418350212,0.31022705469789347,0.03026255398204426,0.9999999999998943,0.002037111348563367,0.30876819064499506,-0.008501418090811334,-0.8591703775925301,0.8335115332866747,0.6591818944923864,False
GUT_GENOME009343_1,GUT_GENOME009343_00338,406616,0.023593534348664295,0.021528739028345224,0.02169968248054631,0.0011677444866242575,0.30645322891281745,0.03024204591526787,0.9999999999998715,0.002064795320319071,0.3128390227008178,-0.008542363434721562,-0.863809564404437,0.844035217680986,0.6557224927789977,False
GUT_GENOME009343_1,GUT_GENOME009343_00338,406649,0.02363773730503486,0.021567087292169287,0.021741671911449458,0.0011495185027582604,0.3069362332102412,0.03025945289633215,0.9999999999999368,0.0020706500128655735,0.3136999349393364,-0.008517780984882692,-0.8610243252000263,0.8397705377671045,0.6571222078548469,False
GUT_GENOME009343_1,GUT_GENOME009343_00338,406674,0.02353174575523907,0.021597571733219637,0.021737437211644534,0.0011468806663218942,0.31728025442021507,0.03024194508411968,0.9999999999999394,0.0019341740220194317,0.2936316136995498,-0.008504507872475146,-0.8595204558426446,0.8249949385757492,0.6619948720071637,False
GUT_GENOME009343_1,GUT_GENOME009343_00338,406809,0.023771934907110426,0.021646801883704048,0.021798685567412702,0.001136007210052763,0.2998729025799515,0.030144779291370775,0.9999999999998985,0.002125133023406379,0.3217114727260538,-0.008346093723958073,-0.8415718258291522,0.8117414097129795,0.6663963236632775,False
GUT_GENOME009343_1,GUT_GENOME009343_00338,406898,0.023567819225417546,0.021477687737183705,0.02161756116011624,0.0011284428833184962,0.3015220525076391,0.03008157662231766,0.9999999999999682,0.002090131488233841,0.3165646183425596,-0.008464015462201421,-0.8549325872894813,0.831122886395857,0.6599696412023128,False
GUT_GENOME009343_1,GUT_GENOME009343_00338,406920,0.023323359042258393,0.021372187507432874,0.02149978051106262,0.0011301928496288975,0.3126484354323951,0.03006615635930389,0.9999999999999827,0.0019511715348255187,0.2961310390208468,-0.00856637584824127,-0.8665302173892289,0.8385682099201904,0.6575173647846562,False
GUT_GENOME009343_1,GUT_GENOME009343_00338,406932,0.023333570905876,0.021400755940731615,0.02152196994839723,0.0011432753415538028,0.3137797350148952,0.03005035917827095,0.9999999999999566,0.001932814965144386,0.29343176909844115,-0.008528389229873718,-0.8622262599149415,0.8295363264031491,0.6604933896289885,False
GUT_GENOME009343_1,GUT_GENOME009343_00338,406952,0.02327595225455511,0.021462283263316236,0.021576993898092627,0.0011467745691466445,0.32567652807822656,0.0300719509955492,0.9999999999999357,0.0018136689912388732,0.2759117667600177,-0.008494957097456571,-0.8584383345248506,0.8130436772184337,0.6659625517613361,False
GUT_GENOME009343_1,GUT_GENOME009343_00338,407233,0.023787177569825606,0.02172961403242553,0.021852346733870803,0.0011371643560584971,0.306007536502242,0.030056095520104884,0.9999999999997288,0.0020575635374000777,0.31177561409792026,-0.008203748786234082,-0.8254438685386064,0.7785616136541154,0.6775439843220313,False
GUT_GENOME009343_1,GUT_GENOME009343_00338,407250,0.023583449641709296,0.02177207292470067,0.021837675755779787,0.0011361739366367236,0.32816939973536274,0.030043977266373752,0.9999999999997453,0.001811376717008626,0.275574695782646,-0.008206301510593966,-0.825733097155437,0.7577765606936082,0.6846220941368842,False
GUT_GENOME009343_1,GUT_GENOME009343_00338,407251,0.02355036633986279,0.02212442702169085,0.0221828134410613,0.0011343571780308055,0.3627770781706159,0.030065205909463058,0.9999999999981576,0.0014259393181719413,0.21889746274168867,-0.007882392468401757,-0.7890335749804587,0.6704900816411921,0.7151628207953615,False
GUT_GENOME009343_1,GUT_GENOME009343_00338,407264,0.023758113180512627,0.022240015228566418,0.022280843615224553,0.0011344803316348474,0.3547985131804541,0.030038862528119353,0.9999999999959956,0.0015180979519462089,0.23244907028917938,-0.0077580189128948,-0.77494181012136,0.6545673793524739,0.7208792080266139,False
GUT_GENOME009343_1,GUT_GENOME009343_00338,407328,0.023747861487802936,0.022253407902914964,0.022313009971619453,0.0011491589801899012,0.356153794466739,0.030045953789384704,0.9999999999914713,0.0014944535848879711,0.228972248097274,-0.00773294381776525,-0.7721007532508312,0.6485678635692205,0.7230449177982705,False
GUT_GENOME009343_1,GUT_GENOME009343_00338,407372,0.023872370409202207,0.022261858194793132,0.02233854538940784,0.0011484249185290168,0.3467942323934813,0.030038411053109774,0.9999999999899103,0.0016105122144090753,0.24603826714896673,-0.007699865663701934,-0.7683529342941943,0.6509010605401647,0.7222019065156895,False
GUT_GENOME009343_1,GUT_GENOME009343_00338,407440,0.023736486207456293,0.022220207651826387,0.02228561219644379,0.0011629770406109176,0.355492243287045,0.030028504576437014,0.9999999999861041,0.001516278555629906,0.2321815343694057,-0.007742892379993222,-0.7732279446303109,0.6517897192593466,0.7218810822861628,False
GUT_GENOME009343_1,GUT_GENOME009343_00338,407441,0.023734647336611386,0.02221915607661706,0.022270696289681577,0.0011491936407575802,0.35537993413749014,0.030005495171642485,0.9999999999915535,0.0015154912599943254,0.2320657652760468,-0.007734798881960908,-0.772310935619078,0.6503187006899729,0.7224122278319195,False
GUT_GENOME009343_1,GUT_GENOME009343_00338,407460,0.02381848832176558,0.022631821577714817,0.02267450845481179,0.0011455325142690485,0.3860960892582793,0.030016473577527136,0.999999999926865,0.0011866667440507649,0.18371326036613828,-0.007341965122715347,-0.7278021094346038,0.5634464725318156,0.754482469025203,False
GUT_GENOME009343_1,GUT_GENOME009343_00338,407463,0.023962333577261803,0.022740001552248132,0.022788064469999505,0.0011427234403071954,0.3837513766623589,0.03002211844482245,0.9999999998778459,0.0012223320250136713,0.1889577162666472,-0.007234053974822945,-0.7155755672602901,0.5477534109965927,0.7604258258045752,False
GUT_GENOME009343_1,GUT_GENOME009343_00338,407526,0.02392657397815297,0.02270556035758623,0.022749693213520435,0.001147405045567141,0.38273983946269957,0.030005546786086128,0.9999999998723194,0.0012210136205667403,0.18876384946413538,-0.007255853572565692,-0.7180455039293961,0.5512211365777392,0.7591084941264338,False
GUT_GENOME009343_1,GUT_GENOME009343_00338,407528,0.02388510510074955,0.02271276544590568,0.022726915376367268,0.0011593343202753476,0.3872615522338671,0.029980913516234147,0.9999999998038203,0.0011723396548438715,0.18160651157572902,-0.00725399813986688,-0.7178352798090276,0.5482684139852103,0.7602300402267408,False
GUT_GENOME009343_1,GUT_GENOME009343_00338,407530,0.023725238682323315,0.02278144671333004,0.022810017390414005,0.001150280799117641,0.40891105517693815,0.030018808647896567,0.9999999998159459,0.0009437919689932739,0.14799936683310275,-0.007208791257482562,-0.7127132524296858,0.5298639927719003,0.7672581245271836,False
GUT_GENOME009343_1,GUT_GENOME009343_00338,407541,0.02384944546757571,0.022801265330213486,0.02285590974533261,0.0011181366442361135,0.3992145249707657,0.030002170639558644,0.999999999917718,0.001048180137362225,0.16334928503829646,-0.007146260894226035,-0.705628441096816,0.5245944858072453,0.7692823260075873,False
GUT_GENOME009343_1,GUT_GENOME009343_00338,407601,0.023802687534395357,0.022815262860352733,0.022852889181695802,0.0011008668859470172,0.4050059347149244,0.030034034289656997,0.9999999999655823,0.0009874246740426244,0.15441540481943536,-0.007181145107961195,-0.709580890114187,0.5273491568607921,0.7682234954796978,False
GUT_GENOME009343_1,GUT_GENOME009343_00338,407693,0.024028827673720023,0.022885292722317107,0.02292928272730659,0.0011063600403971151,0.3910639540951509,0.030063346675149805,0.999999999943418,0.0011435349514029164,0.17737087981159286,-0.007134063947843217,-0.704246503435509,0.5274235666062789,0.7681949143539919,False
GUT_GENOME009343_2,GUT_GENOME009343_00489,60724,0.04497630520619502,0.039032059829509864,0.0396919474170939,0.0020209795588322175,0.17370703137557064,0.034010592601958316,0.002467941741581868,0.005944245376685156,0.8832987019614191,0.005681354815135584,0.7477652770645397,1.3393695064701356,0.5118699176898829,False
GUT_GENOME009343_2,GUT_GENOME009343_00489,60730,0.045229578132604975,0.03967097599005282,0.04028259915786975,0.002030339476679819,0.19008739809004116,0.034118298214681694,0.0011983242673670946,0.005558602142552153,0.8265912015538475,0.006164300943188053,0.802484009261167,1.3272335996061102,0.5149853631434047,False
GUT_GENOME009343_2,GUT_GENOME009343_00489,60861,0.04551711885664824,0.039962366239510876,0.040573412142002344,0.0020578188873351375,0.19128754041645607,0.03416602339976494,0.0009238500056473234,0.005554752617137365,0.8260251421893708,0.0064073887422374035,0.8300263279667512,1.3712612406469393,0.5037724402439301,False
GUT_GENOME009343_2,GUT_GENOME009343_00492,64042,0.04603340672710904,0.0402916565440103,0.04093966101204238,0.0021094639800251823,0.18510524161876463,0.03417964353716349,0.0006762189683750119,0.005741750183098741,0.853522485872347,0.006760017474878893,0.869979846724747,1.4853655675969253,0.4758356374769491,False
GUT_GENOME009343_2,GUT_GENOME009343_00495,66521,0.046274427241478164,0.040501331263578334,0.04117942624910042,0.0021193509581760653,0.1839529589931152,0.03422163718923555,0.0005135778285139152,0.0057730959778998295,0.8581317763100611,0.006957789059864869,0.8923877505598812,1.5327460428623854,0.46469545593468464,False
GUT_GENOME009343_2,GUT_GENOME009343_00495,66604,0.04641002609078178,0.04093872464202646,0.04165549685048106,0.0021758098700175536,0.19742703453633753,0.03428951998090658,0.0003553788751167033,0.0054713014487553155,0.8137539372357133,0.007365976869574478,0.9386362204161327,1.543233424643708,0.4622651141547749,False
GUT_GENOME009343_2,GUT_GENOME009343_00495,66955,0.04674515143207889,0.04089006429598549,0.0417357958013389,0.002215792156007647,0.181825742173868,0.03432990128732596,0.000415400647670504,0.005855087136093402,0.8701882918279135,0.0074058945140129395,0.9431589668863375,1.6467765000524852,0.43894188721832694,False
GUT_GENOME009343_2,GUT_GENOME009343_00496,67656,0.04680914820562389,0.041230322213426186,0.042073604666100335,0.0022388858074554666,0.19237456105438888,0.034332402761885684,0.0002724912617294075,0.0055788259921977015,0.829565048520451,0.007741201904214651,0.9811499439793439,1.6508333822974077,0.43805242186295534,False
GUT_GENOME009343_2,GUT_GENOME009343_00496,67733,0.04651518045519366,0.041358516979306106,0.042123172562201196,0.002226304042663418,0.21002518575901985,0.03433608789371005,0.00023458863014180336,0.00515666347588755,0.767487514294963,0.007787084668491144,0.9863485500868425,1.5619205468570776,0.4579660274792835,False
GUT_GENOME009343_2,GUT_GENOME009343_00496,68032,0.04619957119535584,0.041578099188084874,0.042259214372084915,0.0022410876589658737,0.23475049405150294,0.03432055185318957,0.00019830768193610648,0.004621472007270963,0.6887894645471565,0.007938662518895342,1.0035226142762683,1.4814885638350346,0.4767589403782929,False
GUT_GENOME009343_2,GUT_GENOME009343_00496,68080,0.04660779975030421,0.042398333339407644,0.042983909742275186,0.0023103043857331013,0.25646881757976103,0.03430245160525344,8.573709312693816e-05,0.004209466410896569,0.6282054701803191,0.008681458137021744,1.0876827972535943,1.5776959802058794,0.45436793024872424,False
GUT_GENOME009343_2,GUT_GENOME009343_00496,68466,0.046562477795668716,0.04271170514147032,0.043288533385601444,0.0022830975975154967,0.27392462449639765,0.03427701900032907,3.9559005440236855e-05,0.003850772654198399,0.5754607969854572,0.009011514385272375,1.1250788097874966,1.5969574570999876,0.45001303563930506,False
GUT_GENOME009343_2,GUT_GENOME009343_00496,68785,0.04683464395431339,0.042859085719172726,0.04344949468864556,0.0022870947679557215,0.2687095157787057,0.03424818584932018,2.8713327133508302e-05,0.003975558235140661,0.5938100839839733,0.009201308839325385,1.1465828892292589,1.6672627377143685,0.43446870210205446,False
GUT_GENOME009343_2,GUT_GENOME009343_00499,71687,0.04720976573281892,0.042982078464759696,0.04356367794418444,0.0022890435522030478,0.2569282536425179,0.034244474570743734,2.3383624219765903e-05,0.0042276872680592215,0.6308847840474492,0.009319203373440707,1.1599405684091644,1.7434777329839721,0.41822368145274813,False
GUT_GENOME009343_2,GUT_GENOME009343_00499,72486,0.04736046853152353,0.042141710567174875,0.042869098870996165,0.002177542543592551,0.21106997422107732,0.03423532585325651,3.671091681186972e-05,0.005218757964348654,0.7766182935179728,0.008633773017739654,1.0822799808312262,1.7744659307348076,0.41179362498221206,False
GUT_GENOME009343_2,GUT_GENOME009343_00501,73869,0.0470253615301772,0.0415310178554947,0.04225711508162402,0.002070627734760644,0.1971155857793226,0.03412266126247309,4.273929640753545e-05,0.005494343674682503,0.8171422166621499,0.008134453819150927,1.025706148013909,1.7197945043250629,0.4232055635403682,False
GUT_GENOME009343_2,GUT_GENOME009343_00504,78427,0.04684158566929782,0.0411775454575997,0.04190781384925484,0.0020322684949475142,0.18826678289288795,0.03407597321159274,5.816283193887353e-05,0.0056640402116981195,0.8420955040278961,0.007831840637662103,0.9914194881252983,1.692037439338625,0.4291199825002767,False
GUT_GENOME009343_2,GUT_GENOME009343_00505,82098,0.04641420562626001,0.041009118952688786,0.041703797500025834,0.0020180708862383503,0.19819629647396303,0.03398407302754818,6.530674157862632e-05,0.005405086673571223,0.8040172841366882,0.0077197244724776515,0.9787165093430058,1.6043297988510938,0.44835726429662703,False
GUT_GENOME009343_2,GUT_GENOME009343_00505,82533,0.045841249413882804,0.0405885280567953,0.04124709804725048,0.0019960790217078478,0.2024064933456528,0.03383913454602132,0.00010311603664825125,0.0052527213570875,0.7816124926562272,0.007407963501229159,0.9433933871473696,1.5009091715896679,0.47215187041564866,False
GUT_GENOME009343_2,GUT_GENOME009343_00509,85981,0.04518731110241234,0.040103063487573434,0.04072595592267768,0.001990694916224577,0.20771527966066594,0.03381023101665494,0.0002563561506467844,0.005084247614838909,0.7568390130210777,0.006915724906022741,0.8876218004145784,1.3606777522019367,0.5064453410604375,False
GUT_GENOME009343_2,GUT_GENOME009343_00511,86956,0.04442316751277212,0.03995911294660798,0.04053175985665901,0.001984246201590589,0.2363701979910957,0.03379997131437316,0.00034614107021972885,0.004464054566164145,0.665641775658506,0.006731788542285851,0.8667814539578678,1.194389062427124,0.5503534717834012,False
GUT_GENOME009343_2,GUT_GENOME009343_00511,87252,0.04379371834328761,0.03944317400652572,0.03998138726639562,0.0019402241613116192,0.24134610784405364,0.03374774093944194,0.0006571279271436069,0.004350544336761887,0.6489504900080176,0.006233646326953682,0.8103409756243626,1.07778923525749,0.5833927681716176,False
GUT_GENOME009343_2,GUT_GENOME009343_00514,90000,0.0439987953702642,0.03941898711836457,0.040043645236826284,0.001953718322918419,0.23167422182911857,0.033675008293720464,0.0005575486234061805,0.004579808251899631,0.6826629537838795,0.00636863694310582,0.8256356740290759,1.1477029746983778,0.563351513736313,False
GUT_GENOME009343_2,GUT_GENOME009343_00514,90014,0.04407056097711722,0.03932697496143143,0.039986776358752946,0.0019476793933861842,0.22437499795666188,0.03369047032785339,0.0006130841051449791,0.004743586015685794,0.7067459060688713,0.006296306030899555,0.8174404415079812,1.167698651157873,0.5577472782371501,False
GUT_GENOME009343_2,GUT_GENOME009343_00515,91472,0.043648187626923025,0.039136176156173395,0.03977445870779411,0.0019494342801756326,0.2336890541550225,0.03368671727146521,0.0008956221404222202,0.00451201147074963,0.6726936721929836,0.006087741436328897,0.7938096687714202,1.0826505668434732,0.5819764573126358,False
GUT_GENOME009343_2,GUT_GENOME009343_00515,91653,0.043534461251517984,0.03926027448370835,0.03985560940134342,0.0019055613336501863,0.24555478324422236,0.033679705647831494,0.0005955784269697529,0.004274186767809635,0.6377223742543061,0.006175903753511923,0.8037986301556348,1.0527820644646242,0.5907330638436439,False
GUT_GENOME009343_2,GUT_GENOME009343_00516,92606,0.04379838445873382,0.03942622026551859,0.04000650096150131,0.0019008654222019009,0.24202257535522748,0.03366548702216648,0.00042518549857606364,0.004372164193215226,0.6521296149352206,0.006341013939334832,0.8225059341719486,1.101789046423629,0.5764339461437147,False
GUT_GENOME009343_2,GUT_GENOME009343_00517,93238,0.043934872553270506,0.039526557642070644,0.040088111575450225,0.0018829029900048339,0.24045775500366046,0.03363402057851999,0.00030432051703485505,0.004408314911199862,0.65744545266658,0.006454090996930235,0.8353177839264895,1.1299903233758257,0.5683628966679608,False
GUT_GENOME009343_2,GUT_GENOME009343_00517,93276,0.043985306318772184,0.03970155894519669,0.04027979406910394,0.0018890648109287371,0.24718303950674203,0.03364716948375003,0.00022315973983645714,0.004283747373575494,0.6391282281819213,0.006632624585353908,0.8555459854703198,1.1404438253133427,0.5653999553707045,False
GUT_GENOME009343_2,GUT_GENOME009343_00517,93303,0.04374740365643288,0.04015027211276035,0.04059363219832158,0.0018810112966960147,0.28283686970238253,0.033682137734188086,0.00011922768972043588,0.003597131543672527,0.5381637511527739,0.006911494464133493,0.8871424831504672,1.0766420084652017,0.5837275060745488,False
GUT_GENOME009343_2,GUT_GENOME009343_00519,95860,0.043964958954185424,0.040285816551340406,0.04075053661206369,0.0018961413509693435,0.279398840168052,0.03371932907713194,0.00010438275408459408,0.0036791424028450176,0.5502231636312652,0.007031207534931749,0.9007062060606424,1.1140171994325545,0.5729203370799848,False
GUT_GENOME009343_2,GUT_GENOME009343_00520,96311,0.04426517655491108,0.04044753358921288,0.04094918993955736,0.0018972819177324434,0.2726842991300994,0.03384561976796568,9.052895256503756e-05,0.003817642965698198,0.5705891911647262,0.007103570171591682,0.9089050330238156,1.1516803841300398,0.5622322871986953,False
GUT_GENOME009343_2,GUT_GENOME009343_00523,99868,0.044261726961716485,0.04081345285375621,0.04125556109278611,0.001905037822337277,0.2922255168617134,0.03386654303072075,5.251399085919292e-05,0.003448274107960274,0.5162747813766014,0.007389018062065357,0.941246832176255,1.1524852489672928,0.5620060722207012,False
GUT_GENOME009343_2,GUT_GENOME009343_00526,101857,0.0447192184463497,0.04053204549680067,0.04108288587215865,0.0019002377424132352,0.2544621268199468,0.03391851217237086,8.154164465942569e-05,0.004187172949549026,0.6249272939890678,0.007164373699787792,0.9157941905979531,1.2292131223054588,0.5408536462894602,False
GUT_GENOME009343_2,GUT_GENOME009343_00545,122069,0.04443387969452673,0.040550613994823036,0.04105829137277979,0.001893256435073012,0.26973081355759954,0.03392612736397028,8.256386205351352e-05,0.0038832656997036946,0.5802387866612706,0.007132164008809512,0.9121447701918222,1.1686851313344355,0.5574722427552325,False
GUT_GENOME009343_2,GUT_GENOME009343_00545,122084,0.044592735043899545,0.04054933829617417,0.041090447316519944,0.0018954866875972615,0.2625332762114481,0.03393997340197625,8.085265890013788e-05,0.004043396747725372,0.6037855020376446,0.007150473914543695,0.9142193179937779,1.2003538938638587,0.5487145341500111,False
GUT_GENOME009343_2,GUT_GENOME009343_00545,122092,0.044649860363559356,0.041099146110293215,0.04154270165494459,0.0019424345587136357,0.28869490042190893,0.033917956196306165,4.330093891927313e-05,0.0035507142532661407,0.531338249544905,0.007624745458638428,0.9679552030177513,1.21925761047858,0.5435525955079088,False
GUT_GENOME009343_2,GUT_GENOME009343_00545,122096,0.04467564914403008,0.04195288471438095,0.04234352932814215,0.001924056038007382,0.3345315607323379,0.03390215192396237,5.738783425197221e-06,0.0027227644296491244,0.4095910987987879,0.00844137740417978,1.0604811849766194,1.2923852119046133,0.5240371994037581,False
GUT_GENOME009343_2,GUT_GENOME009343_00545,122178,0.04450879632270489,0.04182008568944917,0.04223076840171289,0.0018862059383445008,0.33631201831160085,0.03391266281942242,5.169323214281822e-06,0.0026887106332557156,0.40458360611659405,0.008318105582290465,1.0465142486714194,1.2588799670106128,0.5328901447313059,False
GUT_GENOME009343_2,GUT_GENOME009343_00545,122193,0.04511597120537287,0.041725749403276786,0.042200888626800354,0.0018845375578499333,0.2988122806679813,0.033916832110201085,5.518190729188188e-06,0.003390221802096083,0.5077383910886839,0.008284056516599268,1.0426564235458404,1.3449306913467283,0.5104485930454128,False
GUT_GENOME009343_2,GUT_GENOME009343_00545,122201,0.04527084981885137,0.04171236773855279,0.04220120507219854,0.001877862436587953,0.2887101503966949,0.03390216419570939,4.948574801616499e-06,0.003558482080298582,0.5324804815760165,0.008299040876489146,1.0443541805591505,1.3742111177108012,0.503029954555468,False
GUT_GENOME009343_2,GUT_GENOME009343_00545,122793,0.04496904005363436,0.04136221959658858,0.04187513626211974,0.0018538033002093949,0.2849520084452597,0.0338237778260137,7.0224902920282105e-06,0.00360682045704578,0.5395884722691651,0.008051358436106042,1.0162912800866206,1.3240036853858734,0.5158177143420596,False
GUT_GENOME009343_2,GUT_GENOME009343_00546,122952,0.04490302304357801,0.04123651189728016,0.041724797669481076,0.0018540726490722935,0.28103843384130867,0.033709958107164345,7.702046015371572e-06,0.003666511146297846,0.5483657811533716,0.00801483956231673,1.0121536209173505,1.3251599822760511,0.5155195813234386,False
GUT_GENOME009343_2,GUT_GENOME009343_00546,123062,0.04492814090425687,0.041029304594265584,0.04151369515593098,0.0018550070732335324,0.26777817079624744,0.03366601371295043,1.1656554131290114e-05,0.0038988363099912854,0.5825283909148362,0.00784768144298055,0.993214282065348,1.325813936320413,0.5153510458209813,False
GUT_GENOME009343_2,GUT_GENOME009343_00547,123765,0.04468577560087009,0.041039821451418275,0.04150670624115071,0.0018643371656541904,0.28091358910513464,0.033635044700609906,1.2094818707335243e-05,0.003645954149451812,0.5453429460460847,0.007871661540540802,0.9959312735893091,1.289278030515446,0.5248519714676352,False
GUT_GENOME009343_2,GUT_GENOME009343_00549,125769,0.044643788617847895,0.0410453335819152,0.04149114821418007,0.0018816189907291682,0.2831920814207207,0.0336612726581534,1.5825940551920922e-05,0.0035984550359326947,0.5383583661005807,0.00782987555602667,0.9911968405679249,1.2723009071023232,0.5293261727150009,False
GUT_GENOME009343_2,GUT_GENOME009343_00550,127800,0.04452510001783187,0.041044976450959246,0.04146111110379832,0.0019078554687028682,0.2885680590125698,0.03362173302456354,1.986880568432461e-05,0.003480123566872627,0.5209581338754821,0.00783937807923478,0.9922734948620874,1.2560040658568457,0.5336569656154744,False
GUT_GENOME009343_2,GUT_GENOME009343_00551,128143,0.04457663886986379,0.04111692695002798,0.04152471720560128,0.001916723324939887,0.28987936660429287,0.03358952326188166,1.736689546059768e-05,0.003459711919835809,0.5179566719536574,0.007935193943719623,1.0031296179872011,1.2745481445044566,0.5287317459454313,False
GUT_GENOME009343_2,GUT_GENOME009343_00552,128702,0.04479858802172367,0.04125200299561546,0.04162540954785967,0.0019269082143790633,0.28578255834652866,0.03360273301652769,1.5670508644054583e-05,0.0035465850261082107,0.5307310610089316,0.008022676531331978,1.013041564693829,1.3079286709169877,0.5199803089858811,False
GUT_GENOME009343_2,GUT_GENOME009343_00552,128720,0.04495525748964833,0.040941496296945296,0.04141983392716831,0.001872584056814072,0.2611060708205216,0.033595065282953515,1.4665833359565818e-05,0.004013761192703032,0.599427696429344,0.007824768644214795,0.9906182175630929,1.340638016214469,0.5115453646362302,False
GUT_GENOME009343_2,GUT_GENOME009343_00553,129379,0.04527223724671906,0.04044785402623163,0.04101097497607612,0.0018957018794123718,0.2209880133520732,0.033609326108423355,4.722246325351012e-05,0.0048243832204874285,0.7186268548803294,0.007401648867652766,0.9426779269262061,1.4050662304690835,0.4953289878614173,False
GUT_GENOME009343_2,GUT_GENOME009343_00556,131601,0.04531079842182136,0.03994703155691936,0.0405294642896736,0.0018248492655147863,0.19540212011658115,0.03363937797829869,7.977895351548203e-05,0.005363766864902003,0.7979413495433628,0.006890086311374909,0.8847168979566375,1.4194343868410986,0.49178325733735295,False
GUT_GENOME009343_2,GUT_GENOME009343_00556,131607,0.046992181342923885,0.04012760420404789,0.040916077392233324,0.0018547865876679952,0.1415990841817102,0.03367570344494699,4.7383117752491545e-05,0.006864577138875998,1.0186302964515195,0.007240373947286334,0.9244051659183689,1.8921325916254776,0.38826534438605054,False
GUT_GENOME009343_2,GUT_GENOME009343_00559,136807,0.04705668890672429,0.03999157711578587,0.04094947470757323,0.0018653763469227678,0.1341176627946956,0.03366681971083503,4.728422779603624e-05,0.007065111790938425,1.0481182217074319,0.0072826549967381984,0.9291956907565709,1.9619564383957302,0.3749441418407898,False
GUT_GENOME009343_2,GUT_GENOME009343_00559,136825,0.04720577407415037,0.03982082950800277,0.04075206991540251,0.001848142938020987,0.12101200731241518,0.03362633914158627,5.7719122313041186e-05,0.007384944566147605,1.095148522320133,0.007125730773816244,0.9114158722002922,2.03002917803859,0.36239714277501567,False
GUT_GENOME009343_2,GUT_GENOME009343_00561,137727,0.046939738785702345,0.03961264414379721,0.040531591132991554,0.0018505520292719897,0.12292270868234317,0.033629269320714375,9.578861383468742e-05,0.0073270946419051325,1.086641891547955,0.006902321812277179,0.8861032039197121,1.9659694884636965,0.3741925613185715,False
GUT_GENOME009343_2,GUT_GENOME009343_00562,138431,0.04687626399777727,0.03963995533797224,0.04050222359939083,0.001840130324791437,0.12658384940355627,0.03363816510581937,9.566301851716702e-05,0.007236308659805034,1.0732921276696457,0.006864058493571461,0.8817678957609004,1.9294706133122412,0.3810840568039461,False
GUT_GENOME009343_2,GUT_GENOME009343_00563,138767,0.047158821116322656,0.03954849999306574,0.04053273221285427,0.0018614686359483318,0.11400132941726232,0.03363406876082565,0.00010526560558521764,0.007610321123256915,1.1282893635768616,0.006898663452028622,0.8856887046141129,2.057481369441705,0.35745682809242413,False
GUT_GENOME009343_2,GUT_GENOME009343_00564,139717,0.046674734277615204,0.03928524990609011,0.04042835593475331,0.0018795895139794908,0.11852441167362571,0.03365730242178929,0.00015763981805624712,0.007389484371525097,1.095816084959662,0.006771053512964018,0.8712302512262323,1.9598550427080452,0.37533830187747197,False
GUT_GENOME009343_2,GUT_GENOME009343_00565,140940,0.04640715521884255,0.039222880177710216,0.04049890547533109,0.0018868612238522474,0.12358785989836396,0.03362979507857002,0.000136056763245066,0.0071842750411323306,1.0656407644641601,0.006869110396761066,0.8823402861822297,1.9141146195078989,0.3840212805795806,False
GUT_GENOME009343_2,GUT_GENOME009343_00568,145897,0.04680579882434262,0.03957051432740796,0.040545045939236954,0.0018545719233564288,0.1245089210913784,0.033621868457851395,9.459404202397242e-05,0.007235284496934655,1.0731415280707184,0.006923177481385559,0.8884661916453305,1.9410049129667133,0.37889261321728895,False
GUT_GENOME009343_2,GUT_GENOME009343_00568,145978,0.04686530881854422,0.039555442062094506,0.040523330271802556,0.0018501223229098487,0.12333030903232306,0.03356691294748515,8.496450012910876e-05,0.0073098667564497136,1.0841085907273633,0.006956417324317406,0.8922323302641043,1.9713699676573835,0.3731835146945841,False
GUT_GENOME009343_2,GUT_GENOME009343_00568,146501,0.046620873220036496,0.03937962535901332,0.04030394782480739,0.0018342199875916341,0.12361524167213295,0.03354222752083468,0.000113711779560678,0.007241247861023176,1.0740184200826852,0.006761720303972707,0.8701727805609427,1.9107162347060698,0.38467436131911154,False
GUT_GENOME009343_2,GUT_GENOME009343_00568,146654,0.046318873812306274,0.039263400670585764,0.04016372312558604,0.0018199047170209418,0.1280563623913295,0.033509183828377184,0.00012782540223601685,0.00705547314172051,1.0467008917607983,0.006654539297208856,0.8580289647914147,1.831796461233877,0.40015703131836566,False
GUT_GENOME009343_2,GUT_GENOME009343_00568,146655,0.04574165705178811,0.03922558452667353,0.04006957758567833,0.0018098957927070885,0.14471090199624692,0.033459640521590825,0.00013004761951930405,0.006516072525114575,0.9673839013958743,0.006609937064087502,0.8529754453453001,1.6633987230419156,0.435308910204635,False
GUT_GENOME009343_2,GUT_GENOME009343_00568,146851,0.04524234803252662,0.038920827200309316,0.03975398432633165,0.0017948575081237431,0.1488251403152434,0.03344076464171839,0.00021790380206501638,0.006321520832217306,0.9387757495400046,0.006313219684613257,0.8193567912502572,1.552645459292315,0.4600947972989291,False
GUT_GENOME009343_2,GUT_GENOME009343_00568,147569,0.04553609549213095,0.03863634105931628,0.03962777321385305,0.0018027632662338884,0.13028668908856406,0.033407197341289975,0.0002796933993854005,0.006899754432814674,1.023802995552152,0.006220575872563076,0.8088600678130258,1.7024271830040525,0.42689653944146944,False
GUT_GENOME009343_2,GUT_GENOME009343_00568,147575,0.04571414791675252,0.03906297154662831,0.03996960188636599,0.0018068581416883281,0.13757445470534513,0.033378042200856654,0.00013210464591977513,0.006651176370124211,0.987250453348154,0.006591559685509334,0.8508932527393671,1.6986827851935162,0.4276965233060619,False
GUT_GENOME009343_2,GUT_GENOME009343_00569,148795,0.045240986427061945,0.03898453214211014,0.03988023451692554,0.0018174553846354359,0.14958671473834767,0.03331624948813499,0.00015213645500701157,0.006256454284951807,0.929207939375066,0.006563985028790548,0.8477689906969448,1.5821396561849728,0.45335951899811944,False
GUT_GENOME009343_2,GUT_GENOME009343_00570,151000,0.04481950488650422,0.03874122301976196,0.03958368640184712,0.0017987545894170205,0.1560173075416934,0.033307956623860026,0.00024247859574741003,0.006078281866742259,0.9030083030688542,0.006275729777987092,0.8151091121788333,1.4798268601682574,0.47715522102044317,False
GUT_GENOME009343_2,GUT_GENOME009343_00571,152879,0.04460300199627167,0.03916752567835435,0.039852203932608736,0.0017767808136231245,0.18345612997661265,0.0332236807876733,9.549835905659766e-05,0.005435476317917326,0.8084859759653337,0.006628523144935436,0.855081284322836,1.3848135761318088,0.5003703333261107,False
GUT_GENOME009343_2,GUT_GENOME009343_00572,153944,0.0446203541781206,0.04039042318405273,0.04101170781599149,0.0017446692656355768,0.23528993733612436,0.03262624120482566,7.686075420292046e-07,0.0042299309940678695,0.63121471617717,0.008385466611165834,1.0541463837801208,1.5096566163553309,0.47009131863739995,False
GUT_GENOME009343_2,GUT_GENOME009343_00572,154312,0.04437388372737913,0.03951505388215754,0.0401747013988151,0.0016949900049047259,0.20403483487784613,0.032369683359442,2.0647332615516532e-06,0.004858829845221589,0.7236921116079457,0.007805018039373099,0.9883804357603639,1.5006261581974143,0.47221868779434295,False
GUT_GENOME009343_2,GUT_GENOME009343_00572,155406,0.044105603441407674,0.03867365103561568,0.03968432082891054,0.0017385991743463205,0.17713615197608307,0.032332392108442375,1.175484775236574e-05,0.005431952405791994,0.8079677969060465,0.007351928720468165,0.937044537898858,1.5308644268432947,0.46513285086169054,False
GUT_GENOME009343_2,GUT_GENOME009343_00573,156565,0.043958320605318346,0.03872586138038956,0.039653478313729555,0.0017391692907939257,0.1876039405349037,0.031994686793394525,5.320838841584307e-06,0.005232459224928786,0.7786330163788027,0.00765879152033503,0.9718126877849215,1.550689274334906,0.46054503270969904,False
GUT_GENOME009343_2,GUT_GENOME009343_00573,156748,0.04339065423894428,0.03871123066924377,0.03953136939568779,0.0017417215661361314,0.21452849444208677,0.031944942096422214,6.631931501650424e-06,0.004679423569700511,0.6973110408623256,0.007586427299265577,0.9636136813050792,1.4147940145068267,0.49292561077210906,False
GUT_GENOME009343_2,GUT_GENOME009343_00574,158670,0.04266486628922659,0.037983140317162906,0.03893757887857012,0.0017402718305574317,0.21129875728006614,0.031937894252318584,2.8831117562859356e-05,0.004681725972063684,0.6976496011465261,0.006999684626251536,0.8971345994197792,1.2915654554559945,0.5242520348657029,False
GUT_GENOME009343_2,GUT_GENOME009343_00575,159330,0.042217768700201184,0.03797823507672812,0.038907139853989074,0.0017352700795248035,0.2335155637889168,0.031866863001522444,2.4836006409917262e-05,0.0042395336234730616,0.632626749535237,0.00704027685246663,0.9017337773125303,1.2133404093738436,0.5451631318092207,False
GUT_GENOME009343_2,GUT_GENOME009343_00575,159394,0.0417137578810258,0.0380462601611145,0.038772173554917244,0.0017008276424531994,0.2634343919524411,0.031890061125440516,2.601327386609832e-05,0.003667497719911296,0.5485108533824037,0.006882112429476728,0.8838134416852028,1.0819903559817363,0.5821686026141912,False
GUT_GENOME009343_2,GUT_GENOME009343_00575,159586,0.041551261066522745,0.03881551262619289,0.03926652473174054,0.00169016137521609,0.31882828008689656,0.03198041049235996,8.129624271961886e-06,0.002735748440329852,0.41150035254888834,0.007286114239380581,0.929587629651526,1.033465701349002,0.5964661118707615,False
GUT_GENOME009343_2,GUT_GENOME009343_00576,160546,0.041408655982779104,0.0391038157744818,0.039498704909807975,0.0016937675315659246,0.34510921425998947,0.03196900016172818,4.383647310365074e-06,0.0023048402082973055,0.3481367911511429,0.007529704748079798,0.9571869063346274,1.0374059990114692,0.5952921416853123,False
GUT_GENOME009343_2,GUT_GENOME009343_00576,160573,0.04146629344871906,0.03955510747582196,0.03993350728115415,0.001679367947522272,0.3713518989764858,0.03199477364335714,1.1381001283480564e-06,0.001911185972897106,0.2902513007844165,0.007938733637797006,1.0035306721856463,1.0913196276244208,0.5794593219128437,False
GUT_GENOME009343_2,GUT_GENOME009343_00577,161336,0.04113305224677273,0.039365698173196975,0.03971802968699709,0.0016606830779127152,0.3810872035552029,0.031975108506473456,1.5620179326980723e-06,0.0017673540735757554,0.2691013187090814,0.0077429211805236375,0.9813447413168912,1.0354530210412827,0.5958737218116614,False
GUT_GENOME009343_2,GUT_GENOME009343_00577,161353,0.04086678353066973,0.039461957560995325,0.03977459603415201,0.0016563863230597714,0.40535628569361803,0.03184883014916962,8.550463254138547e-07,0.0014048259696744017,0.2157928180531305,0.007925765884982387,1.0020614006618913,1.050693591019783,0.5913502511908204,False
GUT_GENOME009343_2,GUT_GENOME009343_00578,163483,0.04003568389332362,0.03920356371648916,0.03948946547384186,0.0016526198616085461,0.442815487020951,0.03183277158619681,1.8014638873758556e-06,0.0008321201768344555,0.13157841700470144,0.007656693887645054,0.9715750219362013,0.9612709030717931,0.6183903098549224,False
GUT_GENOME009343_2,GUT_GENOME009343_00578,163765,0.03964016264380425,0.0391906709804709,0.03940754606951684,0.0016401211726939661,0.4688009359557424,0.031768202109918355,1.5980912552724436e-06,0.00044949166333334983,0.07531422081286782,0.007639343959598484,0.969609241466567,0.9458143129940209,0.6231879274420319,False
GUT_GENOME009343_2,GUT_GENOME009343_00578,164035,0.03939384688786253,0.03857097325918043,0.03878910560795691,0.0016078028991213878,0.4429085253748482,0.031665898667573855,4.702963858804765e-06,0.0008228736286821012,0.13021874416019505,0.007123206940383056,0.9111299169814433,0.8471146469492701,0.6547136441297524,False
GUT_GENOME009343_2,GUT_GENOME009343_00579,164693,0.03883674177969496,0.03865745092314908,0.03887766853139453,0.0016232286636982938,0.4874225048216535,0.03168189770663308,4.646567760758013e-06,0.00017929085654588145,0.03558212906367852,0.007195770824761451,0.9193515457011108,0.8464733524917258,0.6549236099060551,False
GUT_GENOME009343_2,GUT_GENOME009343_00581,165797,0.03846221919748668,0.03871605176599011,0.03888568304010557,0.0016173283776784709,0.517901736539509,0.03166768543642576,4.042623795005322e-06,-0.0002538325685034343,-0.028107168786266547,0.007217997603679811,0.9218698828252367,0.8506340937973954,0.6535625423015936,False
GUT_GENOME009343_2,GUT_GENOME009343_00582,166332,0.03860572118221408,0.03814131450229939,0.03834206561005026,0.0015872734990040802,0.4674531975632407,0.031595814296219674,1.0678340659545815e-05,0.0004644066799146876,0.07750742228512143,0.006746251313830588,0.8684201140009017,0.7601608949106232,0.6838063965150443,False
GUT_GENOME009343_2,GUT_GENOME009343_00583,167295,0.038249659664546076,0.03767780995562127,0.03787126841024538,0.0015682280330329994,0.4596468077341527,0.031619354425648484,3.3511992247660804e-05,0.000571849708924807,0.09330654715523586,0.006251913984596895,0.8124107366357399,0.6687173167430579,0.7157970095933276,False
GUT_GENOME009343_2,GUT_GENOME009343_00585,168238,0.03776459670258979,0.0377807791670628,0.03796175369568116,0.0015793615624702603,0.5011428998890088,0.03160710189460371,2.866280993142793e-05,-1.6182464473012137e-05,0.00683845498815899,0.00635465180107745,0.8240511303358319,0.6791070298743873,0.7120881885357513,False
GUT_GENOME009343_2,GUT_GENOME009343_00585,168800,0.0375618876515614,0.03746679261816556,0.03761114550546035,0.0015948329186666515,0.49324797621434335,0.03159102431071031,8.007894158685842e-05,9.509503339583808e-05,0.023201425208388658,0.006020121194750046,0.786148164361093,0.6185672424600166,0.733972570299547,False
GUT_GENOME009343_2,GUT_GENOME009343_00585,168859,0.03711060798041862,0.03707462454127884,0.03724665349110535,0.0015658649835879875,0.4974018443146522,0.03161105601809023,0.00015970222304693258,3.5983439139776474e-05,0.01450927023540203,0.005635597473015119,0.7425808815303713,0.5516368845371872,0.7589507116227241,False
GUT_GENOME009343_2,GUT_GENOME009343_00586,169237,0.03711243082094201,0.037110959520555514,0.03726566724434432,0.001563039167037129,0.4998956873843776,0.03160562780723818,0.00014663363269942526,1.4713003864963436e-06,0.00943437989843626,0.005660039437106135,0.7453502034273066,0.5556359332731954,0.7574346873495599,False
GUT_GENOME009343_2,GUT_GENOME009343_00586,169248,0.03651392106862532,0.036966755508963944,0.03706448297753721,0.0015515563980028628,0.5328394128036917,0.03162239017543671,0.00022616439074093142,-0.00045283444033862585,-0.05736970402449571,0.0054420928021005,0.7206564273282595,0.5226369691893893,0.770035636070183,False
GUT_GENOME009343_2,GUT_GENOME009343_00587,170400,0.03689473231896746,0.03669499541409734,0.036834727349145946,0.0015359613694522073,0.4856828985865898,0.03163216695735456,0.000353089652033108,0.00019973690487012224,0.038588649575536475,0.005202560391791386,0.6935169410568361,0.4824548314088947,0.7856629339807963,False
GUT_GENOME009343_2,GUT_GENOME009343_00587,170447,0.0366475318981386,0.03658565287448033,0.036749095358957644,0.001513908191650741,0.49552952669293765,0.03159682482028539,0.0003328963088979289,6.187902365827058e-05,0.018317126149011438,0.005152270538672253,0.6878190032430876,0.4734304983326734,0.7892159859345671,False
GUT_GENOME009343_2,GUT_GENOME009343_00587,170695,0.03669552223511212,0.035999351817705,0.036200401421387134,0.00147108204233216,0.45002137839814366,0.031625449978937785,0.0009356815419200787,0.0006961704174071187,0.11158747627040576,0.004574951442449349,0.622407630869919,0.39984302382550374,0.8187950162106744,False
GUT_GENOME009343_2,GUT_GENOME009343_00587,170730,0.036861950635620394,0.03578904040667079,0.03596703110196787,0.0014309964188084956,0.42325216477994404,0.031574968883829276,0.0010730437364776051,0.0010729102289496056,0.16698575925759265,0.004392062218138593,0.6016859273394128,0.38991019895312384,0.8228716045923212,False
GUT_GENOME009343_2,GUT_GENOME009343_00587,170999,0.036513425671316345,0.03565320014343789,0.03581592523288314,0.0014454966276598053,0.4382643834284953,0.0316057421017243,0.0017920493508790218,0.0008602255278784554,0.13571121142378595,0.00421018313115884,0.5810786743260272,0.35606995866260477,0.8369131483144718,False
GUT_GENOME009343_2,GUT_GENOME009343_00587,171296,0.03646899678618172,0.03525958556956825,0.03543958528217287,0.00142880495214697,0.4130919838403981,0.031614783792818714,0.00371508038457774,0.0012094112166134707,0.187057756192752,0.003824801489354157,0.5374141874888618,0.3238046130661806,0.8505242911483507,False
GUT_GENOME009343_2,GUT_GENOME009343_00587,171323,0.03623527628290299,0.03517644071582348,0.03534274636666409,0.001419591553400054,0.42361983147456883,0.03160961107470226,0.004272699075358406,0.0010588355670795094,0.16491612903179786,0.0037331352919618283,0.5270282296868581,0.3049560845016963,0.8585777461841958,False
GUT_GENOME009343_2,GUT_GENOME009343_00588,173094,0.03604347768079455,0.03506739615067333,0.035228696941770575,0.0013814251757057886,0.42947688272799905,0.0315888621072567,0.004208842891216135,0.0009760815301212214,0.15274743483678485,0.003639834834513876,0.5164571070535638,0.29005972227535415,0.8649964629466139,False
GUT_GENOME009343_2,GUT_GENOME009343_00589,173791,0.03587830584188147,0.03489429668168142,0.0350431662702241,0.0013878067444961732,0.4289842042160692,0.03160163484670621,0.006572163783483122,0.0009840091602000486,0.1539131653517694,0.003441531423517892,0.49398894630088436,0.2677143415360591,0.8747149905518766,False
GUT_GENOME009343_2,GUT_GENOME009343_00591,176350,0.035719789967554164,0.03490121560137333,0.03503417229248235,0.001348916272743295,0.4408122247064293,0.031581067052406306,0.005234952693498273,0.0008185743661808312,0.12958655251656065,0.0034531052400760473,0.4953002821455105,0.2621150440865496,0.8771673164834985,False
GUT_GENOME009343_2,GUT_GENOME009343_00592,176708,0.035531377297172706,0.03490410101191995,0.03504898020949702,0.001345333823990715,0.45443455355476786,0.031586279213977636,0.005028547092951614,0.000627276285252755,0.1014568330192513,0.0034627009955193813,0.496387499832596,0.25669403895635173,0.879548105855094,False
GUT_GENOME009343_2,GUT_GENOME009343_00592,177091,0.03539592289717995,0.03502804240663032,0.03513402861556462,0.0013326313154548536,0.47326957138968306,0.03155828728622131,0.003645863936680424,0.0003678804905496297,0.06331358083198048,0.00357574132934331,0.5091951887126628,0.263288349725892,0.8766528747180704,False
GUT_GENOME009343_2,GUT_GENOME009343_00592,177146,0.03524936483279852,0.03515576273984795,0.035228658477124454,0.0013141728040376246,0.49320606505226283,0.03154945582552663,0.002558030151597827,9.360209295057598e-05,0.022981893492504898,0.0036792026515978238,0.5209175570190065,0.27188326863915074,0.8728935780295892,False
GUT_GENOME009343_2,GUT_GENOME009343_00593,179985,0.03506633607281008,0.035096483958636245,0.03515320662913698,0.001295937509359972,0.5021864243567028,0.03151561181722662,0.002500871714131266,-3.0147885826163623e-05,0.004784888201602538,0.0036375948119103593,0.5162033081517059,0.2664887505018669,0.8752511762461395,False
GUT_GENOME009343_2,GUT_GENOME009343_00593,180077,0.034943338106201954,0.03502260561405416,0.035082217260287735,0.0012986160340845323,0.5057867338606379,0.031521289395880045,0.0030524389107515607,-7.926750785220565e-05,-0.002437981900925655,0.0035609278644076897,0.5075167944288427,0.2575792403830774,0.8791589033730074,False
GUT_GENOME009343_2,GUT_GENOME009343_00593,180081,0.03454722796631826,0.03492240002088456,0.03496466387230886,0.0012977420316793754,0.5275197551227112,0.03151112401721212,0.0038932347574698683,-0.00037517205456629593,-0.04594971948168768,0.003453539855096735,0.4953495248695831,0.24748252850896751,0.8836084323955782,False
GUT_GENOME009343_2,GUT_GENOME009343_00593,180090,0.03435410714949914,0.034895640976015094,0.034913146607053726,0.0012931664020967425,0.5391900269877257,0.03149663980869368,0.004121268206352001,-0.0005415338265159567,-0.07041264120738325,0.0034165067983600445,0.49115360777595374,0.2461898064731351,0.8841797470592541,False
GUT_GENOME009343_2,GUT_GENOME009343_00593,180091,0.03405175451973674,0.03482342905871797,0.03482709540882504,0.0012935691791132922,0.5560434500062562,0.03154313373485441,0.005563534690916823,-0.0007716745389812277,-0.1042540349900684,0.003283961673970631,0.4761359883270097,0.23757438319184873,0.8879967538278432,False
GUT_GENOME009343_2,GUT_GENOME009343_00593,180430,0.033733127515763524,0.03475847155833827,0.03474243933622435,0.0012911161240790993,0.5747495493939722,0.03151113563611166,0.006162129186914656,-0.0010253440425747468,-0.14155525592489965,0.003231303700112688,0.4701697378444367,0.2410974728646702,0.886433884667575,False
GUT_GENOME009343_2,GUT_GENOME009343_00595,183672,0.03365442406964409,0.034677861550983465,0.034656745724476135,0.0012804291376195657,0.5741270918313656,0.03151065140209024,0.00700391715910729,-0.0010234374813393732,-0.1412749027060105,0.003146094322385898,0.46051535022303536,0.23203298592563765,0.8904605368438355,False
GUT_GENOME009343_2,GUT_GENOME009343_00595,183726,0.03352917127662475,0.03465794062958096,0.03462452095615821,0.0012806893617832108,0.5811968099157867,0.03153274531323077,0.007885993699927022,-0.0011287693529562146,-0.15676358920162856,0.0030917756429274384,0.4543609385776873,0.23101868540457388,0.8909122486702927,False
GUT_GENOME009343_2,GUT_GENOME009343_00596,184172,0.033129094366632014,0.03460716754141366,0.03455802889380442,0.001267171316430182,0.606573707981338,0.031555949684076386,0.008915265952464625,-0.001478073174781644,-0.20812750503192765,0.0030020792097280313,0.44419815887589453,0.2406290626995495,0.8866415163019609,False
GUT_GENOME009343_2,GUT_GENOME009343_00597,186302,0.03289781548686546,0.034619820676494266,0.034557824250829254,0.001263029366370009,0.6246013453144809,0.031537207372306364,0.00838835556571235,-0.0017220051896288044,-0.24399686201018184,0.00302061687852289,0.44629851267400067,0.25871683108584087,0.8786589840650103,False
GUT_GENOME009343_2,GUT_GENOME009343_00598,188558,0.03277390282685119,0.03459741731313474,0.03452349236520074,0.0012584654559636313,0.6320189876530162,0.031577905099571923,0.009625919315008264,-0.0018235144862835465,-0.2589234521119437,0.002945587265628817,0.43779751213523793,0.2587080156853698,0.8786628569389566,False
GUT_GENOME009343_2,GUT_GENOME009343_00598,188652,0.03253351324891285,0.033898817725849476,0.03385366926515925,0.001236390606990199,0.6004225046740986,0.03154556610539501,0.030964242939869983,-0.0013653044769366268,-0.1915452590257598,0.0023081031597642424,0.3655693275775178,0.17033051952072392,0.9183605038234041,False
GUT_GENOME009343_2,GUT_GENOME009343_00598,188988,0.03214589664888026,0.0329629768869968,0.032940521606549054,0.001248280932144972,0.5612688205475285,0.03157163159155976,0.13640373906638242,-0.0008170802381165382,-0.11093078560909694,0.0013688900149892921,0.2591546581986814,0.0794667760619268,0.9610456312669498,False
GUT_GENOME009343_2,GUT_GENOME009343_00598,189363,0.031840968013546696,0.032935970768824825,0.032873901297938,0.0012861914383639095,0.5823213997002722,0.031438626946860074,0.13223025337467847,-0.0010950027552781294,-0.1517983280946959,0.001435274351077924,0.26667613212193875,0.09415889185586268,0.9540116022425977,False
GUT_GENOME009343_2,GUT_GENOME009343_00598,189378,0.031720509895681766,0.03292733077621976,0.03286202765213327,0.001286810178995816,0.5908508327286709,0.03136245244447127,0.12194009419007112,-0.001206820880537994,-0.16824079569821357,0.0014995752076620017,0.27396154377981136,0.10335989280738553,0.9496327515879096,False
GUT_GENOME009343_2,GUT_GENOME009343_00599,190152,0.03157396479870673,0.032941003895104716,0.03286369506113265,0.0012930128092967534,0.6025833664833876,0.031316678328262126,0.11576177305005847,-0.0013670390963979873,-0.19180032880296782,0.0015470167328705264,0.27933676052159,0.11481639190762269,0.9442085685746983,False
GUT_GENOME009343_2,GUT_GENOME009343_00599,190297,0.031175536398771176,0.03280835779334101,0.03270072969809305,0.0013015332023220763,0.6243092053673964,0.031231450516089655,0.12947351939214097,-0.0016328213945698312,-0.23088269418087853,0.0014692791820033989,0.2705289453628402,0.12649272875135167,0.9387121799588805,False
GUT_GENOME009343_2,GUT_GENOME009343_00599,190462,0.030853117098611972,0.03286900322242375,0.0327367240795012,0.001295497796595203,0.6527260318958817,0.031160221845103444,0.11181952236878934,-0.002015886123811775,-0.2872110343848766,0.0015765022343977551,0.28267752498378357,0.16239676140338835,0.922010764158223,False
GUT_GENOME009343_2,GUT_GENOME009343_00602,191061,0.03136606181384417,0.03282392258697324,0.03272239636082669,0.0012997681629453358,0.6092393164888463,0.03115424337016155,0.11381494374993606,-0.001457860773129066,-0.2051553414529959,0.00156815299066514,0.2817315394891039,0.12146137446959585,0.9410766496059996,False
GUT_GENOME009343_2,GUT_GENOME009343_00602,191364,0.031664249584046913,0.03282975775858266,0.0327493182132839,0.0012998657897409817,0.587054466610716,0.031149337550812815,0.10918360690649054,-0.0011655081745357496,-0.1621659055274393,0.0015999806624710823,0.2853376763827044,0.10771537047901533,0.9475669496699769,False
GUT_GENOME009343_2,GUT_GENOME009343_00603,192930,0.03149842236570926,0.03270785610433669,0.032633451907609565,0.001286531968421028,0.5906399413512594,0.031134143715496887,0.12193110032173976,-0.0012094337386274329,-0.16862500742049333,0.0014993081921126777,0.2739312904006307,0.1034727449881161,0.9495791690361959,False
GUT_GENOME009343_2,GUT_GENOME009343_00604,194822,0.031561035957652694,0.03267789154956766,0.032617684477373635,0.0012768431591260402,0.5834996664672533,0.031158429456228095,0.1265480281700932,-0.0011168555919149684,-0.1550117119500516,0.0014592550211455398,0.2693931885120937,0.09660132085839823,0.9528472605397522,False
GUT_GENOME009343_2,GUT_GENOME009343_00605,196131,0.031874470295706656,0.03256799884169921,0.032547586864602164,0.0012843200193455888,0.5509678847758673,0.03114711403682406,0.13775987247577143,-0.0006935285459925555,-0.0927629376829473,0.0014004728277781028,0.2627330520911352,0.07763361926869351,0.9619269087489846,False
GUT_GENOME009343_2,GUT_GENOME009343_00609,201318,0.032356911397091036,0.03262213356231557,0.03262484679470165,0.0012852043422979262,0.5193304547021002,0.03119328211305093,0.13266512347767745,-0.00026522216522453096,-0.02978196949204248,0.0014315646816507217,0.26625581938696835,0.07177912706425087,0.9647468308326008,False
GUT_GENOME009343_3,GUT_GENOME009343_00769,40265,0.050096287058955816,0.07040351189228218,0.06890866948897145,0.0028043843762022044,0.9932990515249666,0.045636850951313285,5.277485855930176e-17,-0.020307224833326365,-2.9768889685946487,0.023271818537658168,2.7407989049118036,16.373846568506252,0.0002782687222791598,False
GUT_GENOME009343_3,GUT_GENOME009343_00769,40275,0.0500786209705316,0.07040794371425292,0.06896847882195287,0.0028144362470449284,0.9930354505840526,0.045694140461470044,6.718930475584358e-17,-0.020329322743721324,-2.980138389696372,0.023274338360482823,2.7410844057209336,16.39476854102857,0.000275372929828712,False
GUT_GENOME009343_3,GUT_GENOME009343_00769,40287,0.050246046166755466,0.07055496035832536,0.06911774693202256,0.002818507699724304,0.9932288107322697,0.04572358115474357,5.196997373002541e-17,-0.02030891419156989,-2.9771373828667116,0.023394165777278993,2.7546610842542605,16.45150468556731,0.0002676708931304607,False
GUT_GENOME009343_3,GUT_GENOME009343_00769,40309,0.050481779870827734,0.07078375742480736,0.06934630760384715,0.0027876551318009877,0.9928202074811474,0.045755971354896376,1.3093152980718403e-17,-0.020301977553979625,-2.9761173743610225,0.023590336248950773,2.7768875788481417,16.56837925153464,0.0002524771961088883,False
GUT_GENOME009343_3,GUT_GENOME009343_00769,40753,0.050460616458457,0.0716733315162956,0.0701223981297607,0.0028384871484223337,0.9947594601330582,0.045850778985030934,6.106631667426718e-18,-0.021212715057838595,-3.110038166430362,0.02427161914472977,2.8540782511796605,17.818100060510275,0.00013516017109415772,False
GUT_GENOME009343_3,GUT_GENOME009343_00769,41006,0.05020818819517998,0.07099826483929951,0.06951279865966298,0.002785899560791827,0.9940338949321618,0.045902743925463056,1.177008060348607e-17,-0.020790076644119533,-3.0478906531410104,0.02361005473419992,2.7791217214387913,17.013154976077246,0.00020213444997463747,False
GUT_GENOME009343_3,GUT_GENOME009343_00769,41224,0.050003077786608306,0.07125034727515885,0.06974534791170099,0.0027962411266626392,0.9950077209681581,0.045963074920979216,9.073003061509712e-18,-0.02124726948855054,-3.115119275653207,0.023782272990721776,2.7986343836398344,17.536322514837273,0.00015560944346404274,False
GUT_GENOME009343_3,GUT_GENOME009343_00773,44178,0.05057558318895296,0.07146478558728651,0.07001867453376776,0.0028064224083600674,0.99377212561917,0.0460887896561362,7.520677298863854e-18,-0.020889202398333556,-3.0624667515915123,0.023929884877631556,2.815359096479809,17.304949446735076,0.00017469399347295033,False
GUT_GENOME009343_3,GUT_GENOME009343_00773,44208,0.05049135561255622,0.07181649162436643,0.070359983193983,0.0028495514195214264,0.9947183741709409,0.04609323701159287,8.25878468016145e-18,-0.021325136011810207,-3.1265692779057055,0.02426674618239013,2.853526135103397,17.918046853261934,0.00012857175219438999,False
GUT_GENOME009343_3,GUT_GENOME009343_00773,44547,0.050158532665689926,0.0711173905204769,0.06962852134568644,0.0028102818424416685,0.9942160317607698,0.04582262141863397,1.2164671268285622e-17,-0.020958857854786975,-3.072709344941042,0.023805899927052468,2.801311361312105,17.288888061504288,0.00017610255553066824,False
GUT_GENOME009343_3,GUT_GENOME009343_00773,44908,0.0496139081451656,0.07103378553496653,0.06953031264387823,0.0028272170746087458,0.9953500632704095,0.04564872909013027,1.4940524316181585e-17,-0.02141987738980093,-3.1405006690348705,0.023881583553747955,2.8098864628819635,17.758206386495782,0.00013926900695988834,False
GUT_GENOME009343_3,GUT_GENOME009343_00773,44918,0.04967847324855598,0.07066106373056215,0.06914701749881384,0.002804361620348517,0.9944256189683071,0.04556032042500247,2.0375276900704097e-17,-0.020982590482006166,-3.076199145483584,0.02358669707381137,2.7764752532525883,17.171816014597958,0.00018671857759618046,False
GUT_GENOME009343_3,GUT_GENOME009343_00773,44951,0.049597109716854555,0.07066615272661876,0.06913569378539462,0.0028273654592614037,0.9946961215603464,0.04539995355929015,2.32942078644855e-17,-0.021069043009764206,-3.0889116899266273,0.023735740226104474,2.7933621312341037,17.344247424378107,0.00017129493652309112,False
GUT_GENOME009343_3,GUT_GENOME009343_00773,45010,0.04979822105493353,0.07172372929513893,0.07013216300434881,0.002914401356246874,0.9961073978283811,0.04534660931144164,9.118256939922402e-18,-0.0219255082402054,-3.214851932372485,0.02478555369290717,2.9123080314280667,18.816811016999523,8.203164188378302e-05,False
GUT_GENOME009343_3,GUT_GENOME009343_00773,45032,0.049971488189893803,0.07173844969324462,0.0702476023903659,0.002944806832999199,0.9957091152095603,0.045303780038287465,1.2222936022692922e-17,-0.02176696150335082,-3.1915381844598234,0.024943822352078433,2.9302401772167386,18.772223479040292,8.388097405464066e-05,False
GUT_GENOME009343_3,GUT_GENOME009343_00773,45205,0.04986487893719391,0.07188544026780912,0.07032333694497518,0.0029431306869533223,0.9962301316854688,0.045280499367165224,8.778713964281599e-18,-0.02202056133061521,-3.2288291597320504,0.025042837577809958,2.9414587941710573,19.077517580542228,7.200616696884411e-05,False
GUT_GENOME009343_3,GUT_GENOME009343_00773,45307,0.05012471507578434,0.07295051650178061,0.07114738253302445,0.0029926430994413325,0.9971487403095473,0.0452681301921622,2.629137201503099e-18,-0.022825801425996273,-3.3472369236843313,0.025879252340862254,3.036226207690504,20.42266460754241,3.675147107807509e-05,False
GUT_GENOME009343_3,GUT_GENOME009343_00773,45617,0.050965918616896394,0.073313721287142,0.07156516910736586,0.0030157161271848667,0.9959080998117475,0.04527637886468874,1.4250394408948433e-18,-0.02234780267024561,-3.276948864054583,0.02628879024267712,3.0826276455985884,20.240987059037316,4.024625791335072e-05,False
GUT_GENOME009343_3,GUT_GENOME009343_00773,45638,0.05145166905194695,0.07553313746271366,0.07341476205188717,0.003082711460878792,0.9977866165476679,0.04519054964172284,2.701696911490329e-20,-0.024081468410766707,-3.531878399920074,0.02822421241016433,3.301914727777334,23.376805901334848,8.390562877281405e-06,False
GUT_GENOME009343_3,GUT_GENOME009343_00773,45651,0.05203844773066641,0.07510500222432696,0.07324460540374338,0.002996689604992958,0.9963060380596362,0.04485796427082411,1.363947780063509e-21,-0.023066554493660553,-3.382638827501961,0.028386641132919263,3.3203182168317107,22.466758498348355,1.322529533137735e-05,False
GUT_GENOME009343_3,GUT_GENOME009343_00773,45663,0.05152493936964639,0.07376930091452619,0.07202010939481633,0.002974354786438196,0.995489397712776,0.04407206704069441,2.824762180636412e-21,-0.022244361544879798,-3.2617382052392427,0.02794804235412192,3.2706241252452215,21.335918288153387,2.3278994116778476e-05,False
GUT_GENOME009343_3,GUT_GENOME009343_00773,45758,0.05143535702451663,0.07292994561114052,0.07134471715665505,0.0029864211760109137,0.9946074332558605,0.04352971986013307,6.1656237638092516e-21,-0.02149458858662389,-3.1514866914755673,0.02781499729652198,3.255549862394718,20.530473273085885,3.4822854907201623e-05,False
GUT_GENOME009343_3,GUT_GENOME009343_00773,45861,0.050948761592384914,0.07215965014926111,0.07039662654718512,0.0029425533217081437,0.9945451537137983,0.042923266123505374,4.975185865377516e-21,-0.021210888556876195,-3.109769585797014,0.027473360423679746,3.2168417426528064,20.01873767402168,4.4976571504184706e-05,False
GUT_GENOME009343_3,GUT_GENOME009343_00773,45978,0.050829428635749734,0.07189125174664825,0.07029672164368811,0.0029303971249303984,0.9945709009291104,0.04289527037353586,4.350853053116365e-21,-0.021061823110898513,-3.0878500288325608,0.027401451270152248,3.208694296207331,19.830536887074707,4.941441159927152e-05,False
GUT_GENOME009343_3,GUT_GENOME009343_00773,46115,0.05047195892759696,0.07105566637463633,0.06950239378790038,0.0028342350742294052,0.9933778751250582,0.04289269349789359,3.038107237834221e-21,-0.020583707447039364,-3.0175447782708247,0.02660970029000679,3.1189873758439695,18.833658739543573,8.134352109881832e-05,False
GUT_GENOME009343_3,GUT_GENOME009343_00773,46175,0.04947890177536858,0.06968515978514764,0.0682099635206146,0.0027753693758443515,0.9932536131354475,0.04250998237927887,1.0219516339965045e-20,-0.020206258009779057,-2.9620421472823746,0.02569998114133574,3.015914433379325,17.869433551742915,0.00013173519143024631,False
GUT_GENOME009343_3,GUT_GENOME009343_00773,46208,0.04782925307396153,0.06751134387366614,0.06588768427113455,0.0027472884774792394,0.9937875295086226,0.041669742599001594,5.972720341667087e-19,-0.019682090799704614,-2.884965176527895,0.024217941672132953,2.8479964895143137,16.434108074064483,0.00027000933188335075,False
GUT_GENOME009343_3,GUT_GENOME009343_00773,46209,0.04624079784332096,0.06540575809772625,0.06400305356593111,0.0026108449190160973,0.993965717384823,0.0405657308226033,1.3923736120468466e-19,-0.01916496025440529,-2.808922922929806,0.023437322743327813,2.759550852140313,15.505168892508852,0.0004296307469343702,False
GUT_GENOME009343_3,GUT_GENOME009343_00773,46566,0.046252393235000556,0.06417860160828977,0.06292840864931315,0.0025707470481311774,0.9906746916408009,0.04013833668880443,3.819873671616873e-19,-0.01792620837328921,-2.626768754035342,0.022790071960508723,2.686216084157066,14.115670937960505,0.0008606389590213398,False
GUT_GENOME009343_3,GUT_GENOME009343_00773,46604,0.046396823807047155,0.06363156512917827,0.06243916159059582,0.0024886123818038054,0.9886196963508301,0.03994821499489237,8.011482017703353e-20,-0.01723474132213111,-2.5250909217416555,0.02249094659570345,2.6523246006576477,13.410909950315874,0.0012242155895387256,False
GUT_GENOME009343_3,GUT_GENOME009343_00773,46605,0.045780080833997615,0.0631763460227809,0.061947931837825744,0.0025014678955311838,0.9898310165494365,0.03966218469632049,2.5731711649482864e-19,-0.01739626518878328,-2.5488424462682118,0.022285747141505254,2.6290751048465015,13.408633722822165,0.0012256096792961713,False
GUT_GENOME009343_3,GUT_GENOME009343_00773,46606,0.04527950760037483,0.06266137483809371,0.061452953698688945,0.002492471724476195,0.9906659174151695,0.03942778507347462,4.930366290457701e-19,-0.01738186723771888,-2.546725277487361,0.022025168625214323,2.599551053982657,13.243475321255419,0.0013311159071175353,False
GUT_GENOME009343_3,GUT_GENOME009343_00773,46628,0.045498618298983946,0.0628920655392993,0.06166108505232746,0.0025517712263868095,0.9905691172880973,0.03937491722424699,1.2333823714747374e-18,-0.01739344724031535,-2.548428076716901,0.022286167828080468,2.6291227694507104,13.406772199043179,0.0012267509611254771,False
GUT_GENOME009343_3,GUT_GENOME009343_00773,46712,0.04552857176590702,0.061657708984754235,0.060785652323080176,0.0024829448169916214,0.9851444345922368,0.039352027936010454,3.0054641041306646e-18,-0.016129137218847213,-2.362515671903455,0.021433624387069722,2.532527945463241,11.995178094541696,0.002484735540897456,False
GUT_GENOME009343_3,GUT_GENOME009343_00776,49279,0.04509121380522259,0.060482333522278,0.059614366140487894,0.0023204250958599,0.98156403721761,0.039218623108269464,7.500795965077125e-19,-0.01539111971705541,-2.25399275725219,0.02039574303221843,2.4149339766762905,10.912389461450893,0.0042697725047994035,False
GUT_GENOME009343_3,GUT_GENOME009343_00776,49491,0.044481989943611265,0.05912147272321577,0.05830209672116849,0.0022424550054725716,0.9769687650937332,0.038928190744520065,2.8205997961968197e-18,-0.014639482779604508,-2.143467151811015,0.019373905976648426,2.299157858089725,9.880578287308559,0.007152529964644194,False
GUT_GENOME009343_3,GUT_GENOME009343_00782,55377,0.04410634675374821,0.05873215594256776,0.057902311712662746,0.002225950620571329,0.9788338967194163,0.03870226040067038,3.1892312588043946e-18,-0.014625809188819554,-2.1414564976976243,0.019200051311992365,2.2794597876759255,9.78177285516295,0.007514758232779931,False
GUT_GENOME009343_3,GUT_GENOME009343_00782,55513,0.04393571302966271,0.05806637449349288,0.0573310747798091,0.0022136812356693177,0.9760426871331142,0.0384907414398834,8.632323683618751e-18,-0.014130661463830171,-2.0686467416033176,0.0188403333399257,2.238703044353011,9.291090662341464,0.009604290712220662,False
GUT_GENOME009343_3,GUT_GENOME009343_00782,55620,0.04368203471669561,0.0578463590941255,0.05711491029767796,0.002196033855901061,0.9762301288079278,0.03840138572956294,7.874317441046434e-18,-0.014164324377429892,-2.073596756326039,0.018713524568115016,2.2243353647675606,9.247471322801506,0.009816058014427384,False
GUT_GENOME009343_3,GUT_GENOME009343_00782,55712,0.043488761261871324,0.057819658318560285,0.05706018449575338,0.002183189507967601,0.977830264585811,0.03837487098422597,5.706244563328925e-18,-0.014330897056688961,-2.0980906912402872,0.018685313511527413,2.221138997386739,9.335442994381314,0.00939364861636158,False
GUT_GENOME009343_3,GUT_GENOME009343_00782,55970,0.0434970221587295,0.057696011294200863,0.05694940148993751,0.0021738726092976756,0.9768220652399712,0.03836070984525779,6.103594260931853e-18,-0.014198989135471365,-2.078694088800144,0.018588691644679724,2.2101915526319846,9.205915814138445,0.010022147278134228,False
GUT_GENOME009343_3,GUT_GENOME009343_00782,55985,0.04364635634418222,0.05744070507587893,0.056741380317409086,0.002145274088054586,0.9737707677079306,0.038340223702251236,4.846531223488059e-18,-0.013794348731696708,-2.019193120467176,0.01840115661515785,2.1889434703680783,8.868614374209017,0.011863282095987724,False
GUT_GENOME009343_3,GUT_GENOME009343_00782,56097,0.043905348972061935,0.057462856720458734,0.05676269470536918,0.0021427421911109404,0.9713777175117128,0.03832071156446352,3.759022962739e-18,-0.0135575077483968,-1.9843664750906431,0.018441983140905664,2.1935691948519294,8.749456120067006,0.01259156592691089,False
GUT_GENOME009343_3,GUT_GENOME009343_00782,56265,0.043730774516571175,0.05744804884095273,0.05678020375642506,0.0021414252061980783,0.9727501728486018,0.03830842663578612,3.1787832316263187e-18,-0.013717274324381558,-2.007859596117751,0.018471777120638945,2.19694491049266,8.85806709746174,0.011926010012481713,False
GUT_GENOME009343_3,GUT_GENOME009343_00782,56370,0.043394021423105486,0.05726572981252728,0.05658680108839732,0.002123747421051613,0.9750408446653854,0.03832154385356445,3.9690060046643485e-18,-0.013871708389421797,-2.03056858990031,0.018265257234832875,2.173545807221513,8.847510174379952,0.011989127432557242,False
GUT_GENOME009343_3,GUT_GENOME009343_00782,57051,0.042947850291961055,0.057274328309315184,0.05656686785916395,0.0021176419738171037,0.9798708802836015,0.038354893768980915,3.981655968075951e-18,-0.014326478017354129,-2.097440886828589,0.018211974090183033,2.167508723676716,9.097352340954965,0.010581202824716735,False
GUT_GENOME009343_3,GUT_GENOME009343_00782,57063,0.042719960041533736,0.05732102322415391,0.05655364150280465,0.002104495824630952,0.9823245464351691,0.038381837644373716,2.9426761186468055e-18,-0.014601063182620173,-2.1378176832898155,0.01817180385843093,2.1629573585743938,9.248648981997752,0.009810279730310914,False
GUT_GENOME009343_3,GUT_GENOME009343_00782,57395,0.04231423630399711,0.05724634399812304,0.056470585179927514,0.0021010592696661793,0.984928630744314,0.0383484884552248,3.1985008357109903e-18,-0.01493210769412593,-2.1864966308495766,0.018122096724702712,2.157325443996872,9.43482058803285,0.00893829616066043,False
GUT_GENOME009343_3,GUT_GENOME009343_00783,58235,0.04223471963404707,0.056976112125360884,0.056226719002919354,0.0020824497165163173,0.9838873518613471,0.03837623067047949,5.090897799034403e-18,-0.014741392491313815,-2.158452621558159,0.017850488332439865,2.12655168681091,9.181139796189617,0.010147073927154913,False
GUT_GENOME009343_3,GUT_GENOME009343_00787,60021,0.042109834287394655,0.05696582522572843,0.05624868757407253,0.0020831414821964296,0.9851876284984618,0.03836152771736211,4.477972247358433e-18,-0.014855990938333771,-2.175303925836066,0.017887159856710425,2.1307066415755225,9.271857962211843,0.009697094435216087,False
GUT_GENOME009343_3,GUT_GENOME009343_00788,61250,0.04216876398239447,0.05709257644925215,0.056333372910772506,0.0020820734590524595,0.9858532126181118,0.03840759808875514,3.666485791511817e-18,-0.014923812466857679,-2.1852768464424863,0.017925774822017362,2.135081791975699,9.334009154023779,0.00940038552723202,False
GUT_GENOME009343_3,GUT_GENOME009343_00788,61592,0.04219648444443081,0.05687782225227239,0.0561313103774606,0.002058946017776984,0.9843159285822196,0.03843684637794796,4.201748885999299e-18,-0.014681337807841581,-2.1496217885859834,0.01769446399951264,2.1088738275349064,9.068222654425329,0.010736444174043035,False
GUT_GENOME009343_3,GUT_GENOME009343_00789,61686,0.042032057707216325,0.05680173821466831,0.056044730682856564,0.0020287183548954907,0.9848901358999136,0.0384205918937102,1.8553420504896632e-18,-0.014769680507451984,-2.162612276245972,0.017624138789146364,2.1009058449190783,9.09069722658493,0.010616471028141432,False
GUT_GENOME009343_3,GUT_GENOME009343_00789,61763,0.04188602829285385,0.05678056841396512,0.056020789856427604,0.0020158386873408186,0.9855464675232221,0.038484127312283074,1.6676673678172848e-18,-0.014894540121111272,-2.180972449498827,0.01753666254414453,2.0909946168425133,9.128899313137282,0.010415609792152128,False
GUT_GENOME009343_3,GUT_GENOME009343_00789,61822,0.04147042991521352,0.05642022270713356,0.05567279330602086,0.0020034719830189316,0.9867260618608061,0.03841563290013265,3.539236084003013e-18,-0.01494979279192004,-2.1890971631592437,0.017257160405888212,2.0593264829384132,9.032971953083344,0.010927355262780334,False
GUT_GENOME009343_3,GUT_GENOME009343_00789,62259,0.04090362277270592,0.054876402139501734,0.05420521022426278,0.0019094979959605467,0.9815291802782907,0.03841332058168715,6.687919101197578e-17,-0.013972779366795814,-2.045430726671661,0.015791889642575628,1.8933084659463852,7.768403804836815,0.02056423447968318,False
GUT_GENOME009343_3,GUT_GENOME009343_00790,62629,0.040294117750342036,0.05480424319178491,0.054117549903637034,0.001907915000486353,0.9855474476907404,0.03836205454852868,7.408847415189919e-17,-0.014510125441442874,-2.1244456037654103,0.015755495355108354,1.8891849226488344,8.08228879532186,0.01757734542818795,False
GUT_GENOME009343_3,GUT_GENOME009343_00792,64216,0.039654536403160204,0.05404964740390344,0.05335728502685333,0.0018948372481268465,0.9859611087748034,0.038415276949658114,1.5646133530006813e-15,-0.014395111000743234,-2.1075331290593144,0.014942008077195215,1.7970152376262094,7.670959654343326,0.021590976047318394,False
GUT_GENOME009343_3,GUT_GENOME009343_00792,65287,0.03967769590748577,0.05394695813692703,0.053260352514893694,0.00189100038000533,0.9850139971254642,0.03838463319553764,1.822234115409858e-15,-0.014269262229441255,-2.089027503604887,0.014875719319356051,1.7895045929038353,7.566362598841588,0.022750200978127463,False
GUT_GENOME009343_3,GUT_GENOME009343_00794,66727,0.03921728160923938,0.05392957537643726,0.053221936738434644,0.0018880035817776385,0.9885107460283404,0.038422233886747446,2.274166414603362e-15,-0.014712293767197876,-2.154173755073248,0.014799702851687198,1.7808917798066908,7.812040098429421,0.020120420201249913,False
GUT_GENOME009343_3,GUT_GENOME009343_00796,70553,0.03868528472465825,0.05370661819408811,0.05298594770758818,0.001873120806268257,0.99096519790414,0.038561189044065136,6.754356157255483e-15,-0.01502133346942986,-2.1996169717283394,0.014424758663523045,1.7384098766934575,7.860383721700712,0.019639904062869567,False
GUT_GENOME009343_3,GUT_GENOME009343_00797,71113,0.03847881261895717,0.0537189531458979,0.05299227118232975,0.0018696958440286677,0.9916424827948956,0.038626872260439704,7.753235207038589e-15,-0.015240140526940726,-2.231791790848069,0.014365398921890045,1.7316843029347955,7.9796251227276,0.018503182006001716,False
GUT_GENOME009343_3,GUT_GENOME009343_00797,71119,0.038220379888594204,0.05343727104657459,0.052710632183964025,0.001862574641525032,0.9918982042592546,0.038643185401153864,2.1318132895538303e-14,-0.015216891157980389,-2.2283730517568516,0.014067446782810161,1.6979257481836263,7.848598304141072,0.01975597795692385,False
GUT_GENOME009343_3,GUT_GENOME009343_00797,71152,0.037981267086781956,0.05325442193845918,0.052543208844368826,0.0018553573500472743,0.9924051386454131,0.038683614890936246,4.0085168666169465e-14,-0.015273154851677226,-2.236646432827358,0.01385959395343258,1.6743756198227515,7.806120981736168,0.020180055963023354,False
GUT_GENOME009343_3,GUT_GENOME009343_00798,71441,0.037413022008868604,0.052496602534709856,0.05179347429762368,0.0018287421354513445,0.9923564210533063,0.03876529276225897,5.237323025723076e-13,-0.015083580525841252,-2.208770185539428,0.01302818153536471,1.5801749816839497,7.375618705267751,0.025026766856073402,False
GUT_GENOME009343_3,GUT_GENOME009343_00798,71697,0.03740263006602105,0.05279871751137776,0.052063132731321,0.0018760043483336839,0.9935996933089439,0.03861523386014179,3.794715262888323e-13,-0.015396087445356713,-2.2547232444738943,0.013447898871179212,1.6277297691906432,7.733281110680309,0.020928559797315446,False
GUT_GENOME009343_3,GUT_GENOME009343_00799,71788,0.03751618297383799,0.05129921648010961,0.05071971728654746,0.0018394283830204935,0.9877050148525088,0.037720994602268534,7.932011930181301e-13,-0.013783033506271622,-2.0175292558026046,0.012998722684278922,1.5768372367684165,6.556839969278866,0.037687757024173034,False
GUT_GENOME009343_3,GUT_GENOME009343_00799,71852,0.03742686867429433,0.05118947367321124,0.05058225015320788,0.0018228631320780743,0.9881516126757662,0.037707587821693284,8.154367306210885e-13,-0.013762604998916912,-2.014525314629495,0.012874662331514596,1.562780958387005,6.50059656718007,0.038762643846568454,False
GUT_GENOME009343_3,GUT_GENOME009343_00799,71893,0.0370432096607617,0.050282059160190073,0.04969549363230249,0.00178689642576073,0.9856648787934399,0.03775493197893893,1.1761777077341226e-11,-0.01323884949942837,-1.9375088844891155,0.01194056165336356,1.4569455413839694,5.876630988032884,0.052954856421717794,False
GUT_GENOME009343_3,GUT_GENOME009343_00799,71919,0.03726226685001042,0.049938734316755766,0.049367233708917574,0.0017801129483579366,0.9807829891681674,0.03769659873646177,2.7612808025576148e-11,-0.012676467466745348,-1.8548125565753613,0.011670634972455803,1.426362325353482,5.474839103217421,0.06473718250369954,False
GUT_GENOME009343_3,GUT_GENOME009343_00799,72035,0.0360129107608286,0.04971028327414828,0.04907873844459257,0.001763362585247988,0.9890626065981432,0.0376557446378414,4.648523083874854e-11,-0.013697372513319685,-2.0049331038082467,0.011422993806751165,1.3983041013820074,5.975011110687913,0.050413032532165836,False
GUT_GENOME009343_3,GUT_GENOME009343_00799,72311,0.0363277912249322,0.04947710487457128,0.0488789096458829,0.0017479445287450126,0.9852925388558345,0.03767111108677893,7.181728413585352e-11,-0.013149313649639074,-1.924342948232426,0.01120779855910397,1.3739220628025108,5.590757617067371,0.061091727880969525,False
GUT_GENOME009343_3,GUT_GENOME009343_00799,72326,0.03538356441688345,0.04823816115223387,0.04765512532891719,0.001696755397945898,0.9862585064232057,0.037637071875648825,1.7713655717767357e-09,-0.012854596735350422,-1.8810058478818514,0.010018053453268366,1.2391216367363687,5.07360543039394,0.07911896167317588,False
GUT_GENOME009343_3,GUT_GENOME009343_00799,72417,0.035070473843518433,0.04785321228784608,0.04728022813842778,0.0016700710866956894,0.9866234943633682,0.03766749957338366,4.309583029706083e-09,-0.012782738444327646,-1.8704393353469624,0.009612728565044117,1.1931975414323868,4.922263680093479,0.08533830697151476,False
GUT_GENOME009343_3,GUT_GENOME009343_00799,72452,0.035279145193659454,0.047827611439652695,0.047255368260113444,0.0016643082630816886,0.9841688299610473,0.03768097163469887,4.389426471312634e-09,-0.01254846624599324,-1.8359904208926532,0.009574396625414573,1.1888544583899272,4.784235748843189,0.09143582906629454,False
GUT_GENOME009343_3,GUT_GENOME009343_00800,73093,0.035030003446711526,0.047895720532340834,0.04731509848894871,0.0016706064680821976,0.9871733297543566,0.03764555781013745,3.5605769070612186e-09,-0.012865717085629308,-1.88264105683188,0.009669540678811255,1.1996344640168672,4.983460196126095,0.08276664821575053,False
GUT_GENOME009343_3,GUT_GENOME009343_00800,73335,0.035090872789611205,0.047652618298009465,0.0470845030910904,0.001656339162074975,0.9855434654766712,0.0376434171403646,5.991374390503083e-09,-0.01256174550839826,-1.8379430903850607,0.009441085950725799,1.1737501006085262,4.755724102172713,0.09274865758407867,False
GUT_GENOME009343_3,GUT_GENOME009343_00801,74805,0.03478342637861826,0.04736456141044009,0.046803097881241984,0.00165694111493275,0.9866514425558606,0.03759893333459028,1.3887464431559122e-08,-0.01258113503182183,-1.8407942525736485,0.009204164546651704,1.146906446403329,4.703917877109689,0.09518252275404566,False
GUT_GENOME009343_3,GUT_GENOME009343_00802,76287,0.03473682014948063,0.04734667872832101,0.04676396715087448,0.0016655136087425277,0.9864889090281854,0.037584036961019376,1.7762011307957715e-08,-0.01260985857884038,-1.8450179505672701,0.009179930189855107,1.144160646815168,4.713194823635954,0.0947420435324379,False
GUT_GENOME009343_3,GUT_GENOME009343_00804,79315,0.034356481124932385,0.04714596413442145,0.04656923682511741,0.0016499737041142366,0.987742048198623,0.03759031286549659,2.636372817030739e-08,-0.012789483009489067,-1.8714311002679782,0.00897892395962082,1.1213862514050683,4.759761487890526,0.09256161538523436,False
GUT_GENOME009343_3,GUT_GENOME009343_00804,79681,0.03396057093831444,0.047077726026681116,0.04648703948397473,0.0016496554728754173,0.9897056667180076,0.03757341858175523,3.270880336010518e-08,-0.013117155088366673,-1.9196141433032756,0.008913620902219498,1.1139872884524638,4.925886138003642,0.08518387965278315,False
GUT_GENOME009343_3,GUT_GENOME009343_00804,80351,0.03375124423551975,0.046897645449181916,0.04630479315528102,0.0016414544656878673,0.9902594422461861,0.037538889199428126,4.6389483718525004e-08,-0.013146401213662166,-1.9239146846205442,0.008765903955852895,1.0972506721724395,4.905406751281438,0.08606061756283456,False
GUT_GENOME009343_3,GUT_GENOME009343_00804,81339,0.03355449612429547,0.046380089861845816,0.04579641087669911,0.001635562494536569,0.9888769435429072,0.03754374749529985,2.2585560671359215e-07,-0.012825593737550343,-1.876741057619768,0.00825266338139926,1.039099520491769,4.601884810841989,0.1001644037523363,False
GUT_GENOME009343_3,GUT_GENOME009343_00804,81421,0.03354333063755224,0.04670283327299262,0.046067172277534554,0.0016598743119208563,0.9908010608574729,0.037546333999813906,1.422591357583558e-07,-0.013159502635440377,-1.9258412032654206,0.008520838277720648,1.0694842559338846,4.852660913885258,0.0883604809878727,False
GUT_GENOME009343_3,GUT_GENOME009343_00804,81472,0.03317384104567291,0.04652707497804903,0.04590126334012557,0.0016527246073199152,0.9917937659939974,0.037546208018585416,2.1483243093292735e-07,-0.01335323393237612,-1.9543287187397724,0.008355055321540156,1.050700725732313,4.92337275594545,0.08529099676262465,False
GUT_GENOME009343_3,GUT_GENOME009343_00805,81612,0.03263821896820395,0.045924780851278796,0.045307529854259516,0.001627715321125892,0.9919457734051218,0.03739171044716465,5.776689455623559e-07,-0.013286561883074845,-1.9445248250673588,0.00791581940709487,1.0009344454422242,4.7830465593759754,0.0914902124951683,False
GUT_GENOME009343_3,GUT_GENOME009343_00805,81614,0.032283279940711174,0.04570147736812353,0.045080695543260225,0.0016180389255696854,0.9929392544770771,0.03729701529612802,7.525239792918044e-07,-0.013418197427412355,-1.963881375431719,0.007783680247132205,0.9859628225495383,4.828952744217433,0.08941414640676526,False
GUT_GENOME009343_3,GUT_GENOME009343_00805,81620,0.032054533222202086,0.04503195673970899,0.04445767366373312,0.0015756581066606397,0.991423014009947,0.03723684796736118,2.29465252668618e-06,-0.012977423517506907,-1.899067100310819,0.0072208256963719394,0.9221903112077394,4.456890821568369,0.10769572267557471,False
GUT_GENOME009343_3,GUT_GENOME009343_00805,81621,0.03189752007231854,0.04492904861739415,0.044357995591058526,0.0015662006352746003,0.991920188759487,0.037251010387716645,2.843239460315977e-06,-0.01303152854507561,-1.9070230570120994,0.007106985203341881,0.9092919627390113,4.463548813477536,0.10733780014234219,False
GUT_GENOME009343_3,GUT_GENOME009343_00805,81622,0.03186073690647226,0.04482704177741896,0.044254283011922586,0.0015595397988278402,0.9915510458181827,0.03721364435774394,3.1723923504439464e-06,-0.012966304870946702,-1.8974321418867148,0.007040638654178644,0.9017747701476273,4.413446469139612,0.1100607013904808,False
GUT_GENOME009343_3,GUT_GENOME009343_00805,81636,0.03157619177026872,0.04400821143962336,0.043467058180644516,0.0015403888730888267,0.9892432661423234,0.037004108852606674,1.3603854265891836e-05,-0.012432019669354637,-1.8188673555624921,0.0064629493280378425,0.8363214500073024,4.00771202487321,0.13481443354814776,False
GUT_GENOME009343_3,GUT_GENOME009343_00805,81640,0.030707320971006414,0.04316005545644583,0.04262320252480058,0.0015134329909234716,0.9913062063712739,0.03682871838328867,6.441039887973817e-05,-0.012452734485439414,-1.821913397441617,0.005794484141511909,0.7605830489732492,3.8978550021626996,0.1424267422293576,False
GUT_GENOME009343_3,GUT_GENOME009343_00805,81646,0.030512955052031998,0.04251669090464877,0.041975984709599345,0.001524129279883794,0.9894663098449441,0.03682587871442879,0.0003636865357055857,-0.01200373585261677,-1.7558897053339841,0.005150105995170552,0.6875737562697345,3.5559063276087377,0.16898367543153067,False
GUT_GENOME009343_3,GUT_GENOME009343_00805,81647,0.030421851786881518,0.04240065811801391,0.041858285741940573,0.001525934470712672,0.989061969383406,0.03680293956259015,0.0004615857080402298,-0.011978806331132394,-1.7522239056398339,0.005055346179350426,0.6768372855048215,3.5283973265452486,0.17132401972186564,False
GUT_GENOME009343_3,GUT_GENOME009343_00805,81698,0.030544516813790487,0.0423361829575642,0.04179391916978352,0.001525677245459012,0.9877336678479498,0.036791970152292075,0.0005217822290151501,-0.011791666143773714,-1.7247055899749069,0.005001949017491444,0.6707872835892784,3.424564951915775,0.18045344156357088,False
GUT_GENOME009343_3,GUT_GENOME009343_00805,81700,0.030454411521228603,0.042264185857553545,0.041724532633275614,0.0015258732353204145,0.9881986658398885,0.036812219100646366,0.0006424172977784321,-0.011809774336324942,-1.7273683369015778,0.004912313532629248,0.6606314094522018,3.4202352304849253,0.18084452129401066,False
GUT_GENOME009343_3,GUT_GENOME009343_00805,81709,0.030356106811563015,0.04179913576145799,0.04125927533843199,0.0015306217303212675,0.9862775057713502,0.03681046274067214,0.0018272534768798852,-0.011443028949894973,-1.6734396994727156,0.004448812597759852,0.6081158553255324,3.170205321269637,0.20492675412620784,False
GUT_GENOME009343_3,GUT_GENOME009343_00805,81731,0.030403347556839194,0.04184532805925814,0.041304387245582885,0.0015409741010602772,0.9859710106002653,0.0368170094994582,0.001795385021629207,-0.011441980502418948,-1.673285528906732,0.004487377746124684,0.6124853613696292,3.1750227791407677,0.20443373513679894,False
GUT_GENOME009343_3,GUT_GENOME009343_00805,81747,0.03028967986820418,0.04178373880985874,0.04123644199082603,0.0015500578933576134,0.9861612746100032,0.036802960059940236,0.0021168422353274696,-0.011494058941654565,-1.6809434828205843,0.004433481930885795,0.6063788610598156,3.1932663155771954,0.2025774173108532,False
GUT_GENOME009343_3,GUT_GENOME009343_00805,81755,0.030228435378971127,0.04172783854165695,0.04116439991385527,0.0015730521953011762,0.9859766754587872,0.03683276788183905,0.002946755831357657,-0.011499403162685825,-1.6817293319927853,0.004331632032016218,0.5948390701457191,3.1820470654567234,0.20371699397821544,False
GUT_GENOME009343_3,GUT_GENOME009343_00805,81761,0.03023443329318399,0.04185325164835428,0.04127198336713124,0.0015834502322334093,0.9871569498011211,0.036835538695182225,0.002541247593241423,-0.011618818355170292,-1.699288921989761,0.004436444671949015,0.6067145453636945,3.255685379952998,0.1963527112159091,False
GUT_GENOME009343_3,GUT_GENOME009343_00805,81762,0.030257022378137488,0.0417727529982602,0.04120677757062693,0.0015758225572844295,0.9864121283684554,0.03684865107252016,0.002840734213033829,-0.011515730620122712,-1.684130227995378,0.004358126498106768,0.59784094449669,3.1937084197644583,0.20253264209764374,False
GUT_GENOME009343_3,GUT_GENOME009343_00805,81767,0.03026938122178343,0.04189724927743483,0.04130882854640439,0.001603989447809641,0.9871276739931383,0.03690334658234583,0.0030110291712189237,-0.0116278680556514,-1.7006196490667562,0.004405481964058565,0.6032064105579096,3.2559651645300947,0.19632524490698164,False
GUT_GENOME009343_3,GUT_GENOME009343_00805,81833,0.030450900922367703,0.042289312668957135,0.04169361271847719,0.0016336212014903867,0.988181344221631,0.037001608253186276,0.0020384496575084694,-0.011838411746589433,-1.7315793687841838,0.0046920044652909165,0.6356699651917662,3.402443415045934,0.18246047449548145,False
GUT_GENOME009343_3,GUT_GENOME009343_00805,81856,0.030729688736974077,0.042447744934497475,0.04178029342754889,0.0017009298278392285,0.9865525333811844,0.037032126738395,0.002623117451569783,-0.011718056197523398,-1.7138815026124625,0.004748166689153885,0.6420332539907001,3.3495965042270393,0.18734597232347278,False
GUT_GENOME009343_3,GUT_GENOME009343_00805,81857,0.030696962220897756,0.04276439212537103,0.04215891014027754,0.0017064696814704898,0.988676606600704,0.03724920675182951,0.002006669374845755,-0.012067429904473275,-1.7652556948079934,0.004909703388448032,0.660335675058342,3.552170871806808,0.16929958588248817,False
GUT_GENOME009343_3,GUT_GENOME009343_00805,81901,0.03077202759193091,0.042555869826145495,0.041938629045775624,0.001656974834628034,0.9873059106299832,0.0373283578591754,0.0026984042358575546,-0.011783842234214584,-1.7235551112027052,0.0046102711866002274,0.6264094263273937,3.363030990744784,0.18609174105811002,False
GUT_GENOME009343_3,GUT_GENOME009343_00805,81974,0.03081672169221883,0.042666436057719165,0.04202983566214255,0.0016453374635911299,0.9877465057724074,0.03747690266226083,0.002827239137083564,-0.011849714365500336,-1.733241379704556,0.004552932999881722,0.6199128986580607,3.388417682242792,0.1837445426633748,False
GUT_GENOME009343_3,GUT_GENOME009343_00805,82123,0.03095744597877127,0.04260810377145989,0.04198122713924235,0.0016405525025048437,0.9864388575324684,0.037471344332615515,0.002988847204732326,-0.011650657792688621,-1.7039708008773982,0.0045098828066268346,0.615035228336473,3.2817848223376593,0.1938070095542784,False
GUT_GENOME009343_3,GUT_GENOME009343_00805,82153,0.030824219327445005,0.04266224768228746,0.0420347118460108,0.001642151310896909,0.9879507786978653,0.037474083203403744,0.0027412350812577994,-0.011838028354842458,-1.7315229923571562,0.004560628642607055,0.6207848298920194,3.383545678085544,0.18419269037400293,False
GUT_GENOME009343_3,GUT_GENOME009343_00805,82207,0.030535794132449424,0.04110587519769494,0.040538537483172876,0.0016015263662874151,0.9790555099394537,0.0374397904856617,0.02650306094381905,-0.010570081065245512,-1.5450757398771602,0.0030987469975111773,0.455150806561625,2.594421298670652,0.2732930409722055,False
GUT_GENOME009343_3,GUT_GENOME009343_00805,82223,0.02997742099888873,0.04054417648770917,0.03998993129443558,0.0015813872548788336,0.9802798830312349,0.03716349041098301,0.03694310540093034,-0.010566755488820443,-1.5445867253948913,0.0028264408834525676,0.42429799614410674,2.565776941798018,0.27723535655537085,False
GUT_GENOME009343_3,GUT_GENOME009343_00806,82408,0.029736801711934196,0.04050785719796652,0.039938657494421485,0.0015739051774104305,0.9825003176328405,0.037141154742374186,0.03774894348114307,-0.010771055486032324,-1.574628331599148,0.0027975027520472998,0.42101924977746513,2.656711591357896,0.2649124736466374,False
GUT_GENOME009343_3,GUT_GENOME009343_00806,82510,0.029739110189680684,0.04032441476986745,0.039767969823033295,0.0015626000145974176,0.9810082341714053,0.037022802875994486,0.03947643041948132,-0.010585304580186767,-1.5473143049635585,0.0027451669470388088,0.4150895016498574,2.566480852724787,0.2771377992259125,False
GUT_GENOME009343_3,GUT_GENOME009343_00807,82859,0.029461003277612932,0.04013495997234917,0.03957837447734427,0.0015489534444710115,0.982142089732193,0.03694339552594028,0.04445881795648076,-0.010673956694736239,-1.560350291017478,0.0026349789514039865,0.4026049882140857,2.5967838072131926,0.2729704029965084,False
GUT_GENOME009343_3,GUT_GENOME009343_00807,82882,0.02902902623778975,0.039751344536269405,0.039185366149061936,0.0015497062545467922,0.9828719537909517,0.03685053169273544,0.06595271843124097,-0.010722318298479656,-1.5674616971598838,0.0023348344563264983,0.3685980352798804,2.5928006836755313,0.2735145821184402,False
GUT_GENOME009343_3,GUT_GENOME009343_00807,82928,0.028734160235582035,0.039530453776641,0.03896520174303174,0.0015383555222687993,0.9846874300344343,0.03679174931910318,0.07885117601072905,-0.010796293541058967,-1.5783395000808853,0.0021734524239285583,0.3503131382713036,2.6138748723610683,0.270647664181119,False
GUT_GENOME009343_3,GUT_GENOME009343_00807,82937,0.0285204773450072,0.03852260076316772,0.038012506625488884,0.001529839952322112,0.977246215438772,0.03675032109895582,0.20467325851917295,-0.010002123418160522,-1.4615595371983712,0.0012621855265330661,0.24706483287683928,2.1971973124199775,0.33333787751701444,False
GUT_GENOME009343_3,GUT_GENOME009343_00807,83876,0.028380158575331597,0.038304198518502156,0.03781246912306547,0.00151921338415739,0.9769111392612079,0.03671091808557393,0.2342015176357785,-0.009924039943170558,-1.4500776329461864,0.0011015510374915369,0.228864633979188,2.155104162257243,0.34042784625183475,False
GUT_GENOME009343_3,GUT_GENOME009343_00807,83879,0.02839935733885141,0.03886254128141248,0.03837628624733215,0.0014971549981598344,0.9818251979585674,0.03666365526412046,0.12632765473157065,-0.010463183942561068,-1.5293568886393716,0.0017126309832116923,0.2981011760246353,2.42779680397597,0.29703704955356036,False
GUT_GENOME009343_3,GUT_GENOME009343_00807,83904,0.0282261899181258,0.03898017798566932,0.03850441237746081,0.0014883255495135017,0.9852275484217604,0.03663144201884114,0.10411609945929629,-0.010753988067543522,-1.5721186268895975,0.0018729703586196703,0.31626793797571245,2.5715823856046427,0.276431786248317,False
GUT_GENOME009343_3,GUT_GENOME009343_00808,84979,0.02830772248733838,0.03871552288194538,0.038269392803899176,0.0014859448755122036,0.9823667446934552,0.03656297833163565,0.12540793258428112,-0.010407800394607002,-1.5212129299485395,0.0017064144722635233,0.29739683328739874,2.402533654691993,0.30081289243206516,False
GUT_GENOME009343_3,GUT_GENOME009343_00810,85965,0.028468623080701864,0.03883671901673084,0.03839503614459126,0.001510090561389603,0.9824551475431031,0.036528391628017326,0.10820804260763528,-0.010368095936028974,-1.5153745269850913,0.001866644516573937,0.31555120781325213,2.395932521787692,0.30180738566589055,False
GUT_GENOME009343_3,GUT_GENOME009343_00815,90323,0.028968717593970655,0.03895216225402596,0.038536267920173506,0.001505680196843273,0.977920059445442,0.03656598703986578,0.09534081830514024,-0.009983444660055303,-1.4588128905853535,0.0019702808803077274,0.32729340865840606,2.235256025089233,0.327054644806992,False
GUT_GENOME009343_3,GUT_GENOME009343_00815,90525,0.028727381745587713,0.03885650633162537,0.03838830838334522,0.0015090714162773306,0.9787185998535611,0.036551331879812715,0.11174708000517691,-0.01012912458603766,-1.4802346185733786,0.0018369765035325045,0.3121897644428151,2.288556975045936,0.3184536031680636,False
GUT_GENOME009343_3,GUT_GENOME009343_00815,90595,0.028696840359669788,0.03844281448248368,0.03807152865490421,0.0014853841399103667,0.9743997166797149,0.03653628388229425,0.15066919964837078,-0.009745974122813889,-1.423893671484625,0.0015352447726099602,0.2780029746115034,2.1047588415868095,0.3491060897806549,False
GUT_GENOME009343_3,GUT_GENOME009343_00816,91635,0.029065926942756934,0.03837547916841987,0.03804915593164375,0.0014926542595942304,0.9675477552148398,0.03656880161852846,0.16065738492184317,-0.009309552225662938,-1.3597193447491913,0.0014803543131152869,0.2717837791800152,1.9227031191105413,0.3823757329966762,False
GUT_GENOME009343_3,GUT_GENOME009343_00816,92129,0.029268452458031672,0.0381104295686567,0.037808805139637316,0.0014760312472195348,0.960907692939254,0.03654165447424615,0.19531235859172436,-0.008841977110625027,-1.2909640453435285,0.0012671506653911674,0.2476273927312709,1.727907492000615,0.42149231003022614,False
GUT_GENOME009343_3,GUT_GENOME009343_00816,92324,0.029293043912224037,0.03707958906940322,0.036838339178452785,0.0014873025670991183,0.9397969404252658,0.03655414928419888,0.4242324802948859,-0.007786545157179185,-1.1357664361730988,0.00028418989425390423,0.13625603250823864,1.3085311039322278,0.5198237059200754,False
GUT_GENOME009343_3,GUT_GENOME009343_00817,92923,0.029332293884121615,0.036950183968316,0.03670854210709593,0.0014871386887064996,0.9346626059865824,0.03654247006825478,0.4555416640330635,-0.007617890084194386,-1.1109662924819326,0.00016607203884115573,0.1228730505925664,1.2493438895929743,0.5354370526214809,False
GUT_GENOME009343_3,GUT_GENOME009343_00818,93017,0.02950004734369191,0.03686743157487305,0.03664614066191338,0.0014908548080208475,0.9260485278209579,0.036546522915577494,0.4733628135496812,-0.007367384231181141,-1.0741302753953517,9.961774633588522e-05,0.11534365047173722,1.1670600062250405,0.5579254079125638,False
GUT_GENOME009343_3,GUT_GENOME009343_00818,93330,0.029297421325627772,0.036516142646837724,0.03628521052545037,0.0015050828152472265,0.9242047891551206,0.03648614132744818,0.5531016079578841,-0.007218721321209952,-1.052269909954908,-0.00020093080199781038,0.08129091752059969,1.1138801766678512,0.5729595899888758,False
GUT_GENOME009343_3,GUT_GENOME009343_00818,93374,0.02917909018844822,0.036393021884759603,0.03612572497751789,0.0014913976446486877,0.924427960830936,0.03647190766453986,0.5917774552334465,-0.007213931696311383,-1.0515656122210235,-0.00034618268702196753,0.06483359746765031,1.1099936321663733,0.5740740889976703,False
GUT_GENOME009343_3,GUT_GENOME009343_00818,93409,0.02900386466673513,0.0352699901519573,0.03504155608084942,0.0015008804581722718,0.8961412374520239,0.036494147416419785,0.8334343959111663,-0.006266125485222172,-0.9121939952847763,-0.0014525913355703662,-0.060524646492377404,0.8357611178666298,0.6584408686079956,False
GUT_GENOME009343_3,GUT_GENOME009343_00820,94780,0.028962124221478792,0.03547198877345798,0.035228249071436735,0.0015222962500624413,0.9068631937297176,0.036493922065449366,0.7971328078373616,-0.006509864551979189,-0.9480349799153991,-0.0012656729940126316,-0.03934643616987079,0.9003184651824608,0.6375266285220565,False
GUT_GENOME009343_3,GUT_GENOME009343_00820,94848,0.028842520362850153,0.03314722657103495,0.0330732786771209,0.0015352369516766814,0.8091517580423081,0.03648603749020711,0.9868904983035189,-0.004304706208184798,-0.6237740915826534,-0.0034127588130862113,-0.28261542025063635,0.46896559309320823,0.7909798413591682,False
GUT_GENOME009343_3,GUT_GENOME009343_00822,97446,0.028687240358882052,0.03290677985034035,0.03283702363354537,0.0015377394324267316,0.8039063906891194,0.03649575628127054,0.9913270585674474,-0.004219539491458299,-0.6112506211934029,-0.00365873264772517,-0.3104847323812937,0.47002809095120446,0.7905597457631348,False
GUT_GENOME009343_3,GUT_GENOME009343_00830,102010,0.02843311345026194,0.032955695594844736,0.032788191992583,0.0015331068289958002,0.8228681033783339,0.03649810378596525,0.9922368682772866,-0.004522582144582798,-0.6558119925712872,-0.003709911793382245,-0.316283428762927,0.5301245769103555,0.7671581633907203,False
GUT_GENOME009343_3,GUT_GENOME009343_00830,102067,0.028440742070178233,0.03279327330400963,0.03263302036882619,0.001535814216503951,0.8133580660307986,0.03648484967759557,0.9939292477877576,-0.004352531233831395,-0.630806595776442,-0.003851829308769379,-0.33236295827441664,0.5083820973079851,0.7755436213270963,False
GUT_GENOME009343_3,GUT_GENOME009343_00830,102140,0.02828151991418518,0.03195082252856328,0.031836561354617016,0.0015317360890443794,0.7749080044000476,0.03646498192389812,0.9987431308823225,-0.0036693026143780998,-0.5303401962991726,-0.004628420569281103,-0.42035225302566376,0.4579567404343966,0.7953457364745772,False
GUT_GENOME009343_3,GUT_GENOME009343_00832,103752,0.02811608979256472,0.03097430764109945,0.030905183084955993,0.0015348891161590095,0.7247545573375713,0.03642638806820698,0.9998391298948249,-0.0028582178485347318,-0.4110729938211043,-0.005521204983250986,-0.5215064572313003,0.4409499911829877,0.8021376955894942,False
GUT_GENOME009343_3,GUT_GENOME009343_00832,104583,0.028126809885152513,0.03041970565081128,0.030367101498102605,0.001531665229724419,0.6838648622173858,0.036384334491882754,0.9999572713163083,-0.0022928957656587687,-0.32794434172074977,-0.006017232993780149,-0.5777073920635645,0.44129332211154093,0.8020000080680014,False
GUT_GENOME009343_3,GUT_GENOME009343_00835,107824,0.028203421206627628,0.029649565121978406,0.02959315150719461,0.0015572562165486433,0.6181150695982246,0.036374467523664085,0.9999933362152705,-0.0014461439153507782,-0.2034324181434985,-0.006781316016469474,-0.664279479230157,0.48265197527799975,0.7855854934822802,False
GUT_GENOME009343_3,GUT_GENOME009343_00841,115927,0.02827814863009379,0.029231714010482822,0.029198844037299172,0.0015628125925452661,0.578731731403983,0.03642878044227669,0.9999981381251434,-0.0009535653803890327,-0.13100045253439724,-0.007229936404977516,-0.7151090386174753,0.5285420556766267,0.7677654256519895,False
GUT_GENOME009343_3,GUT_GENOME009343_00841,116338,0.028087064641440028,0.028454443837593876,0.028533018284260588,0.00153367983867491,0.5306818088067443,0.036425104633483224,0.9999998668438957,-0.00036737919615384765,-0.04480380667293956,-0.007892086349222636,-0.7901319104629746,0.6263158170242563,0.7311344510996087,False
GUT_GENOME009343_3,GUT_GENOME009343_00842,118655,0.027537264114742117,0.028266639986018006,0.028349744314024778,0.0015260330308566512,0.5618123070076869,0.036369756624095355,0.9999999261743044,-0.0007293758712758891,-0.09803416256955819,-0.008020012310070577,-0.8046261697313173,0.6570339700472052,0.7199906990629473,False
GUT_GENOME009343_3,GUT_GENOME009343_00844,119610,0.02733792196657419,0.027436699328497172,0.02752767775817748,0.0015156230881849387,0.5084736069343357,0.036373464276440635,0.9999999973330038,-9.877736192298245e-05,-0.005306838293953085,-0.008845786518263156,-0.8981879877651138,0.8067698238982223,0.6680549075120712,False
GUT_GENOME009343_3,GUT_GENOME009343_00845,122239,0.027487773043809022,0.026745143478754077,0.026917372700505142,0.001489416483933807,0.4366037555139706,0.036406253393331166,0.9999999999060213,0.0007426295650549454,0.11841913284049337,-0.009488880692826024,-0.9710518039779515,0.9569646970315284,0.6197232023111536,False
GUT_GENOME009343_3,GUT_GENOME009343_00845,122240,0.02762951927050524,0.026826041988961435,0.026945986521642717,0.0014937260938333253,0.43224808301748535,0.036392481493876125,0.9999999998726556,0.000803477281543806,0.12736657856801736,-0.009446494972233408,-0.9662494196966628,0.9498601864002605,0.6219285319788035,False
GUT_GENOME009343_3,GUT_GENOME009343_00845,122254,0.02758119850418129,0.026811326884294554,0.026881160364085614,0.0014875263541865192,0.4349038118825391,0.03640157903047579,0.999999999922397,0.0007698716198867375,0.12242498254494884,-0.009520418666390178,-0.974625117499359,0.9648819960117704,0.6172747847831173,False
GUT_GENOME009343_3,GUT_GENOME009343_00845,122255,0.02759603731887492,0.026682621554729485,0.026807316149702727,0.0014800375904478959,0.42204678252558103,0.03642199325028315,0.9999999999588235,0.0009134157641454352,0.14353265123607709,-0.009614677100580421,-0.9853047807539921,0.9914271329475297,0.6091360930863512,False
GUT_GENOME009343_3,GUT_GENOME009343_00846,122969,0.02773610126783918,0.025819122485398294,0.026001647240441163,0.0014303338653011049,0.34085635333487374,0.036507065568915226,0.9999999999998969,0.0019169787824408861,0.2911031133419567,-0.010505418328474063,-1.0862274880177551,1.2646311783227426,0.5313599639697173,False
GUT_GENOME009343_3,GUT_GENOME009343_00851,127935,0.028039392931053397,0.02595219378332861,0.026164574257691062,0.0014162379153621052,0.3272154404532602,0.03661007460948374,0.9999999999999182,0.0020871991477247887,0.31613342783824266,-0.010445500351792678,-1.0794386651463226,1.2651281760096322,0.5312279380380431,False
GUT_GENOME009343_3,GUT_GENOME009343_00851,127988,0.02832364873891665,0.02570153231358779,0.025969705306132417,0.0013708791094789877,0.2885648362632695,0.03661638187611202,0.999999999999996,0.0026221164253288597,0.39479115874838305,-0.010646676569979602,-1.102232320520871,1.3707761474267153,0.5038946433609561,False
GUT_GENOME009343_3,GUT_GENOME009343_00851,127996,0.028334246810975988,0.02551675022122024,0.025809090831154166,0.001363779598509554,0.2729891703493632,0.03664541642378487,0.999999999999999,0.002817496589755747,0.42352113447005735,-0.010836325592630702,-1.1237199223029692,1.4421166151233955,0.48623739485557027,False
GUT_GENOME009343_3,GUT_GENOME009343_00851,127999,0.028196288179303072,0.025330584443457874,0.02562628152173164,0.0013527754208739837,0.26909805866366165,0.03664454073466713,0.9999999999999998,0.002865703735845198,0.43060982815001075,-0.011018259212935488,-1.1443333540477598,1.4949236492855775,0.4735670247444941,False
GUT_GENOME009343_3,GUT_GENOME009343_00851,128017,0.027989701033758054,0.02524184682321723,0.02551755009387819,0.0013453430526798858,0.2758615243004998,0.036651487702569534,0.9999999999999999,0.0027478542105408253,0.41328046408310487,-0.011133937608691344,-1.157439940456943,1.5104679577577187,0.4699006550384758,False
GUT_GENOME009343_3,GUT_GENOME009343_00851,128025,0.028019213319554634,0.025215087727979996,0.025484570324404134,0.0013394710746112537,0.2712580068419936,0.036652896462656494,1.0,0.0028041255915746376,0.4215549755498586,-0.01116832613825236,-1.1613362274968106,1.5264104307073658,0.46616985509653286,False
GUT_GENOME009343_3,GUT_GENOME009343_00851,128034,0.02804386417036502,0.024821047766021447,0.02513645546490192,0.0013360709817121887,0.2415020150624419,0.036648118422513414,1.0,0.0032228164043435724,0.48312200780732667,-0.011511662957611492,-1.200236954473367,1.6739756213112862,0.4330128777517872,False
GUT_GENOME009343_3,GUT_GENOME009343_00851,128092,0.028087504114740505,0.024830607665072002,0.025127154788933778,0.0013389219790987358,0.23953386371841984,0.03665025511341695,1.0,0.0032568964496685025,0.4881333603038857,-0.011523100324483171,-1.2015328303040933,1.6819553197401282,0.4312886636261406,False
GUT_GENOME009343_3,GUT_GENOME009343_00851,128107,0.028049308430006775,0.024616774948582578,0.024945036475435927,0.0013398736558751484,0.22742178667778634,0.03666348453551207,1.0,0.003432533481424197,0.513960176823207,-0.011718448060076141,-1.2236661073058874,1.7615138055292858,0.4144690801339689,False
GUT_GENOME009343_3,GUT_GENOME009343_00851,128127,0.02794656323882469,0.024734883786193918,0.025011294290653963,0.0013083738716582612,0.24021808777683612,0.036686372450183725,1.0,0.0032116794526307717,0.4814843576740044,-0.011675078159529763,-1.2187522135286217,1.7171841446656637,0.4237582835267437,False
GUT_GENOME009343_3,GUT_GENOME009343_00851,128149,0.027921300298610945,0.024532825900498045,0.02483735309462585,0.0013074780221070312,0.2276535882010589,0.03669943484325654,1.0,0.0033884743981128992,0.5074814413918706,-0.011862081748630689,-1.2399400825629707,1.7949888217034373,0.4075896335521082,False
GUT_GENOME009343_3,GUT_GENOME009343_00851,128173,0.0279527295522183,0.023743101785820692,0.02413938841893818,0.0013287283447590348,0.17803229484181088,0.03672743504125423,1.0,0.004209627766397609,0.6282291969472663,-0.012588046622316051,-1.322193309579281,2.1428670717932197,0.3425171546733577,False
GUT_GENOME009343_3,GUT_GENOME009343_00851,128185,0.027987202038961115,0.02385175180801898,0.024229183512832913,0.0013292286360014633,0.18160615418351322,0.03675083660128968,1.0,0.004135450230942136,0.6173216475602513,-0.012521653088456767,-1.3146707935307846,2.1094453119093663,0.34828900979520544,False
GUT_GENOME009343_3,GUT_GENOME009343_00851,128187,0.028168927825295467,0.02377989986993861,0.024186429167521298,0.001341099648395959,0.16887633913966904,0.03680723027760505,1.0,0.004389027955356856,0.6546093726850735,-0.012620801110083756,-1.3259044565174007,2.1865360586198492,0.3351195217953052,False
GUT_GENOME009343_3,GUT_GENOME009343_00852,129384,0.028521349142759563,0.023700686381234015,0.02416265645781666,0.0013602723033043092,0.14800244109559724,0.036907316475766005,1.0,0.004820662761525547,0.7180797742902303,-0.012744660017949345,-1.3399379108014107,2.3110721670475574,0.31488868501223927,False
GUT_GENOME009343_3,GUT_GENOME009343_00852,129926,0.028604264887044203,0.02366413044386646,0.024160506648060822,0.0013677894342766976,0.14141332703815057,0.036941049466676874,1.0,0.004940134443177743,0.7356476708234508,-0.012780542818616052,-1.3440035016532608,2.347522908044195,0.3092017031545928,False
GUT_GENOME009343_3,GUT_GENOME009343_00852,130028,0.028843695949843977,0.0237263889140384,0.024225297437615197,0.0013633106942412911,0.13432678089929578,0.03693368565809392,1.0,0.005117307035805575,0.7617002862446467,-0.012708388220478723,-1.3358282458578508,2.3646244284968394,0.3065690650982731,False
GUT_GENOME009343_3,GUT_GENOME009343_00854,131016,0.028876525862830908,0.02390769229924052,0.024373940864062856,0.0013598728769000617,0.14149106162208935,0.036944411332793685,1.0,0.0049688335635903885,0.7398677769693706,-0.012570470468730829,-1.320201897317721,2.2903373770789086,0.31817024158991486,False
GUT_GENOME009343_3,GUT_GENOME009343_00854,131144,0.028954883173145252,0.024043421503789103,0.02448616406255603,0.0013509965822398708,0.1439003652815724,0.036969132286533105,1.0,0.004911461669356149,0.7314314388523916,-0.012482968223977074,-1.3102877234188792,2.251845867883909,0.32435297280498915,False
GUT_GENOME009343_3,GUT_GENOME009343_00855,131306,0.028898405462291082,0.02417130287515237,0.02459791355319568,0.0013549644620129428,0.15249673364082522,0.03700741946462451,1.0,0.004727102587138713,0.7043220750553356,-0.012409505911428833,-1.3019643010465285,2.1911806266098295,0.3343421820446117,False
GUT_GENOME009343_3,GUT_GENOME009343_00855,131414,0.029135703768148877,0.024717744048456978,0.025066550532076494,0.001345576854211448,0.17065497637760846,0.03706569322040851,1.0,0.004417959719691899,0.6588636883131168,-0.011999142688332014,-1.255469352637831,2.0103046551904185,0.36598888035163485,False
GUT_GENOME009343_3,GUT_GENOME009343_00856,132981,0.029117023746243705,0.024763227597944183,0.025123100743520754,0.0013573582731540835,0.17429528999578114,0.03719996954807409,1.0,0.004353796148299522,0.6494286576193602,-0.012076868804553338,-1.2642758722290526,2.0201510624378156,0.36419147070694896,False
GUT_GENOME009343_3,GUT_GENOME009343_00856,133029,0.02927523565913037,0.02506583341024964,0.025397623428607446,0.001362476729882671,0.1836611779076564,0.03730225937686485,1.0,0.0042094022488807295,0.6281960353783641,-0.011904635948257403,-1.2447615558453138,1.944061589775541,0.3783139793721558,False
GUT_GENOME009343_3,GUT_GENOME009343_00856,133042,0.029253345291231546,0.025422171333918924,0.025746892998608495,0.001382893454050114,0.20626232749338547,0.03750263762344461,1.0,0.0038311739573126218,0.5725788765645358,-0.011755744624836112,-1.2278918803691996,1.8355650397645147,0.399403729661809,False
GUT_GENOME009343_3,GUT_GENOME009343_00856,133050,0.02915064992948643,0.025788474698046404,0.02608183575170051,0.0013983033270583217,0.234490447779709,0.0376762355397477,0.9999999999999999,0.0033621752314400254,0.5036142401218324,-0.011594399788047192,-1.209611197695205,1.7167865524431192,0.4238425333996243,False
GUT_GENOME009343_3,GUT_GENOME009343_00856,133062,0.02958848088556217,0.02658237051528543,0.02684958731015628,0.0014509781643176328,0.26170446120051727,0.038132964485932966,0.9999999999999962,0.003006110370276739,0.4512561368999949,-0.011283377175776686,-1.1743717330026209,1.582781068365486,0.453214147151365,False
GUT_GENOME009343_3,GUT_GENOME009343_00856,133123,0.029561884120871552,0.02689182565561911,0.027115506069287355,0.0015080364571145928,0.28563304729026784,0.0381905264675108,0.9999999999998963,0.0026700584652524437,0.40184086948586956,-0.011075020398223449,-1.1507645063368566,1.4857350334338688,0.47574774308966816,False
GUT_GENOME009343_3,GUT_GENOME009343_00856,133183,0.029601182546227293,0.026983570783349457,0.02721038330212614,0.0015201100558855085,0.2887316129270726,0.03816657967961404,0.9999999999997151,0.002617611762877836,0.3941287637543371,-0.010956196377487896,-1.137301514521652,1.4487922173517656,0.4846171366912788,False
GUT_GENOME009343_3,GUT_GENOME009343_00856,133264,0.02971174165526414,0.02705827262214225,0.027285920794545986,0.0015103919874576747,0.28640455123567365,0.03817310434069876,0.9999999999997164,0.0026534690331218927,0.39940145101293933,-0.010887183546152774,-1.1294822269932772,1.4352516201649341,0.4879092712018829,False
GUT_GENOME009343_3,GUT_GENOME009343_00856,133287,0.02962785014353456,0.027015155608621857,0.02722421104686975,0.001505596444617584,0.28817015695858206,0.0381789304679079,0.999999999999828,0.002612694534912703,0.3934057024319628,-0.01095471942103815,-1.1371341724937416,1.4478421729590125,0.48484739527259046,False
GUT_GENOME009343_3,GUT_GENOME009343_00861,142300,0.029690432296376,0.027117353009241632,0.02731431097378323,0.0015131059694131284,0.29197649161705297,0.03819814972837544,0.9999999999996831,0.0025730792871343673,0.38758041760728146,-0.010883838754592208,-1.1291032556276837,1.425092741981669,0.4903938814984742,False
GUT_GENOME009343_3,GUT_GENOME009343_00861,142325,0.029799198085199527,0.02703772332053332,0.027254197991323604,0.0015093930550728715,0.27809573714585056,0.03818869746824785,0.9999999999997826,0.0027614747646662052,0.4152833193396033,-0.010934499476924247,-1.1348432136419517,1.4603293548709113,0.4818296370875954,False
GUT_GENOME009343_3,GUT_GENOME009343_00861,142394,0.029646208241589582,0.027007861762257186,0.027238961279012427,0.0015090662434679193,0.2847692445069596,0.03824532974792302,0.999999999999849,0.0026383464793323964,0.39717773191383643,-0.01100636846891059,-1.1429861097069867,1.464167397711331,0.4809058823292047,False
GUT_GENOME009343_3,GUT_GENOME009343_00861,142634,0.029752390858089305,0.026980466567414898,0.027237897283306826,0.0015076087312891851,0.2753188285813841,0.03822502523681792,0.9999999999998425,0.0027719242906744067,0.4168198859066305,-0.010987127953511096,-1.1408061220265477,1.475177425340467,0.47826576241920205,False
GUT_GENOME009343_3,GUT_GENOME009343_00861,142673,0.029830750048737767,0.027152063807349237,0.027385778826316032,0.0014915345602751096,0.2827230847621809,0.038219686127179825,0.9999999999998115,0.0026786862413885303,0.4031095540509016,-0.010833907300863792,-1.123445925159436,1.4246280593244578,0.49050783350180893,False
GUT_GENOME009343_3,GUT_GENOME009343_00861,142674,0.029904648399292605,0.027192518695610474,0.027432031574070086,0.0014880960503938065,0.28057359111503744,0.03825081419872154,0.9999999999998206,0.0027121297036821305,0.40802729921997893,-0.010818782624651455,-1.1217322700348757,1.4247695625463457,0.490473130510069,False
GUT_GENOME009343_3,GUT_GENOME009343_00861,142678,0.02986353846038473,0.027245560080915256,0.027462668180966914,0.0014880590035503698,0.28583279616613044,0.03826771085880537,0.9999999999998082,0.002617978379469473,0.3941826734529382,-0.010805042677838456,-1.1201755074346906,1.4101731475070725,0.494065799273836,False
GUT_GENOME009343_3,GUT_GENOME009343_00861,142695,0.029911107886433523,0.02740338118176874,0.02760512092798664,0.001508701690458245,0.29496520591351205,0.03826083798542806,0.9999999999991843,0.002507726704664783,0.3779705469573748,-0.010655717057441418,-1.1032566252696119,1.3600369155685499,0.5066076414247336,False
GUT_GENOME009343_3,GUT_GENOME009343_00861,142839,0.02996712584897805,0.02717358316950275,0.027452507635761726,0.0015004019132916137,0.2729795005032303,0.038340418132529176,0.9999999999998016,0.0027935426794752985,0.4199987950206299,-0.01088791049676745,-1.129564591906658,1.4523151551080358,0.48376425007432866,False
GUT_GENOME009343_3,GUT_GENOME009343_00861,143038,0.02989685842095797,0.02724292181377248,0.027494689034243285,0.0014960733829807176,0.28224308770193596,0.03837821297092469,0.9999999999998265,0.002653936607185492,0.3994702061577346,-0.010883523936681405,-1.1290675861483126,1.43437005969848,0.488124379368468,False
GUT_GENOME009343_3,GUT_GENOME009343_00861,143150,0.030028471057035162,0.02730930930486565,0.027567772066942935,0.0015017130897601676,0.2781038304771808,0.03840138588348536,0.9999999999997287,0.002719161752169512,0.4090613375672632,-0.010833613816542423,-1.1234126728170895,1.4293872113383554,0.48934202045047703,False
GUT_GENOME009343_3,GUT_GENOME009343_00861,143168,0.03026300179377954,0.027568497054627564,0.02784053262447015,0.0015231132465534604,0.2807150865981436,0.03861932718974579,0.9999999999992625,0.002694504739151976,0.4054356092982715,-0.01077879456527564,-1.1172015454158137,1.4125173263665431,0.4934870492125851,False
GUT_GENOME009343_3,GUT_GENOME009343_00861,143398,0.03023039134287604,0.02756424033544656,0.02782594407496694,0.0015554517656015208,0.28031328256946864,0.038675322182177424,0.9999999999984713,0.002666151007429479,0.40126629136164427,-0.010849378107210483,-1.1251987974989746,1.4270869704762663,0.48990514647526484,False
GUT_GENOME009343_3,GUT_GENOME009343_00861,143410,0.030537000772078046,0.02804540358401028,0.02826077545877366,0.0016170555197061196,0.29569372270217814,0.03892226738711778,0.9999999999784707,0.0024915971880677644,0.37559875746894855,-0.010661491928344119,-1.1039109293338545,1.3596937665149524,0.5066945698482219,False
GUT_GENOME009343_3,GUT_GENOME009343_00861,143414,0.031267071717993415,0.028393302776243072,0.028644075768613015,0.0016455591132270165,0.27207857084733705,0.03938495744351285,0.9999999999664931,0.002873768941750343,0.4317957887132277,-0.010740881674899835,-1.1129059414658666,1.4250072377005054,0.4904148473348007,False
GUT_GENOME009343_3,GUT_GENOME009343_00861,143439,0.031545715084920274,0.028721502160925453,0.028956076582341117,0.001683179144515416,0.27733665747508185,0.03957856944054222,0.9999999998613539,0.002824212923994821,0.42450874813182937,-0.010622492858201105,-1.0994922591114042,1.389090905086352,0.4993013525717781,False
GUT_GENOME009343_3,GUT_GENOME009343_00861,143441,0.03160775601130241,0.02874753306369491,0.028988326919495627,0.0016735450689097954,0.273616784213579,0.03970409106875957,0.9999999999238398,0.002860222947607502,0.42980389724363377,-0.010715764149263944,-1.1100600771367446,1.4169647649386514,0.4923908917687587,False
GUT_GENOME009343_3,GUT_GENOME009343_00861,143512,0.03189500284332887,0.028869654322049486,0.029141326242631344,0.0016751598838856598,0.2631794740731313,0.039776799365271114,0.9999999998915913,0.003025348521279385,0.45408504029895147,-0.01063547312263977,-1.1009629482264094,1.4183126371906878,0.49205916355304347,False
GUT_GENOME009343_3,GUT_GENOME009343_00863,145907,0.03193951244257798,0.028948574859930527,0.029254858622200147,0.0016928720874640787,0.26473260828736495,0.039792135479283154,0.999999999758448,0.00299093758264745,0.44902503108893027,-0.010537276857083007,-1.0898371210469324,1.3893684289562809,0.49923207335673503,False
GUT_GENOME009343_3,GUT_GENOME009343_00863,145908,0.03204373362684677,0.028981090488139852,0.029265809030862514,0.0016898876331886746,0.2597017196909454,0.03981579444738608,0.9999999997853853,0.0030626431387069143,0.45956908447705436,-0.010549985416523567,-1.0912770254591226,1.4020892897019885,0.49606681937391395,False
GUT_GENOME009343_3,GUT_GENOME009343_00863,145912,0.03207839012255936,0.029142109412527758,0.02939153546880228,0.0016886127745005858,0.267948243922003,0.03982135933396102,0.9999999996724405,0.002936280710031599,0.4409879274869233,-0.010429823865158738,-1.0776624888316562,1.3558267920240514,0.5076752050536955,False
GUT_GENOME009343_3,GUT_GENOME009343_00864,146340,0.032026816345182396,0.029361392012461976,0.029606849868998513,0.001677925204745771,0.2858954008112697,0.03982347686460539,0.9999999994313603,0.0026654243327204202,0.4011594363653346,-0.010216626995606878,-1.0535068703629642,1.2708056192869204,0.529722068179193,False
GUT_GENOME009343_3,GUT_GENOME009343_00864,146453,0.03208454154237294,0.02945113364643345,0.029680309303597115,0.0016737177559534016,0.28936102769570915,0.03980821355209652,0.9999999992808881,0.00263340789593949,0.3964515303498554,-0.010127904248499409,-1.0434544111822681,1.2459709241324763,0.5363408198435591,False
GUT_GENOME009343_3,GUT_GENOME009343_00868,152363,0.032158767137173166,0.029711244135093295,0.02991802063654295,0.001668132269262904,0.3027294544363713,0.03980780437788138,0.9999999984728867,0.002447523002079871,0.36911780124138543,-0.00988978374133843,-1.0164748962736176,1.1694691659477368,0.5572537468179877,False
GUT_GENOME009343_3,GUT_GENOME009343_00869,152478,0.03200731237173401,0.02971360925627306,0.02990357583473189,0.0016690251157974543,0.3133142808511181,0.039788299600842285,0.9999999984141332,0.0022937031154609475,0.3464991202660908,-0.009884723766110395,-1.0159015912746916,1.1521176834996254,0.5621093687248512,False
GUT_GENOME009343_3,GUT_GENOME009343_00869,152512,0.03231401251192397,0.029676438278614003,0.029898775856329524,0.0016592386224759028,0.2917595000413794,0.03976087945940332,0.9999999986071489,0.0026375742333099687,0.3970641758139089,-0.009862103603073796,-1.0133386829676407,1.1845152461133714,0.5530772342778514,False
GUT_GENOME009343_3,GUT_GENOME009343_00869,152744,0.03231439094980903,0.02975306132441353,0.029949175799412225,0.0016557093822922688,0.2971831874285457,0.03960240467427065,0.9999999972330731,0.002561329625395497,0.38585267058912415,-0.009653228874858422,-0.9896727714881337,1.128334478025763,0.5688336520453944,False
GUT_GENOME009343_3,GUT_GENOME009343_00869,152790,0.03272386383702562,0.029737980686411716,0.03001681908641389,0.001660861041501141,0.27136013148243937,0.03954657880436675,0.9999999952054998,0.002985883150613905,0.44828179438403465,-0.009529759717952863,-0.9756834767431831,1.1529148139658354,0.5618853761140736,False
GUT_GENOME009343_3,GUT_GENOME009343_00871,153773,0.03293931206267515,0.02979660869847823,0.030082612781009682,0.001660201326602149,0.2620495267180849,0.03951849508281428,0.9999999934046906,0.0031427033641969193,0.4713416630361247,-0.009435882301804595,-0.9650469835710703,1.1534786438132814,0.5617269945672352,False
GUT_GENOME009343_3,GUT_GENOME009343_00871,154114,0.03303331681176302,0.029780907256109903,0.03007088095461591,0.0016645636676235354,0.2550181374133881,0.03941420842640911,0.9999999900621136,0.003252409555653115,0.4874735780966902,-0.0093433274717932,-0.9545603419712693,1.1488159358066965,0.5630381067842875,False
GUT_GENOME009343_3,GUT_GENOME009343_00871,154409,0.033042804904553726,0.029958363593094357,0.03022106580672264,0.0016874296057113325,0.26739175483231786,0.03940225135706515,0.9999999734983585,0.003084441311459369,0.4627744301977518,-0.009181185550342509,-0.9361893480604473,1.0906106686666992,0.5796647647617821,False
GUT_GENOME009343_3,GUT_GENOME009343_00872,154781,0.033052172682204874,0.029916891034852577,0.030191173320295167,0.0016882124379972514,0.2647662448630191,0.03933836340480697,0.9999999699106831,0.003135281647352297,0.47025032530803645,-0.0091471900845118,-0.9323375959029312,1.0903887611863716,0.5797290843036544,False
GUT_GENOME009343_3,GUT_GENOME009343_00872,154814,0.033418537096793814,0.029993706958086726,0.030275691396107782,0.0017110151114019603,0.24885350914435522,0.03934740334906029,0.9999999427130407,0.0034248301387070877,0.5128274269870735,-0.009071711952952508,-0.9237857773302269,1.1163721322677937,0.5722461396234277,False
GUT_GENOME009343_3,GUT_GENOME009343_00872,154859,0.03349496463060326,0.030041641935987087,0.030315216106103125,0.0017112065807387594,0.2471393899488752,0.039355247311094854,0.9999999364018914,0.003453322694616172,0.5170171585389822,-0.009040031204991729,-0.9201962871930032,1.1140679491875112,0.5729057994810721,False
GUT_GENOME009343_3,GUT_GENOME009343_00872,154880,0.03347601028557924,0.030062770325268127,0.03031096773055692,0.0017173277103498786,0.24914048857695265,0.03931463413210576,0.9999999209361754,0.003413239960311114,0.5111231314414999,-0.009003666401548836,-0.9160760844925512,1.1004422480737686,0.5768222470135189,False
GUT_GENOME009343_3,GUT_GENOME009343_00873,155238,0.03341142395928775,0.030135047811914534,0.030382216494267585,0.001716814861068932,0.2577561783674995,0.0393101487116324,0.9999999005101741,0.0032763761473732153,0.490997782307847,-0.008927932217364817,-0.9074952546612678,1.0646264594639432,0.5872449647704558,False
GUT_GENOME009343_3,GUT_GENOME009343_00873,155241,0.03327056807378517,0.030217864541597753,0.030427326610049692,0.001719376029540036,0.2727764421752369,0.03930642494548968,0.9999998792264941,0.0030527035321874195,0.4581074998027567,-0.008879098335439987,-0.9019622812053213,1.0233984380926398,0.5994760717157611,False
GUT_GENOME009343_3,GUT_GENOME009343_00873,155325,0.033408519170116606,0.030501693088745705,0.030648453068770662,0.0017276880925301264,0.28366205243916554,0.03929332301637821,0.9999997188299942,0.002906826081370901,0.4366567264727617,-0.008644869947607547,-0.8754237509590272,0.9570358405170811,0.6197011580688869,False
GUT_GENOME009343_3,GUT_GENOME009343_00873,155328,0.033176135113851826,0.030453032682201134,0.030564892007815442,0.001730049386387473,0.2946593580659118,0.03929532254409706,0.9999997748320836,0.0027231024316506924,0.4096408008211371,-0.008730430536281617,-0.8851179314613576,0.9512393382918151,0.6214998128573439,False
GUT_GENOME009343_3,GUT_GENOME009343_00873,155397,0.03323569783878339,0.03049698817181882,0.030612914051933504,0.0017557277230780032,0.2948988962804616,0.039233021722508886,0.999999543935783,0.0027387096669645727,0.4119357906578256,-0.008620107670575382,-0.8726181369851338,0.9311535086202937,0.6277729300134548,False
GUT_GENOME009343_3,GUT_GENOME009343_00874,155513,0.033636568685544016,0.03056387612346338,0.0307594241967325,0.0017644368210531698,0.2759772112396902,0.03923337727737088,0.999999217059752,0.0030726925620806374,0.4610468173389894,-0.008473953080638384,-0.856058538716232,0.945400389487382,0.6233169168556197,False
GUT_GENOME009343_3,GUT_GENOME009343_00874,155598,0.033752926890290504,0.030611616509957685,0.030784636945392626,0.0017699312996921359,0.2728660027233879,0.0391806054376762,0.9999989505922945,0.0031413103803328186,0.4711368295889133,-0.008395968492283575,-0.8472227337314007,0.9397562727464006,0.6250784379669345,False
GUT_GENOME009343_3,GUT_GENOME009343_00876,158851,0.033495997915529395,0.030530791037983684,0.030691954894950052,0.0017541910311090368,0.28338562837756764,0.03914406851200001,0.9999992758499812,0.002965206877545711,0.4452414201218551,-0.008452113617049957,-0.8535840851695555,0.9268457126468733,0.6291265461157041,False
GUT_GENOME009343_3,GUT_GENOME009343_00877,161105,0.03392824501354101,0.03062306009993501,0.030814445758475743,0.001797442708114193,0.2643105225805235,0.039101322804133504,0.9999979902412959,0.0033051849136060026,0.49523401149143487,-0.00828687704565776,-0.8348624614233222,0.9422520556317068,0.6242988944272256,False
GUT_GENOME009343_3,GUT_GENOME009343_00877,161577,0.033689319978036904,0.030646391990636714,0.030763327432791324,0.0017890898467599785,0.2796947856909859,0.03910560177954707,0.9999984407706445,0.00304292798740019,0.4566700398373244,-0.008342274346755746,-0.8411390829906604,0.9160624822193926,0.6325277150309532,False
GUT_GENOME009343_3,GUT_GENOME009343_00877,163419,0.03397028548485108,0.030760811321470617,0.030880049516358952,0.0017995919856152206,0.2691225484120413,0.03911246348797901,0.9999976143496255,0.0032094741633804623,0.4811600775363225,-0.00823241397162006,-0.8286916895923278,0.9182449366141467,0.6318378600479317,False
GUT_GENOME009343_3,GUT_GENOME009343_00879,166160,0.03419515892944241,0.030784682509529954,0.030960518571882,0.0018066659644878028,0.25786391305392353,0.039091589850403605,0.999996611819822,0.0034104764199124546,0.510716762408122,-0.008131071278521605,-0.8172093660749998,0.9286627594053373,0.6285552295066084,False
GUT_GENOME009343_3,GUT_GENOME009343_00879,166236,0.034094441210851416,0.031039801727295913,0.031211027374577448,0.0018028436613216196,0.2794134594216172,0.03908979885545639,0.9999937931100396,0.0030546394835555025,0.45839217473875404,-0.00787877148087894,-0.7886233100771094,0.8320501110587011,0.6596637420530752,False
GUT_GENOME009343_3,GUT_GENOME009343_00881,167304,0.03428323047552024,0.03100651523824661,0.031219835821858367,0.001778314222141131,0.2661240756163859,0.03909464432099692,0.999995249820701,0.003276715237273631,0.4910476443019495,-0.007874808499138554,-0.7881742965661681,0.8623465107420678,0.6497463289810254,False
GUT_GENOME009343_3,GUT_GENOME009343_00881,167592,0.034462950403467064,0.03096283595462611,0.031243985691495602,0.001760067174969091,0.2537395995554628,0.039059780392110055,0.9999955150581913,0.003500114448840956,0.523897723752938,-0.007815794700614453,-0.7814879188321382,0.8851921922340964,0.6423666090652158,False
GUT_GENOME009343_3,GUT_GENOME009343_00882,168173,0.034463823088061306,0.030881168588170065,0.031221228897799443,0.0017503018358459147,0.2485382339606939,0.03905802144111006,0.999996222030067,0.0035826544998912406,0.5360349520621496,-0.00783679254331062,-0.7838670151007674,0.9017809671952577,0.6370606069434845,False
GUT_GENOME009343_3,GUT_GENOME009343_00882,168472,0.034383299698703775,0.030479023429954174,0.030863819968057735,0.0017451402607781797,0.2300478955720226,0.039102407300527955,0.999998825833246,0.0039042762687496006,0.5833283179878416,-0.00823858733247022,-0.8293911433398405,1.0281615952170924,0.598050071095062,False
GUT_GENOME009343_3,GUT_GENOME009343_00882,168599,0.03399834704241381,0.030100603853334754,0.03050953195096359,0.0017436129871684317,0.22768467957570765,0.039079695937109415,0.9999995564853862,0.003897743189079053,0.5823676512749582,-0.008570163986145827,-0.8669594207547455,1.090770718486915,0.5796183789971223,False
GUT_GENOME009343_3,GUT_GENOME009343_00884,171208,0.03402435335732769,0.030148655827436824,0.030526427908396336,0.0017296660125643462,0.23004175227115337,0.03910889963663843,0.9999996510089062,0.0038756975298908647,0.5791259135320156,-0.008582471728242096,-0.8683539117850945,1.0894253398367673,0.5800084132645265,False
GUT_GENOME009343_3,GUT_GENOME009343_00884,171739,0.03403455488146626,0.030231518923583722,0.03056866185755498,0.0017300630921509802,0.2359544853532547,0.0392030472534964,0.9999996993392058,0.0038030359578825404,0.5684412813134824,-0.008634385395941423,-0.8742358309375253,1.087413778396339,0.5805920680092929,False
GUT_GENOME009343_3,GUT_GENOME009343_00885,174779,0.03441934549343432,0.030456085755101604,0.030806107612265175,0.0017210778138350283,0.22896524917992916,0.0393172559195442,0.9999996197556361,0.003963259738332715,0.5920016326719282,-0.008511148307279025,-0.8602728299742437,1.0905352750781225,0.5796866166770465,False
GUT_GENOME009343_3,GUT_GENOME009343_00886,175519,0.03466445276923202,0.030561679865297668,0.030942472034684317,0.0017055733278072086,0.22285825321352865,0.03941074431240697,0.9999996565991419,0.004102772903934349,0.6125165599284704,-0.008468272277722656,-0.8554148927372053,1.106911174903212,0.5749595505943887,False
GUT_GENOME009343_3,GUT_GENOME009343_00886,175666,0.03482837065858021,0.030335000174719982,0.0307950286326848,0.0017341413803103763,0.2021084500155506,0.03952005022805474,0.9999997564438576,0.004493370483860226,0.6699525797062843,-0.008725021595369944,-0.8845050879742243,1.2311857097073955,0.5403204687230385,False
GUT_GENOME009343_3,GUT_GENOME009343_00886,175839,0.03415300228273672,0.030273360904610986,0.03062447522325385,0.0017076237749472963,0.23127878309087457,0.03955692886798283,0.9999999156685008,0.0038796413781257318,0.5797058427401318,-0.008932453644728978,-0.9080075411435795,1.1605365588806555,0.5597481774922004,False
GUT_GENOME009343_3,GUT_GENOME009343_00886,175859,0.03401116573736153,0.030783357210902054,0.031019840532809855,0.0018019339441941256,0.27042309524037317,0.039646633900025596,0.999999155722089,0.0032278085264594754,0.4838560820548852,-0.008626793367215741,-0.8733756393705178,0.9969017155873645,0.6074709901217286,False
GUT_GENOME009343_3,GUT_GENOME009343_00886,175905,0.0341061526716922,0.030658307451994552,0.030925080336680188,0.0017611720427111984,0.2566820594150222,0.03954930942805872,0.9999995131219093,0.0034478452196976504,0.5162117148447013,-0.00862422909137853,-0.8730851019489207,1.0287521297880646,0.5978735125412502,False
GUT_GENOME009343_3,GUT_GENOME009343_00886,176153,0.03382505303817532,0.03074026842683363,0.03092303916545707,0.001756547095484159,0.2782579028978396,0.03943000240662152,0.9999993605439265,0.003084784611341689,0.4628249112550958,-0.008506963241164449,-0.8597986538733354,0.9534606236806868,0.6208099318071904,False
GUT_GENOME009343_3,GUT_GENOME009343_00886,176155,0.03407286154302689,0.03052433745756767,0.030797586309533234,0.0017201836779688299,0.24995958440760613,0.039350363573221595,0.9999996686953397,0.0035485240854592204,0.5310161929630418,-0.00855277726368836,-0.8649894714070537,1.0301849828340166,0.5974453334972072,False
GUT_GENOME009343_3,GUT_GENOME009343_00886,176905,0.034037585399430234,0.03032917114193235,0.030626851750616853,0.0016903145097738315,0.2399592369818312,0.03931702138228384,0.9999998634729824,0.0037084142574978843,0.5545274883613222,-0.008690169631666984,-0.880556292947998,1.0828801203986367,0.5819096637634849,False
GUT_GENOME009343_3,GUT_GENOME009343_00887,177409,0.03412850762205439,0.03025458038091377,0.030594409436767615,0.0016750679056588894,0.2297081716452049,0.03927395387322791,0.9999998900091321,0.0038739272411406206,0.5788655987095562,-0.008679544436460292,-0.8793524377408005,1.1083460911300616,0.5745471891436462,False
GUT_GENOME009343_3,GUT_GENOME009343_00887,177936,0.03416471180727075,0.030365742551070142,0.03069194411984657,0.0016686231272123647,0.23439959395217796,0.0392963793229947,0.9999998742681993,0.0037989692562006086,0.5678432869319548,-0.00860443520314813,-0.8708424160543741,1.080812512113106,0.582511555450052,False
GUT_GENOME009343_3,GUT_GENOME009343_00887,178049,0.03394959960753181,0.030180545479184362,0.030501837804192303,0.001621670629692488,0.23427579432330825,0.039304149473454814,0.9999999714940107,0.0037690541283474446,0.563444371108267,-0.00880231166926251,-0.8932622031246027,1.1153869228646094,0.5725281002041261,False
GUT_GENOME009343_3,GUT_GENOME009343_00887,178067,0.033964205682597795,0.030287191556321827,0.030545315194840855,0.0016316128279423837,0.24229855066960132,0.0392617097103042,0.9999999540861999,0.003677014126275968,0.5499102079413304,-0.008716394515463348,-0.8835276231026215,1.0830222975834451,0.5818682980949123,False
GUT_GENOME009343_3,GUT_GENOME009343_00887,178362,0.03369792069870389,0.03017577990963486,0.03046805405895864,0.0016107669264141865,0.2504468995279184,0.03923159924847976,0.9999999734499041,0.0035221407890690323,0.5271366207097823,-0.008763545189521115,-0.8888698858453866,1.0679626908561195,0.5862661888100071,False
GUT_GENOME009343_3,GUT_GENOME009343_00887,178667,0.03370214594035663,0.030246270072969258,0.03055997104587154,0.001568763529235447,0.2545664470986499,0.039251745369204095,0.9999999849217333,0.003455875867387371,0.5173925937421665,-0.008691774323332555,-0.8807381076233959,1.043394710279287,0.5935122913892852,False
GUT_GENOME009343_3,GUT_GENOME009343_00887,178788,0.03366406675420298,0.030369139178974203,0.030641950188040834,0.0015769516959552774,0.26434577671435733,0.039226886591229214,0.9999999739524451,0.003294927575228774,0.4937257054491547,-0.00858493640318838,-0.8686331642327355,0.9982886462262399,0.6070498760883795,False
GUT_GENOME009343_3,GUT_GENOME009343_00887,178923,0.03377926107228039,0.031101027499489616,0.0313615333589541,0.001534423499525045,0.30489894569289117,0.03940015056624627,0.9999999192106082,0.0026782335727907718,0.4030429907031753,-0.008038617207292167,-0.8067341406404522,0.8132636260298488,0.6658893169525335,False
GUT_GENOME009343_3,GUT_GENOME009343_00887,179015,0.03423997316359565,0.031842318093514926,0.03206296299020002,0.00155031811081992,0.32595856716082683,0.03946354611304557,0.9999990951471681,0.0023976550700807245,0.3617848947519874,-0.0074005831228455485,-0.7344436424435978,0.670295773996526,0.7152323049722643,False
GUT_GENOME009343_3,GUT_GENOME009343_00887,179174,0.03473944597345257,0.03155601996241778,0.0318348833730247,0.0015556794510478288,0.2767243972436758,0.03950482178446356,0.9999995894450208,0.0031834260110347873,0.4773297870527368,-0.007669938411438856,-0.7649621186175722,0.8130107685276957,0.6659735098293191,False
GUT_GENOME009343_3,GUT_GENOME009343_00887,179444,0.034160925147050186,0.03169592912618593,0.031937992673928335,0.0015578077882801727,0.3203849308599373,0.03974506026401263,0.9999997300656482,0.002464996020864259,0.37168714806803155,-0.007807067590084295,-0.780499120297039,0.7473302128233986,0.6882073494695403,False
GUT_GENOME009343_3,GUT_GENOME009343_00887,179484,0.033910486244760535,0.03159251927891768,0.03184635122071506,0.001546890626235686,0.330225059667268,0.03980559347228293,0.9999998664651039,0.0023179669658428548,0.3500670353327577,-0.007959242251567869,-0.7977408043383023,0.7589373201329878,0.6842248686397572,False
GUT_GENOME009343_3,GUT_GENOME009343_00887,180007,0.033746545001547404,0.03157467302652511,0.0318126154711511,0.0015609754979257172,0.3389970862487926,0.04021582710874817,0.9999999634353445,0.002171871975022291,0.3285842734994617,-0.008403211637597073,-0.8480433961317161,0.8271452265137837,0.6612835146872944,False
GUT_GENOME009343_3,GUT_GENOME009343_00887,180751,0.0335631880925905,0.03196160714197187,0.032175439448210205,0.0015494686865131632,0.3795988691318687,0.04028344098605861,0.9999999165023453,0.0016015809506186307,0.24472495577666845,-0.008108001537848408,-0.8145955197504982,0.7234561647774765,0.6964717250236078,False
GUT_GENOME009343_3,GUT_GENOME009343_00887,180855,0.03429677124406003,0.03209491269585447,0.032317735517906405,0.001565636727347329,0.33910437129392856,0.040507070643979154,0.999999915553382,0.0022018585482055653,0.3329936951112142,-0.008189335126072748,-0.8238107729104839,0.7895489905471891,0.6738319744122081,False
GUT_GENOME009343_3,GUT_GENOME009343_00887,181241,0.034871308338107275,0.03258612445886408,0.0328130922810228,0.001577610362299472,0.3350589319254158,0.04074652853016174,0.9999997531791832,0.0022851838792431953,0.34524639611970076,-0.00793343624913894,-0.7948169342543483,0.7509290330111222,0.6869700957155213,False
GUT_GENOME009343_3,GUT_GENOME009343_00888,182007,0.03520512045678917,0.03258371395115894,0.03282617944045304,0.0015731039190378527,0.31482406648657535,0.04081938129068608,0.9999998124372523,0.002621406505630232,0.39468676751826126,-0.007993201850233042,-0.8015884926764572,0.7983217560453286,0.6708827623789232,False
GUT_GENOME009343_3,GUT_GENOME009343_00888,182767,0.03569351505264188,0.03274369339083409,0.03298978720064303,0.0015746728600051216,0.2943124114448502,0.040773615943862515,0.9999996156292418,0.0029498216618077874,0.4429790774939847,-0.0077838287432194855,-0.7778661139133213,0.8013061542720338,0.669882418257662,False
GUT_GENOME009343_3,GUT_GENOME009343_00888,182791,0.035631241671839425,0.032815166297386726,0.03307490007243182,0.001583454817204579,0.3031147123702743,0.04077064378971442,0.9999994133582009,0.0028160753744526992,0.4233121496876379,-0.007695743717282599,-0.7678859097770748,0.7688419465073351,0.680844749412542,False
GUT_GENOME009343_3,GUT_GENOME009343_00888,182902,0.035732572918136855,0.03293092367796281,0.03317475540047807,0.0016070579488431137,0.3049955331402563,0.04076666116563253,0.9999988443283668,0.0028016492401740437,0.4211908366628529,-0.007591905765154464,-0.7561208685761889,0.7491204887851644,0.6875915845706979,False
GUT_GENOME009343_3,GUT_GENOME009343_00889,183271,0.03571583197004288,0.03282913897546345,0.0330793374103202,0.001597082002475163,0.29879168752751883,0.04073652648899837,0.9999991845422599,0.002886692994579436,0.43369622586914186,-0.00765718907867817,-0.7635175945091982,0.7710515334582502,0.6800929719314859,False
GUT_GENOME009343_3,GUT_GENOME009343_00889,183394,0.03565559034580747,0.03267945334845101,0.03293453661558959,0.001589311279953501,0.29468660554216763,0.040724417699972114,0.9999995242664872,0.0029761369973564586,0.44684865634114523,-0.007789881084382527,-0.7785518558957627,0.8058167139926233,0.668373348258219,False
GUT_GENOME009343_3,GUT_GENOME009343_00889,183449,0.035097261334665786,0.03253964767025335,0.032772095521062514,0.0015833360168474293,0.3187163323730835,0.04050633547167929,0.9999994822644529,0.002557613664412435,0.38530625141121416,-0.007734239950616777,-0.77224760761465,0.7448272748431122,0.6890691587775237,False
GUT_GENOME009343_3,GUT_GENOME009343_00890,183641,0.034528013395557534,0.032151359105784476,0.03238128679327493,0.001570983923964161,0.32828743139194394,0.040150161901855864,0.9999996197277841,0.0023766542897730586,0.3586968028254334,-0.007768875108580937,-0.7761718381305284,0.731106118664111,0.6938128250909295,False
GUT_GENOME009343_3,GUT_GENOME009343_00890,183717,0.03445557566580567,0.032207021100106724,0.03243534167150467,0.0016080134112727567,0.3367054796435202,0.04013588694164926,0.9999991613276213,0.002248554565698946,0.3398601825707727,-0.00770054527014459,-0.7684299350211383,0.7059895087336299,0.7025808788491483,False
GUT_GENOME009343_3,GUT_GENOME009343_00890,183912,0.03447277086891065,0.03244340673518498,0.03262765058294872,0.001623927948993405,0.3534724750559264,0.0400926313730796,0.9999978555439591,0.002029364133725668,0.3076289895656502,-0.00746498079013088,-0.7417400229415293,0.6448138568544833,0.7244033500286056,False
GUT_GENOME009343_3,GUT_GENOME009343_00891,184236,0.03471967281912631,0.03246693719535086,0.03269174506416671,0.0016325305589613927,0.33851444233167954,0.040103598048254675,0.9999971886304055,0.0022527356237754467,0.3404749926636045,-0.007411852984087967,-0.7357205395619242,0.6572079329625704,0.7199280759459893,False
GUT_GENOME009343_3,GUT_GENOME009343_00891,184284,0.034939126579381495,0.032543913753056854,0.03278421686775987,0.0016330498393643813,0.32987254846274494,0.04011117538566625,0.9999963827792396,0.0023952128263246414,0.3614257712758428,-0.007326958517906379,-0.7261018320288527,0.657852458617994,0.7196961072679342,False
GUT_GENOME009343_3,GUT_GENOME009343_00891,184413,0.03543178722995517,0.03270421927566295,0.0329530321787069,0.0016478904970008714,0.3107619671571041,0.04015440705825322,0.9999937892855674,0.002727567954292222,0.4102974404419095,-0.007201374879546321,-0.7118729624375107,0.6751071042827399,0.7135137634934334,False
GUT_GENOME009343_3,GUT_GENOME009343_00891,184416,0.03526681098531061,0.032478849973887884,0.03276197984206058,0.0016490965839656953,0.3066545071388882,0.03991952153547978,0.9999928849514111,0.0027879610114227224,0.41917803008726345,-0.0071575416934192004,-0.7069065775061583,0.6754271302293089,0.7133996011686276,False
GUT_GENOME009343_3,GUT_GENOME009343_00891,184418,0.03533283869978653,0.032333054911449985,0.032630537791074984,0.0016462760945828527,0.2934491699479617,0.039789285366811235,0.9999931448142505,0.0029997837883365477,0.45032583496235423,-0.00715874757573625,-0.7070432063095269,0.7027034532229977,0.7037361875757036,False
GUT_GENOME009343_3,GUT_GENOME009343_00891,184420,0.03535349155570534,0.03217782450387614,0.032518438835534735,0.001661380521227243,0.2825062110215787,0.03964265411717061,0.9999909908092333,0.003175667051829194,0.4761888590048152,-0.0071242152816358775,-0.7031306304687528,0.7211485129436935,0.6972757959400475,False
GUT_GENOME009343_3,GUT_GENOME009343_00891,184430,0.03555819957436622,0.032237026699784795,0.032603793854591175,0.0016686087287696304,0.27372595587823045,0.0396814899886956,0.9999889071159889,0.0033211728745814253,0.49758498571653265,-0.007077696134104423,-0.6978599209052371,0.7345992872163858,0.692602080161858,False
GUT_GENOME009343_3,GUT_GENOME009343_00891,184607,0.035713307530250066,0.03235662107771187,0.03275515184180093,0.0016802232446980906,0.27297794916573515,0.03968211429502073,0.9999812725924418,0.003356686452538199,0.5028071342160018,-0.006926962453219797,-0.6807815027582721,0.7162784687163196,0.6989757467914932,False
GUT_GENOME009343_3,GUT_GENOME009343_00891,184613,0.03581791405877095,0.032488512438561,0.03293042022349449,0.0017030507975111038,0.27447157510098363,0.03970147921665655,0.9999649344971006,0.0033294016202099555,0.4987949942290189,-0.006771058993162063,-0.6631173386126183,0.6885210510366089,0.7087442580297604,False
GUT_GENOME009343_3,GUT_GENOME009343_00891,184616,0.03594009934662478,0.03276780699847616,0.03311925864283617,0.001698565347455485,0.2844713071702132,0.039678932291129815,0.999943743538465,0.003172292348148621,0.4756926205299675,-0.006559673648293643,-0.6391669694010649,0.6348178840000095,0.7280329709824072,False
GUT_GENOME009343_3,GUT_GENOME009343_00891,184674,0.03615394848210266,0.0328183996344782,0.03317763529882927,0.001701044051367634,0.27556069081730156,0.039653751170713736,0.9999297089202425,0.0033355488476244644,0.4996989227055483,-0.006476115871884465,-0.6296997114095426,0.6462207399023467,0.7238939538183489,False
GUT_GENOME009343_3,GUT_GENOME009343_00891,184676,0.03636530263153314,0.03290007713648649,0.03326512878677311,0.00170219550227196,0.26857686524041086,0.039572227567974814,0.9998944183518788,0.003465225495046652,0.5187674240707506,-0.006307098781201705,-0.6105497475015221,0.6418906344511743,0.725462920230731,False
GUT_GENOME009343_3,GUT_GENOME009343_00891,184691,0.03651681569502716,0.03322810439660181,0.03359242011067472,0.001741741151012035,0.2784553665925112,0.039542988397981926,0.9996827812481669,0.0032887112984253536,0.4928116234994063,-0.005950568287307209,-0.5701541516324428,0.5679390528798312,0.7527895845353005,False
GUT_GENOME009343_3,GUT_GENOME009343_00891,184693,0.036116089005013105,0.03313878403031191,0.033457947563422644,0.0017435697202849852,0.296006244962718,0.039303656637984845,0.9995998985527107,0.002977304974701195,0.4470204033598673,-0.005845709074562201,-0.5582733996245918,0.5114964297484177,0.7743369107659557,False
GUT_GENOME009343_3,GUT_GENOME009343_00891,184710,0.03569061320890876,0.033323656823287286,0.03355398299272311,0.0017557616778137947,0.33409889994996933,0.039269681144898795,0.9994338266239475,0.0023669563856214756,0.35727075964626326,-0.005715698152175687,-0.543542910173538,0.42308129089813673,0.8093363845433865,False
GUT_GENOME009343_3,GUT_GENOME009343_00891,184813,0.03604134887610916,0.03333365773699698,0.033634237924411815,0.0017642365630716227,0.31468216498609214,0.03923040649790371,0.9992430500279061,0.0027076911391121783,0.40737462369015803,-0.0055961685734918915,-0.5299999772755155,0.44685405993874483,0.7997732492168919,False
GUT_GENOME009343_3,GUT_GENOME009343_00891,184876,0.03653876621017797,0.03360944748107946,0.03397418457045316,0.0018116799586706813,0.3007913159196506,0.03918419920735808,0.997984923722018,0.002929318729098511,0.439964192330547,-0.005210014636904917,-0.4862479879429073,0.4300055963115963,0.8065391833518771,False
GUT_GENOME009343_3,GUT_GENOME009343_00891,184892,0.036913810970718546,0.03380553630302302,0.03422011668235356,0.0018296940560581316,0.29070972776696036,0.039181113069577736,0.99664981340751,0.003108274667695525,0.46627904259297276,-0.004960996387224179,-0.4580337376883265,0.427211050422158,0.8076669264305957,False
GUT_GENOME009343_3,GUT_GENOME009343_00892,185463,0.0369624298879969,0.03384439781204611,0.034278475634130584,0.0018298700433925692,0.28985720563770734,0.03918122940698924,0.9963110843458838,0.003118032075950794,0.46771383564426655,-0.004902753772858655,-0.45143473661392036,0.42254955347475165,0.8095515903722517,False
GUT_GENOME009343_3,GUT_GENOME009343_00892,185587,0.037158379986544435,0.03463959744696691,0.03530022214716876,0.002013188079922491,0.328342987543205,0.03916209397378959,0.9724626631572089,0.0025187825395775257,0.37959626914651134,-0.00386187182662083,-0.33350079500811064,0.2553161078209925,0.880154293012207,False
GUT_GENOME009343_3,GUT_GENOME009343_00895,186100,0.037091415907327195,0.034558551274000475,0.03513225679074064,0.001981108873599377,0.32627037635560097,0.039146439312482476,0.9786293971063789,0.00253286463332672,0.3816669922043584,-0.004014182521741835,-0.3507578919241107,0.2687007916853679,0.874283665564254,False
GUT_GENOME009343_3,GUT_GENOME009343_00895,186137,0.03692197100182848,0.03487656825941096,0.03524874095808781,0.001959066712110505,0.3579581703272563,0.03913468428010448,0.9763480267633121,0.002045402742417518,0.3099874113618337,-0.003885943322016666,-0.3362281420839609,0.20914155873204293,0.9007110433940555,False
GUT_GENOME009343_3,GUT_GENOME009343_00895,186156,0.036784402328014824,0.03444227355824619,0.03481963658893362,0.0019014252076082073,0.339129957845294,0.03913675363966125,0.9884102705334276,0.0023421287697686366,0.35361994482188513,-0.004317117050727633,-0.38508096110685897,0.27333441198281533,0.8722604608905529,False
GUT_GENOME009343_3,GUT_GENOME009343_00895,186170,0.03649138613900708,0.034254912818316,0.03457798432831508,0.0018841253703824705,0.3451187229509957,0.03917475473280883,0.9926510212491728,0.0022364733206910806,0.338083677382635,-0.004596770404493744,-0.4167662280212549,0.28799466173163024,0.8658900592328781,False
GUT_GENOME009343_3,GUT_GENOME009343_00895,186174,0.03594362481680165,0.03403092848206729,0.03429253037796473,0.001859033039549638,0.36479966058060864,0.0392499523612667,0.9961696227702452,0.0019126963347343567,0.29047339425558566,-0.004957421983301971,-0.4576287507971994,0.2937988663265661,0.8633808005264745,False
GUT_GENOME009343_3,GUT_GENOME009343_00895,186175,0.03588013496461816,0.03389566375238787,0.034151723407081926,0.0018459864251772016,0.3596746427452888,0.03938087059657857,0.9976922497628574,0.0019844712122302904,0.3010276411205788,-0.005229147189496644,-0.4884157432280079,0.3291675789515873,0.8482466798219777,False
GUT_GENOME009343_3,GUT_GENOME009343_00895,186193,0.0356864462279444,0.03379688232158823,0.03404113312352464,0.0018517508052830701,0.3652093287742634,0.039435968732706814,0.9982122477527364,0.0018895639063561745,0.28707185087149645,-0.005394835609182171,-0.5071885622615001,0.3396504852516743,0.8438122661279769,False
GUT_GENOME009343_3,GUT_GENOME009343_00895,186195,0.03527369461339904,0.03366781662940106,0.03388783477891808,0.0018472851947331091,0.3831189795368941,0.03944092871913937,0.9986768193509359,0.001605877983997979,0.24535681963565345,-0.005553093940221292,-0.525119537852786,0.3359504979764461,0.845374758306316,False
GUT_GENOME009343_3,GUT_GENOME009343_00895,186198,0.03494007631167958,0.03331571264941043,0.03353294797899146,0.0018021282194740373,0.37960158033681424,0.03946369384940883,0.9995007832238623,0.001624363662269146,0.24807507452855507,-0.005930745870417371,-0.5679082333854968,0.38406100414938404,0.825281695303855,False
GUT_GENOME009343_3,GUT_GENOME009343_00895,186201,0.03488168169937722,0.03325364859884311,0.03350008976336692,0.0017979084694065605,0.37895575370019247,0.0394474599411328,0.9995300723304973,0.0016280331005341098,0.2486146527020807,-0.005947370177765879,-0.5697917996238798,0.3864719404567958,0.8242874438919368,False
GUT_GENOME009343_3,GUT_GENOME009343_00895,186203,0.034933261718131006,0.03320140999608575,0.033455989330642234,0.0018092950548451048,0.3716814678439492,0.03940676587184061,0.9994972849221513,0.0017318517220452564,0.2638808210166697,-0.005950776541198376,-0.5701777472018815,0.39473575110464443,0.8208885929149117,False
GUT_GENOME009343_3,GUT_GENOME009343_00895,186204,0.03491736958900612,0.03325687291383155,0.03350836267477526,0.0018139661991581934,0.3764589124851847,0.03937437193271719,0.9993892314909014,0.0016604966751745664,0.25338830878940627,-0.00586600925794193,-0.5605734497406931,0.3784482275853369,0.8276010091082587,False
GUT_GENOME009343_3,GUT_GENOME009343_00895,186287,0.034997918869699066,0.03334326948567283,0.03359719054595965,0.0018226509412923532,0.3770342126244331,0.039390420746205995,0.999259711703524,0.0016546493840262355,0.2525284849008253,-0.005793230200246344,-0.5523274414672092,0.36883623828401985,0.8315880282530472,False
GUT_GENOME009343_3,GUT_GENOME009343_00895,186299,0.03496122779080123,0.03318913205138456,0.03343872963931006,0.0018071216948958905,0.36866801778306935,0.039398618279216376,0.9995131205659534,0.001772095739416668,0.2697985642298297,-0.005959888639906319,-0.571210165643582,0.3990723185950459,0.819110601813471,False
GUT_GENOME009343_3,GUT_GENOME009343_00895,186300,0.03487185996835134,0.033214924044727485,0.03343910694327913,0.0018042664511787286,0.3766530942733029,0.0394035757942598,0.9995264012745453,0.0016569359236238562,0.2528647126203535,-0.005964468850980668,-0.5717291124341733,0.3908147408933416,0.8224995277995455,False
GUT_GENOME009343_3,GUT_GENOME009343_00895,186302,0.034865324963505064,0.033345128817324335,0.033559785084237494,0.0018196135454940346,0.38681281524894323,0.0394098489599745,0.9993477852891067,0.0015201961461807287,0.23275760247612853,-0.005850063875737006,-0.558766807036749,0.3663964461564789,0.832603098229445,False
GUT_GENOME009343_3,GUT_GENOME009343_00895,186305,0.0348001299189064,0.03375330325500551,0.03392208144394495,0.0018652234914268275,0.4216030933594015,0.03937872729878679,0.9982802901322763,0.0010468266639008933,0.16315026145881462,-0.005456645854841839,-0.5141917828751493,0.29101119739040426,0.8645850495122346,False
GUT_GENOME009343_3,GUT_GENOME009343_00895,186306,0.034736932366638384,0.03423368993799203,0.034341866721877654,0.0019364122983845872,0.46212659327032624,0.0393964703276077,0.9954767658027497,0.0005032424286463555,0.0832180844778098,-0.005054603605730047,-0.4686396169439468,0.22654834015352507,0.8929058184966275,False
GUT_GENOME009343_3,GUT_GENOME009343_00895,186307,0.03466437351641706,0.03436670671688826,0.034429281272629966,0.0019752722170054654,0.4775277034943817,0.03937586060134705,0.9938644694306091,0.0002976667995287993,0.052988901024924304,-0.004946579328717081,-0.4564002570210433,0.2111090182407036,0.8998254228176906,False
GUT_GENOME009343_3,GUT_GENOME009343_00895,186311,0.034578334701782794,0.03437671215464683,0.0344213550175711,0.0019752691577311775,0.48475435791899935,0.039393809870154874,0.9940880285181252,0.000201622547135967,0.03886592673249043,-0.0049724548525837756,-0.45933200401861995,0.21249645017653682,0.8992014160203092,False
GUT_GENOME009343_3,GUT_GENOME009343_00895,186313,0.0345643408738177,0.034351813210860484,0.034383061189371136,0.001987804411955858,0.4839409011368724,0.039448478396843956,0.9945867152454545,0.00021252766295721398,0.04046948620182291,-0.005065417207472819,-0.46986481897679017,0.22241072742553133,0.8947549798552485,False
GUT_GENOME009343_3,GUT_GENOME009343_00895,186314,0.03437083179233602,0.03430765457126181,0.034298005269648414,0.0019909578687491497,0.4951999713834686,0.039428741626113394,0.9950171770970212,6.317722107421209e-05,0.018508021577681714,-0.005130736356464979,-0.4772656051378199,0.22812500471028935,0.8922021894015555,False
GUT_GENOME009343_3,GUT_GENOME009343_00895,186319,0.034380863928144996,0.03421591406436344,0.03422136449826403,0.0019736288357503125,0.4874656178503349,0.03941291407367117,0.9957365162801207,0.00016494986378155774,0.03347333580335803,-0.005191549575407135,-0.4841558606922638,0.23552736165247112,0.8889060933488478,False
GUT_GENOME009343_3,GUT_GENOME009343_00895,186320,0.03425979052527227,0.03425645319603387,0.03422869206484731,0.001982297186532372,0.4997462522266522,0.03948423885152917,0.9959901655437773,3.3373292383995223e-06,0.009708772970877265,-0.005255546786681858,-0.4914068687481604,0.2415749709254718,0.8862222746989388,False
GUT_GENOME009343_3,GUT_GENOME009343_00895,186323,0.034591150193767045,0.03471753460452579,0.034688831083248134,0.002000662660878744,0.5094680060101886,0.039815482829940886,0.9948035741543245,-0.00012638441075874668,-0.0093663591011197,-0.005126651746692752,-0.47680281093517135,0.22742864919849187,0.8925128884437781,False
GUT_GENOME009343_3,GUT_GENOME009343_00895,186325,0.03445835971050608,0.03452620494420773,0.03452958276801253,0.0019944609264556127,0.5051161981515317,0.03984030059331002,0.9961245607884502,-6.784523370165219e-05,-0.0007583760924531691,-0.00531071782529749,-0.4976578543377799,0.2476639151183806,0.8835282986606292,False
GUT_GENOME009343_3,GUT_GENOME009343_00895,186330,0.03457817791594713,0.03464845241821921,0.034647808133181586,0.002020066690510577,0.5052866766162762,0.039871159814016705,0.9951413815186492,-7.027450227208021e-05,-0.001115591612537044,-0.0052233516808351185,-0.48775910086569707,0.2379101850219592,0.8878476708762417,False
GUT_GENOME009343_3,GUT_GENOME009343_00895,186332,0.03448171634989856,0.034611808754347606,0.034590106204360524,0.001994181608932729,0.5097910801803941,0.03993913205607841,0.9963442853668272,-0.00013009240444904896,-0.009911606716255015,-0.005349025851717884,-0.5019982279673023,0.2521004608300093,0.881570564015968,False
GUT_GENOME009343_3,GUT_GENOME009343_00895,186350,0.03454629328388125,0.03464405462518385,0.034625739315452396,0.0019897553143719614,0.5073360568762991,0.03999859013521828,0.9965357039916911,-9.776134130259906e-05,-0.005157435984655416,-0.005372850819765886,-0.5046976430169042,0.25474631001275433,0.8804050837290458,False
GUT_GENOME009343_3,GUT_GENOME009343_00895,186419,0.0349309300585169,0.03485295742429621,0.03485699387249768,0.002005692722670241,0.494193064146731,0.04019379719926532,0.9961025615983858,7.797263422068546e-05,0.0206836357795491,-0.005336803326767642,-0.5006133922047382,0.2510415812437961,0.8820374261297746,False
GUT_GENOME009343_3,GUT_GENOME009343_00895,186458,0.03548419318349175,0.035715877637364675,0.035703191167737715,0.0020709534948032777,0.5169810148949174,0.04097053445245256,0.9945116343762164,-0.0002316844538729282,-0.02485036532578316,-0.005267343284714843,-0.4927434348354131,0.2434136332302259,0.8854079173432766,False
GUT_GENOME009343_3,GUT_GENOME009343_00895,187520,0.03538516474519829,0.036112715083317655,0.03599444241278947,0.0021394740634431654,0.5533804686166239,0.04101195187314463,0.9904917396554924,-0.0007275503381193663,-0.0977657242487089,-0.00501750946035516,-0.4644367783892277,0.2252596579584392,0.893481339807825,False
GUT_GENOME009343_3,GUT_GENOME009343_00896,187831,0.03530701339448784,0.03601198463386861,0.03589445098158587,0.0021454207335155737,0.5516202097054054,0.04098340588353211,0.9911541434820808,-0.0007049712393807639,-0.09444554606951568,-0.00508895490194624,-0.4725316853736923,0.23220615485447113,0.8903834401329056,False
GUT_GENOME009343_3,GUT_GENOME009343_00896,187967,0.035074953897010555,0.03592882323897328,0.03580303628765336,0.0021525615089414973,0.5626925343930373,0.04091358830434441,0.9912058307484282,-0.0008538693419627222,-0.11634049576787071,-0.005110552016691049,-0.4749786803267456,0.23913985772045074,0.8873019576349533,False
GUT_GENOME009343_6,GUT_GENOME009343_01265,63278,0.022079442712455665,0.022229461543751685,0.022317713328685904,0.0012276255071269149,0.5160911831923943,0.039377606483972684,1.0,-0.0001500188312960199,-0.012841718691605629,-0.01705989315528678,-1.8288621876357114,3.344901811102634,0.18778625479315528,False
GUT_GENOME009343_6,GUT_GENOME009343_01266,63596,0.02209011868417603,0.022185640174785498,0.022291565933246535,0.0012357704511838797,0.5101761321223852,0.039390488106276135,1.0,-9.552149060946744e-05,-0.004828073706644193,-0.0170989221730296,-1.8332842509792544,3.3609544551842827,0.1862850544551913,False
GUT_GENOME009343_6,GUT_GENOME009343_01266,64197,0.02227671360052485,0.02205479329153082,0.02233154606397052,0.0012909621756294833,0.4764290266295141,0.03947382248451455,1.0,0.00022192030899402873,0.041850642233662305,-0.01714227642054403,-1.838196371237667,3.3807173754866966,0.1844533509697602,False
GUT_GENOME009343_6,GUT_GENOME009343_01266,64300,0.021873697717772415,0.02225548543187038,0.02223300130756494,0.0012572566047874445,0.5413318589177696,0.039450900656978066,1.0,-0.0003817877140979663,-0.04692252927681342,-0.017217899349413125,-1.8467645956261705,3.412741195412026,0.1815234200150575,False
GUT_GENOME009343_6,GUT_GENOME009343_01267,65001,0.02210501492600812,0.022048192859306388,0.022099669126401725,0.0012598870585199926,0.49392950730957913,0.03945899684073518,1.0,5.6822066701732454e-05,0.01757351816294456,-0.017359327714333454,-1.8627887034418598,3.470290582211228,0.17637457276798021,False
