contig,gene_id,site_pos,r2N,r2S,r2L,rL_std,rNrS_pval,r2G,r2G_pval,rNrS,rNrS_trans,r_rg,r_rg_transform,iLDS,iLDS_pval,significance
GUT_GENOME172369_1,GUT_GENOME172369_00011,10631,0.015584378772777102,0.012063618625665563,0.012151294259752662,0.00042305446305048047,0.16368916907038333,0.013940453841239884,0.9999882710565164,0.0035207601471115395,-0.17744822257911258,-0.0017891595814872215,-0.19606488027854918,0.06992930897512811,0.9656395466789901,False
GUT_GENOME172369_1,GUT_GENOME172369_00011,11202,0.015394188734778463,0.011618236020712118,0.011726367082926724,0.0004156934329368649,0.14536539696770812,0.013944605439469532,0.9999999525521233,0.003775952714066345,-0.168407115624919,-0.0022182383565428083,-0.20612394902626133,0.07084803895528562,0.9651960675454025,False
GUT_GENOME172369_1,GUT_GENOME172369_00011,11242,0.015785202671165583,0.011718546453737657,0.011857492187793176,0.0004449911192668088,0.12532450320490568,0.013954312463188366,0.9999987738123353,0.0040666562174279264,-0.15810790708129285,-0.0020968202753951903,-0.20327749542267548,0.06631985042694259,0.9673838381506074,False
GUT_GENOME172369_1,GUT_GENOME172369_00013,12359,0.014261614064764363,0.011341359414859514,0.011450257332337468,0.00037377368388990433,0.11635627552047162,0.013133773077593667,0.9999966673303728,0.0029202546499048493,-0.19872327181590474,-0.0016835157452561988,-0.19358822873296244,0.07696734106518374,0.9622474175993702,False
GUT_GENOME172369_1,GUT_GENOME172369_00013,14183,0.013674851899654594,0.011559242696461067,0.01163844523991826,0.000376426592303974,0.1853235541224333,0.013087478419751077,0.99994080693709,0.002115609203193527,-0.22723070692944508,-0.0014490331798328177,-0.18809115830474527,0.08701207800407611,0.95742677217128,False
GUT_GENOME172369_1,GUT_GENOME172369_00013,14451,0.013492461213977807,0.011690625697093966,0.011734062760059758,0.00042139455661139376,0.22522379619744554,0.013139611872325027,0.9995742240582206,0.0018018355168838412,-0.2383472589951636,-0.001405549112265269,-0.1870717435713191,0.09180525311332095,0.9551349624429109,False
GUT_GENOME172369_1,GUT_GENOME172369_00014,14945,0.013428276924521173,0.011713637396574689,0.01171491298019154,0.0004831162283359128,0.23322487442560091,0.013360680897588482,0.9996710732822084,0.0017146395279464838,-0.24143648793065584,-0.0016457679173969425,-0.192703291006868,0.09542613606916737,0.9534073108678184,False
GUT_GENOME172369_1,GUT_GENOME172369_00017,16781,0.014854795558915753,0.011592943731613833,0.011734562152972404,0.0005228223775184273,0.10079527785743286,0.013631147194052716,0.9998569602672687,0.0032618518273019193,-0.18662097333224828,-0.001896585041080312,-0.1985832991473489,0.0742627143877212,0.9635495578697368,False
GUT_GENOME172369_1,GUT_GENOME172369_00017,17069,0.01421506152659742,0.012064122707975371,0.012100835517106223,0.0004375216477394029,0.187677937852137,0.013766237709089968,0.9999295107544945,0.0021509388186220484,-0.22597902928243763,-0.0016654021919837447,-0.1931635853149575,0.08837869236716167,0.9567727790465996,False
GUT_GENOME172369_1,GUT_GENOME172369_00017,17082,0.014997821209737567,0.01183042637137986,0.01192936949187624,0.0004152035522267169,0.11239534965864256,0.013963180286237926,0.999999516767093,0.0031673948383577066,-0.1899674490929116,-0.0020338107943616863,-0.20180033845682097,0.07681100831615546,0.9623226359311233,False
GUT_GENOME172369_1,GUT_GENOME172369_00017,17465,0.015085699424505123,0.011807689440095808,0.011902374400007826,0.0004253250245250169,0.09461241716606034,0.014064057296105149,0.999999813677593,0.0032780099844093146,-0.18604851298070327,-0.002161682896097323,-0.2047980962976896,0.07655630942948866,0.9624451949868644,False
GUT_GENOME172369_1,GUT_GENOME172369_00017,17534,0.015118476417218621,0.011765093387593819,0.011887554399271444,0.00047999225816120324,0.09262458619783165,0.01426523238587455,0.9999996356900331,0.0033533830296248023,-0.18337815399890275,-0.0023776779866031064,-0.20986175731024959,0.0776695045453914,0.9619096493971824,False
GUT_GENOME172369_1,GUT_GENOME172369_00017,17547,0.015840895574323804,0.012085270705992962,0.012238024140829865,0.0005104268339802835,0.07959471788757266,0.014415605670702854,0.9999900583477198,0.003755624868330842,-0.1691273020693603,-0.002177581529872989,-0.20517081445445096,0.07069910740916338,0.9652679442928734,False
GUT_GENOME172369_1,GUT_GENOME172369_00018,17853,0.015695953685103858,0.012447180021723084,0.012623025052974605,0.0005559472743361276,0.11110364399250722,0.014699814256256502,0.9999063609526964,0.003248773663380774,-0.18708431393885966,-0.0020767892032818973,-0.20280789882831607,0.07613158434913028,0.9626496039968951,False
GUT_GENOME172369_1,GUT_GENOME172369_00018,17939,0.016433369165175613,0.012665925058853085,0.012863807570175507,0.0005568817366769717,0.08775338262227417,0.01501341485047415,0.999943324722956,0.003767444106322527,-0.16870856340437868,-0.0021496072802986432,-0.2045150027107972,0.07028896569976664,0.9654659129133258,False
GUT_GENOME172369_1,GUT_GENOME172369_00018,17980,0.01613519338524398,0.01299076922608849,0.013190436679334646,0.0006282410877635113,0.12969799404731425,0.015199227300331887,0.9993068387053164,0.0031444241591554924,-0.19078126733987671,-0.0020087906209972414,-0.20121378032674328,0.07688447736118842,0.9622872861178687,False
GUT_GENOME172369_1,GUT_GENOME172369_00018,18001,0.015787999076854606,0.013912782630799266,0.014076598716772205,0.0007890086903346359,0.24263642051404022,0.015204311894234344,0.9235379021590998,0.001875216446055341,-0.23574747783008315,-0.0011277131774621394,-0.18055832242060504,0.08817818109858871,0.9568687057169453,False
GUT_GENOME172369_1,GUT_GENOME172369_00018,18041,0.015326816291338786,0.013867950578721668,0.014033819748004784,0.0008038059628286927,0.28540798753352403,0.015046597762107417,0.8961613920984595,0.0014588657126171183,-0.25049818768182647,-0.001012778014102633,-0.17786385050315112,0.09438489134768685,0.9539038052645774,False
GUT_GENOME172369_1,GUT_GENOME172369_00018,18056,0.01566964430628955,0.013670589904023703,0.013882011667418148,0.0008350673583306713,0.24568231931466084,0.014816219977810002,0.8683706434436542,0.0019990544022658457,-0.23136007650233917,-0.0009342083103918535,-0.176021908889955,0.08451119740843185,0.9586247260182058,False
GUT_GENOME172369_1,GUT_GENOME172369_00018,18148,0.016239631623009634,0.015728454780741915,0.015686736021479457,0.001253555580234786,0.4412358980529685,0.015675288874588713,0.4963570124147442,0.0005111768422677195,-0.28407344631247927,1.1447146890743859e-05,-0.15385252226573326,0.10436832150737699,0.9491540538206166,False
GUT_GENOME172369_1,GUT_GENOME172369_00019,19974,0.015237219353394709,0.014785355409567819,0.014729900510863415,0.0010832332512114868,0.44655954632336553,0.015115558746284827,0.6390891190271175,0.00045186394382689017,-0.2861748173083741,-0.00038565823542141206,-0.16316202572520172,0.10851787270023266,0.9471868136491463,False
GUT_GENOME172369_1,GUT_GENOME172369_00019,20585,0.01529345782577868,0.013961662988456981,0.014078037658918565,0.00095017455063927,0.3508746321839559,0.014911735149158035,0.8098693904704759,0.0013317948373216988,-0.25500012669994976,-0.0008336974902394701,-0.17366559273409116,0.09518480271667364,0.9535223623004276,False
GUT_GENOME172369_1,GUT_GENOME172369_00019,20687,0.015027273219386659,0.014255899091532841,0.014331190052897368,0.0009949644703300233,0.41352994063248427,0.01489779301716362,0.7154815745388023,0.0007713741278538178,-0.2748550293489814,-0.000566602964266253,-0.16740398681206878,0.10356938195900471,0.9495332879174007,False
GUT_GENOME172369_1,GUT_GENOME172369_00019,21078,0.01449881356049005,0.01443027945311743,0.014401160357260625,0.001022912542167655,0.49235103940507,0.014938521984722234,0.7003213921525215,6.853410737261978e-05,-0.2997556440991887,-0.0005373616274616088,-0.1667184702256219,0.11764849448369105,0.9428724670324128,False
GUT_GENOME172369_1,GUT_GENOME172369_00019,22026,0.015302761172951032,0.014380374591306904,0.014419466271470597,0.001048920557200796,0.41035233452589637,0.01512871814598291,0.7505346282481045,0.0009223865816441277,-0.26950487451326,-0.0007092518745123143,-0.17074816340240573,0.10178781269170266,0.9503794944173358,False
GUT_GENOME172369_1,GUT_GENOME172369_00020,22686,0.016062834073244908,0.014308304737922791,0.014422407903771715,0.0010720013301230753,0.3376149337907539,0.015210585099862796,0.7689030273376967,0.0017545293353221168,-0.2400232492177542,-0.0007881771960910802,-0.17259844191033993,0.08740138231492513,0.9572404251234313,False
GUT_GENOME172369_1,GUT_GENOME172369_00020,22950,0.017726695062729118,0.014081893474329253,0.014292980673356373,0.0010945817235874073,0.21865224564558905,0.015240265225728935,0.8065987627711073,0.003644801588399865,-0.17305361206665715,-0.0009472845523725622,-0.17632846056459478,0.06103927865439692,0.9699413828839728,False
GUT_GENOME172369_1,GUT_GENOME172369_00022,24619,0.016717520405664953,0.01401338326626784,0.014060719203031941,0.001096416407366387,0.2755240646513703,0.015263117958051521,0.8636055218194336,0.0027041371393971125,-0.206380005515051,-0.0012023987550195802,-0.18230920688002755,0.07582935358961718,0.9627950861493941,False
GUT_GENOME172369_1,GUT_GENOME172369_00023,25074,0.017187978564475872,0.014258064716299128,0.014406495246960067,0.001134289118622623,0.2764659374132603,0.015463125676981378,0.824211650519072,0.0029299138481767434,-0.19838106026284089,-0.0010566304300213113,-0.1788919005772246,0.07135735716314051,0.9649503028741608,False
GUT_GENOME172369_1,GUT_GENOME172369_00023,25114,0.017624122004041502,0.014343145613545109,0.014628263875350088,0.0011381668319436964,0.2500478731162489,0.015528251218759849,0.7854504182362687,0.0032809763904963936,-0.185943417463922,-0.0008999873434097604,-0.17521965280203394,0.0652768812262277,0.9678884454858794,False
GUT_GENOME172369_1,GUT_GENOME172369_00023,25115,0.017004637487877058,0.014009089001214671,0.014317819544044853,0.0010589529007408568,0.2397638574699184,0.015512154857424519,0.8703074229717433,0.0029955484866623864,-0.19605571907626307,-0.0011943353133796655,-0.18212017232853162,0.07160560215148465,0.9648305382687106,False
GUT_GENOME172369_1,GUT_GENOME172369_00023,25235,0.01728796836518134,0.014274001427593972,0.014615454674783621,0.001097765887572391,0.24178235358733596,0.01581162822751204,0.8620649111396473,0.0030139669375873687,-0.19540317975378027,-0.0011961735527284204,-0.18216326692341453,0.07136585847409933,0.9649462012115859,False
GUT_GENOME172369_1,GUT_GENOME172369_00023,25739,0.019110018976826737,0.013387691370168715,0.013938829953632232,0.0010517588033617542,0.10624931375332802,0.016478205997011434,0.9921196228259442,0.005722327606658022,-0.09944984235138025,-0.0025393760433792024,-0.2136525108129636,0.05553766652039792,0.9726131766330977,False
GUT_GENOME172369_1,GUT_GENOME172369_00024,26775,0.017336546362697974,0.01316631352120453,0.013740438626923392,0.0010760075410551511,0.15461535867584253,0.016395123205689893,0.9931905576335031,0.004170232841493444,-0.1544383357167927,-0.002654684578766501,-0.21635573584316597,0.07066100397121058,0.9652863344816669,False
GUT_GENOME172369_1,GUT_GENOME172369_00024,26937,0.018859051191770133,0.013205356380411436,0.01390630901372304,0.0010849001072100518,0.10451637548901227,0.016407056499245648,0.989418074468408,0.005653694811358696,-0.10188140393748385,-0.0025007474855226076,-0.21274692577428603,0.05564107489468232,0.9725628897594282,False
GUT_GENOME172369_1,GUT_GENOME172369_00024,27004,0.017980354664190207,0.01380157308074773,0.014190282159641321,0.0009587907860039756,0.16348512986181707,0.01631786073441029,0.9867574118702386,0.004178781583442476,-0.15413546603995493,-0.0021275785747689683,-0.2039985747814097,0.0653731604042005,0.967841852855413,False
GUT_GENOME172369_1,GUT_GENOME172369_00024,27032,0.01725872311187862,0.013284856486370159,0.013639838809979096,0.0008918777464203394,0.17011343764128395,0.016207849935719554,0.9980074000440781,0.003973866625508462,-0.16139530935476276,-0.0025680111257404582,-0.21432381472919892,0.07198314344179556,0.9646484237750119,False
GUT_GENOME172369_1,GUT_GENOME172369_00024,27033,0.017027329610716565,0.012861129295622671,0.013201914989262355,0.0008194874637696819,0.15793698212643187,0.015407878145540708,0.9964474909003245,0.004166200315093894,-0.15458120234848577,-0.002205963156278353,-0.2058361764993259,0.06626387967536515,0.9674109111296719,False
GUT_GENOME172369_1,GUT_GENOME172369_00024,27160,0.01639580434768884,0.01284678407029304,0.013141412791320849,0.0008164201282492773,0.18917685658075223,0.015084502389433933,0.9913439598653054,0.003549020277395799,-0.17644700666013682,-0.0019430895981130836,-0.1996735244473861,0.07100306252456326,0.9651212563750919,False
GUT_GENOME172369_1,GUT_GENOME172369_00024,27287,0.01633644661695275,0.012692439918307073,0.013062228154248925,0.0008812452785112248,0.17389370630525552,0.014908136575494193,0.9818993452173272,0.0036440066986456777,-0.17308177387156454,-0.001845908421245268,-0.19739526647722594,0.06892219167414244,0.9661259252757756,False
GUT_GENOME172369_1,GUT_GENOME172369_00024,27313,0.01498147389275831,0.012537631014766645,0.012797201546936128,0.0007851488181665763,0.24354457235142707,0.014698025110818592,0.9922604722741892,0.0024438428779916654,-0.21560185819286135,-0.0019008235638824644,-0.1986826645663214,0.08595896245538807,0.957931045434384,False
GUT_GENOME172369_1,GUT_GENOME172369_00025,27673,0.015540077624918143,0.012425830159368793,0.012691131131495689,0.000760333337663379,0.208829991962099,0.014625083515738095,0.9945135172029119,0.0031142474655493496,-0.19185038435089602,-0.0019339523842424062,-0.19945931701548555,0.07659058911987049,0.9624286989665876,False
GUT_GENOME172369_1,GUT_GENOME172369_00026,28174,0.014655250121875841,0.012360016441584354,0.012535994933452609,0.0007227524541993791,0.26267604007926626,0.014533658407206098,0.9971448287414911,0.002295233680291487,-0.22086686910919479,-0.0019976634737534898,-0.2009529220750707,0.08916425076060762,0.9563970523966356,False
GUT_GENOME172369_1,GUT_GENOME172369_00026,28339,0.014762467015445967,0.012160479390428722,0.012356384240359501,0.0007153366766447169,0.23458140639815628,0.014428331239552426,0.9981130308679883,0.0026019876250172446,-0.20999901642844834,-0.0020719469991929244,-0.20269438106269105,0.08518459901530312,0.9583020106350754,False
GUT_GENOME172369_1,GUT_GENOME172369_00038,32145,0.014769015679920748,0.012298832213817338,0.012503834641463506,0.0007442491605523079,0.2392956125586757,0.01430465343342851,0.9922321681555626,0.00247018346610341,-0.2146686489023383,-0.001800818791965005,-0.19633821190564935,0.08463132227586306,0.958567150413224,False
GUT_GENOME172369_1,GUT_GENOME172369_00038,32151,0.012945396540106124,0.012077311232095541,0.012218622919978201,0.0007790279543227063,0.3788089883687084,0.014164945790299916,0.9937622203463616,0.0008680853080105834,-0.27142869082393156,-0.0019463228703217143,-0.19974932336664622,0.11357332638782644,0.9447956075453219,False
GUT_GENOME172369_1,GUT_GENOME172369_00038,32311,0.013009060260616021,0.011348182253719552,0.011521765458434067,0.0007263415778218838,0.2711098435748242,0.013671052200878902,0.9984570941278283,0.0016608780068964688,-0.24334118158076282,-0.002149286742444835,-0.20450748821114087,0.1010382433875517,0.950735748820662,False
GUT_GENOME172369_1,GUT_GENOME172369_00039,33595,0.012688250533833122,0.011359553289394093,0.011625430872999476,0.0007464796336671722,0.31003142138681883,0.013637770765893138,0.9964887282635945,0.0013286972444390283,-0.25510986997690704,-0.002012339892893662,-0.20129698735558268,0.10560152287806804,0.9485689851759327,False
GUT_GENOME172369_1,GUT_GENOME172369_00040,34765,0.012677249201232399,0.01155847676995696,0.01168245520473154,0.0007552909960990353,0.34125971996215365,0.01355990413401375,0.9935356859092325,0.0011187724312754378,-0.2625472052833357,-0.0018774489292822105,-0.19813468347271884,0.1081883877969245,0.9473428683810678,False
GUT_GENOME172369_1,GUT_GENOME172369_00040,34823,0.012058507060714395,0.011282381796481881,0.011390420180104123,0.0006647173099072217,0.37260898488496963,0.01316982371279958,0.9962850226123757,0.0007761252642325134,-0.2746867033955011,-0.0017794035326954578,-0.19583616524716677,0.11380458864100361,0.9446863660808039,False
GUT_GENOME172369_1,GUT_GENOME172369_00040,35219,0.012044012912797856,0.011429521839385526,0.011500590459805454,0.0006490348377625876,0.397013094517728,0.013194827492652605,0.995478108139215,0.00061449107341233,-0.28041317115315567,-0.0016942370328471516,-0.19383957225124163,0.1162053263267133,0.9435530743208287,False
GUT_GENOME172369_1,GUT_GENOME172369_00040,35354,0.01303573682197243,0.012021456019771972,0.01216119924841344,0.0006762611684229164,0.353271993128279,0.013756923040236183,0.990853329286961,0.0010142808022004582,-0.2662491939641115,-0.001595723791822743,-0.19153008615770065,0.10757240719011531,0.9476346857346796,False
GUT_GENOME172369_1,GUT_GENOME172369_00042,38362,0.014187600505380713,0.012514036752340307,0.01265567481005142,0.000739564653264163,0.30628463367170095,0.014371516938434352,0.9898314678287479,0.0016735637530404055,-0.2428917437736601,-0.0017158421283829314,-0.19434606931874893,0.09676679385305731,0.9527684285561111,False
GUT_GENOME172369_1,GUT_GENOME172369_00042,38439,0.014070563170684617,0.012690519103867702,0.012809110569106798,0.0007428300832079406,0.3294000057456907,0.014746523872771118,0.995448365628731,0.0013800440668169153,-0.25329072564047084,-0.00193741330366432,-0.1995404527612255,0.10397258398363114,0.9493418803399604,False
GUT_GENOME172369_1,GUT_GENOME172369_00042,38503,0.016449034330531305,0.013041125452089396,0.013387679979861287,0.0008449060103019402,0.1848348972330145,0.015025596194687059,0.9737236285294527,0.003407908878441909,-0.18144638131129562,-0.0016379162148257714,-0.19251922034073038,0.06998643949156677,0.965611963329957,False
GUT_GENOME172369_1,GUT_GENOME172369_00042,38560,0.019970891938657625,0.013243103228702195,0.013917634751232432,0.0009085226922646358,0.06376771325643668,0.015376244226846364,0.9458052244029046,0.00672778870995543,-0.06382779629545714,-0.0014586094756139315,-0.18831565931297667,0.03953677512241547,0.9804257258050573,False
GUT_GENOME172369_1,GUT_GENOME172369_00043,39184,0.0196786657576041,0.013091122232372894,0.014138457367032576,0.001098562948561002,0.06614344245934832,0.015664500819262444,0.9176029324832882,0.006587543525231205,-0.06879648221775088,-0.0015260434522298676,-0.1898965415335513,0.04079365245194108,0.979809781932777,False
GUT_GENOME172369_1,GUT_GENOME172369_00043,39195,0.01997851137713412,0.013390481983177086,0.014359045531034448,0.0011207375010569146,0.07690578317583303,0.01601418166563986,0.9301390791707707,0.006588029393957034,-0.06877926858504858,-0.0016551361346054134,-0.1929229139442443,0.041949838511832545,0.9792435244177002,False
GUT_GENOME172369_1,GUT_GENOME172369_00043,39279,0.0191623662370207,0.01364651778581318,0.01456995393729447,0.0011629070012239202,0.10639457714950884,0.01632015128472539,0.9338404278176804,0.005515848451207518,-0.10676510294268962,-0.001750197347430921,-0.19515147273261316,0.04948288451607097,0.975562118560473,False
GUT_GENOME172369_1,GUT_GENOME172369_00043,39382,0.017387730516457967,0.013876342152079682,0.015175191115238521,0.0014348752385446083,0.1781690136220272,0.01640607298728694,0.8045073769213782,0.003511388364378285,-0.17778025141151121,-0.0012308818720484192,-0.18297694821098737,0.06508638136854648,0.9679806411821845,False
GUT_GENOME172369_1,GUT_GENOME172369_00044,39914,0.01897561088877299,0.014384160438548597,0.01633134095494201,0.0017314870735629395,0.13177685163265973,0.01712135156358606,0.6758989688913544,0.004591450450224393,-0.13951519944769983,-0.0007900106086440491,-0.17264142334868035,0.049269551932789736,0.9756661837039478,False
GUT_GENOME172369_1,GUT_GENOME172369_00044,40036,0.023824480998624838,0.015505861859905134,0.01852631211998274,0.0020841200208531942,0.04449413952848566,0.018815700779806464,0.5552172882876533,0.008318619138719703,-0.007466953877227132,-0.00028938865982372497,-0.16090513879546545,0.025946219090992637,0.9871106785181935,False
GUT_GENOME172369_1,GUT_GENOME172369_00045,40348,0.03243013885356371,0.01771997572884217,0.023034860116444702,0.002776189994071358,0.007322535174274094,0.022089316282910606,0.36670595529124983,0.01471016312472154,0.21897629041252226,0.000945543833534096,-0.13195411261650666,0.06536250359923901,0.9678470099200822,False
GUT_GENOME172369_1,GUT_GENOME172369_00045,40350,0.031922802924187,0.018462350984511475,0.024055107613729716,0.002877410054400897,0.011050649101993416,0.022972932618199562,0.3534237219989113,0.013460451939675523,0.17470081397259118,0.001082174995530153,-0.12875101255307408,0.047097197636127755,0.9767265057616351,False
GUT_GENOME172369_1,GUT_GENOME172369_00045,40351,0.029575132422810294,0.017573214237849764,0.024439448507018284,0.0035352599247597464,0.007499401385080141,0.02407954925633028,0.45945661372776964,0.01200191818496053,0.12302705313372184,0.0003598992506880054,-0.1456836174604851,0.03635937219914058,0.9819845675278597,False
GUT_GENOME172369_1,GUT_GENOME172369_00045,40353,0.02643125083305142,0.01727642167154423,0.023620688348274372,0.003058289880104108,0.010002325714518766,0.025473876677147077,0.7277279302659853,0.00915482916150719,0.02215876893439855,-0.0018531883288727055,-0.19756593232125866,0.03952330865465622,0.9804323272629952,False
GUT_GENOME172369_1,GUT_GENOME172369_00045,40354,0.022716274291781073,0.01569753309924748,0.021205984380372495,0.0024159955222308295,0.012355058903798202,0.025451995760480923,0.9605801380810688,0.007018741192533592,-0.05351976677497675,-0.004246011380108428,-0.253661859159803,0.06720870422805562,0.9669540022721581,False
GUT_GENOME172369_1,GUT_GENOME172369_00045,40590,0.025900696084207493,0.015653460808325165,0.022731724462151454,0.0037597419542920933,0.029800900239121374,0.025888302459120906,0.7994260907860732,0.010247235275882328,0.06086115213990064,-0.003156577996969452,-0.22812182797175862,0.05574364823697277,0.9725130115253883,False
GUT_GENOME172369_1,GUT_GENOME172369_00045,40627,0.04049673449659306,0.022376953778171855,0.03426918905504983,0.006602106061577671,0.014788170656141176,0.027493192046163933,0.1523659787717188,0.018119780718421203,0.3397741557476758,0.006775997008885898,0.004731579453864919,0.11546886475817407,0.943900583587264,False
GUT_GENOME172369_1,GUT_GENOME172369_00045,40651,0.05866553239716089,0.017360908601005417,0.04788131800476576,0.007502833812929309,3.825537289776892e-06,0.03033447396879704,0.009675597867984184,0.041304623796155474,1.1611799219239014,0.017546844035968723,0.2572369398098528,1.4145096542819358,0.492995699973403,False
GUT_GENOME172369_1,GUT_GENOME172369_00045,40656,0.04790470924832877,0.023829637317335842,0.04456099142582112,0.005362853659553693,3.9110096288161794e-05,0.03499125703687177,0.03717543500172429,0.02407507193099293,0.5507615894285538,0.009569734388949355,0.07022630443873701,0.30827006222498904,0.8571562704318905,False
GUT_GENOME172369_1,GUT_GENOME172369_00045,40657,0.056911023291516497,0.035847202439468796,0.053555415856598114,0.0064082034568567325,0.0013459461804936172,0.04163355289583356,0.031414022332941875,0.0210638208520477,0.4440772788487079,0.011921862960764557,0.1253682139966774,0.21292181867038978,0.8990101903803691,False
GUT_GENOME172369_1,GUT_GENOME172369_00045,40667,0.06246419444339351,0.036825902300313296,0.05908463276114884,0.007111617838828908,0.0003591046384413752,0.04574934660961471,0.030386664514857883,0.025638292143080214,0.6061442414355822,0.013335286151534134,0.15850367040260172,0.392534254956614,0.8217926819483886,False
GUT_GENOME172369_1,GUT_GENOME172369_00045,40668,0.06287160756304909,0.039269833354115546,0.059008089339786816,0.0069871160274667925,0.0009281815426207678,0.04566861877183975,0.02812120595694473,0.023601774208933543,0.5339933293754586,0.013339470567947063,0.15860176738342127,0.3103033964346319,0.8562852706814712,False
GUT_GENOME172369_1,GUT_GENOME172369_00045,40670,0.058447126917453185,0.03405480729609838,0.054283716305308365,0.0064895657739990975,0.0003223132075834534,0.04273961404637685,0.037630432760295984,0.024392319621354804,0.5620012204795654,0.011544102258931516,0.11651221577250456,0.3294204682447397,0.8481394303510417,False
GUT_GENOME172369_1,GUT_GENOME172369_00045,40671,0.04808455879516189,0.024808854866950076,0.041932087463529506,0.005868856670542083,0.0013930797330679939,0.03319255000291758,0.06822551708642396,0.02327570392821181,0.5224411265908406,0.00873953746061193,0.05076365920487818,0.2755216798493758,0.8713070486888586,False
GUT_GENOME172369_1,GUT_GENOME172369_00045,40672,0.031469857872695246,0.018265878405198152,0.026380150729210378,0.003394104941367412,0.0042325219507727335,0.024588996458646234,0.29884508485837147,0.013203979467497094,0.1656143618104392,0.0017911542705641437,-0.1121301222110941,0.040001281144953965,0.9801980454186643,False
GUT_GENOME172369_1,GUT_GENOME172369_00045,40678,0.029957071409008735,0.018451507398949758,0.025689860255187682,0.003035950333950922,0.005458951867461202,0.0238252698970848,0.26955141701864593,0.011505564010058977,0.10544193599651233,0.0018645903581028835,-0.11040853005585526,0.023308045375787297,0.9884136224003758,False
GUT_GENOME172369_1,GUT_GENOME172369_00045,40679,0.03030723972445993,0.018219453387526476,0.02587471496809181,0.0029389290497614687,0.003704175784324893,0.02307883554982071,0.1707194733688852,0.012087786336933453,0.12606923870836528,0.002795879418271103,-0.08857594073933471,0.02373915022636492,0.9882005904074851,False
GUT_GENOME172369_1,GUT_GENOME172369_00045,40687,0.028540066623827375,0.01754789658232024,0.02477438101061476,0.002786565358930083,0.005814013865849922,0.02255323355274741,0.21269895710851217,0.010992170041507134,0.0872531233884353,0.0022211474578673514,-0.10204961652406618,0.018027231773746474,0.9910268849710647,False
GUT_GENOME172369_1,GUT_GENOME172369_00045,40701,0.032275303448483665,0.01683433637818563,0.024349010732133435,0.002901370941439039,0.0014168296110709502,0.02082589493405182,0.1123178385187395,0.015440967070298035,0.2448676269563248,0.003523115798081615,-0.07152704164288436,0.06507627241740475,0.9679855338290534,False
GUT_GENOME172369_1,GUT_GENOME172369_00045,40713,0.028240719638993342,0.013460514839605805,0.01824755945550849,0.0018147298250219975,0.0008387442459704129,0.01807793648956309,0.462765053898261,0.014780204799387537,0.22145776657565147,0.0001696229659453978,-0.15014434201866717,0.07158686581689423,0.9648395770049427,False
GUT_GENOME172369_1,GUT_GENOME172369_00045,40843,0.02522914070636949,0.013985173784549979,0.01712136367124099,0.001614906311821317,0.009250134163912413,0.018060554259027254,0.7195738091717123,0.011243966921819512,0.09617392603093415,-0.0009391905877862636,-0.17613871045121623,0.040274269367620984,0.9800642632879683,False
GUT_GENOME172369_1,GUT_GENOME172369_00045,41100,0.01867310570696849,0.014317182684961773,0.01599896179058761,0.0013685537765943537,0.11129860812582054,0.017947570278469625,0.9227543308121711,0.004355923022006717,-0.14785959871673995,-0.001948608487882017,-0.19980290603143097,0.0617836621912802,0.969580445858454,False
GUT_GENOME172369_1,GUT_GENOME172369_00046,41418,0.021205051246940526,0.014558305572011793,0.0174538692377477,0.001583151145937923,0.012920500323766846,0.017943861382146917,0.6215310428789309,0.0066467456749287335,-0.06669903489112744,-0.0004899921443992164,-0.16560796811186326,0.03187476035754776,0.9841889478616717,False
GUT_GENOME172369_1,GUT_GENOME172369_00046,42173,0.01905713430284945,0.014254880969224148,0.016055360507287543,0.0014287311425220765,0.05954564490516486,0.01785187068538766,0.8956985795156748,0.004802253333625302,-0.13204675537104477,-0.0017965101781001157,-0.19623720331330247,0.05594538556824695,0.9724149203828455,False
GUT_GENOME172369_1,GUT_GENOME172369_00046,42303,0.024698363477899214,0.014747536047444172,0.016402103188267195,0.0012899069478938526,0.011998348221880551,0.018020857833579245,0.8952495630391539,0.009950827430455042,0.05035984693125495,-0.0016187546453120503,-0.19207000785048867,0.03942700209862621,0.980479539430126,False
GUT_GENOME172369_1,GUT_GENOME172369_00046,42349,0.024381151237554757,0.014668793025028406,0.015971141761100954,0.0012614862023358794,0.017988154470198525,0.017589885711035275,0.9002896660177536,0.009712358212526351,0.041911224268362045,-0.001618743949934321,-0.19206975711438584,0.038647342317652114,0.9808618341717241,False
GUT_GENOME172369_1,GUT_GENOME172369_00047,42787,0.022996950861573332,0.014483228658275945,0.015256624306541941,0.0011656207573543208,0.039270163432712196,0.01730907317371015,0.9608656013252247,0.008513722203297387,-0.0005547318835114346,-0.0020524488671682106,-0.20223727840021805,0.04090022450218988,0.9797575731551313,False
GUT_GENOME172369_1,GUT_GENOME172369_00048,43926,0.018754692690445777,0.014454166902213954,0.01478947001330595,0.0011242366406133788,0.16146571327078763,0.017293403023610432,0.9870340302312589,0.004300525788231823,-0.14982224332469982,-0.002503933010304481,-0.21282160533114422,0.06773974029057087,0.9666972926311855,False
GUT_GENOME172369_1,GUT_GENOME172369_00048,44070,0.016868408487701457,0.014156714505401425,0.01431454886276154,0.0010591627599648022,0.24452461972894468,0.01704624095886965,0.9950471680848515,0.0027116939823000324,-0.20611227740001764,-0.002731692096108112,-0.2181610544840835,0.09007651658862906,0.9559609076997124,False
GUT_GENOME172369_1,GUT_GENOME172369_00049,44421,0.01703018783969891,0.01405234690991836,0.01429840483019789,0.0010437556013646674,0.23219695697991793,0.017015356065462808,0.995380117674972,0.00297784092978055,-0.1966830724415141,-0.0027169512352649174,-0.21781547847044136,0.08612781364634119,0.9578501749492653,False
GUT_GENOME172369_1,GUT_GENOME172369_00049,44503,0.016964561937853635,0.01420771688307011,0.014414052935037175,0.0009414644168663448,0.24613243951344083,0.0169917433072883,0.9969089048641446,0.002756845054783524,-0.20451263960378008,-0.0025776903722511246,-0.2145507292533775,0.08785743518086174,0.9570221738882684,False
GUT_GENOME172369_1,GUT_GENOME172369_00049,45220,0.01744766361848643,0.014219334544952696,0.014454341066426851,0.0009502234872482939,0.2126403216786097,0.01695815231564684,0.9957927753202829,0.003228329073533735,-0.18780863645987741,-0.0025038112492199883,-0.2128187508363733,0.08056390463647274,0.96051858052902,False
GUT_GENOME172369_1,GUT_GENOME172369_00049,45226,0.019186755447213325,0.014230255625598157,0.014596397757591592,0.0009931838826069718,0.14480565516224914,0.016957159688313753,0.9912720945529996,0.004956499821615168,-0.12658202333803034,-0.00236076193072216,-0.20946518731206099,0.05989867332802645,0.9704947008021092,False
GUT_GENOME172369_1,GUT_GENOME172369_00049,45263,0.022013994617400202,0.014277346493039036,0.014847045345072361,0.0010700861638559768,0.07003867512434543,0.016973070735305875,0.9765265884142249,0.007736648124361166,-0.028085352946773282,-0.002126025390233514,-0.20396216284279076,0.04238935092165392,0.9790283532205596,False
GUT_GENOME172369_1,GUT_GENOME172369_00049,45269,0.021929041530897076,0.014442776225400866,0.014996814883042657,0.001115128514036528,0.07333976804377271,0.017041435662675134,0.9666380507037804,0.0074862653054962106,-0.03695605741855142,-0.002044620779632477,-0.2020537613509889,0.042191472656005646,0.9791252222288264,False
GUT_GENOME172369_1,GUT_GENOME172369_00050,45741,0.022868760114581537,0.014137671804834882,0.014869357931143436,0.00116079456663134,0.05461611904283179,0.01726501964451854,0.9804822258230101,0.008731088309746655,0.007146237780595183,-0.0023956617133751024,-0.21028335715264718,0.04427015900980458,0.9781081037688989,False
GUT_GENOME172369_1,GUT_GENOME172369_00051,46938,0.02114388914720019,0.014470195741281715,0.015003003356958788,0.001126470315298233,0.09683448000097611,0.01734695023506475,0.9812733816584673,0.006673693405918474,-0.06574431539847769,-0.0023439468781059607,-0.2090709851746077,0.04803299184909555,0.9762696051553346,False
GUT_GENOME172369_1,GUT_GENOME172369_00051,46940,0.02152050971780369,0.014798544077862703,0.015334872326060392,0.0010787431903603734,0.10422143280139151,0.017705639937813693,0.9860152070998416,0.006721965639940989,-0.06403409932156227,-0.002370767611753302,-0.20969975457385784,0.048074352944259914,0.9762494155740786,False
GUT_GENOME172369_1,GUT_GENOME172369_00052,47833,0.021309230843557073,0.01469183640173982,0.015206436134976653,0.0010512961705153592,0.1049742457460957,0.017952845805358556,0.995504594918017,0.006617394441817253,-0.06773890701971243,-0.0027464096703819028,-0.21850608458118034,0.05233346852322318,0.9741726481096792,False
GUT_GENOME172369_1,GUT_GENOME172369_00052,47838,0.021617257302092862,0.014642594598431815,0.015230036494697492,0.0011353195169792212,0.09418334212067075,0.017977239963802318,0.9922346742482389,0.006974662703661047,-0.05508140447089946,-0.0027472034691048263,-0.21852469392843762,0.05078700297500417,0.974926201627432,False
GUT_GENOME172369_1,GUT_GENOME172369_00052,47840,0.02440948817328095,0.015034825305209724,0.01587358115246999,0.0012072489248180875,0.05412318179834559,0.018214205108936694,0.9737376433711464,0.009374662868071225,0.02994716213448044,-0.0023406239564667045,-0.20899308456717677,0.04457494191681196,0.9779590598100829,False
GUT_GENOME172369_1,GUT_GENOME172369_00052,47844,0.028752796784039327,0.015089504731861002,0.01631716344870527,0.0012593028074940292,0.01875874347563153,0.018262391579893386,0.9387889522469968,0.013663292052178325,0.18188714848704146,-0.0019452281311881162,-0.19972365895058591,0.07297247472935703,0.9641713633438737,False
GUT_GENOME172369_1,GUT_GENOME172369_00052,48835,0.0310188874643216,0.015533596511761444,0.016887493140756767,0.0013435666237167616,0.010568545382043996,0.018318834750661102,0.8566366519941175,0.015485290952560156,0.24643795858838954,-0.0014313416099043345,-0.1876764076144029,0.09595410140826031,0.9531556610777834,False
GUT_GENOME172369_1,GUT_GENOME172369_00052,48837,0.0379687046018584,0.016093950784093505,0.018922550781989983,0.001820658570216971,0.0021078898345330095,0.018426198445337133,0.39257173978851045,0.021874753817764898,0.47280747175056076,0.00049635233665285,-0.14248469210609063,0.24384879282772476,0.8852152914233242,False
GUT_GENOME172369_1,GUT_GENOME172369_00052,48842,0.047093662281486606,0.01687719871087116,0.020714109896216797,0.002055569961662013,0.00018801279798258614,0.018925677448675442,0.19213869322077565,0.030216463570615446,0.7683422945564221,0.0017884324475413542,-0.11219393101846704,0.6029373597616043,0.7397309944547443,False
GUT_GENOME172369_1,GUT_GENOME172369_00052,48924,0.05794272602590208,0.01783148108472927,0.02325435952156885,0.00234453960910649,4.60307488445719e-06,0.019596575686091886,0.05936472000908326,0.04011124494117281,1.1189002192134296,0.003657783835476963,-0.06836996391023775,1.2566121525209482,0.5334947354372281,False
GUT_GENOME172369_1,GUT_GENOME172369_00052,48967,0.048169382656895014,0.01838070520761873,0.02423352916809046,0.002333251463174794,5.0351172436144e-06,0.019304883629047045,0.017328186846592344,0.029788677449276286,0.7531864452983521,0.004928645539043413,-0.03857663460059447,0.5687779781182754,0.7524738836614351,False
GUT_GENOME172369_1,GUT_GENOME172369_00052,48976,0.026076446971647974,0.017994317908897384,0.02195847102286839,0.001990888584973731,0.022815025007789893,0.018859650948470114,0.05979450246729781,0.00808212906275059,-0.01584545837661868,0.003098820074398278,-0.08147397936623837,0.006889087864935392,0.9965613817033269,False
GUT_GENOME172369_1,GUT_GENOME172369_00052,49300,0.02134652694540027,0.016289731390758094,0.020034020038567683,0.0020986321012683657,0.06633165016369368,0.018605059080449387,0.24796702818807176,0.005056795554642175,-0.12302868924148117,0.0014289609581182965,-0.12062116777582137,0.02968552449207979,0.985266848570295,False
GUT_GENOME172369_1,GUT_GENOME172369_00053,50219,0.02317722615208282,0.016587511869433295,0.02072244525855029,0.0021428659666221915,0.02663060817286379,0.018758039811554474,0.17964501462455384,0.006589714282649525,-0.06871957539313277,0.0019644054469958178,-0.10806852421170007,0.016401185967507264,0.9918329401524146,False
GUT_GENOME172369_1,GUT_GENOME172369_00053,50968,0.024059969550112834,0.018311342151685353,0.020973120966630034,0.002300734426861103,0.06303912178808518,0.02041412142930435,0.4040159866260807,0.005748627398427481,-0.0985180784168029,0.0005589995373256849,-0.14101602822650786,0.029591331991718588,0.9853132520369959,False
GUT_GENOME172369_1,GUT_GENOME172369_00053,51014,0.025724584509507997,0.019645618659046085,0.02229195521033015,0.0025110139476218077,0.05451932141889407,0.020838463223938796,0.2813463287995649,0.006078965850461911,-0.08681466043890015,0.0014534919863913552,-0.12004607687364659,0.021947845839875003,0.9890860709157353,False
GUT_GENOME172369_1,GUT_GENOME172369_00053,51019,0.02301414863870394,0.020468427842338325,0.022026280449331886,0.0026843510392935504,0.2333584366544063,0.02132795259372325,0.3973749071224012,0.0025457207963656137,-0.21199246953675446,0.0006983278556086381,-0.13774969762805359,0.06391578633691196,0.9685473636812845,False
GUT_GENOME172369_1,GUT_GENOME172369_00053,51022,0.02158824141559481,0.01796331894005206,0.02087206089629967,0.002436561314975771,0.14295373722142035,0.021643017074075083,0.6241549298501421,0.00362492247554275,-0.17375790054825502,-0.0007709561777754122,-0.1721947225533979,0.05984283047817897,0.9705217987753418,False
GUT_GENOME172369_1,GUT_GENOME172369_00053,51026,0.020862380381436646,0.014368862159557273,0.01882156360007498,0.002285636231614263,0.02302800343430365,0.021641984776334607,0.891394151388986,0.006493518221879373,-0.07212766397648511,-0.0028204211762596285,-0.22024116650325695,0.053708571333420094,0.9735030845427253,False
GUT_GENOME172369_1,GUT_GENOME172369_00053,51027,0.02222685582979043,0.01711308022193489,0.020998516447764636,0.0023839620196955836,0.06526663011685721,0.021919307509389842,0.6503420204979001,0.005113775607855541,-0.12100996760900933,-0.0009207910616252056,-0.17570736285413355,0.04551648962188764,0.9774987706104329,False
GUT_GENOME172369_1,GUT_GENOME172369_00053,51029,0.02224689278747623,0.017002352221823315,0.020983699800842574,0.0023382727013943577,0.06540347106940485,0.021203564521281863,0.5374568170633477,0.005244540565652916,-0.1163771525414919,-0.00021986472043928826,-0.15927526072519918,0.03891225031274585,0.9807319237045172,False
GUT_GENOME172369_1,GUT_GENOME172369_00053,51030,0.02345506792970271,0.016264633012941215,0.020796697931913806,0.002264455672126061,0.023562487927967998,0.020324117144064083,0.41734313537811707,0.007190434916761496,-0.047436904164079446,0.0004725807878497232,-0.14304197822125506,0.022711267410122065,0.9887085981423489,False
GUT_GENOME172369_1,GUT_GENOME172369_00053,51071,0.012347157032174596,0.011085593461786022,0.011796700837378514,0.0011267545665160318,0.26168861477971267,0.01231940710849425,0.6786418385230157,0.0012615635703885734,-0.25748831984541604,-0.0005227062711157353,-0.16637489872878833,0.09398084178382984,0.9540965369404486,False
GUT_GENOME172369_1,GUT_GENOME172369_00053,51080,0.01250723899959281,0.010436100536427096,0.011254169658909833,0.000981710517253098,0.15877043245480882,0.012383700010083442,0.8750461813026544,0.0020711384631657143,-0.2288062415216999,-0.0011295303511736094,-0.18060092316516027,0.08496898960739459,0.9584053256684539,False
GUT_GENOME172369_1,GUT_GENOME172369_00053,51315,0.011090635292584377,0.01085575303700547,0.011352260121065424,0.000981063532798245,0.44548098926816515,0.012426946731901603,0.8633358927932844,0.00023488225557890575,-0.2938621675864836,-0.0010746866108361786,-0.1793151989893037,0.11850891412720015,0.9424669212775718,False
GUT_GENOME172369_1,GUT_GENOME172369_00053,51439,0.010157674175617663,0.011205464062739518,0.011501408363670345,0.001094744127081347,0.7464649124564958,0.012707531957823336,0.8647126787594365,-0.0010477898871218555,-0.339305403522803,-0.0012061235941529906,-0.18239652980321874,0.14839665094402862,0.928487532851771,False
GUT_GENOME172369_1,GUT_GENOME172369_00053,51587,0.009107938190961904,0.01431398481762636,0.013578080439178283,0.0013069576856825375,0.9996867834181393,0.012062239083874887,0.12306016291352756,-0.005206046626664457,-0.48662648098921274,0.0015158413553033965,-0.11858439518551965,0.25086759078146015,0.8821141625173612,False
GUT_GENOME172369_1,GUT_GENOME172369_00053,51588,0.010413896604653305,0.013630182528517491,0.013337951408596664,0.0013696399950193742,0.9680168565074698,0.012164693261744953,0.19582804278357624,-0.003216285923864186,-0.4161321106322009,0.0011732581468517113,-0.12661571308322003,0.1891974722987826,0.9097379061736344,False
GUT_GENOME172369_1,GUT_GENOME172369_00053,51611,0.009766444563035104,0.012234228171923827,0.011816275220590386,0.0013226078072942915,0.9263726988078838,0.012094358539360067,0.5832652046366344,-0.0024677836088887236,-0.3896137462224996,-0.00027808331876968094,-0.16064010307361173,0.17760411396103093,0.915026678793313,False
GUT_GENOME172369_1,GUT_GENOME172369_00053,51858,0.009721912812348882,0.011961418687217881,0.011561742887110133,0.0012057595698673196,0.9141877109453019,0.012328443845898228,0.7375679672257077,-0.0022395058748689994,-0.3815261932300224,-0.0007667009587880944,-0.1720949657189461,0.17517891334639762,0.9161369134246076,False
GUT_GENOME172369_1,GUT_GENOME172369_00053,51860,0.010502412323951058,0.011748622294044482,0.011673545541294898,0.0012000840138384164,0.7591673278327988,0.01233954850057715,0.710540225110546,-0.0012462099700934239,-0.3463351427248998,-0.0006660029592822515,-0.16973426144114742,0.1487577505932485,0.9283199097231807,False
GUT_GENOME172369_1,GUT_GENOME172369_00064,70788,0.009717274908944964,0.011662115473763376,0.011475133630044031,0.0010509189772133318,0.8902149020272674,0.012422619561277538,0.8163595858060269,-0.0019448405648184123,-0.37108662355270583,-0.0009474859312335066,-0.17633318157137567,0.16879867310283136,0.919064166888999,False
GUT_GENOME172369_1,GUT_GENOME172369_00064,70998,0.009315259604664936,0.01129175132687359,0.010956719570068694,0.000964493401966917,0.90931628728781,0.012401729328453931,0.9329601255317538,-0.0019764917222086544,-0.37220797870267724,-0.0014450097583852371,-0.1879968355945693,0.17388158960350417,0.916731369288954,False
GUT_GENOME172369_1,GUT_GENOME172369_00065,71707,0.009157298399993064,0.011085344087741467,0.010720138909647297,0.0009266127371286055,0.9072209772940274,0.012396437442675807,0.9647792002439122,-0.0019280456877484031,-0.37049160512531026,-0.00167629853302851,-0.19341903268275987,0.17467495167226335,0.9163677914581189,False
GUT_GENOME172369_1,GUT_GENOME172369_00065,71834,0.009301722169390899,0.012460995068725294,0.011946036215685607,0.0009455378359103574,0.9696517896135546,0.012258722013631396,0.629563024984684,-0.0031592728993343946,-0.4141122208732363,-0.00031268579794578935,-0.16145130310751848,0.19755545475167985,0.9059440522078959,False
GUT_GENOME172369_1,GUT_GENOME172369_00065,72199,0.00976118219861347,0.01288090909890793,0.012328473297885662,0.0009474901789079401,0.9642354348040958,0.012220613057061751,0.4546831685134076,-0.0031197269002944603,-0.41271116279698833,0.00010786024082391071,-0.15159227077711623,0.19331072045660472,0.9078688399324174,False
GUT_GENOME172369_1,GUT_GENOME172369_00065,72294,0.008591260420911519,0.013203836698723602,0.012672849587403567,0.0008283015951884222,0.9987288819222835,0.01203595426774904,0.22097124148321184,-0.0046125762778120825,-0.46560067697718943,0.000636895319654527,-0.1391898856271655,0.23615781466252053,0.8886259307474051,False
GUT_GENOME172369_1,GUT_GENOME172369_00065,72389,0.009044733109692421,0.010897265395272018,0.010649025892899192,0.0007855014132344568,0.8728691792924731,0.012307796994419487,0.9826454223918717,-0.001852532285579597,-0.36781627349778634,-0.0016587711015202955,-0.193008129956357,0.17254094927904837,0.9173460788122116,False
GUT_GENOME172369_1,GUT_GENOME172369_00065,72569,0.008766297163385388,0.011639062807400567,0.011308385900690785,0.0007659961268485699,0.9540981991449966,0.012386612139849576,0.9203771777857818,-0.002872765644015179,-0.40396167938449373,-0.0010782262391587916,-0.17939817993990864,0.19536874537689236,0.9069351120751414,False
GUT_GENOME172369_1,GUT_GENOME172369_00065,72633,0.009967529275442184,0.012201326067804096,0.012080426524669568,0.0005986052146120227,0.878997109946928,0.012257425871882617,0.6162651608475984,-0.002233796792361912,-0.3813239286179578,-0.00017699934721304884,-0.1582703502955858,0.1704574423193208,0.918302225230011,False
GUT_GENOME172369_1,GUT_GENOME172369_00065,72651,0.010636855887297484,0.012193112438210004,0.012113944523348073,0.0005582949259629625,0.7889501155264446,0.012111168470100063,0.4980163164698171,-0.0015562565509125194,-0.35731964878405903,2.776053248009641e-06,-0.1540558022509966,0.15141052161436147,0.927089415880765,False
GUT_GENOME172369_1,GUT_GENOME172369_00065,72719,0.011137634905703233,0.01425628568798421,0.0141065152571353,0.0007284339096142269,0.9140650974641378,0.014494162273719883,0.702694132104705,-0.0031186507822809767,-0.41267303747785644,-0.00038764701658458404,-0.163208649533247,0.19693609914366658,0.9062246464171934,False
GUT_GENOME172369_1,GUT_GENOME172369_00065,72732,0.011754732670353242,0.014666377266581244,0.014543479953987309,0.0007862148155589802,0.8882108149131744,0.014884918411444289,0.6679579393723037,-0.0029116445962280024,-0.40533910494754066,-0.00034143845745697975,-0.16212536343284023,0.1905844234679039,0.9091072438470906,False
GUT_GENOME172369_1,GUT_GENOME172369_00065,72879,0.011432930054481129,0.015318101202641864,0.014779365816222722,0.0009924034282241848,0.9525303575117438,0.014993274319356854,0.5853291401547572,-0.003885171148160735,-0.43982975561108406,-0.00021390850313413208,-0.15913562669333378,0.21877436160398603,0.8963832879013113,False
GUT_GENOME172369_1,GUT_GENOME172369_00065,72881,0.01158141607727179,0.015467019680286805,0.014696752103964013,0.00102974930205936,0.9534951549693663,0.014879123988628009,0.5702863312388405,-0.0038856036030150143,-0.43984507686685986,-0.00018237188466399545,-0.15839630088254208,0.21855307977728666,0.8964824700536969,False
GUT_GENOME172369_1,GUT_GENOME172369_00065,72951,0.01224992535446309,0.015262204438579178,0.014482004321708469,0.0010464012753391737,0.8948959642202858,0.014777674783534433,0.6112426766814669,-0.0030122790841160887,-0.4089044406433794,-0.00029567046182596424,-0.16105240564219273,0.19314071894101237,0.9079460127516187,False
GUT_GENOME172369_1,GUT_GENOME172369_00066,73809,0.011991234833563898,0.015858523716147536,0.014865067909839363,0.0010545964087915756,0.9536071054151826,0.014722926434247068,0.4463917956462357,-0.003867288882583638,-0.43919621256711894,0.00014214147559229486,-0.15078860180689752,0.21563051556818102,0.8977934414604785,False
GUT_GENOME172369_1,GUT_GENOME172369_00066,74188,0.012389011712650848,0.015072282379102669,0.014541298974867294,0.0009456052393933455,0.8427832236697126,0.014717276909256076,0.5738171604868513,-0.0026832706664518206,-0.3972481438772615,-0.0001759779343887824,-0.15824640489810546,0.18284801247710458,0.9126306677540884,False
GUT_GENOME172369_1,GUT_GENOME172369_00066,75434,0.012217422197246855,0.015154157672314822,0.01462634716830277,0.000963141380226753,0.8644670045126581,0.014688507260256002,0.5257294358124283,-0.002936735475067967,-0.406228038829408,-6.216009195323183e-05,-0.1555781267908345,0.18922577306693197,0.9097250331239342,False
GUT_GENOME172369_1,GUT_GENOME172369_00066,75655,0.011662135914456669,0.014599992550865946,0.014196459158326204,0.0009166296962192041,0.8822843057402263,0.014679325076434872,0.7008282252614224,-0.002937856636409277,-0.40626775996909736,-0.00048286591810866794,-0.16544090508209888,0.19242418586469218,0.9082713577030683,False
GUT_GENOME172369_1,GUT_GENOME172369_00066,76138,0.011375956731399506,0.01405134936712673,0.013808485620593024,0.0008800904101340859,0.8643422986141851,0.014680248593985357,0.839044381576515,-0.002675392635727223,-0.3969690365379708,-0.0008717629733923336,-0.1745579773828073,0.18805490343786146,0.9102577737572204,False
GUT_GENOME172369_1,GUT_GENOME172369_00070,79703,0.012486640573131804,0.014103108987708734,0.013890735427770131,0.0008875902535900489,0.7236547246573832,0.014704505617090727,0.8203843764747372,-0.0016164684145769295,-0.3594528688296008,-0.0008137701893205958,-0.1731984288901715,0.159204060679854,0.9234837917964278,False
GUT_GENOME172369_1,GUT_GENOME172369_00070,79714,0.013348605609018927,0.013879355003098148,0.013913097347771713,0.0008813822640032014,0.5714584475041076,0.014774812971893906,0.8358853230192469,-0.0005307493940792211,-0.3209873997775164,-0.0008617156241221922,-0.17432243327548683,0.1334212215590177,0.9354658759103615,False
GUT_GENOME172369_1,GUT_GENOME172369_00070,79715,0.014692923933051523,0.013914559384447193,0.014124208007235635,0.0009323303973716311,0.4015271119626682,0.014793980870234747,0.7637402617383582,0.0007783645486043305,-0.27460736875912023,-0.0006697728629991122,-0.16982264083175055,0.1042489363158772,0.949210712980905,False
GUT_GENOME172369_1,GUT_GENOME172369_00070,79719,0.01535688133975879,0.014096160274641991,0.014572310624122061,0.0009572247772421388,0.3408720602380362,0.014864239529165088,0.6198071165244636,0.0012607210651167985,-0.2575181685998782,-0.00029192890504302696,-0.16096469080032447,0.09222523884347936,0.9549344119734309,False
GUT_GENOME172369_1,GUT_GENOME172369_00070,79852,0.01685203219751259,0.01456182840837459,0.015122108782881881,0.0010341154629775594,0.23818915864991885,0.014988375015114417,0.44855147496005865,0.002290203789137999,-0.22104507094488812,0.00013373376776746465,-0.1509857071309949,0.07165760714687719,0.9648054505910345,False
GUT_GENOME172369_1,GUT_GENOME172369_00070,79853,0.01894407886836108,0.017058102116684782,0.01744632490071386,0.0010040051292900527,0.2754491480230369,0.015294701931743955,0.016054950631474062,0.0018859767516762986,-0.23536625562153773,0.002151622968969905,-0.10367950747679008,0.06614671455593281,0.9674675861972123,False
GUT_GENOME172369_1,GUT_GENOME172369_00070,79919,0.021872385660225636,0.02343721650725121,0.02335307283507978,0.001447604956203575,0.6778847131011879,0.016075033575528544,2.4827408006078347e-07,-0.0015648308470255744,-0.3576234238083088,0.007278039259551235,0.016501160722583022,0.12816680156156976,0.937926772443534,False
GUT_GENOME172369_1,GUT_GENOME172369_00070,80031,0.03029174662059839,0.024852043610317124,0.025743933666375028,0.0017813475226982015,0.1730865885438344,0.016396682502271356,7.717544733936187e-08,0.005439703010281266,-0.10946282679767319,0.009347251164103672,0.06501053944629363,0.0162084806896355,0.9919285104777344,False
GUT_GENOME172369_1,GUT_GENOME172369_00071,80347,0.04009782295914678,0.02690994106222125,0.029213909580272077,0.0020783078417588013,0.022844735656940573,0.016948820620598513,1.801292338315018e-09,0.013187881896925532,0.16504404795303776,0.012265088959673563,0.13341460109326728,0.04503899354960027,0.9777321743834865,False
GUT_GENOME172369_1,GUT_GENOME172369_00071,80440,0.05518642074636794,0.03576791291852502,0.03928756144465454,0.0028446533445229258,0.010364482167706288,0.017649979269581957,1.409138499627811e-14,0.01941850782784292,0.3857861961480213,0.021637582175072584,0.35313778264413853,0.27353728266917837,0.8721719873386071,False
GUT_GENOME172369_1,GUT_GENOME172369_00071,80533,0.14419928992199402,0.09168077529884663,0.1045962312148967,0.007878011118928833,0.004182135086248838,0.02943789730115343,7.123214000058747e-22,0.05251851462314738,1.5584720043278508,0.07515833391374327,1.6078465971241276,5.0140056681573055,0.08151217901941868,False
GUT_GENOME172369_1,GUT_GENOME172369_00071,80535,0.19468223664348228,0.11114741375252168,0.13373099612972913,0.011362978209061323,0.0019424819702914058,0.03160762179487519,1.265998988043478e-19,0.08353482289096059,2.6573353596355305,0.10212337433485394,2.2399990389354216,12.079026908000907,0.002382717933514358,True
GUT_GENOME172369_1,GUT_GENOME172369_00071,80536,0.25288287136592,0.1549543284761033,0.1994957965336639,0.017704497573215943,0.0018130678286029656,0.03442793425406693,5.628285966609377e-21,0.09792854288981673,3.167284232877673,0.16506786227959697,3.715632345298993,23.837613137267603,6.663893939724972e-06,True
GUT_GENOME172369_1,GUT_GENOME172369_00071,80553,0.27743794420440254,0.176068834500464,0.2225937642118721,0.017426934120426167,0.0007472930909386093,0.034284060092387235,1.6179250793455055e-27,0.10136910970393853,3.2891785847419,0.18830970411948486,4.260500324053236,28.97055877358246,5.118268837326611e-07,True
GUT_GENOME172369_1,GUT_GENOME172369_00071,80560,0.2975267057007173,0.20134862644176374,0.25451288415399337,0.018404788832174213,0.0009075280600295962,0.03400446742799039,2.2335611132230272e-33,0.09617807925895358,3.1052678148647517,0.22050841672600296,5.015347877756704,34.796402536953586,2.7800793639418424e-08,True
GUT_GENOME172369_1,GUT_GENOME172369_00071,80581,0.3192559378227621,0.21570212444139372,0.2770132149754055,0.017390750128618418,3.923492257904897e-05,0.03423803162694403,1.3668256349224612e-44,0.1035538133813684,3.366579505335177,0.24277518334846146,5.5373567704490885,41.9961775689812,7.597066192408228e-10,True
GUT_GENOME172369_1,GUT_GENOME172369_00071,80589,0.40367099405066,0.30791123211572397,0.35411722590005285,0.020784003855255785,0.0034707854097627932,0.037400039855802376,9.815263113474843e-53,0.09575976193493602,3.0904474315269224,0.3167171860442505,7.270809301080787,62.415533219714234,2.7966567671792132e-14,True
GUT_GENOME172369_1,GUT_GENOME172369_00071,80716,0.4382184492430523,0.32378822694675263,0.3710842653008889,0.023262569873318845,0.0024645983507301165,0.0407264709027177,4.499017854220404e-46,0.11443022229629968,3.7519150872091314,0.3303577943981712,7.590591646816553,71.69394837034874,2.7030676716307414e-16,True
GUT_GENOME172369_1,GUT_GENOME172369_00071,80877,0.4422651952978006,0.3471225977296993,0.39374284723751624,0.023347696357235853,0.008589423230599512,0.04055622764834941,5.3532399808901895e-52,0.09514259756810134,3.068582182411506,0.3531866195891668,8.125777107798578,75.4444502158368,4.14424851493953e-17,True
GUT_GENOME172369_1,GUT_GENOME172369_00071,80883,0.4417637824944281,0.3083115928181469,0.36452145810276637,0.022606289121315053,0.00041241478061477497,0.04051362784458876,6.840834229907109e-47,0.1334521896762812,4.425836132848566,0.3240078302581776,7.441726847290108,74.96732394450632,5.2608079028110004e-17,True
GUT_GENOME172369_1,GUT_GENOME172369_00071,80896,0.4177456500083416,0.30638976856538763,0.35768758611877177,0.02264455777804139,0.0012319772549665717,0.03972908807547863,4.356445511613393e-45,0.11135588144295394,3.642995596330433,0.3179584980432931,7.299909884613758,66.56010123836458,3.5209321705441904e-15,True
GUT_GENOME172369_1,GUT_GENOME172369_00071,80905,0.3003765682317579,0.21736348427200283,0.2514262952824876,0.014939961299487436,0.0017357918939699959,0.03171012544853114,2.923226867021154e-49,0.08301308395975507,2.6388508969590325,0.21971616983395648,4.996774910703686,31.93129356461932,1.1646829087610988e-07,True
GUT_GENOME172369_1,GUT_GENOME172369_00071,80908,0.24689391038347483,0.19099871856143197,0.21384375736046807,0.010058441721921028,8.948295603705052e-05,0.028983801780357896,9.748917033017687e-76,0.05589519182204286,1.6781028386789445,0.18485995558011017,4.1796264618693195,20.285306497940574,3.9364221067161855e-05,True
GUT_GENOME172369_1,GUT_GENOME172369_00071,80909,0.2170174102355774,0.12078140514662464,0.158086528688346,0.010700784487618617,3.900541797837035e-09,0.024635668810896363,5.364774486384449e-36,0.09623600508895278,3.1073200440134396,0.13345085987744965,2.9744220612000474,18.50262445408122,9.598561446569829e-05,True
GUT_GENOME172369_1,GUT_GENOME172369_00071,80910,0.1608192863182043,0.09690955002329613,0.11694101818522094,0.00856414232358867,4.037031590753702e-05,0.02310299403432201,3.072384059939388e-28,0.06390973629490818,1.9620466644454249,0.09383802415089894,2.0457621949235603,8.03477007163988,0.017999972734809227,True
GUT_GENOME172369_1,GUT_GENOME172369_00071,80923,0.13228590627375725,0.0728302572095512,0.08651591589404684,0.006337926488811008,0.00021526481205718577,0.022347815647630956,2.151678806230856e-24,0.05945564906420604,1.8042447366047225,0.06416810024641588,1.3501980662716178,5.07833388772946,0.07893212730243954,False
GUT_GENOME172369_1,GUT_GENOME172369_00071,80928,0.1049102091125679,0.07255042070339657,0.07930509745372975,0.004226438704064411,9.874893145292693e-06,0.021643237065473785,1.1091278885989019e-42,0.032359788409171336,0.8442772221846053,0.057661860388255964,1.1976696313382964,2.1472165737297644,0.34177307454733236,False
GUT_GENOME172369_1,GUT_GENOME172369_00071,80929,0.0964725905436395,0.0696328694753627,0.07504317937870407,0.00463309511426302,0.004128255857208306,0.021066895034680386,1.1451856293463176e-31,0.02683972106827681,0.6487091465979177,0.053976284344023684,1.1112671687623963,1.6557382772489908,0.4369794375633005,False
GUT_GENOME172369_1,GUT_GENOME172369_00071,81031,0.06936944364810613,0.06146867851688005,0.0637026229867971,0.004344124346854341,0.21553227690520876,0.01968401282564318,1.973671111566432e-24,0.007900765131226076,-0.022270922574549514,0.04401861016115392,0.8778253510919027,0.7710733410119439,0.6800855563899135,False
GUT_GENOME172369_1,GUT_GENOME172369_00072,81509,0.052101478246298474,0.03488028805574759,0.03983051408127536,0.003957071620159971,0.03313935919805704,0.01952839582355252,1.4441651174307957e-07,0.017221190190550885,0.30793838103273435,0.02030211825772284,0.3218299572851011,0.1984005679191915,0.9055613204527273,False
GUT_GENOME172369_1,GUT_GENOME172369_00072,81629,0.026588168641627823,0.020268572859697003,0.02584821514257232,0.002218530456287623,0.009534461460492057,0.018904316878920767,0.0008741684085458229,0.0063195957819308195,-0.07828948679159735,0.006943898263651552,0.008667757057373847,0.00620437375449735,0.9969026199326365,False
GUT_GENOME172369_1,GUT_GENOME172369_00072,82027,0.05234404576285443,0.020643884765829543,0.03099718701433073,0.003204990303322296,6.768419347875623e-09,0.018434369654024615,4.431718644239522e-05,0.031700160997024884,0.8209075682236804,0.012562817360306115,0.14039436943468953,0.6935998145358806,0.706946769017077,False
GUT_GENOME172369_1,GUT_GENOME172369_00073,82497,0.04813840082773105,0.019807026842277937,0.02666708474495653,0.002790844187111246,5.952719126626047e-06,0.018040936965311692,0.0009978414474947413,0.02833137398545311,0.7015562719027632,0.008626147779644839,0.04810541866156223,0.49449533395070794,0.7809472547336734,False
GUT_GENOME172369_1,GUT_GENOME172369_00074,82967,0.04286102943328762,0.017488993471540447,0.022750162810754714,0.0024901763095656775,0.0001757640760562547,0.018004624295504028,0.028344321455360887,0.025372035961747176,0.5967111664782169,0.004745538515250686,-0.042869287249939284,0.35790199198911204,0.8361468729390069,False
GUT_GENOME172369_1,GUT_GENOME172369_00074,83088,0.03383017811115721,0.017028858553494477,0.02016461571945729,0.0021200090066405635,0.00515934388050428,0.017270318511098615,0.08609058523261548,0.016801319557662734,0.29306296618752453,0.0028942972083586746,-0.0862686923410411,0.09332818942886335,0.9544079344221099,False
GUT_GENOME172369_1,GUT_GENOME172369_00074,83274,0.028725613794930743,0.016368705205140888,0.01826733380230334,0.0018331565507859367,0.027260326551349908,0.01688836888514881,0.2259548090906598,0.012356908589789856,0.13560385447269974,0.0013789649171545293,-0.12179324535785234,0.03322199996265115,0.9835262019413884,False
GUT_GENOME172369_1,GUT_GENOME172369_00075,83802,0.02370867349665164,0.015726499622935024,0.016695385506479976,0.0014734120124833762,0.08664593252406488,0.01636141867506083,0.41034320496004184,0.007982173873716615,-0.019386727487497004,0.00033396683141914685,-0.14629156174341112,0.02177706624000074,0.9891705323834741,False
GUT_GENOME172369_1,GUT_GENOME172369_00075,84087,0.018260337249667802,0.014217956871143293,0.01468245981411554,0.0012124848511574668,0.20636898684536914,0.015928147096347513,0.8478801094237001,0.0040423803785245085,-0.1589679652661672,-0.0012456872822319727,-0.18332403748114562,0.05887851669925382,0.9709898553762847,False
GUT_GENOME172369_1,GUT_GENOME172369_00076,84562,0.015021458740278737,0.013822164391711172,0.01395631096915583,0.001032519611888912,0.38331880132613794,0.01580001088473781,0.96292055764537,0.0011992943485675655,-0.2596944291422352,-0.0018436999155819807,-0.1973434915780974,0.106385650195746,0.9481971586435417,False
GUT_GENOME172369_1,GUT_GENOME172369_00077,84897,0.01387915211582877,0.013718951224660223,0.01373378986303835,0.0009514060183978711,0.48198544176227603,0.015754931923124608,0.9831805523018061,0.0001602008911685479,-0.29650802130854254,-0.0020211420600862572,-0.20150334015154117,0.1285206027925348,0.9377608672950052,False
GUT_GENOME172369_1,GUT_GENOME172369_00077,84898,0.014095780374557151,0.013675456112288726,0.013722916438400389,0.0009754692357611454,0.4528911902050065,0.01564161234949591,0.9754053171549361,0.0004203242622684254,-0.28729222302937135,-0.0019186959110955217,-0.19910165329228635,0.12217828975687985,0.9407393739408269,False
GUT_GENOME172369_1,GUT_GENOME172369_00078,85552,0.01571070422943315,0.01357405272988197,0.013808554508235298,0.0010452298549150612,0.30216599856345694,0.015558617902223544,0.9529674659824146,0.002136651499551178,-0.2264852085232746,-0.0017500633939882462,-0.19514833240741603,0.08937842132122652,0.9562946418336224,False
GUT_GENOME172369_1,GUT_GENOME172369_00079,86907,0.016331457980322813,0.013558055706573277,0.013870719729588794,0.001043777793780493,0.253313538961366,0.015537980027610913,0.9449042062472714,0.0027734022737495364,-0.2039260410624431,-0.0016672602980221194,-0.19320714565274896,0.07891483135468379,0.9613108898920881,False
GUT_GENOME172369_1,GUT_GENOME172369_00079,87223,0.017851514476617078,0.012985174124183537,0.013661047142272752,0.0010730511597760147,0.12867076866529803,0.015531622061808163,0.9593532720664713,0.004866340352433541,-0.12977624413188585,-0.0018705749195354112,-0.1979735332582704,0.05603539341174234,0.9723711588825893,False
GUT_GENOME172369_1,GUT_GENOME172369_00079,87701,0.017212506783439163,0.013173027741819531,0.01376485047835616,0.0010450858251643612,0.15217204157213804,0.015487517689842793,0.9503595641890745,0.004039479041619632,-0.1590707554750677,-0.0017226672114866327,-0.1945060725259458,0.06313611749687725,0.968925010386124,False
GUT_GENOME172369_1,GUT_GENOME172369_00080,88357,0.017041836551121684,0.013838360836600939,0.014279449994906095,0.0010456430572833725,0.20219606360196662,0.015569460810769644,0.8913428170211275,0.0032034757145207454,-0.1886891553546429,-0.0012900108158635498,-0.18436313215993466,0.0695933618482701,0.9658017622182133,False
GUT_GENOME172369_1,GUT_GENOME172369_00081,89224,0.01671754490299686,0.013898004342868175,0.014291868000863552,0.0010500615153617053,0.23100339152928773,0.0156357032929793,0.8996866573126163,0.0028195405601286836,-0.20229142769256797,-0.0013438352921157498,-0.1856249613120765,0.07537844798000735,0.9630121754727978,False
GUT_GENOME172369_1,GUT_GENOME172369_00082,89900,0.015677855543433497,0.014104339421283973,0.014359084605075623,0.0010745044072389333,0.3348842598734669,0.015681696182690125,0.8908205803127859,0.0015735161221495236,-0.24643628796705871,-0.0013226115776145027,-0.1851274051157296,0.09500300015186655,0.9536090426455788,False
GUT_GENOME172369_1,GUT_GENOME172369_00082,90233,0.016216159509844143,0.014137697969300582,0.014454524790028874,0.0010712191460875353,0.29590496829261503,0.015804076641078933,0.8961342877481373,0.0020784615405435615,-0.22854679538423195,-0.0013495518510500595,-0.18575897693499596,0.08674003519233835,0.957557011564319,False
GUT_GENOME172369_1,GUT_GENOME172369_00082,90392,0.015988615647763285,0.014332215831037066,0.014559345897777378,0.0010855653956325533,0.3373117045368279,0.015980812498074804,0.9048048067849979,0.001656399816726219,-0.24349983744121198,-0.001421466600297426,-0.1874449037361061,0.09442776277053475,0.9538833578770345,False
GUT_GENOME172369_1,GUT_GENOME172369_00082,90475,0.015578333763998599,0.014483752748665134,0.014574833354605961,0.0011393341677674602,0.39047279374484334,0.01619593674892768,0.9226104040483505,0.0010945810153334644,-0.2634042724836648,-0.0016211033943217198,-0.19212507053159267,0.10629385348941821,0.9482406803303773,False
GUT_GENOME172369_1,GUT_GENOME172369_00083,90998,0.016144198206115984,0.014787275864019817,0.014958446760621311,0.0010232711205285544,0.3691042464648152,0.016315228889387554,0.9075679508849701,0.0013569223420961674,-0.25410989521370814,-0.0013567821287662433,-0.1859284792847748,0.09914123825467067,0.9516379519217641,False
GUT_GENOME172369_1,GUT_GENOME172369_00083,90999,0.015022460997027295,0.01523638727148436,0.015237798413075689,0.0010408503185468986,0.5237795972144298,0.016771600708949223,0.9297060208761192,-0.00021392627445706441,-0.30976281065939965,-0.0015338022958735348,-0.19007843526997362,0.13208281042229264,0.9360921043979585,False
GUT_GENOME172369_1,GUT_GENOME172369_00083,91024,0.015312564399729051,0.015321140139824137,0.01532884506444404,0.0010745009002964398,0.5009414593405973,0.01710137357062309,0.9504906429686606,-8.57574009508616e-06,-0.3024875354959336,-0.0017725285061790507,-0.19567499119617363,0.1297874113100263,0.9371670736435418,False
GUT_GENOME172369_1,GUT_GENOME172369_00083,91066,0.015309933763240951,0.01606076369353762,0.01592410350650774,0.0012289019968262174,0.582175340684866,0.0175856515314375,0.9118217816681216,-0.0007508299302966676,-0.32878453779850975,-0.0016615480249297584,-0.19307323050457054,0.1453765446328507,0.929890657510464,False
GUT_GENOME172369_1,GUT_GENOME172369_00083,91153,0.015172039295821917,0.016100208821192456,0.015928816406473582,0.0013319266404032573,0.6030407505408123,0.017641783635475985,0.9007928233608882,-0.0009281695253705383,-0.335067425522901,-0.0017129672290024031,-0.19427867187988063,0.15001438199395511,0.9277368149519337,False
GUT_GENOME172369_1,GUT_GENOME172369_00084,91303,0.01570861329198055,0.01605062605142411,0.01593758164161022,0.0014166427255385679,0.5355251257215713,0.017577202996161997,0.8764453780640359,-0.0003420127594435593,-0.31430073127350083,-0.0016396213545517777,-0.19255919462686497,0.13586399311440425,0.9343240086661646,False
GUT_GENOME172369_1,GUT_GENOME172369_00084,91856,0.016311793056975433,0.016508804592166516,0.016385057716070964,0.0015052805763247448,0.520386399123336,0.01757090665946253,0.7845909935116984,-0.00019701153519108283,-0.3091635456861643,-0.001185848943391566,-0.18192122289525386,0.1286774293209456,0.9376873372872582,False
GUT_GENOME172369_1,GUT_GENOME172369_00084,92005,0.01633980099802593,0.01611786172016936,0.016135458992572755,0.0014629499705390487,0.4768731843259625,0.017560053965074804,0.834917709808955,0.00022193927785657194,-0.294320718739794,-0.0014245949725020489,-0.1875182434417829,0.12178777710300066,0.9409230771896171,False
GUT_GENOME172369_1,GUT_GENOME172369_00085,92885,0.016031405300880933,0.01572475890388257,0.015776434796794747,0.0011974165495442033,0.46533621778625406,0.01750051150858196,0.9250423014697683,0.00030664639699836196,-0.2913196668945881,-0.001724076711787214,-0.1945391160164368,0.12271261598003044,0.9404880766526809,False
GUT_GENOME172369_1,GUT_GENOME172369_00087,94174,0.015558067740202674,0.01539301539964319,0.01544985270016249,0.0011705139813404139,0.48154376483479727,0.017527418633412433,0.9620442578148005,0.000165052340559484,-0.29633614140878795,-0.0020775659332499426,-0.20282610802579026,0.12895353880193872,0.9375578940405745,False
GUT_GENOME172369_1,GUT_GENOME172369_00087,94616,0.01604204679406116,0.015339849038194903,0.015398713371152714,0.0010900605001645074,0.42615621761901507,0.017512037673542893,0.9737324024882352,0.0007021977558662584,-0.2773058490781993,-0.0021133243023901786,-0.20366440605962124,0.11837772422859932,0.9425287443751097,False
GUT_GENOME172369_1,GUT_GENOME172369_00087,94627,0.01583125686560817,0.015318756205661982,0.015377572114051944,0.0009222555049155749,0.44616021622786817,0.017515777438967418,0.989787621648792,0.0005125006599461888,-0.2840265453491726,-0.0021382053249154737,-0.20424770201981618,0.12238820224336122,0.9406406426515926,False
GUT_GENOME172369_1,GUT_GENOME172369_00088,95073,0.01699376165691429,0.014994363898152903,0.015170199336255689,0.0008758191115228529,0.3144920934457616,0.017470721411945382,0.995689250473626,0.001999397758761387,-0.23134791187373477,-0.0023005220756896934,-0.2080529598182976,0.09680789041749151,0.9527488510026969,False
GUT_GENOME172369_1,GUT_GENOME172369_00088,95175,0.014872856506838426,0.014372101854763597,0.014412765914946567,0.0007493623484134468,0.44006881975720935,0.016358854458214885,0.9952978037674179,0.000500754652074829,-0.28444268957593044,-0.0019460885432683178,-0.19974382994194986,0.12080524125306771,0.9413854360790482,False
GUT_GENOME172369_1,GUT_GENOME172369_00088,95218,0.014240044784708703,0.01408934610054636,0.014102262147604728,0.000705794140345583,0.4804796132123281,0.015597283739787028,0.9829214397969745,0.00015069868416234256,-0.2968446708860328,-0.0014950215921823006,-0.1891692834144333,0.1239017764209673,0.9399290472550973,False
GUT_GENOME172369_1,GUT_GENOME172369_00088,95253,0.013176194176165843,0.01380012525828864,0.013780069350687702,0.0006686286153107935,0.5894098823747231,0.015135382340617532,0.9786690067770993,-0.0006239310821227976,-0.32428869345478667,-0.00135531298992983,-0.18589403766376122,0.13971974994154848,0.9325244807714275,False
GUT_GENOME172369_1,GUT_GENOME172369_00088,95254,0.012098443724769049,0.012993585323881176,0.0129923621683613,0.0006841600756547758,0.6344730263417163,0.013989835179450336,0.9275732057551676,-0.0008951415991121266,-0.33389729342485125,-0.0009974730110890364,-0.17750504907449094,0.14299544500337866,0.9309983979397258,False
GUT_GENOME172369_1,GUT_GENOME172369_00088,95267,0.012941542475385932,0.012503685999610955,0.012707847906977423,0.0007632132742657418,0.4400431903022269,0.013685241682169906,0.8998381620014787,0.00043785647577497706,-0.28667108182863815,-0.0009773937751924831,-0.17703432335691427,0.11352146080324223,0.9448201090512657,False
GUT_GENOME172369_1,GUT_GENOME172369_00088,95309,0.013352258480912604,0.011674707853989155,0.012507778153244905,0.000910459441257282,0.2819125608105115,0.013588459393785822,0.8823787993718879,0.0016775506269234488,-0.24275049454520645,-0.001080681240540917,-0.17945573353872118,0.0911321629018628,0.9554564625364387,False
GUT_GENOME172369_1,GUT_GENOME172369_00089,95427,0.012895242143990482,0.011686095481056938,0.01219034304465293,0.0008031346646688085,0.32647792370683054,0.013528875531599295,0.9522065155073647,0.0012091466629335444,-0.25934537576269484,-0.001338532486946365,-0.18550064548744116,0.10167051340575071,0.9504352354699556,False
GUT_GENOME172369_1,GUT_GENOME172369_00089,96281,0.01281089402916887,0.01162106099775643,0.012084795097863397,0.0008105812951917946,0.322156195000112,0.013473952964305955,0.956715414562811,0.0011898330314124399,-0.2600296300508972,-0.0013891578664425586,-0.18668747690939919,0.10246762253920391,0.9500565106427491,False
GUT_GENOME172369_1,GUT_GENOME172369_00090,97482,0.01222781940388531,0.01166126883269877,0.011861698211186444,0.0008219323100259542,0.40278701838079534,0.013356474467054087,0.9655147043946475,0.0005665505711865398,-0.2821116344478875,-0.0014947762558676428,-0.1891635318951344,0.11536981608990005,0.9439473307927102,False
GUT_GENOME172369_1,GUT_GENOME172369_00090,97934,0.012150087616343662,0.01150225008291486,0.011799704096556146,0.0008159311448809077,0.38280021495700733,0.013340500005253565,0.9705131684270798,0.0006478375334288029,-0.27923175386051935,-0.0015407959086974187,-0.1902423893881451,0.11416253908413229,0.9445173057583814,False
GUT_GENOME172369_1,GUT_GENOME172369_00092,100735,0.011972485473103945,0.011249564659063183,0.011610500767672302,0.0006898707388086771,0.36325335345932597,0.013332707929983567,0.9937273031884215,0.000722920814040762,-0.2765716608233868,-0.001722207162311265,-0.19449528740547048,0.11432030039354307,0.9444428045533132,False
GUT_GENOME172369_1,GUT_GENOME172369_00092,101537,0.011208297203900453,0.011426069492736224,0.011904102864923508,0.0008216008852292074,0.5443549609413623,0.013353934086743752,0.9611880027485026,-0.00021777228883577103,-0.3098990694374675,-0.0014498312218202448,-0.18810986712858316,0.1314227553493415,0.9364010915534176,False
GUT_GENOME172369_1,GUT_GENOME172369_00094,105620,0.01259830847264211,0.011387676950646113,0.01213555415357638,0.0008566107734342958,0.3024156703364778,0.013356470936329164,0.9229629701679014,0.001210631521995997,-0.2592927693339272,-0.0012209167827527834,-0.18274333255780362,0.1006278658231892,0.9509308491466533,False
GUT_GENOME172369_1,GUT_GENOME172369_00094,105776,0.013963701349369043,0.011411394100661998,0.012372933572264789,0.0009231841529060413,0.16616427049689153,0.013366699664469128,0.8591380665682165,0.0025523072487070447,-0.2117591209687371,-0.0009937660922043397,-0.17741814626300015,0.07631912393685156,0.9625593407740164,False
GUT_GENOME172369_1,GUT_GENOME172369_00094,105888,0.01424810632818524,0.011326420180406336,0.011757709133160373,0.0007483454688472544,0.12498456581848233,0.013340690428120335,0.9827981553113426,0.0029216861477789034,-0.19867255589757504,-0.0015829812949599616,-0.19123135860599733,0.07604021698117064,0.9626935823817271,False
GUT_GENOME172369_1,GUT_GENOME172369_00094,105890,0.011259259733254957,0.011110672434526826,0.011806210490342651,0.0007936195357178054,0.4678082163729706,0.013470026169952428,0.9819806414269981,0.00014858729872813115,-0.29691947424633447,-0.0016638156796097772,-0.19312639205822563,0.12545897749614715,0.9391975028210092,False
GUT_GENOME172369_1,GUT_GENOME172369_00094,105898,0.011927997919730314,0.01188032366295854,0.01255101734026161,0.0008427884470317516,0.49012513163944327,0.013663457260324944,0.9065744032586696,4.767425677177327e-05,-0.3004946787136418,-0.0011124399200633343,-0.18020026521734164,0.1227691875196151,0.9404614745996838,False
GUT_GENOME172369_1,GUT_GENOME172369_00094,105901,0.013646397118302674,0.012346979259309717,0.013293225511358676,0.0008163711288197989,0.25846221510702716,0.013919687574529343,0.7785704395479989,0.0012994178589929573,-0.2561471966456649,-0.0006264620631706661,-0.1688072880846092,0.09410728685991315,0.9540362184426109,False
GUT_GENOME172369_1,GUT_GENOME172369_00094,105983,0.015031636668773843,0.012761477708728933,0.013856418524315331,0.0008566725001902619,0.1452818289145414,0.014036169236025095,0.5830975985549529,0.0022701589600449094,-0.22175523051525386,-0.0001797507117097634,-0.15833485165578215,0.07424530750973192,0.9635579441010265,False
GUT_GENOME172369_1,GUT_GENOME172369_00094,105986,0.012014539194258905,0.013053256005708912,0.014348336791465723,0.0009349671411233631,0.7692306658501704,0.014263530209644468,0.46386333422031517,-0.0010387168114500064,-0.3389839574535403,8.480658182125414e-05,-0.15213272710885625,0.13805449006844137,0.9333012519072614,False
GUT_GENOME172369_1,GUT_GENOME172369_00094,105988,0.01707578552673676,0.014718030170279834,0.01795444067287315,0.0012820193810287076,0.11131659828777352,0.015905195606966856,0.05497132939663139,0.002357755356456928,-0.21865181571672151,0.002049245065906296,-0.10607959441893733,0.05906149686830539,0.9709010234960228,False
GUT_GENOME172369_1,GUT_GENOME172369_00094,105991,0.017661047917322377,0.01519772243731461,0.017911791008507816,0.0014243227445544567,0.14961166006234755,0.016265336036423075,0.12384949853141791,0.0024633254800077668,-0.21491161752215734,0.0016464549720847411,-0.11552236688915224,0.05953242059766194,0.9706724402429879,False
GUT_GENOME172369_1,GUT_GENOME172369_00094,106061,0.10046179573236261,0.04597608770601767,0.07935032534040397,0.008545240062645442,3.5598942433917773e-06,0.04031387558332796,2.4595371619333676e-06,0.05448570802634494,1.6281668475990618,0.03903644975707601,0.761026532482764,3.230088666763406,0.1988818531402616,False
GUT_GENOME172369_1,GUT_GENOME172369_00094,106150,0.1800253386364414,0.08340578718192122,0.14941605621453746,0.014269533300975972,3.1032459705332495e-08,0.05593000573377414,2.8491649634031537e-11,0.09661955145452018,3.120908542120445,0.09348605048076333,2.037510732602172,13.8915201137494,0.0009627083411631875,True
GUT_GENOME172369_1,GUT_GENOME172369_00094,106153,0.19090479805343366,0.09409368868724911,0.1622272017482317,0.015031692196052937,3.5807532243473316e-08,0.05835489540516566,2.419506164929917e-12,0.09681110936618455,3.1276951644266746,0.10387230634306602,2.280999965404927,14.985437883755282,0.0005571261057938919,True
GUT_GENOME172369_1,GUT_GENOME172369_00094,106154,0.20505543122370387,0.10895911282435751,0.16893916212237894,0.013469379844129383,1.0924694361431885e-09,0.06010772950572023,3.2406195611100954e-16,0.09609631839934636,3.102371144772842,0.10883143261665872,2.397258785497326,15.371556404563268,0.0004593132116563761,True
GUT_GENOME172369_1,GUT_GENOME172369_00094,106158,0.2020577912485962,0.10349725837584282,0.16608922673076143,0.013453275732462763,2.7734262740462837e-10,0.05753866594369719,3.5522819164345694e-16,0.09856053287275339,3.1896747323263552,0.10855056078706424,2.3906741926266566,15.889347993332322,0.0003545454552470098,True
GUT_GENOME172369_1,GUT_GENOME172369_00094,106162,0.19122903522400636,0.10270490457664105,0.15942819169213673,0.012905930025285544,1.7524030407292462e-08,0.05654616111453129,7.826160955768231e-16,0.0885241306473653,2.834099383726527,0.10288203057760545,2.257784526695169,13.129710285823208,0.001409028043823051,True
GUT_GENOME172369_1,GUT_GENOME172369_00094,106163,0.07102213389907573,0.04430651150623775,0.05861905689862816,0.005850602335605815,0.0013334138445152976,0.02362856133736725,1.1111390162910195e-09,0.02671562239283798,0.6443125083615268,0.03499049556126091,0.6661755778986649,0.8589285090197426,0.6508576954093869,False
GUT_GENOME172369_10,GUT_GENOME172369_00639,16498,0.01747520205585947,0.01397790476084097,0.014180196078586406,0.0004855554678848916,0.16048891816928673,0.013661348906860993,0.14263305217686068,0.003497297295018499,-0.17827947780631193,0.0005188471717254128,-0.14195733651169182,0.051935457596384973,0.9743665330804108,False
GUT_GENOME172369_10,GUT_GENOME172369_00640,17000,0.017038389157005528,0.014714552539679964,0.0148488714450866,0.0006519738487731734,0.24416102609488005,0.013708283522938427,0.04010765583674986,0.002323836617325563,-0.2198535080383179,0.001140587922148174,-0.12738161448734683,0.06456164070615777,0.9682346439035332,False
GUT_GENOME172369_10,GUT_GENOME172369_00640,17001,0.0189570297915408,0.014697847025545626,0.015161295418797667,0.0006625701371566307,0.10927693578182424,0.014493315135874006,0.15668753424159676,0.004259182765995172,-0.15128696735765865,0.0006679802829236605,-0.1384611481534841,0.04205923604025834,0.9791899624719506,False
GUT_GENOME172369_10,GUT_GENOME172369_00640,17439,0.022392858159606205,0.015233635696182938,0.015892391104326685,0.0006907630585370949,0.02856108586789279,0.015199721019610002,0.15798815464999572,0.007159222463423267,-0.04854271665815448,0.0006926700847166827,-0.13788233505891603,0.021367933661853057,0.9893729040270473,False
GUT_GENOME172369_10,GUT_GENOME172369_00640,17730,0.026561972211789815,0.016885836722542503,0.017986552168636406,0.0009309191437475004,0.016993851837952538,0.016477397426425337,0.05249329244461754,0.009676135489247312,0.04062790509004149,0.001509154742211069,-0.118741152183757,0.01575008789393156,0.9921558829747459,False
GUT_GENOME172369_10,GUT_GENOME172369_00640,17903,0.03415017749947841,0.019267858504167627,0.020940122217085005,0.0012976437689386458,0.004827929017588011,0.01839150749181074,0.024763153057531566,0.01488231899531078,0.2250755262067422,0.0025486147252742654,-0.09437266779817116,0.05956519292458587,0.9706565347760292,False
GUT_GENOME172369_10,GUT_GENOME172369_00640,18069,0.03952994439243959,0.02123612195071663,0.023554870371286125,0.0017186880030014985,0.002620269084634851,0.02095198379197952,0.0649544327731736,0.01829382244172296,0.34594020460105807,0.002602886579306605,-0.09310035058624108,0.12834230043870293,0.937844473506731,False
GUT_GENOME172369_10,GUT_GENOME172369_00641,18128,0.04393342131038147,0.020754410317820302,0.024407617110122556,0.0021598750426403447,0.0007196342488521931,0.022202207628901714,0.15360780034472044,0.02317901099256117,0.5190154344424983,0.002205409481220843,-0.10241856833021554,0.2798665843283463,0.8694162303395845,False
GUT_GENOME172369_10,GUT_GENOME172369_00641,18134,0.046137770838498175,0.021738588291775645,0.02638436537180373,0.0028032933641577687,0.000568988978896234,0.023026471644009918,0.11548987777094227,0.02439918254672253,0.5622443640907163,0.003357893727793812,-0.07540041003182185,0.32180394678474084,0.851375524471242,False
GUT_GENOME172369_10,GUT_GENOME172369_00641,18136,0.04722839716979089,0.022910842011544665,0.02897775409178366,0.0035028575283087217,0.0007812759099789777,0.02309266350327105,0.04647060610807219,0.024317555158246223,0.5593524226897095,0.005885090588512609,-0.016154303165595903,0.3131360942796135,0.8550733304287328,False
GUT_GENOME172369_10,GUT_GENOME172369_00641,18528,0.04598252403854891,0.022656136286925505,0.02849995847119755,0.0036673779774236263,0.001566578398589703,0.023568041667251793,0.0893437304760561,0.023326387751623406,0.524236781823984,0.004931916803945755,-0.03849994500311816,0.2763064491824106,0.8709652282300635,False
GUT_GENOME172369_10,GUT_GENOME172369_00641,18529,0.04347147741545546,0.023314905618889062,0.02776720185078987,0.003131898926826907,0.00453232384670856,0.02391372821909456,0.10927456151268955,0.0201565717965664,0.4119347449082496,0.0038534736316953103,-0.06378232819432261,0.17375841945251297,0.9167878279980299,False
GUT_GENOME172369_10,GUT_GENOME172369_00641,18531,0.04102698392025518,0.0232116344233837,0.02716007634814633,0.0030683918419883724,0.009036718515313449,0.023867995637692357,0.1416577661275068,0.01781534949687148,0.32898859382057505,0.0032920807104539727,-0.07694329144288688,0.11415376496210435,0.9445214494225198,False
GUT_GENOME172369_10,GUT_GENOME172369_00641,18534,0.04247968384366776,0.02295737775393319,0.026950018098335134,0.00326445519593845,0.005881821993989051,0.02390863553257653,0.17575452984076206,0.019522306089734567,0.3894636198230924,0.0030413825657586054,-0.08282051031041973,0.1585411480937846,0.923789937044816,False
GUT_GENOME172369_10,GUT_GENOME172369_00641,18535,0.04068351313809203,0.022326807592872765,0.025987094061917286,0.003111486823232882,0.007809276547904861,0.023870407998898793,0.24816320560107363,0.018356705545219263,0.34816806284593543,0.0021166860630184928,-0.10449854761400516,0.13214094643932775,0.9360648944601659,False
GUT_GENOME172369_10,GUT_GENOME172369_00641,18840,0.04128059224568955,0.02160416596991912,0.025427143563270863,0.002829826951574423,0.00607365698572682,0.023879730045902967,0.29225028484973825,0.01967642627577043,0.3949238771588683,0.001547413517367896,-0.11784423611174685,0.16985213273495403,0.9185801958615997,False
GUT_GENOME172369_10,GUT_GENOME172369_00641,19191,0.04159041727295213,0.021512379928479628,0.025375966503009023,0.0029234067210337548,0.0064298043976527665,0.02367750444669327,0.28062452047722425,0.020078037344472503,0.40915238181106867,0.001698462056315752,-0.11430314359948936,0.180470880178396,0.9137160345599923,False
GUT_GENOME172369_10,GUT_GENOME172369_00641,19210,0.039251564302207026,0.020932296447151676,0.02458451313488283,0.0027270695132822365,0.008961894595882742,0.02288076465716414,0.2660661556156392,0.01831926785505535,0.3468416991319412,0.001703748477718689,-0.11417921186617389,0.13333605667911264,0.9355057111779854,False
GUT_GENOME172369_10,GUT_GENOME172369_00641,19372,0.03816429537615805,0.020776807409892673,0.024238375715091465,0.0027727530041391775,0.011548160725503834,0.022601489673935698,0.27747906319909454,0.017387487966265377,0.31383007292023934,0.0016368860411557669,-0.11574669524015072,0.11188661212813907,0.945592743745192,False
GUT_GENOME172369_10,GUT_GENOME172369_00641,19614,0.03950867840653791,0.021205328626650047,0.024753474423010076,0.002670126808523408,0.008515800338994451,0.02228078224048909,0.17720793027638798,0.018303349779887866,0.3462777445394879,0.0024726921825209865,-0.09615255093724605,0.12915358941509453,0.9374641192147947,False
GUT_GENOME172369_10,GUT_GENOME172369_00642,19968,0.03665589950928636,0.021948670245609172,0.024301799848735234,0.0021962510657017303,0.025843098526988642,0.022069405079470673,0.15470590707867393,0.01470722926367719,0.21887234791996757,0.0022323947692645604,-0.10178594121512832,0.05826548251304889,0.9712875259824205,False
GUT_GENOME172369_10,GUT_GENOME172369_00642,19977,0.036877004476701926,0.021391519341242067,0.023538085888156566,0.0020521911637136634,0.025825294488593272,0.021310994092500715,0.13891072228246842,0.015485485135459859,0.24644483821026034,0.0022270917956558507,-0.10191026098855549,0.07112075957523689,0.9650644620835296,False
GUT_GENOME172369_10,GUT_GENOME172369_00642,19994,0.037724238571962616,0.020563938245672608,0.02305891900167379,0.002198277070791705,0.017519066508935095,0.02078146826393656,0.1500972838996279,0.01716030032629001,0.3057811403976401,0.0022774507377372293,-0.10072967576759458,0.10364857340312601,0.9494956912055843,False
GUT_GENOME172369_10,GUT_GENOME172369_00642,20405,0.03230488082486963,0.020752584139016025,0.022343602959601014,0.0020475491985825944,0.0646536246854858,0.020323256844050862,0.1618913539092654,0.011552296685853607,0.10709760773161316,0.002020346115550152,-0.10675708430021033,0.0228669726301167,0.9886316275936747,False
GUT_GENOME172369_10,GUT_GENOME172369_00642,20406,0.02687181906127323,0.019783956587414688,0.02070952030048108,0.0017700901453230875,0.14822882991328373,0.019758501544479747,0.2955400895789838,0.007087862473858543,-0.051070898828989665,0.0009510187560013324,-0.13182576177584998,0.01998626817498405,0.990056631368041,False
GUT_GENOME172369_10,GUT_GENOME172369_00642,20613,0.022794327915928794,0.01923823145080282,0.01970172593478965,0.0016376909621524949,0.27537428769376027,0.019234792292731902,0.3877772278632871,0.003556096465125974,-0.17619630746909104,0.00046693364205774995,-0.14317436656356458,0.05154403800662043,0.9745572448162088,False
GUT_GENOME172369_10,GUT_GENOME172369_00642,20678,0.022319518788907415,0.019108276500747454,0.019492385176761457,0.0014919601712119045,0.28771269482364725,0.018870547801041884,0.3384152007414917,0.0032112422881599607,-0.1884139967801684,0.0006218373757195736,-0.139542895149068,0.0549720537692611,0.9728882767386097,False
GUT_GENOME172369_10,GUT_GENOME172369_00643,21268,0.02223077631904373,0.018576407701724463,0.019038635647282927,0.0015388507764291974,0.25980573490657277,0.018391519526291148,0.3370531450217371,0.0036543686173192667,-0.17271466594167267,0.0006471161209917788,-0.1389502752122835,0.049137534812912914,0.9757305881493136,False
GUT_GENOME172369_10,GUT_GENOME172369_00644,21422,0.021557938571773495,0.017499641568815845,0.018004504757604657,0.0014222902953292585,0.23047957514137546,0.018110690618146012,0.529756730365324,0.00405829700295765,-0.15840406207115268,-0.00010618586054135515,-0.15661024084224948,0.04961861441730898,0.9754959143319699,False
GUT_GENOME172369_10,GUT_GENOME172369_00644,21656,0.0218067163554916,0.017005378844750497,0.01754656592586191,0.0013916282883656144,0.19405892436268657,0.01774460769020511,0.5565821826595057,0.004801337510741105,-0.13207920166345027,-0.00019804176434319934,-0.15876365626370972,0.04265081406227574,0.9789003716723609,False
GUT_GENOME172369_10,GUT_GENOME172369_00644,21657,0.020435340450949253,0.016562540276175743,0.01703200556818407,0.0013315844877916623,0.2347694956890095,0.01756351347753937,0.6551103079870875,0.003872800174773511,-0.16497594887525965,-0.0005315079093552999,-0.16658123912428516,0.05496637293547456,0.9728910401508308,False
GUT_GENOME172369_10,GUT_GENOME172369_00644,21894,0.020596942933524764,0.016517220322626758,0.016982378118954037,0.0012362943043275566,0.22559303431646505,0.017184734127945748,0.5650082639144361,0.004079722610898007,-0.15764498348489556,-0.0002023560089917109,-0.15886479686081387,0.05008996449958065,0.9752660413809544,False
GUT_GENOME172369_10,GUT_GENOME172369_00646,23229,0.02006396587955806,0.01611452449269062,0.01639681598113315,0.0009565383450131338,0.23231103186869323,0.01690560913101652,0.7026061382081907,0.003949441386867442,-0.1622606605582493,-0.00050879314988337,-0.16604872775248336,0.05390070195301774,0.9734095691591826,False
GUT_GENOME172369_10,GUT_GENOME172369_00646,23330,0.019906865753300855,0.015950815371055038,0.016225855225606798,0.0009230912492103341,0.22822042333551007,0.01645559222592567,0.5982723798855332,0.0039560503822458175,-0.16202651332273738,-0.00022973700031887062,-0.1595067006093848,0.05169497855881511,0.9744836974872233,False
GUT_GENOME172369_10,GUT_GENOME172369_00647,23830,0.019164437498999307,0.01569616668596956,0.015893952313489876,0.0008181243303146595,0.2547882086955353,0.016208209107670804,0.6495547367623955,0.0034682708130297467,-0.17930784446798964,-0.0003142567941809282,-0.16148813261307865,0.05822972006261604,0.9713048939487023,False
GUT_GENOME172369_10,GUT_GENOME172369_00647,23931,0.01896901230613578,0.015328796290746459,0.015558145909301295,0.0008401178554201566,0.25432041159691987,0.01598562247187053,0.6945640526534222,0.0036402160153893217,-0.17321607234725744,-0.00042747656256923554,-0.16414238982650173,0.05694653185736558,0.9719282773986991,False
GUT_GENOME172369_10,GUT_GENOME172369_00647,24198,0.01699732618837431,0.015023140097961877,0.01512597869819943,0.0007637833036480717,0.3475329221406336,0.01585526128850263,0.8301679574057328,0.001974186090412432,-0.23224112515481332,-0.0007292825903031999,-0.17121775164335354,0.08325145869097876,0.9592287245597604,False
GUT_GENOME172369_10,GUT_GENOME172369_00647,24199,0.01652747044796837,0.015080592737492954,0.01514645383884001,0.0007455001345630625,0.38297614712535066,0.015559082772916554,0.710036984799372,0.0014468777104754155,-0.2509229054188028,-0.0004126289340765435,-0.1637943108153012,0.08979088071927295,0.9560974458119966,False
GUT_GENOME172369_10,GUT_GENOME172369_00648,25327,0.016567530973029588,0.014810975121373315,0.014901858855108854,0.0007340417149397089,0.35860040876748156,0.015117974402044211,0.6157809788599404,0.0017565558516562732,-0.23995145264804935,-0.00021611554693535748,-0.15918736732143374,0.08291731754263813,0.9593889968415514,False
GUT_GENOME172369_10,GUT_GENOME172369_00650,25990,0.017160568431633518,0.01470604790279725,0.014853577139501558,0.0007770494162442505,0.30830350626924086,0.014988219156365131,0.5687817458284825,0.002454520528836268,-0.2152235643245972,-0.00013464201686357383,-0.15727735012236652,0.0710573475020975,0.9650950609377381,False
GUT_GENOME172369_10,GUT_GENOME172369_00650,26519,0.01709812209140393,0.014653169532571076,0.014804435184597975,0.0007680840467315075,0.30718549916686677,0.014869382676878765,0.5336935226607131,0.0024449525588328535,-0.21556254379083967,-6.494749228079001e-05,-0.15564347295371256,0.07069210095867072,0.9652713258498286,False
GUT_GENOME172369_10,GUT_GENOME172369_00650,26539,0.017242868806962682,0.014686510800840448,0.014844791196763818,0.000773106940025338,0.29107891817361525,0.014834812715074757,0.4948509998960592,0.0025563580061222346,-0.2116156084382851,9.97848168906093e-06,-0.1538869527831346,0.06846235997158431,0.9663480784776207,False
GUT_GENOME172369_10,GUT_GENOME172369_00650,26869,0.01506744901057077,0.014536018530538163,0.014579475943473846,0.0007056147435410007,0.44457103618172716,0.014750662946377792,0.5958450308291598,0.0005314304800326068,-0.2833558889500963,-0.0001711870029039459,-0.15813408913705365,0.10529694994990492,0.9487134503923919,False
GUT_GENOME172369_10,GUT_GENOME172369_00650,27304,0.014522432953054495,0.014509763082743744,0.014533827951647498,0.0006983397270512047,0.4986092271577689,0.01475361404149834,0.6235153780540234,1.2669870310750425e-05,-0.3017348339643866,-0.00021978608985084164,-0.1592734173562403,0.11641193150385105,0.9434556078801537,False
GUT_GENOME172369_10,GUT_GENOME172369_00651,29726,0.014634586971613853,0.013785019540018897,0.0138976837786234,0.0007896242122064504,0.410924788018409,0.014824837390332041,0.879836669693866,0.0008495674315949567,-0.27208475264907034,-0.0009271536117086421,-0.175856522711066,0.10495562920413345,0.9488753720000055,False
GUT_GENOME172369_10,GUT_GENOME172369_00651,29786,0.01567743583510188,0.014220106308217543,0.014335920319931094,0.00080554058788455,0.3574397052554916,0.014900525415417925,0.758317945341298,0.0014573295268843368,-0.2505526125409723,-0.0005646050954868313,-0.16735714995932885,0.09078502729361587,0.9556223134093462,False
GUT_GENOME172369_10,GUT_GENOME172369_00652,31236,0.016376680834259586,0.014052779948996346,0.01426548609593178,0.0008268426264576538,0.29026411129701724,0.01510631422714292,0.8454029116644304,0.0023239008852632397,-0.2198512311173825,-0.0008408281312111392,-0.17383275925902583,0.07855239201543517,0.9614851141199123,False
GUT_GENOME172369_10,GUT_GENOME172369_00653,31396,0.018119904598458914,0.014199589231411465,0.014485364399384772,0.0008594203588612823,0.19691603761372983,0.015211762574807207,0.8010056338036466,0.003920315367047449,-0.1632925537026494,-0.0007263981754224349,-0.1711501311287318,0.055956825480114714,0.9724093582282591,False
GUT_GENOME172369_10,GUT_GENOME172369_00653,31745,0.019167679765792717,0.014475416934694249,0.014782327252398877,0.0008195198790184292,0.16616651365978252,0.015326321626665997,0.7465896962076999,0.004692262831098469,-0.13594356125828957,-0.0005439943742671198,-0.16687396441452498,0.046327571847006484,0.9771024350420896,False
GUT_GENOME172369_10,GUT_GENOME172369_00653,31904,0.017386016512643744,0.014344421921265744,0.014553879170039028,0.0007585036707076733,0.23712579252195293,0.015368694873865442,0.8586426484049837,0.0030415945913780003,-0.19442437157062983,-0.0008148157038264138,-0.1732229393132037,0.06780702296494018,0.9666647721886273,False
GUT_GENOME172369_10,GUT_GENOME172369_00653,31952,0.01796317442897393,0.014636362479410676,0.014880967118271943,0.0008271743701001949,0.2227297726041021,0.01578942672610453,0.8639563827653595,0.003326811949563255,-0.18431952928891046,-0.0009084596078325867,-0.17541827155279122,0.06474525887185432,0.9681457552493499,False
GUT_GENOME172369_10,GUT_GENOME172369_00653,31957,0.019945552908748665,0.015064538940251268,0.015383138159377375,0.0007900448863093218,0.16254359051933254,0.016272986998985745,0.8699864207253265,0.004881013968497397,-0.12925637894215408,-0.0008898488396083693,-0.17498197172185484,0.04732590192490574,0.9766148213770158,False
GUT_GENOME172369_10,GUT_GENOME172369_00653,31973,0.02066406541251632,0.015654080903665345,0.015948221036283065,0.0007982306756998818,0.16275967742827574,0.01659901383575879,0.7925480214462843,0.005009984508850974,-0.12468713751325569,-0.0006507927994757259,-0.16937768346047777,0.04423568191568734,0.9781249650768059,False
GUT_GENOME172369_10,GUT_GENOME172369_00653,32164,0.021390837409329917,0.015928121401811983,0.01625736044962483,0.000824989723772998,0.14735393622125686,0.01687947678083169,0.7746023474636401,0.005462716007517934,-0.10864750928338948,-0.0006221163312068595,-0.16870540931752873,0.040265796406479114,0.9800684153199729,False
GUT_GENOME172369_10,GUT_GENOME172369_00654,32741,0.02146851495108934,0.01642083538180062,0.016767681249820126,0.0008964223939186323,0.1737787306273697,0.017517833995585843,0.7986558067460476,0.00504767956928872,-0.12335165553927326,-0.000750152745765717,-0.17170701921093645,0.04469893137058442,0.9778984333845429,False
GUT_GENOME172369_10,GUT_GENOME172369_00655,33394,0.023529016941752023,0.016916479575283604,0.01740536074750517,0.0010013021736559994,0.12452079607887345,0.017812788876827464,0.6579586492854461,0.00661253736646842,-0.06791098623909328,-0.0004074281293222938,-0.1636723862280045,0.031400552065535395,0.984422330808602,False
GUT_GENOME172369_10,GUT_GENOME172369_00655,33395,0.026552180568104825,0.01724025213681827,0.018099228897360903,0.001284012600904488,0.06903000926531454,0.018160364717045123,0.5189877039971785,0.009311928431286556,0.027724570938155592,-6.113581968422016e-05,-0.15555411435822458,0.024965734327476435,0.9875947206475778,False
GUT_GENOME172369_10,GUT_GENOME172369_00655,33902,0.02611817218086971,0.01732681144928037,0.01808215042365705,0.0012465601416059514,0.07510824246321275,0.018437201881875906,0.6121108805370228,0.00879136073158934,0.00928160331561285,-0.0003550514582188573,-0.1624444985625344,0.02647436327334164,0.9868500445516893,False
GUT_GENOME172369_10,GUT_GENOME172369_00655,33904,0.02590227224661967,0.016961999161695218,0.01780591238376897,0.001390412124341615,0.07099940191811077,0.018453288174481584,0.679249054214377,0.008940273084924451,0.014557354601667535,-0.0006473757907126121,-0.1692975771302235,0.028873586195162667,0.9856669177161841,False
GUT_GENOME172369_10,GUT_GENOME172369_00655,33905,0.027290777697822344,0.01706616121307106,0.01793096567464416,0.0014696155617646678,0.058224665957004346,0.018085136249015945,0.5417745538087135,0.010224616484751283,0.0600598007830386,-0.00015417057437178486,-0.15773516606185992,0.02848756228266081,0.9858571815771937,False
GUT_GENOME172369_10,GUT_GENOME172369_00656,34644,0.027576466407600732,0.016703357701573884,0.017607499183583446,0.0015819849800166174,0.050416495039732855,0.01789627943985737,0.572421687034291,0.010873108706026847,0.08303495088822677,-0.0002887802562739246,-0.16089087574287564,0.03278067696631968,0.9837432522530367,False
GUT_GENOME172369_10,GUT_GENOME172369_00656,34755,0.028093815824264727,0.014999077214421024,0.01657491297445043,0.0015975571067146672,0.02323955265180195,0.017878469556572414,0.7927409787495577,0.013094738609843703,0.16174411476681327,-0.0013035565821219834,-0.18468069108373916,0.06026811632086755,0.9703154461253146,False
GUT_GENOME172369_10,GUT_GENOME172369_00656,34758,0.028548018036674273,0.014980408891160056,0.016647037327123974,0.001609723623085076,0.02104706878621106,0.017879230624148607,0.778003796955951,0.013567609145514217,0.1784972402183123,-0.0012321932970246335,-0.18300769248164372,0.06535308027300976,0.9678515700998824,False
GUT_GENOME172369_10,GUT_GENOME172369_00656,35403,0.029035682532098327,0.014980408891160056,0.016737873314534003,0.001618850137697717,0.017689190397496463,0.017879230624148607,0.7596079447994725,0.014055273640938271,0.1957744944640151,-0.0011413573096146039,-0.18087818737618744,0.07104457135113584,0.9651012260575251,False
GUT_GENOME172369_10,GUT_GENOME172369_00657,36109,0.027511180571323898,0.015748842264553618,0.01695305506170283,0.001614756166270281,0.030271591689426527,0.017764916251022788,0.6924392336517975,0.01176233830677028,0.11453908136934703,-0.0008118611893199595,-0.1731536754244628,0.043101396473934114,0.9786798588679706,False
GUT_GENOME172369_10,GUT_GENOME172369_00657,36120,0.03027497965782514,0.01644250280779472,0.017978074255252215,0.0017117558917689177,0.018798793749786328,0.01811281660895889,0.5313706887669443,0.013832476850030417,0.1878811234317556,-0.00013474235370667526,-0.1572797023599074,0.06003622131639964,0.9704279583002987,False
GUT_GENOME172369_10,GUT_GENOME172369_00657,36121,0.03224326686068067,0.01596877043564701,0.01823200467524371,0.0016451423930015667,0.006259252657400623,0.018449297297186206,0.5525400248899022,0.01627449642503366,0.2743983775402921,-0.0002172926219424949,-0.15921496197096277,0.1006438737121598,0.950923237979387,False
GUT_GENOME172369_10,GUT_GENOME172369_00657,36124,0.030408624506731635,0.01573607244975789,0.018390111987731574,0.0018097843296156237,0.006171415617000143,0.018400856956593235,0.5023685679706335,0.014672552056973744,0.2176437841791825,-1.074496886166107e-05,-0.1543727810876284,0.07119977233256342,0.9650263366345602,False
GUT_GENOME172369_10,GUT_GENOME172369_00658,37178,0.0295378105395561,0.01632273464899481,0.018929367941973693,0.0017219731703938632,0.006377238437730269,0.01834808197650904,0.36784373973979734,0.013215075890561288,0.16600749217833946,0.0005812859654646535,-0.14049355840086386,0.04729692741147838,0.9766289699491303,False
GUT_GENOME172369_10,GUT_GENOME172369_00659,37650,0.028455373298076247,0.01674933266226673,0.019414582812462385,0.0017722304805593565,0.009711863394077673,0.018339170733478342,0.2719875877321045,0.011706040635809517,0.11254453556222563,0.0010754120789840428,-0.12890955836430315,0.02928394672259675,0.9854646990644176,False
GUT_GENOME172369_10,GUT_GENOME172369_00659,38120,0.027599313152050605,0.016961571147115235,0.01910431201686691,0.0016578451117440502,0.015446802250246224,0.018514398523859946,0.36098338319460055,0.01063774200493537,0.07469624595094457,0.0005899134930069626,-0.1402912997534637,0.025261177945680204,0.9874488421437677,False
GUT_GENOME172369_10,GUT_GENOME172369_00659,38236,0.02757133823482957,0.017153054955720996,0.01938927548194389,0.0017182708081919967,0.01717335222703272,0.01901862929451586,0.41460735855333364,0.010418283279108573,0.06692113778103262,0.0003706461874280302,-0.1454316726387418,0.02562881008841011,0.9872673498580415,False
GUT_GENOME172369_10,GUT_GENOME172369_00659,38246,0.028622476571076822,0.018190647844123088,0.021367293261912074,0.002268663476040662,0.027209713217040445,0.01999777117590752,0.27303182398116865,0.010431828726953734,0.0674010335874502,0.0013695220860045557,-0.12201461750029476,0.019430466212399824,0.9903318073114944,False
GUT_GENOME172369_10,GUT_GENOME172369_00659,38264,0.02965135501494304,0.018239081822580265,0.021903720473536822,0.00249678278675667,0.019594375998275463,0.020623128303182442,0.3040117183472013,0.011412273192362776,0.10213677601203319,0.0012805921703543804,-0.12409943778798543,0.025832591473426307,0.987166761628663,False
GUT_GENOME172369_10,GUT_GENOME172369_00659,38269,0.03101900703043864,0.01816644940111729,0.022195661143693417,0.0025165176224588785,0.009306314161208386,0.021131111033123585,0.3361384752768142,0.012852557629321349,0.15316398967421274,0.001064550110569832,-0.1291641999205066,0.04014259827402694,0.9801287884786404,False
GUT_GENOME172369_10,GUT_GENOME172369_00659,38301,0.033282915291393704,0.018731381531184296,0.024623689836736032,0.003231471049611469,0.005071121767519643,0.02214312402233369,0.2213542809035472,0.014551533760209408,0.21335627934502144,0.0024805658144023413,-0.09596796617334467,0.054730752467399044,0.973005663423729,False
GUT_GENOME172369_10,GUT_GENOME172369_00659,38339,0.03198434937641087,0.01784888755765191,0.02150098936027618,0.002116187435458878,0.005177668182260188,0.021271484723590833,0.4568186002171439,0.014135461818758958,0.1986154466938938,0.00022950463668534524,-0.14874051158537913,0.06157183545209527,0.969683142828961,False
GUT_GENOME172369_10,GUT_GENOME172369_00659,38340,0.029840249070669952,0.01748430078354988,0.02054336856500386,0.0019987708461938086,0.008708507802771156,0.02034214335366259,0.45990443605968456,0.012355948287120073,0.13556983232523082,0.0002012252113412702,-0.14940347768908582,0.04070057858228436,0.9798553803377398,False
GUT_GENOME172369_10,GUT_GENOME172369_00659,38514,0.02558563711902937,0.01520640122635656,0.017228030044455125,0.0014296694961906074,0.00483947065640638,0.01775634449074414,0.6441359034392533,0.010379235892672811,0.06553774483483457,-0.0005283144462890146,-0.16650637346698743,0.032019568403163785,0.9841176912023089,False
GUT_GENOME172369_10,GUT_GENOME172369_00659,38522,0.019086878835254378,0.011916122747628726,0.012734622063759785,0.0009511117608656601,0.008973159404453484,0.014122591177309638,0.9277604174469796,0.007170756087625652,-0.04813409688044086,-0.0013879691135498529,-0.18665960849043528,0.03715870072429825,0.9815921818063129,False
GUT_GENOME172369_10,GUT_GENOME172369_00659,38600,0.015916758293715378,0.012156398100164952,0.012481478791231267,0.0010883077100875757,0.08781342995543923,0.014010552668709727,0.9199895719102107,0.0037603601935504265,-0.16895953628258983,-0.0015290738774784603,-0.1899675850287846,0.0646350082624963,0.9681991260501089,False
GUT_GENOME172369_10,GUT_GENOME172369_00659,38634,0.013748970567616578,0.012563047013602656,0.012484487273016223,0.0011018111510625796,0.31451833619464353,0.013858518672728914,0.8938133798759358,0.0011859235540139217,-0.2601681372328139,-0.0013740313997126913,-0.1863328609796646,0.10240739471205929,0.950085120993182,False
GUT_GENOME172369_10,GUT_GENOME172369_00659,38751,0.013160563900827206,0.011149052607062697,0.01252814891294761,0.0010865011992879357,0.17536287266261552,0.013885670417607425,0.894248486783488,0.00201151129376451,-0.2309187466873679,-0.001357521504659816,-0.18594581277544414,0.0878993128603853,0.9570021351641155,False
GUT_GENOME172369_10,GUT_GENOME172369_00659,38771,0.015017874432656125,0.011283972934285569,0.012538700889484024,0.0010346290862424889,0.07489823749053229,0.013903672241980204,0.9064631907196365,0.003733901498370556,-0.16989692993728814,-0.0013649713524961794,-0.18612046259711446,0.06350579339947968,0.9687459328229144,False
GUT_GENOME172369_10,GUT_GENOME172369_00659,38975,0.01675962384191991,0.011207199517264241,0.012636344617052262,0.0010442255400885502,0.019261606630648978,0.013823404183006987,0.8721858392660572,0.005552424324655669,-0.1054692721599445,-0.0011870595659547248,-0.18194960401382299,0.04422942577073544,0.9781280247273726,False
GUT_GENOME172369_10,GUT_GENOME172369_00659,38976,0.01574079446672989,0.011460890645046976,0.012283644814938932,0.0009722818681764879,0.04350850640859854,0.013744123992207799,0.9334662940280523,0.004279903821682914,-0.15055285004808255,-0.0014604791772688669,-0.188359491491537,0.058145458692550826,0.9713458165513025,False
GUT_GENOME172369_10,GUT_GENOME172369_00659,39053,0.014967744487930798,0.01303844653444579,0.013023854111377506,0.0010773394925735823,0.2299768235776805,0.013614594625634963,0.708268274152544,0.001929297953485008,-0.2338314475210882,-0.0005907405142574571,-0.16796985324237965,0.08289101744807398,0.9594016129351728,False
GUT_GENOME172369_10,GUT_GENOME172369_00663,42158,0.016000811038483123,0.012811232657460208,0.012848541238630246,0.0010476358224937195,0.12542233987550816,0.013626738215925442,0.7712023946892315,0.003189578381022915,-0.18918151796547958,-0.0007781969772951963,-0.17236447157011045,0.06549915779936649,0.9677808819997792,False
GUT_GENOME172369_10,GUT_GENOME172369_00668,47459,0.01573225382191741,0.012446219341701825,0.012561692711349019,0.0009650488564762783,0.11898652490713985,0.013574005176950519,0.852905269034446,0.0032860344802155862,-0.18576421659345455,-0.0010123124656014997,-0.17785293645973874,0.06614001117393176,0.9674708288550484,False
GUT_GENOME172369_10,GUT_GENOME172369_00668,47486,0.015775258368413574,0.011954009748167342,0.012359792252494778,0.0008741908316171938,0.09429752083403597,0.013449061151134952,0.8936234974866226,0.003821248620246232,-0.166802346578366,-0.0010892688986401736,-0.17965705751050487,0.060099681137382184,0.9703971671965457,False
GUT_GENOME172369_10,GUT_GENOME172369_00668,47591,0.01537122265038043,0.01226096819852108,0.012476660834159,0.0009897082077929041,0.13497181873710123,0.01342789991099741,0.8317568064647549,0.00311025445185935,-0.19199185110391176,-0.0009512390768384102,-0.17642116809472447,0.06798529944221365,0.9665786092337463,False
GUT_GENOME172369_11,GUT_GENOME172369_00680,8382,0.01594888203182001,0.013596496399584353,0.013774667142508294,0.0006469907668356415,0.27308990805202726,0.016837685835725168,0.9999989006893019,0.0023523856322356564,-0.21884205735102288,-0.0030630186932168735,-0.22592847905042512,0.09893552371166678,0.9517358398391123,False
GUT_GENOME172369_11,GUT_GENOME172369_00680,8386,0.016509106777418823,0.013298041510896719,0.013538863205049332,0.0006944281964653751,0.21061286661522804,0.01715517491702902,0.9999999043561438,0.003211065266522104,-0.18842026840312423,-0.0036163117119796893,-0.23889955298118137,0.09257519395971367,0.9547673344996922,False
GUT_GENOME172369_11,GUT_GENOME172369_00680,8388,0.016849623814379197,0.01331548767398289,0.013572247129684184,0.0006929230493107862,0.19186228772530806,0.01726300306250883,0.9999999498991093,0.0035341361403963076,-0.17697433030493995,-0.003690755932824646,-0.24064477921674216,0.08922982335115656,0.9563656961945058,False
GUT_GENOME172369_11,GUT_GENOME172369_00680,8529,0.01690172009733189,0.013224107580312063,0.013495224533313775,0.0007591013474018052,0.17993462556307316,0.017217967417834296,0.9999995308236072,0.0036776125170198282,-0.1718911678839783,-0.0037227428845205204,-0.24139466237303867,0.08781795661871133,0.9570410650044019,False
GUT_GENOME172369_11,GUT_GENOME172369_00680,8540,0.016582255294233787,0.013498167660692346,0.013746593912328988,0.0007395513863226266,0.20618525393961307,0.017205766470640017,0.9999985472753078,0.0030840876335414408,-0.1929189039796527,-0.0034591725583110293,-0.2352156757036218,0.09254411760942184,0.9547821699570169,False
GUT_GENOME172369_11,GUT_GENOME172369_00681,9574,0.01583067419280908,0.013108586603076244,0.013361452342031586,0.0006930679108791076,0.22625659819260252,0.01687752352470385,0.9999998044081128,0.002722087589732837,-0.205744046782797,-0.0035160711826722653,-0.2365495733638493,0.09828631344518088,0.9520448283251265,False
GUT_GENOME172369_11,GUT_GENOME172369_00681,9632,0.015348465985371887,0.013620265030930372,0.01382037004514535,0.0008077959397008878,0.3096473356961388,0.01685424477592803,0.9999135863468166,0.0017282009544415146,-0.2409560260235709,-0.0030338747307826815,-0.22524524525106443,0.10879522698528395,0.9470554695958109,False
GUT_GENOME172369_11,GUT_GENOME172369_00681,9661,0.015500025998038017,0.013699539133330812,0.013857537037294022,0.0007994020504510412,0.3025163278490934,0.01671559390204966,0.9998250488596025,0.0018004868647072056,-0.2383950398091523,-0.00285805686475564,-0.22112347530051643,0.1057277863345854,0.9485091022668016,False
GUT_GENOME172369_11,GUT_GENOME172369_00681,9662,0.0164869693945538,0.014572176749515,0.01468626023212146,0.0007314033481793185,0.31314186887496265,0.016784023685323297,0.9979355026536327,0.0019147926450388004,-0.23434534981311286,-0.002097763453201836,-0.20329960672472513,0.09624847307345814,0.9530153803921293,False
GUT_GENOME172369_11,GUT_GENOME172369_00682,10339,0.017121949238610792,0.014527846742438736,0.014648560095866498,0.0007010586562412225,0.27591153801043944,0.016436947175390303,0.9946289858029659,0.0025941024961720557,-0.21027837524397988,-0.0017883870795238049,-0.19604677019991215,0.08265133120106517,0.9595165975110799,False
GUT_GENOME172369_11,GUT_GENOME172369_00684,12275,0.018868475904072778,0.01500629873077791,0.015162634382149183,0.0007519623903086452,0.20092959479403322,0.016209392124512074,0.9180440551819165,0.0038621771732948677,-0.16535230659480082,-0.0010467577423628905,-0.17866045113331333,0.05926094209538005,0.9708042075359242,False
GUT_GENOME172369_11,GUT_GENOME172369_00684,12605,0.01986803864615999,0.015000681749056315,0.015204201244703027,0.000752887716569587,0.15568348798265974,0.016078004500599156,0.8770981760832064,0.004867356897103676,-0.1297402294109397,-0.0008738032558961283,-0.17460580855778854,0.04731971550972237,0.9766178422540676,False
GUT_GENOME172369_11,GUT_GENOME172369_00684,12807,0.018432914771893592,0.014756776056141044,0.014902210725923896,0.0007178355194996495,0.20893719806090383,0.01586877040182269,0.9109280263242452,0.003676138715752548,-0.17194338255090888,-0.000966559675898794,-0.17678033514787123,0.06081581369804187,0.9700497628930401,False
GUT_GENOME172369_11,GUT_GENOME172369_00684,13068,0.018817451952226606,0.014726151431859347,0.014887083080737273,0.0007202694815871434,0.18663810300170486,0.015846639864310216,0.9086059042627989,0.004091300520367259,-0.157234794743638,-0.0009595567835729429,-0.17661616348654996,0.05591604988278172,0.9724291837165744,False
GUT_GENOME172369_11,GUT_GENOME172369_00684,13209,0.018292500650732818,0.014784632396846551,0.014919677514410519,0.0006902718578168333,0.21855104225390515,0.015818603097180355,0.9035892480188038,0.003507868253886267,-0.17790496388189658,-0.0008989255827698359,-0.17519476151425298,0.0623433806358549,0.9693091377947336,False
GUT_GENOME172369_11,GUT_GENOME172369_00684,13217,0.018670435691670192,0.014643134382162104,0.014816864891876126,0.0006695373855507831,0.193475910215256,0.015630487877021402,0.8878554184502195,0.004027301309508088,-0.15950219507299093,-0.0008136229851452761,-0.17319497792264393,0.05543745061072758,0.972661913511267,False
GUT_GENOME172369_11,GUT_GENOME172369_00685,14103,0.018566884287274796,0.014646863853539563,0.014811005625659911,0.0006744926267610937,0.2036910843907554,0.015487596573042902,0.8420963367823628,0.003920020433735233,-0.16330300276725937,-0.000676590947382991,-0.16998247996510377,0.055561914207890424,0.9726013848943993,False
GUT_GENOME172369_11,GUT_GENOME172369_00686,14368,0.02079836341065506,0.015144497451946825,0.01540047171390234,0.0007801792064325748,0.15220656963219364,0.015539941831386486,0.5709395810570421,0.0056538659587082336,-0.10187534043214529,-0.00013947011748414485,-0.1573905372546289,0.03515036620546622,0.982578359598239,False
GUT_GENOME172369_11,GUT_GENOME172369_00687,15036,0.020056336902862654,0.01502425224786023,0.015240413014246133,0.0007716495437637241,0.17793112777971243,0.015563765667244977,0.6624068478096283,0.005032084655002423,-0.12390416100479827,-0.0003233526529988432,-0.1617013705416083,0.04149957434933748,0.9794640083684747,False
GUT_GENOME172369_11,GUT_GENOME172369_00688,15653,0.020224299901509965,0.014899688664086282,0.015140013230693073,0.0007476606773575268,0.16419636376346997,0.015570983245000964,0.7178358929972848,0.005324611237423683,-0.11354036338257474,-0.00043097001430789095,-0.1642242882406132,0.03986103096518312,0.9802667843048369,False
GUT_GENOME172369_11,GUT_GENOME172369_00690,17583,0.01843664540448768,0.01491034517050138,0.015064799423510251,0.0007361248660473517,0.23884168663247451,0.015574523899603097,0.755670400311717,0.0035263002339863004,-0.17725194524012916,-0.0005097244760928453,-0.16607056121270625,0.05899768339291296,0.9709320022745217,False
GUT_GENOME172369_11,GUT_GENOME172369_00690,17814,0.018400679067493236,0.015003409628441393,0.015156105423703145,0.0007834069646034881,0.24324640162870265,0.015587883664912629,0.7092361018390727,0.003397269439051843,-0.18182332140248283,-0.00043177824120948366,-0.16424323583354836,0.060035560722905154,0.9704282788295496,False
GUT_GENOME172369_11,GUT_GENOME172369_00690,17816,0.018554088255810577,0.015136398673943166,0.015359240033679876,0.0009508979755982488,0.2437646547606767,0.015702588962949474,0.6409796624929129,0.0034176895818674117,-0.18109986500475728,-0.0003433489292695973,-0.16217015140283755,0.05909631911076056,0.9708841191677647,False
GUT_GENOME172369_11,GUT_GENOME172369_00690,18093,0.017659757179461163,0.01574060411857687,0.0158429659849737,0.001054748291171922,0.34673128681739507,0.01573234502504412,0.458235906085139,0.001919153060884294,-0.23419086652821824,0.00011062095992957904,-0.1515275501130064,0.07780596040848739,0.9618440225302861,False
GUT_GENOME172369_11,GUT_GENOME172369_00690,18187,0.018296075764628546,0.015847479788769124,0.016012776271596443,0.0011133872646563443,0.3119678200661726,0.015868275446080316,0.44836831536499944,0.0024485959758594224,-0.21543346274663444,0.00014450082551612647,-0.15073329060423862,0.06913210176738738,0.9660245308052688,False
GUT_GENOME172369_11,GUT_GENOME172369_00690,18188,0.017838312566938262,0.016022626769934645,0.016118954705983193,0.0011034719696032173,0.353504863165375,0.015460561709003172,0.2753685901645788,0.0018156857970036168,-0.23785656341808353,0.0006583929969800218,-0.13868590680857848,0.07580952550837851,0.9628046313863021,False
GUT_GENOME172369_11,GUT_GENOME172369_00690,19065,0.01653175039902589,0.015468954147408006,0.015431036062307063,0.001098374998559991,0.40438104981502987,0.014880749405411845,0.3081853107307177,0.001062796251617884,-0.264530361114284,0.0005502866568952176,-0.14122028783648113,0.08991948164787208,0.9560359702787891,False
GUT_GENOME172369_11,GUT_GENOME172369_00691,19708,0.016176642840114226,0.014744840298112983,0.01480549073286122,0.0010036436479684862,0.3693586722874918,0.014403160114984385,0.3442579232894252,0.0014318025420012436,-0.2514569970350042,0.00040233061787683586,-0.14468888161144067,0.0841654938198316,0.9587904403437552,False
GUT_GENOME172369_11,GUT_GENOME172369_00691,19709,0.015031362606909146,0.014463889494025342,0.014454623132531576,0.0010911015949030356,0.44131805341673724,0.013947844710799375,0.32115734136052926,0.0005674731128838036,-0.2820789501175632,0.0005067784217322006,-0.142240269140706,0.09980082826464717,0.951324158225304,False
GUT_GENOME172369_11,GUT_GENOME172369_00692,20414,0.013427141921341817,0.014650122055943664,0.014310888418370984,0.0011900914835009848,0.6399578093884782,0.013679745764851047,0.29794115651325603,-0.0012229801346018473,-0.34551214294197563,0.0006311426535199373,-0.13932474772590944,0.13879002624924452,0.9329580765964104,False
GUT_GENOME172369_11,GUT_GENOME172369_00692,20447,0.012481885578025214,0.014527378224401527,0.013962544440222794,0.0012090058956826608,0.745854705167846,0.013516325478766205,0.35603433601222817,-0.002045492646376313,-0.37465258256705425,0.00044621896145658965,-0.14365998927055348,0.16100275014137894,0.9226536348689145,False
GUT_GENOME172369_11,GUT_GENOME172369_00693,21463,0.012591969927053158,0.01468084377053093,0.014151061984506748,0.0013209742166715478,0.7542080497460159,0.013414391126413572,0.2885340548327188,-0.0020888738434777718,-0.3761895162147521,0.0007366708580931764,-0.136850806980443,0.1602466954810877,0.9230024890932143,False
GUT_GENOME172369_11,GUT_GENOME172369_00693,21621,0.012362485576593838,0.015439365995995354,0.014691736706363989,0.0015016588221728692,0.8643148532924902,0.013386848550395795,0.19243328354966255,-0.003076880419401516,-0.4111931733783054,0.0013048881559681938,-0.12352985708674681,0.18433945142479324,0.9119503549854833,False
GUT_GENOME172369_11,GUT_GENOME172369_00693,21626,0.012963337774056588,0.015539629005670925,0.014780995201111154,0.001655616344887196,0.8080180231049059,0.01340520774261766,0.20299188585869082,-0.0025762912316143367,-0.3934580158033659,0.001375787458493493,-0.12186773581734953,0.16966095523316904,0.9186680059918801,False
GUT_GENOME172369_11,GUT_GENOME172369_00693,21664,0.013991835295007363,0.01545970995135958,0.014939814804501787,0.001617036909267353,0.6723078622650634,0.01343605083818066,0.17619840771511086,-0.0014678746563522166,-0.3541884049117582,0.0015037639663211273,-0.11886753034187822,0.1395789159435129,0.9325901486589147,False
GUT_GENOME172369_11,GUT_GENOME172369_00693,21962,0.014610019084782532,0.01531338888407761,0.014924278537896211,0.00162612100539394,0.5840863409770677,0.01343840337636672,0.18042296608763392,-0.0007033697992950786,-0.3271030933678755,0.0014858751615294905,-0.11928690488957092,0.12122579936896663,0.9411875032476762,False
GUT_GENOME172369_11,GUT_GENOME172369_00699,30094,0.016034227571419084,0.015121664963120153,0.015104632418861579,0.0016969610099180589,0.3982076978531942,0.013460484127273666,0.16630301662507208,0.0009125626082989308,-0.2698529238110469,0.0016441482915879133,-0.11557644334094969,0.08617851474471445,0.9578258932290705,False
GUT_GENOME172369_11,GUT_GENOME172369_00700,30284,0.017282652418329426,0.015301982801941597,0.015602018248317844,0.0017167892835807648,0.29307854386133547,0.013457586667638036,0.10581530620310287,0.001980669616387829,-0.23201142312045026,0.0021444315806798085,-0.1038480981258899,0.06461372794274105,0.9682094278984101,False
GUT_GENOME172369_11,GUT_GENOME172369_00700,30285,0.01995657825105717,0.015083680923590814,0.016184106746791892,0.0017902333317896357,0.11421623103798595,0.013454011524473416,0.06363028785533811,0.004872897327466357,-0.1295439399026715,0.0027300952223184762,-0.09011814647886288,0.024902912690292746,0.9876257422933954,False
GUT_GENOME172369_11,GUT_GENOME172369_00700,30524,0.02326255908956595,0.015505343873754655,0.017677229072687293,0.0019802215355126554,0.035933425235068636,0.013473877124097922,0.01689086102032762,0.0077572152158112955,-0.027356690369503806,0.004203351948589371,-0.0555799880936844,0.0038375235844670015,0.9980830778543716,False
GUT_GENOME172369_11,GUT_GENOME172369_00700,31157,0.02274299043898444,0.015180350993639574,0.017663904767846503,0.001919070834537399,0.024800096653779247,0.013415939365591783,0.013429764595021796,0.007562639445344866,-0.034250231088474484,0.00424796540225472,-0.05453409670128337,0.00414704603263883,0.9979286252474489,False
GUT_GENOME172369_11,GUT_GENOME172369_00700,31271,0.0168152765823388,0.01605663622249385,0.016841522092299246,0.001783590765589413,0.3920713906302199,0.013264633404049625,0.022457882088959324,0.0007586403598449504,-0.27530616850194284,0.0035768886882496208,-0.07026642184435652,0.0807308564540292,0.9604384037140747,False
GUT_GENOME172369_11,GUT_GENOME172369_00700,31321,0.01917411216281301,0.013941084449719076,0.016911484720218754,0.0018015344125953687,0.036634185481852904,0.013360504699715892,0.024356995735854144,0.005233027713093934,-0.11678503640964567,0.003550980020502862,-0.07087380931066155,0.01866184157540628,0.9907124771678155,False
GUT_GENOME172369_11,GUT_GENOME172369_00700,31344,0.019222727420097577,0.016073508649120438,0.018316674998572875,0.001963371987025078,0.13478399656627243,0.013671390762676724,0.008991388725362058,0.0031492187709771385,-0.19061140111375335,0.004645284235896151,-0.045219589215234494,0.03837751748334273,0.9809941735395783,False
GUT_GENOME172369_11,GUT_GENOME172369_00701,32898,0.01898756902589472,0.016159015771813227,0.017762629809490667,0.001924228084032682,0.16461994655334394,0.01375972332615422,0.01875056543007001,0.002828553254081493,-0.20197212086108338,0.004002906483336448,-0.06027911289864612,0.0444263090569718,0.9780317409366835,False
GUT_GENOME172369_11,GUT_GENOME172369_00701,33026,0.01948044188018534,0.016706877258510167,0.018239054307552852,0.0018900020503240021,0.17866505259486914,0.014087425435840704,0.014023560665686868,0.0027735646216751723,-0.20392028930808373,0.004151628871712148,-0.05679255328310395,0.044808878499906765,0.977844676299406,False
GUT_GENOME172369_11,GUT_GENOME172369_00701,33054,0.026151534727301542,0.019274764339605996,0.021999422833831172,0.0021300336391201326,0.05926877426596545,0.017698256179372603,0.021728274437572467,0.006876770387695547,-0.058549588945075566,0.004301166654458569,-0.05328687804472419,0.006267545737390624,0.9968711322722973,False
GUT_GENOME172369_11,GUT_GENOME172369_00701,33058,0.028320989506875772,0.020103578500556458,0.023343753276249827,0.002321333405913097,0.04764430694510428,0.019224438506261494,0.03798637395027246,0.008217411006319314,-0.011052612976099538,0.004119314769988332,-0.05755010595095221,0.003434174948565269,0.9982843858770029,False
GUT_GENOME172369_11,GUT_GENOME172369_00701,33067,0.029655514028449705,0.019655465926002366,0.023357530472727785,0.002460648489495971,0.025627743388171267,0.019820537674534656,0.0752989149635221,0.01000004810244734,0.05210366480632046,0.003536992798193129,-0.07120171746874956,0.007784476456749035,0.996115326712805,False
GUT_GENOME172369_11,GUT_GENOME172369_00701,33082,0.030356632718227965,0.020124091150188848,0.022819030556551222,0.0019964190491179555,0.025488415096193904,0.01968388201822227,0.05816266796262583,0.010232541568039117,0.06034057512721803,0.0031351485383289517,-0.08062231636768973,0.010140942903175293,0.9949423616895959,False
GUT_GENOME172369_11,GUT_GENOME172369_00701,33084,0.025720846755452238,0.018092029212604416,0.01998258276562381,0.0015666126584008425,0.044820045128893066,0.017804523946313978,0.08221916628011255,0.007628817542847822,-0.03190563592769446,0.002178058819309832,-0.10305976105391214,0.011639283952440052,0.9941972593377193,False
GUT_GENOME172369_11,GUT_GENOME172369_00701,33096,0.02532392657677598,0.017352514012806637,0.019172968264422247,0.0014780074055863056,0.03507916097918581,0.017526698507833144,0.13267304751497083,0.007971412563969344,-0.019767985270798795,0.0016462697565891027,-0.11552670897156712,0.013737193727467687,0.9931549380329704,False
GUT_GENOME172369_11,GUT_GENOME172369_00701,33150,0.02188346457322282,0.01629770536469421,0.017734270727644937,0.0013186367859354114,0.07107615699540919,0.016549916388188066,0.18454860681650703,0.00558575920852861,-0.10428826499348476,0.001184354339456871,-0.12635558051376658,0.026841774942322247,0.9866687710917441,False
GUT_GENOME172369_11,GUT_GENOME172369_00701,33382,0.023144791026605323,0.01541168026418767,0.01670740286906031,0.0011033013860472201,0.030483198827323033,0.015776848008604943,0.19949466552381367,0.007733110762417653,-0.028210676611363634,0.0009305548604553668,-0.13230550522649306,0.018300588988108525,0.9908914420530335,False
GUT_GENOME172369_11,GUT_GENOME172369_00701,33384,0.023952923720418406,0.015275929909453975,0.01660415228821295,0.0010954926678487427,0.02021355595924878,0.015611528205373803,0.18244190314767478,0.008676993810964432,0.0052297472065958705,0.000992624082839148,-0.13085039112770175,0.017149175114117423,0.9914620693713251,False
GUT_GENOME172369_11,GUT_GENOME172369_00702,34200,0.02319150240953567,0.015338374371082012,0.016486858404577982,0.0010090103403182953,0.025853760602606884,0.015280671416650864,0.11596229137965919,0.007853128038453656,-0.023958636507136595,0.0012061869879271183,-0.12584374882999616,0.01641066538286826,0.9918282391653511,False
GUT_GENOME172369_11,GUT_GENOME172369_00702,34670,0.02348148645290504,0.015318577908938221,0.016732050381070004,0.0011129085988796624,0.02304320845791736,0.015241895136301436,0.09028963202995977,0.008162908543966818,-0.012983557114778525,0.0014901552447685682,-0.11918656515232283,0.014374010068161611,0.9928387597258297,False
GUT_GENOME172369_11,GUT_GENOME172369_00702,35055,0.02589215886065107,0.01563296799314462,0.016751580945286528,0.001003704697955844,0.011195769797430656,0.015198012041053156,0.06083105653748135,0.01025919086750645,0.06128472161868367,0.0015535689042333722,-0.11769993286663628,0.01760909130069024,0.9912341008568937,False
GUT_GENOME172369_11,GUT_GENOME172369_00702,35426,0.03211504586419283,0.01575602020811278,0.017046396207466164,0.0010462875107046974,0.0018602176457965392,0.015310057524596401,0.048505177410958215,0.01635902565608005,0.27739312706519303,0.001736338682869763,-0.11341518639305599,0.08980995144757796,0.956088329118151,False
GUT_GENOME172369_11,GUT_GENOME172369_00703,35935,0.02729293904621925,0.015752582867942854,0.01660464122528028,0.0010237113210611088,0.018533359172396683,0.015216058803133717,0.08748280033846778,0.011540356178276395,0.10667457265899662,0.0013885824221465635,-0.12156777826527988,0.026158189164335804,0.9870060651005581,False
GUT_GENOME172369_11,GUT_GENOME172369_00704,36874,0.023419600927905425,0.015523344169033766,0.016032852724331033,0.0009206186981833677,0.06533652468196213,0.015221135015808955,0.18896712083911865,0.007896256758871659,-0.0224306477465324,0.0008117177085220778,-0.13509145305372922,0.018752834646496946,0.9906674042077225,False
GUT_GENOME172369_11,GUT_GENOME172369_00705,38465,0.019509526423411708,0.015292578534672849,0.015554304799701274,0.0008945710837855262,0.1806212713474355,0.01520030464771043,0.3461556007068564,0.004216947888738859,-0.15278328853592868,0.00035400015199084367,-0.14582191243752424,0.04460676340278982,0.977943499878614,False
GUT_GENOME172369_11,GUT_GENOME172369_00706,39056,0.01630041200080404,0.015161975561438962,0.015219474348450458,0.0008175564652447563,0.37803071581428005,0.01521834224705934,0.4994475696964297,0.0011384364393650787,-0.26185053765540256,1.132101391118634e-06,-0.15409434208495656,0.09231077033301902,0.9548935743653281,False
GUT_GENOME172369_11,GUT_GENOME172369_00706,39357,0.014603023430189096,0.015457481341278053,0.015390916003462825,0.0007942858402961376,0.6251322380264209,0.015271240545409001,0.44011781592742394,-0.0008544579110889572,-0.3324559286582448,0.00011967545805382368,-0.15131528182008977,0.13342325901230914,0.9354649229268329,False
GUT_GENOME172369_11,GUT_GENOME172369_00706,39559,0.014249046456968442,0.015619663868707289,0.01551895851206094,0.0008065713159086134,0.7012106265965814,0.015395305572359465,0.4390781338845994,-0.0013706174117388472,-0.3507427201055257,0.00012365293970147476,-0.15122203609538268,0.14588855990785637,0.9296526288699738,False
GUT_GENOME172369_11,GUT_GENOME172369_00706,40046,0.014234159730595788,0.01569801737888827,0.015594816420036715,0.0008035647162757109,0.7129048971833926,0.01546026197723855,0.4335092017742765,-0.0014638576482924812,-0.35404608807260685,0.00013455444279816473,-0.15096646771149141,0.14813950685280086,0.928606918067833,False
GUT_GENOME172369_11,GUT_GENOME172369_00706,40131,0.014114274027387472,0.0150516690648891,0.014970546532311977,0.0006925110933150971,0.6494403296867088,0.01459473720822162,0.2936763641953533,-0.0009373950375016274,-0.33539427219747187,0.0003758093240903565,-0.14531063111988912,0.13360449733933233,0.9353801557188476,False
GUT_GENOME172369_11,GUT_GENOME172369_00706,40372,0.015228653117971525,0.01532325678183565,0.015304868792849652,0.0006572422993620256,0.513454359242893,0.014787575299456743,0.21562142607296736,-9.460366386412553e-05,-0.3055353815563592,0.0005172934933929084,-0.14199376002659642,0.11351409726928063,0.9448235876651496,False
GUT_GENOME172369_11,GUT_GENOME172369_00706,40450,0.014941105819096112,0.015508936866906613,0.015456295605358345,0.0006642896889164795,0.5861019674379387,0.015019671609705318,0.2555006071923331,-0.0005678310478105016,-0.32230114963090556,0.0004366239956530276,-0.14388492796773672,0.12458090354968415,0.9396099357799484,False
GUT_GENOME172369_11,GUT_GENOME172369_00706,41240,0.01584821611390352,0.015748696944925686,0.015740252857951085,0.0006862565065988778,0.4854888622365655,0.015607171230968804,0.4231176840423543,9.95191689778345e-05,-0.29865788776836016,0.0001330816269822805,-0.15100099553343455,0.11199783457834674,0.9455401596364099,False
GUT_GENOME172369_11,GUT_GENOME172369_00706,41268,0.016154234852121564,0.01611091583428206,0.016111431449432265,0.0007065227804542054,0.49388918299886336,0.016009126386111683,0.4424340755708367,4.3319017839504176e-05,-0.3006489785879195,0.00010230506332058187,-0.1517225030693206,0.11340952626357928,0.9448729895330255,False
GUT_GENOME172369_11,GUT_GENOME172369_00706,41307,0.01761083970956743,0.01625023501310493,0.016326022048989676,0.0007234342365563784,0.3362989417429283,0.016155421211675375,0.4067858652742616,0.0013606046964625002,-0.2539794346753526,0.00017060083731430115,-0.15012141738128573,0.0870419931945779,0.9574124514762413,False
GUT_GENOME172369_11,GUT_GENOME172369_00707,41716,0.017363113234547662,0.016439847531763918,0.0164909592360197,0.0007653988803160229,0.39046619262384397,0.016498156805136763,0.5037514718035213,0.0009232657027837439,-0.2694737285110711,-7.1975691170629574e-06,-0.15428961794840784,0.0964213765643241,0.9529329941103402,False
GUT_GENOME172369_11,GUT_GENOME172369_00707,41729,0.018405089336024007,0.01579231981164701,0.01600914353322739,0.0009449904824872155,0.23053079963855622,0.01662201632629594,0.7416850903546148,0.0026127695243769976,-0.2096170291846814,-0.0006128727930685522,-0.16848870928245174,0.0723277440798781,0.9644822288619622,False
GUT_GENOME172369_11,GUT_GENOME172369_00707,41918,0.01989326268741142,0.015882734218626977,0.016242307882019733,0.0010508445984490186,0.15055984545199813,0.01703956268375159,0.7759780043490878,0.004010528468784445,-0.16009643278421304,-0.0007972548017318587,-0.17281125192219238,0.055494596581145486,0.9726341220538431,False
GUT_GENOME172369_11,GUT_GENOME172369_00708,42448,0.019944677396720515,0.01629123648985185,0.01665637972290328,0.0010852288434004987,0.17134799315933752,0.017039399827530836,0.6379330942093439,0.0036534409068686644,-0.17274753339352092,-0.0003830201046275544,-0.16310017894889023,0.05644337866670564,0.9721728225652625,False
GUT_GENOME172369_11,GUT_GENOME172369_00708,42504,0.019731626041371554,0.016396648984186607,0.016754348650218475,0.0010902014478691552,0.18914190625498528,0.01702348262547718,0.5974941430648141,0.003334977057184947,-0.18403025122653927,-0.0002691339752587049,-0.16043029996318725,0.0596050145127814,0.9706372084260277,False
GUT_GENOME172369_11,GUT_GENOME172369_00709,43058,0.020069406232523707,0.016854333002319564,0.017260156263227765,0.001140430405017591,0.19915213478405702,0.017027130498924497,0.41904725905882606,0.003215073230204143,-0.188278271993314,0.0002330257643032678,-0.1486579643543408,0.05754789807076479,0.9716360789165369,False
GUT_GENOME172369_11,GUT_GENOME172369_00709,43473,0.02090922419762322,0.016781088195895282,0.01727561176625912,0.0011246031525041732,0.14167551165299364,0.016974340938226456,0.39439169123106577,0.004128136001727938,-0.15592976642457224,0.0003012708280326626,-0.14705806748771755,0.04594016727044374,0.9772917203515495,False
GUT_GENOME172369_11,GUT_GENOME172369_00710,44444,0.021322116872857583,0.016969377991318462,0.01755129667645872,0.0012292827296733046,0.13181522369630078,0.01698067952409295,0.3212568609436516,0.004352738881539121,-0.1479724082506078,0.0005706171523657683,-0.14074367173822078,0.041704614737840595,0.9793635986751729,False
GUT_GENOME172369_11,GUT_GENOME172369_00710,44451,0.02288209685665026,0.01808052251337584,0.018744705057134603,0.0015003247707764057,0.14969146142239526,0.01808941283875529,0.3311401984300398,0.004801574343274419,-0.1320708110261779,0.0006552922183793129,-0.1387585996261431,0.03669664809532067,0.9818189816277613,False
GUT_GENOME172369_11,GUT_GENOME172369_00710,44667,0.0248795322846,0.01749355898598542,0.018941699798526907,0.0017603909546009978,0.06034722108093502,0.018053363584767466,0.3069113374946668,0.007385973298614578,-0.04050925950310955,0.0008883362137594407,-0.13329525418225222,0.0194086248930015,0.9903426224472054,False
GUT_GENOME172369_12,GUT_GENOME172369_00719,2825,0.025426749282141746,0.017053650306710882,0.019652924610655268,0.002177256006091838,0.03405875251520965,0.02053201912196805,0.656806343526695,0.008373098975430864,-0.00553681133259796,-0.0008790945113127807,-0.1747298536168594,0.030561178024701895,0.9848355667922746,False
GUT_GENOME172369_12,GUT_GENOME172369_00719,3035,0.02638644399802332,0.01706888299918118,0.01952831982177791,0.0020897502470043536,0.028703882296445913,0.02065305515107316,0.7047857533256491,0.00931756099884214,0.02792412473513502,-0.0011247353292952525,-0.18048851151134465,0.03335585952980417,0.9834603769484015,False
GUT_GENOME172369_12,GUT_GENOME172369_00719,3053,0.024547277263403708,0.01667994149160781,0.01852816699945916,0.0018469815291034353,0.03865129592472203,0.019860530368997834,0.7646601000556823,0.007867335771795898,-0.023455276874617924,-0.0013323633695386736,-0.18535602035162865,0.03490700429385836,0.9826979279466351,False
GUT_GENOME172369_12,GUT_GENOME172369_00719,3128,0.025415000517780693,0.016429166892820646,0.01833217688570746,0.001801935429254788,0.025818099837536256,0.019695205099822435,0.7753026562832278,0.008985833624960048,0.016171499246505853,-0.0013630282141149745,-0.18607490881142477,0.034885389077059785,0.9827085486184071,False
GUT_GENOME172369_12,GUT_GENOME172369_00719,3152,0.024001269108294032,0.016135780097119832,0.01763125728116983,0.0017007269118585583,0.03707065245959057,0.019488363179017438,0.8625720918133546,0.0078654890111742,-0.023520704957021733,-0.0018571058978476065,-0.1976577734887397,0.0396218189822012,0.9803840370974278,False
GUT_GENOME172369_12,GUT_GENOME172369_00719,3206,0.023162303297653293,0.015158541851330663,0.016629115441494244,0.0016006898171929361,0.03216408915375398,0.019236274365318953,0.948319364061034,0.00800376144632263,-0.018621910725232282,-0.0026071589238247095,-0.21524157252833506,0.04667571010352905,0.9769323664752729,False
GUT_GENOME172369_12,GUT_GENOME172369_00719,3255,0.021351471733658072,0.015123327027304196,0.016035334673111572,0.0013911531431071071,0.06187663640122864,0.01909581044330989,0.9860949932146145,0.006228144706353876,-0.0815294673491565,-0.0030604757701983183,-0.22586886426882594,0.05766379789232649,0.971579774323891,False
GUT_GENOME172369_12,GUT_GENOME172369_00721,4283,0.021863571973823874,0.014698620369149824,0.01557878825552729,0.001336524883477096,0.0413420955566591,0.019129718558493467,0.9960561349621038,0.00716495160467405,-0.04833974139354505,-0.003550930302966177,-0.23736678994016633,0.058679723564493864,0.9710863732315622,False
GUT_GENOME172369_12,GUT_GENOME172369_00721,4343,0.019836962779339547,0.013969266464327555,0.014620404077601555,0.001088658662110982,0.04185654030146386,0.017097402018036435,0.9885552837469374,0.0058676963150119926,-0.09429963732893545,-0.002476997940434879,-0.21219015550119713,0.053917083691990976,0.9734015961210977,False
GUT_GENOME172369_12,GUT_GENOME172369_00721,4362,0.019299933282664036,0.01404917389660781,0.01460866847762321,0.0011184410512150812,0.061577554536565084,0.016978822687159188,0.9829614760934484,0.005250759386056226,-0.11615682864622263,-0.002370154209535978,-0.20968537433546625,0.05746036505135253,0.9716786049670172,False
GUT_GENOME172369_12,GUT_GENOME172369_00722,4629,0.018928566599847582,0.014128547370007459,0.014626619886920858,0.001065651475270028,0.07404440715161299,0.016865777172002005,0.9821887216717801,0.0048000192298401235,-0.13212590646666483,-0.0022391572850811465,-0.20661436000095557,0.06014674891824233,0.9703743302446614,False
GUT_GENOME172369_12,GUT_GENOME172369_00723,5033,0.018673115874276027,0.01358571561845879,0.014156313396330646,0.0011108137195735396,0.0658112192293311,0.016755701488989864,0.9903600818786273,0.005087400255817238,-0.12194440853563333,-0.002599388092659218,-0.21505939776354877,0.06112098333952573,0.9699017593156951,False
GUT_GENOME172369_12,GUT_GENOME172369_00723,5131,0.01804731177242836,0.013391685771118222,0.013822260499127643,0.0010617624698876485,0.08778838635965203,0.016642278077194792,0.9960460593195918,0.004655626001310139,-0.13724155163681628,-0.002820017578067149,-0.22023170478620033,0.067337247288717,0.966891856655791,False
GUT_GENOME172369_12,GUT_GENOME172369_00723,5648,0.016758443150230184,0.013071787502846953,0.013332754498709404,0.0010667803523275725,0.12357570865144779,0.016504373959282278,0.9985258445981493,0.003686655647383231,-0.171570782734082,-0.0031716194605728738,-0.22847445113852663,0.08163710831103657,0.9600033027558287,False
GUT_GENOME172369_12,GUT_GENOME172369_00724,5961,0.014743729517231224,0.01292340775398442,0.013040560782766329,0.000851805083807448,0.2663603685276489,0.01642626763962271,0.9999647724505021,0.001820321763246804,-0.23769231777746458,-0.0033857068568563815,-0.23349338929727267,0.11101680077595094,0.9460040768357847,False
GUT_GENOME172369_12,GUT_GENOME172369_00724,6108,0.01334964496644236,0.01273290498926884,0.012744748183307127,0.0007780332583092367,0.4144500556813907,0.015918735252224137,0.9999774337139337,0.000616739977173519,-0.28033349571559407,-0.0031739870689170106,-0.2285299559467014,0.13081280958512628,0.9366867120441558,False
GUT_GENOME172369_12,GUT_GENOME172369_00724,6298,0.01147674190714937,0.01209804043877973,0.012017139895398855,0.0006955418901669892,0.6084501283764193,0.015148868675157483,0.999996643230468,-0.0006212985316303606,-0.3241954259633058,-0.0031317287797586277,-0.22753927763652446,0.15687679708288066,0.9245590123610448,False
GUT_GENOME172369_12,GUT_GENOME172369_00724,6534,0.010605174065361584,0.011534705295294843,0.011463528374513962,0.0005874753267216021,0.6981058604987728,0.013707611956333398,0.9999332409232687,-0.000929531229933259,-0.3351156687642245,-0.0022440835818194355,-0.20672984918486045,0.15503974199528858,0.9254086354211194,False
GUT_GENOME172369_12,GUT_GENOME172369_00724,7014,0.0107414343197178,0.011367322000380766,0.011327637507018453,0.000587460430036772,0.6404900033416387,0.013414781941246168,0.999809441453054,-0.0006258876806629655,-0.32435801293724326,-0.0020871444342277154,-0.20305066073134642,0.1464376913800332,0.9293974131499708,False
GUT_GENOME172369_12,GUT_GENOME172369_00725,7323,0.01190803521360471,0.011604732476979811,0.011591694749363493,0.0007491305066533365,0.44743278533213027,0.014003756440121862,0.9993586334075955,0.0003033027366248983,-0.2914381279901275,-0.002412061690758369,-0.2106678285121029,0.12931711641639473,0.9373874720001888,False
GUT_GENOME172369_12,GUT_GENOME172369_00725,7968,0.011417096391749095,0.011619790866193608,0.011565322792284581,0.0006548186563512621,0.5354375053883896,0.013891593901452667,0.9998092363122242,-0.00020269447444451298,-0.30936488408021534,-0.0023262711091680856,-0.20865660491333346,0.139244210275924,0.9327462333233026,False
GUT_GENOME172369_12,GUT_GENOME172369_00725,8085,0.011902883705982538,0.011646521435480013,0.011652364004524924,0.0006415936699649753,0.4596430609640316,0.013773165103263473,0.999525999340113,0.00025636227050252446,-0.2931011614387751,-0.002120801098738549,-0.20383968764625104,0.1274589090964801,0.9382588068487403,False
GUT_GENOME172369_12,GUT_GENOME172369_00725,8199,0.012215839636147799,0.011622885793661705,0.01166783777992494,0.0006449334441211523,0.40490641532366745,0.013771310716743115,0.9994459460466958,0.0005929538424860933,-0.28117620438184593,-0.0021034729368181754,-0.20343345647807934,0.1204452291252002,0.9415549064184282,False
GUT_GENOME172369_12,GUT_GENOME172369_00725,8217,0.013537156002423532,0.011384694321774197,0.01155794872456203,0.0006263783940724504,0.22297791959670576,0.013766479497166993,0.9997889554704609,0.002152461680649335,-0.22592507646308446,-0.002208530772604963,-0.20589637017621837,0.0934354554265929,0.9543567480350985,False
GUT_GENOME172369_12,GUT_GENOME172369_00726,8639,0.01388760220191154,0.011369960153842408,0.011569867172013677,0.0006325106280189242,0.19367777088979,0.013752424199470037,0.9997203550180507,0.0025176420480691325,-0.21298725935182508,-0.00218255702745636,-0.20528745707383644,0.08750651267804385,0.9571901089291404,False
GUT_GENOME172369_12,GUT_GENOME172369_00726,8699,0.01419871042161395,0.01141320025030366,0.011680848278760519,0.0006582494769899942,0.16001709351301496,0.01375662665810467,0.9991933262197318,0.0027855101713102903,-0.20349707560258087,-0.002075778379344152,-0.20278420167042174,0.0825324922259128,0.9595736131895293,False
GUT_GENOME172369_12,GUT_GENOME172369_00731,15810,0.015294020104167671,0.011610659046964969,0.012024496044466171,0.0007059247012905869,0.11061410551931455,0.013799676529598284,0.9940431144198706,0.0036833610572027022,-0.1716875053430037,-0.0017751804851321128,-0.19573716262053006,0.06778963632163976,0.9666731757529472,False
GUT_GENOME172369_12,GUT_GENOME172369_00731,16135,0.015812866376402,0.011538235863562644,0.012058637067709209,0.0007005158780858248,0.07517184766142596,0.013913987713045134,0.9959580938134533,0.0042746305128393575,-0.1507396758237155,-0.0018553506453359257,-0.1976166243881292,0.06177478010199777,0.9695847518180588,False
GUT_GENOME172369_12,GUT_GENOME172369_00731,16182,0.016536176667460507,0.011594196198518498,0.012162848558183625,0.0007424595054126445,0.07950751206881501,0.014013956825604102,0.9936703218458127,0.004941980468942009,-0.12709642319689038,-0.001851108267420477,-0.19751716859216323,0.05516653267810809,0.9727936782127936,False
GUT_GENOME172369_12,GUT_GENOME172369_00731,16431,0.016446893438445867,0.012184621847971163,0.012538123377045253,0.0007956933541407773,0.1159491418642618,0.014097687735757678,0.9750025003292784,0.004262271590474704,-0.15117753473265935,-0.0015595643587124255,-0.19068238581762242,0.05921441926894504,0.9708267900763988,False
GUT_GENOME172369_12,GUT_GENOME172369_00731,16432,0.016760165153378956,0.012299132742644773,0.01280154737481585,0.0008593953316249601,0.10911024854499901,0.014044761653082981,0.9259976250539896,0.004461032410734183,-0.14413572369673114,-0.001243214278267131,-0.18326606184044306,0.05436155626808552,0.9731852949994659,False
GUT_GENOME172369_12,GUT_GENOME172369_00731,16552,0.01630084593902022,0.012056931627867085,0.012368754828874189,0.0008243058345618345,0.12234981569578368,0.01401824612455694,0.9773074210060558,0.004243914311153136,-0.15182790683289255,-0.0016494912956827503,-0.192790579682813,0.06021992090769257,0.9703388287839657,False
GUT_GENOME172369_12,GUT_GENOME172369_00731,16833,0.014784032570381474,0.010659180533336605,0.011701885697730898,0.0009191125405612751,0.07490834545889088,0.014161531339515624,0.9962758827687331,0.004124852037044869,-0.15604611258734538,-0.002459645641784726,-0.2117833584858236,0.06920258018515735,0.9659904894648382,False
GUT_GENOME172369_12,GUT_GENOME172369_00731,16887,0.01566677936456907,0.011246227981039306,0.011759546703094528,0.0008579021539971775,0.09415165196441366,0.0142911247551772,0.9984157202211009,0.004420551383529765,-0.14556990848094384,-0.002531578052082673,-0.21346969932214663,0.06675991078383806,0.9671710079274662,False
GUT_GENOME172369_12,GUT_GENOME172369_00731,16888,0.017312317399182736,0.011274558031898618,0.012232377641299634,0.0009376501363692044,0.046893457077315445,0.014358836418011781,0.9883311144866598,0.006037759367284118,-0.08827454708866525,-0.002126458776712147,-0.20397232289879053,0.049397104172437444,0.9756039614846747,False
GUT_GENOME172369_12,GUT_GENOME172369_00731,16906,0.017750180181871834,0.011702947428651732,0.012315159146460088,0.0008471667546569663,0.060605791588745773,0.014500327277876028,0.9950511612157137,0.006047232753220102,-0.08793891860039212,-0.00218516813141594,-0.20534867024904754,0.04990132977765846,0.9753580302382174,False
GUT_GENOME172369_12,GUT_GENOME172369_00731,16914,0.0247253095191583,0.01692152875361239,0.018293368695812284,0.0018825273860273246,0.11550496876328786,0.027549516526750435,0.9999995603119103,0.007803780765545911,-0.02570693967121627,-0.009256147830938151,-0.3711165316445597,0.13838832680714705,0.933145479785154,False
GUT_GENOME172369_12,GUT_GENOME172369_00731,16915,0.025624775933964426,0.017541888333222615,0.019260499794245812,0.002080417586295189,0.10590444836953816,0.030495586092091135,0.9999999667536914,0.008082887600741811,-0.015818584462580804,-0.011235086297845323,-0.4175095933464172,0.17456448815069045,0.9164184054625065,False
GUT_GENOME172369_12,GUT_GENOME172369_00731,16923,0.02527909295271477,0.017519508580898478,0.020181249411002147,0.0025284267388586794,0.10164954650990721,0.0332308591921406,0.9999998772865086,0.007759584371816293,-0.02727275456726649,-0.01304960978113845,-0.4600482075214461,0.2123881563853819,0.8992501063036875,False
GUT_GENOME172369_12,GUT_GENOME172369_00731,17028,0.02549090368771637,0.018303230295610682,0.020956982556227573,0.00277071106380171,0.11210064445777673,0.03630225324222911,0.9999999847365117,0.007187673392105687,-0.047534741025347556,-0.015345270686001538,-0.5138663225294915,0.26631814903433026,0.8753258389980534,False
GUT_GENOME172369_12,GUT_GENOME172369_00731,17202,0.02628669699613951,0.01882780848663799,0.02155208257888205,0.002789617735901661,0.09472892952698492,0.03795176201493824,0.9999999979340776,0.007458888509501521,-0.037925978069472885,-0.016399679436056188,-0.5385852569573594,0.29151245882435095,0.8643683850939043,False
GUT_GENOME172369_12,GUT_GENOME172369_00731,17206,0.02621682327419892,0.01920505367883012,0.021860543531047865,0.0028956421058330237,0.1173585973237235,0.03900335957279163,0.9999999983923686,0.0070117695953688,-0.05376676047217011,-0.017142816041743763,-0.5560069115348535,0.3120345502061981,0.8555444106254586,False
GUT_GENOME172369_12,GUT_GENOME172369_00731,17212,0.025260817404570927,0.01917322418800456,0.02141607943497556,0.0027419597971761857,0.14680452907089264,0.039311893338054876,0.9999999999663717,0.006087593216566368,-0.08650900522090477,-0.017895813903079316,-0.5736597475509749,0.3365693139445588,0.8451132330676612,False
GUT_GENOME172369_12,GUT_GENOME172369_00731,17361,0.02701636294865031,0.01881495379865975,0.021910411019373452,0.0029618627432476544,0.09343387398070113,0.0397872265872416,0.9999999992084602,0.008201409149990561,-0.011619535815037527,-0.017876815567868146,-0.5732143618290723,0.32870971821966755,0.8484408914744377,False
GUT_GENOME172369_12,GUT_GENOME172369_00731,17466,0.028402721578512074,0.018482343266968952,0.02297848798872141,0.0035557021157569865,0.06543557145263561,0.03987621058293307,0.9999989943648897,0.009920378311543122,0.04928107828203961,-0.016897722594211663,-0.5502610858691124,0.3052158872984952,0.8584662229779988,False
GUT_GENOME172369_12,GUT_GENOME172369_00731,17467,0.028984082495707403,0.018703117023862417,0.023013037362864038,0.003494870708277339,0.06643010153436693,0.03916246835753251,0.9999980895604476,0.010280965471844986,0.06205616464721364,-0.016149430994668472,-0.5327185806679048,0.28764005375954904,0.8660435986030219,False
GUT_GENOME172369_12,GUT_GENOME172369_00731,17487,0.027779877735906778,0.018094013942214486,0.022182517687776855,0.003308184608547993,0.06965960069875263,0.03833708538739238,0.9999994781429854,0.009685863793692292,0.04097256497578808,-0.016154567699615527,-0.5328390025372747,0.285596153705613,0.8669291042761759,False
GUT_GENOME172369_12,GUT_GENOME172369_00731,17502,0.027760276144016292,0.0186272073156398,0.02296004988942069,0.0036705391398547827,0.08058671967443232,0.036642446631058465,0.9999033539934856,0.009133068828376494,0.021387831514311607,-0.013682396741637775,-0.4748828903544384,0.22597119888827016,0.8931635220746017,False
GUT_GENOME172369_12,GUT_GENOME172369_00731,17503,0.029883542506546134,0.019563044977230944,0.023473839116740534,0.00331428701811436,0.05581742021994383,0.03512465976116317,0.999780398084221,0.01032049752931519,0.06345672879362446,-0.011650820644422636,-0.4272558232140321,0.18657429489948785,0.9109318909683305,False
GUT_GENOME172369_12,GUT_GENOME172369_00731,17506,0.027956294082325243,0.021294027336630873,0.02350466780829352,0.0031595354103291255,0.1540665375719853,0.03409259373447293,0.9995975469825932,0.006662266745694371,-0.06614914559572102,-0.010587925926179412,-0.4023379487724366,0.1662515344854557,0.9202354044724731,False
GUT_GENOME172369_12,GUT_GENOME172369_00731,17595,0.026907436212989473,0.02099916062069663,0.022955209274464577,0.0029720690992221157,0.18046869473515975,0.03104767186902982,0.996763810344386,0.005908275592292844,-0.09286197168530787,-0.008092462594565242,-0.34383578397332787,0.1268463921258359,0.9385462005759033,False
GUT_GENOME172369_12,GUT_GENOME172369_00731,17614,0.02731844121413279,0.020433529101000793,0.023170976412286763,0.0030724453528645545,0.1341186474986713,0.02994142425516517,0.9862238395533492,0.006884912113131997,-0.05826113928002062,-0.006770447842878408,-0.3128432528909301,0.10126526122958442,0.9506278379561804,False
GUT_GENOME172369_12,GUT_GENOME172369_00731,17635,0.027837766700450774,0.02203155375487954,0.024421516231848878,0.003150042225540285,0.17028937112352244,0.02707739405926006,0.8004205956083582,0.005806212945571234,-0.09647790500205518,-0.002655877827411182,-0.2163837096578773,0.05612989595889012,0.9723252141924267,False
GUT_GENOME172369_12,GUT_GENOME172369_00731,17772,0.026205709007623937,0.021111225182121985,0.02286762242454959,0.0028242733841642737,0.1904110033444235,0.025155133350812167,0.7910145969547282,0.005094483825501952,-0.12169344781251665,-0.0022875109262625766,-0.20774793413494339,0.057968499377834486,0.9714317646986025,False
GUT_GENOME172369_12,GUT_GENOME172369_00731,17988,0.025190259077939207,0.020695343652969447,0.022352923087970735,0.0027465549425371954,0.21272742712542408,0.024164237784932454,0.7452081525437833,0.004494915424969759,-0.14293529705699848,-0.0018113146969617189,-0.19658427168783665,0.05907587501980957,0.9708940436401065,False
GUT_GENOME172369_12,GUT_GENOME172369_00731,18073,0.02444734346227765,0.021040179316920968,0.02236266736410881,0.0028091254970477935,0.2573941325538943,0.023677907033697567,0.6801801190632023,0.0034071641453566823,-0.18147276613729665,-0.0013152396695887587,-0.18495458246883179,0.06714056242574187,0.966986947827632,False
GUT_GENOME172369_12,GUT_GENOME172369_00731,18115,0.025715702827052375,0.0216222975955703,0.023171953016226383,0.002760994524643277,0.22286358152555596,0.023455086237022145,0.5408389633753514,0.0040934052314820744,-0.15716022784490816,-0.00028313322079576153,-0.16075848998669776,0.050542629319066654,0.9750453320454482,False
GUT_GENOME172369_12,GUT_GENOME172369_00731,18312,0.02488089039153608,0.020881865814028157,0.02232934591534134,0.002602267215787662,0.22375188936754115,0.022530693999114962,0.5308370278951803,0.003999024577507924,-0.1605039991669708,-0.00020134808377362048,-0.15884116765878675,0.05099205029179777,0.9748262537501728,False
GUT_GENOME172369_12,GUT_GENOME172369_00731,18349,0.024800863155319954,0.02010773016423399,0.021638167774695925,0.002481198127481106,0.18459972932862717,0.02153731666527201,0.4837890028005463,0.0046931329910859625,-0.13591273273687898,0.00010085110942391687,-0.1517565887035976,0.041502333134959185,0.9794626573037949,False
GUT_GENOME172369_12,GUT_GENOME172369_00731,18351,0.025977153859293077,0.02044478098845077,0.02205011143203471,0.002565749181927298,0.1477453664409324,0.021033257370704377,0.34593501268993543,0.005532372870842309,-0.10617966643465615,0.0010168540613303342,-0.13028235785836362,0.028247614333309565,0.9859754658771069,False
GUT_GENOME172369_12,GUT_GENOME172369_00732,19129,0.02342786579300233,0.020239520052492684,0.02121977792235883,0.0025248501879965237,0.2713845198224887,0.020905377266188695,0.4504507935131341,0.0031883457405096453,-0.18922518865248086,0.000314400656170135,-0.14675025957094662,0.05734181070470719,0.9717362050352655,False
GUT_GENOME172369_12,GUT_GENOME172369_00732,19392,0.021308917677470517,0.019840638318429436,0.0205438882989426,0.002422531284891936,0.3773410606509315,0.020651578169298784,0.5177285211147413,0.001468279359041081,-0.25016467567885703,-0.00010768987035618405,-0.1566454999578341,0.08712017761454753,0.9573750248391959,False
GUT_GENOME172369_12,GUT_GENOME172369_00732,19394,0.02170284668565457,0.020365918525819048,0.021108197576022503,0.0026334054367015795,0.38799531373472423,0.0203824934165935,0.3914367526690765,0.001336928159835521,-0.2548182604393778,0.0007257041594290019,-0.13710790377061652,0.0837309231297232,0.9589987940907081,False
GUT_GENOME172369_12,GUT_GENOME172369_00732,19395,0.02104427815196947,0.020384853196149324,0.021132198741583823,0.002675420518615754,0.440049887698513,0.02026809393169119,0.3733555495018671,0.0006594249558201475,-0.2788212280900641,0.0008641048098926331,-0.13386332086725247,0.09566066590726055,0.9532955161916159,False
GUT_GENOME172369_12,GUT_GENOME172369_00732,19632,0.020129822101219146,0.020032067388438986,0.02079133240416203,0.002553591772012401,0.4907504338972563,0.0202606695351071,0.41768851487783537,9.775471278015979e-05,-0.2987203999229638,0.0005306628690549299,-0.14168033629949447,0.10930719502407327,0.9468130695567059,False
GUT_GENOME172369_12,GUT_GENOME172369_00733,20175,0.019874490285507848,0.019664544964591125,0.02053165102567054,0.0026109412174702635,0.48061117561864547,0.020449743778020845,0.4874869242016795,0.00020994532091672333,-0.29474564744673537,8.190724764969501e-05,-0.15220069738249778,0.11004004897251389,0.9464661952644058,False
GUT_GENOME172369_12,GUT_GENOME172369_00734,20478,0.02029943673731674,0.019389383484445157,0.020101925903397714,0.0022144560475724244,0.4174969883061273,0.0207779811385108,0.6199280331835497,0.0009100532528715823,-0.2699418266779112,-0.000676055235113087,-0.16996992104383982,0.1017583638498566,0.950393488308074,False
GUT_GENOME172369_12,GUT_GENOME172369_00734,20483,0.019635482679624318,0.019452760016432917,0.01996874381590376,0.0021118687969619372,0.48250849621302916,0.02064718720666169,0.6259905218651325,0.00018272266319140085,-0.29571010719965457,-0.0006784433907579303,-0.17002590755076644,0.11635327673849297,0.9434832773695415,False
GUT_GENOME172369_12,GUT_GENOME172369_00734,20905,0.020566224844580722,0.01945711567694641,0.02023648683818897,0.0022462127007408118,0.40910198431323513,0.02058575078337523,0.5617825398638706,0.0011091091676343132,-0.26288956086660564,-0.0003492639451862581,-0.16230881953374615,0.09545507411107493,0.9533935160972585,False
GUT_GENOME172369_12,GUT_GENOME172369_00734,20912,0.02182744786640671,0.018999633157570063,0.020176994330797778,0.002317658396952389,0.28416681086767354,0.02068873562552944,0.5873763080530594,0.002827814708836647,-0.20199828646076695,-0.0005117412947316623,-0.16611784231472976,0.06839844526838748,0.9663789608963886,False
GUT_GENOME172369_12,GUT_GENOME172369_00734,20964,0.020840367105843468,0.01859979801242275,0.019695283414714576,0.0021888997638838345,0.3210411789470802,0.02075888661859652,0.6864836881680516,0.002240569093420717,-0.22280355708723049,-0.0010636032038819423,-0.1790553661590802,0.08170224920108506,0.9599720355302297,False
GUT_GENOME172369_12,GUT_GENOME172369_00735,21156,0.01998542370644806,0.018289779528879863,0.019132729024161604,0.002102524743639604,0.3598899935350084,0.02038189755610916,0.7237867017361803,0.0016956441775681959,-0.24210946597406766,-0.0012491685319475573,-0.18340564983825294,0.09225462590684008,0.9549203807174805,False
GUT_GENOME172369_12,GUT_GENOME172369_00735,21157,0.019621745654758237,0.017688437665660223,0.018708871668283528,0.002340532188070504,0.33594610356596294,0.020171861706953884,0.7340365421638713,0.001933307989098014,-0.23368937770573292,-0.001462990038670356,-0.18841835463956916,0.09011220161757516,0.9559438511055478,False
GUT_GENOME172369_12,GUT_GENOME172369_00735,21158,0.019944775703666904,0.016970854220539178,0.018533622854874397,0.0025209156594832582,0.25750291870149244,0.019848239086010577,0.6989850443469079,0.0029739214831277262,-0.19682193281982485,-0.0013146162311361807,-0.1849399669468833,0.07294166461324594,0.9641862165741085,False
GUT_GENOME172369_12,GUT_GENOME172369_00735,21162,0.0183655600636277,0.016058712376510825,0.01735809070040276,0.0023621494794030242,0.2999476036365778,0.019812497794044825,0.8506108017170794,0.0023068476871168746,-0.22045540149033716,-0.002454407093642065,-0.2116605490648766,0.0934007720767108,0.9543732983231052,False
GUT_GENOME172369_12,GUT_GENOME172369_00735,21189,0.017164010380663303,0.01602819580983273,0.0168114953605261,0.0021770706239962597,0.3839231303431436,0.019582893489977975,0.8984899379456469,0.0011358145708305727,-0.26194342670042126,-0.002771398129451874,-0.21909189922011618,0.1166156190954365,0.9433595276725548,False
GUT_GENOME172369_12,GUT_GENOME172369_00735,21402,0.01706015045472192,0.015446781587439694,0.016370924154032192,0.0021259466727224234,0.33303478597094816,0.019439175231912034,0.9255235493044298,0.0016133688672822256,-0.2450243623163136,-0.0030682510778798425,-0.2260511439784036,0.11113605782246108,0.9459476696914437,False
GUT_GENOME172369_12,GUT_GENOME172369_00735,21406,0.01693571689991548,0.013449922616043532,0.014963030096605084,0.002115645802860435,0.17346465379355952,0.019366044042066953,0.9812907256517412,0.003485794283871947,-0.17868701300732612,-0.004403013945461869,-0.2573425343417735,0.09815422859892721,0.9521077057487803,False
GUT_GENOME172369_12,GUT_GENOME172369_00737,22939,0.015754452822017012,0.014672508624306153,0.015261058540761584,0.0018824513259029236,0.36849498359513744,0.019320781347265382,0.9844821634318011,0.0010819441977108595,-0.26385197682337175,-0.004059722806503798,-0.24929462014044243,0.1317656733045686,0.9362405509430813,False
GUT_GENOME172369_12,GUT_GENOME172369_00737,23166,0.015411510449282202,0.014116062806370802,0.0147107539753346,0.0015314111556538703,0.3430256406865726,0.01928781516255861,0.9985995617397272,0.0012954476429113994,-0.2562878557120827,-0.004577061187224009,-0.26142279482543007,0.13402534263983623,0.9351833512542728,False
GUT_GENOME172369_12,GUT_GENOME172369_00737,23169,0.01582849564612708,0.014016741660780107,0.01484926347735144,0.0016125796315615887,0.292392376284786,0.019104563585110722,0.9958401875783289,0.0018117539853469734,-0.23799586187076047,-0.0042553001077592825,-0.25387961859105573,0.12109689100354604,0.9412481686740244,False
GUT_GENOME172369_12,GUT_GENOME172369_00737,23172,0.016318375349053983,0.014393694588285062,0.015062937582010928,0.00164163999944362,0.2899857677003804,0.018853342391555408,0.9895258100377322,0.0019246807607689216,-0.23399502804254457,-0.0037904048095444808,-0.24298088848112426,0.11379338531570776,0.9446916579099564,False
GUT_GENOME172369_12,GUT_GENOME172369_00739,24065,0.01889790479944148,0.014420312855393259,0.015476791608375095,0.0017394262373968742,0.14116519909101655,0.01869031133131088,0.967659721843949,0.004477591944048219,-0.1435490431613602,-0.003213519722935784,-0.22945673608049583,0.07325672152525636,0.9640343417707259,False
GUT_GENOME172369_12,GUT_GENOME172369_00739,24069,0.020465866856686662,0.014254333818044156,0.015554685866367579,0.0016756206579591874,0.0900775658089415,0.018677302874693887,0.9688081302602818,0.006211533038642506,-0.08211799493151599,-0.003122617008326308,-0.22732566666208445,0.058420323814933624,0.9712123311807596,False
GUT_GENOME172369_12,GUT_GENOME172369_00739,24080,0.01850480872992114,0.01414652412992905,0.01501139280368916,0.0016182129446679985,0.16582766418864114,0.01860611985999836,0.9868386620909023,0.004358284599992088,-0.14777593139287865,-0.003594727056309201,-0.23839353509377362,0.07866920347353905,0.9614289595207407,False
GUT_GENOME172369_12,GUT_GENOME172369_00739,24093,0.016226257586212052,0.015130354181886213,0.015226727480728728,0.001351171122663295,0.3891975859452951,0.018027089100992672,0.9808926319257418,0.001095903404325839,-0.26335742213665914,-0.002800361620263944,-0.21977090214962397,0.11765638122612607,0.9428687489435954,False
GUT_GENOME172369_12,GUT_GENOME172369_00739,24237,0.014861540689688854,0.014612634357622802,0.014603389367284,0.0012613498133474603,0.47191141041489343,0.017399906221947464,0.9866912797513635,0.00024890633206605187,-0.2933653146531592,-0.002796516854663464,-0.21968076774134643,0.1343228475569745,0.9350442507775862,False
GUT_GENOME172369_12,GUT_GENOME172369_00739,24258,0.016122678941488708,0.01448241816730995,0.014705783319835398,0.0012778594095483602,0.32749580054773086,0.01744061117697241,0.9838292154908734,0.0016402607741787586,-0.2440716205912898,-0.002734827857137013,-0.21823456740898176,0.10719728239024393,0.9478124430403706,False
GUT_GENOME172369_12,GUT_GENOME172369_00739,24791,0.017061775670428242,0.014121869447913186,0.014543592003827415,0.0012370339303301298,0.2178708842523417,0.017235647198614232,0.9852305088051687,0.002939906222515056,-0.19802704475918784,-0.0026920551947868174,-0.2172318304382529,0.08640437861161124,0.9577177302066858,False
GUT_GENOME172369_12,GUT_GENOME172369_00739,24932,0.015887059998229553,0.014090693777958404,0.014345157318906641,0.0011555569354047002,0.28997111077701343,0.01721149625459655,0.9934397676561926,0.0017963662202711492,-0.23854102833660493,-0.002866338935689907,-0.22131763526774023,0.10588331788038945,0.9484353435913466,False
GUT_GENOME172369_12,GUT_GENOME172369_00739,25086,0.01624584609536489,0.01495494048089866,0.015137016153727006,0.0013672481030681013,0.34478521307321985,0.016982726835687748,0.9114832975975682,0.0012909056144662315,-0.2564487732711314,-0.0018457106819607418,-0.19739063079451963,0.10472903443772652,0.9489828831868924,False
GUT_GENOME172369_12,GUT_GENOME172369_00741,26718,0.016255351781926088,0.01602205812547605,0.016019188088277663,0.0010911301143605688,0.4705071919049181,0.016643535948280993,0.7164077522214058,0.00023329365645003916,-0.2939184493771439,-0.0006243478600033298,-0.1687577239573598,0.11486722427953314,0.9441845706991073,False
GUT_GENOME172369_12,GUT_GENOME172369_00741,27162,0.015553553521698392,0.015830431152184667,0.015786644534393796,0.0010757801252129614,0.5363795718271911,0.016422367036026408,0.7227199979418291,-0.0002768776304862743,-0.31199308699371153,-0.0006357225016326122,-0.169024384320867,0.1259089288269138,0.9389862300043981,False
GUT_GENOME172369_12,GUT_GENOME172369_00741,27333,0.014977094522070722,0.01562907906785827,0.015586020678963468,0.0009268376729961308,0.5906243012621744,0.01581413286002907,0.5972048670093026,-0.0006519845457875501,-0.3252825874715882,-0.00022811218106560255,-0.15946860930885587,0.13123899906711195,0.9364871302975268,False
GUT_GENOME172369_12,GUT_GENOME172369_00741,27402,0.01569147636766658,0.015734857757421426,0.015746385485406085,0.0009132042318594574,0.5056501649896668,0.015341271680606344,0.3286594067566395,-4.338138975484504e-05,-0.303720649786601,0.0004051138047997411,-0.14462363422512656,0.11316222868327834,0.9449898291584173,False
GUT_GENOME172369_12,GUT_GENOME172369_00741,27553,0.016116561701505393,0.014893522073363811,0.014980863875943684,0.000791697761824933,0.3552212896852599,0.015095758685105093,0.5576937461422261,0.0012230396281415826,-0.25885316791410573,-0.00011489480916140882,-0.1568144082771874,0.09159572118249262,0.9552350333212716,False
GUT_GENOME172369_12,GUT_GENOME172369_00741,27559,0.01532153774355572,0.01419709725351573,0.014265313552610306,0.0007278587858436501,0.3642465374538803,0.014357287958884569,0.5502776981416664,0.0011244404900399903,-0.2623463940836817,-9.197440627426237e-05,-0.15627707592291937,0.09324815494772834,0.9544461279582162,False
GUT_GENOME172369_12,GUT_GENOME172369_00742,28947,0.016005915019906298,0.013801424140385448,0.013906379481899551,0.0006922018215535005,0.2634593668901761,0.014047253257134597,0.5806339201577423,0.00220449087952085,-0.22408175650533005,-0.000140873775235046,-0.1574234437758446,0.07499477424876053,0.9631969344313208,False
GUT_GENOME172369_12,GUT_GENOME172369_00742,28949,0.015567468598033481,0.01366673960709837,0.013753755588417686,0.0006777193164505713,0.28825766858107976,0.013831966868417547,0.5459374053600745,0.0019007289909351108,-0.23484360492467635,-7.821127999986174e-05,-0.15595442133959792,0.0794733003093863,0.961042496222304,False
GUT_GENOME172369_12,GUT_GENOME172369_00742,29123,0.0151718994863784,0.013472758425514906,0.013562910307490392,0.000632716661608422,0.30028082126974665,0.013709307344329777,0.5914896196477867,0.0016991410608634943,-0.2419855764099773,-0.0001463970368393852,-0.15755292785061023,0.08337994426476857,0.9591671030126162,False
GUT_GENOME172369_12,GUT_GENOME172369_00742,29363,0.015432488029816548,0.013202044029572813,0.01327941507564139,0.0005015948541684266,0.244737188055845,0.013643437856971303,0.7659980591520796,0.0022304440002437354,-0.22316227462915042,-0.00036402278132991253,-0.1626548169496892,0.07625799029459325,0.9625887636028909,False
GUT_GENOME172369_12,GUT_GENOME172369_00744,30758,0.016184460595737835,0.012927037006664921,0.0130424946927049,0.0004850337342934202,0.1600946717267156,0.013409825321313814,0.775573927904454,0.0032574235890729143,-0.18677785946700068,-0.00036733062860891397,-0.1627323641627437,0.061367791133070476,0.9697820770438904,False
GUT_GENOME172369_12,GUT_GENOME172369_00745,31649,0.015846385808217404,0.013113932749459215,0.01320618169140956,0.0005042249279199718,0.19216559843174486,0.013395554248210333,0.6463822917284496,0.0027324530587581886,-0.20537681306902986,-0.0001893725568007723,-0.15856042049506525,0.06732104229396314,0.9668996909262619,False
GUT_GENOME172369_12,GUT_GENOME172369_00745,33675,0.01601490602979336,0.012841742349234483,0.012993529980864183,0.0005407332855613133,0.1614831261178637,0.013386178999205663,0.7661240638256381,0.003173163680558878,-0.1897630672805217,-0.0003926490183414795,-0.16332591350078368,0.06268537572457727,0.9691434024830134,False
GUT_GENOME172369_12,GUT_GENOME172369_00745,33745,0.01697731142493593,0.012597855453751606,0.012749951010745567,0.00048405743099721316,0.12138602822927924,0.013507539633252803,0.9412179282372202,0.004379455971184323,-0.14702586005028415,-0.0007575886225072367,-0.17188134150253145,0.05115979908023558,0.9747444942174844,False
GUT_GENOME172369_12,GUT_GENOME172369_00748,35472,0.016639211760302655,0.012587845382442066,0.012707802396445061,0.00047084595319285023,0.1396379611290019,0.013481802056183958,0.9498963038061672,0.004051366377860589,-0.15864960418669968,-0.0007739996597388964,-0.1722660721425244,0.0548452965200099,0.9729499390135181,False
GUT_GENOME172369_12,GUT_GENOME172369_00751,37916,0.016653642156782705,0.012601232341225841,0.012698260773099058,0.0004298513860164113,0.14133393424805568,0.013500649880920933,0.9690259005504812,0.004052409815556863,-0.15861263668437536,-0.0008023891078218753,-0.1729316175541782,0.055063312865874216,0.9728438852987777,False
GUT_GENOME172369_12,GUT_GENOME172369_00752,39033,0.017418135377457906,0.012306687793798883,0.012418623086880253,0.00040402810310764256,0.10204419199230347,0.013481835891429213,0.9957499544980912,0.005111447583659024,-0.12109244617021442,-0.0010632128045489596,-0.17904621386827058,0.046720927220048766,0.9769102796926256,False
GUT_GENOME172369_13,GUT_GENOME172369_00770,12870,0.01580351560852332,0.01415941391751618,0.01425996902868455,0.0007013766205700835,0.3259767340893942,0.013690380797950137,0.20836701322629242,0.001644101691007139,-0.24393554241212523,0.0005695882307344136,-0.1407677931677286,0.07932012044521017,0.9611161052206415,False
GUT_GENOME172369_13,GUT_GENOME172369_00771,12976,0.01788762472443918,0.014308813579990497,0.014478591237458703,0.0007192028596274788,0.20092404633902217,0.013823423056503867,0.18115707326404218,0.0035788111444486834,-0.17539155893100689,0.0006551681809548356,-0.1387615074860808,0.05001695490405852,0.9753016439203861,False
GUT_GENOME172369_13,GUT_GENOME172369_00771,13272,0.018385074568980163,0.014020642075265159,0.01424422792180848,0.0006986079696216184,0.15815439514113783,0.014021174622401338,0.3747561506906135,0.004364432493715004,-0.14755812032825721,0.00022305329940714227,-0.14889175291673537,0.04394215296142661,0.9782685296107028,False
GUT_GENOME172369_13,GUT_GENOME172369_00771,13284,0.019811341090831595,0.014342228078004605,0.014611057384325324,0.0006811749327874466,0.12265734269840722,0.014079453189243146,0.2175711353218734,0.005469113012826991,-0.10842087255225,0.0005316041950821776,-0.14165826840946455,0.031822150613759134,0.9842148371663709,False
GUT_GENOME172369_13,GUT_GENOME172369_00772,14000,0.02070811605100979,0.014957080748349023,0.015265197269896868,0.000748484862172675,0.12486579423487926,0.014372370323047874,0.11646490487856526,0.005751035302660766,-0.09843276982036389,0.0008928269468489944,-0.13318997609463396,0.027428579906597902,0.9863793224898034,False
GUT_GENOME172369_13,GUT_GENOME172369_00772,14061,0.019068285126224403,0.015279454145395157,0.015481728853313325,0.0007631339799711231,0.209359495802876,0.014668523413669348,0.14329932493153064,0.003788830980829246,-0.16795085708817,0.0008132054396439766,-0.13505657556618314,0.04644776900031504,0.9770437143410311,False
GUT_GENOME172369_13,GUT_GENOME172369_00772,14757,0.018998225242195937,0.015508929390392237,0.015709468718815702,0.0007786397097259174,0.21405663385387264,0.015086120371381928,0.21169300631338622,0.0034892958518037004,-0.1785629574732793,0.0006233483474337737,-0.13950747282283663,0.05134706475501865,0.974653230397471,False
GUT_GENOME172369_13,GUT_GENOME172369_00773,15132,0.020108378782158442,0.016546799745113874,0.016777785491963976,0.0008981357995511215,0.22220302927962488,0.01572347194361146,0.12021934023234754,0.0035615790370445675,-0.17600206780258523,0.0010543135483525173,-0.12940417982412886,0.04772216962674129,0.9764213400898223,False
GUT_GENOME172369_13,GUT_GENOME172369_00773,15674,0.019936580437786785,0.016630491768775412,0.01691065167870668,0.0009698893226327834,0.23558082931337998,0.016004012687640002,0.17494928980040614,0.0033060886690113728,-0.18505372542223478,0.0009066389910666779,-0.13286617470801415,0.0518983016741884,0.9743846349921056,False
GUT_GENOME172369_13,GUT_GENOME172369_00773,15705,0.02024825142485213,0.0167622330242289,0.01721834990260669,0.0011301886210072145,0.22383538423047894,0.016429183581556654,0.24250707948967803,0.0034860184006232295,-0.1786790728719893,0.0007891663210500381,-0.13562013442909707,0.05031903194496003,0.9751543469271351,False
GUT_GENOME172369_13,GUT_GENOME172369_00773,15708,0.01851799805295702,0.016716511413697333,0.01697371487231136,0.0010628530606939283,0.3222057841423497,0.016500385485012203,0.3280375746931372,0.0018014866392596883,-0.23835961922944288,0.00047332938729915605,-0.14302442849900332,0.0772712952266715,0.9621011891578574,False
GUT_GENOME172369_13,GUT_GENOME172369_00773,15732,0.018741191597217398,0.016792293336777207,0.017084191600347045,0.001091678773770051,0.300190482102357,0.016485584348608227,0.29173045549753984,0.0019488982604401912,-0.23313703673306466,0.0005986072517388183,-0.14008748842127083,0.07397738230885403,0.963687033475273,False
GUT_GENOME172369_13,GUT_GENOME172369_00775,17607,0.019340762647675133,0.01687151023695136,0.017132223039787228,0.001001972754556327,0.2596326608562812,0.016469907871608493,0.25430257979203696,0.0024692524107237726,-0.21470163486022897,0.000662315168178735,-0.13859395774928734,0.06530507713626633,0.9678748003342957,False
GUT_GENOME172369_13,GUT_GENOME172369_00775,18276,0.019908328526089536,0.016998006960371598,0.01721833346399868,0.0010147224605545576,0.23149538654201063,0.016521992574458473,0.2462815884420762,0.002910321565717938,-0.1990751867544569,0.0006963408895402055,-0.13779627888409252,0.0586187444556245,0.9711159816737714,False
GUT_GENOME172369_13,GUT_GENOME172369_00776,18628,0.02042692502732998,0.016876431103911183,0.017131117951666736,0.0009347832603286959,0.1994433551735214,0.016667593005240216,0.3099953420240425,0.003550493923418798,-0.17639479749328865,0.00046352494642652037,-0.1432542780056771,0.05163691274962614,0.9745119899901461,False
GUT_GENOME172369_13,GUT_GENOME172369_00776,19042,0.020632913776737382,0.016642885311260076,0.016928829760198102,0.0009028248832925227,0.1731078579180083,0.016665602931040382,0.38531186744727197,0.003990028465477306,-0.1608227185247142,0.00026322682915772,-0.1479499484717428,0.0477531340464708,0.9764062230467414,False
GUT_GENOME172369_13,GUT_GENOME172369_00776,19099,0.02090519621567628,0.016845394149616853,0.017147053350259775,0.0009636229032956972,0.17861245743687332,0.017159498337710143,0.5051521125576759,0.0040598020660594265,-0.15835073984222436,-1.2444987450368344e-05,-0.15441263531685234,0.04891821875407506,0.9758375907095915,False
GUT_GENOME172369_13,GUT_GENOME172369_00776,19100,0.019768724676450848,0.016339544254409654,0.016580368052899325,0.0008798610309807848,0.19428145438865968,0.016932564081634034,0.6555270508371055,0.003429180422041194,-0.1806927610038672,-0.0003521960287347081,-0.16237755756438882,0.05901634507977707,0.9709229427022921,False
GUT_GENOME172369_13,GUT_GENOME172369_00776,19135,0.019816370003824656,0.016526196363800715,0.01676393922562722,0.0009163370553131496,0.2023519945120305,0.01684520509244317,0.5353340964498092,0.0032901736400239405,-0.18561757209289406,-8.126586681594938e-05,-0.15602603126431372,0.05879800550175333,0.9710289439410549,False
GUT_GENOME172369_13,GUT_GENOME172369_00776,19169,0.019075024967401294,0.016473528718702814,0.01671311982019611,0.0009519420515844799,0.2625297798474691,0.01660835968349881,0.45618531312303656,0.0026014962486984802,-0.21001642518727592,0.00010476013669730166,-0.15166494778270942,0.06710915523437463,0.9670021331189235,False
GUT_GENOME172369_13,GUT_GENOME172369_00776,19171,0.01907309496710333,0.016252776984018075,0.016600150256312667,0.0009717947698964736,0.25193976744974433,0.016395317220028852,0.41653022174039867,0.002820317983085255,-0.20226388471127005,0.00020483303628381425,-0.14931889797730197,0.06320681235164985,0.9688907619849766,False
GUT_GENOME172369_13,GUT_GENOME172369_00776,19175,0.019353160477326218,0.016211463464764743,0.016541155780220515,0.0009551879680961597,0.2413684880768303,0.016389913524629582,0.43709535552728773,0.003141697012561475,-0.19087788623567958,0.00015124225559093318,-0.1505752485091208,0.059107272917384525,0.9708788017438785,False
GUT_GENOME172369_13,GUT_GENOME172369_00776,19232,0.017543155253885025,0.015868667589579687,0.016062987717835257,0.0009144741561315446,0.34278335502052104,0.016347309956652244,0.6220667587756659,0.0016744876643053387,-0.24285901092151582,-0.00028432223881698707,-0.1607863646211777,0.08483275423387125,0.9584706122457786,False
GUT_GENOME172369_13,GUT_GENOME172369_00777,19425,0.01708040623928731,0.01539473192267858,0.015617071278842916,0.0008251625083927905,0.33920601281838214,0.01608780688983553,0.715822635981212,0.0016856743166087321,-0.24246268386096995,-0.0004707356109926158,-0.16515652934434438,0.08606483225013395,0.9578803387948909,False
GUT_GENOME172369_13,GUT_GENOME172369_00778,20612,0.016603831449141345,0.015260214524973743,0.015469259856480136,0.0008300733443166672,0.3702682985987375,0.01589209080831642,0.6947605118056702,0.0013436169241676024,-0.25458128710414557,-0.00042283095183628244,-0.1640334808791136,0.09171861459292192,0.9551763390790706,False
GUT_GENOME172369_13,GUT_GENOME172369_00778,20617,0.01679142212075913,0.015334192738848718,0.0154868173245203,0.0008406033243321501,0.3581162038862524,0.01579111460770226,0.6413234868486352,0.0014572293819104104,-0.25055616053388996,-0.00030429728318195903,-0.16125464773417908,0.08878145099735862,0.9565801241986521,False
GUT_GENOME172369_13,GUT_GENOME172369_00779,22501,0.01768580662812309,0.015126727594806521,0.015280533490828117,0.0007659748688762646,0.2673559968272863,0.015735028438838235,0.7235281703640144,0.002559079033316569,-0.21151920634404386,-0.00045449494801011806,-0.16477579285737132,0.07189143656418955,0.9646926572365982,False
GUT_GENOME172369_13,GUT_GENOME172369_00779,22751,0.018816999746638863,0.014965023911391866,0.015190163654667266,0.0008022762357231991,0.20158238319704658,0.01570967841338282,0.7413622927329181,0.003851975835246997,-0.16571372538323684,-0.0005195147587155526,-0.1663000788017517,0.055116754989859656,0.972817890224319,False
GUT_GENOME172369_13,GUT_GENOME172369_00780,23830,0.02073974788457715,0.014798040732863314,0.015113000097544575,0.0008246992504099809,0.13210828258955548,0.015698178456278633,0.7610132737170756,0.005941707151713837,-0.0916775394427175,-0.0005851783587340585,-0.1678394573616044,0.03657485468570885,0.9818787729889883,False
GUT_GENOME172369_13,GUT_GENOME172369_00780,24277,0.02197077168981611,0.014696140127606325,0.015068139641772504,0.0008195418388563951,0.09048443361638153,0.01550989918003594,0.7050677229586447,0.007274631562209786,-0.04445393767032134,-0.00044175953826343546,-0.16447723145182155,0.02902891224045289,0.9855903708165032,False
GUT_GENOME172369_13,GUT_GENOME172369_00780,24280,0.021999451802903306,0.014641386427986451,0.015013508938758677,0.0008115826859842009,0.07414890334535465,0.015365601016327335,0.6677954668664496,0.007358065374916855,-0.0414979972474392,-0.0003520920775686581,-0.16237512059480075,0.02808776356372456,0.9860542734949358,False
GUT_GENOME172369_13,GUT_GENOME172369_00780,24281,0.023782740108996444,0.014834134200401063,0.015302849066431276,0.0008536645526833422,0.04750377290754756,0.015274719926070632,0.48685681283174753,0.008948605908595381,0.014852574603324774,2.8129140360643248e-05,-0.1534614394881224,0.023771012382113984,0.9881848474323253,False
GUT_GENOME172369_13,GUT_GENOME172369_00781,24881,0.02531418169089823,0.014824542664130773,0.015430237718072932,0.0008692975541446852,0.03249391177054842,0.015249182876280236,0.41750627494369774,0.010489639026767457,0.06944916966722256,0.00018105484179269625,-0.14987633989004082,0.027286104426301704,0.9864495924265725,False
GUT_GENOME172369_13,GUT_GENOME172369_00781,24993,0.026908990223025318,0.014820186606352908,0.015556695634785447,0.0008795617600746845,0.02632261201549927,0.015341943927032226,0.4035543733352164,0.01208880361667241,0.12610527947174643,0.00021475170775322149,-0.14908637051615264,0.03812928738432682,0.9811159372361915,False
GUT_GENOME172369_13,GUT_GENOME172369_00781,25217,0.02648857753547484,0.014974942932726918,0.01571827877803657,0.0008948175570038865,0.02808268700871328,0.015466662055618977,0.3892810627733477,0.011513634602747923,0.10572786553025698,0.00025161672241759414,-0.14822212893989128,0.03314818105705786,0.9835625040252541,False
GUT_GENOME172369_13,GUT_GENOME172369_00782,26939,0.026759381915222372,0.015379059586267816,0.016205330533509664,0.0008653765831978757,0.023521722915154846,0.015796132308862235,0.3181580765538885,0.011380322328954556,0.10100480270732602,0.00040919822464742864,-0.14452788150457524,0.031090278702146396,0.9845750626692402,False
GUT_GENOME172369_13,GUT_GENOME172369_00784,28171,0.025214476595300708,0.015389664415154899,0.016156186485971075,0.0008944652029774697,0.033114954493046446,0.01587431946806606,0.37633393789305186,0.009824812180145808,0.04589530719367307,0.0002818670179050159,-0.14751295892348307,0.023866452272762823,0.9881376924305614,False
GUT_GENOME172369_13,GUT_GENOME172369_00784,28255,0.026310747397260238,0.015621758850972143,0.016509308432179674,0.0009406295680610135,0.025489098390272295,0.016154347353509523,0.35295102804120704,0.010688988546288095,0.0765118374743628,0.0003549610786701511,-0.14579938504141285,0.027111521952157467,0.9865357045901686,False
GUT_GENOME172369_13,GUT_GENOME172369_00784,28905,0.028087706717981043,0.01593135104105349,0.017006054368532725,0.001061141449877748,0.014169495226325731,0.01626848482548148,0.2435051397687068,0.012156355676927553,0.1284985521639367,0.0007375695430512433,-0.13682973874239146,0.03523425531253907,0.9825371466519665,False
GUT_GENOME172369_13,GUT_GENOME172369_00785,29197,0.027571503723799896,0.01609290256174858,0.017092102761734593,0.0010855031882708746,0.017214635440581584,0.01628156000629148,0.2276230232538135,0.011478601162051315,0.1044866809295804,0.0008105427554431117,-0.1351189979580306,0.029174610100862215,0.9855185742275534,False
GUT_GENOME172369_13,GUT_GENOME172369_00785,29203,0.02636177704252145,0.015941053564735536,0.01706422828689445,0.0012269189360202372,0.022202449732308734,0.016326411496893505,0.27380098061569724,0.010420723477785915,0.06700759052334636,0.0007378167900009454,-0.13682394243129595,0.023210808410187047,0.9884616787392796,False
GUT_GENOME172369_13,GUT_GENOME172369_00785,29210,0.027823007353026567,0.016448284342714822,0.017817281229111206,0.0013877327296090295,0.019464954553550268,0.01680996097762394,0.2339577556662279,0.011374723010311744,0.10080642687168015,0.0010073202514872676,-0.13050586285141902,0.027193715937228788,0.9864951617727805,False
GUT_GENOME172369_13,GUT_GENOME172369_00786,29634,0.023877697203420464,0.0164589365106812,0.017348328184661498,0.0012993855880366037,0.0666364431944605,0.017018632607214656,0.39985134285499707,0.007418760692739265,-0.03934764911387321,0.0003296955774468417,-0.14639169449255676,0.02297876570719056,0.988576368052227,False
GUT_GENOME172369_13,GUT_GENOME172369_00786,29635,0.022714179203876753,0.016941736893943734,0.017566909003946363,0.0012841502411055415,0.10986444721297611,0.017430586057423716,0.45772845817896407,0.005772442309933019,-0.09767435022912276,0.0001363229465226462,-0.15092500795729397,0.03231863671959058,0.983970542993888,False
GUT_GENOME172369_13,GUT_GENOME172369_00786,29640,0.022874473148834132,0.018159975536315796,0.018595364545488446,0.0012903707464474651,0.16023464848112173,0.018080812871805487,0.3450340457347589,0.004714497612518336,-0.13515581481520553,0.0005145516736829586,-0.14205803762446326,0.03844758033207554,0.9809598085183154,False
GUT_GENOME172369_13,GUT_GENOME172369_00786,29644,0.02105211875918369,0.017674475479136725,0.018001166006804372,0.0012411774481873208,0.22391857648132651,0.01737565856240484,0.30714370756079007,0.0033776432800469644,-0.1825186480915809,0.0006255074443995319,-0.13945685623195836,0.052761271651279446,0.9739642933411149,False
GUT_GENOME172369_13,GUT_GENOME172369_00786,29645,0.021940928051216637,0.017771128528089465,0.018194355568683554,0.0012990159080804127,0.17507657649217306,0.017148426854012196,0.21036077602580128,0.004169799523127172,-0.15445368756556097,0.0010459287146713583,-0.12960074890034567,0.04065229571813037,0.9798790357353859,False
GUT_GENOME172369_13,GUT_GENOME172369_00786,30436,0.01889079043238966,0.01658281161844232,0.016703194174294864,0.001353168891038253,0.2638144995433748,0.01486875981169721,0.08760398895783705,0.002307978813947339,-0.2204153272876477,0.0018344343625976544,-0.11111548935931533,0.06092956847888097,0.9699945905629935,False
GUT_GENOME172369_13,GUT_GENOME172369_00786,30584,0.019205443576926353,0.016635843488697115,0.016787487613080066,0.0016320142440440818,0.23717332740367625,0.01449004610680394,0.07960496438407727,0.002569600088229238,-0.21114646044524488,0.002297441506276126,-0.10026102402636987,0.05463510069737167,0.9730521993935086,False
GUT_GENOME172369_13,GUT_GENOME172369_00786,30607,0.01800532225714489,0.016847290696389315,0.016631034415949084,0.0016429543560251393,0.36246438379534174,0.01440865443155175,0.08808006117090023,0.0011580315607555743,-0.26115631058450495,0.0022223799843973328,-0.10202072190186805,0.07861084625548871,0.9614570130897361,False
GUT_GENOME172369_13,GUT_GENOME172369_00786,30659,0.0162785008018396,0.01875916305831302,0.01718407602206429,0.0019510374304956616,0.7942471924804737,0.014201726001300598,0.06318218643716235,-0.0024806622564734204,-0.3900700182512191,0.0029823500207636928,-0.0842044343425029,0.1592450059014473,0.923464885865709,False
GUT_GENOME172369_13,GUT_GENOME172369_00787,31359,0.01723158869506898,0.020003520311843836,0.017438327104013558,0.0018301151184190278,0.8217715377717889,0.013836424641480702,0.02452660395180035,-0.002771931616774855,-0.4003892742953467,0.0036019024625328563,-0.06968001373054986,0.165166875284244,0.9207346107267727,False
GUT_GENOME172369_13,GUT_GENOME172369_00787,31371,0.017933766773201174,0.020108508723541266,0.017354906944852116,0.0018375974953286796,0.7444500446797099,0.013808522801487708,0.02680945498024119,-0.002174741950340092,-0.37923170019119157,0.0035463841433644085,-0.07098155233310714,0.14885506320151945,0.9282747422061693,False
GUT_GENOME172369_13,GUT_GENOME172369_00788,31529,0.016728220674093894,0.02097231116133286,0.017442282921181964,0.0018847539625411833,0.9128474187012269,0.013897177198654386,0.02999016314224123,-0.004244090487238967,-0.4525457534603061,0.0035451057225275775,-0.07101152287426134,0.2098402953558779,0.9003964184604907,False
GUT_GENOME172369_13,GUT_GENOME172369_00788,31619,0.017740220423214374,0.02056929164631157,0.01778737455066293,0.0019250424656995703,0.7931202021204129,0.013781611375243068,0.018722901960051174,-0.002829071223097196,-0.4024136486658286,0.004005763175419862,-0.060212142300870956,0.1655622467130053,0.9205526126373,False
GUT_GENOME172369_13,GUT_GENOME172369_00788,32120,0.017262835495749744,0.01930028229802417,0.017210116861231643,0.0018585453165693194,0.7266539281285295,0.0137846892171345,0.03265945323581427,-0.0020374468022744258,-0.3743675298402841,0.003425427644097142,-0.0738171848843896,0.14560002418297216,0.9297867575425504,False
GUT_GENOME172369_13,GUT_GENOME172369_00794,38852,0.016279022983797548,0.018838582669498158,0.01693006991190094,0.0017646373863932305,0.7903787037883536,0.013779565302338394,0.03710185676389536,-0.0025595596857006103,-0.3928652411080834,0.0031505046095625447,-0.08026231772591709,0.16078513731764857,0.9227540309620892,False
GUT_GENOME172369_13,GUT_GENOME172369_00794,38880,0.016229669018639578,0.019347521761606996,0.01735820903837986,0.0017872315673284674,0.8358032205290107,0.01378522809355357,0.02279494497456593,-0.0031178527429674176,-0.4126447640885738,0.0035729809448262918,-0.07035803266742414,0.17522595409054506,0.9161153657969385,False
GUT_GENOME172369_13,GUT_GENOME172369_00794,38918,0.015395603438949116,0.018076478054533184,0.017072498761645336,0.0016226058188925948,0.8120546457547043,0.013691064242268946,0.018582214175353592,-0.002680874615584068,-0.39716325522857726,0.00338143451937639,-0.07484853365230613,0.1633409542936604,0.9215755888845191,False
GUT_GENOME172369_13,GUT_GENOME172369_00794,38923,0.01628233746180941,0.01595294647006573,0.016282968142379416,0.0016830645374810494,0.4604550327207577,0.013680857204427308,0.06104560005415246,0.00032939099174368255,-0.2905138584959499,0.002602110937952108,-0.09311853426290383,0.0930693634014764,0.9545314552216235,False
GUT_GENOME172369_13,GUT_GENOME172369_00794,38932,0.01641695278825134,0.014663254598083961,0.015267891647891305,0.001504808311768437,0.2879050237307115,0.013715199554939557,0.15107810257589682,0.0017536981901673798,-0.2400526954995488,0.0015526920929517483,-0.11772048831116855,0.07148340998481907,0.9648894874364419,False
GUT_GENOME172369_13,GUT_GENOME172369_00794,38934,0.01938607566941616,0.014567963014092567,0.0158771087720816,0.0015418800780777888,0.08927087802187528,0.013985245679042722,0.10991419172916339,0.004818112655323593,-0.13148488232981076,0.0018918630930388793,-0.10976916420602087,0.029337543691772557,0.9854382904577247,False
GUT_GENOME172369_13,GUT_GENOME172369_00794,38942,0.0153588641848366,0.013901568072048157,0.014439739099445773,0.0012515798488236802,0.3070453126119419,0.0141822084126811,0.4184874410324454,0.0014572961127884438,-0.2505537963545071,0.0002575306867646735,-0.14808348546135733,0.08470592353403984,0.9585313959223267,False
GUT_GENOME172369_13,GUT_GENOME172369_00794,38948,0.01680941171923416,0.01346874731514789,0.014265983078807047,0.001198320522120827,0.13284809124820118,0.014222307252413439,0.48546275686852064,0.0033406644040862715,-0.1838287566758395,4.367582639360802e-05,-0.15309697218585505,0.05723169467346148,0.971789708375304,False
GUT_GENOME172369_14,GUT_GENOME172369_00804,7196,0.013923753818474879,0.010849107735735553,0.011564672286256784,0.0010696000973681365,0.13708806324265738,0.015250790822791668,0.9997157969298105,0.003074646082739326,-0.19325340459475285,-0.0036861185365348846,-0.24053606284389645,0.09520447591590614,0.9535129829288552,False
GUT_GENOME172369_14,GUT_GENOME172369_00804,8085,0.014203191536237789,0.010892044357295521,0.011582778591442015,0.001076216585228124,0.12444357545988294,0.015247413864608211,0.9996693123073144,0.0033111471789422676,-0.18487450966426888,-0.0036646352731661957,-0.24003242193757843,0.09179414790482353,0.9551402659440854,False
GUT_GENOME172369_14,GUT_GENOME172369_00804,8142,0.013892328557088527,0.010981555669817721,0.011627678126413223,0.0010478053859591609,0.1495742499296509,0.015248745949351092,0.9997257290540374,0.002910772887270806,-0.19905919707858624,-0.0036210678229378693,-0.23901105243042323,0.09675084712546997,0.9527760253556892,False
GUT_GENOME172369_14,GUT_GENOME172369_00804,8143,0.013313318628643243,0.011566989486490827,0.011990841592626908,0.0010471463594034643,0.26826098368089163,0.015218784018221944,0.9989740259557851,0.0017463291421524162,-0.24031377031081347,-0.003227942425595036,-0.2297948533820529,0.1105563828418776,0.9462218805263449,False
GUT_GENOME172369_14,GUT_GENOME172369_00804,8150,0.01360298967522601,0.012035518403252348,0.012377751610400603,0.0009755723447545257,0.30584919435982405,0.015214067878501323,0.9981773908921197,0.0015674712719736614,-0.24665044834647024,-0.0028363162681007206,-0.2206138016250013,0.10950689313695021,0.9467185358847146,False
GUT_GENOME172369_14,GUT_GENOME172369_00804,8295,0.012658305845097993,0.01287430251080001,0.012969709941300821,0.0009663397221792987,0.5302743923265156,0.015281674232998031,0.9916329035209462,-0.00021599666570201737,-0.30983616165432093,-0.0023119642916972095,-0.20832120435551782,0.1393961712528159,0.9326753655012187,False
GUT_GENOME172369_14,GUT_GENOME172369_00804,8493,0.01330253753394262,0.012521360863272843,0.012669380867837187,0.0009737236728340077,0.39970542812470194,0.015514391405855447,0.9982598375960268,0.0007811766706697781,-0.27450773930413513,-0.0028450105380182604,-0.22081762494112867,0.12411492242250799,0.9398288815335957,False
GUT_GENOME172369_14,GUT_GENOME172369_00804,8516,0.014554028737105264,0.012749487151304613,0.01303383552351988,0.0010386520989936168,0.2945738958789471,0.015688170667713768,0.9946991075796422,0.0018045415858006508,-0.2382513868512597,-0.0026543351441938867,-0.2163475439059435,0.10356998309068276,0.9495330025201741,False
GUT_GENOME172369_14,GUT_GENOME172369_00804,8517,0.01639670908487939,0.012961304773128434,0.013472451830223173,0.0010967597909460319,0.1734218378112668,0.015850511624041476,0.9849305245308426,0.003435404311750956,-0.1804722575103347,-0.002378059793818303,-0.2098707081725372,0.07661594987971883,0.9624164950824099,False
GUT_GENOME172369_14,GUT_GENOME172369_00804,8669,0.016073852655521446,0.013641545058677701,0.01403639922793062,0.0010449287856801248,0.24707077638803338,0.01658572510351587,0.9926505236735301,0.0024323075968437444,-0.21601053667378087,-0.0025493258755852483,-0.21388576878797264,0.09240767404411693,0.9548473091206259,False
GUT_GENOME172369_14,GUT_GENOME172369_00804,8886,0.017670507583208574,0.013572220580811617,0.014329998405238192,0.0011567650382518595,0.15493701493055229,0.016389234085829544,0.962475734676727,0.004098287002396957,-0.15698727369701113,-0.002059235680591352,-0.20239638443568309,0.0656093005354571,0.9677275864501822,False
GUT_GENOME172369_14,GUT_GENOME172369_00804,8912,0.015679881953157067,0.013251399495739004,0.014123894419167192,0.0012718316476102417,0.24711963002893128,0.016133114343837452,0.9429218868816,0.0024284824574180627,-0.216146055882177,-0.00200921992467026,-0.20122384466786564,0.08721015313633851,0.9573319556492916,False
GUT_GENOME172369_14,GUT_GENOME172369_00805,9313,0.009454615565757258,0.01107794030912428,0.011099630047969176,0.000840153465212929,0.7825785212863974,0.01202905625427575,0.8656924938645483,-0.0016233247433670214,-0.3596957787334591,-0.0009294262063065731,-0.17590980007323176,0.16032531100047392,0.922966208646233,False
GUT_GENOME172369_14,GUT_GENOME172369_00805,9436,0.010535036665711662,0.010191535167056199,0.010389478909562813,0.0010639718953707152,0.4387197612479972,0.011778924590683554,0.9042074811631813,0.00034350149865546367,-0.29001394345653614,-0.001389445681120741,-0.18669422426630136,0.11896282077360697,0.9422530495481465,False
GUT_GENOME172369_14,GUT_GENOME172369_00806,10132,0.010657049340556857,0.011301648676527522,0.011183392466991673,0.0010618985487267035,0.6092938770707574,0.011777495366278699,0.7120803090746365,-0.0006445993359706654,-0.3250209400708415,-0.0005941028992870259,-0.16804867900616702,0.13387897000025129,0.9352517963866753,False
GUT_GENOME172369_14,GUT_GENOME172369_00806,10145,0.0111734641804879,0.01183697177842201,0.011721685065812055,0.0009864460675610978,0.6076813390349712,0.011763386201406547,0.5168599104058096,-0.0006635075979341109,-0.32569083269651383,-4.170113559449212e-05,-0.15509849913157228,0.1301300629354149,0.9370065264863483,False
GUT_GENOME172369_14,GUT_GENOME172369_00806,10734,0.010331817209293008,0.011867207707496543,0.011604433289420036,0.0009494528977338334,0.7313234057059633,0.011994518083396922,0.6594095360278972,-0.001535390498203535,-0.35658039443780226,-0.0003900847939768866,-0.16326579934304036,0.15380529893254055,0.9259799938654489,False
GUT_GENOME172369_14,GUT_GENOME172369_00806,10830,0.010571548395274919,0.011355337714613837,0.011251368081189168,0.0008623500895351012,0.6224520767863156,0.011747315707406067,0.7173921222884244,-0.0007837893193389182,-0.32995224172120524,-0.0004959476262168996,-0.16574758490139582,0.13634074371749405,0.934101315442195,False
GUT_GENOME172369_14,GUT_GENOME172369_00806,10831,0.009153254916800047,0.01150343684679135,0.011124955642879604,0.000890392557091681,0.8518642591415622,0.011622861752928697,0.7119868439259883,-0.0023501819299913025,-0.3854472872633223,-0.0004979061100490925,-0.16579349843675248,0.17605709538255154,0.9157347342376901,False
GUT_GENOME172369_14,GUT_GENOME172369_00806,10832,0.009062329138095017,0.011073789280488452,0.010792409717277083,0.0008293241391395024,0.8328492558270747,0.011600668169590404,0.8351203877786004,-0.0020114601423934352,-0.3734468597197947,-0.0008082584523133214,-0.17306921499123581,0.16941551021225862,0.9187807541540776,False
GUT_GENOME172369_14,GUT_GENOME172369_00806,10874,0.009712681252412814,0.011321271269359506,0.01109347117700347,0.0007892966965724865,0.7664256359477986,0.011643604825406932,0.7570961653353043,-0.0016085900169466923,-0.3591737484913691,-0.0005501336484034624,-0.16701788992235397,0.15690075715945684,0.9245479361750237,False
GUT_GENOME172369_14,GUT_GENOME172369_00821,32134,0.009949839402980075,0.011310827811388487,0.01110798693475109,0.0008185231816640504,0.7338188840675821,0.011611462685420458,0.7307565228644657,-0.0013609884084084117,-0.35040157831596813,-0.0005034757506693684,-0.16592406979370705,0.15031206302322853,0.9275987404027473,False
GUT_GENOME172369_14,GUT_GENOME172369_00821,32474,0.00961802293966828,0.011216559679650894,0.010974167322325453,0.0008535922185626716,0.776034344878638,0.011612228428629183,0.7726194248041338,-0.0015985367399826145,-0.35881757529495917,-0.0006380611063037302,-0.1690792091841044,0.15733783131887583,0.924345910244883,False
GUT_GENOME172369_14,GUT_GENOME172369_00821,32653,0.009584297459221848,0.011082188379953846,0.010936920906064379,0.0008573420129439625,0.7516550696119259,0.011545733673615157,0.7611840734191825,-0.0014978909207319976,-0.3552518381451839,-0.0006088127675507784,-0.1683935284481272,0.15456024892874218,0.9256305255309522,False
GUT_GENOME172369_14,GUT_GENOME172369_00822,33744,0.009572860543425356,0.011083416651139684,0.010957612724696806,0.0008596820934009039,0.7520534183950682,0.011555432105959195,0.7565963774253364,-0.0015105561077143285,-0.35570054757065234,-0.0005978193812623891,-0.16813580600909314,0.1547925288043893,0.9255230291017046,False
GUT_GENOME172369_14,GUT_GENOME172369_00822,33745,0.009385905627580774,0.011446683515891107,0.011123369240030734,0.0008671700435140618,0.8295282993080513,0.011560262629381736,0.6928043531921341,-0.002060777888310333,-0.37519411678490105,-0.0004368933893510018,-0.1643631523379329,0.1677858711164645,0.9195296997591162,False
GUT_GENOME172369_14,GUT_GENOME172369_00822,34439,0.009609830727233239,0.011827672575296438,0.01159966498055822,0.0006901845146783971,0.8517232913641365,0.011688313999162758,0.5511005968366961,-0.0022178418480631994,-0.38075866780501877,-8.864901860453772e-05,-0.1561991175033303,0.16937532741747183,0.9187992139287674,False
GUT_GENOME172369_14,GUT_GENOME172369_00822,34644,0.008274308371217854,0.010933755139278252,0.010683422127944745,0.0006360278486689325,0.9252646066233212,0.011564440085035457,0.917002460648582,-0.0026594467680603976,-0.3964040972970927,-0.0008810179570907118,-0.17477494574081773,0.1876824900126287,0.9104272856465413,False
GUT_GENOME172369_14,GUT_GENOME172369_00823,35611,0.008469745904141679,0.011542286760919647,0.011153163462929326,0.0007367735381694279,0.9407477732427156,0.011641902830543142,0.7464470682108223,-0.0030725408567779684,-0.4110394288931815,-0.0004887393676138163,-0.16557859875466716,0.1963696844703919,0.9064813322316376,False
GUT_GENOME172369_14,GUT_GENOME172369_00824,36387,0.008431990025444685,0.011112870759217517,0.01069941481843673,0.0007385237324287135,0.918522439566693,0.011661127108213092,0.9035775342541923,-0.0026808807337728325,-0.3971634719872378,-0.0009617122897763609,-0.176666695897722,0.1889499449203756,0.9098505056608309,False
GUT_GENOME172369_14,GUT_GENOME172369_00824,36392,0.008209988450657181,0.011010726238132445,0.010656531426834016,0.000686615068015731,0.9391568832998313,0.011866621698604408,0.9609991154168646,-0.002800737787475263,-0.40140983564378624,-0.0012100902717703914,-0.18248952224463763,0.1944322818806476,0.9073598673222876,False
GUT_GENOME172369_14,GUT_GENOME172369_00825,36709,0.01036721121362365,0.012542190788265586,0.012397538914423089,0.0006330293482113444,0.8624189776463719,0.01564378650402701,0.9999998536715298,-0.002174979574641937,-0.3792401188796884,-0.003246247589603922,-0.23022398880871128,0.1968261527908738,0.9062744658338888,False
GUT_GENOME172369_14,GUT_GENOME172369_00825,36780,0.010786072247451144,0.0127145112120204,0.012576897509830457,0.000666994548128867,0.8147168335831673,0.016943716282225792,0.9999999999706495,-0.0019284389645692571,-0.3705055383595042,-0.004366818772395335,-0.25649399613532314,0.20306352400853322,0.9034524834248701,False
GUT_GENOME172369_14,GUT_GENOME172369_00825,36810,0.011265521122804557,0.013104656313437636,0.01294868007780432,0.0007378057217433066,0.7952503849624508,0.01747577591646802,0.9999999995765853,-0.0018391351906330792,-0.36734163362197675,-0.004527095838663699,-0.26025143677793294,0.20267068613704103,0.9036299560290808,False
GUT_GENOME172369_14,GUT_GENOME172369_00825,36859,0.011363762013862574,0.0130999115920862,0.012936616690586999,0.0007424514590121062,0.7855345963706872,0.01766811716739147,0.9999999999072008,-0.0017361495782236263,-0.3636930009535265,-0.0047315004768044705,-0.26504337808787737,0.20252059121081534,0.9036977737096142,False
GUT_GENOME172369_14,GUT_GENOME172369_00825,36937,0.011290881570732658,0.013293678269905646,0.013105940720271932,0.0007564893445949056,0.8262878946885908,0.017725358498750378,0.9999999994904459,-0.002002796699172988,-0.37313992634127857,-0.0046194177784784456,-0.26241577767174284,0.20809544500104038,0.9011822897227054,False
GUT_GENOME172369_14,GUT_GENOME172369_00825,36943,0.012775471645172651,0.013415847384492361,0.013266478796317718,0.0008183601342210723,0.5846834050516938,0.017983752689719773,0.9999999959001445,-0.0006403757393197099,-0.3248713040939463,-0.004717273893402055,-0.2647098584900566,0.17561267340552716,0.915938243168323,False
GUT_GENOME172369_14,GUT_GENOME172369_00825,37033,0.014652521815829357,0.013472626076039213,0.013478552919877658,0.000857141062467267,0.3755554185457563,0.01806049691622938,0.9999999549441018,0.0011798957397901443,-0.26038169405285577,-0.004581943996351721,-0.26153726451154125,0.13620036732601487,0.9341668806290879,False
GUT_GENOME172369_14,GUT_GENOME172369_00826,38527,0.016309457364721537,0.012988996218155115,0.013223931400827426,0.0009091670807867103,0.19504796487401627,0.017940705859908698,0.9999998937275157,0.0033204611465664224,-0.1845445291383361,-0.004716774459081271,-0.264698150047552,0.10412179387348652,0.9492710573831643,False
GUT_GENOME172369_15,GUT_GENOME172369_00833,12870,0.018617123622433857,0.014086705934489843,0.014360714461231232,0.0007126416201402641,0.1666282547933574,0.013808134965886384,0.21905283505815187,0.004530417687944014,-0.141677502754851,0.0005525794953448477,-0.14116653588944242,0.040000505641876044,0.9801984254920386,False
GUT_GENOME172369_15,GUT_GENOME172369_00833,12996,0.018348585569183097,0.013868080116723703,0.014147733285755833,0.0007177965990191866,0.1690542368557837,0.01364229552736507,0.24066912593145612,0.004480505452459394,-0.14344582173343343,0.0005054377583907626,-0.14227169885828483,0.04081794006880245,0.9797978833827338,False
GUT_GENOME172369_15,GUT_GENOME172369_00835,14415,0.018692407846739166,0.013921499242517755,0.014205899298178448,0.0006982561452277905,0.1502572119655372,0.013509741881241556,0.15938363132365302,0.0047709086042214115,-0.13315725421657354,0.0006961574169368923,-0.13780058010717167,0.03671985422837022,0.9818075895828936,False
GUT_GENOME172369_15,GUT_GENOME172369_00835,14882,0.018735274657382218,0.013646428133231898,0.013916498950771114,0.0006471170310189858,0.13532378281057705,0.013325876492190194,0.18070068235440478,0.00508884652415032,-0.12189316932110648,0.0005906224585809205,-0.14027467918432163,0.03453493034740829,0.9828807631012668,False
GUT_GENOME172369_15,GUT_GENOME172369_00835,14883,0.01982511820210998,0.013419308551317306,0.013725678717777499,0.0006328262444920755,0.09026630557653997,0.013262757150594797,0.2322324787486172,0.006405809650792675,-0.07523505296299411,0.00046292156718270167,-0.14326842327141237,0.026186154301021104,0.9869922643172837,False
GUT_GENOME172369_15,GUT_GENOME172369_00836,15606,0.016721697384742978,0.013401906009632522,0.013560438699920782,0.000612060876280669,0.19509363592059836,0.013209532773148415,0.283214473649278,0.0033197913751104556,-0.1845682581812331,0.0003509059267723675,-0.145894451621476,0.055350632941985514,0.9727041365475892,False
GUT_GENOME172369_15,GUT_GENOME172369_00836,16061,0.015443037357367862,0.013493688951165528,0.013590602724022287,0.000570232476476075,0.2786400012095559,0.013153565995272443,0.22171365930443948,0.001949348406202334,-0.23312108871377446,0.0004370367287498435,-0.14387525209739147,0.07504553016918344,0.9631724907680095,False
GUT_GENOME172369_15,GUT_GENOME172369_00840,18236,0.01552983566832937,0.013573584733816148,0.013679455820878367,0.0005775276276824015,0.27179406218185687,0.013155962320727634,0.1823517989197282,0.0019562509345132217,-0.2328765420270987,0.0005234935001507332,-0.14184841073914878,0.07435245545572133,0.9635063238565136,False
GUT_GENOME172369_15,GUT_GENOME172369_00841,20368,0.015151110909569625,0.013530285413808544,0.013607242132308862,0.0005324173687157529,0.30783111476562425,0.013141602874577435,0.1909024252113835,0.0016208254957610808,-0.24476018465471677,0.0004656392577314268,-0.14320471134331456,0.0804151373431331,0.9605900300610393,False
GUT_GENOME172369_15,GUT_GENOME172369_00841,20882,0.015405349729528842,0.013733891316810574,0.013816694422419892,0.0005379609202656194,0.29886665050876804,0.013159009670290125,0.11074963301492796,0.0016714584127182682,-0.24296633296430367,0.0006576847521297668,-0.13870251048150078,0.07827102536799171,0.9616203885566813,False
GUT_GENOME172369_15,GUT_GENOME172369_00849,25364,0.016139100953403537,0.01404740282705024,0.014148513485829625,0.0005807338356792035,0.2658180259237518,0.013210193871328569,0.05307438913875644,0.002091698126353297,-0.22807784211712767,0.0009383196145010559,-0.13212347293010518,0.06947611416391766,0.9658583828879396,False
GUT_GENOME172369_15,GUT_GENOME172369_00850,25732,0.015689317163217992,0.014281343799919778,0.014373247863099497,0.0006277690622764192,0.3329498453591452,0.013293308585556529,0.042690675085350877,0.0014079733632982143,-0.2523012306890465,0.001079939277542968,-0.1288034254018119,0.08024623340244758,0.9606711572073949,False
GUT_GENOME172369_15,GUT_GENOME172369_00850,25775,0.01617855716847055,0.014513751758551087,0.014619345692140382,0.0005800795416955927,0.29659286600560186,0.013339427889954297,0.013676175499602022,0.001664805409919463,-0.24320203931965845,0.0012799178021860851,-0.12411524727603404,0.07455182653563176,0.9634102809954914,False
GUT_GENOME172369_15,GUT_GENOME172369_00850,25876,0.015815347464731636,0.014410133787660144,0.014500657240919219,0.0005992837404224952,0.3306034492038126,0.013357485390931512,0.02822382169018066,0.0014052136770714915,-0.25239900241740654,0.001143171849987707,-0.12732103841300332,0.07991590324386746,0.9608298396392843,False
GUT_GENOME172369_15,GUT_GENOME172369_00850,26169,0.016011106799096664,0.014898246664249593,0.014993560578134547,0.0006796939047208997,0.37051333512835166,0.013508649122272324,0.014456278843644994,0.0011128601348470712,-0.262756669473424,0.0014849114558622232,-0.11930949743463061,0.08327582353087033,0.9592170389037936,False
GUT_GENOME172369_15,GUT_GENOME172369_00850,26513,0.0166766177810698,0.015326727195614023,0.015461537487338639,0.0007084074818973659,0.3422296329879357,0.013593681461531554,0.004185876177738251,0.001349890585455777,-0.254359020274913,0.001867856025807085,-0.1103319716757781,0.07687165516907829,0.9622934554538687,False
GUT_GENOME172369_15,GUT_GENOME172369_00850,26643,0.01636058440386092,0.015546118246895911,0.015623947459386889,0.0007095124275383132,0.4030379298770914,0.013913856220661573,0.007971137826822159,0.0008144661569650102,-0.2733283405087985,0.001710091238725316,-0.11403051593264116,0.08771134028915803,0.9570920844670581,False
GUT_GENOME172369_15,GUT_GENOME172369_00850,26680,0.01701445882923817,0.016130219764469524,0.01621099133793892,0.0007868676775002141,0.39654946069889496,0.014177890075996041,0.004886056070808247,0.0008842390647686472,-0.2708563863704576,0.0020331012619428795,-0.10645806020041663,0.08469650061929815,0.958535912012776,False
GUT_GENOME172369_15,GUT_GENOME172369_00850,27060,0.020745384246216116,0.016427670225516416,0.01672506867722451,0.0008870329301887858,0.17424041034551274,0.01503540967095026,0.028400201766780875,0.004317714020699699,-0.1492132888792393,0.001689659006274248,-0.11450951709243495,0.035377035082901964,0.9824670059415789,False
GUT_GENOME172369_15,GUT_GENOME172369_00850,27062,0.023426236859905837,0.01771060221318337,0.01812098755972615,0.0009909199934178357,0.13956025273369282,0.01625073399069126,0.029553871152166445,0.005715634646722468,-0.09968696433083114,0.0018702535690348875,-0.1102757650919149,0.022098235224103598,0.9890116996893541,False
GUT_GENOME172369_15,GUT_GENOME172369_00850,27676,0.024744282055836713,0.018592014695892282,0.01907056207319016,0.0011531089529985365,0.1423448795713566,0.01726739980911227,0.058939353594575486,0.006152267359944431,-0.08421769299959121,0.001803162264077892,-0.11184861392101093,0.019602732250224755,0.9902465107166849,False
GUT_GENOME172369_15,GUT_GENOME172369_00850,27809,0.024894175112754272,0.019032319055313666,0.019503051538394555,0.001203437014705769,0.16076132349080646,0.017788565740564234,0.07712808748449373,0.0058618560574406064,-0.09450654928555327,0.0017144857978303209,-0.11392749249097267,0.021910961403143345,0.9891043120252405,False
GUT_GENOME172369_15,GUT_GENOME172369_00850,27958,0.024990116928964117,0.020307625993050697,0.020577042812794027,0.0014339124714914072,0.19804119969603873,0.018316745305886072,0.057476631736500916,0.004682490935913421,-0.13628976550149088,0.0022602975069079545,-0.10113180595484211,0.028802542356139212,0.9857019311189685,False
GUT_GENOME172369_15,GUT_GENOME172369_00850,27961,0.024743789354151623,0.019606578349873043,0.019933081740337904,0.0014353943967631505,0.17697962518149857,0.018336884469230826,0.13306327884675334,0.00513721100427858,-0.12017968509685394,0.0015961972711070783,-0.11670057867362184,0.028062181772737175,0.9860668860927622,False
GUT_GENOME172369_15,GUT_GENOME172369_00854,29873,0.023550595016469195,0.018474076470537365,0.0188713262038836,0.0012386065802330887,0.15866248823271584,0.018469823379206336,0.37290963894133844,0.00507651854593183,-0.12232993192329496,0.000401502824677262,-0.14470828790508064,0.03590510083277769,0.9822076365959923,False
GUT_GENOME172369_15,GUT_GENOME172369_00854,29874,0.02281590552271873,0.018338741442674444,0.018715804960926608,0.0012325760414753923,0.1926195913639801,0.01843874123404375,0.41107354515097005,0.004477164080044286,-0.14356420176988696,0.000277063726882857,-0.14762556443420988,0.04240398730434387,0.9790211885299549,False
GUT_GENOME172369_15,GUT_GENOME172369_00854,29878,0.0229940997102624,0.017592169577231368,0.01809207522412186,0.001236955811824041,0.1525618269957259,0.01847917194160928,0.6228380329238639,0.005401930133031033,-0.11080106570980992,-0.00038709671748742014,-0.16319574864704153,0.03890972853889797,0.9807331602973554,False
GUT_GENOME172369_15,GUT_GENOME172369_00854,29960,0.023470427054406134,0.01841207811485509,0.018687878831593164,0.0013095559007556747,0.1693579303905991,0.01908890733463897,0.6202861639613346,0.005058348939551045,-0.12297365504017305,-0.0004010285030458076,-0.16352235717875474,0.04186208113123572,0.9792864932837367,False
GUT_GENOME172369_15,GUT_GENOME172369_00854,29961,0.023666963262374933,0.01799161350121771,0.01837878074535569,0.0013743100865105974,0.13954133206834096,0.01905614330919242,0.6889494098896117,0.005675349761157224,-0.10111420009784047,-0.0006773625638367281,-0.1700005692843762,0.03912427501843812,0.9806279595166154,False
GUT_GENOME172369_15,GUT_GENOME172369_00854,29962,0.024026677205403607,0.018220614603908305,0.01864892128771702,0.001295026631043046,0.13507794957001934,0.019062977561213144,0.6254127335851023,0.005806062601495302,-0.09648323147722117,-0.0004140562734961245,-0.16382777251553568,0.03614855300368915,0.9820880835817926,False
GUT_GENOME172369_15,GUT_GENOME172369_00854,30314,0.02294190368084506,0.017808387193851444,0.01831436392359783,0.0013470594998055685,0.1528879650141703,0.018533011506940793,0.5644709876062863,0.005133516486993617,-0.12031057654998699,-0.0002186475833429631,-0.1592467268837717,0.03983415485298485,0.9802799572733859,False
GUT_GENOME172369_15,GUT_GENOME172369_00855,30721,0.02247487567984186,0.017725347574657293,0.018180275983815948,0.0012533104331581373,0.16257875571703323,0.01811413600658673,0.47895669688223663,0.004749528105184569,-0.1339147346590206,6.613997722921747e-05,-0.15257033593453942,0.0412108635659741,0.979605409484802,False
GUT_GENOME172369_15,GUT_GENOME172369_00855,30789,0.023290208288085815,0.017964339472237755,0.018600266399165264,0.0013822543831697837,0.14904154984437457,0.017740270935706074,0.2669154604260717,0.00532586881584806,-0.11349580918111914,0.00085999546345919,-0.1339596579519214,0.03082648866027279,0.9847049317821013,False
GUT_GENOME172369_15,GUT_GENOME172369_00855,30926,0.02329571650413171,0.01823120806152909,0.018775171316238397,0.0013853487021368539,0.15994011144349762,0.017505328279594425,0.1796700092049941,0.00506450844260262,-0.12275543267367352,0.0012698430366439722,-0.12435143411420162,0.03053217541715942,0.9848498482955433,False
GUT_GENOME172369_15,GUT_GENOME172369_00855,31047,0.022121306353864018,0.01747710158005058,0.01797453170680404,0.0012003969245919478,0.1645800105380395,0.017309875134050686,0.28989300124106243,0.004644204773813439,-0.13764618936031287,0.0006646565727533547,-0.13853906724677004,0.03813954659902018,0.9811109045095798,False
GUT_GENOME172369_15,GUT_GENOME172369_00855,31053,0.021892274605979416,0.017223667719649813,0.01770343338735359,0.0011691685090620772,0.16701486947490435,0.017086579007590252,0.29888817753734054,0.004668606886329602,-0.13678165748229007,0.0006168543797633388,-0.1396597135558672,0.038214057414109395,0.9810743535038514,False
GUT_GENOME172369_15,GUT_GENOME172369_00856,32375,0.022883179826278566,0.016757895011296518,0.017578602843493298,0.0013210297098757754,0.1058486545386414,0.01692155271316661,0.30946152109786773,0.006125284814982049,-0.08517364590140297,0.0006570501303266897,-0.13871738817929677,0.02649706373942328,0.9868388436372739,False
GUT_GENOME172369_15,GUT_GENOME172369_00856,32485,0.022637002068226164,0.016567702548140755,0.01740534349622383,0.001280763927134922,0.10343691553052747,0.016761374037576226,0.30755207457710565,0.006069299520085409,-0.08715712467220993,0.0006439694586476037,-0.13902404370116248,0.02692404910814988,0.9866281832515376,False
GUT_GENOME172369_15,GUT_GENOME172369_00857,32829,0.022438521010469205,0.016552290276137676,0.01726391074534088,0.0012503973642158774,0.11320792931554041,0.01677351602719523,0.3474585096869469,0.005886230734331529,-0.09364298941241728,0.0004903947181456488,-0.14262435898690712,0.029110717242520248,0.9855500585297845,False
GUT_GENOME172369_15,GUT_GENOME172369_00858,33341,0.023227968117349916,0.0170939548269685,0.01776393825842167,0.0012485181137221193,0.11029473518176386,0.016798628167417916,0.2197124671113374,0.0061340132903814175,-0.08486440852597928,0.0009653100910037536,-0.13149072417985772,0.024491778379807722,0.9878287865765857,False
GUT_GENOME172369_15,GUT_GENOME172369_00858,33381,0.02358688686458345,0.017108597023483607,0.01772654774636215,0.0011499229755328022,0.10500310430762422,0.01663310818050548,0.17083246967471022,0.006478289841099844,-0.07266718368511083,0.0010934395658566722,-0.1284869326360164,0.021789411442937855,0.9891644266468373,False
GUT_GENOME172369_15,GUT_GENOME172369_00859,34920,0.021962335397991816,0.016433648747537267,0.016942308008251226,0.0009875551570509022,0.09071124406899178,0.015443375530249876,0.06452969816849317,0.005528686650454549,-0.1063102639406108,0.00149893247800135,-0.11898079689335496,0.02545830224850012,0.987351521857606,False
GUT_GENOME172369_15,GUT_GENOME172369_00859,34965,0.022114514446153845,0.01640264843303681,0.016954350671595578,0.0010181862881841733,0.08568624861264984,0.015341923864902728,0.05663936778517342,0.005711866013117035,-0.09982048161898915,0.0016124268066928498,-0.11632010305074916,0.023494494924383855,0.9883214820584623,False
GUT_GENOME172369_15,GUT_GENOME172369_00859,35053,0.022498329990755708,0.016377166996632393,0.016970352903295356,0.0010181148321373283,0.0745920754262877,0.015320277117708949,0.05253919733398371,0.006121162994123314,-0.08531967610782526,0.0016500757855864075,-0.11543748268127879,0.02060525953893475,0.9897502605283931,False
GUT_GENOME172369_15,GUT_GENOME172369_00859,35164,0.021925281813582127,0.01639783834056788,0.016948132053983957,0.001045798828618676,0.08813956909735304,0.015316835166731227,0.059396809156663774,0.005527443473014246,-0.1063543079358374,0.0016312968872527304,-0.11587772405495261,0.02473888574866667,0.9877067442299647,False
GUT_GENOME172369_15,GUT_GENOME172369_00859,35502,0.02433972759364319,0.01694154148414755,0.017648695604896396,0.001176015383527153,0.09306361536446606,0.016321950662961923,0.12962412533800072,0.007398186109495639,-0.04007657711465046,0.0013267449419344726,-0.12301745953781107,0.016739427384363507,0.9916652148462448,False
GUT_GENOME172369_15,GUT_GENOME172369_00860,36586,0.023471623167667377,0.016999379739767066,0.01759744457557345,0.0011570853565648573,0.11554892327712457,0.016477812266197094,0.1666142046611095,0.0064722434279003115,-0.07288139944021119,0.0011196323093763567,-0.12787288546549028,0.02166317322163401,0.9892268637962037,False
GUT_GENOME172369_16,GUT_GENOME172369_00878,12437,0.0186972402717216,0.015004495555039809,0.015890210147103827,0.001182647701270627,0.15329996831460801,0.013869068207042427,0.04372570822491777,0.0036927447166817916,-0.1713550557345196,0.002021141940061401,-0.10673842746157101,0.04075564702274937,0.9798284011553287,False
GUT_GENOME172369_16,GUT_GENOME172369_00878,12626,0.018268297028759498,0.014749285068566854,0.015687450070355925,0.0011947254600256408,0.1591781516164968,0.01399105092648279,0.07781736668629742,0.003519011960192643,-0.17751015833648306,0.001696399143873135,-0.11435150529735733,0.04458612307641483,0.9779535924671994,False
GUT_GENOME172369_16,GUT_GENOME172369_00878,12793,0.0174887462929548,0.01332434172087035,0.014607115675018535,0.0012374105718723218,0.11742535175747593,0.014024680006992628,0.3189313847989652,0.004164404572084449,-0.1546448229499961,0.0005824356680259064,-0.1404666054547491,0.04364588851321579,0.9784134534374457,False
GUT_GENOME172369_16,GUT_GENOME172369_00878,12812,0.01676248028712542,0.013887815867110662,0.01458160454416307,0.001558960155490057,0.17419403883222684,0.01421543742707798,0.40715129605767203,0.002874664420014758,-0.200338468329742,0.00036616711708509046,-0.14553667731183387,0.0613164263356759,0.9698069836936725,False
GUT_GENOME172369_16,GUT_GENOME172369_00878,12814,0.018388269256485516,0.014742618236592389,0.015461728860875538,0.0016797056915405944,0.12497067976332049,0.01453790409761604,0.2911624159394621,0.003645651019893127,-0.17302351792609308,0.0009238247632594992,-0.13246328164030716,0.04748365873844039,0.9765377905939528,False
GUT_GENOME172369_16,GUT_GENOME172369_00878,12816,0.019718820865620167,0.014439763994577725,0.0159295330697315,0.0017217396127194042,0.061860650028941866,0.01512962735817622,0.3211119848003322,0.005279056871042442,-0.11515428930368615,0.0007999057115552818,-0.1353683665168139,0.031585104998467506,0.9843314959854274,False
GUT_GENOME172369_16,GUT_GENOME172369_00878,12817,0.019088408441421595,0.014135707293984588,0.015787809198942966,0.0013699305586915348,0.06685301235420098,0.01589587363184995,0.5314372156813222,0.004952701147437007,-0.1267166049206317,-0.00010806443290698256,-0.15665428098049902,0.0405976617121286,0.9799058034595509,False
GUT_GENOME172369_16,GUT_GENOME172369_00878,12818,0.023271238523580057,0.01570220736224537,0.018657215504813807,0.001818323278977724,0.025334563910003414,0.018960288006159474,0.5661878618381698,0.007569031161334689,-0.034023781750335845,-0.0003030725013456678,-0.16122593467399426,0.027151419736097554,0.9865160244922718,False
GUT_GENOME172369_16,GUT_GENOME172369_00878,12820,0.026597469574582578,0.016754104570720844,0.02103224010007777,0.0022949509181000526,0.01063159244080057,0.020628626868440223,0.4301980006723617,0.009843365003861734,0.04655260715158165,0.00040361323163754653,-0.14465881277386167,0.023093317345752658,0.988519748152316,False
GUT_GENOME172369_16,GUT_GENOME172369_00878,12980,0.028252738434802777,0.01849690562722696,0.02341994299070264,0.002937132775504606,0.016828282848045013,0.022057258598054713,0.3213415842026355,0.009755832807575818,0.04345146687151784,0.0013626843926479275,-0.12217491633479476,0.016814740154700712,0.9916278730220397,False
GUT_GENOME172369_16,GUT_GENOME172369_00878,13111,0.029104940081207904,0.01867693865476774,0.02439340127398075,0.0030029674861420928,0.009305456041602852,0.021993724448862523,0.21211568320018337,0.010428001426440164,0.06726543781480704,0.002399676825118227,-0.09786427974428849,0.014102056374286027,0.9929737719889578,False
GUT_GENOME172369_16,GUT_GENOME172369_00879,13786,0.025432095167259455,0.022465382175356072,0.023675222181663846,0.003042897787044443,0.20466039504004147,0.019869813709717746,0.10554259455750559,0.002966712991903382,-0.19707731933407707,0.0038054084719461,-0.06490913934042146,0.043052666165820035,0.9787037048440087,False
GUT_GENOME172369_16,GUT_GENOME172369_00879,13792,0.02476703819494567,0.015138628362024115,0.023192630857520647,0.0029923832775263872,0.0033633298743464017,0.01953644291522547,0.11088568993382025,0.009628409832921554,0.03893705347767192,0.0036561879422951776,-0.06840737708507379,0.006195663373182561,0.9969069616430676,False
GUT_GENOME172369_16,GUT_GENOME172369_00879,13813,0.024135499313691532,0.01794804468782237,0.023917018614838238,0.0031807280649728,0.03649624344775899,0.019198763045772754,0.06898560485456967,0.006187454625869164,-0.08297105859151499,0.004718255569065483,-0.04350889248625407,0.008777220289177028,0.9956210057329898,False
GUT_GENOME172369_16,GUT_GENOME172369_00879,13818,0.02349034271575208,0.02068859136445435,0.023582022629174425,0.003043885557593967,0.21319568437190417,0.019164626440892334,0.07335708296833585,0.0028017513512977286,-0.20292167386936838,0.004417396188282092,-0.05056206167250005,0.043733727806520004,0.9783704828079254,False
GUT_GENOME172369_16,GUT_GENOME172369_00879,13819,0.022824002566040558,0.02034625747499733,0.02385336128065411,0.003137823838355081,0.2369699333376798,0.019077014260459983,0.06398142051688199,0.0024777450910432285,-0.21440075136659031,0.004776347020194128,-0.04214703090155627,0.04774405440037522,0.9764106557682788,False
GUT_GENOME172369_16,GUT_GENOME172369_00879,13926,0.02406365224262184,0.0202712132434163,0.02396078908499563,0.00276259681324961,0.1772747875699449,0.01914461443572723,0.04063620099878848,0.00379243899920554,-0.16782303016741745,0.004816174649268399,-0.041213335547213535,0.029863108481501126,0.9851793686453042,False
GUT_GENOME172369_16,GUT_GENOME172369_00879,13975,0.02343463203494592,0.016020485206620604,0.018413588148136865,0.001717596268046051,0.03479631945293878,0.018988285804707506,0.6310343692954131,0.007414146828325318,-0.03951111171835429,-0.0005746976565706406,-0.16759375398563933,0.029648794324219272,0.9852849432448173,False
GUT_GENOME172369_16,GUT_GENOME172369_00882,15943,0.02369386418874917,0.015380627662097218,0.01729820869626067,0.0015647513879762252,0.032450235944284034,0.018354346435646124,0.7501480184694491,0.008313236526651953,-0.007657652109460851,-0.0010561377393854543,-0.17888035022967644,0.03205681933412123,0.9840993617229224,False
GUT_GENOME172369_16,GUT_GENOME172369_00882,15976,0.021011263891987524,0.014620650359930515,0.015902927070453206,0.0012981340524826411,0.054340864970624674,0.017058301362638004,0.8132742924997342,0.006390613532057009,-0.07577342967363752,-0.0011553742921847979,-0.18120679321620084,0.038577514552204664,0.9808960804646026,False
GUT_GENOME172369_16,GUT_GENOME172369_00882,15979,0.02003273545846786,0.013461731731655631,0.014442818934298668,0.0010677599960893297,0.044123593309522376,0.015585855622589882,0.8578027638732387,0.006571003726812229,-0.06938246357407012,-0.001143036688291214,-0.18091755773553295,0.037545088948597066,0.9814025622935325,False
GUT_GENOME172369_16,GUT_GENOME172369_00882,15984,0.0195141543499533,0.013189307618528068,0.013965468606561856,0.0010106518983231476,0.04552274352456983,0.015248217080179092,0.897820260001799,0.006324846731425233,-0.07810345317566342,-0.001282748473617236,-0.1841928781082966,0.04002716574378086,0.9801853594841687,False
GUT_GENOME172369_16,GUT_GENOME172369_00882,15985,0.01812212177428344,0.013216616897377456,0.013707815005411256,0.0009102407561190344,0.0773379773443801,0.014849455255794303,0.8951185924419678,0.004905504876905985,-0.1283887011529079,-0.001141640250383047,-0.18088482047203547,0.0492029768609312,0.9756986617676471,False
GUT_GENOME172369_16,GUT_GENOME172369_00882,16006,0.01611206607731506,0.013154093939533684,0.013483734592709285,0.0007428270851507756,0.15512277021020848,0.014675153677056688,0.9456317620068575,0.0029579721377813745,-0.19738699526990505,-0.0011914190843474032,-0.18205180598177909,0.07210448596290886,0.9645898991145478,False
GUT_GENOME172369_16,GUT_GENOME172369_00882,16215,0.0167176400689045,0.012659339137849586,0.01302502825612627,0.0006357071823198872,0.10043094865451235,0.014611422143143864,0.9937106389511844,0.004058300931054913,-0.15840392290429567,-0.0015863938870175932,-0.19131136139362334,0.0616918397897516,0.9696249614828361,False
GUT_GENOME172369_16,GUT_GENOME172369_00882,16432,0.017001447688525816,0.012645966046231824,0.012935588594751505,0.0006273144751060167,0.10343407980610947,0.014276308327710431,0.983710641668846,0.004355481642293992,-0.14787523616746112,-0.0013407197329589268,-0.18555192198790582,0.056296601224988294,0.9722441717032431,False
GUT_GENOME172369_16,GUT_GENOME172369_00883,17155,0.016271081320022657,0.01277292855910142,0.012994561173245472,0.0006145199115865965,0.14128897377464572,0.014220341347242583,0.9769619561205553,0.0034981527609212366,-0.1782491698752675,-0.001225780173997111,-0.18285734702255402,0.06520957592134871,0.9679210180474089,False
GUT_GENOME172369_16,GUT_GENOME172369_00883,17449,0.016181788135053794,0.012526637124648932,0.012743248846931355,0.0006024971607023411,0.1288298122695135,0.014078906428731237,0.986683994878776,0.0036551510104048616,-0.17268694687582567,-0.0013356575817998814,-0.18543324791339927,0.06420627105300643,0.9684066997937276,False
GUT_GENOME172369_16,GUT_GENOME172369_00885,19851,0.016483586709590516,0.012630518301369534,0.01286611567247347,0.000604516560449565,0.11337565900758695,0.01402491197459934,0.9723745245866621,0.0038530684082209825,-0.16567501708843446,-0.0011587963021258696,-0.18128701679110998,0.06031319374427324,0.9702935767116687,False
GUT_GENOME172369_16,GUT_GENOME172369_00886,22608,0.01684856913137112,0.012862038251925627,0.01304528406281511,0.0005881099410351583,0.10426977706981444,0.01399846231781916,0.9474641971865195,0.003986530879445492,-0.16094663298575224,-0.0009531782550040498,-0.17646662903946522,0.05704428983400266,0.9718807716888067,False
GUT_GENOME172369_16,GUT_GENOME172369_00886,22614,0.015794287929294982,0.013184406969053111,0.013037551505819287,0.0007090542873027036,0.1778536899252386,0.01391229543007208,0.8913383451690484,0.0026098809602418706,-0.20971936687265313,-0.0008747439242527931,-0.1746278610297787,0.07447710268930219,0.9634462765288131,False
GUT_GENOME172369_16,GUT_GENOME172369_00887,23302,0.015755985264527157,0.01278289028694549,0.012865471845885212,0.0006445386440675195,0.15024306687124356,0.013909728229766325,0.9474011532965202,0.0029730949775816674,-0.19685121472693257,-0.001044256383881113,-0.1786018107661043,0.07064900754840024,0.9652921244905325,False
GUT_GENOME172369_16,GUT_GENOME172369_00887,23312,0.014935333670330639,0.01264758883278502,0.012726118273324507,0.000578832918191199,0.2105437699491084,0.013967029896680862,0.983976207967768,0.002287744837545619,-0.2211321880761086,-0.0012409116233563552,-0.18321207976210155,0.08246611077408213,0.9596054626628708,False
GUT_GENOME172369_16,GUT_GENOME172369_00887,23348,0.01446387065862042,0.012719453380545923,0.012756323896123089,0.000564272486230923,0.27034542600981903,0.014010227200113943,0.9868637261127184,0.0017444172780744973,-0.24038150491537744,-0.001253903303990854,-0.18351664903060894,0.09146162837680533,0.9552990805411699,False
GUT_GENOME172369_16,GUT_GENOME172369_00887,23689,0.013416228820727556,0.012634135629966974,0.012651331925608739,0.00045172796106333365,0.3719375006759176,0.013518788602664025,0.9725904771486412,0.000782093190760582,-0.2744752683106987,-0.0008674566770552859,-0.174457023121211,0.10577192583054479,0.9484881691409534,False
GUT_GENOME172369_16,GUT_GENOME172369_00888,25329,0.013543125764217274,0.012503203992737603,0.012539822604385693,0.00040755165572315473,0.3393042165435912,0.013559661776802737,0.9938315031511019,0.001039921771479671,-0.2653407711662656,-0.001019839172417044,-0.17802938811780927,0.10210018787671009,0.9502310685235812,False
GUT_GENOME172369_16,GUT_GENOME172369_00889,26286,0.01381874017209164,0.012459359301208771,0.012502335662657741,0.00040758733698261255,0.3013922921375354,0.013635950908462823,0.9972927643225696,0.0013593808708828696,-0.25402279306188696,-0.0011336152458050822,-0.18069668701626154,0.09717887209361503,0.9525721412093925,False
GUT_GENOME172369_16,GUT_GENOME172369_00889,26337,0.01358766706671912,0.012477973484280529,0.01251489918803636,0.00039535247336272664,0.33399099862303794,0.013711415274031226,0.9987627977824968,0.0011096935824385906,-0.26286885588756126,-0.0011965160859948656,-0.1821712970705014,0.10228641687198431,0.9501425923542673,False
GUT_GENOME172369_16,GUT_GENOME172369_00889,26418,0.013266770359476448,0.01233314410909634,0.012364704490830646,0.00040530712536951104,0.35798415102193537,0.013737131831079222,0.9996455860794017,0.0009336262503801072,-0.26910666915648057,-0.0013724273402485766,-0.18629525635934086,0.10712432192648802,0.947847020088755,False
GUT_GENOME172369_16,GUT_GENOME172369_00889,26429,0.014772924281335508,0.012578028058410344,0.012650008462078683,0.0004668721993811697,0.2706077964671999,0.01419325943299718,0.9995259822904896,0.0021948962229251644,-0.22442168143929458,-0.0015432509709184961,-0.19029994441323003,0.08657915994371866,0.9576340382733518,False
GUT_GENOME172369_16,GUT_GENOME172369_00890,26646,0.015598127309669179,0.012643498008047776,0.012758030011425989,0.0005242634531866488,0.20317026343660133,0.014199385721664796,0.9970138338310309,0.0029546293016214035,-0.19750542716474154,-0.001441355710238807,-0.187911172253362,0.07431900241715972,0.9635224400984007,False
GUT_GENOME172369_17,GUT_GENOME172369_00904,4607,0.019656688434834896,0.015733326862070834,0.01642635422105218,0.001441877588950629,0.18857815353362767,0.01685391007486036,0.6165862324211521,0.003923361572764062,-0.16318463099934724,-0.00042755585380818,-0.16414424868335972,0.05357255817021776,0.9735692914109091,False
GUT_GENOME172369_17,GUT_GENOME172369_00904,4829,0.01931897024400339,0.014830219842423446,0.015632372280162368,0.0014342060476885865,0.1487012670173381,0.016788015922445748,0.7898129511605032,0.004488750401579946,-0.14315371500117113,-0.0011556436422833806,-0.1812131077004316,0.05333117652108476,0.9736867993823864,False
GUT_GENOME172369_17,GUT_GENOME172369_00905,5778,0.019259887679428503,0.014736859774734355,0.015479898462164993,0.0013797340095917344,0.1482534711589233,0.01677182807858991,0.8254564177763082,0.004523027904694148,-0.14193931218577452,-0.0012919296164249187,-0.18440811538418628,0.05415312136331812,0.9732867231768093,False
GUT_GENOME172369_17,GUT_GENOME172369_00906,7005,0.018488916724962896,0.014623926636039487,0.015151506407162353,0.0011735819833318926,0.18285944313368835,0.016780498947506443,0.9174393581575235,0.003864990088923409,-0.1652526490250125,-0.00162899254034409,-0.19231001899983025,0.06429158141749904,0.9683653931104377,False
GUT_GENOME172369_17,GUT_GENOME172369_00906,7097,0.018640531839810227,0.014947493758297575,0.015401693644259279,0.0011611470361163664,0.19355992757608803,0.016790493151899753,0.8841630883668974,0.0036930380815126517,-0.1713446622389564,-0.0013887995076404744,-0.18667907575782497,0.0642080706035778,0.9684058284457047,False
GUT_GENOME172369_17,GUT_GENOME172369_00908,8415,0.01839185153796327,0.015113622136028066,0.015540871537230773,0.0011314742121329555,0.21691237574837008,0.0167652011480636,0.8603883666988171,0.0032782294019352027,-0.18604073933218815,-0.0012243296108328267,-0.18282334087859933,0.06803553066127971,0.9665543333276672,False
GUT_GENOME172369_17,GUT_GENOME172369_00908,8416,0.01702949135376346,0.015141390131400112,0.015368240955061495,0.0010724984896383293,0.31337697843870227,0.016638667016280497,0.8819019185574843,0.0018881012223633479,-0.23529098866947928,-0.001270426061219002,-0.18390399876805094,0.0891825301119403,0.9563883112777141,False
GUT_GENOME172369_17,GUT_GENOME172369_00908,8617,0.017915461598841415,0.014882939200635121,0.015148155860859587,0.0010399658636981448,0.23507144547517678,0.01647377907993788,0.898788656006865,0.0030325223982062936,-0.1947457863741771,-0.0013256232190782934,-0.18519800825503382,0.07222422357212821,0.964532151998992,False
GUT_GENOME172369_17,GUT_GENOME172369_00909,9136,0.01822549892291671,0.01497296730319418,0.015221608959123166,0.00105125249199003,0.2242267530344058,0.016370373211638707,0.8627499002105469,0.0032525316197225315,-0.18695117493085306,-0.0011487642525155415,-0.18105183135995537,0.06773050744682013,0.9667017553240149,False
GUT_GENOME172369_17,GUT_GENOME172369_00909,9137,0.01927268086091365,0.014650175222863767,0.015019130314319406,0.0010314801814624449,0.1492579941387152,0.016109570700093757,0.8547808904142091,0.004622505638049883,-0.1384149586453784,-0.0010904403857743515,-0.17968452116124878,0.05144522792174907,0.9746053940476426,False
GUT_GENOME172369_17,GUT_GENOME172369_00909,9383,0.018856211355606008,0.014431022246328938,0.014799121711709726,0.0010117476759723863,0.16147253362925407,0.016023168525435266,0.8868287159701863,0.0044251891092770695,-0.1454056005036154,-0.0012240468137255395,-0.1828167111506584,0.05456473853376027,0.9730864330247212,False
GUT_GENOME172369_17,GUT_GENOME172369_00909,9416,0.02062064135627248,0.014480085507182465,0.0150499620088506,0.001052286516984799,0.10202203073018573,0.015959959653430368,0.8064205665950418,0.006140555849090014,-0.0846326150464733,-0.000909997644579769,-0.17545432837563082,0.03794690087534823,0.9812054124712463,False
GUT_GENOME172369_17,GUT_GENOME172369_00909,9458,0.02163608991875478,0.014471949419465856,0.015180842748739692,0.0010528959513418535,0.06556501775009181,0.01593637575684239,0.7634906617880264,0.007164140499288926,-0.04836847769501941,-0.0007555330081026983,-0.17183315089554707,0.03186614138122544,0.9841931892214298,False
GUT_GENOME172369_17,GUT_GENOME172369_00909,9907,0.02030491292432103,0.014193047643502524,0.014907980572815675,0.0010868579232068136,0.08447022937703241,0.01593303724410163,0.8271947602376836,0.006111865280818507,-0.08564908076651613,-0.0010250566712859538,-0.17815170407204559,0.039073794699922906,0.9806527110348509,False
GUT_GENOME172369_17,GUT_GENOME172369_00910,10236,0.01971021984441609,0.01401695294165349,0.014914880219185075,0.0012046203497782073,0.09245883501593821,0.01620206862906968,0.8573621341844371,0.0056932669027626,-0.10047942144617103,-0.0012871884098846036,-0.18429696534529202,0.044061485569641026,0.978210161684433,False
GUT_GENOME172369_17,GUT_GENOME172369_00910,11358,0.018742271949553413,0.013566627962762983,0.014484251734268514,0.0011708599101000017,0.1079478801629124,0.015938894489185017,0.8929502011646241,0.0051756439867904295,-0.1188180596012343,-0.0014546427549165034,-0.18822266586161507,0.04954550323145566,0.975531574815307,False
GUT_GENOME172369_17,GUT_GENOME172369_00912,13059,0.01848202232329678,0.013600848540168036,0.014456410872355684,0.001147416485533627,0.11763586330673209,0.01589493350810804,0.8950255098492499,0.004881173783128743,-0.12925071693878115,-0.0014385226357523581,-0.18784475533254627,0.051991399935133104,0.9743392792902436,False
GUT_GENOME172369_17,GUT_GENOME172369_00912,13654,0.018362067445864605,0.013734912849372739,0.014466527127316444,0.0011223006639809801,0.12690446844324937,0.015905820398884742,0.9001573932215845,0.004627154596491866,-0.138250252709774,-0.0014392932715682986,-0.18786282166232687,0.05440557213724761,0.9731638774368373,False
GUT_GENOME172369_17,GUT_GENOME172369_00913,14192,0.01701449966799666,0.013648701557437673,0.014215614450981923,0.0010735089951947083,0.18842608931279176,0.015995178042628882,0.9513117101677986,0.003365798110558987,-0.18293830547231613,-0.0017795635916469585,-0.19583991757445585,0.07181969692465211,0.964727261208961,False
GUT_GENOME172369_17,GUT_GENOME172369_00913,14273,0.016742999817667165,0.014054306727825266,0.014447551737138955,0.001067853819421863,0.24288725184374033,0.016181187003983494,0.9477561770673869,0.0026886930898418985,-0.20692716605934414,-0.0017336352668445385,-0.19476320112164383,0.08075155656450127,0.9604284631749881,False
GUT_GENOME172369_17,GUT_GENOME172369_00913,14339,0.016849112903887693,0.01461659315938601,0.0149246542661043,0.0010444175993093384,0.2873667255054455,0.01619821712810706,0.8886538025500631,0.002232519744501683,-0.22308873398464965,-0.0012735628620027598,-0.1839775360683464,0.08361631700865349,0.9590537492311926,False
GUT_GENOME172369_17,GUT_GENOME172369_00913,14454,0.015182435657210235,0.014394392785563415,0.014525048131279769,0.0009699074471800947,0.41224507526716325,0.015850848843676563,0.9141772044905521,0.0007880428716468199,-0.2742644796428402,-0.0013258007123967946,-0.18520216930330016,0.10952084830840614,0.9467119300980164,False
GUT_GENOME172369_17,GUT_GENOME172369_00913,14457,0.015491010113676368,0.01451796255260343,0.014668253836301992,0.0009652404687033974,0.3948991389994049,0.015953962975756797,0.90857140963711,0.0009730475610729376,-0.26771002860969106,-0.0012857091394548048,-0.184262286205202,0.10562124953576937,0.9485596291742351,False
GUT_GENOME172369_17,GUT_GENOME172369_00913,14480,0.015023223769025675,0.014433546128233611,0.014499798663828157,0.0009383317490235613,0.4339144374640762,0.015769060839146726,0.9119209880774015,0.0005896776407920638,-0.2812922755130418,-0.0012692621753185689,-0.18387671331613026,0.11293598996324737,0.9450967318493809,False
GUT_GENOME172369_17,GUT_GENOME172369_00913,14490,0.0157114892125475,0.014411044481738524,0.014573328996249014,0.0009963924396890868,0.3698605855757956,0.016114762340875596,0.9390701003103854,0.0013004447308089754,-0.256110816048739,-0.0015414333446265825,-0.1902573330586468,0.10179060287973987,0.9503781685495127,False
GUT_GENOME172369_17,GUT_GENOME172369_00913,14517,0.015789676102246023,0.014463288565148025,0.014580935370348906,0.0009484833717927749,0.36683530780468254,0.016023262149679557,0.9358282106900339,0.001326387537097998,-0.25519169959817045,-0.001442326779330651,-0.1879339374221877,0.10044196837880963,0.9510192410618665,False
GUT_GENOME172369_17,GUT_GENOME172369_00916,17048,0.015849738939563176,0.013929309742412415,0.014106021908067855,0.0007927228514585066,0.31197301212077533,0.016013653344597405,0.9919453374334155,0.0019204291971507605,-0.23414565484901093,-0.0019076314365295503,-0.19884226430176355,0.09436243375732455,0.9539145165151663,False
GUT_GENOME172369_17,GUT_GENOME172369_00916,17735,0.014566413660018289,0.013715545988352658,0.013849409140285105,0.0008099063834282628,0.4041581708635774,0.015931305942721356,0.9949229958687489,0.000850867671665631,-0.2720386870066209,-0.002081896802436251,-0.20292763835871527,0.1151846736381318,0.9440347171989627,False
GUT_GENOME172369_17,GUT_GENOME172369_00916,17895,0.014154874692631818,0.013540391035871993,0.013657981820218715,0.0008064278728219284,0.42970724794485227,0.015789319114860027,0.9958904721054536,0.0006144836567598243,-0.28041343391452583,-0.002131337294641312,-0.20408669198458382,0.12028307176494654,0.9416312495423657,False
GUT_GENOME172369_17,GUT_GENOME172369_00916,18453,0.013653215472596545,0.01284364054067401,0.012978960242250811,0.0007882696768120922,0.40392552452496694,0.015339811327646257,0.9986276810687247,0.0008095749319225343,-0.2735016296028883,-0.0023608510853954465,-0.20946727740143364,0.11867968169740467,0.9423864533198778,False
GUT_GENOME172369_17,GUT_GENOME172369_00916,18527,0.012314646858527848,0.01231274177163191,0.012363462013209588,0.0007755232701193328,0.4997536923298486,0.014934027442269448,0.9995411621225276,1.9050868959383238e-06,-0.3021162148147516,-0.002570565429059859,-0.214383696303833,0.13723457649488724,0.9336839435277421,False
GUT_GENOME172369_17,GUT_GENOME172369_00916,18804,0.011749366023294372,0.012132965589763432,0.01215653490204163,0.0007696104118652059,0.5490762631699864,0.014754004197469731,0.9996309810602504,-0.00038359956646905925,-0.31577409225218306,-0.0025974692954281,-0.21501441461736953,0.1459444758309403,0.9296266380408554,False
GUT_GENOME172369_17,GUT_GENOME172369_00916,19185,0.0117120958928184,0.011924786454587905,0.01196546556379205,0.0007578641753987394,0.5273344590617182,0.014636809542600583,0.9997881243652246,-0.00021269056176950567,-0.30971903112966576,-0.002671343978808534,-0.21674628895383136,0.14290483201915663,0.9310405791668319,False
GUT_GENOME172369_17,GUT_GENOME172369_00916,19433,0.012321783337080216,0.01176113810403433,0.011892749091809983,0.0007661776745761313,0.4298929286972318,0.014548236494525354,0.9997357600992737,0.0005606452330458849,-0.28232085211581354,-0.0026554874027153712,-0.2163745567724766,0.12652301235788477,0.9386979662713384,False
GUT_GENOME172369_17,GUT_GENOME172369_00918,19933,0.012006584794816874,0.011752400898988996,0.011828323917161267,0.0007334802711991185,0.46320103487483527,0.014580204507561437,0.9999122196942062,0.00025418389582787873,-0.2931783381318693,-0.0027518805904001697,-0.21863434159079323,0.13375451327260435,0.9353099973865853,False
GUT_GENOME172369_17,GUT_GENOME172369_00918,19934,0.012619366337678815,0.01181084118079477,0.011938555317816128,0.0007271106578662108,0.3800967721604515,0.014635636740519879,0.9998960890375966,0.0008085251568840449,-0.2735388216281659,-0.002697081422703751,-0.21734966234954134,0.12206436266118519,0.9407929633194723,False
GUT_GENOME172369_17,GUT_GENOME172369_00918,20120,0.01397503093065971,0.011764965721056371,0.012049210848936688,0.0007411192663555098,0.2215413526425667,0.01465000962046427,0.9997753434729981,0.002210065209603339,-0.22388426597856764,-0.002600798771527583,-0.21509246888368513,0.09638893472324109,0.9529484516860868,False
GUT_GENOME172369_17,GUT_GENOME172369_00918,22463,0.014775870648303543,0.011893918138753755,0.012271644220156957,0.0007359463968506406,0.14198259571912059,0.014678783054185412,0.9994637951769945,0.002881952509549788,-0.20008026176140722,-0.0024071388340284553,-0.21055241997371754,0.08436443270330196,0.9586950747369737,False
GUT_GENOME172369_17,GUT_GENOME172369_00920,25284,0.013762823150111259,0.012008305319556569,0.012329263658665594,0.000728111653386348,0.24029198789232342,0.014659507181202189,0.9993137986939302,0.0017545178305546898,-0.2400236568151777,-0.002330243522536595,-0.20874973182030526,0.10118780636597957,0.950664654043836,False
GUT_GENOME172369_17,GUT_GENOME172369_00920,25359,0.013317897345677187,0.011849761401990138,0.012087154171786013,0.0007847257470039078,0.2630704803310822,0.01467256400559248,0.9995073077074809,0.0014681359436870493,-0.250169756679335,-0.002585409833806467,-0.21473169973943906,0.10869461002998629,0.947103115713227,False
GUT_GENOME172369_17,GUT_GENOME172369_00920,25616,0.012004579070849735,0.012183934215410678,0.012299266054101345,0.0007771252005845763,0.5391301365070595,0.014839797394781681,0.9994606260830237,-0.00017935514456094218,-0.3085380050678892,-0.0025405313406803368,-0.21367959491884755,0.1408546698559556,0.9319954605825603,False
GUT_GENOME172369_17,GUT_GENOME172369_00920,25778,0.012244208406877856,0.012000783839298547,0.012258790339126061,0.0008010913502582532,0.45045421640847133,0.014954164156814125,0.9996167643980653,0.00024342456757930897,-0.29355952571351157,-0.002695373817688064,-0.21730963026861516,0.1334006705446241,0.935475488346088,False
GUT_GENOME172369_17,GUT_GENOME172369_00921,25935,0.014083030279685426,0.01230640991006485,0.01272051363286841,0.0008520748028017069,0.22491467177758367,0.015003844174234027,0.9963159234231632,0.001776620369620575,-0.23924059552919089,-0.0022833305413656173,-0.20764993166659723,0.1003545566703044,0.9510608070785402,False
GUT_GENOME172369_17,GUT_GENOME172369_00921,25936,0.013875859719089464,0.01270076723966572,0.013148148346621731,0.0008888719985164892,0.29825450079818894,0.015255025931873181,0.9911127465333219,0.0011750924794237446,-0.2605518666845263,-0.00210687758525145,-0.2035132730400793,0.10930492753627702,0.9468141430008546,False
GUT_GENOME172369_17,GUT_GENOME172369_00921,25985,0.014861784131078155,0.01280560272287088,0.01341748972440342,0.000989982334466912,0.18392952393789025,0.015335914059289281,0.9736784401172671,0.002056181408207274,-0.22933614854529652,-0.0019184243348858605,-0.19909528662042547,0.09223400218405968,0.9549302277748558,False
GUT_GENOME172369_17,GUT_GENOME172369_00921,26002,0.015415719550796044,0.01292679013248404,0.014012173750032563,0.0010716343530815153,0.1359616894321694,0.01553892177157219,0.9228767565255036,0.002488929418312004,-0.21400450667868917,-0.0015267480215396274,-0.1899130590392785,0.08186489887244561,0.9598939691365939,False
GUT_GENOME172369_17,GUT_GENOME172369_00921,26040,0.016823620256985597,0.012026944133855133,0.014039220931206728,0.001133971077047434,0.025794708175905987,0.015795841502314962,0.9393196722487275,0.004796676123130464,-0.13224434794668907,-0.001756620571108234,-0.195302054985356,0.055631460245347986,0.9725675651962367,False
GUT_GENOME172369_17,GUT_GENOME172369_00921,26041,0.021350674260967525,0.013880300591948778,0.016865394447357032,0.0013717849608313021,0.007466352316797581,0.01797318691082775,0.7903267380815756,0.007470373669018747,-0.03751907532610417,-0.0011077924634707165,-0.18009131299671247,0.03384056203020573,0.9832220629755362,False
GUT_GENOME172369_17,GUT_GENOME172369_00921,26053,0.05021991516064957,0.022854808422032538,0.035681891146967355,0.003698014026976961,2.9191353807966833e-05,0.030699269219689258,0.0889292967149814,0.02736510673861703,0.667322808016151,0.004982621927278098,-0.037311244113881266,0.44671185903588634,0.7998301154775367,False
GUT_GENOME172369_17,GUT_GENOME172369_00921,26067,0.060916534451504314,0.034969437917603596,0.04724073724269199,0.0055579628161131975,0.002098055256630416,0.036294621156961436,0.024450861697617288,0.025947096533900718,0.6170847384831596,0.010946116085730553,0.10249338199162016,0.3912984678209096,0.8223006192701139,False
GUT_GENOME172369_17,GUT_GENOME172369_00921,26092,0.07654393335040281,0.07084447494306857,0.0726359028274563,0.008469415598489584,0.2958151364169209,0.041687181943410374,0.00012900547332924043,0.00569945840733424,-0.10026006531167399,0.030948720884045926,0.5714226054739616,0.3365758747429519,0.8451104607634375,False
GUT_GENOME172369_17,GUT_GENOME172369_00921,26094,0.08387591059960564,0.08164619469792658,0.08102403313115951,0.009440169263075643,0.42270715992407,0.04395903243133348,4.313006021789967e-05,0.002229715901679058,-0.2231880701179258,0.03706500069982603,0.7148090480664802,0.5607648898406716,0.7554947510679086,False
GUT_GENOME172369_17,GUT_GENOME172369_00921,26256,0.0902830762733673,0.10758194614350969,0.09412276946684205,0.010188849002197242,0.9293655277911523,0.04673957209852841,1.6556916201935339e-06,-0.017298869870142383,-0.9150578793919906,0.04738319736831364,0.9567027414268308,1.7526110580909802,0.4163181493003921,False
GUT_GENOME172369_17,GUT_GENOME172369_00921,26343,0.1064426147554124,0.10976806549541634,0.10658373888362997,0.011739598640202093,0.5921513896281644,0.0471331442245982,2.0515856594126918e-07,-0.0033254507400039407,-0.4199996636339668,0.05945059465903177,1.2396036584846906,1.7130169475812747,0.42464214615622053,False
GUT_GENOME172369_17,GUT_GENOME172369_00921,26344,0.11586610438218466,0.12009177974925196,0.11657417227353528,0.01140166950236199,0.6135493914263367,0.04749984321759339,6.879902442003071e-10,-0.004225675367067305,-0.4518933321416405,0.0690743290559419,1.4652167895366741,2.3510678239742333,0.3086541415413622,False
GUT_GENOME172369_17,GUT_GENOME172369_00921,26358,0.11126126440208717,0.1191286396557575,0.11405309514965516,0.011365954430969468,0.6968204061364465,0.04590657684597716,1.013237404486781e-09,-0.00786737525367033,-0.5809135405385548,0.06814651830367799,1.4434657436111793,2.421053894560014,0.2980401865780469,False
GUT_GENOME172369_17,GUT_GENOME172369_00921,26367,0.10945224880261827,0.11880378047626099,0.11290037816471363,0.011406265989588478,0.7311540929654261,0.04509353605695135,1.384808716657988e-09,-0.009351531673642721,-0.633495075690007,0.06780684210776228,1.4355025759941495,2.4619836566093265,0.2920028173490755,False
GUT_GENOME172369_17,GUT_GENOME172369_00921,26368,0.10673125783041972,0.11809400006809159,0.11075633651798768,0.01135904280922993,0.7735539175974496,0.044397941447765515,2.580435304178106e-09,-0.011362742237671877,-0.7047493838925333,0.06635839507022216,1.4015460412619236,2.461002999873875,0.2921460297215528,False
GUT_GENOME172369_17,GUT_GENOME172369_00921,26401,0.10006640253107339,0.10492974762102635,0.10220312189479946,0.010507936427449554,0.6286240766645043,0.04426357963608049,1.7550002190133574e-08,-0.004863345089952953,-0.47448505663760177,0.05793954225871897,1.204179440695841,1.6751841943669368,0.4327512929474333,False
GUT_GENOME172369_17,GUT_GENOME172369_00921,26407,0.10234827287680864,0.10264923563333482,0.10262685222069032,0.010441515550634965,0.5081867289295672,0.04289931093372891,5.319984666993653e-09,-0.0003009627565261769,-0.31284638849512464,0.05972754128696141,1.246096231251615,1.650628680333921,0.4380972592529244,False
GUT_GENOME172369_17,GUT_GENOME172369_00921,26438,0.10870287990360074,0.10078306404228543,0.10380039385177234,0.009951931569394721,0.295424844950143,0.04130061732426664,1.6910648712795033e-10,0.007919815861315307,-0.02159598250733854,0.0624997765275057,1.3110868728088738,1.7194151745122093,0.4232858383963971,False
GUT_GENOME172369_17,GUT_GENOME172369_00921,26578,0.10775085188552604,0.09994466800142325,0.1030864531470664,0.009961238859521632,0.29249477527634704,0.04095343023865682,2.2233871834248129e-10,0.007806183884102785,-0.025621800624434574,0.06213302290840957,1.3024889181151647,1.6971338584800504,0.42802788688907834,False
GUT_GENOME172369_17,GUT_GENOME172369_00921,26607,0.11143340711987913,0.1041514328656223,0.10786161433848056,0.009678718544458235,0.30393378805916166,0.039527820295012304,8.312505044539371e-13,0.007281974254256834,-0.044193796613231584,0.06833379404346826,1.4478561251701016,2.098240450851673,0.3502457509115736,False
GUT_GENOME172369_17,GUT_GENOME172369_00921,26608,0.11224602438632482,0.10270525372417,0.10794526378701538,0.009445769995518391,0.24628254742020367,0.038770124158927756,1.208840647899106e-13,0.009540770662154821,0.03583212324504806,0.06917513962808763,1.4675801329007891,2.155075387541346,0.34043274414434815,False
GUT_GENOME172369_17,GUT_GENOME172369_00921,26695,0.11130893324332264,0.11537349580035756,0.11175118330821254,0.010004056800599214,0.6143919289754081,0.038075561356819096,8.885637021289529e-14,-0.004064562557034926,-0.44618533615815487,0.07367562195139345,1.5730867757826972,2.6736833583449675,0.26267396853898,False
GUT_GENOME172369_17,GUT_GENOME172369_00921,26718,0.10910636502002898,0.11680149167128318,0.10915343022966477,0.010436939929862598,0.7092120738470481,0.03684857333798953,2.137431232772317e-12,-0.0076951266512542,-0.5748110193885936,0.07230485689167523,1.540951371343545,2.7049388368561056,0.2586008777458318,False
GUT_GENOME172369_17,GUT_GENOME172369_00921,26856,0.10688863542782773,0.10934157873397864,0.10889172339509602,0.009804962183816221,0.5699383428159046,0.03701785710544767,1.1477082227134416e-13,-0.0024529433061509093,-0.38908797556277286,0.07187386628964834,1.5308474828562977,2.4948834684949994,0.28723869061729607,False
GUT_GENOME172369_17,GUT_GENOME172369_00921,26898,0.10411832435957584,0.09174274391117236,0.10197045359645499,0.010086682530218606,0.19273608099844963,0.035583376346292744,2.326180945691131e-11,0.012375580448403478,0.13626537166645578,0.06638707725016224,1.4022184493059107,1.9847848310892702,0.3706887877107666,False
GUT_GENOME172369_17,GUT_GENOME172369_00921,26899,0.09741813354630784,0.0868712215972569,0.09175455919581824,0.00867490948169003,0.22400557848909208,0.03547898030892204,4.373294248047065e-11,0.010546911949050941,0.07147826723116495,0.056275578886896195,1.1651704686284816,1.3627313636502854,0.505925586974157,False
GUT_GENOME172369_17,GUT_GENOME172369_00921,27045,0.0871126992801515,0.08422783715683697,0.0847022975127375,0.00777033144722565,0.40746777918064536,0.03437712586739714,4.691250458548652e-11,0.002884862123314527,-0.1999771783152226,0.05032517164534036,1.025672644454028,1.0919952454282376,0.5792636084543429,False
GUT_GENOME172369_17,GUT_GENOME172369_00921,27177,0.07106949717354044,0.07210518729461504,0.07072593823140992,0.006584944430089433,0.5403188280497859,0.03116069131663082,9.365815733105603e-10,-0.0010356901210746006,-0.3388767261508115,0.0395652469147791,0.7734233399506726,0.7130210983071458,0.700115085809106,False
GUT_GENOME172369_17,GUT_GENOME172369_00921,27220,0.06286836645657994,0.06874988773146547,0.06559282049205445,0.0063965488506831465,0.7258516154175747,0.03019014687765087,1.5592320591571888e-08,-0.005881521274885532,-0.510557579815044,0.03540267361440358,0.6758384361286557,0.7174266340554221,0.6985745920878228,False
GUT_GENOME172369_17,GUT_GENOME172369_00921,27228,0.055359291255534106,0.061720834846928675,0.0589030244294396,0.005758964107860498,0.7664760452153598,0.02958651589256759,1.784782556252524e-07,-0.0063615435913945695,-0.5275640826130921,0.02931650853687201,0.5331579856288995,0.5625812989032593,0.7548089187967498,False
GUT_GENOME172369_17,GUT_GENOME172369_00921,27254,0.05127963717995058,0.05036689123219683,0.05071661388015925,0.0049737205415476505,0.4505136374255141,0.027861756469556662,2.162470885725396e-06,0.00091274594775375,-0.2698464283568896,0.02285485741060259,0.381674862525327,0.21849279558069723,0.8965094923236806,False
GUT_GENOME172369_17,GUT_GENOME172369_00921,27278,0.04519297457866819,0.04252348264165993,0.04338702813418882,0.004471215385784182,0.34739420589698355,0.02586176882194754,4.43528220099386e-05,0.0026694919370082587,-0.2076074353888325,0.01752525931224128,0.2567309203269581,0.10901161268065518,0.9469530105104091,False
GUT_GENOME172369_17,GUT_GENOME172369_00921,27282,0.04247660337694586,0.041930012667819726,0.041328090113795735,0.004307004764721923,0.46590881572616694,0.02512611229248174,8.435628748517262e-05,0.0005465907091261324,-0.28281878375804376,0.016201977821313995,0.2257086925598351,0.1309308783434493,0.936631416957813,False
GUT_GENOME172369_17,GUT_GENOME172369_00921,27288,0.03827029119402738,0.03370383693633742,0.03567042642585322,0.003676646599092465,0.20876403590123416,0.02301294566747965,0.00028800091065472834,0.004566454257689964,-0.14040077872944828,0.012657480758373568,0.142613602089414,0.040051018168753214,0.9801736696550035,False
GUT_GENOME172369_17,GUT_GENOME172369_00921,27289,0.03767281393094286,0.0339929409096611,0.035809760173637524,0.003785054862268914,0.25294423075598654,0.022863733576123257,0.0003127595119718927,0.0036798730212817543,-0.17181108145729918,0.012946026597514267,0.14937809989615486,0.051832864440112314,0.9744165160313746,False
GUT_GENOME172369_17,GUT_GENOME172369_00923,27772,0.0378127903171315,0.027337749650719563,0.03319043876695118,0.004007355397204911,0.03496898839339104,0.022658163748400295,0.004291449578618882,0.010475040666411937,0.06893197067939513,0.010532275018550884,0.09279153704520547,0.013361885928956728,0.9933413249172229,False
GUT_GENOME172369_17,GUT_GENOME172369_00923,27776,0.038827230617539635,0.023123464364663553,0.03078759413375717,0.0036599242742653857,0.005007041381433175,0.022686169914378662,0.013429885938899006,0.015703766252876082,0.25417822540170804,0.008101424219378508,0.0358041102000111,0.06588850457557605,0.9675924991536957,False
GUT_GENOME172369_17,GUT_GENOME172369_00924,28349,0.03478678364522111,0.02287548300327885,0.02869019401431938,0.003392562903821635,0.017824565272127387,0.02239757523058469,0.03181043574851725,0.011911300641942256,0.11981660344025742,0.0062926187837346916,-0.0066004534515453715,0.014399584445725925,0.9928260641903491,False
GUT_GENOME172369_17,GUT_GENOME172369_00924,28350,0.030248986632871247,0.021661281203679616,0.026237168313427713,0.0030427736656896305,0.025823904474899326,0.02234661842243267,0.10051553129627983,0.008587705429191631,0.0020663877913597484,0.0038905498909950417,-0.06291313432390644,0.0039623324289621755,0.9980207949999259,False
GUT_GENOME172369_17,GUT_GENOME172369_00924,28419,0.03326768249199725,0.017948647665211374,0.025915947078707962,0.003272998018134243,0.0006000921145470201,0.022207609430326885,0.12860514474524343,0.015319034826785875,0.24054774229858145,0.003708337648381077,-0.06718481025309035,0.0623770150536885,0.9692928368575269,False
GUT_GENOME172369_17,GUT_GENOME172369_00924,28549,0.02981779989427395,0.018026787954435578,0.024069111194635444,0.0032040453832812826,0.006387053298381975,0.022108571052324204,0.27030353313680844,0.011791011939838371,0.11555494709940108,0.0019605401423112394,-0.10815914012610411,0.025051345391963607,0.9875524470346982,False
GUT_GENOME172369_17,GUT_GENOME172369_00925,29327,0.02813240274010419,0.015787129586019914,0.021902513642604954,0.0030611899544170738,0.004873341949232102,0.022042195255048188,0.5181973580729246,0.012345273154084277,0.1351916276593247,-0.00013968161244323415,-0.15739549541722503,0.04305011816681119,0.9787049517128379,False
GUT_GENOME172369_17,GUT_GENOME172369_00925,29330,0.027687627462366426,0.017910476250969237,0.021758334491975378,0.0027845731662521993,0.0242771961243841,0.022160698946366027,0.5574462688954555,0.00977715121139719,0.0442067473694637,-0.0004023644543906489,-0.1635536764310753,0.02870404158710846,0.9857504785135729,False
GUT_GENOME172369_17,GUT_GENOME172369_00925,29395,0.02570977424854176,0.01682665247420257,0.019756801339794374,0.00243147618491892,0.042962645274198366,0.022168382954465125,0.8393568190240078,0.00888312177433919,0.012532565565922674,-0.0024115816146707512,-0.2106565738925546,0.04453325732381347,0.9779794429351865,False
GUT_GENOME172369_17,GUT_GENOME172369_00925,29398,0.024356203485883382,0.016835239728261595,0.019178357072966057,0.0024117859166475583,0.0749777627463911,0.022206314520826644,0.8953483547108577,0.007520963757621787,-0.03572674098290517,-0.0030279574478605867,-0.2251065239738227,0.05194934715683681,0.9743597663424759,False
GUT_GENOME172369_17,GUT_GENOME172369_00925,29665,0.02281252035569388,0.0172446917996577,0.018884794212682538,0.0024234037825331765,0.14410171595237936,0.02266119529774492,0.940419461830215,0.005567828556036179,-0.10492352231652134,-0.003776401085062383,-0.24265259345587817,0.06988922664616924,0.9656588994138979,False
GUT_GENOME172369_17,GUT_GENOME172369_00925,29674,0.021124693460980885,0.016761606809154873,0.017977718890212303,0.002243964150316194,0.19170345604832495,0.023047174791948604,0.9880630315528707,0.004363086651826012,-0.1476058015777819,-0.005069455901736301,-0.2729662049688182,0.09629802171449837,0.9529917703760972,False
GUT_GENOME172369_17,GUT_GENOME172369_00925,29681,0.0208315604440982,0.01703943005367519,0.018123234978583858,0.00232730046668808,0.22087490727633674,0.023353370662181516,0.9876894782405503,0.003792130390423011,-0.16783396373434356,-0.005230135683597658,-0.27673308663734486,0.10474944062261315,0.9489732006762039,False
GUT_GENOME172369_17,GUT_GENOME172369_00925,30012,0.019315809721927944,0.01701249121991622,0.01757680342246362,0.002273376939170985,0.3135167807838811,0.023319218409697574,0.9942305496518256,0.002303318502011726,-0.22058043546126174,-0.005742414987233952,-0.28874265931462306,0.13202805181636035,0.9361177342981519,False
GUT_GENOME172369_17,GUT_GENOME172369_00925,30034,0.019157425369752765,0.01692964796648177,0.01737237051205723,0.00224894452136192,0.31140960934116757,0.02310304755399241,0.9945854058175253,0.0022277774032709967,-0.22325674833863948,-0.0057306770419351775,-0.288467481874998,0.13305706377804488,0.9356362200066964,False
GUT_GENOME172369_17,GUT_GENOME172369_00925,30055,0.020428294194675792,0.016572334056914047,0.01755681721885295,0.0021983707812766266,0.20837086873263366,0.022206457302196995,0.9827866910561416,0.003855960137761745,-0.16557256725467712,-0.004649640083344047,-0.26312429149258615,0.09664866780078002,0.952824703604582,False
GUT_GENOME172369_17,GUT_GENOME172369_00925,30311,0.0220277826454675,0.01645008692081775,0.018053388740404807,0.0022703864327782157,0.12210657843929262,0.02208605789119852,0.9621503390462033,0.0055776957246497505,-0.10457394267227504,-0.0040326691507937135,-0.2486603902542649,0.07276769916742759,0.9642700877642371,False
GUT_GENOME172369_17,GUT_GENOME172369_00925,30317,0.0233965417567205,0.016572274529369713,0.01867947281196136,0.0022893746578692854,0.07385703225029132,0.022039158894614396,0.9288816635103099,0.006824267227350786,-0.06040970067863645,-0.003359686082653038,-0.23288337367357692,0.057883997669669306,0.9714728093874244,False
GUT_GENOME172369_17,GUT_GENOME172369_00925,30482,0.026899643218548694,0.018039841049450667,0.02093476530085029,0.0025401673380550864,0.03464535593084282,0.02287100008006482,0.777043682141367,0.008859802169098027,0.01170638536941142,-0.0019362347792145282,-0.19951282413182103,0.039942406451472116,0.9802269002731052,False
GUT_GENOME172369_17,GUT_GENOME172369_00926,30747,0.026439080534694702,0.018027041220149937,0.02072810468837322,0.002434350487751389,0.03013277827431234,0.02280862231068499,0.8036275282487144,0.008412039314544765,-0.004157210919613754,-0.0020805176223117686,-0.20289530567648023,0.04118378746818251,0.9796186715205051,False
GUT_GENOME172369_17,GUT_GENOME172369_00926,31157,0.02867250617671406,0.01825000909891216,0.021925123873589414,0.0024387531440170063,0.008238730596495837,0.02282406324824585,0.6437893395925143,0.0104224970778019,0.06707042663032951,-0.0008989393746564357,-0.17519508484307633,0.03519175988154713,0.9825580235435151,False
GUT_GENOME172369_17,GUT_GENOME172369_00926,31193,0.028682091115994606,0.018002777324040053,0.021833030446624956,0.0023316435706164833,0.003481657073257939,0.022774676702141623,0.6568403793008072,0.010679313791954553,0.07616907479232675,-0.0009416462555166677,-0.17619627967150328,0.036846856924797666,0.9817452454567577,False
GUT_GENOME172369_17,GUT_GENOME172369_00927,31364,0.024011595860451613,0.018397798351840678,0.021006005017473132,0.002343973667583282,0.045691285100363015,0.02277102497053531,0.7742760404337756,0.005613797508610935,-0.10329490820067909,-0.0017650199530621774,-0.195498965122666,0.0488896834242201,0.9758515137326838,False
GUT_GENOME172369_17,GUT_GENOME172369_00927,31463,0.027678660760601357,0.01869240384397019,0.0224522411516643,0.002719929679064848,0.0333109412624091,0.02294140584333896,0.5713627194822065,0.008986256916631168,0.016186495863833264,-0.0004891646916746588,-0.165588569800118,0.02768157709679844,0.9862545547829087,False
GUT_GENOME172369_17,GUT_GENOME172369_00928,32049,0.034629775128311314,0.0178195309865642,0.023790295540822487,0.002847132396241712,0.0014139244524827932,0.023023026390627328,0.39377693432431843,0.016810244141747116,0.2933791514126329,0.0007672691501951594,-0.13613347873744952,0.10460365051675619,0.9490423786492304,False
GUT_GENOME172369_17,GUT_GENOME172369_00928,32078,0.047473264793240454,0.01899780874328234,0.030034910122419854,0.0038657583847433543,4.203828473605549e-05,0.023116729604143307,0.03675871739793564,0.028475456049958114,0.70666089297741,0.006918180518276546,0.008064845462108316,0.49943465939595816,0.7790209580409664,False
GUT_GENOME172369_17,GUT_GENOME172369_00928,32135,0.050881505005085904,0.018914118456334592,0.03388915151448162,0.003944127747783807,4.1695870784959217e-07,0.023419572236476924,0.003971623796151613,0.03196738654875131,0.8303749865849678,0.010469579278004699,0.09132173522557202,0.6978622776705948,0.705441706134954,False
GUT_GENOME172369_17,GUT_GENOME172369_00928,32141,0.0402872935477646,0.0226228592698857,0.03415328765599663,0.003610371904919345,0.00015116056364224747,0.02395744066799484,0.002371098073511184,0.0176644342778789,0.323641883874399,0.01019584698800179,0.0849045174938135,0.11195284608862725,0.9455614290875047,False
GUT_GENOME172369_17,GUT_GENOME172369_00928,32146,0.0518619750912804,0.025291659620941036,0.038271106694450045,0.0046227635175852206,0.0005720804041823667,0.025376704155244855,0.0026408792379929843,0.026570315470339362,0.6391644923233976,0.01289440253920519,0.1481678560394187,0.43048496181034446,0.8063458929880416,False
GUT_GENOME172369_17,GUT_GENOME172369_00928,32147,0.06677572678498682,0.03386458836503709,0.047774160500476635,0.005837610451253949,0.0004929652555632897,0.02906814612504653,0.0006767313753379158,0.03291113841994973,0.8638107629774531,0.018706014375430104,0.28441184291113125,0.8270591306237955,0.6613119821963898,False
GUT_GENOME172369_17,GUT_GENOME172369_00928,32163,0.07023870268737656,0.03209305723872329,0.052697891106894205,0.006288601644630616,1.0808147692448992e-05,0.029764246382969456,0.00013273264843829177,0.038145645448653266,1.0492618459134542,0.02293364472392475,0.38352190564940714,1.2480394734026619,0.5357863829072844,False
GUT_GENOME172369_17,GUT_GENOME172369_00928,32169,0.06238815522107868,0.04897831350697422,0.056774074083663556,0.006994127737395444,0.08401117008437192,0.031148374758145393,0.00012420781621551083,0.013409841714104455,0.17290776620547135,0.025625699325518163,0.44663283978152485,0.2293779891854752,0.8916434067103177,False
GUT_GENOME172369_17,GUT_GENOME172369_00928,32180,0.08278488772199798,0.047114752817708536,0.07237062789524623,0.010886214086950096,0.006070534141676168,0.03361634443832965,0.00018546882867387135,0.03567013490428944,0.9615580547533025,0.03875428345691658,0.7544115928106174,1.4937307440280079,0.4738495692951522,False
GUT_GENOME172369_17,GUT_GENOME172369_00928,32181,0.09937313530611898,0.08006046537819446,0.09168753437415893,0.011691595440213597,0.08509492496657733,0.03589224911766861,9.108691913539616e-07,0.01931266992792452,0.3820365110204801,0.055795285256490315,1.1539107491359126,1.4774619127241047,0.4777197782519145,False
GUT_GENOME172369_17,GUT_GENOME172369_00928,32209,0.13881849207133712,0.15973198180670586,0.1407684547238885,0.01658715901866975,0.8769798613965922,0.05919539749234996,4.3751343160975515e-07,-0.020913489735368745,-1.0431186814374196,0.08157305723153853,1.7582295724714752,4.179467813076967,0.12372005253483695,False
GUT_GENOME172369_17,GUT_GENOME172369_00928,32210,0.14337905103800683,0.19110447025021818,0.1500292347632352,0.018599833592798015,0.9921073695636049,0.06304362337622754,1.457729323983995e-06,-0.04772541921221135,-1.993026921089869,0.08698561138700767,1.88511828735495,7.525827265509022,0.023215998841191826,False
GUT_GENOME172369_17,GUT_GENOME172369_00928,32229,0.1487898693630519,0.18439719707808602,0.1576116173627383,0.018471727148799667,0.9597195489219426,0.06778726329437476,5.786776519022525e-07,-0.03560732771503411,-1.5637003046681366,0.08982435406836353,1.9516680899759815,6.254166976249719,0.04384548684118301,False
GUT_GENOME172369_17,GUT_GENOME172369_00928,32230,0.12759575380885366,0.17538787049234902,0.14009429673226617,0.01706038310550361,0.9951641941953344,0.0631336278147925,3.224994348458756e-06,-0.04779211668349537,-1.9953899169194451,0.07696066891747368,1.6500994718010058,6.704409187381748,0.035007092551600345,False
GUT_GENOME172369_17,GUT_GENOME172369_00928,32252,0.10622276405702892,0.124910274774782,0.10857857115616082,0.014234403232347896,0.8745440531372617,0.05832807216000833,0.0002076113137658591,-0.018687510717753084,-0.9642554346892568,0.05025049899615249,1.023922063079647,1.9782049345890482,0.3719103429641974,False
GUT_GENOME172369_17,GUT_GENOME172369_00928,32262,0.09794662886306028,0.12245636789802818,0.10022659411385254,0.01297258657237322,0.9577456016350906,0.05486048330847678,0.00023519460514470907,-0.024509739034967892,-1.170528640667846,0.04536611080537576,0.9094153583488636,2.197173592624507,0.33334183089359626,False
GUT_GENOME172369_17,GUT_GENOME172369_00928,32264,0.07923894730594562,0.14430823181941604,0.08756648157692988,0.012322758896723306,0.9999996744893689,0.042470539758054905,0.00012632169113962785,-0.06506928451347042,-2.607495214814037,0.045095941818874975,0.9030816765946005,7.614587809879015,0.022208195202920472,False
GUT_GENOME172369_17,GUT_GENOME172369_00928,32300,0.06907559488279687,0.12086362914274137,0.08146762896369644,0.011948371116440997,0.9999740926551042,0.03977009990824697,0.00024168324495147856,-0.05178803425994451,-2.136959550470789,0.041697529055449475,0.8234112999464646,5.244602289227843,0.07263552551927614,False
GUT_GENOME172369_17,GUT_GENOME172369_00928,32309,0.046026072703844415,0.08212313918825286,0.0555274018340012,0.008295793837043063,0.999974877751249,0.02001310664516448,9.3027589668363e-06,-0.03609706648440844,-1.5810510474674464,0.03551429518883672,0.6784552262292738,2.9600239086957245,0.22763496713996462,False
GUT_GENOME172369_17,GUT_GENOME172369_00928,32354,0.04445650682451981,0.07023914007243007,0.05201632694090886,0.008302914407102922,0.9972984970088832,0.01939291148095773,4.262291472943985e-05,-0.025782633247910254,-1.2156254585646775,0.03262341545995113,0.6106831535359548,1.8506791695232012,0.39639678590855865,False
GUT_GENOME172369_17,GUT_GENOME172369_00928,32411,0.04315736260625187,0.055875668664852295,0.04678313106534966,0.00813514311808412,0.9163236558576604,0.019239095827480585,0.00035484468315832347,-0.012718306058600422,-0.7527750675340978,0.027544035237869077,0.4916051710767352,0.8083459465303516,0.6675286466725945,False
GUT_GENOME172369_17,GUT_GENOME172369_00928,32468,0.03579824020955618,0.036513496698700715,0.03585486536261883,0.00645015053031224,0.5340480084990838,0.01919668827519316,0.0049029066085343985,-0.0007152564891445348,-0.32752422175551893,0.01665817708742567,0.23640355804200364,0.1631587580914773,0.9216595464948102,False
GUT_GENOME172369_17,GUT_GENOME172369_00928,32473,0.04814342695073871,0.06241170884831967,0.05354701713367451,0.007459569580904884,0.9405385903862294,0.019064898699538976,1.8953978586014581e-06,-0.014268281897580955,-0.8076884903812479,0.03448211843413554,0.654257485537056,1.0804135548756102,0.5826277656408766,False
GUT_GENOME172369_17,GUT_GENOME172369_00928,32495,0.044602884790329186,0.06120488571060166,0.0513763346294135,0.006923504673632457,0.9745827218333682,0.018987108142776758,1.447340066841944e-06,-0.016602000920272475,-0.8903688111169487,0.032389226486636745,0.6051929659073071,1.1590151457934916,0.5601741435906349,False
GUT_GENOME172369_17,GUT_GENOME172369_00928,32723,0.042548415068987835,0.05531796091972198,0.04740076621951015,0.006255608457571789,0.9406099680996356,0.018933425192535006,2.673501369559641e-06,-0.012769545850734143,-0.7545904199423584,0.028467341026975145,0.5132506053133163,0.8328328857232705,0.6594056085392568,False
GUT_GENOME172369_17,GUT_GENOME172369_00928,32742,0.04894369407033409,0.052037982200116,0.05039997842317779,0.006849193262866495,0.6314992851356629,0.018890053796112107,2.107078407005217e-06,-0.003094288129781908,-0.4118099036116928,0.031509924627065686,0.5845791337403103,0.5113201603172434,0.7744051597368624,False
GUT_GENOME172369_17,GUT_GENOME172369_00928,32844,0.04673976029452233,0.0378905037660667,0.042628811835975874,0.005223416730993548,0.13863349394946933,0.019007501464335677,3.06007813542342e-06,0.008849256528455626,0.011332768433439602,0.023621310371640197,0.39964313193218826,0.1598430645409344,0.9231887840724046,False
GUT_GENOME172369_17,GUT_GENOME172369_00930,35312,0.0454717864324827,0.03541715741781241,0.04072578833127154,0.004800358053115615,0.09699713955919886,0.019076783678018495,3.2433240177746562e-06,0.010054629014670295,0.05403738831149052,0.02164900465325304,0.3534055644594277,0.12781553232641352,0.9380915193207322,False
GUT_GENOME172369_17,GUT_GENOME172369_00930,35360,0.04257987785703033,0.0293579408138827,0.035494715401108816,0.0036066530203993277,0.019883071508421904,0.019120061746975097,2.811051363535994e-06,0.013221937043147631,0.16625057298238635,0.01637465365413372,0.22975680254424768,0.0804274413323282,0.9605841205345416,False
GUT_GENOME172369_17,GUT_GENOME172369_00930,35428,0.0446099645166995,0.029603654847319697,0.035096880381077354,0.0037065534654760965,0.013307548917263903,0.01903340262661874,7.327719638153009e-06,0.0150063096693798,0.22946833810936748,0.016063477754458613,0.22246177899744665,0.10214496130938379,0.9502097962083053,False
GUT_GENOME172369_17,GUT_GENOME172369_00930,35429,0.04563216619548343,0.02616284140085125,0.03184421408309947,0.00321577201919444,0.0021547927051175915,0.01909640828687324,3.68288131793968e-05,0.01946932479463218,0.38758656846023976,0.012747805796226228,0.14473112879597716,0.17117044769334183,0.9179749063677225,False
GUT_GENOME172369_17,GUT_GENOME172369_00930,35447,0.04831496006965363,0.027080489168597222,0.033340064381452275,0.003250290388873567,0.0008915311860308544,0.019281336171341448,7.613593517283269e-06,0.021234470901056405,0.45012316554218407,0.014058728210110828,0.17546361767863883,0.23339834528659198,0.8898528449821098,False
GUT_GENOME172369_17,GUT_GENOME172369_00930,35462,0.046606779471335666,0.027754928965088712,0.03279324643969281,0.002914712976750462,0.0004924828676423648,0.019388985306963497,2.124380676942301e-06,0.018851850506246954,0.3657103392684073,0.01340426113272931,0.1601206790221135,0.15938268409831627,0.9234013175635474,False
GUT_GENOME172369_17,GUT_GENOME172369_00930,35468,0.046411674316240645,0.026769902917736742,0.03199524587338527,0.002867364813590319,0.0002747967794063192,0.019537140389873395,6.970364925248813e-06,0.019641771398503902,0.393696104518035,0.012458105483511877,0.13793956619433173,0.17402394663455595,0.9166661200331521,False
GUT_GENOME172369_18,GUT_GENOME172369_00937,5940,0.03261053874046114,0.021959909995248744,0.025511151774943362,0.003014738000401031,0.03870602786201106,0.02442263230094066,0.35902504431465043,0.010650628745212394,0.07515280469215635,0.0010885194740027013,-0.1286022763562872,0.022186489537116265,0.9889680583781859,False
GUT_GENOME172369_18,GUT_GENOME172369_00937,6196,0.0322982851724811,0.021871761024459667,0.02508961524282158,0.002927002039414658,0.04159656320919467,0.02414272830100446,0.37315807325594186,0.010426524148021435,0.06721309995738341,0.0009468869418171218,-0.1319226255811649,0.02192117994610944,0.9890992584356955,False
GUT_GENOME172369_18,GUT_GENOME172369_00938,6474,0.03150037741498791,0.02221763620550991,0.025037318246148094,0.0029212405832416623,0.0590411018280793,0.023923699120297712,0.3515220633936518,0.009282741209477998,0.02669050949500363,0.001113619125850382,-0.12801385497970721,0.017099930363868386,0.9914864818228639,False
GUT_GENOME172369_18,GUT_GENOME172369_00938,6484,0.03153560056417251,0.02207993098993682,0.024771968445586018,0.0028619829667942713,0.05571475034262844,0.0239519010730872,0.3872329800744418,0.00945566957423569,0.032817113650621454,0.0008200673724988172,-0.1348957084752391,0.019273815113394502,0.9904093786323604,False
GUT_GENOME172369_18,GUT_GENOME172369_00938,6486,0.03211267460484103,0.021368571622549355,0.024579256793331353,0.0028279676743567135,0.0343408897217008,0.02419916272834257,0.4465410144927291,0.010744102982291677,0.07846446296253658,0.0003800940649887827,-0.14521018219123302,0.027242668960010364,0.9864710161082184,False
GUT_GENOME172369_18,GUT_GENOME172369_00938,6487,0.030183400270015846,0.020298992383736596,0.023590028939804178,0.0026929426770687178,0.039134717498115194,0.022898222596586488,0.39862950901511757,0.00988440788627925,0.04800669766085133,0.00069180634321769,-0.1379025841032028,0.02132176572264131,0.9893957429446981,False
GUT_GENOME172369_18,GUT_GENOME172369_00938,6490,0.029878575180631847,0.020282248709721482,0.023244162559098003,0.0023663786821392484,0.03828720053240354,0.022179301851712473,0.326356698057447,0.009596326470910365,0.0378003859373331,0.0010648607073855294,-0.1291569184726617,0.01811037876636511,0.9909856853749315,False
GUT_GENOME172369_18,GUT_GENOME172369_00938,6491,0.03466432750328096,0.019907423233694505,0.02321784980292826,0.0023179431054661547,0.010896792627717547,0.02181228764354608,0.27213010334604343,0.014756904269586455,0.22063226219464704,0.0014055621593821802,-0.12116971535911765,0.06336069504133707,0.9688162170945718,False
GUT_GENOME172369_18,GUT_GENOME172369_00938,6599,0.03296155236813187,0.019206577873573563,0.02223009244393928,0.002192177624679287,0.011364398905426462,0.02084730941856288,0.2640920086456181,0.013754974494558307,0.1851353260388818,0.001382783025376401,-0.12170373588937529,0.049086888276953886,0.9757552971493281,False
GUT_GENOME172369_18,GUT_GENOME172369_00938,6702,0.03213677392168475,0.019211542978180594,0.0221137333858848,0.0021337153760623722,0.012846066050644962,0.020331172590671954,0.20173901472153238,0.012925230943504156,0.1557387010542618,0.001782560795212846,-0.11233158255909027,0.03687292744629844,0.9817324482349005,False
GUT_GENOME172369_18,GUT_GENOME172369_00938,6915,0.0331520143455142,0.01899207767741478,0.02205146263521707,0.0021133992145532295,0.008065169140432957,0.020266938503634924,0.19922694784316086,0.014159936668099421,0.19948255553336908,0.001784524131582147,-0.1122855552637268,0.05240133588300712,0.9741395914077496,False
GUT_GENOME172369_18,GUT_GENOME172369_00938,7116,0.03411140049847831,0.019117232853799127,0.022283223930471236,0.0021971291449909185,0.0073511222082571544,0.020003509126436423,0.14973095681436716,0.01499416764467918,0.22903816357384427,0.002279714804034813,-0.10067659833785263,0.06259425782616035,0.9691875566438638,False
GUT_GENOME172369_18,GUT_GENOME172369_00939,8011,0.03164855461326351,0.019645756402060472,0.022173269470905862,0.0020834400672629766,0.017621525868274705,0.019526791307132894,0.10199878593666895,0.01200279821120304,0.12305823120240922,0.002646478163772968,-0.09207841529029911,0.02362176282903839,0.9882585932573416,False
GUT_GENOME172369_18,GUT_GENOME172369_00939,8092,0.03111010923628564,0.01941412264142052,0.02156751971653668,0.0019026150642963387,0.018557598920277876,0.01912793622579364,0.09988159803245766,0.011695986594865121,0.11218833529908777,0.002439583490743042,-0.09692873150385183,0.021981401568126342,0.9890694763032404,False
GUT_GENOME172369_18,GUT_GENOME172369_00939,8233,0.03378557610576674,0.018965354815339324,0.02103249752961511,0.0018083844342280555,0.008299145356814176,0.01918663122994185,0.1536919673311593,0.014820221290427416,0.22287549350923863,0.00184586629967326,-0.11084748579528879,0.06196065071412342,0.9694946473494027,False
GUT_GENOME172369_18,GUT_GENOME172369_00939,8237,0.03290909462353417,0.017838968365372736,0.01965892051582611,0.0015758095300413182,0.008335967492789548,0.018348329080183193,0.2027908254107752,0.015070126258161433,0.23172926840021216,0.0013105914356429174,-0.12339615277492658,0.06892506435295058,0.9661245375920364,False
GUT_GENOME172369_18,GUT_GENOME172369_00939,8776,0.02800465783512087,0.017887464980902133,0.01874883169855789,0.0013185572223450522,0.047444147398722616,0.01767647625290017,0.20802893841039122,0.010117192854218738,0.05625393549220308,0.0010723554456577196,-0.1289812162661932,0.019800659407867443,0.9901485172270422,False
GUT_GENOME172369_18,GUT_GENOME172369_00939,8792,0.024221029328795152,0.017573442395888036,0.017922723014743413,0.0011243684296148141,0.11993833543787402,0.017464008580527473,0.34164594136433335,0.006647586932907117,-0.06666923032648282,0.00045871443421593994,-0.14336705280566964,0.02499889810250928,0.9875783445987815,False
GUT_GENOME172369_18,GUT_GENOME172369_00940,9275,0.019915919413339266,0.017139652631060563,0.017251307496420804,0.0010387576319515078,0.2757169647196248,0.01705442598634798,0.42483654342795674,0.002776266782278703,-0.20382455563011867,0.0001968815100728237,-0.1495053088497466,0.06389628685207346,0.9685568068146352,False
GUT_GENOME172369_18,GUT_GENOME172369_00940,9738,0.017772946911816027,0.015885515254721806,0.01595174555179664,0.0008580823981118689,0.31759302857242155,0.015849717620509962,0.45267639798377257,0.0018874316570942212,-0.23531471040747198,0.00010202793128667731,-0.15172899998863543,0.07839470237170373,0.9615609252310792,False
GUT_GENOME172369_18,GUT_GENOME172369_00940,9755,0.016926850692117006,0.015617489328540403,0.015651267438410332,0.0008519727013041104,0.36526481130608757,0.015508536978068097,0.4334767652587371,0.001309361363576603,-0.2557949125273889,0.00014273046034223545,-0.15077479399715388,0.08816407577977872,0.9568754542098195,False
GUT_GENOME172369_18,GUT_GENOME172369_00941,10007,0.018451993935131642,0.016217210859985735,0.016295367633732145,0.000947570310983956,0.30799576633923664,0.016135356408122335,0.4329515123898872,0.0022347830751459075,-0.22300854742329593,0.00016001122560981018,-0.15036967396804712,0.07234385107310522,0.9644744614388757,False
GUT_GENOME172369_18,GUT_GENOME172369_00942,10976,0.01787864045896867,0.01586567645886374,0.01594344768507695,0.0008760056032047968,0.3179867984570651,0.015919457806913874,0.48907611945564455,0.002012964000104929,-0.2308672793834668,2.3989878163075545e-05,-0.15355847790025254,0.07687990682496607,0.9622894852048303,False
GUT_GENOME172369_18,GUT_GENOME172369_00942,11145,0.017437769754649415,0.015665215696620303,0.015735385464500703,0.0008801282250351991,0.3358453109048243,0.01588887369194425,0.5692217039504396,0.0017725540580291119,-0.23938465912181897,-0.00015348822744354687,-0.1577191695244874,0.08218035145836346,0.9597425805585018,False
GUT_GENOME172369_18,GUT_GENOME172369_00942,11516,0.017203086869989385,0.015876700944663102,0.015943868116932533,0.0008431854989122352,0.3692758744613488,0.015713947297690115,0.3925491503069614,0.0013263859253262837,-0.2551917567009326,0.00022992081924241847,-0.14873075484793002,0.08724367012574302,0.9573159123412157,False
GUT_GENOME172369_18,GUT_GENOME172369_00943,12368,0.016563617761559048,0.015581250562048846,0.015593612550240188,0.0008156045385083925,0.4026516565458397,0.01556653908868719,0.4867598023133045,0.0009823671995102014,-0.26737984717497615,2.7073461552997932e-05,-0.15348618819702842,0.09504999264256724,0.9535866366767736,False
GUT_GENOME172369_18,GUT_GENOME172369_00944,13057,0.016025570121198627,0.015705151117829465,0.01571069431081799,0.0007304556185959227,0.46795584952353375,0.01552590569412202,0.4001429162304056,0.00032041900336916146,-0.29083172318712713,0.0001847886166959703,-0.14978880748195178,0.10701977805885896,0.9478965671804053,False
GUT_GENOME172369_18,GUT_GENOME172369_00944,13272,0.014163521568501572,0.01546611557711799,0.015402306429930707,0.0006766517285165954,0.6494566850009447,0.015472303860944357,0.541195800167731,-0.0013025940086164173,-0.3483327484109856,-6.999743101365058e-05,-0.1557618607273306,0.14559746087279132,0.9297879492092448,False
GUT_GENOME172369_18,GUT_GENOME172369_00944,13762,0.014215826680936926,0.01564197719075544,0.015570829749107921,0.0006715824371959513,0.6631599149211416,0.01531419045906338,0.35117833240583274,-0.0014261505098185148,-0.35271017819110906,0.0002566392900445417,-0.14810438283827404,0.14633937801550995,0.9294431003662107,False
GUT_GENOME172369_18,GUT_GENOME172369_00945,15116,0.01389058890500156,0.015696630503133288,0.015620212374700487,0.0006477990978535845,0.7099943550459861,0.015297746748316946,0.3093172765604495,-0.0018060415981317277,-0.36616917506304,0.00032246562638354147,-0.1465611891844788,0.15556004694151582,0.9251679193887671,False
GUT_GENOME172369_18,GUT_GENOME172369_00945,15728,0.014439273227387951,0.016219771756833135,0.01614586988804533,0.0006528501573705974,0.6891829782104719,0.015295553022061521,0.09637811329938223,-0.001780498529445184,-0.3652642207429,0.0008503168659838075,-0.13418655726050102,0.1514239831043437,0.9270831758993225,False
GUT_GENOME172369_18,GUT_GENOME172369_00945,15736,0.013579050198871255,0.016337116373007,0.016223663867965348,0.0006633458443816299,0.7882019221643977,0.015285541863487911,0.07864754268066965,-0.002758066174135744,-0.3998980415319346,0.0009381220044774371,-0.13212810558249533,0.1773762799058959,0.9151309218501229,False
GUT_GENOME172369_18,GUT_GENOME172369_00945,15737,0.014430368021350533,0.01623195224611197,0.016149737017901324,0.0006341777600390005,0.6841583474377603,0.015173092146833416,0.06177803956024374,-0.0018015842247614353,-0.36601125671198265,0.0009766448710679075,-0.13122499830728163,0.15118424022063093,0.9271943133573091,False
GUT_GENOME172369_18,GUT_GENOME172369_00945,15904,0.014642543910362385,0.016589342352555846,0.016533003919000276,0.0005926575855368765,0.7006745499291104,0.015158178163256741,0.010176822649759486,-0.0019467984421934603,-0.37115598834244967,0.0013748257557435351,-0.12189028140720172,0.15261400838398748,0.9265317137712346,False
GUT_GENOME172369_18,GUT_GENOME172369_00946,16291,0.01465463747408841,0.016474808431672355,0.016414364218508358,0.0005914573234659872,0.6815941959038121,0.01502176595397736,0.009273315752506386,-0.0018201709575839439,-0.3666697580209455,0.001392598264530998,-0.12147363323417279,0.14920255501824903,0.9281134722782733,False
GUT_GENOME172369_18,GUT_GENOME172369_00946,16681,0.015277218179305526,0.01642536853002188,0.016371804410315185,0.0005886092962144711,0.6100379640661237,0.015008636546740797,0.010281512354840618,-0.001148150350716354,-0.34286103093059894,0.0013631678635743875,-0.12216358212865475,0.1324776273292977,0.9359073301418936,False
GUT_GENOME172369_18,GUT_GENOME172369_00948,18647,0.015351816236581337,0.016349432954352427,0.016311463214398778,0.000548151090189149,0.5971364922754041,0.014959287340648837,0.00681643624337413,-0.0009976167177710906,-0.3375278400312634,0.001352175873749941,-0.12242127182981495,0.12891201059259957,0.9375773617929347,False
GUT_GENOME172369_18,GUT_GENOME172369_00948,18903,0.014872997524857554,0.016521708957166585,0.016478840463884852,0.0005558318573731519,0.6594524779823209,0.01481609351326055,0.0013882494145506467,-0.0016487114323090312,-0.3605951927433436,0.001662746950624303,-0.11514042739064298,0.14328621104930905,0.9308630564166759,False
GUT_GENOME172369_19,GUT_GENOME172369_00970,7989,0.020754687317000097,0.012120060580862372,0.012480205509958748,0.0005310429545816062,0.04420908011710546,0.014375105372857327,0.9998203207772737,0.008634626736137725,0.0037287424578469875,-0.0018948998628985792,-0.1985437928278392,0.03943354119078089,0.9804763337123346,False
GUT_GENOME172369_19,GUT_GENOME172369_00974,10166,0.021627247042319993,0.012170770193311985,0.012648495556532871,0.0005764877970822255,0.03430792235780923,0.014510844684837078,0.9993821503479606,0.009456476849008008,0.032845714238973395,-0.0018623491283042068,-0.19778069267908233,0.04019604334048591,0.9801025973044699,False
GUT_GENOME172369_19,GUT_GENOME172369_00974,10167,0.022966725231468154,0.012397970915477058,0.012895294237895184,0.0005832636138185944,0.023642872778271436,0.014603829293533365,0.9983011897015214,0.010568754315991096,0.07225211099156591,-0.0017085350556381804,-0.19417476663179023,0.042924207539247757,0.9787665683296991,False
GUT_GENOME172369_19,GUT_GENOME172369_00974,10401,0.02295539974108388,0.012778167594810494,0.01333718771481731,0.0006782301129723586,0.028165125071909807,0.01499211862613361,0.9926578506308852,0.010177232146273385,0.05838104157290748,-0.0016549309113163008,-0.1929181028109657,0.04062574040731988,0.9798920463179361,False
GUT_GENOME172369_19,GUT_GENOME172369_00975,11328,0.023996100251227427,0.014804881166330287,0.015260748861186519,0.000753500528967567,0.04413479702566151,0.01551203865967756,0.6306202391804664,0.00919121908489714,0.023448011773049577,-0.0002512897984910407,-0.1600119716484646,0.02615364032693811,0.9870083099681614,False
GUT_GENOME172369_19,GUT_GENOME172369_00975,11819,0.02424794301750387,0.015242673794921868,0.015777224283418843,0.0008001003869472512,0.035478833714011976,0.015631084479128792,0.42753560477619434,0.009005269222582003,0.01686007461888293,0.00014613980429005122,-0.15069486735629117,0.022993205163684492,0.9885692308252627,False
GUT_GENOME172369_19,GUT_GENOME172369_00975,12156,0.021448999735893887,0.0155857226129377,0.015961650352701483,0.0007987607603741789,0.09654299280457124,0.015925831356157907,0.48211614154505184,0.005863277122956187,-0.09445620297073463,3.5818996543576787e-05,-0.15328116305288245,0.03241708922649295,0.983922107002721,False
GUT_GENOME172369_19,GUT_GENOME172369_00976,12965,0.02034634723119177,0.015788719702001804,0.0161131027440672,0.0007908235969575969,0.13707508516132327,0.01598466211963344,0.4354900225952232,0.004557627529189968,-0.14071349707142974,0.00012844062443376214,-0.15110979644927525,0.04263445884101266,0.9789083767711787,False
GUT_GENOME172369_19,GUT_GENOME172369_00976,13005,0.020441102614059098,0.017320464179125736,0.017673061421447277,0.001061878176448185,0.2102749708398779,0.016342397188256107,0.10508042766431097,0.003120638434933362,-0.19162396146393135,0.00133066423319117,-0.12292557799417536,0.05183044033233234,0.9744176970774191,False
GUT_GENOME172369_19,GUT_GENOME172369_00976,13065,0.021204703798417227,0.017259555769231154,0.01787482421466135,0.0012113120721859616,0.15884161702729654,0.01639458931608261,0.11085201116306675,0.003945148029186073,-0.1624127680684839,0.0014802348985787396,-0.11941913187462612,0.04063883628935649,0.9798856300636192,False
GUT_GENOME172369_19,GUT_GENOME172369_00976,13066,0.023913126570842828,0.019334774152377544,0.020036326656853082,0.0012949217667028283,0.14259993825966788,0.01825553036229753,0.08453234493091821,0.004578352418465284,-0.13997924394333947,0.0017807962945555512,-0.11237294846775078,0.03222186828228471,0.9840181527915604,False
GUT_GENOME172369_19,GUT_GENOME172369_00976,13153,0.026206033008078524,0.019746168450927762,0.020814717649686724,0.0013609946985019567,0.06981868975907737,0.01869284468278867,0.059491040156589695,0.006459864557150762,-0.07331996509184567,0.002121872966898055,-0.10437694891058402,0.016270364744952137,0.991897818673164,False
GUT_GENOME172369_19,GUT_GENOME172369_00977,13487,0.025998842498175596,0.02001596143135991,0.021088623211113454,0.001350486870481578,0.07369568948909108,0.019289053806338843,0.09134242074089205,0.005982881066815687,-0.09021880663321274,0.0017995694047746105,-0.11193284278720894,0.020668394364747066,0.9897190171663837,False
GUT_GENOME172369_19,GUT_GENOME172369_00977,13488,0.028299259453207846,0.021475742570527784,0.02287820026387413,0.0017576385592886418,0.06938543140655871,0.021125347663763616,0.15931502477759973,0.006823516882680063,-0.060436284315070185,0.0017528526001105126,-0.11302804389504449,0.016427883168552104,0.9918197006590761,False
GUT_GENOME172369_19,GUT_GENOME172369_00977,13574,0.025723364638190284,0.02192747981089695,0.022929175777616363,0.0017085628287477523,0.1778759791126825,0.02261809995575642,0.427764403954235,0.003795884827293334,-0.16770094941616648,0.00031107582185994215,-0.1468282050179025,0.049682130223862836,0.9754649351189956,False
GUT_GENOME172369_19,GUT_GENOME172369_00977,13580,0.029824918240905836,0.023486389503700425,0.02499844965419843,0.0019245660840103325,0.09895402850954232,0.024407629556602587,0.3794259753027943,0.006338528737205411,-0.07761871931729682,0.0005908200975958434,-0.1402700458522765,0.02570035135185706,0.9872320353128727,False
GUT_GENOME172369_19,GUT_GENOME172369_00977,13772,0.034970573597061703,0.025913803457105547,0.028602556360813165,0.00255392419139771,0.04602467701666467,0.02817513123439944,0.43354334073209344,0.009056770139956156,0.018684678320217498,0.00042742512641372535,-0.14410058081159358,0.021114094594168614,0.98949848274385,False
GUT_GENOME172369_19,GUT_GENOME172369_00977,13798,0.040839594546221526,0.026986896376179993,0.030757270734091624,0.0030161779953236266,0.012939500138931033,0.032917544422339205,0.7630749732489703,0.013852698170041533,0.18859753582243408,-0.002160273688247581,-0.20476505966324285,0.07749776017718571,0.9619922542263635,False
GUT_GENOME172369_19,GUT_GENOME172369_00977,13799,0.04256995209318989,0.031029019849645276,0.033890941973849543,0.0029435767545750125,0.03708973601227903,0.03444068608812284,0.5740758238192047,0.011540932243544612,0.10669498182594334,-0.000549744114273297,-0.16700875791484696,0.03927574436709833,0.9805536947897054,False
GUT_GENOME172369_19,GUT_GENOME172369_00977,13807,0.04233221148002544,0.03290353487891484,0.035119372552964406,0.003276848337651944,0.07248479094302547,0.03678252245781013,0.6941139698207299,0.009428676601110596,0.031860791293948455,-0.0016631499048457218,-0.19311078402885795,0.03830688493011676,0.9810288192129413,False
GUT_GENOME172369_19,GUT_GENOME172369_00977,13808,0.04427179034310855,0.03282540351889563,0.036161476227201936,0.0032815634144147438,0.0418890140990807,0.03886775145394444,0.7952264279126139,0.011446386824212916,0.10334537310337295,-0.002706275226742501,-0.21756519644783553,0.05801488084726063,0.9714092367434765,False
GUT_GENOME172369_19,GUT_GENOME172369_00977,13810,0.04641466825163257,0.03567299316096336,0.037934099394340226,0.003079396747236886,0.05826507452476404,0.04018423516759604,0.7675208327273504,0.010741675090669207,0.07837844624154083,-0.002250135773255814,-0.20687173317743254,0.04893909482307295,0.9758274049363141,False
GUT_GENOME172369_19,GUT_GENOME172369_00977,13811,0.05113902147499458,0.03770576436569829,0.04041424238879309,0.0032711470965825266,0.04348013275144537,0.04250680909861552,0.738817555015342,0.013433257109296291,0.17373734010266717,-0.002092566709822427,-0.20317777734989548,0.07146587255479354,0.9648979483144715,False
GUT_GENOME172369_19,GUT_GENOME172369_00977,13826,0.0509346167745125,0.03994633814001452,0.04220780773936404,0.0034410155507363857,0.08392338759148488,0.04580989350290617,0.8524061416391246,0.010988278634497979,0.08711525641451873,-0.0036020857635421302,-0.23856604826910074,0.06450282728690225,0.9682631169172048,False
GUT_GENOME172369_19,GUT_GENOME172369_00977,13837,0.05137354398632369,0.03901981886410083,0.041337856169591854,0.003327160583673792,0.06598133865012469,0.04661081383782787,0.9434966216934364,0.01235372512222286,0.13549106877873587,-0.005272957668236017,-0.27773697989059404,0.09549565971755238,0.9533741692665287,False
GUT_GENOME172369_19,GUT_GENOME172369_00977,13929,0.049268622813643734,0.041604331946153705,0.04269943164322233,0.0036360548201611192,0.1741298737663633,0.04643883451623369,0.8481245831578258,0.007664290867490028,-0.03064886686918258,-0.0037394028730113604,-0.24178522927894947,0.05939945013783904,0.9707369777687186,False
GUT_GENOME172369_19,GUT_GENOME172369_00977,14050,0.04635963064479854,0.041901797848433196,0.04225956439866579,0.003648195455711871,0.2890791987193135,0.04573544736630149,0.829646120537855,0.004457832796365344,-0.14424908144874582,-0.0034758829676357003,-0.2356074246457071,0.07631865604698945,0.9625595659599213,False
GUT_GENOME172369_19,GUT_GENOME172369_00977,14069,0.04345952819928073,0.0392745948155516,0.03969790260781656,0.003252204287768505,0.28952832990920896,0.042756710868715506,0.8265281057498313,0.004184933383729127,-0.15391751657137853,-0.0030588082608989445,-0.2258297721681326,0.07468968790501126,0.9633438747539254,False
GUT_GENOME172369_19,GUT_GENOME172369_00977,14075,0.037634590689583844,0.041385077532175595,0.03977303639306269,0.0037282858655818987,0.7209709449427247,0.03910314773239622,0.4287029237069915,-0.0037504868425917506,-0.4350580836684756,0.0006698886606664733,-0.13841640927561938,0.20843463852204208,0.9010294650853957,False
GUT_GENOME172369_19,GUT_GENOME172369_00977,14111,0.03282457409830797,0.02655915992543986,0.02754806740561555,0.0024193045790673884,0.13746161335909568,0.027676179373609288,0.5211157391908237,0.006265414172868109,-0.08020906355800458,-0.00012811196799373745,-0.1571242635230606,0.031121528064516214,0.9845596791179653,False
GUT_GENOME172369_19,GUT_GENOME172369_00977,14143,0.028816482599003244,0.024588032521111133,0.024853666293556197,0.0019102001876885172,0.19414863170477165,0.024689156534920546,0.4656848220016844,0.004228450077892111,-0.15237578245695915,0.000164509758635651,-0.1502642130233408,0.04579771279489449,0.9773613326204056,False
GUT_GENOME172369_19,GUT_GENOME172369_00977,14156,0.026719418193642777,0.022539711650220073,0.02285810299262333,0.001742554489297658,0.1918970651830994,0.022359198064255598,0.38732163480673054,0.0041797065434227045,-0.15410269603333057,0.0004989049283677313,-0.14242485065729954,0.044032479009495154,0.9782243490432595,False
GUT_GENOME172369_19,GUT_GENOME172369_00977,14162,0.02482489254280713,0.019289668938019578,0.019761550390720407,0.0014224887998555607,0.10110437946600109,0.018309065098674828,0.15360653242699013,0.005535223604787552,-0.106078669016101,0.0014524852920455786,-0.12006967721983194,0.025669411407902135,0.987247307882927,False
GUT_GENOME172369_19,GUT_GENOME172369_00977,14296,0.023768806900966947,0.02005450294476249,0.020056591073079385,0.0013965822301475089,0.1908432544295039,0.017059180240298354,0.01592662706745431,0.003714303956204458,-0.17059124277279636,0.0029974108327810306,-0.08385135758297513,0.03613242227927511,0.9820960045098485,False
GUT_GENOME172369_19,GUT_GENOME172369_00977,14317,0.02097463351094043,0.020436026464863775,0.020210590202565066,0.0013881049220692636,0.4480521795473255,0.01652916765162522,0.003999390690297145,0.0005386070460766529,-0.283101633499233,0.003681422550939846,-0.06781579186125225,0.08474551651570274,0.9585124205521592,False
GUT_GENOME172369_19,GUT_GENOME172369_00977,14318,0.019490299975892255,0.02008190278315626,0.019883411505369916,0.0013340323996632439,0.5640402561101239,0.016234354781667584,0.003115619512446804,-0.0005916028072640057,-0.3231433490032194,0.003649056723702332,-0.06857455715141733,0.10912409389352945,0.9468997547964114,False
GUT_GENOME172369_19,GUT_GENOME172369_00977,14432,0.01911459596506163,0.019280847641259553,0.019135693940153436,0.0012340092636275622,0.5175911856179884,0.01595252207533272,0.0049466509777280655,-0.00016625167619792325,-0.3080737679611637,0.003183171864820717,-0.07949648593570922,0.10122913778191535,0.9506450080887197,False
GUT_GENOME172369_19,GUT_GENOME172369_00977,14722,0.018563218366395767,0.01971153198350391,0.019351064148800112,0.001299293609854515,0.6207704656914076,0.01578988471357737,0.003063948144340222,-0.0011483136171081439,-0.342866815224898,0.003561179435222741,-0.07063470027097438,0.12254691386483471,0.940566000312474,False
GUT_GENOME172369_19,GUT_GENOME172369_00978,15457,0.017816306101363606,0.019414472722049266,0.01886336999610862,0.001340584846492046,0.672171445565435,0.01515238426007969,0.0028184796627574596,-0.0015981666206856607,-0.358804462498652,0.0037109857360289305,-0.06712273005418917,0.13324610319887412,0.935547788121472,False
GUT_GENOME172369_19,GUT_GENOME172369_00978,15803,0.01731585404608224,0.019647994964761373,0.01884270861971862,0.001370493596136001,0.7378082459922499,0.015070112063652987,0.002955045816390929,-0.0023321409186791327,-0.3848081200854474,0.0037725965560656324,-0.06567836246860581,0.15239093658025366,0.9266350610848991,False
GUT_GENOME172369_19,GUT_GENOME172369_00979,16263,0.0161593808432515,0.01935080593454738,0.01872686052732375,0.0013471511340136205,0.8210348820843626,0.015080608607427671,0.003398405182484722,-0.0031914250912958783,-0.4152513269600802,0.0036462519198960774,-0.06864031131114547,0.1771451568789984,0.9152366818752322,False
GUT_GENOME172369_19,GUT_GENOME172369_00982,18331,0.015181968009868298,0.01778745136099816,0.017334089199747115,0.001313857301308301,0.7775284432516797,0.015120972441007267,0.046048114952685654,-0.0026054833511298635,-0.39449225076525735,0.002213116758739848,-0.10223788347948777,0.166076720732204,0.9203158428903228,False
GUT_GENOME172369_19,GUT_GENOME172369_00983,19129,0.013454731746263576,0.01715949720283866,0.016727939140773883,0.0012402262739634289,0.9064261031025098,0.015163438826262369,0.10357093119614275,-0.003704765456575082,-0.4334382404810215,0.001564500314511514,-0.11744366335649091,0.20166172237387656,0.9040859359766928,False
GUT_GENOME172369_19,GUT_GENOME172369_00983,19130,0.014275203746418545,0.017309569125882374,0.016947392831231683,0.001254640370755136,0.8425773533053511,0.015211702717474239,0.08326860643536671,-0.003034365379463829,-0.4096869264377097,0.0017356901137574442,-0.11343039106331172,0.1807098313107532,0.9136068743405561,False
GUT_GENOME172369_19,GUT_GENOME172369_00984,19486,0.015878205053590166,0.017367918859614754,0.017163554512704324,0.001298583868727623,0.6619897945763259,0.015273793306227043,0.07280034794696907,-0.0014897138060245875,-0.3549621346889719,0.0018897612064772817,-0.1098184395900579,0.13805820673694702,0.9332995175231883,False
GUT_GENOME172369_19,GUT_GENOME172369_00985,20662,0.017680080649400506,0.01765309514458458,0.017647824365210903,0.0014900704950631617,0.49730987118164904,0.015312350920691092,0.05851555422896406,2.6985504815925376e-05,-0.30122765154828846,0.002335473444519811,-0.09936942578464279,0.10061238083806671,0.9509382117501815,False
GUT_GENOME172369_19,GUT_GENOME172369_00986,20897,0.017737331627268416,0.017397414757099296,0.017551714082277063,0.0014160095090495527,0.46714212267535693,0.01546335999352884,0.07013095141791972,0.0003399168701691199,-0.29014094170700566,0.002088354088748223,-0.1051627456436237,0.09524096912593355,0.9534955847128099,False
GUT_GENOME172369_19,GUT_GENOME172369_00986,21083,0.018075996701196837,0.017565176818964853,0.017797941267850993,0.0013760528667179982,0.4520758955393319,0.015634736338290038,0.05797107722216129,0.0005108198822319845,-0.28408609289501874,0.0021632049295609544,-0.10340798685029541,0.09139811992078808,0.9553294158076236,False
GUT_GENOME172369_19,GUT_GENOME172369_00986,21189,0.018218574651483757,0.01786805315222391,0.018104761266247413,0.0014788288429565047,0.46848721062640364,0.01588114263933589,0.06633770273120927,0.0003505214992598482,-0.2897652348948405,0.002223618626911523,-0.10199168390015738,0.09436619493845172,0.9539127225942149,False
GUT_GENOME172369_19,GUT_GENOME172369_00986,21339,0.018569777399123532,0.01810759214949198,0.018364223192524055,0.0015167253681744243,0.46037466499653057,0.016284405351131463,0.08514767785825372,0.0004621852496315519,-0.2858091482342297,0.002079817841392592,-0.10536286437237379,0.09278820240312712,0.9546656531626623,False
GUT_GENOME172369_19,GUT_GENOME172369_00986,21344,0.018987166953911044,0.01917588287428311,0.019355536342166507,0.0016970432563315908,0.5159353711541247,0.016613044599055014,0.053042707807329816,-0.00018871592037206578,-0.30886964394080973,0.002742491743111492,-0.08982752978528898,0.10346944205544957,0.9495807372355193,False
GUT_GENOME172369_19,GUT_GENOME172369_00987,21664,0.022088483002480046,0.019801805681762628,0.020417368041521243,0.001970318912199246,0.3365872647423775,0.01745897728508899,0.06661596953021574,0.0022866773207174187,-0.22117000866757147,0.002958390756432252,-0.08476612114936802,0.05610146802872298,0.9723390348872942,False
GUT_GENOME172369_19,GUT_GENOME172369_00987,21681,0.026698202989920535,0.021264101022221274,0.022491326167549678,0.0022801910095353608,0.19085650339951765,0.017972522842969258,0.023752759767112958,0.005434101967699261,-0.10966126371001424,0.00451880332458042,-0.04818473281161349,0.014347361234603867,0.9928519888113932,False
GUT_GENOME172369_19,GUT_GENOME172369_00987,21854,0.028179456048909236,0.01919767661858398,0.020631819107944316,0.0019420448179178784,0.08091601352554556,0.018589199037648548,0.1464483378532352,0.008981779430325257,0.01602786494028896,0.0020426200702957677,-0.10623490689341468,0.011542747897196629,0.9942452484366547,False
GUT_GENOME172369_19,GUT_GENOME172369_00987,22437,0.028231628380331476,0.017314070730796504,0.019076140755215805,0.0018347255942409695,0.043853574414747104,0.01847272141241948,0.37112014943706256,0.010917557649534972,0.0846097132610236,0.0006034193427963234,-0.1399746766077258,0.026751713669550054,0.9867132024147864,False
GUT_GENOME172369_19,GUT_GENOME172369_00987,22438,0.02569100842863102,0.017073039776185725,0.01815377701129114,0.0014788209096834799,0.07665066530242964,0.01821468931216597,0.5164276975294078,0.008617968652445296,0.00313857042379307,-6.0912300874828296e-05,-0.15554887431560122,0.024205302925155815,0.9879702910611106,False
GUT_GENOME172369_19,GUT_GENOME172369_00987,22442,0.02591572443587338,0.016843000693937765,0.01765521011101061,0.0011559451335069674,0.0664955797413731,0.017960919200977248,0.6042898711322728,0.009072723741935615,0.01924989157670887,-0.00030570908996663607,-0.16128774529651763,0.026384295108549394,0.9868944874386231,False
GUT_GENOME172369_19,GUT_GENOME172369_00989,23248,0.024587602249570104,0.01592120763773595,0.016590122701101186,0.0009592516649782318,0.05877384875126284,0.01720207756929392,0.7382469769107679,0.008666394611834154,0.004854232770148306,-0.0006119548681927343,-0.1684671899951603,0.02840475768065222,0.9858979991779381,False
GUT_GENOME172369_19,GUT_GENOME172369_00990,23665,0.02309589202602989,0.015163489307363765,0.015769852266072963,0.0008781755157181868,0.06278144069376913,0.016248555192267318,0.707161329965233,0.007932402718666125,-0.021150048188467604,-0.00047870292619435484,-0.16534331036453956,0.027785734820678955,0.9862031931055527,False
GUT_GENOME172369_19,GUT_GENOME172369_00991,24341,0.023996784460829035,0.014826322364341603,0.015509547538776538,0.0008572159327515253,0.041880198690071146,0.015742725939084982,0.6071960166501186,0.009170462096487432,0.0227126214186261,-0.00023317840030844493,-0.15958737875311033,0.02598399462899452,0.9870920343757928,False
GUT_GENOME172369_19,GUT_GENOME172369_00992,24797,0.025030420808312286,0.01464412255125279,0.01526333309301769,0.0008662152914813864,0.037444176545929575,0.015274033701419096,0.5049281242043766,0.010386298257059496,0.06578795428462943,-1.0700608401406284e-05,-0.1543717411272637,0.02815868938761941,0.986019305759092,False
GUT_GENOME172369_19,GUT_GENOME172369_00992,24945,0.024875664984398735,0.014399225955617012,0.014984650419823218,0.0008349503788384297,0.034446168725553325,0.015157970571983587,0.5822220779931794,0.010476439028781722,0.06898151265429202,-0.00017332015216036875,-0.15818409742519773,0.0297806577662987,0.9852199838542604,False
GUT_GENOME172369_2,GUT_GENOME172369_00107,6797,0.018197131134803823,0.01442406583218879,0.014870298569595642,0.0010450695899313044,0.18347058573877045,0.0174735147927478,0.9936298998299576,0.003773065302615033,-0.16850941247495502,-0.0026032162231521584,-0.21514914218821463,0.07468457547697913,0.9633463372701877,False
GUT_GENOME172369_2,GUT_GENOME172369_00107,7071,0.01835694394279177,0.015341797572918568,0.015627777463423014,0.0013365224602554003,0.24020684508333046,0.017686798152297397,0.9382905642468911,0.0030151463698732013,-0.19536139415802925,-0.002059020688874383,-0.2023913442971656,0.07912833057378268,0.9612082758070407,False
GUT_GENOME172369_2,GUT_GENOME172369_00107,7134,0.01836565906473868,0.015658303568311945,0.016103606716476537,0.0011237996579022231,0.26498830713048127,0.018098068729233426,0.9620303071537573,0.0027073554964267346,-0.2062659837374232,-0.0019944620127568882,-0.20087786891903012,0.08289757426861798,0.9593984676282258,False
GUT_GENOME172369_2,GUT_GENOME172369_00108,7647,0.019470578284265162,0.01594070775192358,0.016448114667953703,0.0011775286757170944,0.21908534986311157,0.0187719661395733,0.9757806215107903,0.0035298705323415815,-0.177125454685668,-0.002323851471619596,-0.20859988036329796,0.07488733678518686,0.963248677538874,False
GUT_GENOME172369_2,GUT_GENOME172369_00108,7665,0.01970920592786975,0.01622942626437578,0.016676674043402496,0.001189088424272331,0.22308335306021765,0.019307561208106932,0.9865347742661165,0.0034797796634939704,-0.17890010238831813,-0.002630887164704436,-0.21579784335818564,0.07857395583259474,0.961474747531197,False
GUT_GENOME172369_2,GUT_GENOME172369_00108,7708,0.020922336262594828,0.016629613985214346,0.01711127008741803,0.0011979813845269852,0.1898787727593983,0.020367653308862265,0.9967183427869101,0.004292722277380482,-0.15009871053166857,-0.003256383221444236,-0.23046160256033535,0.0756421731579476,0.962885198566066,False
GUT_GENOME172369_2,GUT_GENOME172369_00108,7776,0.022414959938391647,0.016985823167780943,0.017590692924071828,0.0012551413818814685,0.15393142608783628,0.021054312840537947,0.9971059098464854,0.005429136770610705,-0.10983717352769415,-0.0034636199164661194,-0.23531993693495853,0.06743967740762566,0.966842338499915,False
GUT_GENOME172369_2,GUT_GENOME172369_00108,7869,0.02168386530465912,0.018094284747634012,0.01856644306399463,0.0016149831659580496,0.24977428338820756,0.02140195769469613,0.9604348671497411,0.0035895805570251085,-0.17501001407607958,-0.0028355146307014988,-0.2205950085124581,0.07929066280752103,0.9611302614298958,False
GUT_GENOME172369_2,GUT_GENOME172369_00108,7981,0.022894639196276212,0.018139374641457193,0.018826318084699815,0.0017314999485270874,0.20128281936441306,0.021327259104013542,0.9256837097778762,0.004755264554819019,-0.1337115004688508,-0.0025009410193137273,-0.2127514628658949,0.06314195030920976,0.9689221846113696,False
GUT_GENOME172369_2,GUT_GENOME172369_00108,8029,0.02373147500897798,0.017971617679394238,0.018821893251178234,0.001895880896867026,0.1531377078479645,0.021217063389990427,0.8967691410523857,0.005759857329583742,-0.09812021804851888,-0.002395170138812193,-0.21027183296965235,0.05384182093030627,0.9734382272565096,False
GUT_GENOME172369_2,GUT_GENOME172369_00108,8194,0.02028502680573938,0.01753646986086589,0.017939056728991785,0.0016804328973257473,0.28133292638018825,0.021079322221572508,0.9691693969752234,0.0027485569448734877,-0.20480627546096403,-0.0031402654925807225,-0.22773940727739467,0.09381084809525132,0.9541776355817513,False
GUT_GENOME172369_2,GUT_GENOME172369_00108,8209,0.01980474587178233,0.016741650642473106,0.0171906978638846,0.0014088054143212316,0.24356887802350874,0.02092111733745861,0.995950696876973,0.0030630952293092227,-0.19366263477931492,-0.0037304194735740086,-0.24157462778155128,0.09586351689746136,0.9531988326250814,False
GUT_GENOME172369_2,GUT_GENOME172369_00108,8364,0.020694447763018108,0.015936560467363057,0.016682145197283605,0.0014305920227958332,0.14231208745160606,0.02074436337336906,0.9977410432516547,0.004757887295655051,-0.13361858051943903,-0.004062218176085455,-0.249353120107423,0.08003090356733673,0.9607745933564559,False
GUT_GENOME172369_2,GUT_GENOME172369_00109,8887,0.02004978808694449,0.015093747573192406,0.015949536695869536,0.0014020845761344312,0.1256639688462286,0.020260849328696973,0.9989472419577771,0.004956040513752083,-0.12659829595742755,-0.0043113126328274375,-0.25519274306410966,0.08115046465190912,0.9602369209368915,False
GUT_GENOME172369_2,GUT_GENOME172369_00109,9518,0.019236953739196223,0.014738998904713778,0.015392284820023097,0.0011169742616281076,0.13831972632295242,0.020022211466650872,0.9999830138499889,0.004497954834482445,-0.14282761513346248,-0.004629926646627775,-0.26266214135440474,0.08939112814559379,0.9562885661188947,False
GUT_GENOME172369_2,GUT_GENOME172369_00110,9724,0.018684600311782908,0.01409314869197658,0.014769561318904108,0.0010626518746412311,0.12175996328085431,0.019009425565989252,0.9999669480485066,0.004591451619806328,-0.1395151580110879,-0.0042398642470851435,-0.2535177494128817,0.0837357285822315,0.958996489881896,False
GUT_GENOME172369_2,GUT_GENOME172369_00110,9727,0.01803085305691637,0.01424856714912151,0.014700675711073035,0.0009459910962028262,0.15998820353146564,0.017286320151892614,0.9968645081103137,0.00378228590779486,-0.16818273964663563,-0.0025856444408195785,-0.2147371997273452,0.07439749886178977,0.9634846242975725,False
GUT_GENOME172369_2,GUT_GENOME172369_00110,10233,0.01761258762924727,0.014281263373421664,0.014598475827024743,0.0007877737388131872,0.1824333555792909,0.016938167561070947,0.9985110242032247,0.0033313242558256073,-0.18415966474420672,-0.0023396917340462037,-0.20897123009671326,0.0775837571268321,0.9619508909159261,False
GUT_GENOME172369_2,GUT_GENOME172369_00110,10344,0.01769643347370123,0.014208219730473235,0.014514459199369624,0.000766058862983819,0.18287959343429544,0.016642798312709397,0.9972677685053646,0.0034882137432279935,-0.17860129502944624,-0.0021283391133397733,-0.2040164043973538,0.0735211158494199,0.9639069075899985,False
GUT_GENOME172369_2,GUT_GENOME172369_00110,10345,0.017177619424017236,0.013809982466610948,0.014082175279160294,0.0007351937838245557,0.18346808578173507,0.01593175033029502,0.9940612885538598,0.003367636957406288,-0.18287315776359866,-0.001849575051134724,-0.19748122477736718,0.07244142596999906,0.9644274083386196,False
GUT_GENOME172369_2,GUT_GENOME172369_00110,10351,0.017718588571829303,0.013696081936634843,0.013908570964009461,0.0007611517548921315,0.14300447846123754,0.015166592854909566,0.9508129117436558,0.00402250663519446,-0.15967206351311566,-0.0012580218909001052,-0.1836132027435215,0.05920897608826997,0.9708294322728056,False
GUT_GENOME172369_2,GUT_GENOME172369_00110,10813,0.01705688720288739,0.01342883750378825,0.013601693297045619,0.0006729942628930692,0.17088995723158423,0.015069220855934975,0.9853932872390603,0.003628049699099141,-0.17364710749898876,-0.0014675275588893564,-0.18852472957694788,0.0656948916048267,0.9676861729168543,False
GUT_GENOME172369_2,GUT_GENOME172369_00111,11073,0.016847090739588906,0.013171618253721545,0.013354095552872015,0.0006632546889834753,0.1829367676123061,0.015014511371777025,0.9938503078776694,0.003675472485867361,-0.17196698612102823,-0.00166041581890501,-0.19304668773689804,0.06683966796173733,0.9671324392814338,False
GUT_GENOME172369_2,GUT_GENOME172369_00112,12436,0.015605522528533733,0.01324992500633469,0.013370166424635645,0.0006110277807546498,0.26762692655186293,0.014947407234502932,0.9950784283794186,0.002355597522199042,-0.21872826469228446,-0.0015772408098672867,-0.19109678207238773,0.0843600338937197,0.958697183297833,False
GUT_GENOME172369_2,GUT_GENOME172369_00112,12669,0.015046644628418685,0.013230593543521664,0.0133171498316073,0.0006171301869907289,0.30937742671251267,0.014683269109663612,0.986574071725546,0.0018160510848970208,-0.23784362179148075,-0.0013661192780563113,-0.1861473738842671,0.09122043323089807,0.9554142942388344,False
GUT_GENOME172369_2,GUT_GENOME172369_00112,12673,0.014324950283926632,0.013244098925924675,0.013312841642209862,0.0006184241973493545,0.37610318211423105,0.014480072621766428,0.970448590911588,0.001080851358001957,-0.26389069456820996,-0.001167230979556566,-0.1814847543746788,0.10257501475012977,0.9500054976777689,False
GUT_GENOME172369_2,GUT_GENOME172369_00115,15244,0.014933405575188451,0.012950627304524964,0.013107752609776273,0.0007005394573578666,0.2868570551082906,0.014452470228352702,0.9725423561783857,0.0019827782706634874,-0.2319367165211823,-0.0013447176185764284,-0.18564564605120104,0.0882589463683951,0.9568300656175518,False
GUT_GENOME172369_2,GUT_GENOME172369_00115,15262,0.014954003981566447,0.013104761241795816,0.013182564098221146,0.0007530500693671566,0.3048261410565105,0.014395840249518012,0.9464264159631899,0.0018492427397706311,-0.23666768902321897,-0.0012132761512968666,-0.18256421011791824,0.08934128584357048,0.9563123982276222,False
GUT_GENOME172369_2,GUT_GENOME172369_00115,15567,0.01629182194127909,0.013116565388387725,0.013289162619027647,0.0007762432200111245,0.21971207745716442,0.014396226796815993,0.9230921059753392,0.003175256552891366,-0.18968891981288463,-0.0011070641777883462,-0.1800742394983881,0.0684086180307018,0.966374045537152,False
GUT_GENOME172369_2,GUT_GENOME172369_00116,17645,0.01915513516942815,0.013221073523187195,0.013588551978562912,0.0008801041760454263,0.10274096423720813,0.01439855027051216,0.8213033978778842,0.005934061646240954,-0.09194840874555048,-0.0008099982919492488,-0.173110002761513,0.03842158292692986,0.9809725598059772,False
GUT_GENOME172369_2,GUT_GENOME172369_00116,17768,0.02256594135198898,0.012785728532358046,0.013395292429508411,0.0009067455885771125,0.030668277899163203,0.014398856662480808,0.8658046010558665,0.009780212819630933,0.04431521576187583,-0.0010035642329723968,-0.17764784807375245,0.033522596273256634,0.9833783908756881,False
GUT_GENOME172369_2,GUT_GENOME172369_00116,17771,0.02658925671243154,0.012772344668516568,0.013708458788550357,0.0009500924447229963,0.007490971145874091,0.014398847165414171,0.7662809986010366,0.013816912043914971,0.18732968465557856,-0.0006903883768638146,-0.1703059387324859,0.06409652352071174,0.9684598413745336,False
GUT_GENOME172369_2,GUT_GENOME172369_00117,18891,0.02427870193900915,0.012780167293903893,0.013715525269871407,0.0009334130803808222,0.012575328194712044,0.014378565591886019,0.7612532315823707,0.011498534645105259,0.10519289566933898,-0.0006630403220146113,-0.1696648071272027,0.03985169207681133,0.9802713616165603,False
GUT_GENOME172369_2,GUT_GENOME172369_00117,19889,0.024160810726067246,0.013441444587030667,0.014339575756787556,0.0008748215039298629,0.01691800461713776,0.014690206350714894,0.6557172090958701,0.010719366139036578,0.07758807205410516,-0.0003506305939273372,-0.16234085843764837,0.0323744632433456,0.9839430775497684,False
GUT_GENOME172369_2,GUT_GENOME172369_00117,19910,0.025710435688944596,0.013567159434834272,0.014501988176188514,0.000894922070236159,0.014475360098971518,0.015044651904730536,0.7278691046521631,0.012143276254110325,0.12803516695644113,-0.0005426637285420224,-0.16684276954401228,0.044229513726680145,0.9781279817112863,False
GUT_GENOME172369_2,GUT_GENOME172369_00120,21110,0.025070866486030376,0.01402668283777749,0.015129178836455048,0.001089252636349141,0.02525629005946262,0.015676969473683137,0.692484480155448,0.011044183648252886,0.0890958909395176,-0.0005477906372280891,-0.16696296175563988,0.03581470838052168,0.9822520296776329,False
GUT_GENOME172369_2,GUT_GENOME172369_00120,21138,0.02502378717464924,0.014137826365443857,0.015270412654866623,0.0011493750632683665,0.027100677976249304,0.015709345182359398,0.6487277738447566,0.010885960809205385,0.08349028248667441,-0.00043893252749277467,-0.16441095668516847,0.03400158994783704,0.9831429030616329,False
GUT_GENOME172369_2,GUT_GENOME172369_00120,21419,0.02227237348213157,0.014077298872657998,0.01516233310689264,0.0011388006341801254,0.05546701902727652,0.015850082296617992,0.7270529595758723,0.00819507460947357,-0.011843959508106646,-0.0006877491897253514,-0.17024406719185692,0.02912332179085516,0.9855438473426822,False
GUT_GENOME172369_2,GUT_GENOME172369_00120,21429,0.02286902328994282,0.014355528200255848,0.015910399630717574,0.0015539176686710373,0.04878519951915278,0.0159374052078424,0.5069328796718431,0.00851349508968697,-0.0005627781932728455,-2.700557712482718e-05,-0.15475398515995198,0.02394911264218146,0.9880968533611639,False
GUT_GENOME172369_2,GUT_GENOME172369_00120,21431,0.028356158644158965,0.014997119698483819,0.01718717670187498,0.0016492037310689707,0.014689293397683517,0.01709071278778651,0.4766786838106198,0.013359038945675146,0.17110789692079956,9.64639140884696e-05,-0.1518594395134126,0.052339201757986786,0.9741698555334358,False
GUT_GENOME172369_2,GUT_GENOME172369_00120,21432,0.02997777309027243,0.015383037207448502,0.01778090830689887,0.001860455903586479,0.015137847287157825,0.017559612200411686,0.45265857517305574,0.01459473588282393,0.21488686864026238,0.00022129610648718295,-0.14893294750712865,0.06835738916717851,0.9663987989762188,False
GUT_GENOME172369_2,GUT_GENOME172369_00120,21436,0.03166081772015915,0.01463640966907592,0.018541655465132176,0.0025307944710435196,0.008422711689866295,0.018102938516057432,0.4311875832885181,0.01702440805108323,0.3009666718217948,0.0004387169490747446,-0.1438358620069418,0.11126969274676794,0.9458844659804043,False
GUT_GENOME172369_2,GUT_GENOME172369_00120,21437,0.031189824947778028,0.01486791541674712,0.018523836278089043,0.0024438766704034595,0.008661347224123697,0.017855323919541796,0.3922168203756533,0.01632190953103091,0.27607815594240975,0.000668512358547247,-0.13844867448760317,0.09538718365593582,0.9534258798064195,False
GUT_GENOME172369_2,GUT_GENOME172369_00120,21443,0.029173448176967567,0.014824409670900386,0.018212818305187804,0.002384926300911846,0.014382466761403563,0.017805069636929915,0.4321240369914182,0.014349038506067181,0.2061821626681015,0.00040774866825788944,-0.14456186404629887,0.06340921673903606,0.9687927130758808,False
GUT_GENOME172369_2,GUT_GENOME172369_00122,22252,0.024647524348369337,0.014320865772632555,0.01730309429376605,0.0022042416862990463,0.026023843775692074,0.017644925758561535,0.5616204577236732,0.010326658575736782,0.06367500583951202,-0.0003418314647954841,-0.16213457686418709,0.030342127383590878,0.9849434371305809,False
GUT_GENOME172369_2,GUT_GENOME172369_00123,23460,0.020568338399955872,0.014540732026198098,0.017911007685498463,0.002501927588610486,0.07719965873940683,0.017419104542884572,0.42206650371344967,0.006027606373757774,-0.08863425309998167,0.0004919031426138913,-0.14258899637680175,0.028187652710335194,0.9860050266648064,False
GUT_GENOME172369_2,GUT_GENOME172369_00123,23991,0.020329503530835215,0.015714313608394627,0.018371011016781423,0.0025423708814306914,0.1377973396429038,0.01741449243590548,0.35337260859170516,0.004615189922440588,-0.138674143965936,0.0009565185808759445,-0.13169682713789935,0.036574572482874886,0.9818789115334843,False
GUT_GENOME172369_2,GUT_GENOME172369_00123,24207,0.02012686918198108,0.0156440165571238,0.018582602891764863,0.0027226740458149343,0.14153548707705693,0.01742102251816179,0.33482362624755374,0.004482852624857283,-0.14336266477889328,0.0011615803736030744,-0.12688947988492916,0.036653793757973174,0.9818400194540775,False
GUT_GENOME172369_2,GUT_GENOME172369_00123,24216,0.02286932943283898,0.015922104288594165,0.019808723244069994,0.003097491266745661,0.08054747904860543,0.01760785037861002,0.23868652671553686,0.006947225144244815,-0.05605347788277171,0.002200872865459974,-0.1025249220640133,0.013653352026986377,0.9931965728050699,False
GUT_GENOME172369_2,GUT_GENOME172369_00123,24556,0.024202271557657293,0.017818263146273595,0.020347992046864414,0.0032798101315616385,0.1123381700925955,0.017691403334357828,0.20897512539534974,0.006384008411383698,-0.07600743963390154,0.0026565887125065864,-0.09184138957217688,0.014211971718249547,0.9929192019616448,False
GUT_GENOME172369_2,GUT_GENOME172369_00123,24567,0.025036188229285324,0.01612616349073547,0.01985087118230536,0.003054254154123286,0.049289691602156405,0.01772829874173538,0.24354141860411832,0.008910024738549856,0.013485699035740938,0.0021225724405699795,-0.10436055086397314,0.011072988655114508,0.9944788038114546,False
GUT_GENOME172369_2,GUT_GENOME172369_00123,25365,0.02079880694719025,0.015326811308680187,0.017560814697718925,0.0026266661723434426,0.13288866410270234,0.017984478434815383,0.5640688123190292,0.005471995638510063,-0.10831874525512471,-0.000423663737096458,-0.16405300420366653,0.03864633876189283,0.980862326346619,False
GUT_GENOME172369_2,GUT_GENOME172369_00123,25411,0.017231947096686337,0.015287552388896494,0.0161985786992276,0.0024062634254001345,0.3237948966570161,0.018062306098383125,0.7806917972177619,0.0019443947077898427,-0.23329659114983908,-0.0018637273991555237,-0.19781300404485558,0.09355728401138522,0.9542986158396572,False
GUT_GENOME172369_2,GUT_GENOME172369_00123,25579,0.016642606318882626,0.016388003215583726,0.01656819899355636,0.0024433708489631856,0.47542837384709213,0.01919671059840508,0.8589855331282625,0.00025460310329889976,-0.2931634862118987,-0.0026285116048487198,-0.21574215213948142,0.13248950585768926,0.9359017715575041,False
GUT_GENOME172369_2,GUT_GENOME172369_00123,25651,0.0167912871120458,0.017102362737415833,0.016961324560709017,0.002413058088803287,0.5324444599314958,0.019980150174611907,0.8945395607118054,-0.000311075625370031,-0.31320467294643944,-0.0030188256139028896,-0.22489244266541664,0.1486737779235038,0.9283588872920359,False
GUT_GENOME172369_2,GUT_GENOME172369_00123,25670,0.017955121785764413,0.017294990960522023,0.017638843976961194,0.002433591549749506,0.4327281041664808,0.020627183206343744,0.89026793970605,0.0006601308252423901,-0.2787962201479507,-0.0029883392293825507,-0.22417773791750747,0.12798299054659526,0.9380129770408192,False
GUT_GENOME172369_2,GUT_GENOME172369_00123,25949,0.020782112385944913,0.01752010974934834,0.019000526133461433,0.002727827983118604,0.23494703277998868,0.021706809208586225,0.83942606776946,0.003262002636596574,-0.1866156303750496,-0.002706283075124792,-0.21756538044066298,0.08216008826656755,0.9597523043317526,False
GUT_GENOME172369_2,GUT_GENOME172369_00123,26139,0.023506350695668365,0.017431270766243907,0.020443504771046256,0.003108283987991488,0.10604428380317488,0.022255900442157767,0.7200821654722556,0.006075079929424458,-0.08695233305270081,-0.0018123956711115115,-0.1966096134057668,0.046216048306872884,0.9771569215225213,False
GUT_GENOME172369_2,GUT_GENOME172369_00123,26216,0.0251702986098361,0.018708082296246,0.02221615321873972,0.003376242055230144,0.09296025753950038,0.023434568645389012,0.6409051117076305,0.006462216313590098,-0.07323664573128602,-0.0012184154266492928,-0.18268469224634973,0.03873730305911341,0.9808177156350291,False
GUT_GENOME172369_2,GUT_GENOME172369_00123,26432,0.02887633075447497,0.019953258082428368,0.02512642876097569,0.0037003516261539817,0.044169623004346376,0.025128848158343327,0.5002608400313772,0.008923072672046603,0.013947968621736322,-2.4193973676353564e-06,-0.154177601319038,0.023965278577165166,0.9880888666386977,False
GUT_GENOME172369_2,GUT_GENOME172369_00123,26461,0.02862308043746768,0.022913630532971848,0.026500905046699375,0.0039048715289470865,0.14105113276593134,0.025816264254991627,0.4304102036838021,0.005709449904495831,-0.0999060808851352,0.0006846407917077482,-0.13807056905012646,0.029044707035652914,0.9855825872482092,False
GUT_GENOME172369_2,GUT_GENOME172369_00123,26523,0.028670817349047105,0.02169025378892484,0.025945597798764094,0.0037994216375315222,0.08321656412848838,0.027003023922728756,0.6096137178194728,0.006980563560122267,-0.05487234558245356,-0.0010574261239646617,-0.1789105543549074,0.03501996076930049,0.9826424284667237,False
GUT_GENOME172369_2,GUT_GENOME172369_00123,26729,0.025964170937436932,0.021356156577956264,0.024043622226969368,0.0034448818948827832,0.15270569643574322,0.02688511004944811,0.795269725838291,0.004608014359480668,-0.13892836387896612,-0.0028414878224787415,-0.22073504048379664,0.06802504838746976,0.9665593991845296,False
GUT_GENOME172369_2,GUT_GENOME172369_00123,26917,0.03182783222203859,0.02165857808384907,0.028081326165571397,0.004638259630664204,0.04942468537370481,0.027704178509172867,0.46759678781144176,0.010169254138189518,0.058098392179046256,0.00037714765639853057,-0.14527925604967393,0.02448148541213698,0.98783387043455,False
GUT_GENOME172369_2,GUT_GENOME172369_00123,26918,0.036893689718959614,0.022808268118022102,0.03228389140011899,0.005230966351487874,0.017128202389062694,0.029204925306222262,0.2780635791798134,0.014085421600937512,0.19684259348451738,0.003078966093896726,-0.08193942432970686,0.04546107586919472,0.9775258544232012,False
GUT_GENOME172369_2,GUT_GENOME172369_00123,26924,0.04098616226835774,0.025035226422990595,0.03594415325055632,0.005623601906421788,0.012454719018146914,0.031329606224645104,0.20594622829445275,0.015950935845367144,0.2629350898676385,0.004614547025911214,-0.0459401741668236,0.07124536108618124,0.9650043397113165,False
GUT_GENOME172369_2,GUT_GENOME172369_00123,26936,0.06422847698528981,0.03302586592576949,0.05554577226045529,0.008324154073513852,0.0010819305740018875,0.032480386952290906,0.0027950932252547647,0.031202611059520324,0.8032800869309837,0.023065385308164384,0.3866103539035967,0.7947264638053131,0.6720898568129431,False
GUT_GENOME172369_2,GUT_GENOME172369_00123,26965,0.055879620717452894,0.027646660398163443,0.04750421600838077,0.00760735932220307,0.0020842931354011166,0.03428514511515378,0.04113459525021989,0.02823296031928945,0.6980696167381653,0.013219070893226992,0.15577918869713114,0.5115683454441053,0.7743090677777286,False
GUT_GENOME172369_2,GUT_GENOME172369_00123,26969,0.06425181342616866,0.029150784754098633,0.053851339149498106,0.008532611265526282,0.0007022928057803481,0.03677494400201027,0.022679528588871564,0.03510102867207003,0.9413954364796087,0.017076395147487836,0.24620801461796715,0.946843754286754,0.622867242287926,False
GUT_GENOME172369_2,GUT_GENOME172369_00123,26988,0.06902967020558726,0.03220493963105212,0.056016679025656886,0.007894926589300253,0.0004037936916962979,0.04007279461596202,0.021717111521743628,0.036824730574535135,1.002463724805161,0.015943884409694867,0.21965810343323,1.0531832019541214,0.590614593135705,False
GUT_GENOME172369_2,GUT_GENOME172369_00123,27035,0.07355309074471636,0.03585153153158117,0.06157697499359005,0.008799415020925025,0.000692891289720089,0.043269883095881576,0.018740321883941948,0.03770155921313519,1.0335285069682207,0.018307091897708475,0.2750597405427732,1.1438390355834172,0.5644409437449591,False
GUT_GENOME172369_2,GUT_GENOME172369_00123,27044,0.07979137960706767,0.03604914249139255,0.0671377184652125,0.009620758619033385,0.00023283572421135395,0.04562312251900223,0.012667106171749183,0.04374223711567512,1.247541068714854,0.021514595946210274,0.3502545663140193,1.6790369793540219,0.4319184465572027,False
GUT_GENOME172369_2,GUT_GENOME172369_00123,27056,0.07948143786829175,0.0339019549561162,0.06421535086050537,0.008943922550288096,0.00012025647758589844,0.04519834604866844,0.016741273332101885,0.04557948291217555,1.3126320544967582,0.019017004811836928,0.2917025185668823,1.808093269830643,0.4049277451150718,False
GUT_GENOME172369_2,GUT_GENOME172369_00123,27057,0.07741315091939206,0.033651443060405156,0.06261074182661923,0.008603595700300205,0.00012707756305733203,0.04489361322908228,0.019734178773504592,0.043761707858986906,1.2482308892486575,0.01771712859753695,0.2612289902469011,1.62632093821991,0.44345432545444396,False
GUT_GENOME172369_2,GUT_GENOME172369_00123,27080,0.06742410779880442,0.03686253989772583,0.05779230721477074,0.0078001520397199715,0.0017150459919835896,0.04007534045023486,0.011562544828276858,0.03056156790107859,0.780568846447431,0.01771696676453588,0.26122519632984426,0.6775263272418387,0.7126512108362641,False
GUT_GENOME172369_2,GUT_GENOME172369_00123,27084,0.05637126511404417,0.031188534302557663,0.0486746401330873,0.006828874781957847,0.0027094625688829496,0.03564046003844995,0.028151282420962275,0.025182730811486503,0.5900043562802947,0.013034180094637353,0.15144471828760872,0.3710406431269381,0.8306719548565492,False
GUT_GENOME172369_2,GUT_GENOME172369_00123,27107,0.05032315854791301,0.027854629742184302,0.04189498989164078,0.006157786949858239,0.004726984971624135,0.03232371683279966,0.06005208485789573,0.02246852880572871,0.49384406868975206,0.009571273058841125,0.07026237610464343,0.2488187656759189,0.8830182743511104,False
GUT_GENOME172369_2,GUT_GENOME172369_00123,27111,0.04295049455715941,0.024440200834749373,0.0366959723346311,0.004921246158324029,0.0033959924520093514,0.02940611783660781,0.0692629842561952,0.018510293722410035,0.3536094718707027,0.007289854498023291,0.016778150177597737,0.1253211649200593,0.9392622216644108,False
GUT_GENOME172369_2,GUT_GENOME172369_00123,27168,0.03409533074477027,0.021953562896549064,0.029195138793730806,0.003835548764324194,0.014710687008867311,0.027627388569231366,0.341364470368252,0.01214176784822121,0.12798172629734766,0.0015677502244994396,-0.11736747439098408,0.030154446310967517,0.9850358690878223,False
GUT_GENOME172369_2,GUT_GENOME172369_00123,27201,0.029103162384570228,0.018489461043495255,0.02491571451922479,0.003628996916016347,0.024001613056981987,0.025199452417356924,0.5311600763626844,0.010613701341074974,0.07384451968083673,-0.0002837378981321338,-0.16077266568414622,0.03130086311807973,0.984471400044512,False
GUT_GENOME172369_2,GUT_GENOME172369_00123,27242,0.03049649646086566,0.017415519161406125,0.024179236539323568,0.003377055942047831,0.010666645156815134,0.024145487372833237,0.4960131707734704,0.013080977299459534,0.1612565712599714,3.374916649033152e-05,-0.1533296869231181,0.04951367466646364,0.9755470998239066,False
GUT_GENOME172369_2,GUT_GENOME172369_00123,27413,0.03267602974818068,0.016773016944437655,0.023172500955524263,0.0029810644306002662,0.0037996391469538883,0.024025895894977944,0.6126650557438615,0.015903012803743025,0.26123724517700275,-0.0008533949394536819,-0.17412736807074036,0.09856523857891254,0.9519120629677109,False
GUT_GENOME172369_2,GUT_GENOME172369_00123,27414,0.03017272358987683,0.0165571778627646,0.02134725769665197,0.002680894487625223,0.010417175435674813,0.02399872095502977,0.8386737772958874,0.013615545727112231,0.18019556461082029,-0.0026514632583778015,-0.21628021711529571,0.07924757382085176,0.9611509687174701,False
GUT_GENOME172369_2,GUT_GENOME172369_00123,27711,0.028874183468290276,0.01623265915905751,0.020362569954092247,0.0022917414676600105,0.005515464869465498,0.023949297981532735,0.9412163530038725,0.012641524309232766,0.14568738155593103,-0.003586728027440488,-0.23820601059714733,0.07796691662923169,0.9617666182555968,False
GUT_GENOME172369_2,GUT_GENOME172369_00123,27831,0.02971898822595565,0.016016559105239594,0.020642333565808593,0.0024088248677474,0.00350047351849797,0.023997908126267474,0.9181952214067537,0.013702429120716054,0.18327371874159704,-0.0033555745604588808,-0.23278698558166208,0.08777903663757097,0.9570596891957148,False
GUT_GENOME172369_2,GUT_GENOME172369_00123,28080,0.028362204142437862,0.01600095479025404,0.019939079043837054,0.0023460094726100236,0.0064811017603434015,0.02392339544496032,0.9552779812091206,0.012361249352183822,0.1357576414639703,-0.003984316401123265,-0.24752683702033262,0.07969967226115021,0.9609337258452618,False
GUT_GENOME172369_2,GUT_GENOME172369_00123,28313,0.029872594101100176,0.015854648388291148,0.02016421913296607,0.0024181177806990146,0.004621637440483375,0.02396328099369528,0.9419182244789345,0.014017945712809027,0.19445201946161933,-0.0037990618607292095,-0.24318383926331658,0.09694996755154858,0.9526811714935397,False
GUT_GENOME172369_2,GUT_GENOME172369_00124,28800,0.02869454424869996,0.016279344496383977,0.019836982063719984,0.0023398426850265316,0.012678418764276809,0.023855531460291894,0.9570509849884209,0.012415199752315982,0.1376690268292924,-0.0040185493965719105,-0.2483293750965016,0.08062023948394342,0.9604915255761924,False
GUT_GENOME172369_2,GUT_GENOME172369_00124,28904,0.026432274762674755,0.016408170667857543,0.01871302572183063,0.0019792825963278584,0.032959825623909624,0.02371459215383747,0.9942472571421825,0.010024104094817212,0.05295593414355315,-0.005001566432006839,-0.2713746444373845,0.07644852860453322,0.96249706295299,False
GUT_GENOME172369_2,GUT_GENOME172369_00124,28929,0.02504710010139857,0.015311287663042458,0.0175355507572877,0.0019073008222859238,0.03756299668827826,0.02233984267518179,0.9941138245418687,0.009735812438356112,0.04274217387941489,-0.004804291917894093,-0.266749857533454,0.07298237992205614,0.9641665882041238,False
GUT_GENOME172369_2,GUT_GENOME172369_00124,28966,0.02182355663969039,0.014338653158654333,0.0159281265414296,0.0016988308163611,0.06469536565067756,0.02078267623507845,0.997865593669527,0.007484903481036056,-0.03700430490766922,-0.00485454969364885,-0.2679280710709535,0.07315476984950167,0.9640834854816004,False
GUT_GENOME172369_2,GUT_GENOME172369_00124,28970,0.017504613945212362,0.013042359930938233,0.013881561562729473,0.0013001881016613671,0.13497519105199585,0.018612514132661528,0.9998629739768177,0.004462254014274129,-0.1440924440338786,-0.004730952569932055,-0.2650305332835725,0.09100381600023127,0.9555177794421815,False
GUT_GENOME172369_2,GUT_GENOME172369_00124,28989,0.016182820069790944,0.012361439602231487,0.01303658730598532,0.0011717901434924885,0.15071224815476136,0.01779422825311889,0.999975479148718,0.0038213804675594574,-0.1667976754169967,-0.00475764094713357,-0.26565619979667404,0.09839468101492418,0.951993244330481,False
GUT_GENOME172369_2,GUT_GENOME172369_00124,29190,0.015369268935407604,0.011838730940525889,0.012546438773626848,0.001156526255741343,0.1538025671221283,0.01734342361397914,0.9999832122569285,0.0035305379948817155,-0.17710180744435028,-0.00479698484035229,-0.2665785547340361,0.1024291760441432,0.9500747739897608,False
GUT_GENOME172369_2,GUT_GENOME172369_00124,29363,0.014676220308952888,0.012370703140117251,0.012691375783748238,0.0009891641909740507,0.2356591830067296,0.016794827062377022,0.9999832598365691,0.0023055171688356364,-0.22050253984639795,-0.004103451278628784,-0.2503197645496028,0.11128135460288091,0.9458789506122133,False
GUT_GENOME172369_2,GUT_GENOME172369_00124,29381,0.015051599822205726,0.012627539768317857,0.01294036381603685,0.0009909817507942078,0.22429173508849798,0.01646004651785354,0.9998086339139367,0.0024240600538878686,-0.2163027353019117,-0.0035196827018166895,-0.23663423968031475,0.10278263668816953,0.9499068818052739,False
GUT_GENOME172369_2,GUT_GENOME172369_00124,29466,0.014797039352660848,0.012403206151538296,0.012724017056947236,0.0009842750912836364,0.22247543370609468,0.01621568655359429,0.9998055123300116,0.0023938332011225524,-0.21737362938006205,-0.0034916694966470527,-0.23597751468475034,0.10293668218665214,0.9498337201833049,False
GUT_GENOME172369_2,GUT_GENOME172369_00124,29468,0.013595166210170801,0.01239895731891157,0.012570369648298756,0.0009762282117310722,0.34162894381875586,0.016161944327168845,0.999882939481937,0.001196208891259232,-0.25980374247318416,-0.0035915746788700888,-0.23831963262359276,0.12429423189691682,0.9397446251992508,False
GUT_GENOME172369_2,GUT_GENOME172369_00125,30427,0.01332480937118914,0.01190675068321326,0.012141532086098205,0.0009016369827582311,0.31270688203217833,0.015985621330666125,0.999989935524457,0.001418058687975881,-0.2519439220880687,-0.00384408924456792,-0.24423943458961658,0.12312864128577444,0.9402924635785643,False
GUT_GENOME172369_2,GUT_GENOME172369_00125,30498,0.013720347048125475,0.011667009132769584,0.011961557091755129,0.0008924964028688751,0.2342921031326507,0.01570051212889818,0.9999860105578099,0.0020533379153558906,-0.22943688942227278,-0.003738955037143051,-0.24177473048001347,0.11109630652645137,0.945966471201203,False
GUT_GENOME172369_2,GUT_GENOME172369_00128,32953,0.01416810935216068,0.01143981389457623,0.0117192779586117,0.0008697396173480775,0.18472300186567542,0.015379376911267869,0.9999871333239784,0.00272829545758445,-0.20552411092073927,-0.003660098952656168,-0.23992607512546654,0.09980468169487136,0.9513223252964377,False
GUT_GENOME172369_2,GUT_GENOME172369_00128,33098,0.014798759740019086,0.011701621212688595,0.011981479869769048,0.0008527598929484592,0.17623418782697753,0.015353276332350167,0.9999615692512421,0.003097138527330491,-0.19245652951474315,-0.003371796462581119,-0.2331672822501354,0.09140649726477351,0.9553254142544364,False
GUT_GENOME172369_2,GUT_GENOME172369_00128,33289,0.014599175682453086,0.011664003326461761,0.011919974749833306,0.000882593336242455,0.1931422039050451,0.015381703449447236,0.9999561323024854,0.0029351723559913247,-0.19819475886645455,-0.00346172869961393,-0.23527560036685274,0.09463577057011506,0.9537841554466795,False
GUT_GENOME172369_2,GUT_GENOME172369_00130,33912,0.013617876800388421,0.011580629796466216,0.011735063863567584,0.0007800468018642522,0.25328436657004055,0.015371851285314092,0.9999984362839693,0.0020372470039222053,-0.23000696735596182,-0.003636787421746508,-0.23937957339742297,0.1102057851922187,0.9463877666494255,False
GUT_GENOME172369_2,GUT_GENOME172369_00130,33977,0.013020793944485076,0.011504665251879183,0.01164231452569188,0.0007649187547530788,0.3131707998310517,0.015332328088445077,0.9999992966727712,0.001516128692605893,-0.24846944235913823,-0.003690013562753197,-0.24062737553233943,0.11963859764184262,0.9419347269224873,False
GUT_GENOME172369_2,GUT_GENOME172369_00130,33981,0.013540033505789502,0.01272058942632846,0.01277887135517991,0.0008292691216584052,0.3940120214211277,0.015327243287056093,0.998940527106114,0.0008194440794610427,-0.27315197984816736,-0.002548371931876183,-0.21386340509648108,0.1203495601344352,0.9415999462994731,False
GUT_GENOME172369_2,GUT_GENOME172369_00130,35015,0.0137670077032665,0.012979026099522242,0.01303061027673276,0.0008553905421388329,0.40108309908371154,0.015340006694142436,0.9965311002910009,0.0007879816037442578,-0.2742666502768305,-0.0023093964174096763,-0.2082610046311422,0.11859484150404587,0.9424264302922445,False
GUT_GENOME172369_2,GUT_GENOME172369_00131,35663,0.013586733491825766,0.01286394500905943,0.012903392297019594,0.0008540658840269862,0.4086487102443893,0.015341206038006835,0.9978438361448947,0.0007227884827663358,-0.276576349130808,-0.002437813740987241,-0.21127154433005074,0.12113014234213118,0.9412325199233357,False
GUT_GENOME172369_2,GUT_GENOME172369_00131,35756,0.013694645799007353,0.012932021483345954,0.012972403327581412,0.0008125739283950206,0.40399681045452485,0.015348961275649652,0.9982762144481887,0.0007626243156613997,-0.275165022656407,-0.00237655794806824,-0.20983549979000554,0.1197467266656224,0.9418838030578434,False
GUT_GENOME172369_2,GUT_GENOME172369_00131,35770,0.01283361092896782,0.012472402256903648,0.012476129199167334,0.0007092182682857454,0.44029400238096295,0.01485610365632962,0.9996042803600427,0.0003612086720641717,-0.28938660367718855,-0.0023799744571622854,-0.20991559440631408,0.12780916316277435,0.9380945067546866,False
GUT_GENOME172369_2,GUT_GENOME172369_00131,36527,0.012448634147486735,0.012435561351360275,0.012424665858037212,0.0006779467285812793,0.4978344720003892,0.014877194312580883,0.9998513164176295,1.3072796126459285e-05,-0.301720558880132,-0.0024525284545436708,-0.21161650736218363,0.1358168418391083,0.9343460362100945,False
GUT_GENOME172369_2,GUT_GENOME172369_00132,36717,0.012520650539942974,0.012511748685204696,0.012515436070392768,0.0006741253949329749,0.498539650793755,0.014873735951166612,0.9997658920696347,8.901854738277079e-06,-0.30186832935652247,-0.002358299880773844,-0.20940746847083605,0.13497597611986212,0.934738948576823,False
GUT_GENOME172369_2,GUT_GENOME172369_00132,36813,0.01307880505336954,0.012925919563584722,0.012986859138015946,0.0008127786621700817,0.4763561272875834,0.014885890387231693,0.9902665654924013,0.00015288548978481878,-0.2967671954965386,-0.0018990312492157477,-0.19864064660249248,0.12752887480553707,0.9382259844515042,False
GUT_GENOME172369_2,GUT_GENOME172369_00133,37671,0.012646635658021,0.012939504224022331,0.012930697330841935,0.0007840867043607797,0.5460426461117299,0.014903301175406853,0.9940618403068388,-0.0002928685660013308,-0.3125596229238699,-0.001972603844564918,-0.2003654389660137,0.1378398270143551,0.9334014299318539,False
GUT_GENOME172369_2,GUT_GENOME172369_00133,37676,0.012717130498011408,0.012649163284933651,0.012656705102460948,0.0006685430324427846,0.4893040278987898,0.01490564463677215,0.9996158106141813,6.79672130777572e-05,-0.2997757283516916,-0.0022489395343112013,-0.20684368925990018,0.13264979909543334,0.9358267652007105,False
GUT_GENOME172369_2,GUT_GENOME172369_00135,39685,0.012387591837935441,0.012935308316259133,0.012904238467036993,0.000620396481158714,0.5882227445211274,0.014910508273765713,0.9993893343095647,-0.0005477164783236916,-0.3215885192583288,-0.00200626980672872,-0.2011546838495894,0.14388238255339278,0.9305856207543192,False
GUT_GENOME172369_2,GUT_GENOME172369_00135,39766,0.012548285528140125,0.013008185343846694,0.012984288897052394,0.0006028645032834207,0.5722787091704936,0.014898354155517232,0.999250690977286,-0.0004598998157065697,-0.31847730074379293,-0.0019140652584648376,-0.19899309501379123,0.14102604295222007,0.9319156045300118,False
GUT_GENOME172369_2,GUT_GENOME172369_00136,40322,0.012079947543839481,0.012912711479376362,0.012868699209426302,0.0005900889110397718,0.6340611113360732,0.014836110730409625,0.9995721103585872,-0.0008327639355368809,-0.3316873421920774,-0.001967411520983323,-0.2002437132063071,0.150114037649094,0.9276905889935676,False
GUT_GENOME172369_2,GUT_GENOME172369_00136,40742,0.011726364521471046,0.01345532035249425,0.013374457424564227,0.0006361851285946999,0.7743720706309165,0.014907674067231909,0.992024099969743,-0.0017289558310232041,-0.3634381367989135,-0.0015332166426676817,-0.190064705562977,0.1682118715806069,0.9193338605773071,False
GUT_GENOME172369_2,GUT_GENOME172369_00136,40876,0.012151164861527218,0.013521952708005339,0.013460020578124798,0.0006544976215883318,0.7229262896247759,0.01495874373306236,0.9889859578885499,-0.0013707878464781203,-0.3507487583641038,-0.0014987231549375632,-0.18925606065999692,0.1588425479905009,0.9236507324383366,False
GUT_GENOME172369_2,GUT_GENOME172369_00136,40967,0.012629936591035978,0.013670301467416046,0.013625423081719563,0.0006479301671633325,0.6642684757575421,0.015019863832674896,0.9843070977671275,-0.0010403648763800677,-0.339042346032322,-0.001394440750955333,-0.18681132572595585,0.14984818382258994,0.9278139122363229,False
GUT_GENOME172369_2,GUT_GENOME172369_00137,41401,0.012601272978590426,0.013732699249230033,0.013679314029543194,0.0006373823597252979,0.6792149913555391,0.015093591962433628,0.9867527133961244,-0.0011314262706396076,-0.342268520739222,-0.0014142779328904335,-0.18727637687377877,0.15222018162398485,0.9267141782269284,False
GUT_GENOME172369_2,GUT_GENOME172369_00138,42472,0.013034744865395131,0.014136017182115811,0.014080059824303605,0.0006835870083868648,0.6629168485645369,0.015259485249829206,0.9577676048884446,-0.0011012723167206796,-0.34120020936273454,-0.0011794254255256004,-0.1817706337457264,0.14945814616149689,0.9279948710650681,False
GUT_GENOME172369_2,GUT_GENOME172369_00138,42768,0.015490636058397154,0.015240409870672069,0.015255099685864082,0.0008015662302939851,0.4742805495284818,0.016101506421290778,0.8545024397874857,0.0002502261877250847,-0.29331855405852353,-0.0008464067354266962,-0.17396354075320086,0.11629908766637356,0.9435088409575372,False
GUT_GENOME172369_2,GUT_GENOME172369_00138,42868,0.018228174524660523,0.015322907734528785,0.015461426307505539,0.0007881447409744343,0.25102764651024995,0.016251583233684794,0.8419617245958815,0.002905266790131738,-0.19925427020994163,-0.000790156926179255,-0.1726448535303421,0.0695085096474097,0.9658427382899942,False
GUT_GENOME172369_2,GUT_GENOME172369_00138,42888,0.0177601175012245,0.015623881242711033,0.015740108897264213,0.0007940702642299585,0.29635075810976996,0.016320187289707477,0.7674615657474041,0.0021362362585134655,-0.226499919918197,-0.0005800783924432631,-0.16771989677153915,0.0794321774960054,0.9610622568110677,False
GUT_GENOME172369_2,GUT_GENOME172369_00138,44054,0.017818291982207024,0.015823006371976422,0.015923025625160913,0.0007971285915176173,0.30985384773524594,0.016493073239733425,0.7627344957402092,0.0019952856102306016,-0.23149359940343836,-0.0005700476145725115,-0.16748474115429415,0.08164042508428052,0.9600017107005144,False
GUT_GENOME172369_2,GUT_GENOME172369_00138,44847,0.01900997848304668,0.01646729777256508,0.01661482459580189,0.0009230665756757616,0.26724763986045064,0.01667863005065536,0.5275542829418265,0.002542680710481599,-0.2121001754231574,-6.380545485347097e-05,-0.15561669970445927,0.069203041641442,0.9659902665836728,False
GUT_GENOME172369_2,GUT_GENOME172369_00138,45079,0.019895000305925312,0.016727672211632016,0.016956511962748885,0.0009523131485119512,0.21745008979155506,0.016806200588933538,0.437292156360935,0.003167328094293296,-0.1899698137394689,0.00015031137381534693,-0.15059707155029872,0.0587680080917343,0.9710435082269632,False
GUT_GENOME172369_2,GUT_GENOME172369_00138,45161,0.019058971752958898,0.017140375657399447,0.017388221135760083,0.001093450131074331,0.31249391357477896,0.01697190171444656,0.3516983575668675,0.0019185960955594508,-0.23421059901154162,0.00041631942131352406,-0.1443609363863485,0.0756946846436885,0.962859917631765,False
GUT_GENOME172369_2,GUT_GENOME172369_00138,45279,0.02026224668127678,0.01731505731170073,0.017559569129058403,0.0010638964370192029,0.23421972073892366,0.01760314346275715,0.516335034586586,0.0029471893695760497,-0.19776901329562555,-4.35743336987468e-05,-0.15514241327882028,0.06318175101790158,0.9689029029084192,False
GUT_GENOME172369_2,GUT_GENOME172369_00138,45375,0.023165779872363537,0.017743262017322525,0.01816118671455718,0.0010746584509225773,0.12408422573648936,0.018444834529250755,0.6040878067666297,0.005422517855041012,-0.11007167222136875,-0.0002836478146935745,-0.16077055382135044,0.03796294400163218,0.9811975417016429,False
GUT_GENOME172369_2,GUT_GENOME172369_00139,45680,0.023888016124595894,0.018534322554163558,0.01903281049443539,0.001178213264480391,0.12095690214412025,0.01868347118480137,0.38342443266262416,0.005353693570432336,-0.11251001799929689,0.0003493393096340204,-0.1459311784660838,0.03395441299870211,0.9831660941765183,False
GUT_GENOME172369_2,GUT_GENOME172369_00139,45752,0.025077214042367974,0.01963702310959752,0.020208788703653807,0.0012705834880258,0.1212927775659905,0.01886396242197368,0.1449292578438095,0.005440190932770456,-0.10944554040307808,0.0013448262816801275,-0.12259357131465504,0.027007510041803205,0.9865870116559271,False
GUT_GENOME172369_2,GUT_GENOME172369_00139,45754,0.02608681518585604,0.018645683517562683,0.01960110713231647,0.0013328026884829812,0.046157445860885084,0.020192737860677788,0.6714424532790754,0.007441131668293358,-0.03855507750778084,-0.0005916307283613184,-0.1679907228947407,0.029707376980328548,0.9852560833629916,False
GUT_GENOME172369_2,GUT_GENOME172369_00139,45758,0.02768601376680047,0.01937893576475866,0.020492409465837386,0.0013269649660070757,0.02763331393939634,0.021717684579362923,0.822091901308931,0.00830707800204181,-0.007875839811182563,-0.0012252751135255376,-0.1828455066839014,0.03349450816722404,0.9833922015909237,False
GUT_GENOME172369_2,GUT_GENOME172369_00139,45960,0.030887844790183822,0.021176235814491944,0.022772755676013105,0.001498709124405413,0.013577215057628163,0.02392510980447013,0.7790230042347431,0.009711608975691878,0.0418846798809791,-0.001152354128457024,-0.1811359902859858,0.03456457338561683,0.9828661954232172,False
GUT_GENOME172369_2,GUT_GENOME172369_00139,46107,0.03894369781711781,0.02364758471431612,0.026568204470707322,0.0018799214628897167,0.0020554558614987715,0.028488765570303914,0.84651906887248,0.01529611310280169,0.2397356584648379,-0.0019205610995965926,-0.1991453796671397,0.09713206818233863,0.9525944335212241,False
GUT_GENOME172369_2,GUT_GENOME172369_00139,46110,0.04308653652616488,0.026822670333349022,0.03124470507866164,0.002357778056669006,0.0012400029268705252,0.029985815151499725,0.29669476411656703,0.016263866192815855,0.27402176364602415,0.0012588899271619158,-0.12460821232763561,0.09061513353116665,0.9557034939924689,False
GUT_GENOME172369_2,GUT_GENOME172369_00139,46115,0.047499117719094215,0.029748800536548246,0.03483718062138048,0.003073652024890834,0.0036117547010498055,0.03236824108007758,0.2109124415359493,0.01775031718254597,0.3266845921158554,0.0024689395413028947,-0.09624052563604907,0.11598506150060581,0.9436569958202056,False
GUT_GENOME172369_2,GUT_GENOME172369_00139,46130,0.05088178557301189,0.032856723917037076,0.039695908601470126,0.0037141943901874367,0.003384769309799214,0.03351525506716661,0.048049918061264726,0.01802506165597481,0.33641839509838367,0.006180653534303512,-0.009225300465329867,0.11326244272924779,0.944942479717607,False
GUT_GENOME172369_2,GUT_GENOME172369_00139,46166,0.06300979655316338,0.04026637454510279,0.0511551036480091,0.004961939549176767,0.002124471896816874,0.03964665509444731,0.010188174810278016,0.022743422008060593,0.5035831409241854,0.011508448553561791,0.11567637141413874,0.2669770027266098,0.8750375306584284,False
GUT_GENOME172369_2,GUT_GENOME172369_00139,46169,0.07796593594485263,0.04638086513211335,0.06179891496131055,0.0066535153664910906,0.002804548738923935,0.04317772605697843,0.0025654446002240927,0.03158507081273928,0.8168300879196075,0.01862118890433212,0.2824232447913078,0.7469742817292048,0.6883298375660122,False
GUT_GENOME172369_2,GUT_GENOME172369_00139,46184,0.0886802139034669,0.05014844687933176,0.06951851928631969,0.007462857839279987,0.00039360268142126057,0.045848517388434505,0.0007577279013049951,0.03853176702413515,1.0629415800174324,0.023670001897885186,0.4007846272435467,1.2904731199647044,0.5245384426239557,False
GUT_GENOME172369_2,GUT_GENOME172369_00139,46205,0.08728879196011914,0.052785652819993936,0.07222291898762159,0.00787102759763557,0.0013756441008075295,0.04698267348069799,0.0006712690750424234,0.034503139140125205,0.9202130671433449,0.025240245506923602,0.43759648868303824,1.0382827758490867,0.5950312296991648,False
GUT_GENOME172369_2,GUT_GENOME172369_00139,46206,0.09749429185018585,0.06616945787482255,0.08510080097505658,0.00910138238627377,0.00440706558442059,0.05233885511174016,0.00015931247345534358,0.0313248339753633,0.8076102696928722,0.03276194586331642,0.6139307782895195,1.029145348244569,0.5977559766460568,False
GUT_GENOME172369_2,GUT_GENOME172369_00139,46207,0.10664721137010409,0.07023378957096575,0.09033011524017091,0.009879386070790797,0.0032051109691040272,0.05786391637763308,0.0005076421631523184,0.03641342179913834,0.987891644301659,0.032466198862537834,0.6069974607131,1.3443758181931869,0.5105902298023849,False
GUT_GENOME172369_2,GUT_GENOME172369_00139,46209,0.11992665891931625,0.07032695589348646,0.0966830794526068,0.010671597851355729,0.0004342085207466498,0.0642740146813623,0.0011949419345206427,0.04959970302582979,1.4550626921155463,0.0324090647712445,0.6056580429055348,2.4840291029227037,0.2888018253667792,False
GUT_GENOME172369_2,GUT_GENOME172369_00139,46211,0.11495882263924198,0.06546177170242849,0.0924792081709789,0.010325782403367026,0.00020309823193020098,0.06382348818124,0.0027587099919518486,0.04949705093681349,1.4514258757029737,0.028655719989738898,0.517666850178418,2.3746160404337884,0.3050413248574657,False
GUT_GENOME172369_2,GUT_GENOME172369_00139,46214,0.10101428440936315,0.0730331524616295,0.09208901419551845,0.009965214367282106,0.010961620992720484,0.058895626218054595,0.00043278861573339665,0.027981131947733648,0.6891476984060391,0.03319338797746385,0.6240452517595835,0.8643570264620228,0.649093494565266,False
GUT_GENOME172369_2,GUT_GENOME172369_00139,46242,0.07693523445917505,0.056090313535664196,0.07116532514798438,0.008420360047616118,0.02068081598991532,0.04725559501503786,0.002259115711340807,0.020844920923510854,0.43632196806601786,0.02390973013294652,0.40640467404482983,0.3555416189024875,0.8371342647653488,False
GUT_GENOME172369_2,GUT_GENOME172369_00139,46255,0.06946220609394407,0.05023961822690912,0.06359334235690497,0.007686538715324926,0.018575014083568212,0.04238522105607824,0.0028978178834854124,0.01922258786703495,0.37884503269148545,0.021208121300826735,0.3430697561892483,0.26122041640676297,0.8775597733332101,False
GUT_GENOME172369_2,GUT_GENOME172369_00139,46261,0.062449048006602434,0.048181467640516694,0.05811101623103265,0.007110904563001256,0.046634404355502715,0.04022803679343094,0.00595386426954081,0.01426758036608574,0.20329621749873336,0.017882979437601712,0.2651170991421992,0.111616428306867,0.9457204943044674,False
GUT_GENOME172369_2,GUT_GENOME172369_00139,46271,0.11326621190969556,0.09315309339335202,0.10721708497779533,0.009440464179178779,0.035710310296891964,0.038466320332689874,1.6376979689236443e-13,0.020113118516343537,0.410395257458856,0.06875076464510546,1.457631337069362,2.293113382151337,0.31772892683149334,False
GUT_GENOME172369_2,GUT_GENOME172369_00139,46275,0.07867292229481562,0.06128081874137475,0.07372464602353596,0.007522924925123949,0.02152956665505813,0.03736368291476263,6.712570181867945e-07,0.017392103553440875,0.3139935965596935,0.03636096310877333,0.6983040076378192,0.586220465763531,0.7459399090591899,False
GUT_GENOME172369_2,GUT_GENOME172369_00139,46296,0.049013850546461894,0.03318902003676734,0.04507981190846007,0.0051600378384376285,0.003924168471947267,0.03649271686298973,0.048040878632350445,0.015824830509694555,0.2584673585347261,0.008587095045470339,0.04718988948443961,0.06903226109747225,0.9660727562771296,False
GUT_GENOME172369_2,GUT_GENOME172369_00139,46439,0.04110908992584293,0.025284991221981967,0.03631319232984725,0.004097965019115833,0.0006284604456332359,0.034484390753079276,0.32770087158657923,0.015824098703860964,0.2584414317027256,0.0018288015767679716,-0.11124754105517135,0.07916798901137662,0.9611892159868016,False
GUT_GENOME172369_2,GUT_GENOME172369_00139,46440,0.038854259666372286,0.02510967727761211,0.03465721961844135,0.00411011277018802,0.004113272501787445,0.03384752317657114,0.42191336656968215,0.013744582388760175,0.18476714862242574,0.0008096964418702127,-0.13513883843233698,0.052401404862902845,0.9741395578097265,False
GUT_GENOME172369_2,GUT_GENOME172369_00139,46441,0.036287395332101416,0.02229281815383699,0.030905649832042532,0.0036006704389767207,0.0025839309858263987,0.03348753506612841,0.763330475961297,0.013994577178264425,0.19362410577000333,-0.0025818852340858747,-0.21464907111048154,0.083564518063826,0.9590785885389752,False
GUT_GENOME172369_2,GUT_GENOME172369_00139,46731,0.047404140524336356,0.022607490187717676,0.0339472558837875,0.004139996789273312,0.00012014293499075137,0.034341416404727966,0.5379251639706862,0.02479665033661868,0.576326078312175,-0.0003941605209404689,-0.16336134827276375,0.35883867865218644,0.8357553608150828,False
GUT_GENOME172369_2,GUT_GENOME172369_00139,46778,0.04825874890308072,0.02090378417183428,0.032628727131753556,0.004080164048887816,4.997399954533547e-05,0.03417349464086001,0.647509122576561,0.027354964731246437,0.6669634912285897,-0.0015447675091064539,-0.19033549723657628,0.48106790014012374,0.7862079531799235,False
GUT_GENOME172369_2,GUT_GENOME172369_00139,46868,0.04378398730490585,0.020061921025383154,0.03026784212444785,0.0039454930855679264,0.00030678976804219226,0.03255971834402681,0.7193408879322575,0.023722066279522693,0.5382551050569208,-0.0022918762195789574,-0.20785027148679147,0.3329202934769697,0.8466565582883147,False
GUT_GENOME172369_2,GUT_GENOME172369_00139,46898,0.04129128895142549,0.017954292631626192,0.028164290588411894,0.003851075894035282,0.0002824459356130718,0.030534365531164155,0.7308652340309407,0.023336996319799297,0.5246126281922917,-0.0023700749427522615,-0.20968351605192212,0.3191855865627204,0.8524908583020124,False
GUT_GENOME172369_2,GUT_GENOME172369_00139,47049,0.037106756672334124,0.017196755202768213,0.026525986025383214,0.00394117420488006,0.0009104968872887167,0.03004817941885859,0.8142564792525167,0.01991000146956591,0.40319911155989774,-0.003522193393475377,-0.23669309884899714,0.218593146605432,0.8964645106290603,False
GUT_GENOME172369_2,GUT_GENOME172369_00139,47084,0.03903901664202535,0.020976183486999728,0.02750502090420126,0.0037068023564682685,0.004682831032122083,0.029714297953314792,0.7244144451855519,0.018062833155025625,0.33775658518289,-0.0022092770491135318,-0.2059138654408199,0.1564800308151869,0.9247424474699575,False
GUT_GENOME172369_2,GUT_GENOME172369_00139,47085,0.03899737030309353,0.02032374102492893,0.026052233976118607,0.0035856329303400078,0.007296946311029471,0.02839076951684552,0.7428626377209605,0.018673629278164603,0.35939621654991283,-0.002338535540726914,-0.2089441249851102,0.17282328783618517,0.9172165868684253,False
GUT_GENOME172369_2,GUT_GENOME172369_00139,47087,0.03780214240060748,0.019441879757111473,0.024647106497484448,0.0033278361161617745,0.008873909395891172,0.02790732913681558,0.8363785541125871,0.01836026264349601,0.3482940857405299,-0.0032602226393311333,-0.23055161159998194,0.1744628157731805,0.9164649938657234,False
GUT_GENOME172369_2,GUT_GENOME172369_00139,47141,0.03760366517477758,0.01931696858869338,0.02433344519754084,0.003260011672840527,0.009741278227559495,0.026883051587663825,0.782917703765978,0.018286696586084204,0.3456877457471857,-0.0025496063901229854,-0.21389234500470455,0.16524995281138247,0.9206963653438062,False
GUT_GENOME172369_2,GUT_GENOME172369_00139,47393,0.03452426975064881,0.01840217059672554,0.0225749514959781,0.0028392461840695818,0.009968835294497854,0.025630361715715512,0.8590664023865084,0.01612209915392327,0.26899916061137474,-0.0030554102197374103,-0.22575011050309918,0.12332366080178567,0.9402007803580633,False
GUT_GENOME172369_2,GUT_GENOME172369_00139,47397,0.030948842718951385,0.018356531698115006,0.021799024541816724,0.002826301641316252,0.027563716023680386,0.025393370790860827,0.898268840350269,0.01259231102083638,0.1439438252710879,-0.003594346249044103,-0.23838460767372407,0.07754704600942883,0.9619685482240268,False
GUT_GENOME172369_2,GUT_GENOME172369_00139,47774,0.026684082013504487,0.017187491440841345,0.01943853550767565,0.0022349422104575656,0.05543312160542856,0.023683457135330717,0.9712402973533114,0.009496590572663142,0.03426688598478391,-0.0042449216276550655,-0.2536363116485215,0.06550559806176011,0.9677777656233869,False
GUT_GENOME172369_2,GUT_GENOME172369_00139,47882,0.024473506891919183,0.0164357193965242,0.018312798337008104,0.00205802369877769,0.0685795830765309,0.022013505119904173,0.9639261304760679,0.008037787495394983,-0.017416416566202696,-0.003700706782896069,-0.24087806105398435,0.058325571863134515,0.971258344402707,False
GUT_GENOME172369_2,GUT_GENOME172369_00139,48054,0.022010611758835112,0.01646938392239559,0.0175912247834042,0.0017624747740955457,0.13178884683332998,0.021111848239961265,0.9771170185574494,0.005541227836439521,-0.10586594769278433,-0.0035206234565570635,-0.2366562941774334,0.06721380045468724,0.9669515383669283,False
GUT_GENOME172369_2,GUT_GENOME172369_00139,48061,0.021412567599947044,0.014784714411487978,0.016082655733594322,0.0015329766691133204,0.08328154861108139,0.01975115866000423,0.9916457127655257,0.006627853188459066,-0.06736836861366166,-0.0036685029264099077,-0.2401230929102122,0.06219759683843259,0.9693797951533688,False
GUT_GENOME172369_2,GUT_GENOME172369_00139,48066,0.019703919181236297,0.013940340415583672,0.014925476744864769,0.0013177063053158287,0.09577585541374811,0.01832564739243637,0.9950652835928642,0.005763578765652625,-0.0979883729014464,-0.0034001706475715997,-0.2338324698428859,0.06427934517669706,0.9683713177046286,False
GUT_GENOME172369_2,GUT_GENOME172369_00139,48067,0.01851153686689109,0.013339077867992906,0.014162451514591256,0.0011505412715168974,0.1134882865739626,0.01741786078379967,0.9976686607607315,0.0051724589988981825,-0.11893089915814317,-0.003255409269208415,-0.23043876980078945,0.06724658540186565,0.9669356877692892,False
GUT_GENOME172369_2,GUT_GENOME172369_00139,48378,0.020086527259396005,0.01298702692759926,0.013855654369967463,0.0011027513487241087,0.059665663997258304,0.01710469260527376,0.9983920075321842,0.0070995003317967445,-0.05065858619938386,-0.0032490382353062962,-0.230289411054235,0.055599505199426816,0.9725831045409801,False
GUT_GENOME172369_2,GUT_GENOME172369_00139,48686,0.019424663883410617,0.012970216737936845,0.013673221099174971,0.0010453007874513573,0.06557843844048976,0.016532671142958935,0.9968859898896659,0.006454447145473772,-0.07351189622436663,-0.002859450043783964,-0.22115613616476446,0.05431403544982989,0.9732084185549437,False
GUT_GENOME172369_2,GUT_GENOME172369_00140,49319,0.01853255396499253,0.012870083760514567,0.013444386713421947,0.000930634892081403,0.08193332653132701,0.016331838054744707,0.9990410775477095,0.005662470204477963,-0.10157050433447763,-0.002887451341322759,-0.2218125820048818,0.05951738888643256,0.9706797357043138,False
GUT_GENOME172369_2,GUT_GENOME172369_00140,49374,0.018353137964819376,0.012852386964950864,0.013442669803787922,0.0009520567090932744,0.08559409187630918,0.016161292692465908,0.9978517211979876,0.005500750999868511,-0.10729998400886058,-0.0027186228886779858,-0.21785466772328246,0.058973942817123544,0.9709435275853191,False
GUT_GENOME172369_2,GUT_GENOME172369_00140,49788,0.017855039506370844,0.012885886713154139,0.013510901614462842,0.0010222583953055874,0.10183744860977045,0.016114104385243078,0.9945598713270385,0.004969152793216705,-0.12613374668599864,-0.0026032027707802354,-0.21514882681877237,0.06219873973454178,0.969379241203329,False
GUT_GENOME172369_2,GUT_GENOME172369_00140,49838,0.017811389963856016,0.01287214955021712,0.013477056711535805,0.0010193958437422002,0.10222204133237572,0.01602817525310543,0.9938353931609444,0.004939240413638897,-0.12719349942975822,-0.0025511185415696257,-0.2139277949878848,0.061943287765566374,0.9695030640287814,False
GUT_GENOME172369_2,GUT_GENOME172369_00142,51612,0.019788727879981843,0.012627539386449988,0.013309843465371052,0.0009291955038855671,0.05148239837431653,0.016103239199269384,0.9986775509730207,0.007161188493531855,-0.04847306302874427,-0.0027933957338983316,-0.21960759803412352,0.05057713495370579,0.9750285099115712,False
GUT_GENOME172369_2,GUT_GENOME172369_00142,51708,0.019956954197651016,0.012726816526437925,0.013342317259339381,0.0009559684850603886,0.05828305664658941,0.01607857574932457,0.9978970368343014,0.007230137671213091,-0.04603029246822808,-0.002736258489985188,-0.2182681063184062,0.04975975406053369,0.9754270761882882,False
GUT_GENOME172369_2,GUT_GENOME172369_00142,53079,0.02061485635975354,0.012707836383197474,0.013332744568214532,0.0009784877399125534,0.04424984824364585,0.015899109186722615,0.9956393071046916,0.007907019976556066,-0.022049322367751957,-0.002566364618508083,-0.21428521498852912,0.046404325979557196,0.9770649374367109,False
GUT_GENOME172369_2,GUT_GENOME172369_00142,53206,0.018996545618186245,0.012690135213381998,0.013193731915856953,0.0009647418840599624,0.07829560095458453,0.015904309640150487,0.9975201555489457,0.0063064104048042476,-0.07875662580843959,-0.0027105777242935336,-0.21766606165294172,0.0535811205042328,0.9735651234071011,False
GUT_GENOME172369_2,GUT_GENOME172369_00143,53524,0.018894487964867288,0.012648585871854369,0.013164382586000467,0.0009451241765476267,0.08570254603562011,0.0161265067353402,0.9991381220385369,0.00624590209301292,-0.08090034858630549,-0.0029621241493397333,-0.22356316710275836,0.0565253560864016,0.9721329752721664,False
GUT_GENOME172369_2,GUT_GENOME172369_00143,53982,0.017594958124940073,0.012636926165881067,0.013037593909531946,0.0009068850709942743,0.11846750557685692,0.015942741544145236,0.9993210072136984,0.004958031959059006,-0.12652774190396052,-0.0029051476346132893,-0.2222274434269273,0.06539430608338342,0.9678316200728477,False
GUT_GENOME172369_2,GUT_GENOME172369_00143,53986,0.01866276513645483,0.012650438460138417,0.01312054855192466,0.00087900817367938,0.09088723498572532,0.01622123230992177,0.9997902322776883,0.0060123266763164145,-0.08917559088439887,-0.003100683757997111,-0.22681147652789851,0.059395731894347145,0.9707387824886211,False
GUT_GENOME172369_2,GUT_GENOME172369_00143,53998,0.018171526860460314,0.012796779493541093,0.0132186159967179,0.0008338258335378038,0.10915642402537312,0.01634971134151295,0.9999133621814094,0.005374747366919222,-0.11176411216002742,-0.003131095344795049,-0.22752442776229095,0.06425858199547714,0.9683813709913919,False
GUT_GENOME172369_2,GUT_GENOME172369_00144,54641,0.018236753137206952,0.012763837660261063,0.013249236335257696,0.0008583724664483536,0.09562262903016189,0.016475596536046414,0.999914599014408,0.005472915476945889,-0.1082861566974793,-0.0032263602007887183,-0.22975776064051842,0.0645145203068568,0.9682574559737795,False
GUT_GENOME172369_2,GUT_GENOME172369_00145,54828,0.01741802563775496,0.012772226094618129,0.013206383647911726,0.0008398651202712994,0.1195243916741972,0.01657500074335251,0.999969756454084,0.0046457995431368315,-0.13758968896850243,-0.0033686170954407846,-0.23309274704937955,0.07326315123747529,0.9640312425440143,False
GUT_GENOME172369_2,GUT_GENOME172369_00145,54975,0.017265944920293194,0.013070613863569875,0.013547094183412807,0.0009295368623181794,0.14540626652181443,0.017415022075138266,0.9999841664737044,0.004195331056723319,-0.15354914191714392,-0.0038679278917254593,-0.24479829371887343,0.08350354359116302,0.9591078286402871,False
GUT_GENOME172369_2,GUT_GENOME172369_00145,54977,0.0179104494048409,0.013448514606079496,0.013931583580416245,0.000956315920356275,0.1428702846476308,0.018124725153799183,0.9999941922436132,0.004461934798761403,-0.14410375338205608,-0.0041931415733829375,-0.2524224107147918,0.08448296516986349,0.9586382581746976,False
GUT_GENOME172369_2,GUT_GENOME172369_00146,56534,0.01725878518911661,0.013885367957691195,0.014312846836019518,0.0010848557124222625,0.2063793779808869,0.01860000526937381,0.9999612210518897,0.0033734172314254154,-0.18266837093828048,-0.004287158433354293,-0.2546264863132022,0.09820238127345259,0.9520847827584983,False
GUT_GENOME172369_2,GUT_GENOME172369_00146,56591,0.017661193624980635,0.01413345794964672,0.014559167399672179,0.0011125435459627211,0.1916705546634942,0.01882919625947625,0.9999379994408099,0.003527735675333916,-0.1772010896101822,-0.00427002885980407,-0.2542249107331975,0.09603053139633803,0.9531192369358559,False
GUT_GENOME172369_2,GUT_GENOME172369_00146,56654,0.017369834745191038,0.014722223496728127,0.015002298174528434,0.0013418730541679819,0.24675028234630925,0.018899051417460153,0.9981576570230747,0.002647611248462911,-0.20838263682879027,-0.003896753242931719,-0.24547405818525406,0.103680836573657,0.9494803744584244,False
GUT_GENOME172369_2,GUT_GENOME172369_00146,56660,0.018283929918365277,0.0142999416718392,0.014932951437946606,0.0013192699449420175,0.15969135973408788,0.0196205709301866,0.9998097067537027,0.003983988246526076,-0.16103671482647358,-0.004687619492239996,-0.2640146582673872,0.09563656330214822,0.9533070047135327,False
GUT_GENOME172369_2,GUT_GENOME172369_00146,56694,0.018928440750041936,0.014141559256100389,0.01505742262049825,0.0013303930751486157,0.11168656337165894,0.020347559130046086,0.9999650125426723,0.004786881493941547,-0.13259135762306945,-0.005290136509547835,-0.27813971047483055,0.09494216665935126,0.9536380487709917,False
GUT_GENOME172369_2,GUT_GENOME172369_00146,56754,0.018412657478405717,0.014128612746793816,0.01513652165355825,0.001526672526568516,0.12770731831791587,0.02057545784714159,0.9998164058155149,0.0042840447316119,-0.15040614354325604,-0.005438936193583342,-0.28162808216405494,0.10193638467895823,0.950308897154496,False
GUT_GENOME172369_2,GUT_GENOME172369_00146,57030,0.017903794365651007,0.014852736966213276,0.015523574676297279,0.0015537570715194978,0.20141189514834457,0.02080515927191311,0.999662126205077,0.0030510573994377305,-0.1940891178413542,-0.005281584595615832,-0.27793922446814007,0.11492079816238622,0.9441592792210585,False
GUT_GENOME172369_2,GUT_GENOME172369_00146,57213,0.01952500332623921,0.01492824290230264,0.016000804506938193,0.001629406512955656,0.11454747678623672,0.021179323530807113,0.9992589422537207,0.004596760423936568,-0.1393270746883128,-0.00517851902386892,-0.2755230162285455,0.09532496621287806,0.9534555401279577,False
GUT_GENOME172369_2,GUT_GENOME172369_00146,57231,0.01971124947285149,0.01482384536802118,0.01628421614810108,0.001826265892879996,0.10537327497481674,0.022807304769475657,0.999822743840809,0.004887404104830311,-0.12902998556899606,-0.006523088621374577,-0.3070443097617454,0.110924945333002,0.946047525645284,False
GUT_GENOME172369_2,GUT_GENOME172369_00146,57266,0.018644276904601634,0.015977805284418348,0.017001772459865377,0.001908472424874655,0.2403367669584452,0.024689757059153026,0.9999719145156151,0.002666471620183287,-0.20771444088580276,-0.007687984599287649,-0.33435344134077283,0.15493751268891925,0.9254559385715048,False
GUT_GENOME172369_2,GUT_GENOME172369_00146,57396,0.021019322256546916,0.017989890331320868,0.019442102281707417,0.002553368784938638,0.24418655600648614,0.030682594591200162,0.9999946425701598,0.0030294319252260477,-0.19485527740319442,-0.011240492309492745,-0.4176363286826158,0.21238868216736975,0.8992498698989644,False
GUT_GENOME172369_2,GUT_GENOME172369_00146,57441,0.020049079704085263,0.01860968791978715,0.019272643620396296,0.0024970883752216504,0.36753319132265716,0.03183388045604657,0.9999997552116154,0.0014393917842981142,-0.25118812105587174,-0.012561236835650275,-0.44859908134979665,0.2643366079474607,0.8761935158185795,False
GUT_GENOME172369_2,GUT_GENOME172369_00146,57498,0.01961210023033742,0.01563916573555181,0.01914660211818327,0.003050878129231963,0.17037955524527376,0.033360004834417166,0.9999984096381752,0.003972934494785609,-0.16142833341052257,-0.014213402716233895,-0.4873314800177614,0.2635510782440006,0.8765377214264143,False
GUT_GENOME172369_2,GUT_GENOME172369_00146,57518,0.02032637484280558,0.018021522326049873,0.01921796640073712,0.0026596078573684024,0.29509523386581904,0.03425280662515689,0.9999999921177631,0.0023048525167557073,-0.22052608751713804,-0.015034840224419768,-0.5065887745919817,0.3052639418182221,0.8584455966347735,False
GUT_GENOME172369_2,GUT_GENOME172369_00146,57519,0.01832503003625577,0.017173447411357578,0.018071574439443624,0.0022077624799031856,0.3869175955944116,0.03235691709725157,0.9999999999511627,0.0011515826248981904,-0.26138478714055474,-0.014285342657807943,-0.48901799741286206,0.30746060874219905,0.8575032547082599,False
GUT_GENOME172369_2,GUT_GENOME172369_00146,57590,0.017299425961328777,0.016606506107302722,0.01729834627849603,0.001930247433937589,0.42846892149733834,0.031048125109601983,0.9999999999994732,0.0006929198540260549,-0.27763455184508923,-0.013749778831105952,-0.476462556163443,0.3040975118040256,0.8589464010136277,False
GUT_GENOME172369_2,GUT_GENOME172369_00146,57623,0.0156788103625619,0.014866900764833168,0.015404998743403689,0.0013476291336431965,0.3990759181521454,0.02261644675223514,0.99999995631624,0.0008119095977287306,-0.2734189157389698,-0.007211448008831452,-0.3231817996682659,0.179204379120693,0.914294828963687,False
GUT_GENOME172369_2,GUT_GENOME172369_00146,57635,0.01391019889161333,0.013732976844639174,0.014135655580089918,0.0010079261018287721,0.4755033641261898,0.018647522234475827,0.9999962041476413,0.00017722204697415665,-0.29590498614980393,-0.00451186665438591,-0.2598944127988232,0.15510486663236078,0.925378502460959,False
GUT_GENOME172369_2,GUT_GENOME172369_00146,57636,0.013425802004390787,0.013317258977670056,0.013564400115427054,0.0008150987452175085,0.48344318049606333,0.01735474362949943,0.9999983416507259,0.00010854302672073067,-0.29833818541979057,-0.0037903435140723765,-0.2429794515063689,0.14804468673390922,0.9286509444206581,False
GUT_GENOME172369_2,GUT_GENOME172369_00146,57659,0.014340542128208745,0.013511423782605453,0.013711062347603591,0.0007646388278827062,0.3828770847746423,0.01719365863439141,0.9999973752797998,0.0008291183456032927,-0.27280923446204913,-0.00348259628678782,-0.23576480772499775,0.13000992296937444,0.9370628141430666,False
GUT_GENOME172369_2,GUT_GENOME172369_00146,57695,0.013749556407760216,0.013277461166879672,0.013439534194580927,0.0007834835754779475,0.4344353951575442,0.01671653411337199,0.9999855904133536,0.00047209524088054344,-0.28545805144537567,-0.0032769999187910633,-0.23094492820592488,0.13482185899903054,0.9348109809898862,False
GUT_GENOME172369_2,GUT_GENOME172369_00146,57696,0.01353483564346495,0.012932514992415677,0.013190651091255456,0.0007571926151122852,0.41038432407930847,0.015834149975192998,0.9997595576933601,0.0006023206510492735,-0.280844351777165,-0.0026434988839375423,-0.21609350503657143,0.12556995284412673,0.9391453903819731,False
GUT_GENOME172369_2,GUT_GENOME172369_00146,57712,0.013047718324144426,0.011376103573414646,0.011883821830247866,0.0006732515697660351,0.2423365627457365,0.014377970187319547,0.9998941504864451,0.0016716147507297805,-0.24296079413258945,-0.002494148357071681,-0.2125922197141826,0.1042253993685418,0.9492218838079175,False
GUT_GENOME172369_2,GUT_GENOME172369_00146,57740,0.01276897480928061,0.011774362962055276,0.01176818286334212,0.0006972936708252924,0.3237016539974539,0.014308251260374702,0.9998651310170001,0.0009946118472253344,-0.26694603685310836,-0.0025400683970325817,-0.21366874194207547,0.11691451787469034,0.9432185537014448,False
GUT_GENOME172369_2,GUT_GENOME172369_00146,57742,0.011915178013144071,0.011394790878163997,0.011438641247634813,0.0006464222811616106,0.4018347097661274,0.014309736016525871,0.9999955336304694,0.0005203871349800746,-0.2837471388401046,-0.002871094768891058,-0.2214291282054108,0.12954329761775385,0.9372814682820358,False
GUT_GENOME172369_2,GUT_GENOME172369_00147,59572,0.011712127266973958,0.01227019728074031,0.012097028392703204,0.0006478500843030375,0.6039998590361975,0.014303663547276154,0.999670496741422,-0.0005580700137663517,-0.32195533018236216,-0.00220663515457295,-0.2058519304294587,0.14603025189436855,0.9295867690390784,False
GUT_GENOME172369_2,GUT_GENOME172369_00147,60930,0.011729397990447966,0.012170210876586872,0.012168772614633472,0.0006279142283710638,0.5756125060596261,0.014305777862394774,0.9996671623557234,-0.0004408128861389058,-0.3178010781809353,-0.002137005247761302,-0.2042195681215715,0.1427031572967261,0.9311344675756696,False
GUT_GENOME172369_2,GUT_GENOME172369_00148,61669,0.013401310114336049,0.012585455691030504,0.012611850551328298,0.0007319330056039066,0.3869109827527747,0.014427742491428325,0.9934484314581032,0.0008158544233055447,-0.2732791562217503,-0.0018158919401000274,-0.19669157786581595,0.11336907402861615,0.9448921008383899,False
GUT_GENOME172369_2,GUT_GENOME172369_00148,61670,0.017927249531207196,0.012622687971352816,0.012707212183626995,0.0007444916795692981,0.09884722396705808,0.014654511981300126,0.9955465871926222,0.005304561559854379,-0.11425069472750485,-0.001947299797673132,-0.19977222587304067,0.05296216347598669,0.9738664675222545,False
GUT_GENOME172369_2,GUT_GENOME172369_00150,62734,0.017549556518118726,0.012504377213274461,0.01260229045915133,0.0007600097683794413,0.10416900106920357,0.014406271820756586,0.9911928847595688,0.005045179304844265,-0.12344023632564109,-0.0018039813616052558,-0.19641235331575888,0.05381530447916462,0.973451133405662,False
GUT_GENOME172369_2,GUT_GENOME172369_00151,64908,0.017503136279723948,0.01245374256291336,0.0127528256836133,0.000758808540329057,0.10114174759101469,0.01440826635400683,0.985431632672293,0.0050493937168105876,-0.12329092574896075,-0.00165544067039353,-0.19293005330094723,0.05242265783874209,0.9741292061824842,False
GUT_GENOME172369_2,GUT_GENOME172369_00152,65377,0.018243442693852533,0.012419459471609379,0.01270960593293058,0.000701249003836193,0.07643517051959751,0.014639113642238131,0.9970341211692675,0.005823983222243154,-0.09584832956451944,-0.0019295077093075506,-0.19935511868797523,0.04892936562740542,0.9758321519557405,False
GUT_GENOME172369_2,GUT_GENOME172369_00152,65379,0.01858829457219936,0.012361037180541342,0.012677749654127839,0.0006995786441127524,0.06322359114666642,0.014696305787742631,0.9980453450778168,0.006227257391658017,-0.08156090363730166,-0.0020185561336147923,-0.20144271722245405,0.047231349324098795,0.9766609932040977,False
GUT_GENOME172369_2,GUT_GENOME172369_00152,65383,0.019887015983554,0.012306582653358026,0.012755882393254623,0.0006594125097257596,0.03426951388157952,0.01475660562826648,0.998793726186016,0.007580433330195974,-0.03361981924698084,-0.0020007232350118566,-0.20102465330634753,0.04154120348313688,0.9794436214615196,False
GUT_GENOME172369_2,GUT_GENOME172369_00152,66087,0.02032869250267653,0.012435151453219698,0.0128747237912158,0.000639548099177722,0.03149109813888158,0.015034018755401765,0.9996326376232008,0.007893541049456833,-0.022526861439466094,-0.0021592949641859645,-0.20474211503583836,0.04242679315566137,0.979010024887773,False
GUT_GENOME172369_2,GUT_GENOME172369_00152,66363,0.018095724180304168,0.012708315690607232,0.013179622338536034,0.000642675660230459,0.06412483419541469,0.015278744020550876,0.9994550370706096,0.0053874084896969356,-0.1113155467235045,-0.002099121682014841,-0.203331448236819,0.05373482878443492,0.9734903037718454,False
GUT_GENOME172369_2,GUT_GENOME172369_00152,66364,0.018216303882740804,0.01277734116883119,0.013234463579722173,0.0006227843180461742,0.061943144549741085,0.015726113352584486,0.9999684387084509,0.005438962713909614,-0.10948905443727013,-0.0024916497728623126,-0.21253364438537328,0.05715840303729581,0.9718253210566958,False
GUT_GENOME172369_2,GUT_GENOME172369_00153,67345,0.01724739709970656,0.012990104564821029,0.013429309485872388,0.0006961896163988143,0.09343748745108604,0.015986466935147395,0.9998801759677661,0.004257292534885531,-0.15135393553715676,-0.002557157449275007,-0.2140693675645326,0.06873370793206476,0.9662169790811057,False
GUT_GENOME172369_2,GUT_GENOME172369_00153,67346,0.01745322909260651,0.01322536984179878,0.013790815729945885,0.000778734908240033,0.09251389981027675,0.01677124116147306,0.9999352126971569,0.004227859250807729,-0.1523967146138988,-0.002980425431527175,-0.2239922115262932,0.0733972694495498,0.9639665976382363,False
GUT_GENOME172369_2,GUT_GENOME172369_00153,67349,0.01993571811051147,0.014110023019566775,0.014786705814147412,0.0008697498464444807,0.06963377388477829,0.018234252005024893,0.9999631226124708,0.005825695090944695,-0.09578768050954556,-0.0034475461908774815,-0.23494311402940465,0.06437354656723261,0.9683257078164245,False
GUT_GENOME172369_2,GUT_GENOME172369_00153,67361,0.021119265566743657,0.015304001788025224,0.016032960993358335,0.0010352766866625175,0.08666283739919783,0.02033163258606505,0.9999835349894984,0.005815263778718433,-0.09615724695356713,-0.004298671592706714,-0.2548963940041953,0.07421838781803126,0.963570913529705,False
GUT_GENOME172369_2,GUT_GENOME172369_00153,67436,0.021798637617892202,0.015691858617392827,0.01655630698141308,0.0011534662289090975,0.07680113152352044,0.021102512069354713,0.9999594865283291,0.0061067790004993745,-0.0858292803895421,-0.004546205087941634,-0.26069942270354535,0.07533085437014846,0.9630350923583555,False
GUT_GENOME172369_2,GUT_GENOME172369_00153,67579,0.0232328346060839,0.015886254917416066,0.017412225589973584,0.0016369301822909226,0.05652528220098441,0.022635828383411508,0.9992913312654602,0.0073465796886678335,-0.04190491865216062,-0.005223602793437924,-0.2765799334285209,0.07825248178256924,0.9616293045429244,False
GUT_GENOME172369_2,GUT_GENOME172369_00153,67646,0.025261635742586237,0.01630879783951711,0.018547863422421183,0.001974710810002891,0.03392155035797983,0.02344689244189359,0.993447154501576,0.008952837903069128,0.015002508103047268,-0.004899029019472409,-0.2689708180496478,0.07257037621167872,0.964365228769465,False
GUT_GENOME172369_2,GUT_GENOME172369_00153,67661,0.027183873535007057,0.01663576987953769,0.019364720669848384,0.0020865791186297257,0.022133759541653055,0.0240350095043961,0.9873976704068028,0.010548103655469366,0.07152048768184478,-0.004670288834547717,-0.2636083685898166,0.07460455214883353,0.9633848831313572,False
GUT_GENOME172369_2,GUT_GENOME172369_00153,67852,0.033193029506968195,0.01833944368737332,0.022233370935650636,0.002432627937383106,0.008003338186194477,0.02642395824661137,0.9575248547367832,0.014853585819594877,0.22405755096600127,-0.004190587310960735,-0.25236253009892745,0.11388863274281433,0.9446466692563157,False
GUT_GENOME172369_2,GUT_GENOME172369_00153,67853,0.04480899118811809,0.02149551769716948,0.02891118654619185,0.0035840799618307565,0.0014344353803832496,0.031294658341963814,0.7469799841218737,0.02331347349094861,0.5237792480745161,-0.002383471795771964,-0.20999758394192838,0.31844368597495276,0.8528071486968134,False
GUT_GENOME172369_2,GUT_GENOME172369_00153,67854,0.042811679963737054,0.021920053934898806,0.029137129410313174,0.0036378399139514062,0.0027012510017889067,0.03156454457594115,0.7476996066226561,0.020891626028838248,0.43797666301897326,-0.0024274151656279754,-0.21102776628625547,0.23635627549300173,0.8885377564021643,False
GUT_GENOME172369_2,GUT_GENOME172369_00153,67981,0.04340324633847967,0.022704671103050654,0.030116750793633098,0.0037621709543528264,0.0032149718211691423,0.03295666202331945,0.7748334150853481,0.020698575235429013,0.4311371500518345,-0.0028399112296863503,-0.22069807977586192,0.2345868845715708,0.8893241895475503,False
GUT_GENOME172369_2,GUT_GENOME172369_00153,68105,0.05037206043585555,0.027829941854230877,0.03731320184703004,0.005090223785915061,0.0033132651773149727,0.03543263759455982,0.3558975530164017,0.022542118581624672,0.49645124899500115,0.0018805642524702196,-0.11003404753434412,0.25857133424548695,0.8787229074431095,False
GUT_GENOME172369_2,GUT_GENOME172369_00153,68126,0.05345319986172315,0.02971518791475323,0.03857209964849227,0.004803190415617769,0.002603757250655002,0.03621870356231293,0.3120792670875516,0.023738011946969922,0.5388200372043055,0.002353396086179342,-0.09894925798545376,0.30011798814872104,0.8606572012524257,False
GUT_GENOME172369_2,GUT_GENOME172369_00153,68212,0.04729316695673624,0.02402327006927524,0.030747675784080206,0.003485888128249162,0.0012840032900270318,0.03393892738785653,0.8200294544022799,0.023269896887461002,0.5222353914585759,-0.0031912516037763267,-0.22893469547972684,0.3251408988862873,0.8499562091744968,False
GUT_GENOME172369_2,GUT_GENOME172369_00153,68216,0.04606009066649313,0.022458165390359167,0.028450923048876302,0.0030603932980739867,0.0007593575776162071,0.032339644055520006,0.8980752806381569,0.023601925276133962,0.5339986814698889,-0.003888721006643704,-0.24528575519355156,0.34531969351245084,0.8414237791998811,False
GUT_GENOME172369_2,GUT_GENOME172369_00153,68389,0.04036828644472828,0.02126070131628568,0.026004815432155617,0.0027146123602226116,0.00183148943339667,0.029492218304688005,0.9005475915105756,0.019107585128442597,0.37477065046301417,-0.003487402872532387,-0.2358774904752459,0.19609123096137046,0.906607547471614,False
GUT_GENOME172369_2,GUT_GENOME172369_00153,68392,0.02809274682401187,0.015438380538761103,0.018280848376063884,0.0016444424255276347,0.003223770058556471,0.020916459417636236,0.945503790400538,0.012654366285250768,0.1461423543635932,-0.0026356110415723527,-0.21590858713050098,0.0679741057356232,0.9665840190475594,False
GUT_GENOME172369_2,GUT_GENOME172369_00153,68394,0.02450279066321423,0.014737089411046043,0.016535170830469657,0.0015548183874600316,0.00754879425950031,0.0199354861349027,0.9856270357039655,0.009765701252168187,0.04380109172186447,-0.0034003153044330423,-0.23383586109269516,0.05659774556898941,0.9720977898073914,False
GUT_GENOME172369_2,GUT_GENOME172369_00153,68398,0.023369288462494243,0.014729603472190753,0.016470588850527497,0.0014879831392734751,0.014782405790632341,0.019708156432523452,0.9852152392369737,0.00863968499030349,0.0039079491544208676,-0.003237567581995955,-0.23002049984972492,0.05292470241771084,0.973884708727334,False
GUT_GENOME172369_2,GUT_GENOME172369_00153,68405,0.023414777517052367,0.014850849142432246,0.016845261305728183,0.0015458063378812603,0.020080078715645003,0.019494273930366308,0.9567059598648384,0.008563928374620122,0.0012240008206029283,-0.002649012624638125,-0.21622276590890668,0.0467537826753067,0.9768942314084517,False
GUT_GENOME172369_2,GUT_GENOME172369_00154,68571,0.023395180725920568,0.014125945814356214,0.016228043625830368,0.0013886272271672925,0.014422522304439002,0.019300682296090856,0.986541408707705,0.009269234911564355,0.02621200071455754,-0.0030726386702604885,-0.22615400409631117,0.0518327025502543,0.9744165949054535,False
GUT_GENOME172369_2,GUT_GENOME172369_00154,68572,0.0235578329385021,0.014051156518354587,0.015632888569257555,0.0013395412297586872,0.00613545382492268,0.018931116943884874,0.9930957610861695,0.009506676420147513,0.03462421310805404,-0.003298228374627319,-0.23144259555532246,0.05476451117073651,0.9729892398575702,False
GUT_GENOME172369_2,GUT_GENOME172369_00154,68575,0.021976386800950154,0.014680531742783448,0.015781525074281703,0.0013800963193059772,0.02240339560558482,0.01868995436188109,0.9824589880221809,0.007295855058166706,-0.043702019622009244,-0.002908429287599386,-0.2223043765564884,0.05132910235521147,0.9746619839922787,False
GUT_GENOME172369_2,GUT_GENOME172369_00154,68578,0.02093430384740148,0.014209484905656022,0.015503843341727901,0.0012756511274782463,0.025292764277642852,0.018267733174116965,0.9848692335836583,0.006724818941745458,-0.06393301092743453,-0.002763889832389064,-0.2189158791493885,0.05201159202999713,0.9743294423643221,False
GUT_GENOME172369_2,GUT_GENOME172369_00155,69397,0.01889643630406971,0.013473974370448227,0.014678921992976442,0.0010786010107500252,0.044978029304133436,0.017190037134923772,0.990047196623468,0.005422461933621482,-0.11007365343712684,-0.00251111514194733,-0.2129899789728867,0.05748094032386743,0.971668608742389,False
GUT_GENOME172369_2,GUT_GENOME172369_00156,70966,0.018134172306014766,0.013204437437605255,0.01442891722364379,0.0010845910703018548,0.06152409396175602,0.01699979434129738,0.991114742838936,0.004929734868409511,-0.12753026727571204,-0.002570877117653591,-0.21439100334667566,0.062227471387408834,0.9693653153694299,False
GUT_GENOME172369_2,GUT_GENOME172369_00157,71324,0.022210078222599707,0.013212392937570525,0.014880790064187785,0.0011905096338287377,0.008001418671178666,0.01708307549476008,0.9678336966610542,0.008997685285029183,0.01659138657923044,-0.002202285430572295,-0.20574995807543,0.04260831935666267,0.9789211709348841,False
GUT_GENOME172369_2,GUT_GENOME172369_00157,71473,0.022793121800338215,0.012695111161538278,0.014570948976842944,0.0012380542518816435,0.004643962509223973,0.016945417145209824,0.9724383545850008,0.010098010638799938,0.05557433708818504,-0.0023744681683668806,-0.20978650823203157,0.04709888597897947,0.976725681237376,False
GUT_GENOME172369_2,GUT_GENOME172369_00157,71474,0.022858603126330305,0.01206947938238377,0.013740169284444954,0.0011927502623686977,0.005354517621124356,0.016895348602317457,0.9959190441627417,0.010789123743946536,0.08005948403285215,-0.0031551793178725036,-0.22808903816715836,0.058434130315625936,0.9712056266820396,False
GUT_GENOME172369_2,GUT_GENOME172369_00157,71479,0.021001064616161018,0.012049799355134038,0.013372353204348856,0.0011581814987729649,0.017232452002796626,0.016932765893578665,0.9989444501905274,0.00895126526102698,0.014946791649102724,-0.0035604126892298093,-0.23758908938927306,0.05667198197742567,0.9720617079527603,False
GUT_GENOME172369_2,GUT_GENOME172369_00157,71649,0.019114690871529873,0.012720400996184617,0.013558453552467355,0.0011421524067221594,0.057176126339900483,0.016948465879531097,0.9985017221990228,0.0063942898753452555,-0.07564318209916468,-0.003390012327063742,-0.2335943241915737,0.06028819929260542,0.970305702765393,False
GUT_GENOME172369_2,GUT_GENOME172369_00158,72713,0.01785448955565449,0.012924482871963999,0.01360400908454776,0.0010398600884763273,0.1003845829135886,0.017143782602474154,0.9996680711639152,0.00493000668369049,-0.12752063724982043,-0.003539773517926394,-0.23710523687755194,0.07248040627936031,0.9644086116824283,False
GUT_GENOME172369_2,GUT_GENOME172369_00158,72773,0.021251970579502854,0.013338706885362357,0.014244498767369829,0.0011099488600963825,0.05018996121132535,0.01769188636871758,0.9990514883084824,0.007913263694140497,-0.021828116401033444,-0.0034473876013477525,-0.23493939615036946,0.0556729865291173,0.9725473718475275,False
GUT_GENOME172369_2,GUT_GENOME172369_00159,73075,0.01856338708036249,0.013375674649986648,0.013955972782585322,0.0010696199522019323,0.12258657768254966,0.01782929306257951,0.9998533867747024,0.005187712430375843,-0.1183904919391805,-0.003873320279994189,-0.24492470967664826,0.0740044219917916,0.9636740046674288,False
GUT_GENOME172369_2,GUT_GENOME172369_00160,73774,0.01691655200223403,0.013347211645232896,0.013724177624007263,0.0009902977662022614,0.19288879770814704,0.01803101927304165,0.9999931631685492,0.0035693403570011342,-0.17572709535855843,-0.0043068416490343875,-0.25508792796730523,0.09594986303780899,0.9531576809933184,False
GUT_GENOME172369_2,GUT_GENOME172369_00160,73921,0.01684544426460577,0.013719134413176473,0.014025322576409361,0.0009477508556061955,0.21623913528934208,0.018587561740508327,0.9999992593931636,0.003126309851429296,-0.19142303130466617,-0.004562239164098966,-0.2610753160913079,0.10480309758604354,0.9489477415075585,False
GUT_GENOME172369_2,GUT_GENOME172369_00160,74233,0.01641587250516965,0.013456323883751727,0.013783967949752375,0.000976701243002965,0.22649175656102316,0.01855944028019944,0.9999994942528498,0.0029595486214179234,-0.19733114271377594,-0.004775472330447065,-0.26607422818923204,0.10973507479122013,0.9466105301452407,False
GUT_GENOME172369_2,GUT_GENOME172369_00160,74235,0.016925263788090034,0.013555498566707524,0.014082593280701734,0.0012367054708709985,0.21448632153333336,0.018279178147353584,0.9996547937551671,0.00336976522138251,-0.18279775642074064,-0.004196584866651851,-0.2525031332434371,0.09717285205020937,0.9525750084765263,False
GUT_GENOME172369_2,GUT_GENOME172369_00160,74238,0.017809029265229034,0.014053608461329506,0.01461816205134537,0.001160541187860905,0.2007192490330087,0.01803036660801306,0.9983599126864625,0.0037554208038995274,-0.1691345317797358,-0.0034122045566676897,-0.23411458568253699,0.08341612906965641,0.959149749532361,False
GUT_GENOME172369_2,GUT_GENOME172369_00160,74403,0.018673024840780032,0.014060232964113165,0.014637796541875293,0.0011326883647425196,0.1606480522902985,0.017526583621698583,0.9946197400520397,0.004612791876666867,-0.13875910329127988,-0.0028887870798232906,-0.22184389626740633,0.06846880305730382,0.966344965350883,False
GUT_GENOME172369_2,GUT_GENOME172369_00160,74451,0.01631249735508436,0.013504403645450207,0.013815814852004577,0.000946063299905357,0.2319410777206568,0.016491527773832056,0.9976599105440068,0.002808093709634153,-0.20269697320215974,-0.002675712921827479,-0.21684871186714538,0.0881094267837573,0.9569016007084827,False
GUT_GENOME172369_2,GUT_GENOME172369_00160,74646,0.015050870369211732,0.013216196086338542,0.013439442785040532,0.0008816930714338622,0.3041136154785671,0.01596366229824305,0.9979012382675727,0.0018346742828731898,-0.23718382857437859,-0.0025242195132025164,-0.21329719009358217,0.10175185983901794,0.9503965789978739,False
GUT_GENOME172369_2,GUT_GENOME172369_00160,74740,0.01576109255503634,0.013192085149924601,0.013496604623694277,0.0008709856603397354,0.24743477297264166,0.01552785146178854,0.9901529239232612,0.002569007405111739,-0.21116745835877818,-0.002031246838094263,-0.20174023058418897,0.08529081610586806,0.9582511179607792,False
GUT_GENOME172369_2,GUT_GENOME172369_00161,75493,0.01607432570640076,0.013268395536482402,0.013480750446772665,0.000648616257679206,0.2212622537120511,0.015230059446760992,0.9965014899461831,0.0028059301699183588,-0.2027736243139204,-0.0017493089999883263,-0.19513064684115353,0.07919311205404991,0.96117714206379,False
GUT_GENOME172369_2,GUT_GENOME172369_00161,75494,0.016480417075246098,0.013064350585890193,0.013309622272849004,0.0006305730977212331,0.17605974287708714,0.015040363840778474,0.9969717991819782,0.0034160664893559053,-0.18115736884653524,-0.00173074156792947,-0.19469536295761888,0.07072427664459857,0.9652557968412352,False
GUT_GENOME172369_2,GUT_GENOME172369_00161,75497,0.017581812311396435,0.01308382553112441,0.013401690620094216,0.0006498386452666609,0.10981158103002137,0.014884658833867874,0.9887569844230197,0.004497986780272025,-0.14282648333991624,-0.001482968213773658,-0.1888867111477463,0.05607759399145952,0.9723506417857458,False
GUT_GENOME172369_2,GUT_GENOME172369_00161,75851,0.018009080075942478,0.013063753347099307,0.013424988687686726,0.000674049800185263,0.08651913581810328,0.014855837068699836,0.9831131667948403,0.0049453267288431715,-0.12697787000380972,-0.0014308483810131101,-0.18766484464831462,0.051341473387580466,0.9746559552234478,False
GUT_GENOME172369_2,GUT_GENOME172369_00163,78311,0.01843778480233134,0.013042021242003057,0.013401695456671176,0.000691692277333928,0.07328313520487158,0.014815571242852696,0.979527280225988,0.005395763560328282,-0.11101953854391979,-0.0014138757861815194,-0.18726694918444342,0.0473942481953538,0.9765814479569036,False
GUT_GENOME172369_2,GUT_GENOME172369_00163,78312,0.018769543434572312,0.012985898576535086,0.013437372832427765,0.0007440001638033599,0.05776599302466385,0.014664385283904242,0.9504476819322247,0.005783644858037226,-0.09727746000313289,-0.0012270124514764773,-0.18288623580615698,0.042910279472006374,0.9787733845167218,False
GUT_GENOME172369_2,GUT_GENOME172369_00163,79055,0.01810882887409084,0.01274905403144886,0.01361286507140638,0.0009567755400339712,0.056962217304068405,0.013791248755219523,0.5739511414236153,0.005359774842641978,-0.1122945672394216,-0.00017838368381314224,-0.1583028038631819,0.03766984754243402,0.9813413450010683,False
GUT_GENOME172369_2,GUT_GENOME172369_00164,81176,0.017845924269139696,0.012743564966533599,0.013767965584110513,0.0009813407837446723,0.05315257715410241,0.013726192038237524,0.48302302081135845,0.005102359302606097,-0.12141443094433925,4.177354587298933e-05,-0.15314156812405277,0.03819380392903162,0.9810842886415461,False
GUT_GENOME172369_2,GUT_GENOME172369_00164,81293,0.01876570114749537,0.012740378203033005,0.013843146921270031,0.0010094463910880899,0.02970616922240697,0.013708009446505113,0.44675155607289085,0.006025322944462364,-0.08871515172774538,0.0001351374747649188,-0.15095279945527218,0.030657125809460506,0.9847883215300606,False
GUT_GENOME172369_2,GUT_GENOME172369_00164,81466,0.017940620479048423,0.013908635869673065,0.014114795807609803,0.0010024110340979425,0.0962354236904191,0.013595646419871344,0.3022637728023214,0.004031984609375358,-0.1593362724699002,0.0005191493877384594,-0.14195025153842203,0.04553792163642356,0.9774882957826269,False
GUT_GENOME172369_2,GUT_GENOME172369_00164,81467,0.01855947046786623,0.013065123330467653,0.013720021595713878,0.0006569251477133015,0.041536328708198254,0.01354902994146398,0.3973196861702993,0.005494347137398577,-0.10752686367938358,0.00017099165424989786,-0.15011225530044772,0.03409571560411154,0.983096634664921,False
GUT_GENOME172369_2,GUT_GENOME172369_00164,81635,0.016641633783588006,0.012678131422444736,0.013113355770901666,0.0005817743341062305,0.08593540950437356,0.013633950349497485,0.8145635194110866,0.0039635023611432705,-0.16176250038914672,-0.0005205945785958198,-0.16632539345967054,0.05383124304166291,0.9734433757307092,False
GUT_GENOME172369_2,GUT_GENOME172369_00167,85536,0.01903122375305018,0.013492825180065362,0.014002997807188432,0.0006408192574289103,0.04117806083107556,0.014304735223361925,0.6811303453293139,0.005538398572984819,-0.10596618444262697,-0.0003017374161734931,-0.16119463572771284,0.037212542832718874,0.981565756665672,False
GUT_GENOME172369_2,GUT_GENOME172369_00167,85539,0.018959022202539703,0.013322982538492302,0.013875024880805461,0.0006084079300241185,0.0386789049598212,0.01445594112835423,0.8301640496406795,0.005636039664047401,-0.10250690050675396,-0.0005809162475487687,-0.16773953895054416,0.03864421757884268,0.9808633666414412,False
GUT_GENOME172369_2,GUT_GENOME172369_00167,85562,0.020146018607923664,0.013399256851142615,0.013949908066539026,0.000608499931824162,0.023820313521470893,0.01464511653514078,0.8733759541217269,0.00674676175678105,-0.06315560843495518,-0.0006952084686017539,-0.17041893810924585,0.03303124534307235,0.983620012498265,False
GUT_GENOME172369_2,GUT_GENOME172369_00167,85598,0.020184307944648525,0.013461301565200676,0.014106042539454508,0.0006488645888441711,0.022919322382279887,0.014616942210633557,0.7844687733834594,0.006723006379447848,-0.0639972274122224,-0.0005108996711790485,-0.16609811179048198,0.031684227856815156,0.9842827123186096,False
GUT_GENOME172369_2,GUT_GENOME172369_00167,85871,0.0228353339975025,0.01361435175173184,0.01443282480214269,0.0007497797306875217,0.012260099241371702,0.014675912155115652,0.6271111135057224,0.00922098224577066,0.024502477911947804,-0.00024308735297296283,-0.15981967837235225,0.02614270101886761,0.9870137085769111,False
GUT_GENOME172369_2,GUT_GENOME172369_00167,85872,0.025657057379675226,0.013850709298495615,0.014777238207890975,0.000747691448140904,0.0036445020525531103,0.014852664500228076,0.5401767042961313,0.011806348081179611,0.11609828461030648,-7.542629233710067e-05,-0.15588913173780483,0.0377802330834224,0.9812871835481113,False
GUT_GENOME172369_2,GUT_GENOME172369_00167,85874,0.027562208442113642,0.014029889655083312,0.015051827247688679,0.0007161722574524981,0.0018253825187610046,0.015126830129336464,0.5417039531094686,0.01353231878703033,0.17724695338859767,-7.500288164778539e-05,-0.15587920554830317,0.05571480920790987,0.9725270347919941,False
GUT_GENOME172369_2,GUT_GENOME172369_00167,85875,0.03529649384802268,0.014627228376810002,0.0162454892611686,0.0008816087297794989,0.00023551389732387332,0.016755986115051736,0.7187227866438942,0.020669265471212676,0.43009874710677914,-0.000510496853883137,-0.1660886683803021,0.21257037802716314,0.899168178620622,False
GUT_GENOME172369_2,GUT_GENOME172369_00167,85876,0.03199560581777349,0.015185202394577041,0.016522139812016154,0.000875532851679351,0.0019299566070760962,0.01678176304071638,0.6165879620104867,0.01681040342319645,0.29338479452613125,-0.0002596232287002259,-0.1602073356521201,0.11174102805589131,0.9456615778716109,False
GUT_GENOME172369_2,GUT_GENOME172369_00167,86082,0.032575227880298575,0.01556955928345533,0.017015401929427063,0.000901359264576048,0.0023524220091504944,0.01692624743020655,0.46060440011193554,0.017005668596843243,0.30030275981186183,8.915449922051316e-05,-0.15203079710772102,0.11329511081982982,0.944927045110401,False
GUT_GENOME172369_20,GUT_GENOME172369_01003,1679,0.01655594387543731,0.012263513478271674,0.012748047175212756,0.0009572345992264299,0.09507594654231288,0.01718148088779887,0.9999981848852727,0.004292430397165635,-0.1501090514294139,-0.004433433712586116,-0.2580556773508924,0.0891254599340663,0.9564156022926086,False
GUT_GENOME172369_20,GUT_GENOME172369_01003,1680,0.01683225034402526,0.012005888020874468,0.012504378625977943,0.0008365134274731424,0.07000838492054147,0.01696864110520144,0.9999999526861425,0.0048263623231507916,-0.13119260842053393,-0.004464262479223498,-0.25877840870243135,0.08417776531474615,0.9587845574657967,False
GUT_GENOME172369_20,GUT_GENOME172369_01005,4620,0.015448253811156401,0.011678237138793674,0.012003319269443329,0.0007719691622850187,0.10802568123281903,0.016572746390720594,0.9999999983822808,0.0037700166723627273,-0.16861742107608235,-0.004569427121277265,-0.2612438263034543,0.09668017147201825,0.9528096949846839,False
GUT_GENOME172369_20,GUT_GENOME172369_01005,4680,0.015005603426259617,0.011723202306853475,0.011987317466275687,0.0007547757135180472,0.14392320818284665,0.01653991354499582,0.9999999991888837,0.003282401119406142,-0.1858929413602977,-0.004552596078720132,-0.2608492493072933,0.10259851651176154,0.9499943343419809,False
GUT_GENOME172369_20,GUT_GENOME172369_01005,4728,0.015672443461410484,0.012903354091536635,0.013079926151668931,0.000676733575373273,0.19884619620606764,0.01656910411368948,0.9999998737994944,0.002769089369873849,-0.20407884106633253,-0.003489177962020548,-0.2359191046221877,0.09730599729671216,0.9525115951701868,False
GUT_GENOME172369_20,GUT_GENOME172369_01005,4768,0.01518565459136458,0.012741283379669493,0.012930787186971554,0.0006360657203946086,0.218481812112173,0.01617020172097023,0.9999998236794547,0.0024443712116950875,-0.21558314008685556,-0.0032394145339986764,-0.23006379869890875,0.0994054417614808,0.9515122471827995,False
GUT_GENOME172369_20,GUT_GENOME172369_01005,4786,0.014629009222813185,0.01265299509783137,0.01277641371000699,0.0006199908321999146,0.26311082420776244,0.015922648432485694,0.9999998058921665,0.0019760141249818147,-0.23217636050960844,-0.003146234722478705,-0.22787934636878165,0.10583485888095082,0.9484583239836385,False
GUT_GENOME172369_20,GUT_GENOME172369_01005,5314,0.013751328972594155,0.012203160075591872,0.01230701639483625,0.0005814618603386011,0.29809592648715666,0.014792394269512977,0.9999904156859847,0.0015481688970022823,-0.24733430383124655,-0.0024853778746767273,-0.2123866097178596,0.1062823298391338,0.9482461439431104,False
GUT_GENOME172369_20,GUT_GENOME172369_01006,5616,0.013469990513334246,0.01210416471754897,0.012202775650438133,0.000546662665428011,0.31418115244363976,0.014422924498936923,0.9999755975533627,0.0013658257957852755,-0.2537944586082243,-0.0022201488484987902,-0.20616873746848774,0.1069171755295919,0.9479451967204112,False
GUT_GENOME172369_20,GUT_GENOME172369_01006,6386,0.01278480317974281,0.011532305352625572,0.011634439981809233,0.0005369458606997947,0.3162527373051206,0.014097878952543488,0.9999977610666217,0.0012524978271172375,-0.25780950613823594,-0.0024634389707342552,-0.2118722870437115,0.111355607472374,0.9458438341509537,False
GUT_GENOME172369_20,GUT_GENOME172369_01006,6446,0.013877388463225997,0.011585206070038876,0.011735443743125906,0.0005388571819386264,0.2194683256168093,0.014017295908518666,0.999988552768877,0.0022921823931871203,-0.22097497183878337,-0.0022818521653927594,-0.2076152734956261,0.09193403996781474,0.9550734600093933,False
GUT_GENOME172369_20,GUT_GENOME172369_01006,6509,0.014714642391877654,0.01143887216405838,0.011637561994268455,0.0005296217906665425,0.14623469745192186,0.01392928847493227,0.9999924457330086,0.003275770227819273,-0.1861278643470991,-0.002291726480663815,-0.20784676109632427,0.07784385798464462,0.9618257969244156,False
GUT_GENOME172369_20,GUT_GENOME172369_01006,6536,0.014268545838621131,0.0113240501027481,0.01149687058697179,0.0005229931081092281,0.16568335368364862,0.013857969101750769,0.9999968280042096,0.002944495735873031,-0.1978644448777246,-0.002361098514778979,-0.20947307798939982,0.0830293089491233,0.9593352766840532,False
GUT_GENOME172369_20,GUT_GENOME172369_01006,6947,0.013749303469960717,0.01122023479615633,0.011415437379835693,0.0005190612227805226,0.1797897500754131,0.01374172397186155,0.9999962977917545,0.002529068673804388,-0.2125824303764722,-0.0023262865920258575,-0.20865696788428378,0.08872901995143068,0.9566052017755744,False
GUT_GENOME172369_20,GUT_GENOME172369_01006,6950,0.013629348504316484,0.01178652317481074,0.012216528281239184,0.000831803904311198,0.24804461824847923,0.013695443170950495,0.9622948686217043,0.0018428253295057432,-0.23689504867270306,-0.0014789148897113111,-0.1887916874183749,0.09176156532391973,0.955155826538331,False
GUT_GENOME172369_20,GUT_GENOME172369_01006,7220,0.014334753654551875,0.012124721244277548,0.012412033656303985,0.0007705339756002928,0.22312762942823317,0.013656866702397548,0.9469037413626173,0.0022100324102743273,-0.22388542801179281,-0.0012448330460935637,-0.18330401127490428,0.08372504542549389,0.9590016124504834,False
GUT_GENOME172369_20,GUT_GENOME172369_01012,13827,0.013388220176794384,0.012153167081475291,0.012313070717242549,0.0007344995025930842,0.32695810405562964,0.01362347242575665,0.9627942061380319,0.0012350530953190927,-0.2584275479874023,-0.0013104017085141008,-0.1848411641739221,0.10095105353195194,0.9507771969804468,False
GUT_GENOME172369_20,GUT_GENOME172369_01012,13883,0.013436247293403146,0.012369763462273758,0.01251183038327668,0.0007282872729621061,0.3548158186764049,0.013645253531328687,0.9401799278368692,0.0010664838311293875,-0.26439971545652274,-0.0011334231480520079,-0.18069218359027828,0.10255687474411303,0.9500141142695671,False
GUT_GENOME172369_20,GUT_GENOME172369_01013,14249,0.013027586738866,0.012424477858477556,0.012561018757229448,0.0007033397692934434,0.4105670943186833,0.013588384769501905,0.927950639238084,0.0006031088803884442,-0.2808164259412172,-0.0010273660122724574,-0.17820584289478772,0.11061518752024088,0.9461940597986718,False
GUT_GENOME172369_20,GUT_GENOME172369_01014,15054,0.01344371080729231,0.012366902762515812,0.012484479106936102,0.0005982940281467698,0.3463826804809733,0.013618667104843106,0.9710003594424922,0.0010768080447764988,-0.2640339433616874,-0.0011341879979070036,-0.1807101142774163,0.10237006864927961,0.9501028526270807,False
GUT_GENOME172369_20,GUT_GENOME172369_01014,15844,0.013157715508317274,0.01223177244473793,0.012327075763590331,0.0005870129582326607,0.3687981586354122,0.013596330294851633,0.9846996099977486,0.0009259430635793434,-0.2693788734547627,-0.0012692545312613015,-0.1838765341133777,0.10637555726130521,0.9482019437014951,False
GUT_GENOME172369_20,GUT_GENOME172369_01014,15845,0.013666237711130347,0.012608619531981207,0.012735244022802728,0.0006179546919144891,0.3558801147887833,0.013585934138888027,0.9156854503404432,0.0010576181791491397,-0.26471381280163186,-0.0008506901160852988,-0.17406395779319994,0.1003716640906103,0.9510526720148512,False
GUT_GENOME172369_20,GUT_GENOME172369_01014,16086,0.014270537684122267,0.01266361846978602,0.012787323882205721,0.0006317292975586958,0.2990331541379174,0.013733667977529401,0.9329361729385998,0.0016069192143362467,-0.24525286427778473,-0.0009463440953236795,-0.17630641304637915,0.09123291871773795,0.9554083298511529,False
GUT_GENOME172369_20,GUT_GENOME172369_01015,16686,0.013963474953155102,0.012659376452208737,0.012770016302306052,0.0006465022300510826,0.33851978628314106,0.013829673642148141,0.9493998423603387,0.0013040985009463643,-0.2559813682086535,-0.0010596573398420888,-0.17896286165884973,0.09755416672309884,0.9523934103747016,False
GUT_GENOME172369_20,GUT_GENOME172369_01016,17158,0.014960209777791856,0.013084460412044875,0.013198398629709998,0.0006619075509204747,0.2930323946943024,0.014173588953375005,0.9296653123624821,0.0018757493657469808,-0.2357285972490866,-0.000975190323665007,-0.17698266694395312,0.08689083595961632,0.9574848141201826,False
GUT_GENOME172369_20,GUT_GENOME172369_01017,17558,0.016764814215415792,0.013887716081993412,0.01407087347761408,0.0007963532523707949,0.23267473579757392,0.015005032298449761,0.879611275831544,0.0028770981334223806,-0.20025224535124098,-0.0009341588208356816,-0.17602074868610257,0.0710842657362297,0.9650820716977451,False
GUT_GENOME172369_20,GUT_GENOME172369_01017,17559,0.016716946427489495,0.014358168413528738,0.014501584658313462,0.0008721766918296712,0.2783442891526356,0.015826596168064068,0.9356440173601165,0.0023587780139607568,-0.21861558442683734,-0.0013250115097506055,-0.18518366770374456,0.08208576453849853,0.9597879711791122,False
GUT_GENOME172369_20,GUT_GENOME172369_01017,18054,0.017956146140937438,0.014701067881325691,0.01492139677422702,0.0009183870742602566,0.24076437399575495,0.01711992513829494,0.9916648917173305,0.003255078259611747,-0.18686095112893375,-0.00219852836406792,-0.20566187963283555,0.0772138237909207,0.9621288362234237,False
GUT_GENOME172369_20,GUT_GENOME172369_01018,18238,0.018455346478489152,0.013942126058140467,0.014392561336297576,0.0011797843036714778,0.18014376474772675,0.01767831765983005,0.997324012869962,0.004513220420348685,-0.1422867773019298,-0.003285756323532474,-0.2311502081740735,0.07367594573388647,0.963832289680737,False
GUT_GENOME172369_20,GUT_GENOME172369_01018,18463,0.01867733546761018,0.01351425694662017,0.014030749464931729,0.0010956516575271434,0.14900486202801327,0.017680417527248762,0.9995674013053005,0.00516307852099001,-0.11926323604812893,-0.0036496680623170335,-0.23968153950841672,0.07167095985379644,0.964799009230329,False
GUT_GENOME172369_20,GUT_GENOME172369_01018,18544,0.018680897062149423,0.013511421241672292,0.01397121460141889,0.0010469792071532327,0.15037099199239473,0.01767111003329844,0.9997952439701032,0.0051694758204771304,-0.11903658889468222,-0.003699895431879551,-0.24085904022114865,0.07218278675193449,0.964552135778684,False
GUT_GENOME172369_20,GUT_GENOME172369_01018,18985,0.019094201819497607,0.013476833929619852,0.013989068160781555,0.001037091606376169,0.13103548111781066,0.017536721956107282,0.9996877815611375,0.005617367889877755,-0.10316841470878092,-0.0035476537953257267,-0.237289977435042,0.06695025518464574,0.9670789645145316,False
GUT_GENOME172369_20,GUT_GENOME172369_01018,18986,0.01945780122038882,0.013730790530466358,0.0142799716741425,0.0010983066519255527,0.1266103538066734,0.017383100405951094,0.9976387383471664,0.005727010689922461,-0.09928392742221744,-0.0031031287318085948,-0.2268687950462822,0.061326748410132144,0.9698019784966415,False
GUT_GENOME172369_20,GUT_GENOME172369_01020,20002,0.016262622282606477,0.013604586420802502,0.013790628812890149,0.0010363918476040059,0.26604040990868993,0.016906813540765106,0.9986797726038862,0.002658035861803975,-0.2080133077166717,-0.0031161847278749575,-0.22717487208769352,0.09487795869529067,0.953668664841219,False
GUT_GENOME172369_20,GUT_GENOME172369_01020,20133,0.01570370690851417,0.013317462763623533,0.013504432299936754,0.0009943001460030938,0.28436042171238807,0.016660423202635076,0.9992484457432474,0.0023862441448906386,-0.2176424987671797,-0.0031559909026983215,-0.2281080644812809,0.09940154635101803,0.9515141004499859,False
GUT_GENOME172369_20,GUT_GENOME172369_01020,20172,0.014952726193853497,0.01311987515239557,0.013270266015862276,0.0009923922534302056,0.3234185418260973,0.01643037012192559,0.9992745516730491,0.0018328510414579273,-0.23724842340500163,-0.0031601041060633148,-0.22820449198556939,0.10836410457055073,0.9472596400211012,False
GUT_GENOME172369_20,GUT_GENOME172369_01020,20300,0.014592630183533675,0.013118419931099839,0.013202247816450801,0.0010277336982986627,0.357671763538279,0.016234074765356144,0.9984111930945934,0.001474210252433836,-0.24995455262496996,-0.003031826948905343,-0.22519723826521015,0.11319107450022671,0.9449761997548904,False
GUT_GENOME172369_20,GUT_GENOME172369_01020,20335,0.014711950960464376,0.013434941721986834,0.013466678122759703,0.0010185315872020646,0.37500975490592464,0.0160846682355942,0.9949203165604921,0.0012770092384775424,-0.25694110195879133,-0.0026179901128344975,-0.21549549251040553,0.11245703716810025,0.9453230873123963,False
GUT_GENOME172369_20,GUT_GENOME172369_01021,20675,0.013985962713625332,0.013426355572786113,0.013417347099330712,0.000993300594621869,0.4381604893123726,0.016053968403900908,0.9960275706305721,0.0005596071408392189,-0.28235763023510113,-0.002636621304570196,-0.21593227113805244,0.12635257707081948,0.938777963308544,False
GUT_GENOME172369_20,GUT_GENOME172369_01022,22379,0.01618432438156821,0.013418460372395413,0.013669461645448843,0.001078961958813179,0.25866124281693403,0.01603836864586286,0.9859376525783135,0.0027658640091727978,-0.20419311097400278,-0.0023689070004140177,-0.20965613550327528,0.08565052172340915,0.9580787893030676,False
GUT_GENOME172369_20,GUT_GENOME172369_01022,22485,0.015622057698825846,0.013390529739899461,0.013605739227365491,0.001127498712982817,0.2814449615166257,0.015957947066349423,0.9815205488832788,0.002231527958926385,-0.22312387152634572,-0.002352207838983931,-0.20926465025017082,0.09357595588923155,0.9542897066076534,False
GUT_GENOME172369_20,GUT_GENOME172369_01023,23352,0.01517458888821835,0.013195452941580315,0.013424446556327088,0.0011647758024557226,0.2876717398983665,0.015903313116737473,0.9833394166366192,0.0019791359466380352,-0.23206575884192426,-0.0024788665604103845,-0.21223396232150538,0.0988977711895643,0.9517538052228359,False
GUT_GENOME172369_20,GUT_GENOME172369_01023,23403,0.014935973641853647,0.013563695000271228,0.013795916418272063,0.0012124127740440122,0.341957998997806,0.015967376058528857,0.9633552294266521,0.0013722786415824185,-0.25356584352861183,-0.0021714596402567943,-0.20502729649901905,0.10633182931407312,0.9482226753904126,False
GUT_GENOME172369_20,GUT_GENOME172369_01024,24831,0.016025800122301093,0.014408923176499262,0.014724704948972633,0.0014429145988399644,0.31175587495317825,0.015933528961520713,0.7989187794993429,0.0016168769458018307,-0.24490007612146894,-0.0012088240125480796,-0.18245983681317343,0.09326763933419116,0.9544368296049018,False
GUT_GENOME172369_20,GUT_GENOME172369_01024,25270,0.014836789120574498,0.014198777980912606,0.014270292149837502,0.0012727811106890432,0.41382427136038274,0.015834210067481674,0.8904154741778869,0.0006380111396618923,-0.2795798889103791,-0.0015639179176441722,-0.190784448075505,0.11456361991061498,0.9443279108588715,False
GUT_GENOME172369_20,GUT_GENOME172369_01024,25313,0.016471015516133055,0.014293626191478018,0.014632874476590639,0.0014031507470377554,0.24790198089486382,0.015981096709854533,0.8316870698947125,0.0021773893246550373,-0.2250419257574782,-0.001348222233263894,-0.1857278061628749,0.08513868633070876,0.9583240099965671,False
GUT_GENOME172369_20,GUT_GENOME172369_01024,25691,0.01781356636014705,0.014581481700139752,0.015090512534132858,0.00139491423908234,0.18649910955714932,0.016168163323228818,0.7801077057306454,0.0032320846600072985,-0.18767558141290488,-0.0010776507890959599,-0.17938468942935576,0.0674009906603383,0.9668610406734041,False
GUT_GENOME172369_20,GUT_GENOME172369_01024,25813,0.018414644897351715,0.015186046340341333,0.015714122983568647,0.001443502361309627,0.18517606085471716,0.016435492321408687,0.6913693249494359,0.0032285985570103815,-0.18779908904647183,-0.0007213693378400401,-0.17103223803799142,0.06452052429496882,0.968254549275015,False
GUT_GENOME172369_20,GUT_GENOME172369_01024,25843,0.019690349190274323,0.016761334123855515,0.017199595173409684,0.0015018563753469263,0.22584131396918172,0.01743786205791759,0.5630269936039772,0.002929015066418808,-0.198412902812563,-0.00023826688450790529,-0.15970667016382478,0.06487390049732429,0.9680834853301736,False
GUT_GENOME172369_20,GUT_GENOME172369_01024,25879,0.020150443696459918,0.017923711131305406,0.018313595015585726,0.0016331402677801444,0.2915851544203931,0.018503685659867965,0.5463305623074874,0.002226732565154512,-0.22329376545584506,-0.00019009064428223907,-0.15857725491280592,0.07500685146713097,0.9631911180790268,False
GUT_GENOME172369_20,GUT_GENOME172369_01024,25880,0.021462600944361625,0.017987088628995566,0.018516087900756772,0.0016179031441923906,0.2197769320304337,0.018884579429131913,0.5900830850336902,0.0034755123153660597,-0.17905128841734558,-0.0003684915283751408,-0.1627595796095021,0.05855004463857333,0.971149339991834,False
GUT_GENOME172369_20,GUT_GENOME172369_01024,25898,0.022448634918817288,0.02119489680784416,0.021467681735520758,0.002207805125953968,0.39773442172434065,0.020691635362898874,0.3626061485649542,0.0012537381109731273,-0.2577655646585586,0.0007760463726218837,-0.13592771073181245,0.08491942886853684,0.9584290756007514,False
GUT_GENOME172369_20,GUT_GENOME172369_01024,25925,0.024548146146277126,0.021629331637865,0.022307665800820182,0.0023348749502428534,0.28591225330929027,0.02108055866456779,0.29959842737665987,0.002918814508412127,-0.19877429396525748,0.001227107136252393,-0.1253533092593392,0.05522467208365413,0.9727653998007331,False
GUT_GENOME172369_20,GUT_GENOME172369_01024,25928,0.022999848884002153,0.022415856281290208,0.022584091376603027,0.002507945060987313,0.4527065238796718,0.02126102928388577,0.2989064506324115,0.0005839926027119448,-0.28149368826551485,0.0013230620927172573,-0.12310379807426892,0.09439324163363323,0.9538998225881219,False
GUT_GENOME172369_20,GUT_GENOME172369_01024,25966,0.024028501511770193,0.023562899082747425,0.023689600386566912,0.0027614200363768595,0.46369737864294747,0.021827718594927797,0.250076845506049,0.0004656024290227677,-0.2856880824652447,0.0018618817916391146,-0.11047202808430764,0.0938217494517285,0.9541724346806515,False
GUT_GENOME172369_22,GUT_GENOME172369_01043,3994,0.016913666079098444,0.014062552603215761,0.014359583694257405,0.0010989446226769397,0.27580524630092673,0.018205999089258428,0.9997674576350858,0.002851113475882683,-0.20117284453164777,-0.003846415395001022,-0.24429396748307206,0.1001500559255748,0.9511580583721114,False
GUT_GENOME172369_22,GUT_GENOME172369_01043,4026,0.01714002376372819,0.014821831399820455,0.015088855204174254,0.0011422938904038329,0.3135066293393611,0.01809572514772126,0.9957596594244945,0.002318192363907734,-0.22005347584865073,-0.003006869943547005,-0.2246121610084663,0.0988741551059659,0.9517650436379023,False
GUT_GENOME172369_22,GUT_GENOME172369_01043,4055,0.016749694108373143,0.0150588727833938,0.015281190434435482,0.0011788291691421616,0.3540785740298332,0.017929013427453858,0.9876526866086875,0.0016908213249793424,-0.2422803327301039,-0.002647822993018375,-0.21619487688958627,0.10543998442111321,0.948645603455181,False
GUT_GENOME172369_22,GUT_GENOME172369_01045,5778,0.016823598404738804,0.015428041026039325,0.015614826407031492,0.0012877839748542507,0.3798866779601538,0.017835271946773146,0.957667519811959,0.0013955573786994784,-0.2527411112311732,-0.002220445539741654,-0.20617569292231658,0.10638648565836566,0.9481967625519834,False
GUT_GENOME172369_22,GUT_GENOME172369_01045,6200,0.01599759487005752,0.01566367593127143,0.015697761473837894,0.0012027768407387024,0.4689290820926615,0.01779560728120281,0.9594351676941062,0.00033391893878608955,-0.2903534398208222,-0.0020978458073649155,-0.20330153738696302,0.12563663511968653,0.9391140787281029,False
GUT_GENOME172369_22,GUT_GENOME172369_01045,6207,0.01694842181590233,0.015672807036609882,0.015849798344016328,0.0012171023514241145,0.386780715673483,0.017648291449526517,0.9302538583290368,0.0012756147792924478,-0.256990505649448,-0.001798493105510189,-0.19628368988942607,0.10457140691056734,0.9490576790469218,False
GUT_GENOME172369_22,GUT_GENOME172369_01045,6208,0.017339366758627652,0.015851393292896244,0.016039745126015418,0.0013295738278671296,0.37128069862115287,0.01767315584664671,0.890374465202174,0.0014879734657314084,-0.2494669417006331,-0.0016334107206312926,-0.1924135962025082,0.09925674700504895,0.9515829922535405,False
GUT_GENOME172369_22,GUT_GENOME172369_01045,6381,0.01474802108410067,0.01636867590851405,0.01618229325139636,0.0012806372160550214,0.6651218349337886,0.017838686182758988,0.9020658864079645,-0.0016206548244133822,-0.35960118733094715,-0.001656392931362629,-0.1929523775432794,0.16654363392943117,0.9201010141615593,False
GUT_GENOME172369_22,GUT_GENOME172369_01045,7176,0.013798601435843716,0.01644759814504339,0.016130575453213402,0.0012706617469280253,0.7687327584010126,0.01783886863941823,0.9105924385764648,-0.0026489967091996754,-0.3960338666866763,-0.001708293186204829,-0.19416909638800398,0.19454446155493405,0.9073089750823813,False
GUT_GENOME172369_22,GUT_GENOME172369_01045,7190,0.013882965983888116,0.0159426218453153,0.01570751005691358,0.001123773086092972,0.7053006279092606,0.017906856762116927,0.9748326876158089,-0.0020596558614271853,-0.37515436498030474,-0.0021993467052033484,-0.2056810643378802,0.1830454977909389,0.9125405566261496,False
GUT_GENOME172369_22,GUT_GENOME172369_01046,7333,0.013653758063325382,0.01590648054734411,0.015638068247636333,0.0011285413606700744,0.7240010178515295,0.01761441610317348,0.9600477936125279,-0.00225272248401873,-0.3819944387526894,-0.001976347855537148,-0.20045321134244262,0.18610124117548016,0.9111473763130321,False
GUT_GENOME172369_22,GUT_GENOME172369_01047,7732,0.014067695998063212,0.015143016665543562,0.015001572744792723,0.0009752906883958815,0.6112751706216537,0.017471232181967628,0.9943330040415127,-0.00107532066748035,-0.3402807796190732,-0.0024696594371749047,-0.2120181159758493,0.16074269048011297,0.9227736151651291,False
GUT_GENOME172369_22,GUT_GENOME172369_01047,7845,0.013362888936594321,0.014704097177376084,0.014583121610847297,0.0008652785904046696,0.6462821763736276,0.01712909753344106,0.9983714848812915,-0.0013412082407817626,-0.34970079532209636,-0.002545975922593764,-0.21380723447352518,0.1680041797621237,0.9194293345951627,False
GUT_GENOME172369_22,GUT_GENOME172369_01047,8169,0.013863911832272499,0.01436196833962049,0.014319633908539412,0.0007483286291412802,0.5549733184500676,0.016261752749842432,0.9952742415920715,-0.0004980565073479919,-0.31982913764980037,-0.00194211884130302,-0.1996507665995096,0.14215110589358682,0.9313915200952568,False
GUT_GENOME172369_22,GUT_GENOME172369_01047,8517,0.013528071847260476,0.0140350389844445,0.0140030789220512,0.0006829352322859567,0.5578156636021098,0.015789206144176463,0.9955434368652197,-0.0005069671371840234,-0.32014482849588627,-0.0017861272221252628,-0.1959937914411073,0.1409062774961207,0.9319714118496536,False
GUT_GENOME172369_22,GUT_GENOME172369_01047,8524,0.014637457519296815,0.014278065004498177,0.014292901506351855,0.0007364377540575325,0.45996800982412145,0.015325485978166171,0.9195623938644806,0.0003593925147986378,-0.2894509475265383,-0.0010325844718143164,-0.17832818137047185,0.11558279129491075,0.9438468174563699,False
GUT_GENOME172369_22,GUT_GENOME172369_01049,9593,0.01525729099661239,0.014091783866444302,0.014151078486824065,0.0007338096093270295,0.37054369162222833,0.014790888325729714,0.808368994316047,0.0011655071301680878,-0.26089146187277107,-0.0006398098389056497,-0.16912020543581086,0.09666599876476242,0.9528164469550461,False
GUT_GENOME172369_22,GUT_GENOME172369_01049,9755,0.014984305254206546,0.013937525701051187,0.014004718566281797,0.0007229524993102052,0.3830526467562231,0.01455199323993446,0.7754749161569103,0.0010467795531553595,-0.26509780978875264,-0.0005472746736526635,-0.1669508658110762,0.09814944034986164,0.9521099852159252,False
GUT_GENOME172369_22,GUT_GENOME172369_01049,9793,0.013046315932316898,0.013257004572117238,0.013244328913542113,0.0005453169914905365,0.5332391656299,0.01365971166146501,0.7768885607482819,-0.00021068863980033999,-0.3096481059030686,-0.0004153827479228961,-0.1638588695966002,0.12273167863483364,0.9404791125956247,False
GUT_GENOME172369_22,GUT_GENOME172369_01050,10378,0.012710392257413517,0.013221306358095842,0.013175460509187704,0.0005488909698796023,0.5861430549698857,0.01353088315642544,0.7413550817472638,-0.0005109141006823248,-0.3202846637566004,-0.0003554226472377367,-0.16245320049811446,0.12897330818975916,0.9375486266135717,False
GUT_GENOME172369_22,GUT_GENOME172369_01051,10868,0.012565729716102937,0.013217703311710901,0.013116904842514354,0.0006230687156056236,0.6166722174319473,0.013381872225640233,0.6646771161557343,-0.0006519735956079641,-0.32528219952241716,-0.0002649673831258796,-0.1603326208442368,0.1315150586329234,0.9363578761029072,False
GUT_GENOME172369_22,GUT_GENOME172369_01052,12081,0.012510929631600491,0.013092884692367268,0.012997529458157684,0.0006227918532164976,0.6004001067903583,0.013356386887373096,0.7177625819605975,-0.0005819550607667773,-0.32280154317012144,-0.0003588574292154121,-0.1625337234930875,0.13061804754553918,0.9367779319928754,False
GUT_GENOME172369_22,GUT_GENOME172369_01053,12506,0.01356963201965351,0.012893075376493349,0.012928387183775711,0.0006254209752082935,0.3983225786053659,0.013333281197490582,0.7413116282935241,0.0006765566431601606,-0.27821427695745415,-0.00040489401371487065,-0.16361297792213708,0.10417239044750871,0.949247042755269,False
GUT_GENOME172369_22,GUT_GENOME172369_01054,14525,0.013752528219190511,0.012355449070162039,0.012511623731983312,0.0006317836658244047,0.29871063197614184,0.013313864172601764,0.8979224943735584,0.0013970791490284726,-0.2526871970891261,-0.0008022404406184524,-0.17292813228828605,0.09375495850947382,0.9542043002507243,False
GUT_GENOME172369_22,GUT_GENOME172369_01056,15926,0.013937939955688471,0.01217848359620289,0.012387553507484344,0.0006092119445808988,0.25435694012048693,0.013326774899038529,0.9384266116515565,0.0017594563594855814,-0.23984869181210816,-0.0009392213915541854,-0.17613943259651269,0.08855249467940107,0.9566896379985356,False
GUT_GENOME172369_22,GUT_GENOME172369_01056,16810,0.01413568411527339,0.011995542934962527,0.012162972234335752,0.0005725956114021904,0.21156041726045072,0.013343407871247407,0.9803747967900915,0.0021401411803108634,-0.22636157413469976,-0.0011804356369116559,-0.18179431654332165,0.0842887357721926,0.9587313605611643,False
GUT_GENOME172369_22,GUT_GENOME172369_01057,17687,0.014583550358050226,0.012113154646703901,0.012290238460098012,0.0005826827595903644,0.1853293455382597,0.013415932207007684,0.9733150204012099,0.002470395711346324,-0.214661129357531,-0.0011256937469096718,-0.18051098008642438,0.07866361438881217,0.9614316462784516,False
GUT_GENOME172369_22,GUT_GENOME172369_01057,18086,0.01545483881526434,0.013011094165346631,0.013160331902455564,0.0007469956466455707,0.2555047672770736,0.01419804537705024,0.917611408727274,0.0024437446499177094,-0.21560533827275996,-0.0010377134745946752,-0.17844842267480612,0.07832950144683751,0.9615922730728736,False
GUT_GENOME172369_22,GUT_GENOME172369_01057,18093,0.018915385477773453,0.01313396302519592,0.013424691523065788,0.0007816720366854997,0.1134993078465063,0.014391880980955517,0.8920184614887607,0.005781422452577532,-0.0973561966438448,-0.0009671894578897298,-0.17679509938397697,0.040734736191145274,0.9798386457222329,False
GUT_GENOME172369_22,GUT_GENOME172369_01057,18522,0.020261111244196935,0.013453794944264736,0.013749985534626743,0.0007101801899404635,0.08884764022439179,0.014643908246643309,0.8959354540475364,0.0068073162999322,-0.06101024774626069,-0.0008939227120165656,-0.17507747717447983,0.03437437334384061,0.9829596704636008,False
GUT_GENOME172369_22,GUT_GENOME172369_01057,19584,0.020657223261735188,0.013411247524804014,0.013729007368882147,0.0006937783452697721,0.07860688030714552,0.014753846352989748,0.9301869769396724,0.007245975736931174,-0.045469172495912855,-0.001024838984107601,-0.17814660074272742,0.03380365700365181,0.9832402060610996,False
GUT_GENOME172369_22,GUT_GENOME172369_01058,20097,0.02141311360917505,0.013613559852569576,0.013984285447025825,0.0007306939134147802,0.07094661246952427,0.014976360298872648,0.9127230985841934,0.007799553756605475,-0.02585669654063787,-0.000992074851846823,-0.1773784978254307,0.032131700246800954,0.9840625172834764,False
GUT_GENOME172369_22,GUT_GENOME172369_01058,20184,0.024015266965818294,0.014169562756047424,0.01465997200463245,0.0008056194689723629,0.047723671548815245,0.015362572143611742,0.8084296548141029,0.00984570420977087,0.04663548186484132,-0.0007026001389792928,-0.17059222405301797,0.03127657507612103,0.9844833555584416,False
GUT_GENOME172369_22,GUT_GENOME172369_01058,20195,0.028135046929346992,0.015178524414195035,0.015909532733715842,0.0009817646599096952,0.024787743785230923,0.01608719211029613,0.5718002111864726,0.012956522515151957,0.1568473165966678,-0.00017765937658028794,-0.15828582363327237,0.04965548268683875,0.9754779320745667,False
GUT_GENOME172369_22,GUT_GENOME172369_01058,20229,0.027541354379173315,0.015424944214916938,0.016103546154371217,0.00100262976001528,0.03190803982310176,0.016330269778388348,0.5894494391263363,0.012116410164256377,0.1270833398922401,-0.00022672362401713123,-0.1594360567995669,0.04157003148596135,0.9794295038615225,False
GUT_GENOME172369_22,GUT_GENOME172369_01058,20294,0.02701469027312174,0.015480260390014813,0.01625723012193574,0.0011490047898013497,0.034309158547052084,0.016707567496493797,0.6524475809598372,0.011534429883106928,0.10646461251357138,-0.00045033737455805675,-0.1646783251670328,0.038453664497483886,0.9809568243619874,False
GUT_GENOME172369_22,GUT_GENOME172369_01058,20328,0.028585695703420923,0.01634636847804049,0.017505694503651796,0.001458646191076126,0.028797610774799712,0.01723244870516321,0.4257015943264234,0.012239327225380434,0.13143811522672139,0.0002732457984885861,-0.14771506968691514,0.03909571994696308,0.9806419605673027,False
GUT_GENOME172369_22,GUT_GENOME172369_01061,21943,0.028040328844106843,0.016078495363513762,0.017336741924541803,0.0015118931896652653,0.031045016256061247,0.01717568851595968,0.45758317646688074,0.01196183348059308,0.12160690949968911,0.00016105340858212427,-0.15034524164751378,0.03739193212411489,0.9814777194211923,False
GUT_GENOME172369_22,GUT_GENOME172369_01061,21944,0.02850609443242822,0.016304818413717486,0.01771571067994953,0.0016326303160571344,0.03172919598492385,0.01720226603913449,0.3765747498877514,0.012201276018710735,0.13009001550210128,0.0005134446408150382,-0.14208399024755197,0.037111272418003396,0.9816154597096474,False
GUT_GENOME172369_22,GUT_GENOME172369_01061,21947,0.0307664405264994,0.01645524540123062,0.018204131700607654,0.0017557566378952631,0.020278418304032778,0.017179741966186764,0.2797964446405248,0.01431119512526878,0.20484142591628535,0.0010243897344208892,-0.1301056960002506,0.058887501903126645,0.9709854931151792,False
GUT_GENOME172369_22,GUT_GENOME172369_01061,22006,0.02962573507202428,0.016445088753420795,0.018420898007918438,0.0017602484214178107,0.01998534113011,0.01704272619143342,0.21683068672916317,0.013180646318603485,0.16478770178172994,0.0013781718164850194,-0.12181183834035869,0.04199311061836204,0.9792223376818463,False
GUT_GENOME172369_22,GUT_GENOME172369_01063,23712,0.03240589191645379,0.016262597870041966,0.01898352941458255,0.0018404276125091306,0.006071296636928195,0.0170006851279626,0.14065473564256126,0.01614329404641182,0.2697500652797915,0.001982844286619951,-0.10763625497306628,0.08435066110307872,0.9587016761423542,False
GUT_GENOME172369_22,GUT_GENOME172369_01063,23815,0.032371438857292316,0.016849043028656835,0.01994236447975119,0.0021907811485000588,0.0034818735078978387,0.016939366019103605,0.08522750441547094,0.015522395828635481,0.24775253117615037,0.003002998460647586,-0.08372036454366893,0.06839041614351418,0.9663828404928521,False
GUT_GENOME172369_23,GUT_GENOME172369_01069,4986,0.057743142395394916,0.05539205134766846,0.05430078000430374,0.00722553362298324,0.40327959241307776,0.035282586004241875,0.004243174060973375,0.0023510910477264543,-0.21888792262503382,0.019018194000061862,0.29173039719151717,0.13301854731662316,0.9356542388783881,False
GUT_GENOME172369_23,GUT_GENOME172369_01069,4987,0.05652249078010686,0.03350796323781077,0.04476453731020493,0.00573622437654786,0.008833889539987424,0.03557197122450975,0.05451741083075112,0.02301452754229609,0.5131880215057228,0.00919256608569518,0.06138419405609181,0.26712996469687417,0.8749706094851872,False
GUT_GENOME172369_23,GUT_GENOME172369_01069,5020,0.056766409968216386,0.028206087936597995,0.036867385111199254,0.004176396823184328,0.0018638585814725024,0.034435408816020564,0.2801774408910509,0.02856032203161839,0.7096675730939946,0.0024319762951786894,-0.09710707009249257,0.5130578473630686,0.7737326150400747,False
GUT_GENOME172369_23,GUT_GENOME172369_01069,5053,0.05501944058243175,0.024218759680583766,0.031646556885413304,0.0033393556580524294,0.0008296146555431922,0.0316555091283562,0.5010694949272188,0.030800680901847986,0.7890402774138239,-8.95224294289454e-06,-0.15433075348264993,0.6464025408518066,0.7238281545049323,False
GUT_GENOME172369_23,GUT_GENOME172369_01069,5161,0.03434004969942516,0.01775534673904552,0.02094394070665852,0.001747054017246664,0.0033171586779687148,0.022964489534047422,0.8762711098411647,0.01658470296037964,0.2853885505591227,-0.002020548827388901,-0.20148943275543346,0.12204461630234328,0.9408022519830513,False
GUT_GENOME172369_23,GUT_GENOME172369_01069,5162,0.026552386052301934,0.014248514657026697,0.015689856593139893,0.0011209447436692202,0.003394101522508745,0.016709129182255162,0.8184035241553937,0.012303871395275237,0.13372482267377608,-0.0010192725891152686,-0.17801610547435265,0.04957206200738871,0.9755186204390647,False
GUT_GENOME172369_23,GUT_GENOME172369_01069,5164,0.01781459295066096,0.013719114618404955,0.014342915294427456,0.0010789101313083964,0.11710450218141327,0.015582952830961356,0.8747926614448589,0.004095478332256005,-0.15708678085525798,-0.0012400375365339,-0.18319158818817688,0.058235414702374436,0.9713021283369063,False
GUT_GENOME172369_23,GUT_GENOME172369_01069,5167,0.019058022195761064,0.012911836085659153,0.013814287275892517,0.0009299399252112843,0.04841812477226121,0.015252565246005035,0.9390244008162254,0.006146186110101912,-0.08443314296703142,-0.001438277970112518,-0.18783901953615081,0.042412452891593615,0.9790170445440798,False
GUT_GENOME172369_23,GUT_GENOME172369_01069,5236,0.01763539466307445,0.012894558779620074,0.013592541612016463,0.000877332497518542,0.06186154965132142,0.01504615226332577,0.9512253627546582,0.004740835883454378,-0.1342226876188971,-0.0014536106513093061,-0.18819846983574964,0.0534343939201576,0.973636549969579,False
GUT_GENOME172369_23,GUT_GENOME172369_01069,5242,0.016928315869929184,0.012736479794334421,0.013313517680923075,0.0007926717443244015,0.08499436938333466,0.014747612012043795,0.9647893073722047,0.004191836075594762,-0.1536729640901924,-0.0014340943311207197,-0.18774094078073195,0.058862040737499864,0.9709978544050929,False
GUT_GENOME172369_23,GUT_GENOME172369_01069,5262,0.014022304602231979,0.012709346439286597,0.013072980110452723,0.0007960084790367983,0.30367175361919346,0.01439239428530184,0.9512946074308847,0.0013129581629453824,-0.2556674830799957,-0.0013194141748491175,-0.18505244709845886,0.0996102700815878,0.9514148038450976,False
GUT_GENOME172369_23,GUT_GENOME172369_01069,5357,0.01486479819769193,0.012827853083564026,0.013189570144554992,0.0007718876897296956,0.2089332466580331,0.014233111194331339,0.9118017515467536,0.002036945114127905,-0.23001766287876338,-0.0010435410497763465,-0.1785850408968967,0.08480074206835471,0.9584859537284978,False
GUT_GENOME172369_23,GUT_GENOME172369_01069,5442,0.013979177862234864,0.012823427563902845,0.013170641512307133,0.0007686019878049524,0.31285041929085733,0.01408670569181062,0.8833414720991057,0.0011557502983320193,-0.261237132443104,-0.0009160641795034879,-0.1755965486284275,0.09907898725731155,0.9516675725885566,False
GUT_GENOME172369_23,GUT_GENOME172369_01070,7018,0.01384412759444835,0.012827780198036005,0.013124740692456519,0.0007770291429745773,0.34726772645779636,0.014035532835811776,0.8794309177524349,0.0010163473964123447,-0.2661759774926306,-0.000910792143355257,-0.17547295413450592,0.10164040862684781,0.9504495418989409,False
GUT_GENOME172369_23,GUT_GENOME172369_01071,9856,0.014321140645872081,0.012529938463680272,0.012837026497318669,0.0007473531838806245,0.24474766948288812,0.01373550911074532,0.8853607629079927,0.001791202182191809,-0.23872398280564758,-0.0008984826134266523,-0.17518437680325058,0.0876787058425344,0.9571077016797447,False
GUT_GENOME172369_23,GUT_GENOME172369_01071,11158,0.016620997014089946,0.01241090323951525,0.012927285696061924,0.0007346266496640247,0.09004233085690805,0.01382413349891668,0.8889231412608682,0.004210093774574696,-0.15302611997876386,-0.0008968478028547559,-0.1751460512721635,0.054093132671986364,0.9733159167130346,False
GUT_GENOME172369_23,GUT_GENOME172369_01072,11325,0.021345058805730437,0.012775301381201516,0.013193381171868985,0.0006544704562418719,0.024569009215178128,0.014020049263612524,0.8967251509765422,0.008569757424528921,0.0014305157057959816,-0.000826668091743539,-0.17350079967781268,0.03010457386402501,0.9850604324686387,False
GUT_GENOME172369_24,GUT_GENOME172369_01079,1251,0.06171143951324584,0.02519485654201176,0.043978169060399815,0.005191955674706749,4.662045197723809e-07,0.024848003036324524,0.00011454090169395916,0.036516582971234085,0.9915464967982162,0.01913016602407529,0.29435540302459673,1.0698095586025878,0.5857250606390227,False
GUT_GENOME172369_24,GUT_GENOME172369_01079,1362,0.06318851019031155,0.02203070734315383,0.043371657539193864,0.005046153145977698,1.074466348037065e-07,0.024692980064510834,0.00010713573499494129,0.04115780284715772,1.15597826609652,0.01867867747468303,0.2837709727960141,1.4168117166891132,0.4924285729925385,False
GUT_GENOME172369_24,GUT_GENOME172369_01079,1368,0.04980371316144186,0.019806520560844677,0.03491286310679762,0.003879572421539057,9.846297608264363e-08,0.0220575706652523,0.00046054075901731846,0.029997192600597182,0.7605738383057509,0.012855292441545322,0.14725098206670967,0.6001554152347529,0.7407606556995273,False
GUT_GENOME172369_24,GUT_GENOME172369_01079,1407,0.04618878824023625,0.016724151781110294,0.028204873798022643,0.003116465923789781,8.517610447638115e-08,0.018929913622952703,0.0014596280834051375,0.029464636459125955,0.7417061373706891,0.00927496017506994,0.06331579230240096,0.5541368837682283,0.7580026162078984,False
GUT_GENOME172369_24,GUT_GENOME172369_01079,1974,0.037982590526580914,0.016349475829362158,0.024510081125503014,0.0028637460529314118,6.483254827703161e-05,0.018353813402472902,0.015788469741459536,0.021633114697218757,0.46424654398042775,0.0061562677230301115,-0.009796986986146691,0.21562083455177797,0.897797787247513,False
GUT_GENOME172369_24,GUT_GENOME172369_01079,2011,0.03072416847875489,0.01645078079425706,0.022346082076932648,0.0026910812779674565,0.0013143711752344332,0.017881600950755066,0.048558746562761754,0.014273387684497828,0.20350196246813934,0.004464481126177582,-0.04945823026715698,0.043859165269543116,0.9783091225765334,False
GUT_GENOME172369_24,GUT_GENOME172369_01079,2295,0.03058792838520977,0.015213732267671629,0.019185540781269373,0.001982109072566648,0.0013883740524660835,0.017854920850948554,0.25100987969109445,0.015374196117538142,0.2425020277833579,0.0013306199303208185,-0.12292661660443645,0.0739181865488546,0.9637155569905628,False
GUT_GENOME172369_24,GUT_GENOME172369_01079,2301,0.02714679762377025,0.01380298251795266,0.016318878862976,0.001386255584558987,0.0026090595696137042,0.016931353967784064,0.6706901795230088,0.013343815105817591,0.17056853809053218,-0.0006124751048080627,-0.1684793861143414,0.05747892973180667,0.9716695855574752,False
GUT_GENOME172369_24,GUT_GENOME172369_01079,2304,0.024195871324761052,0.014393065572194616,0.01617344087891595,0.001327500311006874,0.018865768824610208,0.016751728529646664,0.6684443083744642,0.009802805752566436,0.04511565099992484,-0.0005782876507307126,-0.16767791568311638,0.030151305372981305,0.9850374160573264,False
GUT_GENOME172369_24,GUT_GENOME172369_01079,2307,0.02265530020950562,0.013937578487422917,0.015470622790298285,0.0012717166631255638,0.029675659393983138,0.016474423156594434,0.7850395606194092,0.008717721722082704,0.006672678734089766,-0.0010038003662961488,-0.1776533838435815,0.03160524943256328,0.9843215816348826,False
GUT_GENOME172369_24,GUT_GENOME172369_01079,2316,0.01936545215439229,0.012521464308643572,0.013616414131371659,0.0010391292974466927,0.04488874819074308,0.015377706776850616,0.9549594129956357,0.006843987845748717,-0.05971102742860363,-0.0017612926454789578,-0.1954115843305991,0.0417510940871743,0.9793408388482256,False
GUT_GENOME172369_24,GUT_GENOME172369_01080,3868,0.018589659277612792,0.012006222091537991,0.012956318162122622,0.0009750687741218514,0.04529898854146858,0.015028099478460701,0.9831964291436107,0.006583437186074801,-0.06894196392964502,-0.002071781316338079,-0.20269049689194177,0.04583643192077873,0.9773424115153222,False
GUT_GENOME172369_24,GUT_GENOME172369_01080,4336,0.017290514994023773,0.011939791194083168,0.01269111641569106,0.0009056228961771526,0.07644130714684895,0.014745957528217401,0.9883652582645036,0.005350723799940605,-0.11261523271211377,-0.0020548411125263406,-0.20229336078396148,0.053604794456073544,0.9735535994083832,False
GUT_GENOME172369_24,GUT_GENOME172369_01081,5639,0.016632844577792762,0.012166546424789593,0.012731763354353635,0.0008631280044644814,0.10696356359559978,0.014406452421030932,0.9738256914061613,0.00446629815300317,-0.14394916599399227,-0.0016746890666772974,-0.1933813013065764,0.05811769008539083,0.9713593031051261,False
GUT_GENOME172369_24,GUT_GENOME172369_01081,5651,0.015727750403311955,0.011835333171803113,0.01231766935248746,0.0008187047366727359,0.13785665112841722,0.014236329429220585,0.9904489172112048,0.003892417231508842,-0.16428094466652804,-0.001918660076733126,-0.19910081321271159,0.06662936260248992,0.9672341411959959,False
GUT_GENOME172369_24,GUT_GENOME172369_01081,5717,0.01909739512019199,0.012162548360915766,0.012697080336730542,0.000804065795567984,0.05779869155713838,0.014610051316000015,0.991323044737735,0.006934846759276225,-0.056492026323882956,-0.0019129709792694728,-0.19896744138025055,0.04277939176758172,0.9788374413134864,False
GUT_GENOME172369_24,GUT_GENOME172369_01081,5720,0.021562768708040334,0.01311698748271927,0.013633704796935183,0.0008929062851514205,0.04422431806753429,0.014685642752381578,0.8806227586320761,0.008445781225321065,-0.002961783373240849,-0.001051937955446395,-0.17878189298167327,0.03197173741886048,0.9841412271426647,False
GUT_GENOME172369_24,GUT_GENOME172369_01081,5758,0.023518564302042477,0.013887851840453944,0.014342203278617117,0.0008344662856637939,0.02732329538093626,0.014681123036774327,0.6576843670645637,0.009630712461588533,0.03901863231165745,-0.00033891975815721065,-0.16206631653776155,0.027787944623590237,0.986202103448811,False
GUT_GENOME172369_24,GUT_GENOME172369_01082,8303,0.022769897006793525,0.014092244001216772,0.014458363663491973,0.0008284984854300743,0.03871910545929867,0.014678384812930548,0.6047133192786027,0.008677653005576753,0.00525310152707919,-0.00022002114943857516,-0.1592789279540379,0.025397371965841395,0.9873816021194585,False
GUT_GENOME172369_24,GUT_GENOME172369_01084,10111,0.022987490148373445,0.01416746382739992,0.014505826720090192,0.0007854094671584836,0.04418629938123478,0.014693504331117142,0.5944298069277005,0.008820026320973525,0.01029718406947282,-0.0001876776110269502,-0.1585206851899099,0.02523483963283912,0.9874618460976526,False
GUT_GENOME172369_24,GUT_GENOME172369_01084,10448,0.018529185996485672,0.014229814956570521,0.014360037689250192,0.00075950811033743,0.16795937700000063,0.014724728372657064,0.6844456528450771,0.004299371039915151,-0.14986315440279582,-0.00036469068340687187,-0.16267047485052105,0.04892064843565022,0.9758364052230044,False
GUT_GENOME172369_24,GUT_GENOME172369_01084,10455,0.016277348110417016,0.014145827210115938,0.014205059037284707,0.0007426906697890332,0.2931804259320929,0.014734016291645625,0.7618349333230193,0.002131520900301078,-0.2266669783025154,-0.0005289572543609178,-0.16652144307882275,0.07910731005784659,0.9612183784070708,False
GUT_GENOME172369_24,GUT_GENOME172369_01085,10658,0.015587780217600116,0.014283828087465011,0.014313168971714186,0.0007424122461798801,0.3657973048776896,0.01491237950921881,0.7901992938387723,0.0013039521301351047,-0.25598655391674585,-0.0005992105375046235,-0.16816841945234173,0.09380973308726978,0.9541781675397394,False
GUT_GENOME172369_24,GUT_GENOME172369_01085,10694,0.016034629907832772,0.014872346094892777,0.014894212920614183,0.0008026002604930106,0.38038667090439837,0.015259003469797234,0.6752694179089236,0.001162283812939995,-0.26100565938312276,-0.0003647905491830517,-0.16267281604464795,0.09458639930991457,0.9538077005001474,False
GUT_GENOME172369_24,GUT_GENOME172369_01085,11119,0.016240661760638646,0.01516659940288734,0.015198439999407308,0.0008400845810488389,0.3865282895069669,0.015246492414330648,0.5228068603182153,0.0010740623577513066,-0.2641312191183982,-4.8052414923340295e-05,-0.15524739476360752,0.09386705449385868,0.9541508205142838,False
GUT_GENOME172369_24,GUT_GENOME172369_01087,12705,0.01626233192974703,0.014616274837562834,0.014700535095442776,0.0008017869895376719,0.3190076193611616,0.015093931549953756,0.6881628455705263,0.0016460570921841972,-0.24386626535052777,-0.0003933964545109799,-0.16334343595178946,0.08615183344455038,0.9578386713343856,False
GUT_GENOME172369_24,GUT_GENOME172369_01087,12706,0.01704679685315574,0.014457365546661868,0.014592850971138955,0.0007422582591479021,0.23317389553461587,0.015160581906540833,0.7778254643262925,0.0025894313064938716,-0.21044386880042532,-0.0005677309354018781,-0.16743043029950816,0.07231957090596908,0.9644861703105101,False
GUT_GENOME172369_24,GUT_GENOME172369_01087,12783,0.017789055766652625,0.014638002253378992,0.014793215463285452,0.0007510039146106817,0.2065507880311862,0.015517858985533076,0.8327024975996855,0.003151053513273633,-0.19054639882338914,-0.0007246435222476241,-0.17110899607861998,0.06558621864359526,0.9677387550063811,False
GUT_GENOME172369_24,GUT_GENOME172369_01087,12804,0.017159943173487076,0.01530992844882843,0.01539462395998152,0.0007520814897073467,0.3003404014276646,0.016186366014637105,0.8537686306983445,0.0018500147246586461,-0.2366403387048972,-0.0007917420546555854,-0.17268201434379715,0.08581772798019983,0.957998694267177,False
GUT_GENOME172369_24,GUT_GENOME172369_01087,13548,0.018265053406681542,0.015406865284176228,0.01552026485420212,0.0007598849638026465,0.22605785970816877,0.01631137898097295,0.8510847862185504,0.0028581881225053143,-0.20092219993983385,-0.0007911141267708307,-0.1726672935742589,0.07018372469892187,0.9655167175494751,False
GUT_GENOME172369_25,GUT_GENOME172369_01112,18558,0.08865194128953324,0.0515874849899624,0.06920614927023408,0.006650128075476221,0.0003397165906288234,0.039205815161664215,3.222463802963535e-06,0.03706445629957084,1.0109568637142707,0.030000334108569865,0.5491891874432077,1.3236425438955255,0.5159108643409416,False
GUT_GENOME172369_25,GUT_GENOME172369_01112,18562,0.09254517218716911,0.05386317515915805,0.06938639289592387,0.006077373254613128,0.00019351900564255865,0.03859657954559289,2.0280822706219324e-07,0.03868199702801106,1.0682640137739439,0.03078981335033098,0.567697271341643,1.463468195013164,0.4810740370662978,False
GUT_GENOME172369_25,GUT_GENOME172369_01112,18567,0.11056530041362735,0.06237762430522055,0.07815370570101586,0.00672564442834289,2.913951025471088e-05,0.03785922598702371,1.0416830325475607e-09,0.048187676108406796,1.405036601877258,0.04029447971399215,0.7905190419215294,2.5990482082553252,0.27266152065536964,False
GUT_GENOME172369_25,GUT_GENOME172369_01112,18568,0.09706366819985415,0.06963390810393837,0.07841684486545032,0.006626326018214787,0.005442409830294433,0.037692979136600635,3.978863716777868e-10,0.027429760095915787,0.6696133838164614,0.04072386572884969,0.8005853134172438,1.0893189278455182,0.580039274010606,False
GUT_GENOME172369_25,GUT_GENOME172369_01112,18569,0.09851631353725729,0.06993159299757679,0.07944390331521305,0.00664543132093682,0.004815150007590032,0.037422050757142694,1.2791843704622255e-10,0.028584720539680503,0.7105319772713756,0.04202185255807035,0.831014548112118,1.195440869899158,0.5500641149300545,False
GUT_GENOME172369_25,GUT_GENOME172369_01112,18575,0.09990956823196047,0.07470193363282693,0.08115592569270465,0.0057771237851952754,0.010707098552183133,0.037309911544795765,1.6045681543636232e-14,0.02520763459913354,0.5908866617892998,0.04384601414790888,0.8737791123503383,1.1126369842602477,0.5733158502084734,False
GUT_GENOME172369_25,GUT_GENOME172369_01112,18576,0.0887025863991198,0.08036015027793998,0.08176872796889446,0.005529262691138364,0.16920500647634712,0.03680712475867762,2.118776053895965e-16,0.008342436121179825,-0.006623152318593787,0.04496160321021685,0.8999323217942167,0.8099220499565649,0.6670028068007556,False
GUT_GENOME172369_25,GUT_GENOME172369_01112,19009,0.096161679018612,0.07183327208483015,0.07698839844504957,0.0053442558881677225,0.011709038506238991,0.036628907452192876,2.144137405292392e-14,0.024328406933781854,0.5597368855462547,0.04035949099285669,0.7920431278504836,0.9406376974161985,0.6248030188837943,False
GUT_GENOME172369_25,GUT_GENOME172369_01112,19017,0.13756003624768107,0.07881510234051184,0.09004755866840422,0.006798826311497117,0.0002018117459638759,0.02373191270850996,8.868349494188487e-23,0.05874493390716923,1.7790651170514842,0.06631564595989425,1.4005438564308603,5.126595784495637,0.07705021766410676,False
GUT_GENOME172369_25,GUT_GENOME172369_01112,19018,0.0587848967872012,0.03670499573593911,0.04096270594127383,0.003148894621653383,0.0018820715501870005,0.022277563074690525,1.4793476485861293e-09,0.02207990105126209,0.4800755442557193,0.018685142866583307,0.2839225436156086,0.3110845389655823,0.8559508955626007,False
GUT_GENOME172369_27,GUT_GENOME172369_01137,7177,0.019875266812807227,0.01765400788363863,0.01809241679865245,0.0012811635394317147,0.28214845894302365,0.017202354234567563,0.24361230625815727,0.0022212589291685965,-0.22348768853506135,0.0008900625640848869,-0.13325478264738302,0.06770358402514588,0.966714768871103,False
GUT_GENOME172369_27,GUT_GENOME172369_01137,8401,0.020505863799804215,0.01773346689740046,0.018161314740001006,0.0012257696475480502,0.24774233834591336,0.01750257789392403,0.2954933511561473,0.0027723969024037558,-0.20396165992851883,0.0006587368460769759,-0.13867784581394024,0.060831903640391746,0.9700419589020508,False
GUT_GENOME172369_27,GUT_GENOME172369_01137,9108,0.021476768447230097,0.01773021910000317,0.01815889875080755,0.0012000751603580425,0.17743852648368225,0.017749318257156907,0.3664404918018923,0.003746549347226926,-0.1694488347767768,0.00040958049365064433,-0.14451891981640277,0.049598625792107255,0.975505663791798,False
GUT_GENOME172369_27,GUT_GENOME172369_01138,9625,0.023934939320630025,0.01855438481525365,0.01928815426816852,0.0014179295583071068,0.11590340676262362,0.018504763245675182,0.29030655428064794,0.005380554505376375,-0.11155837356616691,0.0007833910224933384,-0.13575552710894445,0.0308748338533558,0.9846811291947593,False
GUT_GENOME172369_27,GUT_GENOME172369_01138,9741,0.023510898105357544,0.018461362183800605,0.019165764775868097,0.0014855371337479779,0.1319267974206173,0.018718244805313696,0.3816114426182654,0.005049535921556939,-0.12328588763857806,0.0004475199705544011,-0.14362948918358323,0.03582884025396915,0.982245089171465,False
GUT_GENOME172369_27,GUT_GENOME172369_01138,9824,0.023462032214837395,0.01856342119900013,0.019286092087125242,0.0014858076832924606,0.14431197976408022,0.01886508577085246,0.38845357747678244,0.004898611015837266,-0.12863294077161389,0.0004210063162727838,-0.14425105959600298,0.037354801646123134,0.9814959409587656,False
GUT_GENOME172369_27,GUT_GENOME172369_01138,9971,0.025067179084997542,0.01803233375269987,0.01912271708927151,0.0016013002465116984,0.08879416089843672,0.01909138478060652,0.492194477498946,0.007034845332297673,-0.052949220180498045,3.133230866499137e-05,-0.15338634630696993,0.02633099115112457,0.9869207904800061,False
GUT_GENOME172369_27,GUT_GENOME172369_01138,9972,0.02385108169883126,0.017921259665708407,0.018916942461758825,0.0015935731956627291,0.12482819480919155,0.019175764793597717,0.5645109993438203,0.005929822033122853,-0.09209861216292486,-0.000258822331838892,-0.1601885599003087,0.03414252908527164,0.9830736238463335,False
GUT_GENOME172369_27,GUT_GENOME172369_01138,10076,0.022906172158328898,0.01784967923022941,0.01861559640105971,0.0015343743303667314,0.14931486222632778,0.019314672141052047,0.6756646459666963,0.005056492928099489,-0.12303941086622225,-0.0006990757399923352,-0.17050960012994096,0.044212220362779414,0.978136439309416,False
GUT_GENOME172369_27,GUT_GENOME172369_01138,10173,0.024854181091280916,0.017725703266094916,0.018689474873835286,0.0014735667301047821,0.08424490074716917,0.019741196555716604,0.7623014339651374,0.0071284778251860005,-0.04963195513358523,-0.0010517216818813173,-0.17877682279226773,0.03442448333808012,0.9829350427204139,False
GUT_GENOME172369_27,GUT_GENOME172369_01138,10178,0.0243553058255107,0.01688141701496081,0.01783400112348538,0.0014174088520810656,0.07875212000534981,0.019366599144829758,0.8602109136603944,0.007473888810549889,-0.0373945388988821,-0.0015325980213443773,-0.19005020297095498,0.03751743118876119,0.9814161340855587,False
GUT_GENOME172369_27,GUT_GENOME172369_01138,10183,0.02357269458256907,0.015377635558082149,0.01632851285887295,0.0012326560512868838,0.05232598389946499,0.018459792691393234,0.9580967243349041,0.008195059024486922,-0.011844511661850188,-0.002131279832520285,-0.2040853448766414,0.04179112044992537,0.9793212393185144,False
GUT_GENOME172369_27,GUT_GENOME172369_01138,10392,0.020997789565437495,0.014401507199368236,0.01505391673005084,0.0010396563949390482,0.06733411573000754,0.017227306982704152,0.9817130520467471,0.006596282366069258,-0.06848687760968836,-0.002173390252653312,-0.2050725566329402,0.04674520588869489,0.9768984207241168,False
GUT_GENOME172369_27,GUT_GENOME172369_01138,10820,0.018071970646806754,0.01288898527524999,0.013477031194635938,0.000970700042701635,0.0826235637258827,0.01632113502159908,0.9983049242065051,0.005182985371556764,-0.11855796485922691,-0.0028441038269631427,-0.2207963685440101,0.06280702739378402,0.9690844553194804,False
GUT_GENOME172369_27,GUT_GENOME172369_01138,10824,0.017457498513255114,0.012331108548280699,0.01291193168726703,0.0009719743417654182,0.0827797421687983,0.015832236601635966,0.9986699472134761,0.005126389964974415,-0.12056305901276354,-0.0029203049143689368,-0.22258278171899407,0.06407854591628045,0.9684685467076267,False
GUT_GENOME172369_27,GUT_GENOME172369_01138,10837,0.017275687047202018,0.012369884368213421,0.01292864415737997,0.0009534156857093849,0.09606782136092895,0.015783829731566792,0.9986263859766156,0.004905802678988597,-0.12837815045187376,-0.0028551855741868228,-0.22105616246449314,0.06534677647697232,0.9678546206741362,False
GUT_GENOME172369_27,GUT_GENOME172369_01138,11264,0.017389023438163745,0.011932981703943784,0.01245762548213271,0.0008879379078781686,0.073647223012381,0.015580558388982242,0.9997818242924323,0.005456041734219961,-0.10888396922204896,-0.0031229329068495314,-0.22733307240002146,0.0635360445603815,0.968731280089187,False
GUT_GENOME172369_27,GUT_GENOME172369_01139,11701,0.01823700453434828,0.011778293307138228,0.012421568347383453,0.0008962380980402409,0.0582708080692856,0.015586354552334062,0.9997931520637025,0.00645871122721005,-0.07336082591891396,-0.0031647862049506096,-0.22831425633964353,0.05750921042742965,0.9716548742533595,False
GUT_GENOME172369_27,GUT_GENOME172369_01139,11906,0.017995791981701356,0.011504762924512742,0.012214172705471418,0.0008825025166183517,0.04423052106433034,0.015574619590662074,0.9999299129790025,0.006491029057188614,-0.07221585151448554,-0.0033604468851906565,-0.23290120947780274,0.05945810258618557,0.9707085101359214,False
GUT_GENOME172369_27,GUT_GENOME172369_01139,11926,0.01571772552011435,0.011264767657187818,0.01174940351695717,0.0007917087931692028,0.08661361807478218,0.014853833842952305,0.9999559412507755,0.004452957862926531,-0.14442179335466385,-0.0031044303259951354,-0.22689930884972614,0.07234095075226063,0.9644758600825821,False
GUT_GENOME172369_27,GUT_GENOME172369_01139,12653,0.015587205101751041,0.011229046434916004,0.01172228363500874,0.000785697067567665,0.08971270448653196,0.014791024473458491,0.999953034322936,0.004358158666835038,-0.1477803930241697,-0.003068740838449751,-0.22606262563522053,0.07294335527146793,0.9641854015197757,False
GUT_GENOME172369_28,GUT_GENOME172369_01163,10164,0.01695407350234379,0.015818259510171132,0.016130962147419017,0.0009019671789095391,0.3771478831459116,0.015460174050908916,0.22853063653272487,0.0011358139921726594,-0.2619434472014419,0.0006707880965101005,-0.13839532343425134,0.08776763508024563,0.9570651451967217,False
GUT_GENOME172369_28,GUT_GENOME172369_01164,10532,0.016957867703824472,0.01628051082254815,0.016539882141179817,0.0010556058910033371,0.4228486191072509,0.015714926349162023,0.2172542973399451,0.0006773568812763232,-0.27818592566774625,0.0008249557920177938,-0.13478110726243692,0.09555335611450937,0.9533466665359734,False
GUT_GENOME172369_28,GUT_GENOME172369_01166,13066,0.01860138407828522,0.01658401516942117,0.016900397960697547,0.0010495578050201673,0.2984812812570819,0.015759323826331727,0.13847529129531827,0.002017368908864052,-0.230711219778401,0.0011410741343658194,-0.12737021601599938,0.06945083885959999,0.9658705891473462,False
GUT_GENOME172369_28,GUT_GENOME172369_01166,13072,0.017968861603804235,0.01639343793458929,0.016678801452337598,0.0011756781672050598,0.3270986217455398,0.01587476816296878,0.2470226509103302,0.0015754236692149433,-0.2463687063080613,0.0008040332893688197,-0.13527160202646468,0.078995945762714,0.961271902600818,False
GUT_GENOME172369_28,GUT_GENOME172369_01166,13133,0.01813276525958314,0.017331625521259685,0.017624054004988246,0.0012781937691420514,0.40957830713837706,0.015970885669429856,0.09794279635649278,0.0008011397383234538,-0.273800476424403,0.00165316833555839,-0.11536498277081392,0.08827578013994028,0.9568220121220784,False
GUT_GENOME172369_28,GUT_GENOME172369_01166,13163,0.020632950952952162,0.017089013187195627,0.017686991422503295,0.0012944047349496707,0.2042444641480069,0.01611129955104446,0.11174313909099298,0.003543937765756535,-0.17662707276423562,0.0015756918714588362,-0.11718129512186437,0.04492857875970006,0.9777861539198142,False
GUT_GENOME172369_28,GUT_GENOME172369_01166,13189,0.0219242591678588,0.017668918325106222,0.01835004303918627,0.001505882661706328,0.16497471216237442,0.016261874894730795,0.08277061530782204,0.004255340842752579,-0.1514230811926366,0.0020881681444554732,-0.10516710481152655,0.03398906945231042,0.9831490577990578,False
GUT_GENOME172369_28,GUT_GENOME172369_01166,13220,0.023974672272673497,0.017716972480074464,0.018659005844867713,0.0015243933846710888,0.08158761625581035,0.016314155350891053,0.06199756840533138,0.0062576997925990335,-0.08048237299616853,0.0023448504939766607,-0.09914959578926508,0.01630805470826905,0.9918791265530909,False
GUT_GENOME172369_28,GUT_GENOME172369_01166,13229,0.026678725001562202,0.018632001022911265,0.02015071769099454,0.0016211609804379127,0.044394535951752016,0.016709009356562086,0.016877350486982114,0.008046723978650937,-0.01709980977049714,0.0034417083344324556,-0.07343551001985706,0.005685177626063715,0.9971614475171,False
GUT_GENOME172369_28,GUT_GENOME172369_01166,13340,0.03362550060130154,0.020439882115291904,0.022565567978175015,0.0016788297305170867,0.00945800926958594,0.01737782025772929,0.0010004536634884219,0.013185618486009635,0.16496385854777368,0.005187747720445723,-0.032502396472478316,0.028269480403424054,0.9859646862317002,False
GUT_GENOME172369_28,GUT_GENOME172369_01166,13529,0.03383815427730273,0.020928284338581654,0.02329768957808369,0.0018046407707587363,0.009198628785677091,0.017336102968354195,0.0004774715316674353,0.012909869938721077,0.1551944826672416,0.005961586609729494,-0.01436097573697303,0.02429156507447068,0.9879276797596697,False
GUT_GENOME172369_28,GUT_GENOME172369_01166,13579,0.03534186004872516,0.021315789750472425,0.023989309269883848,0.0018594519003064375,0.0059443755106165855,0.017664608792901753,0.00033523412422834285,0.014026070298252733,0.19473986188129308,0.006324700476982095,-0.005848349230410596,0.037957816994265946,0.9812000570083789,False
GUT_GENOME172369_29,GUT_GENOME172369_01177,4372,0.023969187730778534,0.01584529853850751,0.017545707500598026,0.0016364977860833928,0.05519454508800734,0.018860551770420734,0.7891426791597106,0.008123889192271024,-0.014365956830313501,-0.0013148442698227084,-0.18494531295083008,0.034411149498130914,0.9829415958915286,False
GUT_GENOME172369_29,GUT_GENOME172369_01177,4448,0.0248160244915346,0.015976337284320193,0.017753230778041716,0.0015668933854698839,0.056587808649055306,0.01919361673416111,0.8210207938526992,0.008839687207214408,0.010993741094778067,-0.0014403859561193944,-0.18788843791197146,0.03542292744425977,0.9824444623347953,False
GUT_GENOME172369_29,GUT_GENOME172369_01177,4577,0.028501710675134715,0.01656600978644241,0.018617405641855704,0.001623559510472487,0.031528145211527116,0.020653094504992947,0.8950504770274008,0.011935700888692304,0.12068106921686043,-0.002035688863137243,-0.20184436678920303,0.05530506887185899,0.9727262969797632,False
GUT_GENOME172369_29,GUT_GENOME172369_01178,4969,0.03163676633466163,0.016966426437572107,0.01930446723393603,0.0017341085317382837,0.01891081694165052,0.021531722771380823,0.9004956094771754,0.014670339897089522,0.21756541052452755,-0.0022272555374447944,-0.20633534247631458,0.08990898141152423,0.9560409895937876,False
GUT_GENOME172369_29,GUT_GENOME172369_01179,5336,0.03328987038616713,0.01770887421706715,0.020862791218211153,0.0021913719928700753,0.01823588428721671,0.022405521811677667,0.7592842825215642,0.015580996169099984,0.2498286572640452,-0.0015427305934665146,-0.19028774499235776,0.09862378388463235,0.9518841983841756,False
GUT_GENOME172369_29,GUT_GENOME172369_01179,5342,0.034730441484596565,0.018749587711092235,0.022440651748603338,0.0026267615922789603,0.019329109758827855,0.023071411822086604,0.5948846431394109,0.01598085377350433,0.2639950391889057,-0.0006307600734832657,-0.16890804809355445,0.09822330942712637,0.9520748201223012,False
GUT_GENOME172369_29,GUT_GENOME172369_01179,5343,0.03367030277717187,0.019025358738252365,0.022539488733826576,0.0027112470822329786,0.026978775767893228,0.022954720543736862,0.5608606348298554,0.014644944038919503,0.21666567166203424,-0.0004152318099102867,-0.16385533109520198,0.0737925828050787,0.9637760820320324,False
GUT_GENOME172369_29,GUT_GENOME172369_01179,5621,0.031339546135481997,0.018955404579284903,0.021910413397400564,0.002584911533095653,0.04204843577346875,0.022653672725842868,0.6131496522539759,0.012384141556197093,0.13656867944744674,-0.0007432593284423042,-0.17154541401675294,0.04807883327619864,0.9762472286158098,False
GUT_GENOME172369_29,GUT_GENOME172369_01179,5623,0.029004322234492758,0.01755721273675285,0.020517052146919002,0.0025652072176480852,0.04352702490480418,0.022053106395226636,0.7253479304232678,0.011447109497739909,0.1033709763908373,-0.0015360542483076334,-0.19013122870947255,0.046835442890568804,0.976854345526117,False
GUT_GENOME172369_29,GUT_GENOME172369_01179,5631,0.030731402532468734,0.017328384492270886,0.02057213599568777,0.0025389549840868298,0.026352064459352408,0.022012504263743713,0.7147473672976268,0.013403018040197848,0.17266601321734024,-0.001440368268055943,-0.18788802324348491,0.06511546139871505,0.9679665668313814,False
GUT_GENOME172369_29,GUT_GENOME172369_01179,5633,0.03006828524991258,0.017158903267055322,0.0201495909915421,0.0024941394920869322,0.027571924177343804,0.0220077887492908,0.771871876293553,0.012909381982857258,0.15517719509023117,-0.0018581977577486995,-0.19768337040577794,0.06315867681105966,0.968914081305898,False
GUT_GENOME172369_29,GUT_GENOME172369_01179,5978,0.02865102755804835,0.017432363772472814,0.02000199744252543,0.0024213055815123577,0.043978056807802486,0.02201538348936836,0.7971626014579014,0.011218663785575535,0.0952774721734092,-0.0020133860468429313,-0.2013215127693485,0.04960814820749372,0.9755010192177838,False
GUT_GENOME172369_29,GUT_GENOME172369_01179,6005,0.028401216064232716,0.01719766611322624,0.01986109535112493,0.002298374804968101,0.040771775676186506,0.02165215532520517,0.7820903555438102,0.011203549951006475,0.09474201067287474,-0.0017910599740802412,-0.1961094319572901,0.04743495788895011,0.9765615699934516,False
GUT_GENOME172369_29,GUT_GENOME172369_01180,6614,0.028765805051770493,0.017073451315323503,0.019798593612369436,0.002255701591224137,0.035948390967955136,0.021612365480930693,0.789325551533205,0.01169235373644699,0.1120596283312489,-0.0018137718685612564,-0.19664187616394124,0.05122538776301244,0.9747125286379225,False
GUT_GENOME172369_29,GUT_GENOME172369_01180,7022,0.028639831186390765,0.01802258670783928,0.02037868324293061,0.0023745945686915455,0.050381343330128135,0.02162028873622442,0.6994678190483729,0.010617244478551485,0.07397004796428482,-0.0012416054932938084,-0.1832283464380794,0.039044194934271435,0.9806672246874669,False
GUT_GENOME172369_29,GUT_GENOME172369_01180,7085,0.02780438627524689,0.017754024494959008,0.02017133863097343,0.002401557850120803,0.05344394729643952,0.021701351196474903,0.7379674416220621,0.010050361780287884,0.05388620631230311,-0.0015300125655014728,-0.18998959107500515,0.038999767947579776,0.9806890089742886,False
GUT_GENOME172369_29,GUT_GENOME172369_01180,7346,0.026159521136432284,0.017912758885668605,0.019906350943710217,0.0022129028507441775,0.07784672875373441,0.022100237267859334,0.8392564421624172,0.008246762250763678,-0.010012740446006705,-0.0021938863241491163,-0.2055530543975001,0.04235231314338073,0.979046483905974,False
GUT_GENOME172369_29,GUT_GENOME172369_01180,7394,0.02545785248296941,0.017530224117491403,0.019123243149594654,0.002006761068939645,0.09291711966570276,0.022059389669418204,0.9282836992743898,0.007927628365478008,-0.021319196680235793,-0.0029361465198235494,-0.2229541629375627,0.05016306691827983,0.9752303948791697,False
GUT_GENOME172369_29,GUT_GENOME172369_01181,7593,0.02443946390389793,0.017036506935170125,0.0185162677730564,0.001820677914596688,0.10180891695871097,0.020663044419599267,0.8808224955039368,0.007402956968727805,-0.03990755240873474,-0.0021467766465428674,-0.20444864300902624,0.04339186036748816,0.9785377336076098,False
GUT_GENOME172369_29,GUT_GENOME172369_01181,7698,0.023328093763269928,0.01657477462420428,0.01804059507567279,0.0018740763970411189,0.11210361624770215,0.01967319630807808,0.8081638104775046,0.006753319139065649,-0.06292328977739377,-0.0016326012324052903,-0.19239461903983038,0.04097502983189133,0.9797209282962995,False
GUT_GENOME172369_29,GUT_GENOME172369_01181,7702,0.013380515988921067,0.01460328388941459,0.014435417101632772,0.0012112765584056722,0.6682193434863779,0.013802414499281558,0.30062934488286913,-0.001222767900493523,-0.3455046237916509,0.0006330026023512146,-0.13928114418677232,0.1387726821873867,0.9329661672727873,False
GUT_GENOME172369_29,GUT_GENOME172369_01181,7801,0.01257488690090269,0.014683566664865184,0.014317772029099014,0.001149357469340223,0.8008043920966921,0.013634994922161038,0.27623895681507543,-0.0021086797639624944,-0.3768912115954814,0.0006827771069379766,-0.13811426017239362,0.16112253424087755,0.9225983769062863,False
GUT_GENOME172369_29,GUT_GENOME172369_01181,7803,0.012143472085070781,0.014799033674015588,0.014400400879741508,0.0010760295378628047,0.8656041394112963,0.0135785654715443,0.22250317574529588,-0.002655561588944807,-0.3962664509685204,0.0008218354081972086,-0.1348542596931682,0.17521277152057924,0.916121404194292,False
GUT_GENOME172369_29,GUT_GENOME172369_01181,8062,0.013294322605841357,0.014141402295855544,0.013930426559966525,0.001143656937667069,0.6309168306832847,0.013536699173172594,0.3653214202265324,-0.000847079690014187,-0.3321945288586163,0.0003937273867939319,-0.14489057066703234,0.13134648247181635,0.9364368032372568,False
GUT_GENOME172369_29,GUT_GENOME172369_01181,8388,0.013969438663869276,0.015595604831191559,0.01501405112090161,0.001200175964147301,0.753430299470747,0.013478247438802054,0.10033434681394326,-0.0016261661673222828,-0.3597964463124105,0.0015358036820995562,-0.11811641021567151,0.14340496914127607,0.9308077842974636,False
GUT_GENOME172369_29,GUT_GENOME172369_01181,8461,0.013583650376112135,0.015717551353097464,0.015131544779027164,0.0012460377426591995,0.816851883784791,0.013451885889493873,0.08882918969871001,-0.0021339009769853288,-0.3777847630306779,0.0016796588895332913,-0.11474395390830729,0.15588750213665717,0.9250164562676609,False
GUT_GENOME172369_29,GUT_GENOME172369_01181,8464,0.013917531976695626,0.015956359477135057,0.015432277406606229,0.0013376780241432106,0.8098117902734214,0.013443508956534846,0.06854283082443689,-0.002038827500439431,-0.3744164459977186,0.001988768450071383,-0.10749737239276871,0.15174336010491216,0.9269351431971992,False
GUT_GENOME172369_29,GUT_GENOME172369_01181,8469,0.01445202777731705,0.016128193725509575,0.01568180625699709,0.00137973562848947,0.7602721639990828,0.01344898468037448,0.052799338722984354,-0.0016761659481925248,-0.3615678668985522,0.00223282157662261,-0.10177593539613601,0.1410896633993276,0.9318859605577916,False
GUT_GENOME172369_29,GUT_GENOME172369_01182,9250,0.015353097605512608,0.01656563961155201,0.016201789025484453,0.001465018053746789,0.6879344725717317,0.013569362725817873,0.036179251460497226,-0.001212542006039402,-0.34514233500493097,0.00263242629966658,-0.09240783887239393,0.12766244009772232,0.9381633293297903,False
GUT_GENOME172369_29,GUT_GENOME172369_01188,17827,0.01685147910152031,0.01638739658737955,0.016528004974166573,0.0015807079450174623,0.4298077937201591,0.013515491681459522,0.02833807573527206,0.0004640825141407588,-0.2857419308714639,0.003012513292707051,-0.08349730445453565,0.08862025090932586,0.956657227705999,False
GUT_GENOME172369_29,GUT_GENOME172369_01188,17837,0.017775360953601504,0.015807232958334874,0.016526690065680492,0.0015023917184548363,0.23331850370802387,0.013572989164727866,0.024649352111298067,0.0019681279952666296,-0.2324557547845297,0.002953700900952627,-0.08487606734440009,0.06123962474029654,0.9698442257705094,False
GUT_GENOME172369_3,GUT_GENOME172369_00178,5463,0.02059828971983011,0.011655676200362395,0.01233556990227139,0.000911122093922496,0.032217529284086326,0.01656123945704657,0.9999982399444897,0.008942613519467716,0.014640272843673731,-0.0042256695547751785,-0.25318497745094987,0.0643169703957752,0.968353100284499,False
GUT_GENOME172369_3,GUT_GENOME172369_00178,6082,0.01990829109179341,0.011694862030594512,0.012434760212905831,0.0009377550995574301,0.0373913712969368,0.01662995889060466,0.999996155424348,0.0082134290611989,-0.011193687585556212,-0.004195198677698828,-0.2524706362503757,0.06386672081043256,0.9685711251159097,False
GUT_GENOME172369_3,GUT_GENOME172369_00179,8049,0.019445406813523063,0.01175613834329614,0.012541504345788277,0.0009420144359199473,0.04208307688465454,0.016673744664611866,0.9999942431820446,0.0076892684702269225,-0.029763946197321436,-0.00413224031882359,-0.2509946777621305,0.06388422075815278,0.9685626501809611,False
GUT_GENOME172369_3,GUT_GENOME172369_00179,8120,0.016037635445384026,0.011938550848434638,0.01255036192533938,0.0010482076107072942,0.12066006349926084,0.016550768425807244,0.9999323005983134,0.004099084596949389,-0.15695901606497792,-0.004000406500467865,-0.2479040437825266,0.08609254764781485,0.9578670648696039,False
GUT_GENOME172369_3,GUT_GENOME172369_00179,8121,0.01657335111403283,0.011879045438719373,0.012550279987100203,0.0010303810817718707,0.10081055289359614,0.01657199302054937,0.9999525219948123,0.0046943056753134555,-0.1358711862151649,-0.0040217130334491685,-0.2484035415262837,0.08016529868631617,0.9607100338177086,False
GUT_GENOME172369_3,GUT_GENOME172369_00179,8127,0.017470437783475224,0.011541311341076856,0.012254003017418342,0.0009433401561490568,0.06931737259091868,0.016689686097392104,0.9999987125256483,0.005929126442398368,-0.09212325594550623,-0.004435683079973761,-0.25810841018809294,0.07510664569582609,0.9631430588206885,False
GUT_GENOME172369_3,GUT_GENOME172369_00179,8355,0.017967770907920358,0.011847178350385384,0.012650334909711765,0.0008553107416185218,0.07845175940156651,0.016758102998746353,0.9999992171483221,0.006120592557534974,-0.0853398858587099,-0.004107768089034588,-0.2504209652968018,0.06999355597855965,0.9656085274535813,False
GUT_GENOME172369_3,GUT_GENOME172369_00179,8497,0.019795529168717924,0.012158083434226,0.013104675465249863,0.0008791160803839465,0.05270573183114716,0.017011274299960653,0.9999955804093181,0.0076374457344919235,-0.031599951462012436,-0.003906598834710791,-0.24570487240941316,0.061369441258127544,0.9697812769133679,False
GUT_GENOME172369_3,GUT_GENOME172369_00179,8516,0.020777414242806252,0.012834952804840124,0.013711171467203905,0.0008833847234927392,0.045452280440805154,0.016917292060415357,0.999857937247831,0.007942461437966128,-0.0207936821778947,-0.003206120593211452,-0.22928327526421408,0.05300319753440066,0.973846486880469,False
GUT_GENOME172369_3,GUT_GENOME172369_00179,8957,0.020844576429027293,0.012707925107449593,0.013577284713366347,0.000897348595176655,0.047394860906491726,0.016727879858167163,0.9997767917562022,0.0081366513215777,-0.013913812877212625,-0.0031505951448008163,-0.22798156952792412,0.052169190233197785,0.9742526691044727,False
GUT_GENOME172369_3,GUT_GENOME172369_00179,8958,0.018784353258920545,0.012448083474654762,0.013085296200855656,0.0007894759838916186,0.07783538304201065,0.016077567202000296,0.9999247366474187,0.006336269784265783,-0.07769875078284999,-0.0029922710011446394,-0.224269912046722,0.056334089322659854,0.9722259480818011,False
GUT_GENOME172369_3,GUT_GENOME172369_00179,9173,0.016477941923040605,0.012210381816855086,0.01263799810423501,0.0006536272948308861,0.12322210863608424,0.01514030143970139,0.9999354930949521,0.004267560106185519,-0.150990170199511,-0.0025023033354663795,-0.2127834001991594,0.06807480689719292,0.9665353522060351,False
GUT_GENOME172369_3,GUT_GENOME172369_00179,9179,0.01720774034626225,0.012149353416357958,0.012618170799765505,0.0006545351638947617,0.07437546018073132,0.014868183954298916,0.9997065249965407,0.005058386929904292,-0.12297230909639799,-0.0022500131545334107,-0.2068688585767063,0.05791691345332936,0.9714568211245787,False
GUT_GENOME172369_3,GUT_GENOME172369_00179,9182,0.01845713298960342,0.012014073754985546,0.012626320642754808,0.0007002042940707614,0.03517689951290863,0.01478778071730346,0.9989887191519222,0.006443059234617875,-0.07391535358702259,-0.0021614600745486524,-0.20479287260123372,0.04740360016415972,0.9765768814879611,False
GUT_GENOME172369_3,GUT_GENOME172369_00179,9381,0.01943234806866458,0.012216556560447879,0.013612122307735824,0.0010285224875361489,0.022548255891191284,0.014633403148850564,0.8396350750580799,0.0072157915082167005,-0.046538556465022446,-0.0010212808411147398,-0.1780631857451556,0.03387233535556187,0.9832064429823592,False
GUT_GENOME172369_3,GUT_GENOME172369_00179,9441,0.021303991318844227,0.012697575282450866,0.01420838737128464,0.0010544457649724341,0.010771345203312159,0.014637113408135017,0.6578450568863713,0.008606416036393361,0.002729277792065381,-0.0004287260368503777,-0.1641716817617434,0.026959790049745413,0.9866105518989413,False
GUT_GENOME172369_3,GUT_GENOME172369_00179,9499,0.020116960436669704,0.01248001475437585,0.013847027430633686,0.0010101238733171568,0.020058299874357935,0.014656874934535167,0.7886456760651057,0.007636945682293854,-0.03161766759481118,-0.0008098475039014803,-0.17310646777580171,0.03096552608995065,0.9846364787401596,False
GUT_GENOME172369_3,GUT_GENOME172369_00181,10594,0.01845649812694077,0.012547218954092831,0.013711538379051508,0.0010016347147225788,0.04304902639589019,0.014554457993387762,0.7999783572627914,0.005909279172847937,-0.09282641626437999,-0.0008429196143362547,-0.17388179075105778,0.03885162071128259,0.980761654848,False
GUT_GENOME172369_3,GUT_GENOME172369_00183,12615,0.018342718476028228,0.012167815617278345,0.013584068463285097,0.001037665870400526,0.03688727229236275,0.014513588102036233,0.8148146843906253,0.006174902858749883,-0.08341574971376717,-0.0009295196387511355,-0.17591199044814135,0.03790321568373682,0.981226844778541,False
GUT_GENOME172369_3,GUT_GENOME172369_00184,13973,0.01827788503575837,0.012177305741727632,0.013576806277543527,0.0010278088248416018,0.03771312031790619,0.014482773596960128,0.8109642241030453,0.006100579294030737,-0.08604892710549633,-0.0009059673194166014,-0.17535984381883427,0.038155492680172966,0.9811030821037124,False
GUT_GENOME172369_3,GUT_GENOME172369_00187,16035,0.01851739295691957,0.012440087840285507,0.013833696893812489,0.0010516842246669534,0.040214412923417556,0.014499940098212058,0.7367967969363838,0.006077305116634062,-0.08687349785857584,-0.0006662432043995688,-0.16973989360543026,0.03635863611136677,0.9819849289413433,False
GUT_GENOME172369_3,GUT_GENOME172369_00187,16100,0.019969687039654332,0.013497881300006764,0.014900728518867788,0.0011595180478034556,0.04668743772736577,0.014632853996770298,0.4086487402526898,0.006471805739647568,-0.07289690610779508,0.0002678745220974898,-0.14784099071033094,0.02717091745430085,0.9865064071334267,False
GUT_GENOME172369_3,GUT_GENOME172369_00187,16235,0.019244658629969828,0.013706992595583114,0.014821102312208545,0.0011686582100234857,0.07050060115714667,0.014644683982591137,0.44000441569247944,0.005537666034386714,-0.1059921372354241,0.0001764183296174074,-0.14998503553623024,0.03372984404053723,0.9832764946672693,False
GUT_GENOME172369_3,GUT_GENOME172369_00188,16547,0.01920737391764636,0.01336119164137658,0.014840375339344495,0.0011483222543227957,0.0550373315718903,0.014586504155790108,0.41251503757571784,0.0058461822762697815,-0.09506184889178024,0.00025387118355438623,-0.1481692766878518,0.03099088966892484,0.984623991866793,False
GUT_GENOME172369_3,GUT_GENOME172369_00188,16548,0.01711356642885351,0.013560751597883908,0.014784347812647721,0.001164805844054427,0.15288744863214793,0.01471466717193485,0.4761488297762,0.0035528148309696,-0.17631257106464307,6.96806407128707e-05,-0.152487330716232,0.054338508744386324,0.9731965098196593,False
GUT_GENOME172369_3,GUT_GENOME172369_00188,16549,0.015288136131760464,0.013798897918791238,0.014984427160100348,0.0011334452189140822,0.3176378431620855,0.014734194184734001,0.41263498063204795,0.001489238212969226,-0.24942213351839024,0.00025023297536634626,-0.14825456868645331,0.08419081782527199,0.9587783002134508,False
GUT_GENOME172369_3,GUT_GENOME172369_00188,16550,0.015120670964020456,0.014454159858394738,0.015099470034862667,0.0011050661527811448,0.41397728233835474,0.014941851602440059,0.4432901841487325,0.0006665111056257181,-0.2785701759569628,0.00015761843242260813,-0.15042576919477094,0.10022925497053173,0.9511203937129545,False
GUT_GENOME172369_3,GUT_GENOME172369_00188,16841,0.01538132123129636,0.01494914725462395,0.015517260191254875,0.0009791511145269486,0.4468417091520799,0.015847240770889764,0.6319441113874298,0.0004321739766724106,-0.2868724046287749,-0.00032998057963488925,-0.16185675172931244,0.10849338461785983,0.9471984111145035,False
GUT_GENOME172369_3,GUT_GENOME172369_00188,17080,0.019598574960036707,0.015760751838065242,0.01658858841447933,0.001065653228702432,0.1960090489765403,0.01763780611991742,0.8375840647872628,0.003837823121971465,-0.16621513573363622,-0.001049217705438088,-0.17871812105112048,0.059567638138994065,0.9706553480450826,False
GUT_GENOME172369_3,GUT_GENOME172369_00189,17211,0.02218165057680357,0.016767678930169855,0.017827577764439606,0.0011890088807809645,0.13191362008012647,0.019201850487590093,0.8761213106986074,0.005413971646633715,-0.11037445213845341,-0.0013742727231504867,-0.18633851842345425,0.04690456313311175,0.9768205859048428,False
GUT_GENOME172369_3,GUT_GENOME172369_00189,17212,0.027689014138729286,0.017940258352933537,0.019772288091628423,0.0016612349657930381,0.052436952999496474,0.02315063318865095,0.9790057805337687,0.00974875578579575,0.04320073813127954,-0.0033783450970225268,-0.23332080455857682,0.05630490161494899,0.972240136708735,False
GUT_GENOME172369_3,GUT_GENOME172369_00189,17308,0.030477932254411387,0.018548168763358536,0.020755823262374275,0.001904041896001006,0.034939285584479285,0.02474810767052708,0.9819917850394776,0.01192976349105285,0.12047071572683349,-0.003992284408152805,-0.24771363425932919,0.07587523794570022,0.9627729977864887,False
GUT_GENOME172369_3,GUT_GENOME172369_00189,17332,0.032266291235300164,0.018362982582077417,0.021406674631226,0.0023593950733031303,0.02175769484165416,0.026164808894350338,0.9781353063793197,0.013903308653222746,0.19039059271631217,-0.004758134263124339,-0.2656677648046725,0.10682793905117946,0.9479874933095455,False
GUT_GENOME172369_3,GUT_GENOME172369_00189,17493,0.0311000749042323,0.01786834696707097,0.02071772287644939,0.0022046456786229776,0.020192592584680483,0.024921361171907484,0.9717214630639776,0.01323172793716133,0.1665974503268613,-0.004203638295458095,-0.2526684896520824,0.09159607611847548,0.9552348637976439,False
GUT_GENOME172369_3,GUT_GENOME172369_00189,17494,0.030972644234276103,0.017376364097990798,0.020255482375568765,0.002105778850333391,0.015044056807218086,0.024299980177967778,0.9726130845146403,0.013596280136285305,0.17951301233556996,-0.004044497802399013,-0.24893769415883354,0.09419489717090744,0.9539944276530448,False
GUT_GENOME172369_3,GUT_GENOME172369_00189,17550,0.030757181531294347,0.016909856641999205,0.019551327838887998,0.0018202225907258355,0.011722161576591323,0.023529012274741388,0.9855656053158862,0.013847324889295142,0.1884071681855443,-0.00397768443585339,-0.24737136115328826,0.09668985134252654,0.9528050834586105,False
GUT_GENOME172369_3,GUT_GENOME172369_00189,17557,0.02606471638129989,0.016041457924449894,0.01765125826185201,0.0015276313417865901,0.03349503258011641,0.02227852748366987,0.998773372984198,0.010023258456849996,0.05292597440218073,-0.0046272692218178625,-0.26259984226060473,0.07175983592171477,0.9647561364117919,False
GUT_GENOME172369_3,GUT_GENOME172369_00189,17572,0.021372920594555967,0.014798554179731922,0.015568070397002148,0.0011290570820162646,0.0757512218204547,0.02125353976719634,0.9999997618112839,0.006574366414824045,-0.06926332835657065,-0.0056854693701941916,-0.2874076599858643,0.08740057167358031,0.9572408131128427,False
GUT_GENOME172369_3,GUT_GENOME172369_00189,17677,0.01786758827644266,0.014203942813525487,0.01467490473376496,0.0010008174828831107,0.16536333667977626,0.020245414418360908,0.9999999869643182,0.0036636454629171734,-0.1723860005959337,-0.005570509684595949,-0.28471261318356494,0.11077820530727553,0.9461169397108342,False
GUT_GENOME172369_3,GUT_GENOME172369_00189,17988,0.013831751899271279,0.012480242987227542,0.01270029044792259,0.0007764346782522711,0.3166991620219129,0.017401549766901843,0.9999999992976158,0.001351508912043737,-0.25430168528297664,-0.004701259318979254,-0.2643344222894116,0.1345420339448391,0.9349417819067235,False
GUT_GENOME172369_3,GUT_GENOME172369_00191,18506,0.012971635387179152,0.011949261257135023,0.012145490374701468,0.0007518252230298298,0.35001301446348365,0.016837606703210786,0.9999999997825628,0.0010223741300441295,-0.26596245895641457,-0.004692116328509318,-0.26412007943433835,0.14049544593454372,0.9321628731488042,False
GUT_GENOME172369_3,GUT_GENOME172369_00191,18917,0.013485219773575757,0.011487760816501326,0.01180464750185414,0.0007264530724251833,0.23036844816162672,0.016248900559106366,0.9999999995254496,0.0019974589570744307,-0.2314166008391851,-0.004444253057252226,-0.25830931966118265,0.12027734776778577,0.9416339444935214,False
GUT_GENOME172369_3,GUT_GENOME172369_00191,19013,0.013392098237988091,0.01165540670505855,0.011831847656179274,0.0006659292649060771,0.2618254503900312,0.016007868300248355,0.9999999998205941,0.001736691532929541,-0.24065521699480785,-0.004176020644069082,-0.2520210377851462,0.12142953695312012,0.9410916304969063,False
GUT_GENOME172369_3,GUT_GENOME172369_00191,19042,0.012396126667033103,0.01106975669287367,0.011219717288895759,0.0005737522042803274,0.30208623424780334,0.015281897619713594,0.9999999999992794,0.0013263699741594328,-0.25519232182791596,-0.004062180330817835,-0.2493522328853769,0.12729965716484587,0.9383335195869195,False
GUT_GENOME172369_3,GUT_GENOME172369_00191,19248,0.012881741486756589,0.011001419119964643,0.011175890814387579,0.0005725489711469669,0.24518268466222115,0.015283513272400068,0.9999999999996365,0.001880322366791946,-0.23556658237521103,-0.004107622458012489,-0.25041755120934683,0.11820056468562293,0.9426122370537341,False
GUT_GENOME172369_3,GUT_GENOME172369_00191,19355,0.013476363711421463,0.010796216620499172,0.010982725554310431,0.000601566299936217,0.18193160703064942,0.015174311384469619,0.9999999999983902,0.0026801470909222913,-0.20722993855458016,-0.004191585830159187,-0.25238593879179944,0.106642909533153,0.948075200201065,False
GUT_GENOME172369_3,GUT_GENOME172369_00192,19791,0.013247940998282371,0.010473248374775314,0.010636807845286473,0.0005737477333911195,0.1835882142176561,0.014895904098247686,0.9999999999999428,0.0027746926235070572,-0.20388032581961582,-0.004259096252961213,-0.25396861317149744,0.1060672437325664,0.9483481267123653,False
GUT_GENOME172369_3,GUT_GENOME172369_00194,21661,0.012604458706370985,0.010244195235499702,0.01037493573137214,0.0005263088356605071,0.19798921840476735,0.01413116541054683,0.9999999999995228,0.0023602634708712825,-0.2185629568171692,-0.0037562296791746903,-0.2421797069596025,0.1064207765557027,0.9481805054324316,False
GUT_GENOME172369_3,GUT_GENOME172369_00194,21690,0.011470674798136507,0.010255657637823113,0.010291448721384046,0.0005317803203755274,0.32317811559941045,0.013988973375769587,0.9999999999982133,0.0012150171603133933,-0.2591373924529971,-0.003697524654385541,-0.24080346111730072,0.12513849505341001,0.9393480130346158,False
GUT_GENOME172369_3,GUT_GENOME172369_00195,23886,0.011075432815252861,0.010655862562731502,0.010642925260950039,0.000492070603943158,0.4345690750354843,0.013914026366957375,0.999999999985107,0.00041957025252135904,-0.28731893651420787,-0.003271101106007337,-0.23080663993167105,0.13582387631620346,0.9343427498979785,False
GUT_GENOME172369_3,GUT_GENOME172369_00195,23971,0.011143961813477085,0.01068016187834378,0.010671910811384043,0.0004874419700383384,0.4307455022343281,0.013899188753667767,0.9999999999821425,0.000463799935133305,-0.28575194224076,-0.003227277942283724,-0.22977927562873865,0.1344526880028345,0.934983549466769,False
GUT_GENOME172369_3,GUT_GENOME172369_00196,24399,0.011785123246286007,0.010671630231282937,0.010683105725200988,0.0005183017868293614,0.35449721377484417,0.013897520176513333,0.9999999997209308,0.00111349301500307,-0.2627342474364194,-0.0032144144513123456,-0.22947771156279323,0.12168930488007816,0.9409694057236312,False
GUT_GENOME172369_3,GUT_GENOME172369_00196,24400,0.012587074969705677,0.010625252186332847,0.010664529671109408,0.0005367270303976122,0.27170641508863963,0.013906268314565488,0.9999999992286043,0.0019618227833728304,-0.2326791394065073,-0.0032417386434560793,-0.23011828374493834,0.10709400642866881,0.9478613874247782,False
GUT_GENOME172369_3,GUT_GENOME172369_00196,24511,0.01448263380011208,0.010522570941953989,0.010636189233524714,0.0005722941272833216,0.15474673036449826,0.01401238215908295,0.9999999981758894,0.003960062858158092,-0.16188435705107598,-0.003376192925558236,-0.23327035032505444,0.08062160139861388,0.9604908715226654,False
GUT_GENOME172369_3,GUT_GENOME172369_00198,28082,0.01604793086017794,0.010518237591914852,0.010664268288889738,0.0005574013280343588,0.10837708522117212,0.013988267872497816,0.9999999987646849,0.005529693268263089,-0.10627460091414569,-0.003323999583608078,-0.23204676051970582,0.06513998986715064,0.9679546955354871,False
GUT_GENOME172369_3,GUT_GENOME172369_00198,28715,0.015604251675960289,0.010329539903172584,0.010502729141121804,0.0005520768246358716,0.10647670803342546,0.013642198206470488,0.9999999935223158,0.005274711772787705,-0.1153082299082905,-0.0031394690653486837,-0.22772073630892603,0.0651527216296626,0.967948533670447,False
GUT_GENOME172369_3,GUT_GENOME172369_00199,29044,0.01644874450113404,0.010149998453511905,0.010337331083822641,0.0005641584593127891,0.07218277045766121,0.013369196984876722,0.9999999615252299,0.006298746047622133,-0.079028163000316,-0.00303186590105408,-0.2251981514363218,0.05695965795754104,0.971921898605665,False
GUT_GENOME172369_3,GUT_GENOME172369_00199,29045,0.018833965771769517,0.010120395650068089,0.010380092708008007,0.0005783585170613589,0.03433599373379486,0.013316072313279735,0.9999998076742052,0.008713570121701429,0.00652559348185816,-0.0029359796052717286,-0.22295024989163886,0.04974939729703468,0.975432127335136,False
GUT_GENOME172369_3,GUT_GENOME172369_00199,29051,0.023636461231134803,0.010252601393554854,0.010644567658182174,0.0005540969587396833,0.007666624338591533,0.013305402709170308,0.9999992149915689,0.01338385983757995,0.17198726555244762,-0.002660835050988134,-0.2164999238722762,0.07645183654890952,0.9624954710109331,False
GUT_GENOME172369_3,GUT_GENOME172369_00199,29218,0.02079047557231568,0.01028959503903916,0.01071994970469165,0.0006000259008656462,0.0133254176112668,0.01318239883887234,0.9999796882599529,0.01050088053327652,0.06984744013366884,-0.0024624491341806894,-0.21184908190162535,0.04975869839578802,0.9754275910504122,False
GUT_GENOME172369_3,GUT_GENOME172369_00199,29219,0.019774751764284917,0.010004630070074776,0.01041466349735072,0.0005775459720120902,0.015355710470474526,0.01299010320417788,0.9999958882450802,0.00977012169421014,0.043957701648881624,-0.00257543970682716,-0.2144979659857821,0.04794165694628983,0.9763141899181126,False
GUT_GENOME172369_3,GUT_GENOME172369_00199,30487,0.01724561547691563,0.010471621687675646,0.01077568139839212,0.0007000955613415986,0.03721237484931542,0.012825124711781783,0.9982908261943093,0.006773993789239985,-0.062190816548658163,-0.002049443313389663,-0.2021668179770022,0.044739119953935196,0.9778787834056204,False
GUT_GENOME172369_3,GUT_GENOME172369_00204,33191,0.019997184234673882,0.010611005491813905,0.01100863790520645,0.0006727509029875669,0.017860778930573872,0.012803798226188158,0.9961891888124043,0.009386178742859977,0.030355153075904084,-0.0017951603209817087,-0.19620555806226,0.03941805633278445,0.9804839250101203,False
GUT_GENOME172369_3,GUT_GENOME172369_00204,34047,0.020322582645866942,0.010640655911757934,0.011057382891518308,0.0006741465546918734,0.014881885698179272,0.01281132268001961,0.9953621067492603,0.009681926734109008,0.04083308059659061,-0.001753939788501302,-0.19523920830519265,0.039785688930646074,0.9803037126473559,False
GUT_GENOME172369_3,GUT_GENOME172369_00204,34193,0.01811779164631306,0.010608680499645648,0.010930824692264918,0.0006291531910626647,0.028268644090484504,0.0127748488075394,0.9983104296056236,0.0075091111466674115,-0.03614666200413119,-0.0018440241152744823,-0.19735109192373193,0.04025403465753019,0.9800741789962475,False
GUT_GENOME172369_3,GUT_GENOME172369_00212,41258,0.018570724224489247,0.010892287009732514,0.0111558637623838,0.00048754827990805363,0.02705519591538029,0.012818720813368378,0.9996759601180172,0.007678437214756733,-0.03014768205735344,-0.001662857050984578,-0.1931039185363341,0.03819800608751843,0.9810822273078768,False
GUT_GENOME172369_3,GUT_GENOME172369_00212,41642,0.019214494654845718,0.010613349978920798,0.0109514317077731,0.0005065702025686775,0.01775989869951422,0.012818936057823289,0.9998863496249335,0.00860114467592492,0.002542521044570761,-0.0018675043500501892,-0.1979015486453226,0.03917148736947908,0.9806048109141089,False
GUT_GENOME172369_3,GUT_GENOME172369_00212,41643,0.020515091025256983,0.010708141160632886,0.011082371168077166,0.000533888236613496,0.01409450461173292,0.01284671066067301,0.9995246063814085,0.009806949864624097,0.04526247095158163,-0.0017643394925958445,-0.19548301281038946,0.04026229957406966,0.98007012888897,False
GUT_GENOME172369_3,GUT_GENOME172369_00212,41644,0.021398121445136833,0.01092034182994177,0.011310424704501906,0.0005514232701893563,0.012908409974137305,0.0128385143468804,0.9972072685534867,0.010477779615195063,0.06902900770984548,-0.001528089642378494,-0.18994451120386005,0.04084392124187922,0.9797851553162122,False
GUT_GENOME172369_3,GUT_GENOME172369_00212,41645,0.020615916733723916,0.010970793486489498,0.01127682025663192,0.0005348215962463445,0.02590685572287828,0.012881995199246927,0.9986559750167283,0.009645123247234419,0.039529185796318665,-0.001605174942615006,-0.1917516533409109,0.03833125308869275,0.9810168663528416,False
GUT_GENOME172369_3,GUT_GENOME172369_00215,43156,0.01963742046612248,0.011194055511486114,0.011422157775074963,0.0005141563827471902,0.039974518402353026,0.012874964488771106,0.997640484489939,0.008443364954636367,-0.003047388381064257,-0.001452806713696143,-0.1881796227983528,0.03542085701247538,0.9824454793774423,False
GUT_GENOME172369_3,GUT_GENOME172369_00216,43867,0.02016857494785143,0.011104060674779469,0.011402373297495372,0.0005456372864066528,0.028739501218172883,0.013092268954817339,0.999022894917435,0.009064514273071962,0.01895904185910501,-0.0016898956573219662,-0.19373779561392876,0.03789377871755973,0.9812314746917372,False
GUT_GENOME172369_3,GUT_GENOME172369_00216,44073,0.019558019182426296,0.011202477387562257,0.0115047740686825,0.0005707840693441902,0.03479089107707217,0.013364438972709222,0.9994391725246133,0.008355541794864038,-0.0061588370804986255,-0.001859664904026722,-0.19771776531443233,0.039130245995117066,0.9806250318676472,False
GUT_GENOME172369_3,GUT_GENOME172369_00216,44418,0.019802383602976533,0.011470201385905638,0.011790926617723923,0.0006310766885193645,0.03506542424057358,0.013647202015398348,0.9983665592632415,0.008332182217070895,-0.006986433447245547,-0.0018562753976744256,-0.19763830373441327,0.03910970935532899,0.9806351012908684,False
GUT_GENOME172369_3,GUT_GENOME172369_00217,45095,0.02073456189451818,0.011692606365629816,0.012089516688477414,0.0006788828710808598,0.023034726697762013,0.01385896222929001,0.995425125947349,0.009041955528888364,0.01815981787954327,-0.0017694455408125958,-0.19560271598152576,0.03859020148476761,0.9808898582031259,False
GUT_GENOME172369_3,GUT_GENOME172369_00217,45123,0.021176310301078305,0.0115671870588249,0.011969614919925242,0.0007436781921678795,0.01356819096993619,0.013838824575652314,0.9940224304985612,0.009609123242253406,0.03825375720814005,-0.0018692096557270717,-0.19794152682191132,0.04064419798112877,0.97988300314478,False
GUT_GENOME172369_3,GUT_GENOME172369_00218,45787,0.022015974082818815,0.012189723799332046,0.012691389482756308,0.0006904213205413547,0.015225335716878313,0.014148117508932979,0.9825670191069356,0.009826250283486769,0.045946257134229555,-0.001456728026176671,-0.18827155172636323,0.0375572357340974,0.9813966018684257,False
GUT_GENOME172369_3,GUT_GENOME172369_00221,49712,0.022735072570191788,0.012457102785138705,0.013029439004996389,0.0006853198933043844,0.013838148319515743,0.014367791969703236,0.9745835633455114,0.010277969785053083,0.06195003175701994,-0.0013383529647068466,-0.1854964368743518,0.03824673452777616,0.9810583242957164,False
GUT_GENOME172369_3,GUT_GENOME172369_00221,49975,0.022767190992802274,0.012643535933152409,0.013176598639822715,0.0006337644835951675,0.010923640409030296,0.014358294729583134,0.9688789110695832,0.010123655059649865,0.05648288217023521,-0.001181696089760419,-0.1818238658536023,0.036250234172205444,0.9820381549190422,False
GUT_GENOME172369_3,GUT_GENOME172369_00222,50390,0.020477375116180856,0.012939170369289628,0.013275051484256848,0.0005677118203322278,0.034904871300073075,0.014444129878345263,0.9802663555447412,0.007538204746891227,-0.03511591743956614,-0.0011690783940884152,-0.1815280640671216,0.03418556570157943,0.983052469992756,False
GUT_GENOME172369_3,GUT_GENOME172369_00222,50480,0.0185835169241451,0.012901442271258631,0.01312132897726911,0.0004990836133270858,0.0816805822209592,0.014653347708856606,0.9989284995006962,0.005682074652886468,-0.10087594682069767,-0.0015320187315874968,-0.19003662244488834,0.046289874517233265,0.9771208522920174,False
GUT_GENOME172369_3,GUT_GENOME172369_00222,50692,0.01734882657999359,0.012913719952503426,0.013097784421084,0.00046896942520834923,0.12516513171742438,0.014797605476103412,0.9998552888929059,0.004435106627490163,-0.1450542370452094,-0.0016998210550194116,-0.19397048076078566,0.05866527909133812,0.9710933866724136,False
GUT_GENOME172369_3,GUT_GENOME172369_00223,51390,0.016735418127788386,0.013144931528184054,0.01331228326415994,0.00048477877753754303,0.17233152468439028,0.014906837750315038,0.999497711109955,0.003590486599604332,-0.17497791428586407,-0.0015945544861550986,-0.19150267364796653,0.06729054450215076,0.9669144351914172,False
GUT_GENOME172369_3,GUT_GENOME172369_00223,51394,0.017215832683638525,0.013399536857418369,0.013582544227643304,0.0005225676873437943,0.16488847475403662,0.015070872186571042,0.9978009836026398,0.0038162958262201556,-0.16697781697331596,-0.0014883279589277387,-0.1890123618396691,0.06360726428938421,0.9686967843137633,False
GUT_GENOME172369_3,GUT_GENOME172369_00223,51446,0.018379504314944044,0.013401352539000336,0.013602039256783516,0.0004953401625617231,0.12509610447359742,0.015312593915839,0.9997231063109903,0.004978151775943709,-0.12581492562359603,-0.0017105546590554833,-0.19422211301851167,0.05355162469504651,0.9735794815585324,False
GUT_GENOME172369_3,GUT_GENOME172369_00223,51447,0.01828043858912242,0.013459376831361263,0.013655121885928807,0.0004893315024846532,0.12788905354616065,0.015206955084747434,0.9992412948651267,0.004821061757761157,-0.13138039985653555,-0.0015518331988186272,-0.19050114108264057,0.053551494220251294,0.9735795450723262,False
GUT_GENOME172369_3,GUT_GENOME172369_00223,51449,0.017951675781928106,0.013297372251564634,0.01349748436785337,0.0004983942116778846,0.13325569352194505,0.015109396685075232,0.9993901046717139,0.004654303530363472,-0.13728840488734512,-0.0016119123172218617,-0.1919096003620393,0.055677400827629245,0.9725452252926882,False
GUT_GENOME172369_3,GUT_GENOME172369_00223,51818,0.01932444447952262,0.013322604459302676,0.013536241087876804,0.0004744881622562962,0.08697951756243272,0.01506517072393879,0.9993641069766495,0.006001840020219943,-0.08954711808243372,-0.0015289296360619861,-0.18996420351842117,0.04410508497525747,0.9781888372260585,False
GUT_GENOME172369_3,GUT_GENOME172369_00223,52142,0.01795516621485956,0.013239979789659843,0.013420161041773572,0.00047771671003313926,0.13454506311323744,0.014958105460308051,0.9993576256292861,0.004715186425199715,-0.1351314111689784,-0.001537944418534479,-0.19017554074111354,0.054427234580694435,0.9731533369401909,False
GUT_GENOME172369_3,GUT_GENOME172369_00223,52198,0.017018762814961397,0.01297402663431555,0.013109030079777153,0.0006068619722377252,0.16160189049081186,0.014800254005260548,0.9973387178840112,0.004044736180645847,-0.15888450257289166,-0.0016912239254833952,-0.19376893474624654,0.06279068523053036,0.9690923738200194,False
GUT_GENOME172369_3,GUT_GENOME172369_00224,52871,0.017850730312598845,0.012793239312241068,0.012965264846366498,0.0006154960729087808,0.1159714488392588,0.014681708605683765,0.9973541278376542,0.005057491000357777,-0.12300405059635673,-0.0017164437593172668,-0.1943601735981518,0.05290587354421479,0.9738938773464829,False
GUT_GENOME172369_3,GUT_GENOME172369_00224,53626,0.01784922432954074,0.012821047149922904,0.013001060567553112,0.0006178176021234672,0.1185236076783846,0.014637273226902064,0.9959560116984162,0.0050281771796178345,-0.12404259725823037,-0.001636212659348952,-0.1924792831947957,0.052434840393749904,0.9741232725092366,False
GUT_GENOME172369_3,GUT_GENOME172369_00226,55134,0.017806088273511617,0.012586423705943628,0.012805257615285597,0.0006092298415032686,0.10932250209643246,0.014588823801414387,0.9982919179118327,0.00521966456756799,-0.11725847350613412,-0.0017835661861287898,-0.19593375202957833,0.05213958479337705,0.9742670908005953,False
GUT_GENOME172369_3,GUT_GENOME172369_00226,55635,0.01769234547881742,0.012053030353205681,0.012255396837468738,0.0004892742175334455,0.1023882356807248,0.014476025332871985,0.9999971687871135,0.00563931512561174,-0.10239085559729237,-0.0022206284954032467,-0.2061799820265201,0.05299407229840173,0.9738509301801154,False
GUT_GENOME172369_3,GUT_GENOME172369_00229,56977,0.018109715522886132,0.011924833571637471,0.012136252943527192,0.0005045415985743696,0.1017501833620229,0.014530586823991113,0.9999989603634567,0.006184881951248661,-0.08306220476665584,-0.0023943338804639207,-0.21025222822407852,0.05110532933388786,0.9747710416216673,False
GUT_GENOME172369_3,GUT_GENOME172369_00229,56978,0.01829075845189691,0.011877554468806992,0.012090215536238385,0.0005003452795212955,0.1012426341105197,0.01450237971885994,0.9999992857952795,0.006413203983089918,-0.07497308236584087,-0.0024121641826215547,-0.21067023127065862,0.05000290942306795,0.9753084932347864,False
GUT_GENOME172369_3,GUT_GENOME172369_00230,58997,0.018055103621344798,0.011837939126806767,0.012032191169014559,0.0004983569608967657,0.10982626759087427,0.01447767578930856,0.9999995378221024,0.006217164494538031,-0.08191848051905944,-0.0024454846202940014,-0.21145137588264176,0.051422321813213774,0.974616556320031,False
GUT_GENOME172369_3,GUT_GENOME172369_00230,59256,0.015781900555390416,0.011772142219779158,0.011895192335434072,0.00048148037218436797,0.18334493696366538,0.014478377132531117,0.9999999595452259,0.004009758335611258,-0.16012371749893195,-0.002583184797097045,-0.21467953729625283,0.07172690863941097,0.964772019941371,False
GUT_GENOME172369_3,GUT_GENOME172369_00230,59308,0.014647583012643059,0.011728654457256007,0.011821514276460119,0.00045442708422643505,0.22108685170711312,0.014515093364081542,0.9999999984613214,0.0029189285553870518,-0.19877025344436614,-0.0026935790876214238,-0.21726755567958062,0.0867148044053172,0.9575690915990258,False
GUT_GENOME172369_3,GUT_GENOME172369_00231,59733,0.014999203354824745,0.011675574239766649,0.011785966696725438,0.0004572246409107195,0.19128580005539553,0.014553373806933216,0.9999999992874572,0.0033236291150580966,-0.1844322925544006,-0.002767407110207778,-0.21899833612801362,0.08197554176371044,0.9598408678834,False
GUT_GENOME172369_3,GUT_GENOME172369_00232,60413,0.014570920176404519,0.011994897262607001,0.0120829160873079,0.0004788252944368177,0.2464953294234739,0.014750384821700869,0.9999999873257602,0.0025760229137975175,-0.2109189089393218,-0.0026674687343929693,-0.21665544001825932,0.09142636583765948,0.9553159238252654,False
GUT_GENOME172369_3,GUT_GENOME172369_00232,60539,0.014678104817513169,0.01219031244895294,0.012284178118385355,0.0005012423045112629,0.24824316948195063,0.014823402178147324,0.9999997967212093,0.0024877923685602283,-0.2140447907219931,-0.0025392240597619693,-0.21364894779902968,0.09146104533085433,0.9552993590328408,False
GUT_GENOME172369_3,GUT_GENOME172369_00232,60620,0.014618473506196642,0.01237974428087152,0.012467231722693269,0.0005266266036735136,0.2645017135695956,0.014927417674603273,0.999998505647393,0.0022387292253251215,-0.22286874097731155,-0.002460185951910004,-0.21179602519648663,0.09452803199384278,0.953835536504087,False
GUT_GENOME172369_3,GUT_GENOME172369_00234,61514,0.014078309544639627,0.012620691478349901,0.012693612476216467,0.0005758876765361042,0.33962314482957506,0.01532081667801369,0.999997466664488,0.0014576180662897262,-0.2505423900033186,-0.0026272042017972223,-0.21571150215644677,0.10930294135116575,0.9468150832753985,False
GUT_GENOME172369_3,GUT_GENOME172369_00235,62039,0.013877477146653812,0.012723496294655618,0.012788241834508827,0.0006302615869224366,0.3723644060391012,0.01559268656644049,0.999995699523032,0.0011539808519981931,-0.2612998213910805,-0.0028044447319316625,-0.21986662420197867,0.11661892909698468,0.9433579664130982,False
GUT_GENOME172369_3,GUT_GENOME172369_00236,63772,0.013860230132343858,0.012758193505991791,0.012817909800844084,0.0006694689785087082,0.37692472950143485,0.015646954587601136,0.9999880955498416,0.0011020366263520664,-0.2631401308692267,-0.002829044786757051,-0.22044333332177607,0.11783799167988943,0.9427831354200645,False
GUT_GENOME172369_3,GUT_GENOME172369_00237,64199,0.013632311914214958,0.012737195472601496,0.012784505318205588,0.0007148334892287471,0.4002421385492798,0.015944335624096414,0.9999950734548916,0.0008951164416134624,-0.2704710164962149,-0.0031598303058908254,-0.2281980731764408,0.125228931365936,0.9393055384096963,False
GUT_GENOME172369_3,GUT_GENOME172369_00237,64443,0.012947194346619832,0.012407508334135123,0.012449671715334,0.0006119866120153885,0.41174397698905163,0.0151453608531093,0.9999947063434175,0.0005396860124847087,-0.28306340726556317,-0.002695689137775301,-0.21731702244604145,0.12735158077760336,0.9383091590699881,False
GUT_GENOME172369_3,GUT_GENOME172369_00237,64451,0.012683282332168292,0.01344806177060459,0.01340650812801301,0.0006751708918918274,0.6297630863892276,0.015323216916559766,0.9977361772173158,-0.0007647794384362978,-0.3292787488821387,-0.001916708788546757,-0.19905506836781517,0.14804741470830213,0.9286496777535238,False
GUT_GENOME172369_3,GUT_GENOME172369_00237,64461,0.013174336015340253,0.01342771875869003,0.013418228382145347,0.0006937978093519916,0.5418889547261617,0.01535304187236761,0.9973542270233088,-0.00025338274334977574,-0.311160696810829,-0.0019348134902222626,-0.19947950427422212,0.13661305186529005,0.9339741424004243,False
GUT_GENOME172369_3,GUT_GENOME172369_00237,64688,0.012540550307000275,0.013485327701576736,0.013417677067505024,0.0007072648070622628,0.6555869652507567,0.015411079374935792,0.9975873192077856,-0.0009447773945764609,-0.33565581852965576,-0.0019934023074307684,-0.2008530258148091,0.15300676649177758,0.9263497802144349,False
GUT_GENOME172369_3,GUT_GENOME172369_00237,64798,0.012651346665181355,0.01356940806542391,0.013495539320653279,0.0007726915936877329,0.6564432716223706,0.015469932387790389,0.9946938870414507,-0.0009180614002425539,-0.3347093091346417,-0.0019743930671371097,-0.20040738444060935,0.15219344135971533,0.9267265686007727,False
GUT_GENOME172369_3,GUT_GENOME172369_00237,65194,0.014192973802221684,0.014171352473027718,0.014158834798247085,0.0008714416299123312,0.49753031303955925,0.01610577496329475,0.9872637313757429,2.162132919396667e-05,-0.3014176966036673,-0.0019469401650476642,-0.19976379485870527,0.1307582015622113,0.9367122876980308,False
GUT_GENOME172369_3,GUT_GENOME172369_00238,65639,0.014397461377097518,0.014207620878125706,0.014205641576656793,0.0008835335306446477,0.4781055117446001,0.016081845847128625,0.9831449984100576,0.00018984049897181193,-0.29545793247787094,-0.0018762042704718318,-0.19810550442852254,0.1265411807489775,0.9386894389941856,False
GUT_GENOME172369_3,GUT_GENOME172369_00238,66025,0.01383730143220115,0.014302614983924765,0.014249949509978842,0.0008666531357575819,0.5556947862108189,0.016072718956101534,0.9822770934612195,-0.0004653135517236149,-0.3186691016529493,-0.0018227694461226927,-0.1968528100448857,0.1403010251708656,0.9322534934621854,False
GUT_GENOME172369_3,GUT_GENOME172369_00240,66926,0.01393013062195588,0.01446236492821016,0.01439595126496267,0.0008855678034844921,0.5621311563985331,0.016094755827190024,0.9724649286591918,-0.0005322343062542801,-0.32104000808798755,-0.0016988045622273532,-0.19394665070562722,0.1406819901130657,0.9320759324247286,False
GUT_GENOME172369_30,GUT_GENOME172369_01197,5623,0.017429667375329045,0.012062226001667195,0.012516749606104525,0.000856001111739229,0.10592455518648747,0.015846349634449416,0.9999498189096532,0.00536744137366185,-0.11202295303158859,-0.003329600028344891,-0.23217805403012953,0.06645579077913524,0.9673180871353548,False
GUT_GENOME172369_30,GUT_GENOME172369_01197,5624,0.01681521323455589,0.011677502096848702,0.012070745269001038,0.0007578427937767675,0.10881369207618286,0.015291990388010391,0.9999893374646769,0.005137711137707189,-0.12016196608617358,-0.0032212451190093538,-0.22963784569188894,0.06717243826770652,0.9669715361888817,False
GUT_GENOME172369_30,GUT_GENOME172369_01197,5982,0.015889509265933317,0.011610962660881548,0.011928167979356122,0.0007106782706817049,0.13655135047208644,0.014869008104642095,0.9999824884202689,0.0042785466050517685,-0.15060093428842164,-0.0029408401252859727,-0.22306419704497116,0.07243827741186322,0.9644289266176962,False
GUT_GENOME172369_30,GUT_GENOME172369_01197,5983,0.0153170643771933,0.011810854426810024,0.012120264812717824,0.0008011818432421861,0.17253980288249515,0.014570103821377835,0.9988850894615234,0.0035062099503832753,-0.17796371519864523,-0.0024498390086600107,-0.21155345758529012,0.07642594934359566,0.9625079292504961,False
GUT_GENOME172369_31,GUT_GENOME172369_01219,5639,0.01922186363895837,0.015121308615233415,0.015582812398031443,0.0010694010781743867,0.14738883209558984,0.017094687058600188,0.921283560855487,0.0041005550237249565,-0.15690692095145303,-0.0015118746605687454,-0.18956437677109528,0.0605544347830793,0.9701765464547394,False
GUT_GENOME172369_31,GUT_GENOME172369_01219,5643,0.019377625695931648,0.015385010763212149,0.015768793392533644,0.0009747834048124933,0.1524927733608205,0.01700063752492642,0.8968330424794874,0.003992614932719499,-0.1607310836967518,-0.0012318441323927766,-0.18299950687275254,0.05932330078200283,0.9707739389701288,False
GUT_GENOME172369_31,GUT_GENOME172369_01219,5645,0.019371045555418426,0.016500681933794347,0.01678285641951542,0.0010935422400104391,0.23452531909868263,0.01683517667861264,0.5190800154464678,0.0028703636216240794,-0.20049083945364485,-5.2320259097217436e-05,-0.15534744757545774,0.06432940617303678,0.9683470791914853,False
GUT_GENOME172369_31,GUT_GENOME172369_01219,5880,0.018003923767846635,0.016691448671152517,0.016796772734262316,0.001182413617558563,0.3629121634537172,0.01653427657840601,0.4121568321269622,0.0013124750966941184,-0.2556845974250401,0.0002624961558563045,-0.14796707794399439,0.08726886951568895,0.9573038505287152,False
GUT_GENOME172369_31,GUT_GENOME172369_01219,6124,0.018618258005866486,0.016545502304281,0.01666758563892967,0.0011918343834081192,0.2899151522386287,0.016173571021212682,0.33925420905028314,0.0020727557015854867,-0.2287489450820031,0.0004940146177169896,-0.1425394962046751,0.07264358785441186,0.9643299280342785,False
GUT_GENOME172369_31,GUT_GENOME172369_01220,7489,0.01938855444851585,0.015390732341524108,0.015814769956013577,0.0010826294263264979,0.18588573593382945,0.016106898213629053,0.6063553174268492,0.00399782210699174,-0.1605466009742092,-0.0002921282576154767,-0.16096936430399764,0.05168634732880506,0.974487902992765,False
GUT_GENOME172369_32,GUT_GENOME172369_01238,8017,0.019655280395799456,0.014646205342112738,0.01535280150046802,0.0010306878708714103,0.0824373348781719,0.01653507637445953,0.874324403627642,0.005009075053686718,-0.12471935820646865,-0.0011822748739915082,-0.18183743452842166,0.04861977090731147,0.9759832198888692,False
GUT_GENOME172369_34,GUT_GENOME172369_01268,6776,0.015495069985782262,0.0149381970739788,0.015491753126749358,0.0014303508189829107,0.43143210196426107,0.01866271920558212,0.9866855471738151,0.0005568729118034608,-0.2824545000516657,-0.0031709660788327605,-0.22845913364387438,0.1319741203447461,0.9361429777420118,False
GUT_GENOME172369_34,GUT_GENOME172369_01268,6988,0.01624802358484939,0.015316785118636721,0.0159095615476153,0.0014605083268228196,0.3890389016550573,0.019437341855867526,0.992142043060814,0.0009312384662126701,-0.2691912649278188,-0.003527780308252227,-0.23682407517105047,0.1285495796940625,0.9377472806912758,False
GUT_GENOME172369_34,GUT_GENOME172369_01268,7024,0.01529623325109963,0.015145535472008196,0.015647369672474418,0.0014162698586006135,0.4811899676664805,0.01965687549528999,0.9976800987884015,0.0001506977790914337,-0.29684470295139814,-0.004009505822815573,-0.24811736290799793,0.14967900344672297,0.927892399509106,False
GUT_GENOME172369_34,GUT_GENOME172369_01268,7027,0.017241547354547616,0.01667817283522533,0.016824170218668704,0.002105774260809262,0.43653832703947676,0.02048243634456512,0.9588288837505677,0.000563374519322285,-0.28222415741413,-0.003658266125896415,-0.2398831074201154,0.13719438025364625,0.9337027090088353,False
GUT_GENOME172369_34,GUT_GENOME172369_01268,7030,0.02109294395235991,0.017013473168037727,0.018111805479961905,0.002293930924205638,0.1658265149274762,0.02152306050120586,0.9315029410048017,0.004079470784322182,-0.15765390533960752,-0.0034112550212439564,-0.2340923253362766,0.0796539706501751,0.9609556842057997,False
GUT_GENOME172369_34,GUT_GENOME172369_01268,7032,0.02427375814185627,0.020324038447535744,0.021834623769522204,0.0030664206525919447,0.2145672458340246,0.02674779839186811,0.9454499081108665,0.0039497196943205255,-0.1622508005240034,-0.004913174622345907,-0.26930243918789665,0.0988491260232307,0.9517769546154432,False
GUT_GENOME172369_34,GUT_GENOME172369_01268,7036,0.024265737405580235,0.021078266611944205,0.022474179324481154,0.0033593632637306243,0.27607188832656293,0.02878938026240324,0.969937805728025,0.0031874707936360297,-0.18925618676640713,-0.006315200937922087,-0.302170713999801,0.1271250446285107,0.9384154455610847,False
GUT_GENOME172369_34,GUT_GENOME172369_01268,7052,0.02654961972746846,0.020795731449010448,0.024568081499649903,0.004242486304126863,0.1687864864301712,0.030449142480879196,0.9171616290897264,0.005753888278458012,-0.09833169297620489,-0.005881060981229293,-0.2919929939064782,0.09492903033403524,0.9536443124413833,False
GUT_GENOME172369_34,GUT_GENOME172369_01268,7071,0.025069921687794268,0.02190932151606977,0.023971603436723086,0.004332059808761069,0.29066505181445434,0.030156497448596,0.9233112931387736,0.0031606001717244987,-0.19020817439491383,-0.006184894011872916,-0.29911587557936914,0.1256494566302586,0.9391080583168563,False
GUT_GENOME172369_34,GUT_GENOME172369_01268,7264,0.02556814190384379,0.022328120061174864,0.02451100664758514,0.004439189657208893,0.28416675528386104,0.029454051310548877,0.8672534632825298,0.003240021842668927,-0.18739437840525042,-0.004943044662963737,-0.2700026947342885,0.10801810822166757,0.9474235283853322,False
GUT_GENOME172369_34,GUT_GENOME172369_01268,7265,0.02467033431864311,0.023221905327880328,0.02423704232235608,0.0042861049055152945,0.396732553907711,0.02922384515604009,0.8776828560720612,0.0014484289907627824,-0.2508679457812186,-0.004986802833684009,-0.27102853537973254,0.13639119321057136,0.9340777532704476,False
GUT_GENOME172369_34,GUT_GENOME172369_01268,7411,0.024797772788144292,0.023201629180629894,0.02417202731045328,0.0041948329343258674,0.38611073641197835,0.029086883312563476,0.879330239765638,0.0015961436075143977,-0.245634628585951,-0.004914856002110196,-0.2693418564595569,0.13288140640163865,0.9357183993173327,False
GUT_GENOME172369_34,GUT_GENOME172369_01268,7862,0.024390271412632208,0.021850500023894145,0.02293409737125218,0.003639538632819121,0.3192525502740521,0.028919510875714705,0.9499689679064762,0.0025397713887380623,-0.2122032485234493,-0.005985413504462526,-0.29443937267472264,0.131724762864989,0.9362597021451975,False
GUT_GENOME172369_34,GUT_GENOME172369_01268,7879,0.02395867431166627,0.022376391326263255,0.023030648993751877,0.0036623363929621944,0.3834289907403968,0.028758626621309655,0.9410938931960943,0.0015822829854030135,-0.2461256905649736,-0.005727977627557779,-0.28840419840263953,0.14375483721235421,0.9306449685768661,False
GUT_GENOME172369_34,GUT_GENOME172369_01268,7916,0.025052949045904375,0.023430418036274193,0.02428706614207964,0.003803250211144723,0.38618150939596885,0.02883878434906635,0.8843071439666478,0.001622531009630182,-0.2446997607423497,-0.004551718206986712,-0.260828669002157,0.12790956748079996,0.9380474135671892,False
GUT_GENOME172369_34,GUT_GENOME172369_01268,8049,0.024190842955036446,0.022830351434185922,0.023603518357383866,0.003733030581746493,0.4057449036713744,0.02877304056231315,0.9169440634761697,0.0013604915208505243,-0.25398344432510334,-0.005169522204929285,-0.2753121001322814,0.14030434247049023,0.9322519471813859,False
GUT_GENOME172369_34,GUT_GENOME172369_01268,8139,0.02469079114576036,0.0226868035610157,0.023698303244874562,0.0037239580352378754,0.370479211750263,0.028761035057876763,0.9130063606671386,0.0020039875847446577,-0.2311853009164053,-0.005062731813002201,-0.2728085694138242,0.12787115890542622,0.9380654282725625,False
GUT_GENOME172369_34,GUT_GENOME172369_01268,8278,0.023840296868709934,0.022383966392466932,0.02312450597352273,0.003592528922942166,0.4047332381781156,0.02881772718407085,0.9434871928958826,0.001456330476243002,-0.2505880074735471,-0.005693221210548119,-0.2875893895413086,0.145502006466305,0.929832326446662,False
GUT_GENOME172369_34,GUT_GENOME172369_01268,8281,0.021976166614822053,0.02175384286712692,0.021992285206415753,0.0031544726811855886,0.48375116001173596,0.02890218185453083,0.9857562809404452,0.00022232374769513147,-0.2943070975243622,-0.006909896648115078,-0.3161124081141878,0.18654372221696525,0.9109458158905119,False
GUT_GENOME172369_34,GUT_GENOME172369_01268,8302,0.02218610318827866,0.02186638543322972,0.022060264124791427,0.003057019180328238,0.47638214491913317,0.029240408045729405,0.9905814781471198,0.0003197177550489372,-0.2908565674102182,-0.007180143920937979,-0.32244792516663373,0.18857020724992185,0.9100232743177441,False
GUT_GENOME172369_34,GUT_GENOME172369_01268,8369,0.0233615473474091,0.02249903034077987,0.022908330186067638,0.0032490526702612303,0.44132468472724495,0.030041821632086622,0.9859382890927123,0.000862517006629232,-0.27162596776245185,-0.007133491446018984,-0.3213542321672532,0.1770492088946934,0.9152805904858535,False
GUT_GENOME172369_34,GUT_GENOME172369_01268,8447,0.023688565752265644,0.02142405406308759,0.02225293157939761,0.0032489952009121313,0.35370937221423693,0.03126256704993272,0.9972233451307534,0.002264511689178055,-0.22195530522948162,-0.009009635470535113,-0.3653374418256012,0.1827356039191869,0.9126819629442164,False
GUT_GENOME172369_34,GUT_GENOME172369_01268,8504,0.02300909317621059,0.021538092182609596,0.022078058926176956,0.003209725237694406,0.40006467426754305,0.030684982346738467,0.996335508500203,0.0014710009936009932,-0.25006825206652367,-0.008606923420561512,-0.35589649896914843,0.1891964486701035,0.9097383717906591,False
GUT_GENOME172369_34,GUT_GENOME172369_01268,8510,0.02463898678479231,0.021407519967710523,0.022605098357064014,0.0031811807406188107,0.2901944650200129,0.030825018292576677,0.9951157926334955,0.0032314668170817865,-0.18769747070238185,-0.008219919935512663,-0.3468238184078547,0.15551710152307607,0.9251877854637681,False
GUT_GENOME172369_34,GUT_GENOME172369_01268,8842,0.024505878756278007,0.023341208231457536,0.023416200052100652,0.0034591288549665655,0.4211658875013125,0.031046723562498435,0.9863048144028571,0.0011646705248204714,-0.2609211016013749,-0.007630523510397783,-0.33300635759516767,0.17897305545967568,0.9144005840930275,False
GUT_GENOME172369_34,GUT_GENOME172369_01268,8845,0.025082545578364875,0.022889802969254518,0.02347096502586507,0.003500067986232375,0.3569757504684328,0.030867530073916093,0.9827108788369501,0.002192742609110357,-0.22449798089060718,-0.007396565048051022,-0.32752157392916087,0.1576697248129942,0.9241925307746844,False
GUT_GENOME172369_34,GUT_GENOME172369_01268,8897,0.02425371073164771,0.0227304285942962,0.022919599282842238,0.0035404172242028973,0.3970305025711622,0.03060624015194921,0.9850386309285004,0.0015232821373515094,-0.2482160060627453,-0.007686640869106972,-0.33432193972603075,0.17338234504791655,0.9169602344252108,False
GUT_GENOME172369_34,GUT_GENOME172369_01268,8899,0.024021861609464967,0.022451837253963144,0.0225453191860841,0.003504810304596854,0.3938525954681532,0.030347419289660907,0.9869966581682852,0.0015700243555018221,-0.2465599962556569,-0.007802100103576806,-0.3370286976562962,0.17438017479748863,0.9165028634287529,False
GUT_GENOME172369_34,GUT_GENOME172369_01268,8935,0.023555103814622332,0.021474357773343625,0.02228855484535452,0.003441350617691253,0.358348617647808,0.029782396482639882,0.9852816146194678,0.0020807460412787075,-0.2284658587968938,-0.007493841637285361,-0.3298020686903487,0.1609660531482357,0.9226705643312852,False
GUT_GENOME172369_34,GUT_GENOME172369_01268,9055,0.02323989033742373,0.018206268984448364,0.020897397752821317,0.0033707343769931774,0.1891752534507447,0.029563387586346173,0.994929002823569,0.005033621352975366,-0.12384971799771753,-0.008665989833524856,-0.3572812169818305,0.14298862065613202,0.9310015746733223,False
GUT_GENOME172369_34,GUT_GENOME172369_01268,9193,0.02182667610433597,0.01684686704827829,0.019674908731013224,0.0032478380218420476,0.17738911306074212,0.028357256340712372,0.9962442105428102,0.004979809056057681,-0.1257562105640538,-0.008682347609699149,-0.35766469900113007,0.14373866140699962,0.9306524955732377,False
GUT_GENOME172369_34,GUT_GENOME172369_01268,9308,0.022285749056933677,0.016695777304780692,0.019981059102232017,0.0033558647437118235,0.15442076596394044,0.02792204497405412,0.9910165831862491,0.005589971752152985,-0.10413902060948228,-0.007940985871822102,-0.3402846533736985,0.1266385809351603,0.938643725844249,False
GUT_GENOME172369_34,GUT_GENOME172369_01268,9337,0.024496444740290117,0.015438157415514022,0.021140141858420742,0.0037500695237452143,0.06772940939192766,0.028607527283575494,0.9767741668119851,0.009058287324776095,0.01873843000424978,-0.007467385425154752,-0.3291818449177061,0.10871181578244886,0.9470949679373915,False
GUT_GENOME172369_34,GUT_GENOME172369_01268,9340,0.023432009735562417,0.014767709236774158,0.020198510880267452,0.003493776482769605,0.06349946837245116,0.028068549611066338,0.9878574285304085,0.008664300498788259,0.004780041345813203,-0.007870038730798886,-0.33862141060688095,0.11468730851666153,0.9442695113632557,False
GUT_GENOME172369_34,GUT_GENOME172369_01268,9345,0.023080395085321184,0.015310270590515485,0.019209413514339004,0.003375064397652725,0.0842479005629409,0.02764592194486823,0.9937843463123373,0.0077701244948057,-0.026899333113833416,-0.008436508430529226,-0.3519013908444146,0.12455816300020241,0.9396206194638056,False
GUT_GENOME172369_34,GUT_GENOME172369_01268,9622,0.021404175801400204,0.013973941454694827,0.01825023178302096,0.0032962913076128326,0.08132310069331988,0.027409640822464026,0.9972711659687136,0.007430234346705377,-0.03894115399569292,-0.009159409039443067,-0.3688486446951445,0.13756573616796122,0.9335293570915472,False
GUT_GENOME172369_34,GUT_GENOME172369_01268,9843,0.026453918833369738,0.016556265141855535,0.0222270717584759,0.004277171489403486,0.06830900074851173,0.02739877810803755,0.8866957919362823,0.009897653691514203,0.04847597755897956,-0.005171706349561649,-0.27536330392582503,0.07817486954924498,0.9616666223659774,False
GUT_GENOME172369_34,GUT_GENOME172369_01268,9943,0.02648095036228658,0.01739704470582917,0.022848414270111594,0.004430612176885738,0.0811335132566498,0.027080070075844228,0.8302351866981077,0.009083905656457409,0.019646050784441964,-0.004231655805732634,-0.25332531557397703,0.06455968282207993,0.9682355917495936,False
GUT_GENOME172369_34,GUT_GENOME172369_01268,10079,0.021814536260977204,0.015171492784745331,0.0197920036115721,0.003962817334991429,0.09317042809354514,0.026999306836553206,0.9655238465789342,0.006643043476231873,-0.06683019848567649,-0.007207303224981105,-0.32308463180977737,0.10884995474129432,0.9470295548400425,False
GUT_GENOME172369_34,GUT_GENOME172369_01268,10132,0.01956688976767451,0.015020810400157052,0.018460233820200803,0.0036972451305182074,0.1558841949064535,0.02698944789865982,0.9894700984831579,0.004546079367517459,-0.14112263189087754,-0.008529214078459017,-0.35407472716408256,0.14528450964812764,0.9299334497312808,False
GUT_GENOME172369_34,GUT_GENOME172369_01268,10165,0.01834046373948251,0.01579721500575603,0.01770209678301919,0.0034566794639770294,0.2700488149754994,0.02718918790479715,0.9969704680685829,0.0025432487337264803,-0.21208005117357318,-0.009487091121777959,-0.3765306294150205,0.18675326299345693,0.9108503807431861,False
GUT_GENOME172369_34,GUT_GENOME172369_01268,10402,0.018098447646595513,0.01532599190478716,0.017546950724149933,0.0033584708678641956,0.23930799991502727,0.02748783006439542,0.9984615157145186,0.0027724557418083526,-0.20395957533273132,-0.009940879340245488,-0.387168971723785,0.19149932103556114,0.9086914689491341,False
GUT_GENOME172369_34,GUT_GENOME172369_01268,10588,0.018621110879299727,0.016729384083376826,0.01846363559679975,0.0037198322476567403,0.3201914242635793,0.028271960741841656,0.9958149658046781,0.0018917267959229003,-0.2351625397937406,-0.009808325145041905,-0.38406144965589023,0.20280461723402654,0.9035694459795078,False
GUT_GENOME172369_34,GUT_GENOME172369_01268,10589,0.019398858944394543,0.017109474260801585,0.019157785205989465,0.003846329335783687,0.2977320117129248,0.028877518601639937,0.9942481767875918,0.0022893846835929585,-0.22107409068056402,-0.009719733395650472,-0.3819845571377435,0.19478595546195626,0.9071994269016844,False
GUT_GENOME172369_34,GUT_GENOME172369_01268,10678,0.01977871042735356,0.01747549714367267,0.019383878662592145,0.004009987119937001,0.30670434792996315,0.030244114283225203,0.9966185252620192,0.0023032132836808897,-0.22058416319594454,-0.010860235620633058,-0.4087218160164476,0.21571089594063791,0.8977573596999426,False
GUT_GENOME172369_34,GUT_GENOME172369_01268,10739,0.02003952410110714,0.01558939022547668,0.01947419670598385,0.004204299144854967,0.1744130833756316,0.031514488409441904,0.9979070700399328,0.004450133875630459,-0.144521843177767,-0.012040291703458054,-0.43638635211883275,0.21131961147108097,0.899730679234584,False
GUT_GENOME172369_34,GUT_GENOME172369_01268,10774,0.020654079554106943,0.01743692325635035,0.02012173571086016,0.004289819770091266,0.2579035825867356,0.03313120240597932,0.9987878653698641,0.0032171562977565925,-0.1882044718949834,-0.013009466695119157,-0.45910711678126426,0.24620026792047503,0.8841751221714185,False
GUT_GENOME172369_34,GUT_GENOME172369_01268,10775,0.02046380130554461,0.019935691956186826,0.020161069069780862,0.004321740314975054,0.45738708910909315,0.03445878273895694,0.9995307178429554,0.0005281093493577846,-0.28347355185069806,-0.014297713669176076,-0.489308016078583,0.31977958919760924,0.852237704989282,False
GUT_GENOME172369_34,GUT_GENOME172369_01268,10780,0.021448805445337966,0.019994264547561175,0.020576963006027696,0.004464583526096556,0.38978996469125565,0.03573592262129237,0.9996573335169706,0.001454540897776791,-0.2506514096741245,-0.015158959615264672,-0.5094985561006832,0.3224149078403068,0.851115485547121,False
GUT_GENOME172369_34,GUT_GENOME172369_01268,10892,0.02099913640384189,0.017638341600391873,0.020054759239138187,0.004507907523222115,0.25863377197083015,0.0363138515990299,0.9998449980204149,0.003360794803450015,-0.18311556547340738,-0.016259092359891716,-0.535289416784433,0.32006607004006415,0.8521156388440452,False
GUT_GENOME172369_34,GUT_GENOME172369_01268,10915,0.021217047093058147,0.02325628379076656,0.02207837236640377,0.004125145385109957,0.6539257758557172,0.03717340968809012,0.9998735346120945,-0.0020392366977084117,-0.3744309432705756,-0.015095037321686346,-0.5079999996979981,0.3982625309716591,0.8194423217783864,False
GUT_GENOME172369_34,GUT_GENOME172369_01268,10916,0.021579108018514155,0.0237603080640525,0.022450078951175418,0.004088798573142194,0.6645566047770632,0.035583295150933766,0.9993409254206455,-0.002181200045538345,-0.37946050124956293,-0.013133216199758348,-0.4620082268967662,0.3574418737288634,0.8363392582904062,False
GUT_GENOME172369_34,GUT_GENOME172369_01268,10993,0.021719094304640477,0.023737431178921416,0.02262281192419123,0.003955642018164739,0.6566853408918707,0.033485410544415624,0.9969846045083494,-0.0020183368742809384,-0.37369049247615643,-0.010862598620224394,-0.4087772127797505,0.3067433938550537,0.8578108169020361,False
GUT_GENOME172369_34,GUT_GENOME172369_01268,10994,0.020636536214225894,0.02200439401947442,0.02183100520503344,0.003448867995601621,0.6188338327676618,0.029719957853144827,0.9889138582585811,-0.0013678578052485242,-0.35064495120211203,-0.007888952648111389,-0.3390648172855505,0.23791683212441528,0.8878447200739283,False
GUT_GENOME172369_34,GUT_GENOME172369_01268,11032,0.01905223656368506,0.019435037203320786,0.019972218920249373,0.0029746331494815248,0.5396925407334607,0.026267963453846258,0.9828478973178598,-0.00038280063963572544,-0.31574578741934667,-0.006295744533596884,-0.30171458957680863,0.19072709583656533,0.9090423939182678,False
GUT_GENOME172369_34,GUT_GENOME172369_01268,11038,0.018524640965595682,0.01975878684431643,0.019376092275323113,0.002807501766374266,0.6323118070420422,0.02503772013157202,0.9781317316634203,-0.001234145878720748,-0.3459077292555065,-0.0056616278562489075,-0.286848733649333,0.20193435315492675,0.903962703548691,False
GUT_GENOME172369_34,GUT_GENOME172369_01268,11279,0.018808034705016404,0.0194733223703144,0.019758220652198594,0.002823447392629136,0.5732772803483905,0.024508148890584103,0.9537461246185209,-0.0006652876652979943,-0.32575389793236526,-0.00474992823838551,-0.2654753876194281,0.17659278344981544,0.9154894929974027,False
GUT_GENOME172369_34,GUT_GENOME172369_01268,11298,0.018733220300431914,0.018374381030158038,0.019664630811054875,0.0026887382367232083,0.45822738796495305,0.023919293032390977,0.9432209779344851,0.0003588392702738759,-0.28947054818724677,-0.0042546622213361016,-0.25386466435943894,0.14824046607815572,0.9285600435333935,False
GUT_GENOME172369_34,GUT_GENOME172369_01268,11347,0.019114822543014023,0.017711647412300302,0.019973918611789872,0.0027638995659296966,0.34330682230511655,0.023849372709039585,0.9195675963675147,0.0014031751307137207,-0.25247122519360893,-0.003875454097249712,-0.2449747336249677,0.12375433966538588,0.9399983398537368,False
GUT_GENOME172369_4,GUT_GENOME172369_00265,15252,0.013372608864157821,0.01083137059453985,0.010886979343162625,0.00035785383578236117,0.24049369334167953,0.012878981127775812,0.9999999870064121,0.0025412382696179715,-0.2121512790359263,-0.001992001784613187,-0.20082019278711394,0.08533691502763308,0.958229031043667,False
GUT_GENOME172369_4,GUT_GENOME172369_00265,15253,0.012556075293075385,0.010836473255461174,0.010861754174664935,0.00035487758233506295,0.31287617977805293,0.012889713684483686,0.9999999944997017,0.001719602037614211,-0.2412606733244448,-0.0020279595098187508,-0.2016631644065031,0.09887474437140878,0.9517647632168186,False
GUT_GENOME172369_4,GUT_GENOME172369_00266,15641,0.012734150673118925,0.011082252669426935,0.01111038680829744,0.0003599421191512178,0.3176431928118276,0.013081260515979295,0.9999999781897413,0.00165189800369199,-0.24365933022588018,-0.0019708737076818555,-0.20032487866132972,0.09949992621680101,0.9514672966863859,False
GUT_GENOME172369_4,GUT_GENOME172369_00266,16392,0.013642695738709024,0.011387358212908457,0.011437517847401678,0.00037645569766137446,0.2711619172808059,0.013245676805396418,0.9999992189085957,0.0022553375258005676,-0.22228033269129557,-0.0018081589579947398,-0.19651029041198687,0.08802484053915646,0.956942071920732,False
GUT_GENOME172369_4,GUT_GENOME172369_00267,18514,0.013816479920433816,0.011444279070584675,0.011499132431362023,0.00038035597573909746,0.26352912874269263,0.013295795555976809,0.9999988416746223,0.0023722008498491404,-0.21814003258634446,-0.001796663124614786,-0.19624078890083382,0.08609552104519305,0.9578656408109528,False
GUT_GENOME172369_4,GUT_GENOME172369_00267,18523,0.014560269556055182,0.011700015916264987,0.011762528761763638,0.00037665025743922637,0.2254368677656593,0.01332128656833806,0.9999825189287728,0.002860253639790195,-0.2008490216223335,-0.0015587578065744227,-0.1906634774868532,0.07669289113402836,0.9623794710284338,False
GUT_GENOME172369_4,GUT_GENOME172369_00267,18537,0.014393295803324106,0.011921909654039258,0.011987173281418621,0.0003951950316322451,0.26015322805429547,0.013678507816911817,0.9999906446828123,0.0024713861492848474,-0.21462603956067472,-0.0016913345354931959,-0.19377152782182486,0.08361174185190456,0.9590559431443186,False
GUT_GENOME172369_4,GUT_GENOME172369_00269,21345,0.014612717233218012,0.011982242825272285,0.012049892163361987,0.00039308852017261016,0.24792334914389008,0.013908230855158191,0.9999988636756246,0.0026304744079457265,-0.20898977053108286,-0.0018583386917962047,-0.19768667438014154,0.08275674541411479,0.9594660255003264,False
GUT_GENOME172369_4,GUT_GENOME172369_00269,21602,0.01539374053690263,0.01224832447391765,0.012347643295229003,0.0004536611587038119,0.2184637720749284,0.014127563039524213,0.9999563562030658,0.00314541606298498,-0.19074612560860418,-0.0017799197442952101,-0.19584826700626584,0.074740628124051,0.9633193385924008,False
GUT_GENOME172369_4,GUT_GENOME172369_00269,21725,0.014814196838393303,0.012159281707791141,0.01225220906207008,0.0004822514233209674,0.24989624192658066,0.014339403321900793,0.9999924772416962,0.0026549151306021618,-0.20812387075111888,-0.002087194259830713,-0.20305182881328168,0.0845455907608467,0.9586082410009322,False
GUT_GENOME172369_4,GUT_GENOME172369_00269,21754,0.014492917148720409,0.012344444595008695,0.012415371535012447,0.0004899616762037715,0.28487943336617877,0.014562876005216928,0.9999941473283777,0.002148472553711714,-0.22606640551403318,-0.002147504470204481,-0.20446570567600955,0.09291224449962385,0.9546064456342018,False
GUT_GENOME172369_4,GUT_GENOME172369_00269,22441,0.014286519517373026,0.012977532429101936,0.013030064222219606,0.000587085826833205,0.3639332862506307,0.01465704310983968,0.99720817580605,0.0013089870882710894,-0.2558081725651237,-0.001626978887620074,-0.1922628121176388,0.10240281007449059,0.9500872988936478,False
GUT_GENOME172369_4,GUT_GENOME172369_00271,23483,0.014159268636577295,0.013088250972735046,0.013133724019585059,0.0006250762359478957,0.38714841780687576,0.014706490938176258,0.9940672639038834,0.001071017663842249,-0.26423908826052506,-0.0015727669185911994,-0.1909918988142724,0.1063002011774348,0.9482376707671517,False
GUT_GENOME172369_4,GUT_GENOME172369_00272,23823,0.0118223243561838,0.013214165493243182,0.013149450870267242,0.0005985110232174877,0.7183930419425378,0.014770215070864755,0.9966154366825933,-0.0013918411370593825,-0.351494646279862,-0.0016207642005975128,-0.19211711867475675,0.16045747365129587,0.9229052198309892,False
GUT_GENOME172369_4,GUT_GENOME172369_00273,24365,0.01314483356663115,0.013509196115468435,0.013494170963159188,0.0005912978325294335,0.5431298281149355,0.01508029910015488,0.9963457695929557,-0.00036436254883728467,-0.31509255228429134,-0.0015861281369956917,-0.1913051313074587,0.13588096976959288,0.9343160778515596,False
GUT_GENOME172369_4,GUT_GENOME172369_00273,24671,0.013221561307424162,0.013753191541531144,0.013726206068350648,0.0005944457775307902,0.5621885403560586,0.015368781266572092,0.9971381546180242,-0.000531630234106982,-0.3210186066774491,-0.0016425751982214448,-0.19262844278890548,0.1401586628044094,0.9323198547307274,False
GUT_GENOME172369_4,GUT_GENOME172369_00273,24674,0.014504885104055886,0.01398763891784597,0.014002786116819143,0.0006408764912676638,0.4442258873230885,0.01551431224404978,0.9908262499239835,0.0005172461862099163,-0.2838584181540263,-0.0015115261272306366,-0.18955620596188097,0.11650715677556908,0.9434106885412191,False
GUT_GENOME172369_4,GUT_GENOME172369_00274,25555,0.014941571591021852,0.014221393645460484,0.014246379312176356,0.0005984504639866388,0.4237668082985474,0.015531326317761402,0.9841082712815863,0.0007201779455613677,-0.27666883672305903,-0.0012849470055850461,-0.18424441919001383,0.11049165121635623,0.9462525062621708,False
GUT_GENOME172369_4,GUT_GENOME172369_00274,25924,0.014899347974970382,0.014246942191514777,0.014271482763152543,0.000602164985613234,0.43133386060064555,0.015532763668584419,0.9818956924724337,0.0006524057834556059,-0.27906990730840897,-0.0012612809054318753,-0.18368960515056346,0.11162188420549388,0.9457179144304131,False
GUT_GENOME172369_4,GUT_GENOME172369_00275,26406,0.014974418545043075,0.014334792980416983,0.014354365032331493,0.0006696717791602996,0.43314303921255204,0.01555756859726292,0.963808878019429,0.000639625564626092,-0.27952269214738157,-0.001203203564931428,-0.18232807436707832,0.1113764621277267,0.9458339715787847,False
GUT_GENOME172369_4,GUT_GENOME172369_00275,26881,0.015368418610020512,0.014278938856331917,0.014315301236740097,0.0006645046683288046,0.3921105548385974,0.015485364287970971,0.9608642817244959,0.001089479753688595,-0.2635850028735933,-0.0011700630512308744,-0.18155114778616047,0.10243787300234447,0.9500706426184448,False
GUT_GENOME172369_4,GUT_GENOME172369_00275,26928,0.015612306189457774,0.014107952258536303,0.014165434429024388,0.0006479624342481412,0.35096160252525344,0.015177075634229311,0.9407694055828755,0.00150435393092147,-0.24888660529228848,-0.0010116412052049231,-0.17783719982845023,0.09357061193674354,0.9542922564504859,False
GUT_GENOME172369_4,GUT_GENOME172369_00276,27696,0.014910404866014592,0.013870044817373393,0.013902478837037218,0.0006434764936530681,0.3930243501800432,0.01498499898153477,0.9537446050994552,0.0010403600486411993,-0.2653252436344874,-0.001082520144497551,-0.17949884371427768,0.10261731980446277,0.9499854028731997,False
GUT_GENOME172369_4,GUT_GENOME172369_00276,27785,0.014649085460077099,0.013469966827513216,0.013514465559439944,0.0006305627588340857,0.3745646944609895,0.014788331473007277,0.9783189258168309,0.001179118632563883,-0.26040922584828124,-0.0012738659135673337,-0.1839846406297915,0.10166331289457468,0.9504386572858828,False
GUT_GENOME172369_4,GUT_GENOME172369_00276,27950,0.014711059344408129,0.013178231558087835,0.013236702595922217,0.0006180312650609644,0.3397973640148789,0.014568146233806136,0.9843928708141456,0.001532827786320294,-0.24787781739877354,-0.0013314436378839192,-0.18533445870728163,0.09579227394270079,0.9532327875804959,False
GUT_GENOME172369_4,GUT_GENOME172369_00276,27953,0.014165677771656475,0.013007526452365458,0.013054420563274593,0.0006005116239993653,0.3742136456088344,0.014445093329657606,0.9897157658454365,0.0011581513192910169,-0.26115206771120913,-0.0013906727663830134,-0.18672299132664105,0.10306587795980884,0.9497723649141119,False
GUT_GENOME172369_4,GUT_GENOME172369_00278,29427,0.01373166415290127,0.013066506369304242,0.013094026789487404,0.0006144649882318866,0.42470221466681507,0.014367770137936872,0.9809106360569823,0.0006651577835970288,-0.27861812221711785,-0.001273743348449468,-0.18398176728573823,0.11147734872137635,0.9457862617983388,False
GUT_GENOME172369_4,GUT_GENOME172369_00278,29907,0.013168828187708995,0.012979174215948451,0.012979813403323394,0.0005645412391530998,0.4784419337063585,0.014278590505021184,0.9892925501204205,0.00018965397176054326,-0.29546454086967117,-0.00129877710169779,-0.18456864377457297,0.1213648791761108,0.9411220554351007,False
GUT_GENOME172369_4,GUT_GENOME172369_00278,30479,0.012388438669151002,0.012740528749120943,0.01272007830800147,0.0005397782846789297,0.5409623563520298,0.014137513313915962,0.9956797237598026,-0.0003520900799699415,-0.31465775629886866,-0.001417435005914491,-0.18735038942447285,0.13410967201653984,0.9351439203710166,False
GUT_GENOME172369_4,GUT_GENOME172369_00281,32631,0.012467362980984234,0.012541528257881133,0.012530808566624132,0.0005179333635948384,0.5087405265512508,0.014053760757622286,0.9983612698088667,-7.416527689689881e-05,-0.3048112787944844,-0.001522952190998154,-0.18982407183555022,0.12894309392855702,0.9375627903901056,False
GUT_GENOME172369_4,GUT_GENOME172369_00281,32898,0.011846296247536787,0.012527908847529034,0.01249510049146807,0.000525149908818898,0.5824454680505478,0.013883855381287707,0.9959093215859682,-0.0006816125999922467,-0.326332266974819,-0.001388754889819637,-0.18667802976405118,0.14134143526551252,0.9317686566077245,False
GUT_GENOME172369_4,GUT_GENOME172369_00283,33622,0.011496790429175391,0.012534378527086838,0.01248149616094608,0.0005340588155076365,0.6268393373542295,0.013765713252701522,0.9919057108783341,-0.001037588097911447,-0.3389439687503248,-0.0012842170917554425,-0.1842273075223697,0.14882271478916292,0.928289756434661,False
GUT_GENOME172369_4,GUT_GENOME172369_00284,34191,0.011933500273622662,0.012464783871154144,0.012440939213544272,0.0004491935304194798,0.5635651795942074,0.01378418665011225,0.9986067261067615,-0.0005312835975314813,-0.3210063258403121,-0.0013432474365679785,-0.18561117997467994,0.13749657136108964,0.9335616413386235,False
GUT_GENOME172369_4,GUT_GENOME172369_00284,34411,0.010869682624030536,0.012205004277564203,0.012165711138564012,0.00040463746567790114,0.6712144072497779,0.013708909110873146,0.9999315711396082,-0.0013353216535336668,-0.34949224197142353,-0.0015431979723091339,-0.19029870194521226,0.1583584231602448,0.9238743406278428,False
GUT_GENOME172369_4,GUT_GENOME172369_00284,35007,0.010485952246829784,0.012029096852670902,0.011989516287686231,0.0003884442060065042,0.700298791273755,0.01346425414122284,0.9999266304970909,-0.0015431446058411184,-0.35685511135970277,-0.0014747378535366097,-0.18869376345549052,0.16295090687054248,0.9217553355032021,False
GUT_GENOME172369_4,GUT_GENOME172369_00285,36022,0.010556179799095075,0.011778355252557516,0.01175002587466901,0.0003745028364287533,0.6683182817668446,0.013187793574751479,0.9999382662397152,-0.0012221754534624402,-0.34548363424232104,-0.001437767700082469,-0.18782705706769384,0.15463794489599259,0.9255945673499093,False
GUT_GENOME172369_4,GUT_GENOME172369_00285,36939,0.011764063665688522,0.011807904891674435,0.011801694140442931,0.0003752621433902991,0.5056809317837628,0.013147696824902695,0.9998326408082122,-4.3841225985913335e-05,-0.30373694112531874,-0.0013460026844597638,-0.18567577237489102,0.1267316218511777,0.9386000607238844,False
GUT_GENOME172369_4,GUT_GENOME172369_00286,37956,0.010333391233489546,0.011263334875172766,0.011241806371383905,0.00029865839105646253,0.6818547611487225,0.012526669032594969,0.9999915412163306,-0.0009299436416832195,-0.3351302799215362,-0.0012848626612110645,-0.18424244187044994,0.14625758190667335,0.9294811135580356,False
GUT_GENOME172369_4,GUT_GENOME172369_00286,37970,0.012030520638246759,0.011446283487299256,0.01145561251666266,0.00035878084293547414,0.41710482425387846,0.012697247912184685,0.9997306206337047,0.0005842371509475024,-0.28148502427196864,-0.0012416353955220262,-0.1832290474482128,0.1128067027181702,0.9451578283005037,False
GUT_GENOME172369_4,GUT_GENOME172369_00288,40223,0.012279227043007454,0.011462059955731742,0.011471934568631796,0.0003841960211124889,0.3841202527928563,0.012655555470307495,0.9989676816267323,0.0008171670872757116,-0.2732326504183454,-0.0011836209016756992,-0.1818689900044758,0.10773241077988185,0.9475588762914133,False
GUT_GENOME172369_4,GUT_GENOME172369_00288,40439,0.01313760194873062,0.011528389013582344,0.011547120512715957,0.00041644880558302437,0.28155919188791045,0.012613288879208224,0.9947685403411386,0.001609212935148277,-0.245171601036335,-0.0010661683664922664,-0.17911550231250087,0.09219147712337933,0.9549505322236578,False
GUT_GENOME172369_4,GUT_GENOME172369_00291,42468,0.015446007878688866,0.011968420572855496,0.012030245122120304,0.0005561498108083377,0.1567259122198323,0.012929080101471537,0.9469716731108617,0.0034775873058333698,-0.17897777447856691,-0.0008988349793512332,-0.17519263746135294,0.06272550397796581,0.9691239576620734,False
GUT_GENOME172369_4,GUT_GENOME172369_00292,42775,0.015388095162542732,0.011913260935380887,0.012039202923984825,0.000533018769984802,0.15529571667213432,0.01291831186791381,0.9504571138826434,0.0034748342271618445,-0.17907531211071503,-0.0008791089439289853,-0.17473019196656822,0.06259860739222378,0.969185448873503,False
GUT_GENOME172369_4,GUT_GENOME172369_00292,42794,0.01500845845134204,0.01209765297501224,0.012232497339976387,0.0005731350219864768,0.1895314319765395,0.01296441155615425,0.8992052804091089,0.002910805476329801,-0.19905804249492645,-0.0007319142161778622,-0.17127944592219094,0.06896075287732467,0.9661072979662969,False
GUT_GENOME172369_4,GUT_GENOME172369_00295,45590,0.012785429707781995,0.012273285731798096,0.012317505456567786,0.0004721091537830172,0.4207607920235755,0.012936656330340442,0.9051483007994338,0.0005121439759838992,-0.2840391821508255,-0.0006191508737726555,-0.1686358888892689,0.10911632001838367,0.9469034353437991,False
GUT_GENOME172369_4,GUT_GENOME172369_00297,48570,0.0149448864496823,0.012435677661935497,0.012497777358740754,0.00038741263399532657,0.21184968764990325,0.01304918321766361,0.922675941367278,0.0025092087877468024,-0.2132860376801149,-0.000551405858922856,-0.16704771487250325,0.07339587291340854,0.9639672707455675,False
GUT_GENOME172369_4,GUT_GENOME172369_00300,50547,0.016331590467264245,0.012458349431478426,0.012534901610328955,0.00038651051992178006,0.13414322598120393,0.01309003978488251,0.9245389695584917,0.0038732410357858182,-0.164960329801351,-0.0005551381745535541,-0.16713521307027007,0.055146089856215066,0.9728036215875624,False
GUT_GENOME172369_4,GUT_GENOME172369_00300,50584,0.016041228470626136,0.01237339102345486,0.012458978209057477,0.0004143984664316821,0.1398773922324717,0.013143051135428902,0.9506063312574407,0.003667837447171276,-0.17223748460095825,-0.0006840729263714249,-0.17015788305047858,0.058619456265885675,0.9711156360486727,False
GUT_GENOME172369_4,GUT_GENOME172369_00300,50642,0.01581081723646884,0.012427900371068473,0.012529868366981889,0.00042785001841460384,0.1456101384117064,0.013106219148722774,0.9110237361894489,0.0033829168654003657,-0.1823318125196004,-0.0005763507817408853,-0.16763250887332612,0.061345547887848476,0.9697928626541429,False
GUT_GENOME172369_4,GUT_GENOME172369_00300,50647,0.013605404800889538,0.012851759470149977,0.01288796589826141,0.00044544122221638004,0.3858918231211523,0.013354140940304028,0.8523456526888822,0.0007536453307395614,-0.2754831352252296,-0.0004661750420426186,-0.1650496140661632,0.10313233289691157,0.949740806907025,False
GUT_GENOME172369_4,GUT_GENOME172369_00300,50809,0.013740684681697608,0.01288877128743774,0.012910695296012006,0.00045228551105931935,0.37114153788926374,0.013400932551803812,0.8607978765037609,0.0008519133942598671,-0.27200163855363607,-0.0004902372557918054,-0.16561371435822228,0.10141279375938972,0.9505577162776009,False
GUT_GENOME172369_4,GUT_GENOME172369_00300,50814,0.013562542227012196,0.012929023797220279,0.012922032893690491,0.0005041313731366968,0.39939958179641455,0.013453449335399567,0.8540866810610432,0.0006335184297919169,-0.2797390591829827,-0.0005314164417090754,-0.16657909481094446,0.10600253606061391,0.9483788099084622,False
GUT_GENOME172369_4,GUT_GENOME172369_00300,50816,0.015125009786013315,0.013574672524362282,0.01357193858890753,0.0005527870191916278,0.30733033088838024,0.014032803981975215,0.7977784658622717,0.001550337261651033,-0.2472574817790254,-0.00046086539306768384,-0.1649251377994027,0.08833656337385705,0.9567929331958687,False
GUT_GENOME172369_4,GUT_GENOME172369_00300,50884,0.01589550076046483,0.014063137132228285,0.014088579883241324,0.0005731932708111162,0.2871439920558605,0.014133218104531957,0.5310368088137754,0.0018323636282365444,-0.23726569175696813,-4.463822129063301e-05,-0.1551673544296037,0.08037191636559486,0.9606107891054013,False
GUT_GENOME172369_4,GUT_GENOME172369_00300,50924,0.016169099712726422,0.013980267689497469,0.014052938601880421,0.0005241817558098741,0.2548529237758318,0.014290739324602468,0.6749635128796484,0.0021888320232289534,-0.22463652734448408,-0.00023780072272204696,-0.15969574174292842,0.07596429934821324,0.9627301257843137,False
GUT_GENOME172369_4,GUT_GENOME172369_00300,51287,0.015898197457412833,0.014149787574571283,0.014211046879626725,0.0005112097920320399,0.300960423278769,0.014488162192475038,0.7061174321056036,0.0017484098828415492,-0.24024005264991574,-0.0002771153128483129,-0.16061740971594107,0.08351323520109277,0.95910318100207,False
GUT_GENOME172369_4,GUT_GENOME172369_00301,52870,0.016128566551113256,0.014813575479829632,0.014877154966049749,0.0006346606287541271,0.35380263498298087,0.014723344013548332,0.4042539075752573,0.0013149910712836246,-0.2555954600507459,0.00015381095250141703,-0.15051502949965978,0.0879838133038359,0.9569617024658644,False
GUT_GENOME172369_4,GUT_GENOME172369_00303,55343,0.017552467996286396,0.015180645239245227,0.01530244526559806,0.0006986747708052051,0.25699532588067736,0.01472472165731513,0.20415115533967854,0.0023718227570411685,-0.21815342787272085,0.0005777236082829297,-0.14057707219338417,0.06735283131908236,0.9668843226491165,False
GUT_GENOME172369_4,GUT_GENOME172369_00303,55443,0.017265581289792983,0.015308666384664372,0.015437503452860822,0.0007854915020210214,0.2949102201803265,0.014710632336438753,0.1773864593935358,0.0019569149051286115,-0.2328530184996707,0.0007268711164220686,-0.13708054632181854,0.07301160440429622,0.9641524996723899,False
GUT_GENOME172369_4,GUT_GENOME172369_00303,55817,0.01824430761201077,0.015498514293482252,0.015623387525400555,0.000734331316847135,0.2541084058940912,0.014635963078542839,0.08936785914854056,0.0027457933185285176,-0.20490418678206737,0.0009874244468577164,-0.13097228831498053,0.05913946606728274,0.9708631740462562,False
GUT_GENOME172369_4,GUT_GENOME172369_00303,55868,0.018362379754719594,0.015160831670461509,0.015264848293739398,0.0007006988925311968,0.22845622890986084,0.01447895621839631,0.1310198583511904,0.003201548084258085,-0.18875744853253915,0.0007858920753430892,-0.13569689390679165,0.05404302139246524,0.9733403040715362,False
GUT_GENOME172369_4,GUT_GENOME172369_00303,56060,0.016462169428820176,0.014527767861946435,0.014592762706828171,0.0006540623412433949,0.3086456929833383,0.013999483901720209,0.18218550620897805,0.0019344015668737412,-0.2336506338122447,0.0005932788051079621,-0.14021240536914678,0.07425213730026561,0.9635546536571822,False
GUT_GENOME172369_4,GUT_GENOME172369_00303,56148,0.0167818490151897,0.0144569395499166,0.014527897330781556,0.0006329742550152674,0.28278693682646894,0.014014665899707474,0.20873305111853663,0.0023249094652731013,-0.21981549857293642,0.0005132314310740821,-0.1420889886104789,0.06850813409721741,0.9663259618615392,False
GUT_GENOME172369_4,GUT_GENOME172369_00304,57364,0.01495761637436644,0.014333563553497186,0.01434595461368381,0.0006261297285183739,0.4345648669377663,0.013941767108359112,0.2592908666266911,0.0006240528208692545,-0.2800744121428184,0.0004041875053246973,-0.14464534984156374,0.09936395356793368,0.9515319856496639,False
GUT_GENOME172369_4,GUT_GENOME172369_00305,57687,0.015000664416851845,0.01416757791886693,0.014193362900863869,0.0005686438470315751,0.41105125480983973,0.013950410985754568,0.3345993716387069,0.0008330864979849157,-0.27266864850956274,0.00024295191510930077,-0.1484252615520521,0.09637825014682655,0.9529535426249609,False
GUT_GENOME172369_4,GUT_GENOME172369_00305,58766,0.014850766299853735,0.014010845359898855,0.01403481808490164,0.0005272854082349918,0.40795373789771744,0.01387716038464194,0.3824704835169225,0.0008399209399548805,-0.2724265140243776,0.0001576577002597012,-0.15042484862284836,0.09684384062668125,0.9527317253963652,False
GUT_GENOME172369_4,GUT_GENOME172369_00305,58826,0.014120083207802277,0.014005029432438714,0.014006534570807524,0.000527857521793485,0.48608157683813064,0.013773940623083335,0.32973763661280703,0.00011505377536356366,-0.29810751892533055,0.00023259394772418875,-0.148668087606545,0.11097029311240365,0.946026075311218,False
GUT_GENOME172369_4,GUT_GENOME172369_00307,60231,0.013488390135768141,0.01384340826849498,0.013830587403730134,0.0005131024649823141,0.5452729424511903,0.013730494348607408,0.42266742827096954,-0.00035501813272683855,-0.3147614930121222,0.00010009305512272658,-0.15177436007979578,0.12211025386085175,0.9407713765082721,False
GUT_GENOME172369_4,GUT_GENOME172369_00307,60270,0.013277085139911637,0.013859797877762061,0.013841584642168371,0.0005590168355993452,0.5748079494671309,0.013742346073015185,0.42954864340538496,-0.000582712737850424,-0.32282838658343765,9.923856915318614e-05,-0.15179439214293022,0.12725970467010714,0.9383522641566442,False
GUT_GENOME172369_4,GUT_GENOME172369_00308,62369,0.012850684625900465,0.013399859569022923,0.01337832074330101,0.0006810670454817854,0.5715460880305273,0.013754505915915854,0.7096445985694306,-0.0005491749431224581,-0.3216401905761573,-0.00037618517261484366,-0.16293994484970206,0.13000183782149072,0.9370666022964378,False
GUT_GENOME172369_4,GUT_GENOME172369_00308,62584,0.01292791491352036,0.013038415821860399,0.013047882770231667,0.0006235766901501876,0.5144216968569253,0.013824425150484236,0.8934899380571417,-0.00011050090834003809,-0.3060985981472607,-0.0007765423802525689,-0.172325682176719,0.12339249252538977,0.9401684230947451,False
GUT_GENOME172369_4,GUT_GENOME172369_00311,65479,0.0132779267248822,0.012954535922499956,0.012974473527238165,0.0006268801523001929,0.4580640696615189,0.013878760798445475,0.9254221587994083,0.00032339080238224377,-0.2907264366067057,-0.0009042872712073102,-0.17532045776336103,0.11525912385238733,0.9439995760595531,False
GUT_GENOME172369_4,GUT_GENOME172369_00312,65997,0.01359334999642457,0.012765506057804986,0.01279294505269472,0.0005343680594387141,0.3915357892023873,0.013943874308671845,0.9843726081954983,0.0008278439386195848,-0.2728543848752464,-0.001150929255977125,-0.18110258641922455,0.10724766215338179,0.9477885680578861,False
GUT_GENOME172369_4,GUT_GENOME172369_00312,66474,0.013284489338747967,0.012777918582658683,0.012792265682261432,0.0005030254490600359,0.43237890925834666,0.01397555266449826,0.9906721479493058,0.0005065707560892845,-0.2842366333452225,-0.0011832869822368287,-0.1818611617948624,0.11386394590480356,0.9446583294979298,False
GUT_GENOME172369_4,GUT_GENOME172369_00313,66803,0.013436046011539087,0.012738823872775355,0.012759940099070815,0.0004954234659710435,0.40679661940138334,0.014027729819085158,0.9947513455565289,0.0006972221387637322,-0.2774821280620422,-0.0012677897200143434,-0.18384219394580903,0.11079428366864805,0.9461093337363784,False
GUT_GENOME172369_4,GUT_GENOME172369_00313,66804,0.013319915524451668,0.012773977130620132,0.012788910539943974,0.0004574181870103261,0.4270698418171093,0.014109702454843172,0.9980583751413176,0.0005459383938315361,-0.2828418943541582,-0.001320791914899198,-0.18508474602044223,0.11425590041130039,0.9444732160928574,False
GUT_GENOME172369_5,GUT_GENOME172369_00333,11294,0.01976925356125259,0.016453068694425022,0.016786842216277593,0.0010745970737827517,0.17747401443907002,0.013552174385604694,0.001305715714816096,0.003316184866827568,-0.18469603160154022,0.0032346678306728986,-0.07828924500268981,0.04024182997244833,0.9800801597628517,False
GUT_GENOME172369_5,GUT_GENOME172369_00333,11295,0.021352623606370042,0.016395119108656337,0.01699727445601156,0.0011482543116786085,0.10499527071008463,0.01436263283276039,0.010881594458312749,0.004957504497713705,-0.12654642910356814,0.0026346416232511712,-0.09235590413795515,0.02454361174800356,0.987803185661728,False
GUT_GENOME172369_5,GUT_GENOME172369_00333,11296,0.025053507594205174,0.01779417882148449,0.018846916069986917,0.0014040592557233785,0.05948124140790895,0.015691090835242838,0.012299452643513054,0.007259328772720685,-0.04499609357289892,0.0031558252347440793,-0.08013758413946799,0.008446680828531387,0.995785565346098,False
GUT_GENOME172369_5,GUT_GENOME172369_00333,11404,0.02868423475044008,0.018490906538468035,0.020330162986914976,0.0017741409907730593,0.02751281538413961,0.016483071344871963,0.015063183409111346,0.010193328211972046,0.05895130211481851,0.003847091642043013,-0.06393194378099741,0.007562549456649219,0.9962258652886706,False
GUT_GENOME172369_5,GUT_GENOME172369_00334,12010,0.033753672022223936,0.019806208863469166,0.022828310256605564,0.0022033102209153433,0.014647933344367122,0.016827683564251114,0.0032301043982011024,0.01394746315875477,0.19195492357354776,0.00600062669235445,-0.01344574315528702,0.03702748069312451,0.9816565861974246,False
GUT_GENOME172369_5,GUT_GENOME172369_00334,12247,0.03883392413411822,0.022233601458957607,0.02638580889668416,0.002678970830314873,0.010560635539038923,0.018982540537400682,0.0028594754775137354,0.016600322675160616,0.2859419346706349,0.007403268359283479,0.019436957589388074,0.0821405853235173,0.9597616633746517,False
GUT_GENOME172369_5,GUT_GENOME172369_00334,12252,0.036405079775321855,0.022225363437755684,0.025449088398596942,0.002465061959647509,0.011407775220002457,0.018859187800640893,0.0037552232164795763,0.014179716337566171,0.2001833208781495,0.0065899005979560485,0.0003688453824736494,0.040073498004720334,0.9801626526452623,False
GUT_GENOME172369_5,GUT_GENOME172369_00334,12260,0.03358688324543098,0.023424381887663884,0.02691108700963177,0.0024859455475380846,0.03310943045116685,0.019134895081682323,0.0008798151413452747,0.010162501357767095,0.05785915084546883,0.007776191927949448,0.02817955692762649,0.004141768765196059,0.997931258419045,False
GUT_GENOME172369_5,GUT_GENOME172369_00334,12263,0.03230180655117866,0.02164487895300921,0.02554530101466594,0.002536666482614336,0.025960945319401563,0.019177361356376755,0.006030449957298809,0.010656927598169452,0.07537596402611758,0.006367939658289187,-0.004834675465479032,0.005704910039723077,0.9971516093645489,False
GUT_GENOME172369_5,GUT_GENOME172369_00335,12796,0.030652005226562317,0.021151665551422637,0.02418752511965751,0.0023373253310099446,0.0389951618523561,0.019008218954372717,0.013348780647931659,0.00950033967513968,0.03439971131303345,0.005179306165284794,-0.03270029529348243,0.002252649450700991,0.998874309340266,False
GUT_GENOME172369_5,GUT_GENOME172369_00335,12808,0.030996067729150662,0.01951084672138868,0.021688312637332906,0.001680138776306844,0.015238824346763801,0.018990798068855695,0.05418851932601672,0.011485221007761982,0.10472121257681684,0.0026975145684772113,-0.09088194803672887,0.019226060842509548,0.9904330270535647,False
GUT_GENOME172369_5,GUT_GENOME172369_00335,12819,0.04127875174386625,0.019085541827395212,0.021353153633592966,0.0014862366354077955,0.0007653714038137475,0.01936314237062461,0.09029186313924131,0.022193209916471036,0.4840899149775507,0.0019900112629683553,-0.10746823662307337,0.24589246766584516,0.8843112073067806,False
GUT_GENOME172369_5,GUT_GENOME172369_00337,14487,0.042732052288185274,0.01891234174444727,0.021326438385231905,0.0014720527105801426,0.0001974225115154509,0.01930769043503297,0.08512780891030008,0.023819710543738003,0.5417145014130478,0.0020187479501989347,-0.10679455074244118,0.30485967710946676,0.8586191338024738,False
GUT_GENOME172369_5,GUT_GENOME172369_00337,14538,0.03730308717509522,0.018468669633849143,0.020349886700794458,0.0013696400553158726,0.0012631835759834508,0.018689956470714204,0.11276646404750834,0.01883441754124608,0.3650927143000063,0.001659930230080254,-0.11520646091931615,0.14656521867249994,0.9293381532714415,False
GUT_GENOME172369_5,GUT_GENOME172369_00337,14541,0.030931421232912756,0.017577430004889587,0.01872058899865968,0.0011724802999596988,0.006751765998254615,0.017657439966872492,0.18226893966345947,0.013353991228023169,0.17092906351781026,0.0010631490317871868,-0.1291970459819175,0.04590862144552932,0.9773071352098681,False
GUT_GENOME172369_5,GUT_GENOME172369_00337,14542,0.0271814503589602,0.01707648397416981,0.018047373447197947,0.0011420080572140062,0.01579233935401947,0.017304360861161844,0.2576461050982848,0.01010496638479039,0.05582076920098644,0.0007430125860361028,-0.136702135265444,0.021803432060321547,0.9891574923231655,False
GUT_GENOME172369_5,GUT_GENOME172369_00337,14544,0.025810220322493724,0.0165691684237525,0.01750990368800658,0.001116163639970364,0.020731551753755118,0.016976509320182704,0.3163671429132659,0.009241051898741224,0.025213516956719643,0.0005333943678238751,-0.14161630065965758,0.02069089804985332,0.9897078810664816,False
GUT_GENOME172369_5,GUT_GENOME172369_00337,14545,0.024110343090318183,0.015704237986251708,0.016493706324171253,0.0010349363947207394,0.022005864768605287,0.016479183534874334,0.49440200907851106,0.008406105104066475,-0.004367451493087899,1.4522789296918942e-05,-0.1537804187262303,0.023667491816159198,0.9882359974834215,False
GUT_GENOME172369_5,GUT_GENOME172369_00337,14549,0.024546952724565148,0.015342472333970614,0.016092258694382796,0.0009854335892423302,0.020767278697627997,0.016282997332538067,0.5767390395175236,0.009204480390594533,0.023917840830349753,-0.000190738638155271,-0.15859244609749243,0.025723627069171986,0.9872205461128386,False
GUT_GENOME172369_5,GUT_GENOME172369_00337,14790,0.02430436568602057,0.014610421269673542,0.015070001492898378,0.00067351941952583,0.01872605097960107,0.0159025590183128,0.8917948678643857,0.00969394441634703,0.04125884985684771,-0.0008325575254144214,-0.17363886807369833,0.03185274919742511,0.9841997794915369,False
GUT_GENOME172369_5,GUT_GENOME172369_00338,15554,0.02255525444109412,0.014405028544158168,0.014794249442773907,0.0006174225900154783,0.03331490873644978,0.015330158225504745,0.8072966157854378,0.008150225896935951,-0.013432885124746212,-0.0005359087827308383,-0.1666844105939734,0.027964135137834942,0.9861152275476667,False
GUT_GENOME172369_5,GUT_GENOME172369_00338,15743,0.021903771195927745,0.014211114012525063,0.014575603940185975,0.0005912062383273221,0.03252012227344354,0.015007603636260147,0.7675215294984303,0.007692657183402682,-0.02964388894555769,-0.00043199969607417114,-0.16424842749027413,0.027856306084844396,0.9861683949164636,False
GUT_GENOME172369_5,GUT_GENOME172369_00338,16459,0.018979617640086776,0.013629543370814637,0.013908797127881685,0.0005326210404642966,0.06753205441231007,0.014102636533806244,0.6420467032612643,0.005350074269272139,-0.1126382446529148,-0.00019383940592455906,-0.15866513866113163,0.037862000384846016,0.9812470657657374,False
GUT_GENOME172369_5,GUT_GENOME172369_00340,18197,0.018383565961408794,0.013373241816238304,0.013643616572829616,0.0005301493206165776,0.07385613416033078,0.01358720143072748,0.45762706836176664,0.00501032414517049,-0.12467510468515683,5.6415142102136245e-05,-0.15279831921124848,0.0388912080820374,0.9807422421524987,False
GUT_GENOME172369_5,GUT_GENOME172369_00341,18937,0.01825862183692949,0.012874876343914165,0.01314768074894449,0.0005320056848746363,0.06060483075937552,0.013344572602503536,0.6443435928044434,0.005383745493015325,-0.11144532144683005,-0.00019689185355904575,-0.15873669843614058,0.03761739910279351,0.9813670802496602,False
GUT_GENOME172369_5,GUT_GENOME172369_00341,18957,0.01604349886261738,0.012755741520873668,0.012935576276860209,0.0005284576583433014,0.15038616775787,0.013011416323085037,0.5570571056246816,0.003287757341743712,-0.18570317807838757,-7.584004622482841e-05,-0.1558988315389678,0.05879011602362879,0.9710327744044157,False
GUT_GENOME172369_5,GUT_GENOME172369_00341,19447,0.015390440451049252,0.012807387680591293,0.012897886833266653,0.0005241436055029139,0.2152302454481203,0.013020465632307177,0.5924550736142967,0.0025830527704579585,-0.2106698511916839,-0.00012257879904052464,-0.15699454718627406,0.06902907404734948,0.9660742957395045,False
GUT_GENOME172369_5,GUT_GENOME172369_00341,19627,0.014803990902467855,0.012878094085326254,0.012945523232539244,0.0005221454747835765,0.2764041957463438,0.013048265286993757,0.5779958530208329,0.0019258968171416008,-0.23395194490787918,-0.00010274205445451323,-0.15652950629140425,0.0792349988660101,0.9611570119514823,False
GUT_GENOME172369_5,GUT_GENOME172369_00341,19923,0.013680094334497144,0.012857625902252994,0.012886019309818239,0.0005179085524565852,0.39661248256531645,0.013062061042161127,0.6330374373148391,0.00082246843224415,-0.2730448313629839,-0.00017604173234288777,-0.15824790053956717,0.09959587795922106,0.9514216503088705,False
GUT_GENOME172369_5,GUT_GENOME172369_00344,21479,0.012869289776242571,0.012711213793356956,0.012722649115151906,0.00048190165602882113,0.47470860939766646,0.012728915508153632,0.5051874871818002,0.0001580759828856155,-0.29658330376399605,-6.2663930017262115e-06,-0.15426778800690308,0.11176020648810954,0.9456525097618527,False
GUT_GENOME172369_5,GUT_GENOME172369_00344,21734,0.013854990914658558,0.012695253712356866,0.012748766886011604,0.0004872246446230138,0.3385983569701011,0.012742510421820766,0.4948773127003871,0.001159737202301692,-0.26109588214872415,6.256464190838168e-06,-0.15397420955758112,0.09187911688390235,0.9550996881594176,False
GUT_GENOME172369_5,GUT_GENOME172369_00351,28975,0.013530433358826192,0.012729668353576997,0.012756132107030173,0.0005166328817875544,0.3825462926521106,0.012871142034505153,0.588082192339857,0.0008007650052491953,-0.27381375268022845,-0.00011500992747497975,-0.15681710704276997,0.0995655762180929,0.9514360652843457,False
GUT_GENOME172369_5,GUT_GENOME172369_00351,29065,0.012503513793910468,0.012840499329984444,0.012885326710433872,0.0005700505785545704,0.5570846619235749,0.013108827844517315,0.6524976631682978,-0.0003369855360739766,-0.3141226239535683,-0.00022350113408344321,-0.1593605106535764,0.12406879523524353,0.9398505576149664,False
GUT_GENOME172369_5,GUT_GENOME172369_00353,29696,0.013022890789517648,0.01294170517917642,0.012998820280096015,0.0005990142432754675,0.4871947338536527,0.013161078484517672,0.6067565552882039,8.118561034122819e-05,-0.29930741947871714,-0.00016225820442165688,-0.1579247676721171,0.11452516359930091,0.9443460687175033,False
GUT_GENOME172369_5,GUT_GENOME172369_00353,29765,0.013959693321990707,0.012617835439099796,0.012848228978940692,0.0007142083817132694,0.30569544257702236,0.013180371868623909,0.6790523158185896,0.0013418578828909115,-0.25464360741585834,-0.00033214288968321654,-0.161907443645796,0.0910573871056784,0.9554921857130946,False
GUT_GENOME172369_5,GUT_GENOME172369_00353,29894,0.016678265593556313,0.013546463346399348,0.01352064984235612,0.0009081784312908976,0.17029024799128728,0.013203763085976154,0.3635725611550987,0.0031318022471569645,-0.19122844359468244,0.0003168867563799662,-0.14669197690963076,0.058086853729300295,0.9713742798112638,False
GUT_GENOME172369_5,GUT_GENOME172369_00354,30657,0.014545199466717779,0.013518392277588963,0.012840062655540906,0.000878262131964407,0.3584842184202419,0.013045442979306838,0.5924487205306384,0.0010268071891288161,-0.26580540202565367,-0.00020538032376593227,-0.15893569710570402,0.09591306756049546,0.9531752171005439,False
GUT_GENOME172369_5,GUT_GENOME172369_00355,31193,0.012662476383107872,0.012535896496819127,0.01250442398640943,0.0009076482395263145,0.47761639783308607,0.013308443362239292,0.812144638407077,0.00012657988628874545,-0.29769916533226165,-0.0008040193758298616,-0.1729698365920866,0.11854335741021839,0.9424506905898793,False
GUT_GENOME172369_5,GUT_GENOME172369_00355,31236,0.013708451368932438,0.013102839044580719,0.012919796419774286,0.0010059378970638708,0.4008667082453591,0.013432787964200011,0.6949614602270351,0.0006056123243517193,-0.2807277325090538,-0.0005129915444257258,-0.16614715242829284,0.10641293605970524,0.9481842225424465,False
GUT_GENOME172369_5,GUT_GENOME172369_00355,31241,0.014832337138788976,0.013538647212946798,0.013557713560793428,0.0010436817000474593,0.3094645700651912,0.013433339058689648,0.4525707339235098,0.0012936899258421779,-0.2563501291090224,0.00012437450210378044,-0.15120512021365534,0.08857837707303842,0.9566772573697462,False
GUT_GENOME172369_5,GUT_GENOME172369_00355,31246,0.021173036729869105,0.01261465428856592,0.013496354304853327,0.0008157284416783272,0.011872095265026377,0.0138109495642637,0.6501264032738662,0.008558382441303185,0.0010275163505512165,-0.0003145952594103725,-0.16149606739151473,0.026082035572775317,0.9870436478444435,False
GUT_GENOME172369_5,GUT_GENOME172369_00355,31255,0.026069639124663917,0.015528746040288597,0.018218663789922984,0.0013256079793523203,0.005034156489714481,0.020169036871718185,0.9293956163947358,0.01054089308437532,0.07126502748078951,-0.0019503730817952009,-0.19984427412632733,0.04501643804291634,0.9777432010679618,False
GUT_GENOME172369_5,GUT_GENOME172369_00355,31279,0.027077526433524367,0.015126363573429941,0.01754430103779926,0.0012192724495417577,0.0018470619462778624,0.020107464996719508,0.9822324581717485,0.011951162860094426,0.12122886470650736,-0.002563163958920249,-0.21421018062024122,0.06058243911938503,0.9701629619747043,False
GUT_GENOME172369_5,GUT_GENOME172369_00355,31281,0.027533610048926283,0.02017781795053902,0.023676501442851387,0.0032671868425683485,0.0434396380766351,0.02331273015212756,0.45567304000199327,0.0073557920983872635,-0.04157853617725895,0.0003637712907238258,-0.1455928436464945,0.022926050791716224,0.9886024247554607,False
GUT_GENOME172369_5,GUT_GENOME172369_00355,31307,0.029693186813275856,0.014555138399509263,0.025753101773405753,0.0036014881532976015,0.0004216732749487914,0.023908003109933264,0.3042150648680736,0.015138048413766593,0.23413565304030393,0.0018450986634724886,-0.11086548180386738,0.06711065908021323,0.96700140600813,False
GUT_GENOME172369_5,GUT_GENOME172369_00355,31309,0.06736349944025706,0.024942640437456802,0.06463187111224972,0.0115533497242164,0.00031794663779538556,0.024941501367485953,0.0002958406394423487,0.04242085900280026,1.200726535721235,0.03969036974476377,0.7763566454924371,2.044473854585388,0.3597892170178319,False
GUT_GENOME172369_5,GUT_GENOME172369_00355,31313,0.030057249143747987,0.02162553891129188,0.029528944538054294,0.0038674561045464527,0.02712031527077419,0.03424505068670873,0.8886601794062481,0.008431710232456108,-0.003460298486599529,-0.004716106148654437,-0.2646824825736074,0.07006879024694435,0.9655722047112097,False
GUT_GENOME172369_5,GUT_GENOME172369_00355,31316,0.061763552022586474,0.04064610736692364,0.06069186475462205,0.008892178961106358,0.012811841057893772,0.06371860679949602,0.6332157495766904,0.021117444655662836,0.4459770933674473,-0.0030267420448739715,-0.22507803078583652,0.24955568775090675,0.8826929764550971,False
GUT_GENOME172369_5,GUT_GENOME172369_00355,31327,0.04646994647208931,0.02265059781192508,0.04383326004408965,0.007256596755710911,0.0012616843999634791,0.04906641515670554,0.7645939432217701,0.02381934866016423,0.541701680396611,-0.005233155112615892,-0.2768038723434645,0.37006109428884915,0.8310788963772944,False
GUT_GENOME172369_5,GUT_GENOME172369_00355,31330,0.04338357133342595,0.030982005254126657,0.04019053699329201,0.0065991965066389815,0.05072286504812998,0.04506436542294322,0.7699094773270024,0.012401566079299292,0.13718600533147493,-0.004873828429651207,-0.2683800303429813,0.09084784074570704,0.9555923009124455,False
GUT_GENOME172369_5,GUT_GENOME172369_00355,31332,0.03743269265991608,0.026909923104127344,0.034916731998329925,0.00563291264944106,0.052281395695104815,0.04009896050875951,0.8212112488141141,0.010522769555788732,0.07062293683412996,-0.0051822285104295845,-0.2756099792351114,0.08094845986105603,0.9603339120641687,False
GUT_GENOME172369_5,GUT_GENOME172369_00355,31336,0.04391605151506859,0.026468709640575034,0.03835164439154789,0.006125611981397684,0.010118217363913459,0.03866080990286431,0.520126454379373,0.017447341874493556,0.3159506111176285,-0.0003091655113164199,-0.16136877559211785,0.1258646704017022,0.9390070092602292,False
GUT_GENOME172369_5,GUT_GENOME172369_00355,31339,0.045339512234024625,0.02434266497177854,0.03837655552391139,0.00606303382424356,0.003196232502289229,0.03689034745103434,0.40317938205115234,0.020996847262246085,0.4417045005357333,0.0014862080728770544,-0.11927910031305324,0.20933036956501305,0.9006260154064857,False
GUT_GENOME172369_5,GUT_GENOME172369_00355,31364,0.04448889597516781,0.02352826971321904,0.03507764761107116,0.005623559522017169,0.0047113823343434055,0.036095599361832584,0.5718223169054801,0.020960626261948768,0.4404212424001861,-0.0010179517507614214,-0.17798514052204467,0.22564958100397547,0.8933071623047584,False
GUT_GENOME172369_5,GUT_GENOME172369_00355,31439,0.0355840983244577,0.025575988136260434,0.02957567191442917,0.004856592966628476,0.07864173571256373,0.03465767846220344,0.8523150186809559,0.010008110188197264,0.052389292951406104,-0.00508200654777427,-0.2732604348833782,0.07741590328860123,0.9620316278784958,False
GUT_GENOME172369_5,GUT_GENOME172369_00355,31474,0.03277801897189031,0.02754522202862576,0.029619979325986923,0.003969113742185776,0.16790065207386773,0.03425929595149946,0.8787688794664393,0.005232796943264551,-0.11679321225400567,-0.004639316625512535,-0.26288227445963497,0.08274774465368007,0.959470343471963,False
GUT_GENOME172369_5,GUT_GENOME172369_00355,31685,0.03590897674843048,0.026485529931403573,0.031837768074602764,0.004719748863026491,0.06749981582734857,0.03379793743138824,0.6610433200001734,0.009423446817026906,0.03167550753818629,-0.001960169356785474,-0.20007393219689,0.04103291612252743,0.9796925725014557,False
GUT_GENOME172369_5,GUT_GENOME172369_00355,31691,0.039073462718186715,0.02388592642483659,0.032614131212214036,0.0047716270001032365,0.011705601893783505,0.0340306241954956,0.6167123255140404,0.015187536293350123,0.23588893769741617,-0.0014164929832815656,-0.18732830520363183,0.09073548485848053,0.9556459856307778,False
GUT_GENOME172369_5,GUT_GENOME172369_00355,31870,0.03456478971291858,0.021724918344160786,0.028698502260799223,0.004514588071762082,0.024392587182599554,0.03299698455865836,0.8294848963535001,0.012839871368757791,0.15271453364196,-0.0042984822978591394,-0.254891956287869,0.08829163816573825,0.9568144254980795,False
GUT_GENOME172369_5,GUT_GENOME172369_00355,31871,0.03146302244473371,0.020457885660724786,0.026726143695447156,0.004401198702606614,0.04115738638027495,0.0312540418295747,0.8482102249947192,0.011005136784008922,0.08771251649382666,-0.004527898134127541,-0.26027024531775345,0.07543408614744337,0.9629853857291016,False
GUT_GENOME172369_5,GUT_GENOME172369_00355,31958,0.028749712539506825,0.019666094514263772,0.02465374695037877,0.003974166522811986,0.05131077760240973,0.031016851879273655,0.9453244780429501,0.009083618025243052,0.01963586042269517,-0.006363104928894886,-0.3032937468005326,0.09237266386284515,0.9548640239556123,False
GUT_GENOME172369_5,GUT_GENOME172369_00355,32024,0.026630037373864067,0.020740602257607054,0.023890310353303457,0.0038467242932267373,0.13775629078886653,0.03051497594538942,0.9574795161026235,0.005889435116257013,-0.09352946275270263,-0.006624665592085962,-0.30942562012005387,0.10449197478948907,0.9490953726276734,False
GUT_GENOME172369_5,GUT_GENOME172369_00355,32086,0.025356115877630526,0.02070622332111669,0.02336236615091397,0.0038854756068476934,0.19917530262440775,0.02972621306738066,0.9492740614628062,0.004649892556513834,-0.13744467936987653,-0.00636384691646669,-0.30331114151784005,0.11088868845594337,0.9460646761651541,False
GUT_GENOME172369_5,GUT_GENOME172369_00355,32173,0.02419616674977843,0.020909975455675432,0.022167048995237297,0.0035495796850434215,0.26705029517852696,0.028933234587602906,0.9716874449793965,0.0032861912941029962,-0.18575866090213916,-0.006766185592365609,-0.31274333121355824,0.13231467131870933,0.9359835891109659,False
GUT_GENOME172369_5,GUT_GENOME172369_00355,32174,0.023177784705051118,0.021688828096389955,0.021513039058930854,0.0035344471087895802,0.38979322516717974,0.028520058460451952,0.9762879984555841,0.0014889566086611628,-0.24943211035548368,-0.007007019401521097,-0.3183892964393017,0.1635881217635037,0.9214617041685264,False
GUT_GENOME172369_5,GUT_GENOME172369_00355,32410,0.02584701805902891,0.02065805105318457,0.022299021980582624,0.0036647602561529873,0.19459174653209738,0.028116890625848632,0.943802182726307,0.005188967005844338,-0.11834604412814853,-0.005817868645266008,-0.2905115501979171,0.09840274695917858,0.9519894049760034,False
GUT_GENOME172369_5,GUT_GENOME172369_00355,32417,0.02382703183341376,0.022044170158493536,0.02216711948926407,0.0034976265259857612,0.3778385685908746,0.028145325154661345,0.9562946975158154,0.001782861674920224,-0.23901947502626536,-0.005978205665397276,-0.29427039636339053,0.14372537561769846,0.9306586778202561,False
GUT_GENOME172369_5,GUT_GENOME172369_00355,32585,0.022743343343306424,0.021303067951116358,0.02140307563909609,0.003438679536078783,0.3972291902068459,0.028083291928942697,0.9739719206592833,0.0014402753921900664,-0.25115681609447715,-0.006680216289846608,-0.31072791778715547,0.15963158516305626,0.9232864069284787,False
GUT_GENOME172369_5,GUT_GENOME172369_00355,32723,0.022509570766701535,0.022085295995631297,0.021843722287533777,0.003397784810346495,0.46794632075938747,0.0281104203965492,0.9674337903114928,0.0004242747710702377,-0.28715226216363426,-0.006266698109015423,-0.30103364239711583,0.17307767552056716,0.917099929985796,False
GUT_GENOME172369_5,GUT_GENOME172369_00355,32876,0.02232091933252256,0.022194908737340407,0.022135102046492668,0.003407858212122809,0.4901690965082096,0.02833919093940317,0.9656604050453832,0.00012601059518215288,-0.29771933450036947,-0.0062040888929105024,-0.29956586900525284,0.1783765120082152,0.9146733646125895,False
GUT_GENOME172369_5,GUT_GENOME172369_00355,33013,0.021593011815164313,0.024852987637297576,0.0231088289611264,0.003813555107419057,0.7373359282308877,0.02853193618743145,0.9224956993069112,-0.0032599758221332625,-0.41767998111989624,-0.005423107226305051,-0.28125699722740904,0.25356206511769563,0.8809265457114777,False
GUT_GENOME172369_5,GUT_GENOME172369_00355,33014,0.02030081060143179,0.023032140318879676,0.021681808048988338,0.003566169529188921,0.7064269726739884,0.02857514230589496,0.973380667119763,-0.002731329717447887,-0.3989508071850428,-0.006893334256906622,-0.31572412922117854,0.25884347232606864,0.8786033485947256,False
GUT_GENOME172369_5,GUT_GENOME172369_00355,33043,0.020034006096794052,0.020311331261248046,0.01997345967287373,0.0035910359258367907,0.5220778190882486,0.028694971272644615,0.9924232501690455,-0.00027732516445399397,-0.3120089424808681,-0.008721511599770883,-0.3585828363956336,0.22593123074556737,0.8931813712965049,False
GUT_GENOME172369_5,GUT_GENOME172369_00356,33271,0.02191629842497823,0.018926403919538395,0.020613438411679105,0.004005442822468521,0.290554690123062,0.029818713006292977,0.9892245534834826,0.0029898945054398357,-0.19625603152877716,-0.009205274594613871,-0.36992388961387845,0.1753601140184853,0.9160539148722943,False
GUT_GENOME172369_5,GUT_GENOME172369_00356,33448,0.023412619195992735,0.019360826500387278,0.021699884473333594,0.004117094483229289,0.2349913631794427,0.03035999647999647,0.982286876164494,0.004051792695605457,-0.15863450035991578,-0.008660112006662876,-0.3571434206891005,0.15271632764595194,0.9264843139631533,False
GUT_GENOME172369_5,GUT_GENOME172369_00356,33453,0.022740619916470944,0.020287856215578718,0.02215750468532051,0.004242222941462579,0.31743034507366075,0.031131957997428992,0.9828066303952497,0.0024527637008922264,-0.21528580622110594,-0.008974453312108482,-0.3645126521345694,0.17921745192644917,0.9142888527838668,False
GUT_GENOME172369_5,GUT_GENOME172369_00356,33454,0.020173006091955027,0.01918866192119323,0.020001311590406332,0.0038069641129146172,0.4158114973708175,0.03199713142421736,0.9991864930915948,0.0009843441707617986,-0.2673098059165479,-0.011995819833811028,-0.43534377993832635,0.2609787390701324,0.8776658228949015,False
GUT_GENOME172369_5,GUT_GENOME172369_00356,33469,0.01995962193608033,0.021088007409841507,0.02039670060999554,0.004108985093871063,0.5975225727229744,0.03420276494478028,0.9996102445237535,-0.0011283854737611752,-0.3421607896633057,-0.013806064334784738,-0.47778208018541585,0.34534972212932,0.8414111458985764,False
GUT_GENOME172369_5,GUT_GENOME172369_00356,33502,0.018879495721352096,0.021336781541488024,0.01970401411064554,0.003965026372120206,0.7140356555829079,0.034480299888134974,0.9999029811583602,-0.002457285820135928,-0.38924182461040435,-0.014776285777489434,-0.5005273772265166,0.40203685337929246,0.8178973602741827,False
GUT_GENOME172369_5,GUT_GENOME172369_00356,33562,0.019455575409964378,0.020071101700683124,0.019570557366217285,0.004092098340529445,0.5538598648576234,0.035671919143873916,0.9999583573908768,-0.0006155262907187459,-0.32399092373947525,-0.01610136177765663,-0.5315916744057431,0.38755982696306,0.8238392002188031,False
GUT_GENOME172369_5,GUT_GENOME172369_00356,33573,0.02167536237813616,0.020335416445868403,0.02147400175456926,0.004641403182341634,0.39738676408938234,0.0375101475687818,0.9997248750956488,0.0013399459322677582,-0.25471134508659593,-0.01603614581421254,-0.5300627899726983,0.3458444306294638,0.8412030450139606,False
GUT_GENOME172369_5,GUT_GENOME172369_00356,33744,0.0259966949619696,0.02179228987466914,0.02536564952021684,0.005483469281613247,0.24863300569874774,0.041016602552917066,0.9978427753637894,0.00420440508730046,-0.15322766201695512,-0.015650953032700227,-0.5210325584730097,0.29495364339611246,0.8628824382392879,False
GUT_GENOME172369_5,GUT_GENOME172369_00356,33753,0.027645820389122153,0.024212540711121913,0.026974229728185573,0.005772691951103342,0.30287270803884375,0.043844658080197024,0.9982635770335313,0.00343327967800024,-0.18054753023950518,-0.01687042835201145,-0.54962121581571,0.33468089155032427,0.8459115752876748,False
GUT_GENOME172369_5,GUT_GENOME172369_00356,33816,0.028974423870609944,0.030168053066646616,0.02906363366062676,0.006022486992840914,0.5692378739855583,0.044560970061554156,0.9949625115179423,-0.0011936291960366711,-0.3444722812487441,-0.015497336400927396,-0.5174312611131141,0.3863962625258215,0.8243186346661873,False
GUT_GENOME172369_5,GUT_GENOME172369_00356,33817,0.030453771528567822,0.026226596252736684,0.029534656055788283,0.006177372929989278,0.27483012506069426,0.045027778923071235,0.9939299218673467,0.004227175275831139,-0.15242094686717772,-0.015493122867282952,-0.517332481525159,0.290865041484866,0.8646482339263134,False
GUT_GENOME172369_5,GUT_GENOME172369_00356,33819,0.03231577488106209,0.02692655306336271,0.031388228024955105,0.0064664011386033554,0.23149915396653048,0.04634610449158205,0.9896433160761944,0.00538922181769938,-0.11125130311089161,-0.014957876466626947,-0.5047844818240163,0.26718422553421206,0.8749468714882414,False
GUT_GENOME172369_5,GUT_GENOME172369_00356,33859,0.03301107274664414,0.02693620648676587,0.03180849517207032,0.006552557690325583,0.21264122111671974,0.048573447426005945,0.9947442974580151,0.006074866259878266,-0.08695990305853218,-0.016764952253935622,-0.5471484966241169,0.3069335020979806,0.8577292823236139,False
GUT_GENOME172369_5,GUT_GENOME172369_00356,33871,0.03100630456182664,0.027735527751225605,0.030661271862607604,0.006520728091132817,0.3272141670615787,0.04879196259944291,0.9972859886994611,0.0032707768106010338,-0.186304773963534,-0.01813069073683531,-0.5791660609725382,0.37014279498404934,0.8310449472089166,False
GUT_GENOME172369_5,GUT_GENOME172369_00356,33899,0.032269560396969856,0.027104182736987448,0.03136179479659798,0.00651972335875642,0.24317172127720427,0.049181148940608634,0.9968633716608597,0.005165377659982408,-0.11918178084831306,-0.017819354144010653,-0.5718672702306844,0.34123647164726995,0.8431433939813013,False
GUT_GENOME172369_5,GUT_GENOME172369_00356,33976,0.035172766867608854,0.027926601275228995,0.033889836959333515,0.0067206262450258515,0.1715542891353663,0.049129992716057266,0.9883253054889961,0.007246165592379859,-0.045462446189430336,-0.015240155756723751,-0.5114020703653541,0.2635989115874975,0.8765167578121467,False
GUT_GENOME172369_5,GUT_GENOME172369_00356,33984,0.03969005019189751,0.025433302368549307,0.038111240578506816,0.0073911436518841024,0.03910805174434078,0.04970374493730132,0.9416097966561214,0.014256747823348202,0.20291243603266387,-0.011592504358794505,-0.42588869074245134,0.22255463359902927,0.894690601788692,False
GUT_GENOME172369_5,GUT_GENOME172369_00356,33985,0.04451626679931513,0.027545732256099086,0.04301501703616558,0.0077085528387410415,0.020948738918598442,0.050804835038729866,0.8438822058243431,0.01697053454321604,0.29905801063923343,-0.007789818002564286,-0.336740763352309,0.20283003543059164,0.9035579624995863,False
GUT_GENOME172369_5,GUT_GENOME172369_00356,33986,0.04280161491746461,0.027048137028507307,0.041495472917305626,0.0074743044834663245,0.026430089461454895,0.050855499182024456,0.8947686132021939,0.015753477888957305,0.2559394374308887,-0.00936002626471883,-0.3735517961403837,0.20504594003214655,0.9025574177564264,False
GUT_GENOME172369_5,GUT_GENOME172369_00356,34006,0.041875013183772555,0.0326132950419378,0.0409625458003436,0.007164928532590412,0.11814805344639295,0.05115562538567176,0.922579033825119,0.009261718141834754,0.025945692334629702,-0.010193079585328162,-0.3930814049434142,0.15518616986301165,0.925340885094655,False
GUT_GENOME172369_5,GUT_GENOME172369_00356,34120,0.03897167293914018,0.032838493372439576,0.038706055083801635,0.006709458065240745,0.19571705345318752,0.05104279678109326,0.9670210089431458,0.006133179566700606,-0.08489394616125766,-0.012336741697291626,-0.4433361502481959,0.20375392421172142,0.9031406653587167,False
GUT_GENOME172369_5,GUT_GENOME172369_00356,34210,0.03916966636481518,0.03823971777388181,0.03952198487057844,0.006940845978522946,0.448797570571315,0.05089867272368251,0.9494029905938427,0.0009299485909333646,-0.26923696336056285,-0.01137668785310407,-0.42082921636656345,0.24958577178731295,0.8826796990711372,False
GUT_GENOME172369_5,GUT_GENOME172369_00356,34212,0.04064128366349396,0.0389877825915002,0.04086490060420007,0.007275228621675221,0.41435754617887266,0.05138640719299025,0.9259408105111202,0.0016535010719937598,-0.24360253581315833,-0.010521506588790183,-0.4007808531531318,0.21996748770875327,0.8958486982250542,False
GUT_GENOME172369_5,GUT_GENOME172369_00356,34249,0.040589023406704026,0.036778872455248066,0.040320127815568506,0.007058667978105099,0.309094729624137,0.05167582273966379,0.9461654643472039,0.003810150951455961,-0.16719552108055605,-0.011355694924095286,-0.42033707056865527,0.20463759516363733,0.9027417139149218,False
GUT_GENOME172369_5,GUT_GENOME172369_00356,34264,0.03501319702616041,0.035247014288914434,0.03576293314887449,0.006360112973380589,0.5142739304651823,0.04675410995083141,0.9580185935531524,-0.00023381726275402415,-0.3104675198708136,-0.010991176801956916,-0.4117915235420009,0.2659623397557763,0.8754815773785696,False
GUT_GENOME172369_5,GUT_GENOME172369_00356,34276,0.03143803371524958,0.032935546711344556,0.03259421390973079,0.005838413656331121,0.6013656090571571,0.04119069651225138,0.929543607379045,-0.0014975129960949768,-0.3552384488168633,-0.008596482602520591,-0.3556517306129361,0.25268250900578765,0.8813140430753622,False
GUT_GENOME172369_5,GUT_GENOME172369_00356,34279,0.046873149470376345,0.042548183654040554,0.04691786248139024,0.008193570849210593,0.3107221155486653,0.02294838304456336,0.0017200636958274297,0.004324965816335791,-0.14895636815173444,0.02396947943682688,0.4078054013478353,0.18849324498142403,0.9100582937193216,False
GUT_GENOME172369_5,GUT_GENOME172369_00356,34283,0.0451722536984862,0.04039752659225452,0.045229881605520175,0.007690094248082215,0.279900283273545,0.02090938721083785,0.0007819041331943184,0.004774727106231683,-0.13302197016229392,0.024320494394682327,0.41603438818617466,0.19077945669930288,0.9090185951077955,False
GUT_GENOME172369_5,GUT_GENOME172369_00356,34284,0.037406860269916735,0.034453278141920236,0.03804750992399846,0.006187430645614937,0.32524026581080856,0.020132201905339903,0.0018931625314978495,0.0029535821279964986,-0.19754252702566363,0.01791530801865856,0.26587499125495795,0.10971256095850901,0.9466211861207764,False
GUT_GENOME172369_5,GUT_GENOME172369_00356,34320,0.030372874516666808,0.03064574048336558,0.03159372954695534,0.005283751306403634,0.5202411116951285,0.019979327535778774,0.013969721032742369,-0.0002728659666987737,-0.3118509594944671,0.01161440201117657,0.11816028154012151,0.11121287307126054,0.9459113387863407,False
GUT_GENOME172369_5,GUT_GENOME172369_00356,34333,0.02144592839317918,0.02486400751234301,0.023151739942816628,0.003801833899224838,0.819877669966673,0.019977863128818902,0.20190732183417592,-0.003418079119163829,-0.4232813543703841,0.003173876813997726,-0.07971439360366561,0.18552148950522682,0.9114115342043092,False
GUT_GENOME172369_5,GUT_GENOME172369_00356,34491,0.018828072765890064,0.01625877462545553,0.02004646227352533,0.0033003520613536143,0.21752748225342222,0.019865132108097084,0.47809206737099524,0.002569298140434533,-0.21115715802291765,0.0001813301654282444,-0.14986988536574633,0.06704832792385736,0.967031543635673,False
GUT_GENOME172369_5,GUT_GENOME172369_00356,34492,0.017453730183525775,0.02430783686909786,0.01876424274431892,0.003185927820661167,0.9816979933806108,0.019684717664234526,0.6136782989795173,-0.006854106685572084,-0.5450148871928983,-0.0009204749199156065,-0.1756999514150791,0.3279117001891487,0.8487794945874056,False
GUT_GENOME172369_5,GUT_GENOME172369_00356,34524,0.017113110794632486,0.023464457776092518,0.017620199081806863,0.002824083079597389,0.9833862443095568,0.019519680552306448,0.7493994586780218,-0.006351346981460032,-0.5272028313349361,-0.0018994814704995852,-0.19865120132369773,0.3174051251549213,0.8532501097431962,False
GUT_GENOME172369_5,GUT_GENOME172369_00356,34569,0.019353828200259392,0.02878473930652296,0.019352152348338533,0.0030028658451353584,0.9962481831849173,0.01962977887898206,0.5368312747010786,-0.009430911106263568,-0.6363073752363937,-0.0002776265306435287,-0.16062939440324345,0.4306888781265814,0.8062636836370145,False
GUT_GENOME172369_5,GUT_GENOME172369_00360,36225,0.01993640190321617,0.02626312334754795,0.019281580723345675,0.003071024143656614,0.9539780766039762,0.019592131245466025,0.5402735055520249,-0.00632672144433178,-0.5263303838430762,-0.00031055052212035014,-0.1614012449653495,0.3030740348327647,0.8593860694321507,False
GUT_GENOME172369_5,GUT_GENOME172369_00361,36958,0.01929423454911991,0.018068882950862095,0.018220028498419704,0.0026947171837162034,0.37356750178123116,0.01930800595657308,0.6567997232219442,0.0012253515982578143,-0.2587712581259595,-0.0010879774581533767,-0.17962678174438573,0.09922834475193715,0.9515965058999962,False
GUT_GENOME172369_5,GUT_GENOME172369_00361,37022,0.018316958352112524,0.021586361635730484,0.018287457622795416,0.0027270621514559716,0.8124467753443745,0.019193387148052955,0.6301308059316104,-0.0032694032836179596,-0.4180139825706704,-0.0009059295252575386,-0.17535895779494687,0.2054864537035227,0.9023586452068746,False
GUT_GENOME172369_5,GUT_GENOME172369_00361,37027,0.01810590683057828,0.021713630377885717,0.01858290577456403,0.0027300767028120977,0.848118668219576,0.019202033498929946,0.589702724284867,-0.0036077235473074357,-0.43000018469751067,-0.000619127724365915,-0.16863534618828388,0.21333803882393562,0.8988231167672567,False
GUT_GENOME172369_5,GUT_GENOME172369_00361,37029,0.01895496012904124,0.021363430226897507,0.019545935493562996,0.0028321876124760047,0.7504662552034864,0.019230198025080383,0.45561713519369207,-0.0024084700978562676,-0.3875123535233614,0.0003157374684826138,-0.14671892013461055,0.17169226565868084,0.9177354297109499,False
GUT_GENOME172369_5,GUT_GENOME172369_00361,37185,0.01858394491253621,0.022301400857902675,0.01970088869189421,0.0026842336876256416,0.8571872791142956,0.019251198339640695,0.4334764222137388,-0.0037174559453664636,-0.43388784631332694,0.00044969035225351367,-0.1435786080400978,0.20887347986514926,0.9008317822837167,False
GUT_GENOME172369_5,GUT_GENOME172369_00361,37233,0.02071614653874596,0.02061027569640914,0.020646289056382734,0.0028534739816550962,0.4894439854024166,0.019386368855994922,0.32941139767567074,0.00010587084233681932,-0.2984328570832507,0.0012599202003878117,-0.12458405921214565,0.10458335799664734,0.9490520079288574,False
GUT_GENOME172369_5,GUT_GENOME172369_00361,37448,0.0222421130528964,0.021523648115187047,0.02176927469700017,0.0030346372895239614,0.43527717422653267,0.019704445345241593,0.2481191294821785,0.0007184649377093531,-0.27672952613650176,0.002064829351758578,-0.10571424564876851,0.08775473236882098,0.9570713195843298,False
GUT_GENOME172369_5,GUT_GENOME172369_00361,37564,0.02300154077881078,0.017969063370708374,0.02139387628366324,0.003263017366109491,0.13531339408381632,0.020453441564624694,0.3865929405,0.0050324774081024065,-0.12389024632528423,0.0009404347190385479,-0.13207388767166756,0.03279230493924786,0.9837375327997104,False
GUT_GENOME172369_5,GUT_GENOME172369_00361,37626,0.025075792154084755,0.02056948015395275,0.02293420881833188,0.003240393849256685,0.1881515505107299,0.0212259785886153,0.2990386479821336,0.004506312000132004,-0.14253153273038466,0.0017082302297165806,-0.1140741443259509,0.033328148226170584,0.9834740035273624,False
GUT_GENOME172369_5,GUT_GENOME172369_00361,37736,0.02495173469153665,0.024169962359030295,0.02453959880147937,0.0030119293990241137,0.4399547203996001,0.024990987419330455,0.5595651991947765,0.0007817723325063558,-0.2744866358588534,-0.0004513886178510833,-0.16470296989236033,0.10246998155647455,0.9500553900435517,False
GUT_GENOME172369_5,GUT_GENOME172369_00361,37796,0.025601014529373613,0.02487080493695195,0.02519776635772993,0.003056359749852099,0.44383325966703735,0.02603368184637982,0.6077656917717685,0.0007302095924216628,-0.27631342985022994,-0.000835915488649891,-0.17371759017556296,0.10652691265200279,0.9481301886788321,False
GUT_GENOME172369_5,GUT_GENOME172369_00361,37806,0.027418189200365466,0.025449396541509756,0.025971192825113735,0.0033081627468271643,0.3598489785716076,0.027287421768217062,0.6546381324510084,0.00196879265885571,-0.23243220670603687,-0.0013162289431033272,-0.18497777441136506,0.08824150774041972,0.956838408555699,False
GUT_GENOME172369_5,GUT_GENOME172369_00361,37848,0.02877909519010607,0.0290500763363677,0.028804810533616405,0.003435579700953899,0.5191708114601481,0.027351639629966305,0.3361560519498673,-0.0002709811462616278,-0.31178418300734195,0.0014531709036500993,-0.12005360414732164,0.1116222446423175,0.9457177439946479,False
GUT_GENOME172369_5,GUT_GENOME172369_00361,37853,0.029442045946029432,0.029339711996022873,0.029167232393924537,0.0034424748332476792,0.4928823496273967,0.026960800204781386,0.2607796657918118,0.00010233395000655912,-0.2985581641101165,0.0022064321891431503,-0.10239459257122352,0.09962162994463011,0.9514093998895106,False
GUT_GENOME172369_5,GUT_GENOME172369_00361,37854,0.02915320279455472,0.02759026977548028,0.02796473601266195,0.0031064951777813174,0.3928218976444581,0.026129603498714543,0.2773471536854056,0.001562933019074439,-0.24681123214333653,0.0018351325139474052,-0.11109912231244254,0.07325879929070703,0.9640333402526218,False
GUT_GENOME172369_5,GUT_GENOME172369_00361,37896,0.02756869354622076,0.024196754113038718,0.024952756767970884,0.0022747963041892085,0.2710806625896861,0.025152760367184092,0.535030482639404,0.003371939433182043,-0.1827207272123463,-0.0002000035992132075,-0.1588096483588128,0.058607368564858445,0.971121505344145,False
GUT_GENOME172369_5,GUT_GENOME172369_00362,38114,0.026589147346149818,0.023359851102918657,0.024089205300755586,0.002156894124782017,0.27487966156208943,0.024196568273961345,0.51984981460635,0.0032292962432311605,-0.18777437102345965,-0.00010736297320575877,-0.15663783637459316,0.05979462619736971,0.9705451907098984,False
GUT_GENOME172369_5,GUT_GENOME172369_00362,38117,0.025961585643191152,0.0221106220115688,0.022858338643304835,0.001961676105971255,0.2297348395777411,0.02306547376755609,0.5420465231278893,0.0038509636316223506,-0.16574958630716208,-0.00020713512425125577,-0.15897683560927625,0.05274655962133422,0.9739714578633907,False
GUT_GENOME172369_5,GUT_GENOME172369_00362,38450,0.023181543904976898,0.020391092425247056,0.020960715367043633,0.0015877098651682772,0.2736691699801617,0.020878479301300015,0.4793458609041767,0.002790451479729842,-0.20332201212621115,8.22360657436183e-05,-0.15219298876579485,0.0645025464445165,0.9682632528818762,False
GUT_GENOME172369_5,GUT_GENOME172369_00362,38560,0.020789317705604504,0.017475693706996222,0.0179545574606337,0.0011029401525445336,0.20128737495925952,0.018524876397806648,0.6974532107642631,0.003313623998608281,-0.18478675949280465,-0.0005703189371729471,-0.16749110188069044,0.06219941569305945,0.9693789135733069,False
GUT_GENOME172369_5,GUT_GENOME172369_00362,38989,0.019440891405546758,0.01665282078301371,0.017049977243755104,0.0010165775617364766,0.221024798911315,0.01756676602415056,0.6944000370114144,0.002788070622533046,-0.20340636248490598,-0.0005167887803954573,-0.16623617258004905,0.06900861337340482,0.9660841790556449,False
GUT_GENOME172369_5,GUT_GENOME172369_00362,39229,0.01820911630764926,0.015983745636908988,0.0163254034799477,0.0009824823176993079,0.2633117548219709,0.01713973400739125,0.7964053712116461,0.002225370670740273,-0.22334201542333582,-0.0008143305274435526,-0.17321156512535363,0.0798839021465322,0.9608452135668901,False
GUT_GENOME172369_5,GUT_GENOME172369_00362,39232,0.015626560057895037,0.014875888519702597,0.015046845916085322,0.000887432014687885,0.403382925134001,0.015856495971494296,0.8192081812750528,0.0007506715381924399,-0.2755884924337053,-0.0008096500554089746,-0.17310183891025135,0.10591326379599306,0.9484211428152833,False
GUT_GENOME172369_5,GUT_GENOME172369_00362,39233,0.016443869587427037,0.014853266601286661,0.015114226734537821,0.0008126578677381749,0.31049550601438414,0.015412219724442669,0.643074626363564,0.001590602986140376,-0.24583092486147728,-0.0002979929899048477,-0.16110685361532065,0.08638826190007765,0.9577254478679758,False
GUT_GENOME172369_5,GUT_GENOME172369_00363,39597,0.016648516614771507,0.014638954896861161,0.01486547600959074,0.0007259607009626489,0.27374538225127376,0.015204623736384062,0.6798112004854051,0.0020095617179103457,-0.23098781736612295,-0.0003391477267933214,-0.16207166089948782,0.07962259503828395,0.9609707596103455,False
GUT_GENOME172369_5,GUT_GENOME172369_00363,39598,0.01550076851725943,0.014377902065734121,0.014480203058022372,0.0007117570671629443,0.3639493054222277,0.014964908854334933,0.7520639141063508,0.0011228664515253086,-0.26240216001264693,-0.00048470579631256124,-0.16548403809733128,0.09623986044430177,0.9530194843849917,False
GUT_GENOME172369_5,GUT_GENOME172369_00363,39682,0.015995151034892484,0.014181453351560777,0.014255421554402454,0.000700702036670597,0.28565988254760377,0.014878933961725035,0.8132239852441497,0.0018136976833317067,-0.2379269994364963,-0.0006235124073225816,-0.16873813809937832,0.0850818163100994,0.9583512603370966,False
GUT_GENOME172369_5,GUT_GENOME172369_00364,41785,0.017752880665238703,0.014140138906955878,0.014280396103872682,0.000714598820991595,0.15652547132162398,0.014770039744883123,0.7533913715428158,0.0036127417582828246,-0.17418944590570767,-0.0004896436410104406,-0.16559979800476335,0.057765256164155884,0.9715304881715999,False
GUT_GENOME172369_5,GUT_GENOME172369_00364,41928,0.017292352895745402,0.01399887675712411,0.014156256515852268,0.0007298901709578454,0.1790072118208007,0.014735244582962288,0.786184982208974,0.0032934761386212916,-0.18550056930009717,-0.0005789880671100197,-0.16769433583000096,0.0625318514801253,0.969217798842704,False
GUT_GENOME172369_5,GUT_GENOME172369_00365,42463,0.016814456501364372,0.013889537725958733,0.01401368079920441,0.0007249250188116304,0.2043480251019995,0.014656957929423262,0.8125602897167723,0.0029249187754056393,-0.19855802853314136,-0.0006432771302188525,-0.16920149056039743,0.06805443510282805,0.9665451972858963,False
GUT_GENOME172369_5,GUT_GENOME172369_00366,43461,0.017703504206534864,0.012936794963887516,0.013441970545358953,0.0007903649705052537,0.09302461759134811,0.014410021559863853,0.8896775681273742,0.004766709242647348,-0.13330603157942347,-0.0009680510145049,-0.1768152972071411,0.049034147381903884,0.9757810285924622,False
GUT_GENOME172369_5,GUT_GENOME172369_00367,45554,0.017558478440980824,0.01275742499330765,0.013308726150591687,0.0007675558657975007,0.07875167431822538,0.014268003032278372,0.8943102550256576,0.004801053447673174,-0.13208926561088238,-0.0009592768816866857,-0.1766096016324566,0.048638525478397254,0.9759740678584419,False
GUT_GENOME172369_5,GUT_GENOME172369_00367,45757,0.01650481358016541,0.013096149089497359,0.013414281583781926,0.0006904061241043184,0.14110403947088807,0.014207315095573166,0.8746493916249642,0.00340866449066805,-0.18141961105292187,-0.0007930335117912399,-0.17271229050022224,0.0627426105644266,0.9691156684961368,False
GUT_GENOME172369_5,GUT_GENOME172369_00367,45924,0.021699167646499304,0.013624886367449619,0.013989931675773126,0.0007667019760536378,0.03406510430475125,0.014412901045620395,0.7094140580646021,0.008074281279049685,-0.01612349410720413,-0.0004229693698472696,-0.1640367258690068,0.027168014496048734,0.9865078390279236,False
GUT_GENOME172369_5,GUT_GENOME172369_00367,46302,0.021827334347662073,0.013362438073265918,0.013746548965574302,0.00067656317523169,0.03215455688730236,0.014445081579442905,0.8490744984257903,0.008464896274396155,-0.0022845645765305587,-0.0006985326138686035,-0.17049686740267755,0.02907440102943055,0.9855679544152297,False
GUT_GENOME172369_5,GUT_GENOME172369_00368,46939,0.0210176180846198,0.013458780711127088,0.013786438711850538,0.0006626867970264014,0.040183799628846294,0.014502346083155987,0.8599979873135576,0.007558837373492711,-0.03438493304579659,-0.0007159073713054482,-0.17090419092854853,0.030390566097505685,0.9849195827227645,False
GUT_GENOME172369_5,GUT_GENOME172369_00369,48191,0.0218743156949091,0.013326892510598562,0.013659722144288254,0.0006550146901817897,0.03158978064946222,0.014568485006037617,0.9173390361133968,0.00854742318431054,0.0006392455800058122,-0.0009087628617493633,-0.1754253808580615,0.03077447288410749,0.9847305422107967,False
GUT_GENOME172369_5,GUT_GENOME172369_00369,48194,0.020674837166974176,0.013396015332677074,0.013671214555039748,0.0006611047330280465,0.05046211284042693,0.014698793033181733,0.939947781100929,0.0072788218342971014,-0.044305482334961586,-0.0010275784781419856,-0.17821082381883332,0.033722073491120844,0.9832803149739866,False
GUT_GENOME172369_5,GUT_GENOME172369_00369,48197,0.019735022601128388,0.013391793101107571,0.013633415084640273,0.0006400547934093846,0.06696763330138512,0.01484952088195177,0.9712836134184398,0.006343229500020817,-0.07745217802697817,-0.0012161057973114967,-0.1826305466636706,0.039352756455793884,0.9805159382725802,False
GUT_GENOME172369_5,GUT_GENOME172369_00369,48211,0.020929050208279676,0.013900046989488964,0.014166058753590241,0.0007839647196970858,0.07006109423721481,0.01512945064702211,0.8904400039173854,0.007029003218790712,-0.05315619789025372,-0.0009633918934318694,-0.17670607153133958,0.03405061709018671,0.983118803013494,False
GUT_GENOME172369_5,GUT_GENOME172369_00369,48273,0.020144981116458505,0.013908313461225117,0.014144384490163548,0.0007763370955526734,0.08741265329385195,0.015079630514520017,0.8858386226064215,0.006236667655233388,-0.08122751148381017,-0.0009352460243564689,-0.1760462364417179,0.03759018598714576,0.981380433368429,False
GUT_GENOME172369_5,GUT_GENOME172369_00369,48277,0.019417354830808874,0.013761058024016334,0.013979272491391715,0.0007497229872586633,0.09505201360319632,0.015019439970883328,0.9173404547585324,0.005656296806792541,-0.10178921896794328,-0.001040167479491613,-0.17850595291260996,0.04222542032334283,0.979108602861211,False
GUT_GENOME172369_5,GUT_GENOME172369_00369,48278,0.01817615010282448,0.013506583260962372,0.013700322011053836,0.0007706314729365725,0.1289174927228668,0.014904049320645865,0.9408561506018716,0.004669566841862108,-0.13674764763339745,-0.001203727309592029,-0.18234035272679572,0.051947923365800105,0.9743604599850737,False
GUT_GENOME172369_5,GUT_GENOME172369_00369,48299,0.015823955959158042,0.013521899501657055,0.01370465220473505,0.0008901889898281428,0.2502808568221847,0.014758896767621148,0.8818514447128407,0.002302056457500987,-0.2206251478897572,-0.0010542445628860982,-0.17883596772076274,0.08065775923199894,0.9604735070451812,False
GUT_GENOME172369_5,GUT_GENOME172369_00373,51825,0.017626389759195445,0.013404900259211842,0.013712026350057976,0.0009242839105425399,0.13686830705713604,0.01477322666247458,0.8745430464673348,0.004221489499983603,-0.15262238575769307,-0.0010612003124166047,-0.17899903419430288,0.05533424687686329,0.9727121059768992,False
GUT_GENOME172369_5,GUT_GENOME172369_00373,51853,0.017254690716803835,0.013266701741310089,0.013572393622398015,0.0009076436253603133,0.13725272993156695,0.014726085741575327,0.8981507791185841,0.003987988975493746,-0.16089497473222605,-0.0011536921191773117,-0.1811673573482168,0.05870880426262014,0.9710722533993789,False
GUT_GENOME172369_5,GUT_GENOME172369_00375,53930,0.017072910708758094,0.013150268680867067,0.013386117068145614,0.0007708975171101634,0.13516975492545397,0.014708670467146055,0.9568825530242753,0.003922642027891027,-0.16321012344308525,-0.001322553399000441,-0.1851260412107487,0.06090919552867094,0.9700044714390679,False
GUT_GENOME172369_5,GUT_GENOME172369_00375,54228,0.01727800911917369,0.013459955564221342,0.01364386182603847,0.0007273952403877372,0.147579906598797,0.014756517450582027,0.9369475400565941,0.0038180535549523463,-0.16691554316317395,-0.0011126556245435563,-0.18020532206545878,0.06033475665017311,0.9702831155935169,False
GUT_GENOME172369_5,GUT_GENOME172369_00376,54600,0.017821633045324744,0.013588683838086273,0.013748613192982475,0.0007854123614193839,0.16599187008625804,0.014764309396329644,0.9020292585404619,0.004232949207238471,-0.15221638475150642,-0.001015696203347169,-0.17793226280395957,0.054829717933355976,0.9729575176355016,False
GUT_GENOME172369_5,GUT_GENOME172369_00376,54621,0.018650675901995126,0.013508999633810017,0.013702469819869714,0.0006293851444327921,0.13508660219772473,0.014792679908229068,0.958379485047557,0.005141676268185109,-0.12002148719540495,-0.001090210088359354,-0.17967912220500915,0.046689744344959365,0.9769255112469788,False
GUT_GENOME172369_5,GUT_GENOME172369_00376,55332,0.017723238750722663,0.013538096182544954,0.013698805196183692,0.0006069198112248338,0.16812801343741257,0.014786456709316966,0.9634402746433909,0.004185142568177709,-0.15391010546612827,-0.001087651513133274,-0.1796191404823243,0.05595135619220368,0.9724120174252688,False
GUT_GENOME172369_5,GUT_GENOME172369_00376,55371,0.01754315128276481,0.01342605405629253,0.013579498292661514,0.0006024044093937057,0.1721794189073586,0.014770475188073605,0.97598137814698,0.004117097226472282,-0.1563208544132258,-0.0011909768954120915,-0.18204143956619676,0.057575295243814203,0.9716227689668032,False
GUT_GENOME172369_5,GUT_GENOME172369_00376,55518,0.01764010743944914,0.013403663737640082,0.013556578874893345,0.0005933381282892001,0.17445799473657453,0.01472600556199452,0.9756339398640367,0.0042364437018090565,-0.1520925798165096,-0.0011694266871011758,-0.18153622924229076,0.05608755536275088,0.9723457988249223,False
GUT_GENOME172369_5,GUT_GENOME172369_00376,55734,0.016029965862750954,0.013549669259240948,0.013640613053709458,0.0005812626417917038,0.2691336406116245,0.014732532758828262,0.9698456978811749,0.0024802966035100057,-0.21431035493623043,-0.0010919197051188038,-0.17971920144806497,0.07822791960202322,0.9616411144717418,False
GUT_GENOME172369_5,GUT_GENOME172369_00377,55885,0.015048731680700944,0.013272669871968214,0.013344734135964164,0.0005017105273776981,0.28414283598071244,0.013654161499434669,0.7312984697732836,0.0017760618087327307,-0.23926038454102494,-0.0003094273634705047,-0.1613749142989773,0.08328739457572139,0.9592114893481577,False
GUT_GENOME172369_5,GUT_GENOME172369_00377,56450,0.015478955956265618,0.01304688548664934,0.013132443848789099,0.0004288731680204637,0.2248603535929498,0.01364772648850656,0.8852175178000115,0.002432070469616278,-0.21601893775164477,-0.0005152826397174619,-0.16620086350977,0.07428690849874217,0.9635379018277502,False
GUT_GENOME172369_5,GUT_GENOME172369_00377,56464,0.014536577390904557,0.012764967476949546,0.01283651641962826,0.00044027464890511307,0.28202581404407584,0.01362159458020489,0.9627195027702335,0.001771609913955011,-0.23941810879339825,-0.0007850781605766299,-0.17252578995665752,0.08708617901837619,0.9573912996809529,False
GUT_GENOME172369_5,GUT_GENOME172369_00377,56498,0.012477128935417978,0.01268581493022317,0.012671310411258538,0.00043554162217859956,0.5319189302111478,0.013472902807647348,0.9671488700590799,-0.00020868599480519147,-0.309577155060697,-0.0008015923963888109,-0.172912939923069,0.1257368997283137,0.9390669999554165,False
GUT_GENOME172369_5,GUT_GENOME172369_00379,57882,0.012836183919886777,0.012685414707951688,0.012679087033231241,0.0005106799064110177,0.4794353383898845,0.014121631190065017,0.9976341398199001,0.00015076921193508952,-0.29684217218811126,-0.0014425441568337756,-0.18793903349166313,0.12343635549913679,0.9401478040294193,False
GUT_GENOME172369_5,GUT_GENOME172369_00380,59221,0.012788132289038015,0.012551672641713713,0.012544960509308775,0.0005132925612638715,0.46666802888367076,0.014005467031632707,0.9977819969361907,0.00023645964732430143,-0.2938062828573594,-0.0014605065223239327,-0.1883601325528172,0.12180167138177353,0.9409165404885537,False
GUT_GENOME172369_5,GUT_GENOME172369_00381,59784,0.012721455970843468,0.01226809369614833,0.012255615517327484,0.0005386342314681563,0.43565815985999135,0.013839659836957148,0.998363453084625,0.000453362274695137,-0.28612173359283233,-0.0015840443196296645,-0.191256279526944,0.11844461089265626,0.942497223600448,False
GUT_GENOME172369_5,GUT_GENOME172369_00383,62409,0.013128789836548322,0.012245742391480099,0.01226145002735567,0.0005469272469823304,0.3886142478650218,0.013892518168982258,0.998569260616791,0.0008830474450682232,-0.27089860374884295,-0.0016310681416265883,-0.19235867816734736,0.11038791457936176,0.9463015880614286,False
GUT_GENOME172369_5,GUT_GENOME172369_00383,62527,0.014271438133040583,0.012273623585989867,0.012038935414283646,0.0006736684964348717,0.28883196669325817,0.01363433013271807,0.9910630305189294,0.001997814547050716,-0.23140400279588866,-0.001595394718434423,-0.19152237155602703,0.09022863131640452,0.9558882025980073,False
GUT_GENOME172369_5,GUT_GENOME172369_00384,62576,0.014922185759007344,0.012329320287540179,0.012126768195948066,0.0006985678491588103,0.23396090185107776,0.013702778947818297,0.9879665528117457,0.0025928654714671654,-0.21032220125660772,-0.0015760107518702302,-0.1910679453210139,0.08074238807061895,0.9604328660263245,False
GUT_GENOME172369_5,GUT_GENOME172369_00384,63092,0.016809382734497152,0.012600788248158227,0.012312913086099067,0.0007433782804624271,0.1532118284312553,0.013782604091230227,0.9759816286937426,0.004208594486338925,-0.15307923761246503,-0.0014696910051311598,-0.18857544812967858,0.05899395262532262,0.9709338134370342,False
GUT_GENOME172369_5,GUT_GENOME172369_00384,63221,0.017670896109798412,0.012455399723223985,0.012116386172571577,0.0007881888134233016,0.11824551618619072,0.013843630299012834,0.9857888988709418,0.005215496386574427,-0.11740614618569892,-0.0017272441264412578,-0.19461337101018109,0.051658567338124094,0.9745014387192024,False
GUT_GENOME172369_5,GUT_GENOME172369_00384,64247,0.020635582805344544,0.012937636164157395,0.012122823779635632,0.0008176023108694082,0.06848643099913708,0.013955363241575322,0.987498551887557,0.007697946641187149,-0.029456491036089872,-0.0018325394619396907,-0.197081852510938,0.03970894145330236,0.9803413312876235,False
GUT_GENOME172369_5,GUT_GENOME172369_00385,67032,0.02255067662880358,0.012197583736468627,0.012564218703735516,0.0007105232909945341,0.032898381385711564,0.014402292555029578,0.9951582336106335,0.010353092892334954,0.06461153579599549,-0.0018380738512940621,-0.19721159745808667,0.043067064729887625,0.9786966589053729,False
GUT_GENOME172369_5,GUT_GENOME172369_00385,67065,0.019785600448995827,0.012311841587139898,0.012647177296742685,0.0006937168258607806,0.05476321300754174,0.014474093069962763,0.9957747326377575,0.007473758861855929,-0.037399142794891566,-0.0018269157732200784,-0.1969500140823441,0.040188003928828236,0.9801065370365114,False
GUT_GENOME172369_5,GUT_GENOME172369_00385,67068,0.017681916383789024,0.012742432302073935,0.012976077560170218,0.000754559298551138,0.10817648671410185,0.014460377592792754,0.975414649964175,0.004939484081715089,-0.12718486661899706,-0.0014843000326225358,-0.1889179335202783,0.05186597590246436,0.974400383987021,False
GUT_GENOME172369_5,GUT_GENOME172369_00385,67077,0.01620520557328936,0.012699859738293892,0.013035433417789333,0.0009169497160255625,0.14272347742226932,0.01429236959537606,0.9147782000943083,0.0035053458349954686,-0.17799432956855085,-0.0012569361775867267,-0.1835877499234463,0.06538644328051174,0.9678354250149479,False
GUT_GENOME172369_5,GUT_GENOME172369_00385,67099,0.01616336746538026,0.01293947707368177,0.013435130046162105,0.001095801784995914,0.15692004262934628,0.014430920576037225,0.8182542878574971,0.0032238903916984897,-0.18796589259663313,-0.0009957905298751193,-0.1774656059810978,0.06682521808588728,0.9671394267785149,False
GUT_GENOME172369_5,GUT_GENOME172369_00385,67101,0.01748653706928151,0.012653227023105233,0.013528193038193768,0.0011503663684157863,0.07514551634072192,0.014450091048696163,0.7885485344971475,0.0048333100461762785,-0.1309464605498843,-0.000921898010502395,-0.1757333135081933,0.048029173007111355,0.9762714692667923,False
GUT_GENOME172369_5,GUT_GENOME172369_00385,67102,0.018315654633185997,0.013309448606400468,0.014467212633041682,0.001656646550219951,0.0660736715394959,0.01456729774384684,0.524087157724701,0.0050062060267855295,-0.12482100371823898,-0.00010008511080515821,-0.15646721847764744,0.04006227342736049,0.9801681536164587,False
GUT_GENOME172369_5,GUT_GENOME172369_00388,70883,0.01820944653878296,0.01495209340261005,0.014715343748850642,0.0013684003717134516,0.15640856195848696,0.014786499110778726,0.5207352289768787,0.003257353136172909,-0.1867803555122883,-7.115536192808455e-05,-0.15578900657408537,0.05915711577463722,0.970854606358609,False
GUT_GENOME172369_5,GUT_GENOME172369_00388,70887,0.019671781648332196,0.014490026555662979,0.015568842326011353,0.001482136145519807,0.07845250966546757,0.01611046874851786,0.6426071441636136,0.0051817550926692175,-0.11860155187721307,-0.0005416264225065089,-0.1668184515554977,0.0418947238870572,0.979270510109231,False
GUT_GENOME172369_51,GUT_GENOME172369_01383,863,0.03711611381878687,0.019616626443391554,0.02987722192309275,0.004443850672531564,0.000887539140833256,0.03475193936504798,0.8636701186244276,0.017499487375395317,0.3177980514896528,-0.00487471744195523,-0.26840087182105854,0.17303462952492432,0.9171196689380111,False
GUT_GENOME172369_51,GUT_GENOME172369_01384,1053,0.0393152799056554,0.018996412840186033,0.02982485509848519,0.0043844243298162945,0.0005289237042758906,0.03339935154316433,0.7925415566690511,0.020318867065469367,0.41768463371504694,-0.003574496444679137,-0.23791926061312907,0.23106602781237096,0.8908911599543974,False
GUT_GENOME172369_51,GUT_GENOME172369_01384,1324,0.03239993145685474,0.017478264800881344,0.02471771255393256,0.003618731070853528,0.0034246340523821097,0.03088845900187143,0.9559236561579998,0.014921666655973397,0.22646955743850233,-0.006170746447938871,-0.29878420846717796,0.14056046367574918,0.9321325700791423,False
GUT_GENOME172369_51,GUT_GENOME172369_01384,1328,0.03098731511156047,0.01981141266666055,0.02486081772062475,0.0036072574834363404,0.02037122610602184,0.030887034473862093,0.9525977917522661,0.01117590244489992,0.09376249915061967,-0.0060262167532373415,-0.295395939879667,0.0960501675443618,0.9531098791865831,False
GUT_GENOME172369_51,GUT_GENOME172369_01384,1333,0.026902186627702097,0.020686382298075505,0.02347763531798931,0.003388706484856502,0.11063102358924337,0.029962639827573696,0.9721714467128261,0.006215804329626592,-0.0819666692127444,-0.006485004509584388,-0.3061514883942857,0.10044726870786791,0.9510167207077469,False
GUT_GENOME172369_51,GUT_GENOME172369_01384,1334,0.027866238590981317,0.02045131688099104,0.023294694172297882,0.003380551772218275,0.09046921403995456,0.029317082625357028,0.962583039738239,0.007414921709990276,-0.039483658771376516,-0.006022388453059146,-0.2953061914770005,0.08876470603462538,0.9565881331814452,False
GUT_GENOME172369_6,GUT_GENOME172369_00396,7515,0.022526884754665827,0.013553567106891104,0.014671464791824679,0.0012239023671137509,0.058078527011725306,0.016500321855819535,0.9324492268353817,0.008973317647774723,0.015728076110326453,-0.001828857063994856,-0.19699552455384264,0.039054609072375845,0.9806621182988053,False
GUT_GENOME172369_6,GUT_GENOME172369_00396,8224,0.021669942083098626,0.013856336884440643,0.014961941872236218,0.001135380595277041,0.0639105625056676,0.01707945038001097,0.9689107606696729,0.007813605198657984,-0.025358874084547754,-0.0021175085077747516,-0.20376249809321703,0.04216222812402422,0.9791395393629382,False
GUT_GENOME172369_6,GUT_GENOME172369_00396,8408,0.022099454457450582,0.014671090643023403,0.015958287610893723,0.0013801528091503682,0.08098475947267963,0.01767286965833788,0.8929394857908471,0.007428363814427179,-0.03900742427382158,-0.001714582047444159,-0.19431652872730587,0.039280492485107815,0.9805513669001399,False
GUT_GENOME172369_6,GUT_GENOME172369_00396,8929,0.022916243058736328,0.014628129083971167,0.016145771746503074,0.0014739134282505885,0.06040809142974951,0.017905205528744732,0.8837054257407441,0.00828811397476516,-0.008547708121989581,-0.001759433782241658,-0.19536800624148437,0.0382417211769114,0.9810607834935978,False
GUT_GENOME172369_6,GUT_GENOME172369_00396,9146,0.02313100457758701,0.014596459203537214,0.016580801171527063,0.0017105420367604582,0.05037713480872856,0.01824931279195131,0.835326148092933,0.008534545374049796,0.00018300321647406493,-0.0016685116204242477,-0.19323648091424475,0.03734037104629852,0.9815030227718909,False
GUT_GENOME172369_6,GUT_GENOME172369_00396,9205,0.022481199958025177,0.013466428198063353,0.01580082007225254,0.0017934735831258376,0.035363167206288536,0.0184325107817316,0.9288623890106193,0.009014771759961824,0.017196735901036965,-0.002631690709479058,-0.21581668118610836,0.04687256760383635,0.976836212975668,False
GUT_GENOME172369_6,GUT_GENOME172369_00396,9318,0.022219733479346016,0.01364825386768253,0.015812044375565507,0.0017323608082022595,0.03645121343383878,0.01861626206070785,0.9472468975846042,0.008571479611663485,0.0014915303280654702,-0.0028042176851423434,-0.21986130145148275,0.04834121653865931,0.9761191615502509,False
GUT_GENOME172369_6,GUT_GENOME172369_00396,9319,0.021594706176502162,0.013703243734837809,0.015939296732073453,0.0018442341059564306,0.043500382779893126,0.018552041768714837,0.9217161447476723,0.007891462441664353,-0.022600503534891875,-0.002612745036641384,-0.2153725300497089,0.046896109460043425,0.9768247147745086,False
GUT_GENOME172369_6,GUT_GENOME172369_00396,9324,0.02120274323473016,0.01294517959912858,0.01500459340636459,0.001654591754372556,0.035291304508104845,0.018225780162980498,0.9742216392386897,0.008257563635601579,-0.009630062859671835,-0.003221186756615908,-0.22963647747849297,0.05282564989941164,0.9739329427882167,False
GUT_GENOME172369_6,GUT_GENOME172369_00396,9325,0.020523776965723172,0.012998078700860468,0.01494322985764699,0.0016410716554110351,0.03844456418151883,0.017860348442421393,0.9622626897194216,0.007525698264862704,-0.0355590041759467,-0.0029171185847744023,-0.22250808329458438,0.0507742899094147,0.9749323987975014,False
GUT_GENOME172369_6,GUT_GENOME172369_00396,9493,0.019353842545515924,0.012922206291347568,0.01465934075801166,0.0016189522961674598,0.05749807985006578,0.01783543788317264,0.9751084264360845,0.006431636254168356,-0.07432005341512554,-0.003176097125160978,-0.2285794228559347,0.05777202289277931,0.9715272011355791,False
GUT_GENOME172369_6,GUT_GENOME172369_00396,9585,0.019952854263664024,0.013028152861971764,0.014996902147018373,0.0016771994248374368,0.046878909565093024,0.017826820374914218,0.9542259928788513,0.0069247014016922594,-0.05685146180470327,-0.0028299182278958453,-0.22046380975867527,0.051836380122640996,0.9744148031633195,False
GUT_GENOME172369_6,GUT_GENOME172369_00396,9586,0.02074837679678712,0.013228825038012643,0.0146036304778873,0.0013734976623792968,0.04427800372869841,0.01781439570641214,0.9902974531416503,0.007519551758774478,-0.03577676607865952,-0.0032107652285248405,-0.2293921613444435,0.053900740677322326,0.9734095503118785,False
GUT_GENOME172369_6,GUT_GENOME172369_00397,11840,0.02143771403782255,0.013181026947019867,0.014707202808967855,0.0014256015836773925,0.038585649890275374,0.017820781018134804,0.9855205343372894,0.008256687090802683,-0.00966111758580091,-0.003113578209166948,-0.22711376640640535,0.051674000084309925,0.9744939191315336,False
GUT_GENOME172369_6,GUT_GENOME172369_00398,12312,0.022010083899116267,0.013143564748061458,0.014894422494581838,0.001463072371198593,0.034153673171769997,0.017832824683468335,0.9776984242401019,0.008866519151054809,0.011944358414650658,-0.0029384021888864964,-0.22300704350750777,0.049874809151897105,0.9753709638766209,False
GUT_GENOME172369_6,GUT_GENOME172369_00398,12332,0.02239421053457756,0.012766741095920763,0.01480364755838169,0.0015567172939088946,0.025125740762742557,0.01782843417770025,0.9739952160916209,0.009627469438656798,0.03890373665646422,-0.0030247866193185615,-0.22503218894691002,0.05215298678807333,0.9742605622612773,False
GUT_GENOME172369_6,GUT_GENOME172369_00398,12347,0.022718205100644456,0.01354923113822733,0.015087614423758874,0.0013463387905246148,0.029916482870152004,0.01782591526476307,0.9790185004157902,0.009168973962417126,0.02265989896102333,-0.002738300841004196,-0.21831598598643334,0.048175340758152344,0.976200122171451,False
GUT_GENOME172369_6,GUT_GENOME172369_00399,12417,0.024626347437893777,0.013778063934284284,0.015040190702213255,0.0011489622212458898,0.019051035627955626,0.017903333325483956,0.9936475894263092,0.010848283503609493,0.08215542954129601,-0.0028631426232707015,-0.2212427028118997,0.05569784815062943,0.9725352823703379,False
GUT_GENOME172369_6,GUT_GENOME172369_00399,12850,0.023914198618225743,0.013245287998540425,0.014056520677322812,0.0008932380224935063,0.020045256627790817,0.017154730772303235,0.9997383290159013,0.010668910619685317,0.07580050530665783,-0.0030982100949804234,-0.22675348543677468,0.05716285976247025,0.9718231554799219,False
GUT_GENOME172369_6,GUT_GENOME172369_00400,13032,0.01881907477943198,0.013075733010093325,0.013494946966140635,0.0007718676985673232,0.08091535254711368,0.016401526543998683,0.9999169400888935,0.005743341769338654,-0.09870534068107076,-0.0029065795778580473,-0.22226101305651336,0.05914270220387385,0.9708616031246059,False
GUT_GENOME172369_6,GUT_GENOME172369_00400,13225,0.01576173669486667,0.012236164450083924,0.012441148380395587,0.0005157302998107708,0.1494003750624356,0.0149981081737565,0.9999996437768984,0.0035255722447827455,-0.17727773685439668,-0.0025569597933609127,-0.21406473383631333,0.07725110625662839,0.9621109011229191,False
GUT_GENOME172369_6,GUT_GENOME172369_00400,13227,0.014083893067392259,0.011686919184661814,0.011823140659251708,0.0004516286454468272,0.2109368184454496,0.014231934234975142,0.9999999518501339,0.0023969738827304445,-0.2172623595313166,-0.0024087935757234336,-0.21059121275825302,0.09155159176010685,0.9552561105389336,False
GUT_GENOME172369_6,GUT_GENOME172369_00400,13228,0.013652711806122568,0.01152347128834292,0.011634619929544824,0.0004420588988127543,0.2323899290539595,0.013816515334834226,0.9999996007981343,0.0021292405177796483,-0.22674776898744303,-0.0021818954052894024,-0.20527194639549634,0.09355112271777835,0.954301555701166,False
GUT_GENOME172369_6,GUT_GENOME172369_00400,13233,0.013281698393878013,0.011527874817213532,0.011621656663263756,0.0003906534389360582,0.25948033779399093,0.013598278704295181,0.9999997901342186,0.0017538235766644816,-0.24004825323563633,-0.0019766220410314256,-0.20045963918482707,0.09780723082359125,0.9522729097076049,False
GUT_GENOME172369_6,GUT_GENOME172369_00400,13792,0.012714708582218966,0.011373741316805186,0.01144173463719582,0.00038043307793188697,0.3041588398595717,0.013334665757003988,0.9999996749838858,0.0013409672654137797,-0.25467516071681107,-0.0018929311198081673,-0.19849763878050725,0.10426075008757027,0.9492051061181387,False
GUT_GENOME172369_6,GUT_GENOME172369_00400,13793,0.012309194604044244,0.01112634826156433,0.011197566515577191,0.00036910493578892815,0.32212219043582935,0.01327804536984668,0.9999999913255244,0.0011828463424799138,-0.26027715842779475,-0.0020804788542694887,-0.20289439682145133,0.10891033546078793,0.9470009641086754,False
GUT_GENOME172369_6,GUT_GENOME172369_00400,14126,0.011747075394973041,0.011257107980413508,0.011297795973390942,0.00037980972475426436,0.4233266507091812,0.013131256790932147,0.9999993080659658,0.0004899674145595334,-0.28482486594289863,-0.0018334608175412052,-0.19710345222613138,0.11997497513884903,0.9417763174213157,False
GUT_GENOME172369_6,GUT_GENOME172369_00400,14420,0.011379467117559215,0.011015287254812819,0.011054978792166426,0.0003600960296526149,0.44342856655470686,0.013026380474725069,0.9999999780818127,0.0003641798627463961,-0.28928133864905764,-0.0019714016825586426,-0.2003372561917307,0.12381870910902192,0.9399680867555057,False
GUT_GENOME172369_6,GUT_GENOME172369_00403,17718,0.010809867387802876,0.010929764962935216,0.010946507300461844,0.0003590136107429872,0.5191307322652451,0.01284432079931318,0.9999999375542837,-0.00011989757513234008,-0.3064315085862123,-0.0018978134988513352,-0.19861209838397115,0.13334703507890616,0.9355005760142262,False
GUT_GENOME172369_6,GUT_GENOME172369_00407,19880,0.011852457696419603,0.010867207226689084,0.01089097668387249,0.0003647244176677187,0.36345123210811453,0.012778882355706844,0.9999998868064754,0.0009852504697305184,-0.2672776970428199,-0.0018879056718343543,-0.19837982515374353,0.11079192236454327,0.9461104507629645,False
GUT_GENOME172369_6,GUT_GENOME172369_00408,22500,0.013417590446526597,0.011058240230413035,0.01111630901810204,0.00039427904701791927,0.2378407958090627,0.01280746448593141,0.9999910355182989,0.0023593502161135625,-0.21859531212453376,-0.0016911554678293705,-0.1937673298655389,0.0853296886060429,0.958232493333401,False
GUT_GENOME172369_6,GUT_GENOME172369_00408,22812,0.014021484243105932,0.011115234408398306,0.01116774792381903,0.00039358783729076156,0.2088357782326219,0.012848628242354963,0.9999902552869094,0.0029062498347076256,-0.19921944234932878,-0.001680880318535933,-0.19352644534935115,0.07714087125953292,0.9621639317305583,False
GUT_GENOME172369_6,GUT_GENOME172369_00409,24765,0.014105568930991349,0.010957066846088062,0.011032235473928209,0.00035872714926818926,0.19208547538296072,0.01277323577438449,0.9999993927941767,0.0031485020849032867,-0.19063679227433297,-0.0017410003004562809,-0.19493586260885004,0.07434237709970365,0.9635111791486255,False
GUT_GENOME172369_6,GUT_GENOME172369_00410,25166,0.012957094285570606,0.011070790584527552,0.011108705788499958,0.0003493559356733174,0.2972253038022148,0.012790198330774705,0.9999992570453224,0.001886303701043054,-0.23535467227399468,-0.0016814925422747474,-0.19354079796019033,0.09284986223626665,0.9546362213539157,False
GUT_GENOME172369_6,GUT_GENOME172369_00411,25778,0.012466160246102118,0.011284909443432365,0.011306281004893228,0.0003472153419466433,0.37265786196668227,0.0128058558814927,0.9999921581820742,0.0011812508026697536,-0.26033368611684726,-0.0014995748765994719,-0.18927602791834,0.10359904287172939,0.9495192060098304,False
GUT_GENOME172369_6,GUT_GENOME172369_00415,27716,0.012688392058991398,0.011540024179727687,0.011562566517194102,0.0003422800023069741,0.3821869726490441,0.01291130046637359,0.9999593339217712,0.0011483678792637113,-0.2614986809716278,-0.001348733949179488,-0.18573980252781655,0.10288083439297346,0.9498602436124388,False
GUT_GENOME172369_6,GUT_GENOME172369_00415,27898,0.013086619407374905,0.011798682636938724,0.011809372022465363,0.00037961846228766184,0.37113382651171634,0.013035949698024395,0.9993833832197921,0.0012879367704361818,-0.25655395516073853,-0.0012265776755590319,-0.1828760431769763,0.09926357907668554,0.951579741617507,False
GUT_GENOME172369_6,GUT_GENOME172369_00417,29422,0.011673077144493362,0.011840040795259634,0.011820314834249173,0.00037257300813341046,0.5206920553892934,0.013127702065271972,0.9997751673253956,-0.0001669636507662716,-0.308098992199855,-0.0013073872310227982,-0.18477049454846808,0.12906512465025177,0.9375055864033116,False
GUT_GENOME172369_6,GUT_GENOME172369_00417,29423,0.011813455903289265,0.012114215605799084,0.012100461538818497,0.00038104970707503893,0.5371312145996363,0.01353748232799435,0.999918773044033,-0.0003007597025098188,-0.31283919458230314,-0.0014370207891758538,-0.1878095469306401,0.13314078758519643,0.9355970533132745,False
GUT_GENOME172369_6,GUT_GENOME172369_00420,31299,0.011998795661994518,0.012185199542755749,0.012184919367687445,0.00037743598655053936,0.5230801456448115,0.013665037098311933,0.999956001489972,-0.00018640388076123122,-0.3087877316905694,-0.0014801177306244875,-0.18881988610854925,0.13100281263265257,0.9365977296060234,False
GUT_GENOME172369_6,GUT_GENOME172369_00420,31328,0.01249875678169436,0.012664105366767023,0.012661604057746169,0.00043262585278524066,0.5196872954849432,0.014213521220676475,0.9998328785485494,-0.00016534858507266312,-0.30804177273673267,-0.0015519171629303063,-0.19050310948756022,0.1311811684752182,0.9365142094915494,False
GUT_GENOME172369_6,GUT_GENOME172369_00420,31336,0.012534971271751055,0.01300961625131667,0.012998907283180419,0.00045624216323228374,0.5571900437372495,0.014419767302179174,0.9990779880434353,-0.0004746449795656159,-0.3189997007693797,-0.0014208600189987552,-0.18743068340329286,0.1368910701719792,0.933844320469071,False
GUT_GENOME172369_6,GUT_GENOME172369_00420,31598,0.013705727690249598,0.013741609661183686,0.013733148718020569,0.0005767590718344465,0.5041170895854276,0.014500896855182051,0.9084288293824125,-3.58819709340881e-05,-0.3034549561245095,-0.0007677481371614822,-0.17211951514870447,0.1217100378915531,0.9409596512094481,False
GUT_GENOME172369_6,GUT_GENOME172369_00421,32206,0.014798690424257126,0.01418995911437321,0.014204528148043289,0.0006278133519303722,0.4364441578455139,0.01512645509130937,0.9290121046243945,0.0006087313098839149,-0.28061723132117966,-0.0009219269432660816,-0.17573399179077426,0.10962846638508436,0.9466609898100099,False
GUT_GENOME172369_6,GUT_GENOME172369_00423,33690,0.014603214494377742,0.014122710401599462,0.0141392569118211,0.0007465879474483337,0.4483397417179234,0.015426781024515744,0.957695200491867,0.0004805040927782795,-0.2851601378725917,-0.0012875241126946435,-0.1843048353632032,0.11528457656977294,0.9439875624587871,False
GUT_GENOME172369_6,GUT_GENOME172369_00423,33996,0.014611252242265152,0.01419561781501508,0.014206963445092993,0.0007631310694490699,0.455481984585737,0.015624816119864854,0.9684113194352915,0.0004156344272500719,-0.28745837716350003,-0.0014178526747718606,-0.18736018100586602,0.11773615602802391,0.9428311411098085,False
GUT_GENOME172369_6,GUT_GENOME172369_00423,34087,0.01532386710812049,0.014666501086738977,0.014706595469158363,0.000819257539909778,0.4282968881207343,0.016092757757296277,0.9546745148223525,0.0006573660213815124,-0.27889417318675525,-0.0013861622881379144,-0.18661725034528714,0.11260795796395939,0.9452517555474513,False
GUT_GENOME172369_6,GUT_GENOME172369_00423,34440,0.016261188076107446,0.014910383104706966,0.015021327019373218,0.0009683795251625237,0.35894210052464615,0.01630993098661079,0.9083529557995527,0.0013508049714004797,-0.2543266248912146,-0.0012886039672375723,-0.18433015083373294,0.09865963663494332,0.9518671347038762,False
GUT_GENOME172369_6,GUT_GENOME172369_00423,34446,0.018569848682303564,0.015370641632173773,0.015668878261970852,0.0010548838737756629,0.2296834018425698,0.016487604478304527,0.7811636588742258,0.0031992070501297917,-0.18884038801698372,-0.0008187262163336755,-0.1733146150530355,0.06569864793738685,0.9676843554430214,False
GUT_GENOME172369_6,GUT_GENOME172369_00423,34505,0.020563613892564055,0.01624614764678613,0.016967318887416687,0.0013740925777747776,0.16318349350281353,0.016604526158134108,0.395880906018221,0.004317466245777925,-0.14922206718965428,0.00036279272928257944,-0.14561578446152335,0.04347118202069852,0.978498924761831,False
GUT_GENOME172369_6,GUT_GENOME172369_00423,34589,0.019097576191183678,0.01627857158247135,0.016759994264873273,0.0012441475034588453,0.24327276325102926,0.016653537950303596,0.46590584489981396,0.002819004608712327,-0.20231041568322677,0.00010645631456967716,-0.1516251835929651,0.06391970059352038,0.96854546811168,False
GUT_GENOME172369_6,GUT_GENOME172369_00423,34712,0.021692964619068354,0.01841306628085857,0.019068005681864477,0.001606545852301507,0.24356129457707865,0.018295178268731338,0.31524080644311586,0.003279898338209783,-0.18598161131157895,0.000772827413133139,-0.13600317411214205,0.05308602311462886,0.9738061580153757,False
GUT_GENOME172369_6,GUT_GENOME172369_00423,34972,0.02264065221746718,0.019019828423932652,0.019756104293278457,0.0016857885612963266,0.23682017907463943,0.0189924430082924,0.3252745700836497,0.0036208237935345285,-0.17390311097836178,0.0007636612849860579,-0.13621805939321868,0.04879765171280687,0.9758964194083093,False
GUT_GENOME172369_6,GUT_GENOME172369_00424,36022,0.022847842695742193,0.019468629451688278,0.020108620307572073,0.0016734795335455366,0.2553595234668855,0.01941477151559219,0.33921208511990103,0.003379213244053915,-0.18246302651658577,0.0006938487919798814,-0.13785470214374235,0.052296674948732205,0.9741905699214782,False
GUT_GENOME172369_6,GUT_GENOME172369_00426,36716,0.02450820038325043,0.019557981120119697,0.020352562983642346,0.0017295318438737192,0.17715041396504272,0.01950805158450709,0.3126725708868384,0.004950219263130731,-0.12680453452504276,0.0008445113991352553,-0.13432265718792016,0.03412196621013628,0.983083731308381,False
GUT_GENOME172369_6,GUT_GENOME172369_00426,36731,0.02392496805494419,0.020148659186569284,0.020736963185786415,0.0017810739941941844,0.23803076897910458,0.019659940652554955,0.2726878515425078,0.0037763088683749058,-0.1683944975881387,0.0010770225332314594,-0.12887180382846597,0.04496464863996427,0.9777685197640822,False
GUT_GENOME172369_6,GUT_GENOME172369_00426,36792,0.02588535743602603,0.0186538620805397,0.020006613635408527,0.0020263524361359025,0.09273799080112383,0.019795697494993443,0.45855031140586683,0.007231495355486329,-0.04598219165999984,0.0002109161404150843,-0.149176289285814,0.024367927234941824,0.9878899603337506,False
GUT_GENOME172369_6,GUT_GENOME172369_00426,37030,0.025489109487058417,0.018539653219085968,0.019908800329496604,0.002098593568075146,0.09533825439155169,0.019985478725180545,0.5145733072860519,0.0069494562679724495,-0.05597443236632,-7.667839568394064e-05,-0.15591848530730607,0.02744371113925635,0.9863718599505238,False
GUT_GENOME172369_6,GUT_GENOME172369_00426,37045,0.026264483358942818,0.01669062930414756,0.01879201176248982,0.0021041453681422367,0.04529474964537532,0.02013762260811657,0.7387526704049574,0.009573854054795258,0.03700422043752916,-0.0013456108456267497,-0.18566658633729496,0.035841393612333454,0.9822389239535106,False
GUT_GENOME172369_6,GUT_GENOME172369_00426,37051,0.0271637947705758,0.016195257181228582,0.018957215254743778,0.0023160420561077867,0.03443807148784251,0.020980394841655703,0.8088184405381762,0.010968537589347217,0.08641585947390482,-0.0020231795869119253,-0.201551106724036,0.048090549390297416,0.9762415097206011,False
GUT_GENOME172369_6,GUT_GENOME172369_00426,37053,0.02825473872505589,0.01575485858420633,0.018913642600645996,0.002381847432831788,0.02373141313390474,0.02111199838491641,0.8219866176108246,0.012499880140849559,0.14066913164735445,-0.002198355784270415,-0.2056578337742462,0.062082949191136216,0.9694353653025258,False
GUT_GENOME172369_6,GUT_GENOME172369_00426,37072,0.03244402920188096,0.015866831704068413,0.019696002995013166,0.0024251641232529227,0.007653010134158622,0.02160268648927698,0.7841271871361573,0.01657719749781255,0.2851226427757594,-0.0019066834942638132,-0.1988200413045559,0.12082433024777861,0.9413764510711219,False
GUT_GENOME172369_6,GUT_GENOME172369_00427,37617,0.03994666776662282,0.017058347434763976,0.022602613282175176,0.0028734307675740436,0.0017612184142754628,0.022620341786447045,0.502461380009771,0.022888320331858843,0.508716680895886,-1.7728504271868895e-05,-0.1545364989568804,0.28267419093157653,0.8681965972277412,False
GUT_GENOME172369_6,GUT_GENOME172369_00427,37618,0.03756359723201522,0.01758367158679528,0.02422537654984838,0.0030109766231823805,0.0013051049782942363,0.02263223397144189,0.2983640267194605,0.019979925645219936,0.4056764249014098,0.0015931425784064882,-0.11677219108063122,0.17820910633056067,0.914749928574073,False
GUT_GENOME172369_6,GUT_GENOME172369_00427,37644,0.04492485842152105,0.02266180426171722,0.02999890396173678,0.003328064788375745,0.0012648730060812704,0.023589949925545743,0.027069051126089358,0.02226305415980383,0.48656439643146526,0.006408954036191038,-0.0038731586742886096,0.2367599132328323,0.8883584508105247,False
GUT_GENOME172369_6,GUT_GENOME172369_00427,38130,0.044555732729612295,0.024032787878420395,0.033134932205693274,0.0036635435451606523,0.0007862629881040672,0.023715245163965906,0.005067403380730442,0.0205229448511919,0.42491481721807656,0.009419687041727368,0.0667086832725018,0.18500265031542237,0.9116480028862803,False
GUT_GENOME172369_6,GUT_GENOME172369_00427,38218,0.03434047696217328,0.021274075568842556,0.02755828454309292,0.0029648734630647873,0.006196035919323218,0.023230471672577916,0.0721868702028172,0.013066401393330724,0.1607401677932192,0.004327812870515004,-0.05266219993254457,0.02861070884392756,0.9857964809850746,False
GUT_GENOME172369_6,GUT_GENOME172369_00427,38221,0.032997911771082064,0.022332905897522556,0.025879751266657244,0.002194676920321188,0.008798595232796922,0.023014833221382522,0.09587936318460316,0.010665005873559508,0.07566216574695322,0.0028649180452747225,-0.08695744004517408,0.013286359704729467,0.9933788372853304,False
GUT_GENOME172369_6,GUT_GENOME172369_00428,38749,0.05723897238006837,0.03668480016845936,0.04257091399570207,0.004837503474035279,0.026661703174506987,0.02312206455607572,2.9045868339482777e-05,0.02055417221160901,0.42602115784859446,0.01944884943962635,0.30182642832844336,0.272593219772162,0.8725837771263578,False
GUT_GENOME172369_6,GUT_GENOME172369_00428,38855,0.08292915236896098,0.04437695943777408,0.05412438618625891,0.005429388608745502,0.0008417645753301586,0.0232259176469033,6.316115619486376e-09,0.0385521929311869,1.0636652406337856,0.030898468539355607,0.5702445192591211,1.4565625558775954,0.48273796989183093,False
GUT_GENOME172369_6,GUT_GENOME172369_00428,38886,0.11394181415968814,0.048279403808132275,0.06647221240318789,0.006462839361442388,1.8355425647732065e-07,0.024123881997172063,2.8273988992664745e-11,0.06566241035155587,2.024141394676335,0.04234833040601582,0.8386683014739875,4.800512905539522,0.09069469140193957,False
GUT_GENOME172369_6,GUT_GENOME172369_00428,38887,0.11728466871437501,0.04789898715591959,0.06965380712124802,0.0062145770113254985,3.0978932632075046e-10,0.02528921431899069,4.707623018897534e-13,0.06938568155845543,2.156051558058993,0.04436459280225734,0.8859363632759089,5.433441560783154,0.06609112678516613,False
GUT_GENOME172369_6,GUT_GENOME172369_00428,38893,0.13619552467020976,0.0510553405365557,0.07890678715175023,0.008619784562536799,8.113564494014737e-07,0.026935685705654012,8.234546875672873e-10,0.08514018413365407,2.714211007968498,0.05197110144609622,1.0642588481588522,8.499588291661777,0.014267170563269505,True
GUT_GENOME172369_6,GUT_GENOME172369_00428,38929,0.16124956403695828,0.0622178017909801,0.09727841668757266,0.011074068762261385,9.208965496914688e-07,0.02737065484645223,1.3706532460188591e-10,0.09903176224597818,3.2063697137442015,0.06990776184112044,1.4847552942823867,12.48530502511565,0.0019446903599429914,True
GUT_GENOME172369_6,GUT_GENOME172369_00428,38934,0.23223334124827552,0.08348141312588726,0.1494561030791949,0.015044183725005137,1.3141209287777655e-11,0.030009879623481353,1.0133987991039446e-15,0.14875192812238824,4.967883941345036,0.11944622345571355,2.6461056569810175,31.681746002580834,1.319460115689241e-07,True
GUT_GENOME172369_6,GUT_GENOME172369_00428,38937,0.21435346424682652,0.11379023242110964,0.15743679847737074,0.01156278741522031,3.960137073677394e-09,0.0315411688720405,6.574812930440138e-28,0.10056323182571689,3.260627486346033,0.12589562960533024,2.7973017161021123,18.456588495623073,9.82206334760226e-05,True
GUT_GENOME172369_6,GUT_GENOME172369_00428,38953,0.31628866025988245,0.14579990119872108,0.22051718421631494,0.018225679066329756,1.0450970884092972e-08,0.035030715027056604,1.2532898582946801e-24,0.17048875906116137,5.737988712450991,0.18548646918925835,4.194314075967645,50.516785032075305,1.072554843772091e-11,True
GUT_GENOME172369_6,GUT_GENOME172369_00428,38961,0.4262256855681637,0.17971321575113905,0.31513890533079775,0.026390973086180883,2.490637995376722e-12,0.037683994593455755,3.7530473756048616e-26,0.24651246981702465,8.431399841938013,0.27745491073734196,6.3503677657178965,111.41567405450127,6.403151542003079e-25,True
GUT_GENOME172369_6,GUT_GENOME172369_00428,38964,0.6703479560043286,0.35320567247836077,0.519693560712116,0.032696738955727625,1.579007565525736e-14,0.05584527161855486,5.562949896722229e-46,0.31714228352596785,10.933712928550811,0.4638482890935612,10.720063765620543,234.46584554292963,1.2200806598996367e-51,True
GUT_GENOME172369_6,GUT_GENOME172369_00428,39130,0.752024830543499,0.36447767695931305,0.5735426820916761,0.03721651837280805,5.533624695184777e-19,0.05825049714196232,6.744257821895827e-44,0.38754715358418595,13.42805658396449,0.5152921849497138,11.926084000483344,322.5441832087369,9.128943752988553e-71,True
GUT_GENOME172369_6,GUT_GENOME172369_00428,39148,0.7976375035965853,0.4681784567734734,0.6352487427184306,0.0340465063638243,1.8243275520510786e-16,0.06112189165863159,4.208934321582855e-64,0.32945904682311183,11.370078202147067,0.574126851059799,13.30536907715339,306.3115246022095,3.057014938334876e-67,True
GUT_GENOME172369_6,GUT_GENOME172369_00428,39156,0.8705289438000049,0.47105851848422875,0.6396511065238301,0.032486599877977494,1.0748269366537238e-28,0.06343377823652004,1.084646558468556e-70,0.39947042531577615,13.850481015269775,0.57621732828731,13.354376987517485,370.17520907908505,4.1445241994983827e-81,True
GUT_GENOME172369_6,GUT_GENOME172369_00428,39159,0.8999613644783586,0.3769142833636929,0.5717677098776758,0.03141417396683475,2.8108254292073064e-76,0.06104508289709358,9.847661908200793e-60,0.5230470811146657,18.228624843875853,0.5107226269805822,11.818957989059927,471.9705316459314,3.257626150446646e-103,True
GUT_GENOME172369_6,GUT_GENOME172369_00428,39160,0.85309387348393,0.3645510693850986,0.5453590145643762,0.03002143281051532,1.6650280992215743e-57,0.05779927333538973,1.3063151083648981e-59,0.48854280409883133,17.006187754113245,0.4875597412289865,11.27594101009023,416.35726759118603,3.883006275382032e-91,True
GUT_GENOME172369_6,GUT_GENOME172369_00428,39165,0.623004498968782,0.14589596195450355,0.2816006369379733,0.02312106520354771,3.2530003995775194e-49,0.04077039271225637,1.047331122886354e-25,0.4771085370142784,16.60108805670487,0.24083024422571697,5.4917607692409955,305.7555610130436,4.0366725407571806e-67,True
GUT_GENOME172369_6,GUT_GENOME172369_00428,39168,0.3467765272597557,0.06845473645821645,0.11407971143447801,0.009071024412772582,5.525819084298565e-17,0.026041731558138662,1.4296703099722637e-22,0.2783217908015393,9.55835850140478,0.08803797987633935,1.9097893911184534,95.0095127598056,2.3385488162020767e-21,True
GUT_GENOME172369_6,GUT_GENOME172369_00428,39170,0.19458198831566537,0.050575549773219694,0.08406026575915847,0.0067011604359866195,3.2793830086270935e-08,0.023590986376073052,9.091852310416682e-20,0.14400643854244566,4.799758045852671,0.06046927938308541,1.263485099998949,24.6340718966468,4.474857956419786e-06,True
GUT_GENOME172369_6,GUT_GENOME172369_00428,39173,0.1643476834528103,0.03572663308705698,0.069625631527151,0.006218253581585471,6.6984345714144795e-40,0.0227155053393541,2.2799211021944786e-14,0.12862105036575333,4.2546757901383225,0.0469101261877969,0.9456123407730983,18.996448778211537,7.498485567837368e-05,True
GUT_GENOME172369_6,GUT_GENOME172369_00428,39182,0.16093252188804733,0.02806226550853873,0.05665180748496807,0.006160090031587584,5.423425987264908e-19,0.022205467062740826,1.1232713152605858e-08,0.13287025637950858,4.405219070059039,0.034446340422227245,0.653418727009801,19.832911088018935,4.9355786531740024e-05,True
GUT_GENOME172369_6,GUT_GENOME172369_00428,39187,0.18585872946249177,0.026816009296197343,0.045606019610237594,0.005154763596153396,4.67662110904247e-10,0.02186635604192762,2.058531431774945e-06,0.15904272016629442,5.33247195667229,0.023739663568309973,0.4024177341987733,28.597197201494073,6.168755095461343e-07,True
GUT_GENOME172369_6,GUT_GENOME172369_00428,39190,0.09839138431653742,0.023912537871929374,0.03508945973397917,0.0038487099193132888,8.246248287524112e-05,0.021719621291730426,0.00025652450283311667,0.07447884644460805,2.33649509142885,0.013369838442248747,0.1593136938479334,5.484590165318584,0.06442232253874935,False
GUT_GENOME172369_6,GUT_GENOME172369_00428,39196,0.07115671272338596,0.01813391179805811,0.03309242679309158,0.0033902665745534706,2.3520897670703737e-13,0.02123730925076306,0.0002354286658527713,0.05302280092532785,1.5763381453677496,0.01185511754232852,0.12380347392638165,2.5001692486976768,0.2864805526041584,False
GUT_GENOME172369_6,GUT_GENOME172369_00428,39198,0.06611798729336898,0.01461886761024946,0.026512234231742503,0.0032035510872795783,1.5726402832206112e-08,0.02123989730852978,0.049904639508248964,0.05149911968311953,1.5223563024038689,0.005272336923212724,-0.030519337287513538,2.318500141417249,0.31372136152549507,False
GUT_GENOME172369_6,GUT_GENOME172369_00429,39665,0.03945494194672969,0.01578415759772811,0.0215715800209261,0.002633419479136009,0.0012286169282614535,0.021316933163209494,0.4614830445783098,0.023670784349001578,0.5364382597459795,0.0002546468577166068,-0.1481510922420642,0.3097147526518116,0.8565373312735804,False
GUT_GENOME172369_6,GUT_GENOME172369_00430,40554,0.022347342353712708,0.014086272725366238,0.016824242924651702,0.0014749472959920036,0.06748803835600602,0.020714195408254695,0.9958221734265914,0.00826106962834647,-0.009505850560836358,-0.003889952483602993,-0.2453146252102358,0.060269626536923415,0.9703147134326082,False
GUT_GENOME172369_6,GUT_GENOME172369_00431,40942,0.02519814145658719,0.015066645903413178,0.019390698478349986,0.0015321692012442312,2.818072707846396e-05,0.02052737415802451,0.7709179989564356,0.01013149555317401,0.056760659620304965,-0.0011366756796745252,-0.1807684340158342,0.03589899921706912,0.9822106331273355,False
GUT_GENOME172369_6,GUT_GENOME172369_00431,40994,0.03586314117409185,0.014948429460006522,0.019839039210442222,0.001779991559539415,5.334904664493541e-07,0.02064008709143448,0.6736552469657091,0.02091471171408533,0.4387945557653035,-0.0008010478809922575,-0.17290017462651616,0.22243513255514985,0.8947440616162339,False
GUT_GENOME172369_6,GUT_GENOME172369_00431,41075,0.03877372373843386,0.014090363385738094,0.018537355046949405,0.0016701565385827681,2.7130174768548173e-07,0.019281606052568564,0.6720632216045822,0.024683360352695763,0.5723123765272504,-0.0007442510056191592,-0.17156866230932166,0.3569772622128793,0.8365335672844171,False
GUT_GENOME172369_6,GUT_GENOME172369_00431,41094,0.034611934671335866,0.013537399620208924,0.01651910367818082,0.0014079939491101717,3.941049578630799e-05,0.01826970146231243,0.8931264372919173,0.02107453505112694,0.4444568675685514,-0.00175059778413161,-0.19516086033352814,0.23562966853497172,0.8888606239061938,False
GUT_GENOME172369_6,GUT_GENOME172369_00431,41182,0.027447012311691697,0.01411458004224852,0.015138299869385662,0.0008976854807932639,0.003399796442935061,0.017736793349331738,0.9981021477192119,0.013332432269443176,0.17016526050948338,-0.0025984934799460763,-0.2150384249927961,0.07519774010764274,0.9630991913444973,False
GUT_GENOME172369_6,GUT_GENOME172369_00431,41215,0.020998498337293846,0.013524169572303525,0.014088368491820864,0.0007348593582304973,0.0417073009360369,0.016914410542489516,0.9999398934202627,0.007474328764990322,-0.03737895194351585,-0.0028260420506686524,-0.22037293895481977,0.04996141827198038,0.9753287267806888,False
GUT_GENOME172369_6,GUT_GENOME172369_00432,41435,0.017134280704727993,0.013008576356179953,0.013310148940879169,0.0006308881810880902,0.14087991033325636,0.015946746259216,0.9999853721057933,0.00412570434854804,-0.1560159164121573,-0.002636597318336832,-0.21593170881899953,0.07096746904741846,0.9651384325386216,False
GUT_GENOME172369_6,GUT_GENOME172369_00433,41680,0.014908713194685565,0.012982845061251962,0.01312832357182028,0.000597047847571512,0.2915311644376216,0.01584767629160741,0.9999973765391555,0.0019258681334336034,-0.23395296113054956,-0.0027193527197871305,-0.2178717774516771,0.10220209943170555,0.9501826499942945,False
GUT_GENOME172369_6,GUT_GENOME172369_00433,41681,0.013100222363659842,0.012489438622956834,0.012542106203066592,0.0005092650352014997,0.4148513312195993,0.014895124757934208,0.9999980851836785,0.0006107837407030078,-0.2805445166384092,-0.0023530185548676155,-0.2092836561933284,0.12250487456552593,0.940585770888062,False
GUT_GENOME172369_6,GUT_GENOME172369_00433,41738,0.01196302713516142,0.01204373958962051,0.012045787873713704,0.0004745151064849002,0.5129380591762843,0.014178892310089087,0.9999965269772619,-8.07124544590903e-05,-0.30504323591335436,-0.0021331044363753823,-0.20412811980908452,0.1347196650732823,0.9348587482122459,False
GUT_GENOME172369_6,GUT_GENOME172369_00433,42068,0.011455321630173059,0.011839299737123807,0.011828113862433955,0.0004730270636360805,0.563042373857101,0.014023477011517427,0.99999826715439,-0.0003839781069507487,-0.31578750339899775,-0.002195363149083472,-0.20558767620684296,0.1419880399111017,0.9314674623277648,False
GUT_GENOME172369_6,GUT_GENOME172369_00436,44786,0.012023954322687143,0.011787797003692726,0.011821367186839717,0.0005088193069127012,0.4631430248382066,0.013891691176700884,0.9999763800243249,0.00023615731899441668,-0.29381699391684823,-0.0020703239898611676,-0.2026563321928904,0.12739801489220837,0.9382873745453618,False
GUT_GENOME172369_6,GUT_GENOME172369_00436,44795,0.01248245193486256,0.012026220121199619,0.012082793148063748,0.000526282791469738,0.43299577529258143,0.013854151957215491,0.9996183798643349,0.0004562318136629405,-0.28602006993927565,-0.0017713588091517428,-0.1956475695116352,0.12008545186387826,0.94172429667647,False
GUT_GENOME172369_6,GUT_GENOME172369_00436,44907,0.013135919555498074,0.011823342302288022,0.011922838561676242,0.000544194144016923,0.32390951930870754,0.013664175442509426,0.9993124923055738,0.0013125772532100524,-0.2556809781660717,-0.0017413368808331837,-0.19494375319991913,0.10337582950763022,0.9496251846118056,False
GUT_GENOME172369_6,GUT_GENOME172369_00437,45246,0.013814234492979525,0.011801042923821883,0.011916582586969456,0.0005559656474921625,0.2656097452707538,0.01361121969012339,0.998848521294679,0.002013191569157642,-0.23085921693803746,-0.0016946371031539339,-0.19384895126263485,0.09087339395086723,0.955580091767384,False
GUT_GENOME172369_6,GUT_GENOME172369_00438,45846,0.015163247003651507,0.012004339923157841,0.012163770906092554,0.0005663901516707268,0.18935521797284582,0.01341759795691737,0.9865758458815219,0.0031589070804936663,-0.19026815819100878,-0.0012538270508248156,-0.18351486139653334,0.06987967637478759,0.9656635105771831,False
GUT_GENOME172369_6,GUT_GENOME172369_00440,48558,0.016106499762084642,0.012098202860787369,0.012295838934341259,0.0005866585978560139,0.15079581741420545,0.013458355029603008,0.9762373580255023,0.004008296901297273,-0.16017549402242925,-0.0011625160952617487,-0.18137422141892276,0.058552797080649685,0.9711480034766007,False
GUT_GENOME172369_6,GUT_GENOME172369_00442,50125,0.01799290721508088,0.01243240611699359,0.01262100205191003,0.000545330844100412,0.10111890545799723,0.013642881707807525,0.9695258965088371,0.005560501098087289,-0.10518312365134394,-0.0010218796558974959,-0.1780772240043683,0.04277498721015587,0.9788395969887205,False
GUT_GENOME172369_6,GUT_GENOME172369_00442,50447,0.018194758114691637,0.012494070324510645,0.01269809559214453,0.0005250868690261447,0.09420368431328185,0.013634051637014135,0.962664381351944,0.005700687790180991,-0.10021651003912918,-0.0009359560448696045,-0.17606288174222945,0.04104148721180115,0.9796883739942023,False
GUT_GENOME172369_6,GUT_GENOME172369_00443,50817,0.017221556839858487,0.012852176964214293,0.013007848316478205,0.0004551851912892317,0.12948916198882598,0.013593223063131795,0.9007809957184909,0.004369379875644194,-0.1473828416761444,-0.0005853747466535893,-0.16784406136370988,0.04989333095560025,0.9753619311036814,False
GUT_GENOME172369_6,GUT_GENOME172369_00444,53706,0.016190703345532523,0.01282020573153035,0.012939184065371943,0.00044069589754564876,0.18285233669779127,0.013647781158540605,0.9460719957605518,0.003370497614002174,-0.1827718087997505,-0.0007085970931686621,-0.17073281309627683,0.06255522755970075,0.9692064706527105,False
GUT_GENOME172369_6,GUT_GENOME172369_00444,54183,0.015164831325571984,0.012859515588066995,0.012950000550878886,0.00042955418471979395,0.26297186001759487,0.013660606512991799,0.9509654072924232,0.00230531573750499,-0.22050967626979004,-0.0007106059621129132,-0.1707799078303679,0.07779029424715656,0.9618515567616102,False
GUT_GENOME172369_6,GUT_GENOME172369_00444,54188,0.015226980311577903,0.013093130524545195,0.013173662629461728,0.00045058902158015297,0.2746698900298042,0.013764416496240706,0.9050829867488115,0.0021338497870327083,-0.22658446918292727,-0.0005907538667789779,-0.16797016627098824,0.07955449843201234,0.9610034795911001,False
GUT_GENOME172369_6,GUT_GENOME172369_00446,55141,0.01597653767905889,0.013549682555802607,0.013622949343855283,0.0005588719902597739,0.25473807464893966,0.013955974555032589,0.7243750338191657,0.002426855123256284,-0.21620370999954577,-0.0003330252111773055,-0.16192812826848674,0.07296476294210319,0.9641750810932564,False
GUT_GENOME172369_6,GUT_GENOME172369_00446,55413,0.015725378583459772,0.013640804595738135,0.013721814311330535,0.0005535492731491969,0.2882176731274702,0.014147940845331367,0.7792930363425667,0.0020845739877216364,-0.22833024013989905,-0.00042612653400083203,-0.16411074055608701,0.07906703372821128,0.9612377357761113,False
GUT_GENOME172369_6,GUT_GENOME172369_00446,55414,0.01768030660024791,0.013823666909934012,0.013969790479206162,0.0005733502589316872,0.18411450792564832,0.014512247126726508,0.8279556411827365,0.0038566396903138983,-0.16554849168155863,-0.0005424566475203466,-0.16683791485915142,0.05524119293258854,0.9727573643788117,False
GUT_GENOME172369_6,GUT_GENOME172369_00446,55419,0.016936378752239648,0.013972814171501454,0.014118642986182683,0.0006084134940542962,0.2242046499884328,0.01489890664030967,0.9001586688181615,0.0029635645807381938,-0.197188863029961,-0.0007802636541269867,-0.17241292151808935,0.06860966320945155,0.9662769079981302,False
GUT_GENOME172369_6,GUT_GENOME172369_00446,55656,0.017040114508710784,0.014023743933836307,0.014200570222217091,0.000609407517418075,0.21904969764533566,0.015172480581660723,0.9446265176700487,0.003016370574874477,-0.19531802232912973,-0.0009719103594436323,-0.17690577340479224,0.06944478251051012,0.9658735139765064,False
GUT_GENOME172369_6,GUT_GENOME172369_00446,55657,0.01885698844598418,0.014394754421109454,0.0147541365216146,0.0008862374979790253,0.1607226106695247,0.016285256986403734,0.9579757435502625,0.0044622340248747245,-0.14409315222965455,-0.0015311204647891347,-0.1900155640099253,0.05686875108548842,0.9719660767995236,False
GUT_GENOME172369_6,GUT_GENOME172369_00447,56133,0.020211225625754274,0.015191480468026033,0.015619718813962371,0.0009735935882332524,0.1510594749648656,0.0170618569591088,0.9307303780700514,0.005019745157728241,-0.124341331710623,-0.0014421381451464287,-0.18792951519406179,0.05077826945264628,0.9749304589066169,False
GUT_GENOME172369_6,GUT_GENOME172369_00447,56229,0.020982649937412556,0.014910416017994591,0.015391717722236537,0.0009033306346795996,0.1146576313632438,0.01739340077297934,0.9866505473357483,0.006072233919417965,-0.08705316310887547,-0.002001683050742803,-0.20104715465804332,0.04799821160335567,0.9762865827513433,False
GUT_GENOME172369_6,GUT_GENOME172369_00448,57329,0.021653909231038236,0.015164641307239055,0.015672543665698053,0.0009502521772386778,0.11761858266272768,0.01774823955569557,0.985532215077001,0.006489267923799181,-0.07227824594675474,-0.0020756958899975156,-0.20278226783902056,0.04634479298707584,0.9770940216693637,False
GUT_GENOME172369_6,GUT_GENOME172369_00448,57572,0.02223424252397764,0.015563322110027209,0.016109951693253667,0.0009821434043149476,0.11458914780120594,0.017974240657450888,0.971164080708379,0.0066709204139504315,-0.06584255853018547,-0.0018642889641972207,-0.1978261690431942,0.043470435672107344,0.9784992899125461,False
GUT_GENOME172369_6,GUT_GENOME172369_00448,57835,0.023111660160151745,0.01575004266259588,0.016330833726218096,0.000982013110164308,0.09627311986133796,0.017818965790001546,0.9351630649039985,0.007361617497555865,-0.04137215063255957,-0.0014881320637834504,-0.18900776938989458,0.03743559173770677,0.9814562941860581,False
GUT_GENOME172369_6,GUT_GENOME172369_00448,57841,0.021294305649014158,0.016057429812796894,0.01642812538819028,0.0009463856795341149,0.15364023307172037,0.017447133528415378,0.859201031580854,0.005236875836217264,-0.11664870292177769,-0.0010190081402250972,-0.17800990589114993,0.0452944464887092,0.9776073000797294,False
GUT_GENOME172369_6,GUT_GENOME172369_00448,58099,0.021210898065104702,0.016248180490476147,0.016576027257149507,0.0009833647087220683,0.1573286666703953,0.017238088130303753,0.7496092945398822,0.004962717574628555,-0.12636173725885644,-0.0006620608731542459,-0.16964184550804545,0.04474564439045183,0.9778755933568021,False
GUT_GENOME172369_6,GUT_GENOME172369_00448,58101,0.0213979871944318,0.01640613600515118,0.01675017821297345,0.0009948719539395337,0.1607589325216951,0.01713071083495781,0.6489525364020716,0.004991851189280621,-0.12532957504043948,-0.0003805326219843627,-0.16304186387862518,0.042290151756833295,0.9790769138223301,False
GUT_GENOME172369_6,GUT_GENOME172369_00448,58224,0.019033881441248297,0.016292175514016596,0.016516843824206675,0.0009537980215917266,0.2699555268031404,0.016911861348255668,0.6606186674963113,0.0027417059272317017,-0.20504899719844874,-0.0003950175240489927,-0.16338143934621413,0.06873858597493009,0.9662146224600591,False
GUT_GENOME172369_6,GUT_GENOME172369_00448,58259,0.01848786370109307,0.016277389324516795,0.016436177525571957,0.0008270533578709243,0.2996708964020659,0.01682348603072954,0.6802147140577544,0.002210474376576274,-0.22386976977905612,-0.00038730850515758183,-0.16320071367178274,0.0767521467639068,0.9623509582499526,False
GUT_GENOME172369_6,GUT_GENOME172369_00449,59599,0.018349455669309317,0.016413652935717976,0.016532620778372517,0.0008646133938475718,0.32428599632136695,0.01682177676717171,0.6309739012909404,0.0019358027335913408,-0.23360099248332342,-0.0002891559887991946,-0.16089968419372933,0.08045813206283556,0.9605693801334537,False
GUT_GENOME172369_6,GUT_GENOME172369_00449,59763,0.0168993238430152,0.016404107729939405,0.01642610738457351,0.0008416443275255531,0.4365033198006161,0.01673661006066186,0.6439077618017726,0.000495216113075795,-0.284638912075895,-0.0003105026760883492,-0.1614001232913046,0.1070693100661974,0.9478730918612406,False
GUT_GENOME172369_6,GUT_GENOME172369_00450,60098,0.017523614860003207,0.01645361413434066,0.016524688424871235,0.0009313885320650925,0.3716193033283921,0.01662645075542552,0.5435013613931656,0.001070000725662549,-0.2642751169229512,-0.0001017623305542871,-0.15650653822437535,0.09433563393161738,0.9539272989721991,False
GUT_GENOME172369_6,GUT_GENOME172369_00450,60491,0.01758865567863134,0.016804442402295804,0.01685588093095097,0.0009707804882104182,0.4060885467875799,0.016607084433456726,0.3988653814342847,0.0007842132763355367,-0.27440015671687784,0.00024879649749424276,-0.1482882446231579,0.09728484949966464,0.9525216669843859,False
GUT_GENOME172369_6,GUT_GENOME172369_00450,60579,0.019235562853542124,0.017138579840977275,0.017275464118926626,0.0012276937872580116,0.2986682625452386,0.016684237824559883,0.31505404337205756,0.0020969830125648486,-0.22789060617193715,0.000591226294366743,-0.14026052321568594,0.07160714275415093,0.9648297950587469,False
GUT_GENOME172369_6,GUT_GENOME172369_00451,62247,0.019305842665487856,0.017544851942643946,0.017679468511687946,0.001247804374681999,0.32911724212422544,0.016749985461174063,0.2281676448388416,0.0017609907228439102,-0.2397943315170777,0.000929483050513883,-0.13233063210414966,0.07501271762080597,0.9631882929696114,False
GUT_GENOME172369_6,GUT_GENOME172369_00452,62691,0.01886460910219354,0.017981810742143965,0.017949739995371194,0.001322945230389439,0.41062067683630643,0.016797585233645496,0.19190401505209492,0.0008827983600495741,-0.27090742847411287,0.0011521547617256989,-0.1271104483489402,0.08954790088192517,0.956213609069122,False
GUT_GENOME172369_6,GUT_GENOME172369_00452,62772,0.01907148849786917,0.017795442592903495,0.017796035880945176,0.0011957167661638735,0.36685266003165384,0.016770601742671705,0.19555958874448792,0.0012760459049656753,-0.25697523148465207,0.0010254341382734712,-0.13008121161471525,0.08295739121174285,0.9593697739155344,False
GUT_GENOME172369_6,GUT_GENOME172369_00452,62773,0.01881769160603771,0.017556899299491606,0.017622615730686925,0.0010830976561645369,0.37699810144176843,0.017147959398624287,0.33060628632228756,0.0012607923065461046,-0.2575156446181274,0.0004746563320626382,-0.14299332039164342,0.08676139689971689,0.9575467840925986,False
GUT_GENOME172369_6,GUT_GENOME172369_00452,63093,0.01841368168173904,0.017569509972973407,0.017617354462060055,0.0009817666424120591,0.41602684370567666,0.017246460497361938,0.3527961979309503,0.0008441717087656342,-0.27227591537679874,0.00037089396469811714,-0.14542586389512913,0.0952828559839183,0.95347561545485,False
GUT_GENOME172369_6,GUT_GENOME172369_00452,63118,0.017515105131706125,0.017789090870370516,0.017764807996517987,0.0009944337575746507,0.527950538407781,0.017372382716375628,0.34656099614612723,-0.00027398573866439097,-0.3118906314105666,0.00039242528014235903,-0.1449210964844031,0.11827789016792359,0.9425757937853105,False
GUT_GENOME172369_7,GUT_GENOME172369_00467,11488,0.014271498750816248,0.012603927067599245,0.012646786162162164,0.0004980145629029027,0.32833551339631295,0.014514245891769003,0.99991151551459,0.0016675716832170034,-0.24310403422081864,-0.0018674597296068386,-0.19790050259006817,0.09826418037983853,0.9520553642186214,False
GUT_GENOME172369_7,GUT_GENOME172369_00468,11989,0.013392466762971306,0.012580346470469201,0.012596239991862377,0.0005013553235791607,0.4101963135829799,0.014590579746964883,0.9999652362380913,0.0008121202925021054,-0.2734114511250765,-0.001994339755102506,-0.20087500278296874,0.11510458834937778,0.9440725196022721,False
GUT_GENOME172369_7,GUT_GENOME172369_00468,12256,0.012076800291068704,0.012420014384048321,0.01240798028296924,0.00043812779677937654,0.5559316808853884,0.01471493701522367,0.9999999300913395,-0.00034321409297961673,-0.3143432927991627,-0.0023069567322544296,-0.2082038100968839,0.1421605322666794,0.93138713028362,False
GUT_GENOME172369_7,GUT_GENOME172369_00470,13403,0.011919739907470178,0.012338739160910994,0.012325442674067147,0.0004440627404275862,0.5678990137748141,0.014717574141941006,0.9999999641627948,-0.0004189992534408167,-0.3170282524335543,-0.00239213146787386,-0.21020059616735093,0.1446912034701832,0.930209358284221,False
GUT_GENOME172369_7,GUT_GENOME172369_00470,13685,0.0118672528657849,0.012192783338826367,0.012180535032621093,0.0004381944461226494,0.5522571043198895,0.014626362841754923,0.9999999880844658,-0.00032553047304146633,-0.3137167874855246,-0.0024458278091338305,-0.21145942139860288,0.14313330964846974,0.9309342242697151,False
GUT_GENOME172369_7,GUT_GENOME172369_00470,13686,0.010765466579656742,0.012128848631245862,0.012091573889284736,0.0004311016584696331,0.7394367251610816,0.01456668008036003,0.9999999953038072,-0.00136338205158912,-0.35048638166375057,-0.002475106191075294,-0.21214580644930323,0.16784654692577344,0.919501803577916,False
GUT_GENOME172369_7,GUT_GENOME172369_00470,13884,0.011006333144074197,0.012095251006583345,0.01206657980400774,0.0004302697964605961,0.693582388926713,0.014450391292983594,0.9999999848998465,-0.0010889178625091474,-0.3407625087540529,-0.002383811488975854,-0.21000554750827033,0.16022141735660436,0.9230141550528463,False
GUT_GENOME172369_7,GUT_GENOME172369_00470,14742,0.011166215441519564,0.011930732397001579,0.011909562357681105,0.0004495522806349954,0.6354505767160689,0.014412623281222081,0.9999999871084138,-0.0007645169554820145,-0.3292694494872086,-0.002503060923540976,-0.21280116064541738,0.15370270433764616,0.926027495354963,False
GUT_GENOME172369_7,GUT_GENOME172369_00471,14859,0.011697488099808858,0.011865865084966789,0.011863470236437343,0.00044922077386178597,0.5287578675550622,0.014216218027953595,0.999999918571687,-0.00016837698515793052,-0.30814906461203184,-0.0023527477915162524,-0.20927730857763627,0.13875283790676937,0.9329754243399271,False
GUT_GENOME172369_7,GUT_GENOME172369_00471,15656,0.011062623195871684,0.011850275434664848,0.011827065065675131,0.0004410832445907847,0.6396402988342733,0.014143911642514502,0.9999999250282525,-0.0007876522387931639,-0.3300890994218743,-0.0023168465768393706,-0.20843566175762204,0.15240423864948185,0.9266288980235285,False
GUT_GENOME172369_7,GUT_GENOME172369_00471,16199,0.011234276565001275,0.011923715604803988,0.011892083811163955,0.0005240479226595145,0.6238621627741829,0.014095242669953668,0.9999868948415762,-0.0006894390398027132,-0.3266095465219522,-0.002203158858789713,-0.20577043420940813,0.1490152674740036,0.9282003883942884,False
GUT_GENOME172369_7,GUT_GENOME172369_00471,16332,0.011172418789080893,0.011977737935431311,0.01189863058128483,0.0005462110461586865,0.6415102169917274,0.0140458785878145,0.9999577331133763,-0.0008053191463504184,-0.33071501263980624,-0.00214724800652967,-0.20445969329346772,0.1511761857670061,0.927198047386627,False
GUT_GENOME172369_7,GUT_GENOME172369_00472,16430,0.011234003448463988,0.011862677059612251,0.011800179821315817,0.0005265458903825059,0.6096090666963164,0.014046147117616039,0.9999900260446021,-0.0006286736111482637,-0.3244567144620764,-0.002245967296300222,-0.20677400987181316,0.14802765071799406,0.9286588547104825,False
GUT_GENOME172369_7,GUT_GENOME172369_00474,18649,0.011345578749497567,0.011691508324578275,0.011682885471727574,0.0005466091935565246,0.5601086193997777,0.014050536846476794,0.9999925959927358,-0.0003459295750807088,-0.3144394984386965,-0.0023676513747492196,-0.20962669935863731,0.14281555126237555,0.9310821420982685,False
GUT_GENOME172369_7,GUT_GENOME172369_00476,21730,0.011801813832939836,0.011828806040384202,0.01183571171994222,0.0005245084512578075,0.5046278830927671,0.014121290954133116,0.9999934241027398,-2.6992207444365493e-05,-0.3031400045431717,-0.002285579234190897,-0.20770264868975702,0.13503425262717478,0.9347117123130475,False
GUT_GENOME172369_7,GUT_GENOME172369_00476,22424,0.012378621416146136,0.01172048250050294,0.011789998428129677,0.0005620392226637022,0.3896093307043582,0.014157595589190226,0.9999873727043431,0.0006581389156431958,-0.2788667906506275,-0.0023675971610605494,-0.2096254284050197,0.12170950716176895,0.9409599009071375,False
GUT_GENOME172369_7,GUT_GENOME172369_00477,22695,0.013866301216660283,0.011732821322693003,0.011846817327443637,0.000531624961932754,0.24516472018675928,0.014181690649161863,0.999994383222362,0.0021334798939672793,-0.22659757396417565,-0.002334873321718226,-0.20885827009104607,0.0949682375118744,0.9536256177735486,False
GUT_GENOME172369_7,GUT_GENOME172369_00477,23036,0.013480902558092192,0.011773000511056035,0.011864472488336554,0.0005190793163766011,0.2919700632688187,0.0141343954063902,0.9999938718724002,0.001707902047036157,-0.241675187224444,-0.002269922918053646,-0.20733561128423603,0.10139495182657787,0.9505661962088792,False
GUT_GENOME172369_7,GUT_GENOME172369_00477,23039,0.013957094660464194,0.011898866989528661,0.011987852971532818,0.0005112190322761269,0.2588782148013162,0.014282146412369414,0.9999964033531612,0.002058227670935532,-0.22926365238914542,-0.0022942934408365957,-0.2079069393907349,0.09578711775363362,0.9532352451079027,False
GUT_GENOME172369_7,GUT_GENOME172369_00477,23047,0.015156584851904301,0.012492165331208149,0.012633733363537805,0.0006081249345600351,0.2293037286392164,0.014359368718986226,0.9977275293203509,0.0026644195206961523,-0.20778714382995678,-0.0017256353554484204,-0.19457565593556758,0.08103518302376753,0.9602922713699218,False
GUT_GENOME172369_7,GUT_GENOME172369_00477,23138,0.01826643724011241,0.0126496677376936,0.01295597438564386,0.0006425737073576213,0.09851887013350685,0.014690425724526038,0.9965249467772567,0.005616769502418809,-0.10318961471895731,-0.001734451338882179,-0.19478233263130346,0.048588253691138596,0.9759986001471157,False
GUT_GENOME172369_7,GUT_GENOME172369_00477,23507,0.02317714533227146,0.013100007474968055,0.013711113089473119,0.000773039789804487,0.029359270425461815,0.015091235583133508,0.9628951919268723,0.010077137857303405,0.054834844350627826,-0.0013801224936603896,-0.18647565697967822,0.03778003080096019,0.9812872827967102,False
GUT_GENOME172369_7,GUT_GENOME172369_00478,24217,0.024786576985391245,0.013280988437985794,0.014012378336708035,0.0007847362362521116,0.019622517500076573,0.01538320151493601,0.9596690584924182,0.011505588547405451,0.10544280531953569,-0.0013708231782279742,-0.1862576493347435,0.04581009712935778,0.9773552806543256,False
GUT_GENOME172369_7,GUT_GENOME172369_00478,24279,0.026408782727297176,0.013340575201578907,0.014185860226955602,0.000826969911062304,0.014654679936771707,0.015816009678134728,0.9756513204165835,0.01306820752571827,0.16080415647550758,-0.0016301494511791262,-0.19233714093244755,0.06285155252186772,0.9690628812548798,False
GUT_GENOME172369_7,GUT_GENOME172369_00479,24610,0.028958358586732957,0.013687375634715716,0.014700644758287876,0.0009118631315660135,0.01070947437360037,0.01649357794671,0.9753640101171922,0.015270982952017242,0.23884533323425447,-0.0017929331884221252,-0.19615334648520347,0.09552322854512635,0.9533610276530606,False
GUT_GENOME172369_7,GUT_GENOME172369_00479,24711,0.032892974530324685,0.014099921847294188,0.015545215909647137,0.0010898825029512845,0.004958642017642634,0.01695636283705596,0.9023001698977415,0.018793052683030498,0.3636272166496051,-0.0014111469274088219,-0.18720297543511538,0.16726970670009927,0.9197670446404478,False
GUT_GENOME172369_7,GUT_GENOME172369_00479,25384,0.030507935128626994,0.014257332589366718,0.015948732218891783,0.001249919593613194,0.007022966060705393,0.016930360652509944,0.7838767629796182,0.016250602539260278,0.273551851407473,-0.0009816284336181605,-0.17713359818173274,0.10620692701326374,0.9482818948364725,False
GUT_GENOME172369_7,GUT_GENOME172369_00479,25386,0.03229349751281974,0.014270401562274108,0.01624205677301628,0.0013553759842582303,0.005683159758300936,0.0168554413350755,0.6745660290343316,0.018023095950545635,0.33634875297189976,-0.0006133845620592202,-0.16850070689165395,0.14152297184873913,0.9316840853968357,False
GUT_GENOME172369_7,GUT_GENOME172369_00479,26630,0.031106869198842667,0.014125198102137497,0.015848442263252955,0.0012527043100104061,0.0059036838879244335,0.01605356311822816,0.5650330452548219,0.01698167109670517,0.2994525627705819,-0.00020512085497520482,-0.15892961427300395,0.11493045964283513,0.9441547182438664,False
GUT_GENOME172369_7,GUT_GENOME172369_00480,26899,0.03102257329557616,0.01455997310072318,0.016148674742371128,0.0012286423959774447,0.006661941640756617,0.01587042213414051,0.41041732300191147,0.01646260019485298,0.281062624550765,0.0002782526082306183,-0.14759769300382172,0.10078127789941467,0.9508579098061758,False
GUT_GENOME172369_7,GUT_GENOME172369_00480,26902,0.030082597182553246,0.014144118408468565,0.015532662300724356,0.0011203223421201165,0.00779803449617021,0.015609639578821792,0.5273897460368749,0.01593847877408468,0.2624937536831849,-7.697727809743635e-05,-0.15592549212964177,0.09321572981855952,0.9544616021031455,False
GUT_GENOME172369_7,GUT_GENOME172369_00480,26903,0.03190849870014398,0.01446423839836043,0.01558212236979437,0.0009683787241684856,0.007534317716866047,0.015516987275990908,0.4731865623103286,0.017444260301783546,0.3158414354124315,6.513509380346241e-05,-0.15259389382658803,0.12304070875654514,0.9403338056346545,False
GUT_GENOME172369_7,GUT_GENOME172369_00480,26905,0.02991302484541261,0.013860682063024567,0.01478521004878785,0.000853096440116543,0.009087729951858282,0.015169718973643836,0.673904865157297,0.016052342782388044,0.266527792329327,-0.0003845089248559856,-0.16313508196880502,0.0976501190529136,0.9523477192874391,False
GUT_GENOME172369_7,GUT_GENOME172369_00480,27216,0.02775835051551066,0.013427182202848446,0.014230873094979493,0.0007859043140831018,0.010815775642442063,0.014646713520525063,0.701640102831309,0.014331168312662214,0.2055490473238954,-0.0004158404255455699,-0.1638695991197983,0.06910365637144439,0.9660382703781102,False
GUT_GENOME172369_7,GUT_GENOME172369_00483,29588,0.027994201890423526,0.013492052884526208,0.014288570626719076,0.0008023526416818601,0.01076526757946746,0.014537442734619852,0.6217871861287702,0.014502149005897318,0.21160664826849698,-0.0002488721079007758,-0.15995529274176495,0.07036306926753112,0.9654301413416793,False
GUT_GENOME172369_7,GUT_GENOME172369_00483,29685,0.02935783856991434,0.013811068508372956,0.014557114425302262,0.0007746757410221002,0.008526554519569879,0.014452778698697879,0.44643121972280886,0.015546770061541383,0.2486160753195333,0.0001043357266043831,-0.1516748974016374,0.08481522740908509,0.9584790117558245,False
GUT_GENOME172369_7,GUT_GENOME172369_00483,29686,0.028439188434554806,0.014334053110186077,0.014823125465644016,0.0006522209565670604,0.012345371382766592,0.014343923587170496,0.2312540392858432,0.01410513532436873,0.19754102245576005,0.0004792018784735199,-0.14288675729297454,0.05943908096256851,0.9707177424057853,False
GUT_GENOME172369_7,GUT_GENOME172369_00485,30530,0.027867777540149467,0.014239643020635828,0.014638300450960099,0.0005628449519273649,0.01259819864885094,0.014012313728242083,0.13302968607968368,0.013628134519513639,0.18064156748576068,0.0006259867227180159,-0.13944562031483732,0.0520764569287024,0.9742978429864553,False
GUT_GENOME172369_7,GUT_GENOME172369_00486,31452,0.02717050956191238,0.013830025332809333,0.01416101353065728,0.0005201296892123717,0.012771439663610672,0.013751822928698127,0.21572617667541144,0.013340484229103047,0.1704505299017092,0.0004091906019591529,-0.14452806020636583,0.049941743330788366,0.9753383215955542,False
GUT_GENOME172369_7,GUT_GENOME172369_00488,32736,0.026769409607870928,0.01357388561358266,0.01384477214867066,0.0004781639897781461,0.01448555547171923,0.013687741827939175,0.3713036203069047,0.013195523994288269,0.1653147965114121,0.00015703032073148548,-0.15043955653704058,0.04996104211667102,0.9753289102182456,False
GUT_GENOME172369_7,GUT_GENOME172369_00488,32919,0.027177843859388033,0.013653370057263246,0.013938425563977251,0.0005216538747303604,0.013965820023194199,0.013663266018737127,0.29893177485812206,0.013524473802124787,0.1769690168153212,0.0002751595452401244,-0.14767020494118882,0.05312452233995414,0.973787412804445,False
GUT_GENOME172369_7,GUT_GENOME172369_00489,33585,0.027348682883641638,0.013697779282378898,0.013963016186647689,0.0005078375493415114,0.016099453603459147,0.013661102699329753,0.2760861955739719,0.01365090360126274,0.1814482434238528,0.00030191348731793514,-0.1470430013639479,0.054545109291719726,0.9730959835461487,False
GUT_GENOME172369_7,GUT_GENOME172369_00493,35675,0.020919919594314555,0.013664210005403174,0.013789991478400165,0.0004954461595481235,0.08674933520065131,0.013623104230112447,0.3681178733241145,0.0072557095889113805,-0.04512431606894286,0.00016688724828771775,-0.1502084765636336,0.02459879033225752,0.987775933247014,False
GUT_GENOME172369_7,GUT_GENOME172369_00493,36562,0.01589817829212503,0.013360002247790255,0.013391353117791088,0.00044796054830326115,0.26936552881561987,0.013508293860289193,0.6029735774395792,0.002538176044334777,-0.21225976928951626,-0.00011694074249810581,-0.1568623719269494,0.06966001338538727,0.9657695766685193,False
GUT_GENOME172369_7,GUT_GENOME172369_00495,38082,0.012847004387495751,0.013066733652977568,0.013054504271565046,0.0004204012679996263,0.5275685560496154,0.013334516532944648,0.7473134673170201,-0.0002197292654818172,-0.3099684023156735,-0.0002800122613796016,-0.16068532406204464,0.12190018380305553,0.9408701956466348,False
GUT_GENOME172369_7,GUT_GENOME172369_00495,38211,0.012599728497842966,0.013049034734266378,0.013031564765985482,0.00042179476287890796,0.5567159809174747,0.0133236868696024,0.7557100589752215,-0.0004493062364234121,-0.3181019854104756,-0.0002921221036169177,-0.16096922003329917,0.12709996292021508,0.9384272141661115,False
GUT_GENOME172369_7,GUT_GENOME172369_00495,38214,0.012400479841191128,0.012573269963966821,0.012565520273446967,0.000395529270522747,0.5227081276469009,0.01333398055127383,0.9739838102014075,-0.00017279012277569318,-0.3083054157537672,-0.0007684602778268625,-0.1721362101528099,0.12468310422887556,0.9395619226198975,False
GUT_GENOME172369_7,GUT_GENOME172369_00495,38323,0.012469545626562726,0.012499655942820133,0.012494376796913126,0.0003915817315704984,0.5038381294915955,0.013334138487932398,0.9840050762684728,-3.0110316257407274e-05,-0.3032504746701426,-0.0008397616910192727,-0.17380775826659986,0.1221699872213276,0.9407432792099815,False
GUT_GENOME172369_7,GUT_GENOME172369_00498,40475,0.010305064858791008,0.012535249100907881,0.012485175612628553,0.00037429133451849966,0.8818082157960343,0.013253050846495024,0.979893012333672,-0.002230184242116873,-0.38119594113958977,-0.0007678752338664708,-0.1721224947286031,0.1749364987328956,0.9162479626423513,False
GUT_GENOME172369_7,GUT_GENOME172369_00501,43069,0.010530332907594572,0.01249940341550879,0.012444971227703206,0.00039286480181551826,0.8486197522026906,0.01334090887148404,0.9887116880844565,-0.0019690705079142175,-0.3719450557148855,-0.0008959376437808336,-0.17512471404173363,0.16901178993894828,0.9189662380829431,False
GUT_GENOME172369_7,GUT_GENOME172369_00502,43843,0.01099077103543972,0.012476934123955612,0.01243451675537258,0.0004092534511800105,0.7646871480409521,0.013364625578354498,0.9884777574868898,-0.0014861630885158912,-0.3548363378558458,-0.0009301088229819177,-0.17592580293439572,0.15685871480105978,0.9245673714671434,False
GUT_GENOME172369_7,GUT_GENOME172369_00502,44324,0.010911320038003361,0.012164165115585058,0.012129249210548266,0.0004148266710408821,0.7281924693184043,0.013391161468052021,0.9988250301523501,-0.001252845077581697,-0.34657021507504654,-0.0012619122575037549,-0.18370440619471723,0.15385822283251768,0.9259554909533596,False
GUT_GENOME172369_7,GUT_GENOME172369_00503,44573,0.010629657586094734,0.01210382296573553,0.0120557852539298,0.0004252270144278816,0.7850169490800069,0.013423400252981815,0.9993504979907475,-0.0014741653796407957,-0.3544112762232151,-0.0013676149990520144,-0.18618243868168385,0.16027125318762706,0.9229911557506635,False
GUT_GENOME172369_7,GUT_GENOME172369_00504,45453,0.010873243235479474,0.012038270537210398,0.011999336331696541,0.0004179665466157548,0.7271955354599204,0.013471851858001982,0.9997866916461636,-0.001165027301730924,-0.34345895712023766,-0.0014725155263054408,-0.18864166453170816,0.15354973282341478,0.9260983259777875,False
GUT_GENOME172369_7,GUT_GENOME172369_00504,45630,0.011433039029866008,0.012186742744299484,0.012166515111943927,0.0004348878173940559,0.6496199492446766,0.013797382452890458,0.9999116135400047,-0.0007537037144334756,-0.3288863518523209,-0.0016308673409465308,-0.19235397071509688,0.14516628248459298,0.9299884230531187,False
GUT_GENOME172369_7,GUT_GENOME172369_00505,46197,0.01124053623753637,0.012264500426664013,0.012239503727444465,0.0004943309195884304,0.7013727296199809,0.013873353093729574,0.9995254115808966,-0.0010239641891276428,-0.3384612931852862,-0.0016338493662851096,-0.1924238795514971,0.15158299640630535,0.9270094695509374,False
GUT_GENOME172369_7,GUT_GENOME172369_00506,47255,0.012121995104668212,0.012242547026475476,0.012259951348992545,0.0005338646922045424,0.5217096178519225,0.01392307215196206,0.9990810477738679,-0.00012055192180726419,-0.3064546911512208,-0.0016631208029695144,-0.19311010178170315,0.13120598913872988,0.9365025871116345,False
GUT_GENOME172369_7,GUT_GENOME172369_00506,47635,0.014600776991824192,0.012766845302644691,0.012885301445309468,0.0005940493964286687,0.275663445122463,0.014536354993110864,0.9972763608374674,0.0018339316891795004,-0.23721013760480322,-0.0016510535478013958,-0.19282720419648341,0.093450980060722,0.9543493400441793,False
GUT_GENOME172369_7,GUT_GENOME172369_00509,49253,0.01466741864120109,0.01266506941857852,0.012802680503190375,0.0005453167421317129,0.26359785749181885,0.014201621052809687,0.9948467447297098,0.00200234922262257,-0.23124334573860467,-0.0013989405496193114,-0.18691681634153332,0.08841138117963834,0.9567571412914164,False
GUT_GENOME172369_7,GUT_GENOME172369_00509,49489,0.015535112061310573,0.013396194096791898,0.013565444675375267,0.000693631542866721,0.26444430139811403,0.015494943127258997,0.9972965332544583,0.0021389179645186756,-0.22640491091733883,-0.00192949845188373,-0.19935490166241246,0.09100156050431826,0.9555188570260124,False
GUT_GENOME172369_7,GUT_GENOME172369_00509,49641,0.01758989722291043,0.0125550840684651,0.013071600827046467,0.0008254863299919573,0.09740363380093015,0.0158670125537804,0.9996458958655736,0.005034813154445331,-0.12380749417949785,-0.002795411726733933,-0.21965485977650545,0.06357655303844267,0.9687116593729856,False
GUT_GENOME172369_7,GUT_GENOME172369_00509,49740,0.01729947090369119,0.012619174555819032,0.013257760256949936,0.0009912573841817218,0.09736679805324255,0.016145076392314394,0.9982088739904157,0.004680296347872157,-0.1363675166109304,-0.0028873161353644584,-0.22180941231644993,0.06779551497880128,0.9666703343870293,False
GUT_GENOME172369_7,GUT_GENOME172369_00509,49808,0.018527541674558095,0.013418988206432919,0.014194838874520522,0.0011933530384852843,0.09450141543722879,0.016406231563807692,0.968065396572526,0.005108553468125176,-0.12119498053628765,-0.0022113926892871703,-0.20596346325639425,0.05710917150375921,0.9718492435765729,False
GUT_GENOME172369_7,GUT_GENOME172369_00509,50100,0.018244108875941766,0.013611705908346258,0.014490241698234254,0.0013402284724422545,0.10849085745862558,0.016642988487548523,0.9458908980327752,0.004632402967595508,-0.13806431044253029,-0.002152746789314269,-0.20458860350127717,0.06091825050057418,0.9700000797673921,False
GUT_GENOME172369_7,GUT_GENOME172369_00509,50125,0.018619518677310754,0.014052016247265101,0.015079238748301044,0.0013774201959227124,0.11045410975379716,0.017317092336782084,0.9478835781975898,0.004567502430045653,-0.14036364348492572,-0.0022378535884810397,-0.20658379690977272,0.06237881755802155,0.9692919632806514,False
GUT_GENOME172369_7,GUT_GENOME172369_00509,50520,0.019578699777478163,0.014784658589548964,0.015936177903800367,0.001518752022262382,0.10952183798045545,0.018069930568601098,0.9199801653497589,0.004794041187929199,-0.13233769992498642,-0.002133752664800731,-0.20414331649247663,0.059187760489983234,0.9708397306910473,False
GUT_GENOME172369_7,GUT_GENOME172369_00509,50538,0.021535932544347408,0.015304069695189533,0.01679179954664259,0.0016359467136551572,0.07209627892021193,0.01896190076700785,0.9076647438220038,0.006231862849157875,-0.08139773887773956,-0.0021701012203652614,-0.2049954505073933,0.0486487266231378,0.9759690898447726,False
GUT_GENOME172369_7,GUT_GENOME172369_00509,50683,0.027909991779038586,0.018616156377570935,0.021226623826723346,0.002358072245008454,0.05276956656354623,0.02146196153202423,0.5397487986906675,0.009293835401467651,0.027083560819130065,-0.00023533770530088233,-0.15963800022084287,0.026217810381153346,0.9869766422878125,False
GUT_GENOME172369_7,GUT_GENOME172369_00509,50692,0.034594834982151317,0.020389316250670437,0.02511569790556088,0.0030154297212789415,0.015658156670956686,0.023861824243493087,0.33877114345389214,0.01420551873148088,0.20109746271950818,0.001253873662067792,-0.12472581067640502,0.05599671736111041,0.972389962802491,False
GUT_GENOME172369_7,GUT_GENOME172369_00509,50859,0.03335136945160648,0.0210688290854961,0.02612652927890757,0.0030108583500715416,0.015701268216919063,0.02513614126845891,0.3711009886090334,0.01228254036611038,0.1329690948780027,0.000990388010448661,-0.13090281228486073,0.03481632645676077,0.9827424834179891,False
GUT_GENOME172369_7,GUT_GENOME172369_00509,50860,0.042028953686996835,0.024718339114211133,0.035022959076063113,0.004648481471916612,0.006030741552778586,0.027222619589030328,0.04666961086800962,0.017310614572785703,0.31110655874945,0.0078003394870327855,0.028745658005167003,0.097613603751075,0.9523651070783813,False
GUT_GENOME172369_7,GUT_GENOME172369_00509,50861,0.04936063479948631,0.024422729896731672,0.03975166677280419,0.005157447708686123,0.0004191353376208942,0.027803369032638067,0.01025983562394313,0.02493790490275464,0.5813305251714347,0.01194829774016612,0.12598793531311045,0.35381813934055656,0.8378559675786574,False
GUT_GENOME172369_7,GUT_GENOME172369_00509,51251,0.05044759703562322,0.024737797676665542,0.042407561771159494,0.0048633676860885934,2.3240584344497324e-05,0.02835154984890238,0.0019251015759822539,0.02570979935895768,0.6086776396237014,0.014056011922257115,0.17539993863449235,0.40125360745086414,0.818217730390889,False
GUT_GENOME172369_7,GUT_GENOME172369_00509,51256,0.04921547395061805,0.032497580189955494,0.04323819878369883,0.004675339121530454,0.00451946436820296,0.029873965932224498,0.0021285669933644867,0.01671789376066256,0.29010730974965104,0.013364232851474329,0.15918227969685098,0.10950124933966647,0.9467212074322346,False
GUT_GENOME172369_7,GUT_GENOME172369_00509,51311,0.056205153700502636,0.034820176627819624,0.048463419397332286,0.005203980539094777,0.0006062025849720102,0.03264358571158611,0.0011830923849064467,0.021384977072683012,0.45545538352635184,0.015819833685746174,0.21674993171058604,0.25442013927967994,0.8805486766234586,False
GUT_GENOME172369_7,GUT_GENOME172369_00509,51381,0.05458743145974828,0.038018884643165586,0.050519919003306844,0.00562348099681882,0.0061967738095618265,0.03327952514842233,0.0010854902547450236,0.016568546816582694,0.2848161615362818,0.017240393854884517,0.25005270321163026,0.14364660025570503,0.9306953350292915,False
GUT_GENOME172369_7,GUT_GENOME172369_00509,51412,0.05499300714364744,0.042500711641040356,0.05271145884692437,0.005537441898883554,0.02350935360677403,0.0352868527213637,0.0008256532066531583,0.012492295502607081,0.1404004187832715,0.017424606125560668,0.2543712666145007,0.08441701887358342,0.9586698680171322,False
GUT_GENOME172369_7,GUT_GENOME172369_00509,51418,0.049396705765136203,0.04515288864395187,0.04939720468265805,0.0049187783713565145,0.22402909792088344,0.035303932117986665,0.002083744724353079,0.00424381712118433,-0.1518313501342133,0.014093272564671383,0.17627345507347372,0.05412508984711803,0.9733003646236807,False
GUT_GENOME172369_7,GUT_GENOME172369_00509,51421,0.054012885702153325,0.044899254364724986,0.05172059166238074,0.005285783511683442,0.08678006521170945,0.03589136023785604,0.0013736634339869326,0.00911363133742834,0.02069918906410045,0.0158292314245247,0.21697024673417112,0.047504544395798466,0.976527592830354,False
GUT_GENOME172369_7,GUT_GENOME172369_00509,51423,0.06534944415588727,0.055216778808412886,0.06274587640532724,0.0065581628112674276,0.10039270363381969,0.04115092701359237,0.0004959129474703377,0.010132665347474382,0.056802103756042395,0.02159494939173487,0.3521383249141568,0.12722787886446046,0.9383671961838433,False
GUT_GENOME172369_7,GUT_GENOME172369_00509,51424,0.07381171098893823,0.05881632210830391,0.06891903266792529,0.0067557692026992315,0.05429422483536019,0.042112499648198826,3.624725049306949e-05,0.014995388880634314,0.22908143021369362,0.026806533019726464,0.4743156057447617,0.2774535955217716,0.8704658091838007,False
GUT_GENOME172369_7,GUT_GENOME172369_00509,51432,0.08006666586409009,0.06417607679004958,0.07495562428672584,0.00717486847448007,0.05224258441672692,0.04411927437399796,8.623999793193075e-06,0.015890589074040506,0.26079709023694786,0.03083634991272788,0.5687882469564866,0.39153519215189186,0.8222032957479575,False
GUT_GENOME172369_7,GUT_GENOME172369_00509,51435,0.09064827984400813,0.071465345616465,0.08432941514280257,0.008114292649587388,0.038553235998961544,0.052141714613604964,3.642345702522979e-05,0.019182934227543122,0.37744016106827655,0.0321877005291976,0.6004685106832839,0.5030235075094476,0.7776243175505568,False
GUT_GENOME172369_7,GUT_GENOME172369_00509,51436,0.09417024604500596,0.07470356015222093,0.08823733808080811,0.007707544815367421,0.01991672609717028,0.05411812204255972,4.7836291184587244e-06,0.019466685892785024,0.3874930759493628,0.03411921603824839,0.6457498166399744,0.5671437095992593,0.7530890071361653,False
GUT_GENOME172369_7,GUT_GENOME172369_00509,51468,0.0910534252043876,0.0709375902267993,0.08585692664194758,0.008034823838419795,0.018197538069411233,0.05494616091557107,5.9762250369545085e-05,0.0201158349775883,0.41049149778804706,0.030910765726376507,0.5705328072305563,0.49401095388265337,0.781136415281346,False
GUT_GENOME172369_7,GUT_GENOME172369_00509,51606,0.08711799699784248,0.07225895912347269,0.08365630608595076,0.007949082018418449,0.05400109394291217,0.05451531284862107,0.00012320764352311464,0.01485903787436979,0.2242507094538378,0.029140993237329688,0.5290433088678717,0.3301752033484158,0.8478194304331832,False
GUT_GENOME172369_7,GUT_GENOME172369_00509,51609,0.08595279949568858,0.0702302132938461,0.0822562292479759,0.007874575303190898,0.041477582432170534,0.05363254789413531,0.00013901769763567266,0.015722586201842484,0.25484498922444837,0.028623681353840594,0.5169157553682815,0.33214786668077023,0.8469836115468246,False
GUT_GENOME172369_7,GUT_GENOME172369_00509,51612,0.09763949626234215,0.08727815152158887,0.09507445875639996,0.008774914644772265,0.14452337976890883,0.05348055005608915,1.0681024008943143e-06,0.010361344740753287,0.0649038869604914,0.04159390870031081,0.8209820856935172,0.6782240995722577,0.7124026200556473,False
GUT_GENOME172369_7,GUT_GENOME172369_00509,51648,0.09442322937340888,0.085086312989691,0.0926235344457527,0.008085005399636948,0.13435997226040375,0.05320834403357708,5.437733621410976e-07,0.009336916383717891,0.028609858284859613,0.03941519041217562,0.7699055041510946,0.5935730093132309,0.7432026657337844,False
GUT_GENOME172369_7,GUT_GENOME172369_00509,51702,0.07667558990786517,0.115050803947771,0.07643096450285253,0.007737130028266866,0.9999994279158746,0.0536963655755805,0.0016496818600565332,-0.03837521403990582,-1.6617625507548213,0.022734598927272025,0.37885559384637396,2.9049863360798587,0.23398619337410445,False
GUT_GENOME172369_7,GUT_GENOME172369_00509,51703,0.0713524324509406,0.07674476184730922,0.07275495947718931,0.007543280148265298,0.7529602707969766,0.05362687899210551,0.005609898907281721,-0.00539232939636862,-0.4932262125751136,0.019128080485083798,0.29430651088331394,0.32988841911950134,0.8479410097705418,False
GUT_GENOME172369_7,GUT_GENOME172369_00509,51704,0.06806723090256683,0.07513444441056227,0.06950440617094308,0.007618109191801238,0.8158595088471103,0.0536266967288309,0.01857071329515292,-0.00706721350799544,-0.5525649565275553,0.015877709442112184,0.2181067366749801,0.35289857976530825,0.8382412853913734,False
GUT_GENOME172369_7,GUT_GENOME172369_00509,51789,0.07556801127570173,0.07643588678368336,0.0742068297950585,0.009571130484857783,0.5289641602308387,0.054224147457254894,0.018407580975978187,-0.000867875507981633,-0.3329312948886273,0.0199826823378036,0.31434129071439965,0.20965369416421284,0.9004804299019163,False
GUT_GENOME172369_7,GUT_GENOME172369_00509,51796,0.08038909619156341,0.0823027988462132,0.08030507177710808,0.011076243063851647,0.5606643527627551,0.06230270528793378,0.052047896748186356,-0.001913702654649782,-0.3699834520163087,0.018002366489174297,0.2679159384909871,0.2086667048634106,0.900924921845041,False
GUT_GENOME172369_7,GUT_GENOME172369_00509,51797,0.09278708446983835,0.08296518822193921,0.08915588975268858,0.012404101311749299,0.2485310174953434,0.06349893950718047,0.01930004959298078,0.009821896247899142,0.04579199989272821,0.02565695024550811,0.44736546784630715,0.2022327690755209,0.9038278351794772,False
GUT_GENOME172369_7,GUT_GENOME172369_00509,51801,0.11537539799990947,0.10019686304407625,0.11009830858063197,0.01434966645303334,0.17539693366919534,0.06737895449628024,0.0014552887017989424,0.015178534955833212,0.23557003320818154,0.04271935408435172,0.8473663609082401,0.7735229901445776,0.6792530808155901,False
GUT_GENOME172369_7,GUT_GENOME172369_00509,51818,0.12868179047195663,0.1039322529282706,0.12336443324235696,0.015754523407361613,0.08119040178216619,0.06759639894889821,0.00020020688504674062,0.02474953754368603,0.5746569395715849,0.05576803429345875,1.153271893693715,1.6602666589816677,0.4359911519678098,False
GUT_GENOME172369_7,GUT_GENOME172369_00509,51828,0.16224585490978485,0.11399904914135624,0.15736493956393635,0.021366591280007893,0.024557857820720817,0.07285688853114626,3.824349196171685e-05,0.048246805768428616,1.4071314809985493,0.08450805103279009,1.827035829357693,5.318078926573924,0.07001544185817798,False
GUT_GENOME172369_7,GUT_GENOME172369_00509,51835,0.1805251720281998,0.11192386154066615,0.17422971595550754,0.02343888252435709,0.003314836311050287,0.07377601624950558,9.105295932684806e-06,0.06860131048753364,2.128262415026331,0.10045369970600196,2.200856175539867,9.373268812625682,0.009217656897409152,True
GUT_GENOME172369_7,GUT_GENOME172369_00509,51837,0.1995325943412279,0.1234180167402704,0.19485348591900797,0.02566679828205905,0.0031509064051020354,0.07608190376133576,1.8510626187844557e-06,0.07611457760095748,2.3944467022823157,0.11877158215767221,2.6302897658403652,12.651799262355219,0.001789355765993911,True
GUT_GENOME172369_7,GUT_GENOME172369_00509,51841,0.2806043675423863,0.3891174324736144,0.3056267238029381,0.03693583110183947,0.9974583104293114,0.08568434725114135,1.3026208860037116e-09,-0.10851306493122809,-4.14664609972601,0.21994237655179674,5.002077967061239,42.21545786493243,6.808160712928069e-10,False
GUT_GENOME172369_7,GUT_GENOME172369_00509,51846,0.29008703035759265,0.37828718025912544,0.31039994707743074,0.03667827555094238,0.9894276545717333,0.08547598638559455,4.329563289700017e-10,-0.0882001499015328,-3.426988628795654,0.22492396069183618,5.1188632760774615,37.94701230106919,5.753219932940714e-09,False
GUT_GENOME172369_7,GUT_GENOME172369_00509,51862,0.24862057238480748,0.2836663240401507,0.25991769068804266,0.03025631039575222,0.8632507005890919,0.0764895086876201,6.702054407598113e-10,-0.03504575165534321,-1.5438044696163296,0.18342818200042255,4.146060809810743,19.57315247905587,5.620098696702845e-05,False
GUT_GENOME172369_7,GUT_GENOME172369_00509,51883,0.19967184520564554,0.22323645621479118,0.20815411014481652,0.02384566719575296,0.8194744746453335,0.0656793741878397,1.1513762598993922e-09,-0.023564611009145642,-1.137044109089079,0.14247473595697682,3.1859724690314284,11.443289879440393,0.0032743204103422266,False
GUT_GENOME172369_7,GUT_GENOME172369_00509,51889,0.3778114758035038,0.4654067917284008,0.39882854669243956,0.039047143969933425,0.9790487180242251,0.05232619045994453,3.529851443374862e-19,-0.087595315924897,-3.4055602277354344,0.34650235623249503,7.9690751953726755,75.10399993423748,4.9133039304965506e-17,False
GUT_GENOME172369_7,GUT_GENOME172369_00509,51892,0.34934978508171033,0.41976421029682914,0.3670190132565563,0.03733112815032088,0.956801017982905,0.0378182646269681,5.80544137360636e-19,-0.07041442521511881,-2.7968658902435246,0.3292007486295882,7.563466550897004,65.02848507454553,7.572580221359509e-15,False
GUT_GENOME172369_7,GUT_GENOME172369_00509,51895,0.4620726722838106,0.5237815961923474,0.47733300476426455,0.04582150759679816,0.887330283082584,0.03491276727586158,2.3340368373982754e-22,-0.06170892390853683,-2.4884424540052015,0.442420237488403,10.217717211196158,110.59409085486962,9.656023305953508e-25,False
GUT_GENOME172369_7,GUT_GENOME172369_00509,51924,0.4755238958096884,0.5259259641179079,0.4873882510605584,0.04446676606231685,0.8479627422763784,0.03421242505700036,1.083804686463675e-24,-0.05040206830821953,-2.0878567629016063,0.45317582600355805,10.469864860032976,113.9772160497473,1.7789428795286973e-25,False
GUT_GENOME172369_7,GUT_GENOME172369_00509,51925,0.48424874017652425,0.48379657546715643,0.48303126126667106,0.042078140655519965,0.4962255130599981,0.03361842934929658,6.2840900889342486e-27,0.0004521647093678194,-0.2861641616162584,0.44941283191737447,10.381647454720277,107.86049380149353,3.787837709595883e-24,False
GUT_GENOME172369_7,GUT_GENOME172369_00509,51928,0.479753132633668,0.4683744362866764,0.47586218649008827,0.03805556636121248,0.39257610401939214,0.03287644973789741,1.2825701445452325e-31,0.011378696346991568,0.10094719649642267,0.4429857367521909,10.230974441108046,104.68302835108658,1.8551080889169635e-23,False
GUT_GENOME172369_7,GUT_GENOME172369_00509,51929,0.4215178443548498,0.4156496227458278,0.41892301402301985,0.031387187914264196,0.4353681263330021,0.03290314407916088,4.6053351078190966e-35,0.005868221609022006,-0.09428102691491123,0.38601986994385895,8.895500388764656,79.13881607854827,6.534681671843578e-18,False
GUT_GENOME172369_7,GUT_GENOME172369_00509,51932,0.08292963768313033,0.08415386833422028,0.08302121201246151,0.00873035456790447,0.5478481108258872,0.0322889929143858,3.104764727099586e-09,-0.0012242306510899525,-0.34555644694914894,0.050732219098075716,1.0352152239258643,1.1910798178759974,0.5512648526848885,False
GUT_GENOME172369_7,GUT_GENOME172369_00509,52056,0.0898537142973012,0.10470584029974532,0.09324691039182205,0.01095960505882257,0.8745254576675858,0.03212822917945984,1.2254585895018379e-08,-0.014852126002444122,-0.8283732503632193,0.06111868121236221,1.2787092919780072,2.3212996953082214,0.3132825288019429,False
GUT_GENOME172369_7,GUT_GENOME172369_00509,52229,0.08717463152982836,0.1025674911402,0.09069066107657857,0.013161019539598456,0.8389248684169748,0.03139779137003866,3.315707462095872e-06,-0.015392859610371637,-0.8475306672164516,0.05929286970653991,1.2359060480863675,2.2457719915688266,0.32533950999259154,False
GUT_GENOME172369_7,GUT_GENOME172369_00509,52541,0.05990286693854797,0.03177976619921216,0.05195219170876591,0.008883824836052129,0.0094813258978545,0.03079843673355699,0.008629247808028892,0.028123100739335806,0.6941774492500754,0.021153754975208917,0.34179522424140424,0.5987063063615728,0.7412975716079786,False
GUT_GENOME172369_7,GUT_GENOME172369_00509,52664,0.0337141506813427,0.024204025053403213,0.03072737104617155,0.003346749210413841,0.013800708596362067,0.026849789447336476,0.12330732151142232,0.00951012562793949,0.03474641359738109,0.0038775815988350733,-0.06321715528686514,0.005203721980443891,0.9974015209163648,False
GUT_GENOME172369_7,GUT_GENOME172369_00509,52681,0.031831450466214446,0.024509233573320934,0.029405972188044693,0.0033295462724079253,0.05636160962335125,0.02478350567076801,0.08252023120901941,0.007322216892893512,-0.04276805759436118,0.004622466517276682,-0.04575451430032978,0.003922582329253677,0.9980406309101013,False
GUT_GENOME172369_7,GUT_GENOME172369_00509,52698,0.03231166572170583,0.02451423723535711,0.02918157647003157,0.003406256097254804,0.050725288995513595,0.02480322954196622,0.09932907294011967,0.00779742848634872,-0.025931991820305204,0.0043783469280653485,-0.05147750940821392,0.0033224021746411283,0.9983401779434842,False
GUT_GENOME172369_7,GUT_GENOME172369_00509,52701,0.028682737738628485,0.022969044797556227,0.025811619947028644,0.002950567023174004,0.10825283902619837,0.02251772471815602,0.1321340176443433,0.005713692941072258,-0.09975575617953816,0.003293895228872624,-0.0769007529474443,0.01586493669483533,0.9920989106538276,False
GUT_GENOME172369_7,GUT_GENOME172369_00509,52705,0.02772810376295739,0.019973927343471393,0.022453735222291042,0.0024776074779335163,0.05763872808708944,0.019788709565473607,0.1410430665367028,0.007754176419485996,-0.02746435056868942,0.002665025656817435,-0.09164359884521199,0.009152839761462011,0.9954340359725254,False
GUT_GENOME172369_7,GUT_GENOME172369_00509,52777,0.0256169405570209,0.019316170403856914,0.02116810626577903,0.0021638819787045357,0.07784029137180878,0.01837807412355768,0.09863573570484102,0.006300770153163986,-0.07895645184152779,0.0027900321422213506,-0.08871302081691182,0.014104121349865327,0.992972746756192,False
GUT_GENOME172369_7,GUT_GENOME172369_00509,52785,0.02447333470733197,0.01891089088296058,0.020330395976832134,0.002114578959385292,0.1164770105146703,0.01796548023360773,0.13170106136715876,0.005562443824371391,-0.10511429564304071,0.0023649157432244043,-0.09867919796640169,0.020786599259824866,0.9896605240786527,False
GUT_GENOME172369_7,GUT_GENOME172369_00510,53517,0.019987121785731678,0.015709272527228087,0.016446680809678305,0.0014474103258177269,0.13694525734251273,0.015659940583552964,0.29337550575067733,0.00427784925850359,-0.15062564027732034,0.0007867402261253417,-0.13567701036203697,0.041096334649732995,0.9796615076639488,False
GUT_GENOME172369_7,GUT_GENOME172369_00510,53519,0.01984470344549577,0.01518845974767024,0.015915329099959245,0.0013876611861138458,0.12280203474069196,0.01537601626215758,0.3487679855408031,0.004656243697825531,-0.13721966753444007,0.000539312837801665,-0.14147755155378502,0.038845134751916165,0.9807648354432781,False
GUT_GENOME172369_8,GUT_GENOME172369_00523,8978,0.015354281510832207,0.013000192439262738,0.013132220887869436,0.0005879324869128386,0.2676597913154003,0.01378795637891616,0.8676442990916158,0.0023540890715694693,-0.21878170693646826,-0.0006557354910467234,-0.16949355699513338,0.0765935011528972,0.9624272976555291,False
GUT_GENOME172369_8,GUT_GENOME172369_00523,9562,0.014835872450547955,0.013100391080734483,0.013273522850950114,0.0005855591066339191,0.3092738497663936,0.013695578060972385,0.7644754134484544,0.001735481369813472,-0.24069809133983663,-0.00042205521002227145,-0.1640152948473375,0.0848365881184994,0.9584687749146662,False
GUT_GENOME172369_8,GUT_GENOME172369_00525,10990,0.016169453392224156,0.014576313614287763,0.014561728977976461,0.0006142274946446702,0.34259603720990484,0.013658316984313003,0.07067124214188943,0.0015931397779363927,-0.2457410499633876,0.0009034119936634586,-0.13294182652445152,0.07806219287676552,0.9617208025896963,False
GUT_GENOME172369_8,GUT_GENOME172369_00525,11077,0.016220109811717547,0.013622698797986162,0.014129939092366576,0.0007927217080223758,0.24003779827579802,0.013626661464901296,0.262755616253299,0.002597411013731385,-0.2101611592079853,0.0005032776274652793,-0.1423223396887027,0.06442336121411063,0.9683015897151854,False
GUT_GENOME172369_8,GUT_GENOME172369_00525,11200,0.0149884190669902,0.013457040195794306,0.013715337446257672,0.0008099209060760142,0.3241206019461301,0.013542501041428713,0.41550783524576806,0.0015313788711958931,-0.24792915038532395,0.00017283640482895941,-0.15006900806013676,0.08398957079094196,0.958874780712222,False
GUT_GENOME172369_8,GUT_GENOME172369_00530,14380,0.013186838444660974,0.013314657193804614,0.013460668774617717,0.0007921609892258508,0.5180343400316847,0.013427359689457737,0.48323006583881495,-0.0001278187491436395,-0.3067121444303262,3.3309085159980226e-05,-0.15334000392925762,0.11758549634607401,0.9429021671048894,False
GUT_GENOME172369_8,GUT_GENOME172369_00532,15521,0.013357215141474206,0.012850795810621648,0.013264520529569808,0.0008822555625388479,0.42939612914542,0.01342607766840151,0.5726474014095363,0.0005064193308525582,-0.28424199812436607,-0.00016155713883170102,-0.15790833230552245,0.10572855490924343,0.9485087377668422,False
GUT_GENOME172369_8,GUT_GENOME172369_00532,15532,0.012835406366079372,0.012312902885570222,0.012597868084342866,0.0007825567874576438,0.42221523602067956,0.013546052536414646,0.8871766895498796,0.0005225034805091504,-0.2836721597507497,-0.0009481844520717805,-0.17634955728031862,0.11156906057061924,0.945742892889178,False
GUT_GENOME172369_8,GUT_GENOME172369_00534,18345,0.012334889925761844,0.012951649656550598,0.012913612332241397,0.0006528380525583668,0.595748370923183,0.01374102916157952,0.8974965548029117,-0.0006167597307887539,-0.32403462275362604,-0.0008274168293381234,-0.17351835263865756,0.13510705544551826,0.9346776881088181,False
GUT_GENOME172369_8,GUT_GENOME172369_00534,18356,0.01343595294180523,0.0132799177056082,0.013301901502058344,0.0007364351779082557,0.4787939748049853,0.01389207628124263,0.7885482243796873,0.0001560352361970295,-0.29665560449476613,-0.0005901747791842854,-0.16795659048429218,0.11621396396526333,0.9435489992944239,False
GUT_GENOME172369_8,GUT_GENOME172369_00534,18451,0.013652362198688634,0.013341303247579333,0.013401592282383468,0.0007569084077317948,0.4597104636325285,0.01408348089564932,0.8161756816317932,0.0003110589511093019,-0.2911633364256633,-0.0006818886132658516,-0.17010667530734877,0.11371236946264375,0.9447299261853094,False
GUT_GENOME172369_8,GUT_GENOME172369_00534,18474,0.01523068659259408,0.013619086265710468,0.013814614995564483,0.000783508712915904,0.3119740895842762,0.014341192567029724,0.7492324117066338,0.0016116003268836117,-0.24508701916830378,-0.0005265775714652417,-0.16646565520201095,0.0877784613266393,0.9570599644992052,False
GUT_GENOME172369_8,GUT_GENOME172369_00534,18479,0.017676543936070446,0.014137529191108498,0.014420597336452035,0.0007382444601855424,0.1580515721096991,0.014605490788967319,0.5988803832952228,0.003539014744961948,-0.17680148833625917,-0.00018489345251528413,-0.15845541502624413,0.05636688482905566,0.9722100058913602,False
GUT_GENOME172369_8,GUT_GENOME172369_00534,18517,0.01990439118772438,0.014403423614810286,0.014841477565023067,0.0008112765888743977,0.0780614848086434,0.014804568380087799,0.4818563032072698,0.005500967572914095,-0.10729231113620646,3.690918493526839e-05,-0.15325560532172092,0.03499892059147563,0.9826527660068161,False
GUT_GENOME172369_8,GUT_GENOME172369_00534,18518,0.02051233441486812,0.013875093579295374,0.014468563021375709,0.0008475344365214192,0.04187502706784928,0.014840031580218136,0.6694131135009027,0.0066372408355727455,-0.06703577772899832,-0.000371468558842427,-0.1628293713490972,0.031007199669673864,0.9846159622905112,False
GUT_GENOME172369_8,GUT_GENOME172369_00535,18814,0.02276738865187165,0.01420800111928842,0.014952200658774844,0.0009528749500534791,0.03163118518996437,0.015913447794650412,0.8434614186690041,0.00855938753258323,0.001063125294299245,-0.0009612471358755679,-0.17665579110508633,0.03120839876635528,0.984516915351538,False
GUT_GENOME172369_8,GUT_GENOME172369_00535,18819,0.023536847104815607,0.014691116712494741,0.015464588286983183,0.0010227844348995596,0.03280617136440978,0.016288094808016507,0.7896367185983363,0.008845730392320866,0.011207842483166697,-0.000823506521033324,-0.1734266816860274,0.03020242965375415,0.9850122367144316,False
GUT_GENOME172369_8,GUT_GENOME172369_00536,19259,0.023685435478974278,0.014661358264394648,0.015700186721491722,0.001135357681032671,0.02639283297580969,0.01657839600731755,0.7803893720615871,0.00902407721457963,0.01752641482335401,-0.0008782092858258296,-0.17470910091467942,0.03083044515897592,0.9847029837921353,False
GUT_GENOME172369_8,GUT_GENOME172369_00536,19342,0.02182440116505085,0.014251756406804027,0.015492003467388696,0.0012583709004869823,0.03349038505460619,0.016256451864030106,0.7282372850162789,0.007572644758246825,-0.03389575719005253,-0.0007644483966414099,-0.17204215798570632,0.030747426479865732,0.9847438590109963,False
GUT_GENOME172369_8,GUT_GENOME172369_00536,19462,0.02131238935703063,0.014436881934636315,0.015335012575257791,0.0010723110677459313,0.04554647815427052,0.016013383200022123,0.7365106712060454,0.006875507422394313,-0.058594333995858755,-0.0006783706247643316,-0.17002420166789675,0.03234152512922387,0.9839592822978953,False
GUT_GENOME172369_8,GUT_GENOME172369_00537,20193,0.019736715814037898,0.014111248117219576,0.0148514475747196,0.0009375573176745489,0.06748913519336965,0.01586060607783997,0.8591190771707615,0.005625467696818322,-0.10288145015596557,-0.0010091585031203696,-0.17777899683077134,0.04218996450034983,0.9791259605657255,False
GUT_GENOME172369_8,GUT_GENOME172369_00537,20194,0.023081154257876855,0.013889967509449777,0.014669242604094915,0.0009055487417049727,0.02048505396645514,0.01582069057962846,0.8982329781995575,0.009191186748427078,0.02344686613825369,-0.0011514479755335462,-0.1811147469733749,0.0333523071029348,0.9834621237854868,False
GUT_GENOME172369_8,GUT_GENOME172369_00537,20210,0.023334644902830024,0.013200589387604532,0.01400409416695599,0.0008016260861886321,0.012712844419158091,0.015708527510929136,0.9832575234297066,0.010134055515225492,0.05685135540734259,-0.001704433343973145,-0.19407860853211134,0.0408985829014125,0.9797583773408582,False
GUT_GENOME172369_8,GUT_GENOME172369_00537,20211,0.02418829160802275,0.012872733194258358,0.013622961201137535,0.0007579362812377088,0.00878534467269042,0.01565875423152101,0.9963840054437538,0.011315558413764392,0.09871030999935348,-0.0020357930303834763,-0.20184680882444705,0.05048585953278134,0.9750730089958094,False
GUT_GENOME172369_8,GUT_GENOME172369_00539,22938,0.024462909377311617,0.012929126792630022,0.013648129962002936,0.0007611108355949078,0.009946625017829535,0.01565954848187632,0.9958880995585084,0.011533782584681596,0.10644167965794574,-0.002011418519873383,-0.2012753872320341,0.05184161267381001,0.9744122538289958,False
GUT_GENOME172369_8,GUT_GENOME172369_00539,23444,0.025552218706672243,0.013035284818247436,0.013805607085014344,0.00076469543804079,0.0054854467447969174,0.015631980255954494,0.9915382783594251,0.012516933888424807,0.14127332148578708,-0.0018263731709401501,-0.19693729363576465,0.058742448988205936,0.971055917807036,False
GUT_GENOME172369_8,GUT_GENOME172369_00539,24210,0.025714806920299968,0.01291737358709483,0.013545011052908028,0.0007091517475989773,0.006272163422954854,0.015442477745339035,0.9962711649050928,0.012797433333205138,0.15121101485637814,-0.001897466692431007,-0.19860396805959474,0.06230830714291234,0.9693261364723857,False
GUT_GENOME172369_8,GUT_GENOME172369_00540,24670,0.025520779966072063,0.012778269336730543,0.013365944449852531,0.0007068965278509017,0.0071623674522189535,0.015245488625932994,0.9960798100118704,0.01274251062934152,0.1492651821631696,-0.001879544176080463,-0.19818380319807535,0.061556914456257675,0.9696903771750157,False
GUT_GENOME172369_8,GUT_GENOME172369_00540,24671,0.024368212856430635,0.01278814984596604,0.013296564827614661,0.0007087674038969823,0.013124500931298844,0.015271075167018582,0.9973305130617395,0.011580063010464594,0.1080813288232124,-0.0019745103394039204,-0.20041013370219635,0.05184579533072358,0.9744102160150515,False
GUT_GENOME172369_8,GUT_GENOME172369_00540,24673,0.02467794926826255,0.01285130650091571,0.013338559880294039,0.0006806850039230699,0.014332139681501481,0.015435426069181331,0.9989668149570169,0.011826642767346839,0.11681729625876172,-0.0020968661888872923,-0.20327857179139924,0.05496845845475836,0.9728900256598471,False
GUT_GENOME172369_8,GUT_GENOME172369_00540,24674,0.024791815080067673,0.012898035876881726,0.013377188852710279,0.0006675152000167216,0.015341618857649673,0.01550064121822038,0.9992664900877676,0.011893779203185947,0.11919584397348505,-0.002123452365510101,-0.2039018423746459,0.05578361054432633,0.9724935797875872,False
GUT_GENOME172369_8,GUT_GENOME172369_00540,25773,0.026247227242021998,0.012996120543111226,0.013516407636786505,0.000681296851339865,0.012468043485866005,0.015753129707017265,0.9994865221971906,0.013251106698910772,0.1672840120857215,-0.0022367220702307605,-0.20655727026587764,0.07064984659918663,0.9652917195260593,False
GUT_GENOME172369_8,GUT_GENOME172369_00540,26215,0.0261817657540109,0.01282581084398808,0.013472671969692476,0.000747167855390734,0.011995599685729585,0.015813423938409014,0.9991343598474517,0.01335595491002282,0.17099863395708573,-0.002340751968716538,-0.2089960856105667,0.07291989661572872,0.9641967108328025,False
GUT_GENOME172369_8,GUT_GENOME172369_00540,26390,0.022067641379175818,0.012882189359721128,0.013328159717803763,0.0007314875612400736,0.04437664680717324,0.01600154958833201,0.9998712738432367,0.00918545201945469,0.023243692908675045,-0.002673389870528245,-0.21679425162794935,0.04754001679895541,0.9765102730937142,False
GUT_GENOME172369_8,GUT_GENOME172369_00542,27852,0.02091943007652764,0.01280457703092331,0.013250313748247184,0.0007169380523147494,0.05103417160416212,0.016073595295641573,0.9999589133074517,0.008114853045604331,-0.014686094557843083,-0.002823281547394389,-0.2203082233505336,0.048751394649230506,0.9759189907206872,False
GUT_GENOME172369_8,GUT_GENOME172369_00542,28118,0.021788997273040286,0.012844154294099129,0.013342358561866035,0.0007036439310216981,0.025759092637590412,0.01607006138759304,0.9999470234857981,0.008944842978941157,0.014719259397984278,-0.002727702825727006,-0.21806753239128931,0.04777010528045116,0.9763979376726591,False
GUT_GENOME172369_8,GUT_GENOME172369_00542,28119,0.02184089807837509,0.012414971488146173,0.013328729130534175,0.001000159504188601,0.015332553281272202,0.016459094623337337,0.9991255704936769,0.009425926590228915,0.03176336234919839,-0.0031303654928031624,-0.22750731754433362,0.052768490723944725,0.9739607777879562,False
GUT_GENOME172369_8,GUT_GENOME172369_00543,28819,0.023541543310135835,0.01268414907443996,0.014010349578933544,0.001171646898895488,0.009365717543613912,0.016843013805670094,0.9921900409634351,0.010857394235695875,0.08247820972336367,-0.00283266422673655,-0.22052818532960913,0.05543533560394159,0.9726629421050845,False
GUT_GENOME172369_8,GUT_GENOME172369_00543,29285,0.024036426406045457,0.013177223736536766,0.015033506007778854,0.0013948237914779469,0.0071502664712746215,0.016843065484700447,0.9027427359445728,0.010859202669508692,0.08254227994185145,-0.001809559476921593,-0.1965431233484701,0.045442427313570906,0.9775349691883304,False
GUT_GENOME172369_8,GUT_GENOME172369_00543,29458,0.023855525679016557,0.013488994046883031,0.015701944158923353,0.0015256906271271598,0.0061291061368558865,0.016923640961173457,0.7883618110753132,0.010366531632133526,0.06508765108923593,-0.0012216968022501044,-0.18276161887305448,0.03763821165741374,0.9813568679248165,False
GUT_GENOME172369_8,GUT_GENOME172369_00543,29554,0.02370193859331001,0.013619664370534915,0.016150742704699086,0.001529686376143763,0.004407302775581283,0.01722010554645749,0.7577468757274758,0.010082274222775096,0.055016818418836495,-0.0010693628417584033,-0.1791903916992126,0.035136046786248466,0.982585394599146,False
GUT_GENOME172369_8,GUT_GENOME172369_00543,29977,0.02246380458354859,0.013658974967466325,0.016437424351375303,0.0015085158932690217,0.008874815996839508,0.017221784493720464,0.6984524749061423,0.008804829616082263,0.009758786592176593,-0.0007843601423451613,-0.17250895716237277,0.02985457421700101,0.9851835725449295,False
GUT_GENOME172369_8,GUT_GENOME172369_00544,30383,0.02639814682126173,0.014553499191423637,0.01817984604763403,0.0016155126336783248,0.0013943709333656847,0.01783004158602302,0.41428792197220865,0.011844647629838093,0.11745518273571308,0.000349804461611012,-0.14592027371854863,0.035088446233575904,0.9826087806813579,False
GUT_GENOME172369_8,GUT_GENOME172369_00544,30428,0.03146383615231088,0.015599216021625777,0.022235266214075892,0.0021742448839367234,0.00013531920363849743,0.019931505958700028,0.14467059404857618,0.015864620130685105,0.2598770477875721,0.0023037602553758647,-0.10011289101376494,0.07755867091391801,0.9619629568440292,False
GUT_GENOME172369_8,GUT_GENOME172369_00544,30455,0.035280360437041865,0.015817016078097084,0.025674848894777898,0.002560173195798254,3.250931769331741e-06,0.02057292604291546,0.023141468209041918,0.01946334435894478,0.387374690193848,0.0051019228518624365,-0.0345144238752106,0.1512503960582174,0.9271636442063449,False
GUT_GENOME172369_8,GUT_GENOME172369_00544,30457,0.03226205632954834,0.016705563114161052,0.027232900929434044,0.0027019719369014462,6.709045598700762e-05,0.021000589195312985,0.010539150622768991,0.015556493215387285,0.24896055272693543,0.00623231173412106,-0.008014256215284076,0.062045585116785415,0.969453476499236,False
GUT_GENOME172369_8,GUT_GENOME172369_00544,30462,0.04476916559722772,0.020497622761762015,0.036290250458431754,0.004184748807268649,4.4792233867885704e-05,0.02328674379575606,0.0009438428363762766,0.024271542835465704,0.5577222720296269,0.013003506662675694,0.1507256285102348,0.33377234780769444,0.8462959364175626,False
GUT_GENOME172369_8,GUT_GENOME172369_00544,30552,0.06703348869915968,0.020746879231203344,0.05043453633604841,0.005854873560670629,7.708274614808106e-09,0.026176289893924877,1.7120385562244802e-05,0.04628660946795633,1.33768453504999,0.024258246442123536,0.41457508404298543,1.9612724156211563,0.37507239893833944,False
GUT_GENOME172369_8,GUT_GENOME172369_00544,30558,0.07771026692863213,0.02019681759361443,0.060902175959442285,0.006353732035990986,1.297010200095007e-13,0.027672696243620454,8.479390864677434e-08,0.0575134493350177,1.7354353833875211,0.03322947971582183,0.6248913651039695,3.402225188094895,0.18248038447820253,False
GUT_GENOME172369_8,GUT_GENOME172369_00544,30578,0.07133355171192823,0.042280433144897996,0.06154412588810249,0.005358156749819592,3.458511439983888e-05,0.0285317652463767,3.6111263563733755e-10,0.029053118567030238,0.7271266481622101,0.03301236064172579,0.6198013540856226,0.9128668809939818,0.6335391760429097,False
GUT_GENOME172369_8,GUT_GENOME172369_00544,30588,0.0813428658500385,0.050977165295229866,0.07123855304960773,0.006232665351418347,6.506692831147077e-05,0.030982464008543684,5.2737478316463756e-11,0.030365700554808632,0.7736295470485798,0.04025608904106405,0.7896190337162653,1.2220008944735992,0.5428075470267597,False
GUT_GENOME172369_8,GUT_GENOME172369_00544,30590,0.11765068818603011,0.06518823155532444,0.10183373122941898,0.00829902323254425,1.2719023614227356e-07,0.03829333350227076,9.563061839698696e-15,0.05246245663070567,1.5564859499871981,0.06354039772714823,1.335482580068397,4.206162234173693,0.1220797063197175,False
GUT_GENOME172369_8,GUT_GENOME172369_00544,30621,0.11789352161508135,0.06377688889856578,0.10165457820655281,0.008291301286117814,3.73394952286194e-08,0.03819949592287132,9.801056378269385e-15,0.05411663271651557,1.6150910382597148,0.06345508228368149,1.3334824953264697,4.386694627208952,0.11154275444919853,False
GUT_GENOME172369_8,GUT_GENOME172369_00544,30623,0.11874689668197799,0.07841979446160106,0.1077232630862634,0.009041014165030779,2.491900716576076e-05,0.0385820435897049,1.024565142624315e-14,0.04032710222037693,1.1265477332904024,0.06914121949655849,1.4667849294211044,3.420567824558618,0.18081444988645182,False
GUT_GENOME172369_8,GUT_GENOME172369_00544,30632,0.11126674808542449,0.08759044693302472,0.10426960123025764,0.008556342679285893,0.006611893938971795,0.0368687682816735,1.6727259714863271e-15,0.02367630115239977,0.5366337121847534,0.06740083294858414,1.425984337661702,2.3214070723096722,0.3132657095841714,False
GUT_GENOME172369_8,GUT_GENOME172369_00544,30634,0.2216701656939595,0.1447033714644456,0.20222593367794778,0.015725056896091234,3.349516154036797e-06,0.03502417394327817,1.0483308223915054e-26,0.07696679422951391,2.4246395161987397,0.1672017597346696,3.7656581737692143,20.059058265187353,4.407890949747267e-05,True
GUT_GENOME172369_8,GUT_GENOME172369_00544,30643,0.08667830825240048,0.07052044519858065,0.08360565511038483,0.007587270516461152,0.02229583579700918,0.03209539097460542,5.644204597812553e-12,0.016157863053819832,0.2702662243347517,0.05151026413577941,1.0534552511144937,1.1828117981168633,0.5535485040985924,False
GUT_GENOME172369_8,GUT_GENOME172369_00544,30644,0.13921777545618,0.09130991855801833,0.12218125011085516,0.010931564993247614,6.07452195968526e-05,0.02738406790723525,2.125281634410814e-18,0.04790785689816167,1.3951230082414674,0.0947971822036199,2.0682481284004424,6.2240185287566545,0.04451143019942701,True
GUT_GENOME172369_8,GUT_GENOME172369_00544,30653,0.12436302485412656,0.0802799283847729,0.11011221426462663,0.00931959093342139,4.461466941611469e-05,0.026778894740128546,1.9155237549416262e-19,0.04408309646935367,1.2596172271614705,0.08333331952449807,1.7994961194280137,4.824821842798432,0.08959901777452622,False
GUT_GENOME172369_8,GUT_GENOME172369_00544,30654,0.14616121045777622,0.07035146550525277,0.11881641271800267,0.011057697083164212,6.306196089345998e-11,0.02646732846970759,3.368196403487252e-17,0.07580974495252345,2.383646918375952,0.09234908424829508,2.0108563694383363,9.725315969993899,0.007729910575129936,True
GUT_GENOME172369_8,GUT_GENOME172369_00544,30659,0.07399569369418003,0.03964369614152621,0.06163619813018716,0.00710274648510476,2.8168150870909097e-05,0.026290520675242787,3.2398988767204297e-07,0.03435199755265382,0.9148583372863527,0.03534567745494438,0.6745022519133415,1.2919190651385186,0.524159352761461,False
GUT_GENOME172369_8,GUT_GENOME172369_00544,30916,0.06693133724775971,0.03202873239036173,0.053298854951348014,0.007246085958154175,0.00031234300218205356,0.02600458812492358,8.26899176949408e-05,0.034902604857397976,0.9343655650687112,0.027294266826424433,0.4857497483250434,1.108991827184015,0.5743617161695402,False
GUT_GENOME172369_8,GUT_GENOME172369_00544,31065,0.047228392498298494,0.03124838115000005,0.041898336628478465,0.005306584949266971,0.019952634519653463,0.0260250018540288,0.0013891788982619167,0.015980011348298444,0.2639651932710634,0.015873334774449663,0.2180041795565116,0.1172034455627376,0.943082302565341,False
GUT_GENOME172369_8,GUT_GENOME172369_00544,31307,0.04641338001975027,0.03125322800420726,0.043279171168851306,0.004378546442252499,0.00030126830463150783,0.02663763509388622,7.214431096272609e-05,0.015160152015543008,0.23491875197660192,0.016641536074965085,0.23601343599891056,0.11088916200225606,0.9460644521624612,False
GUT_GENOME172369_8,GUT_GENOME172369_00544,31316,0.05458763748106357,0.027957418691577602,0.04508814407731518,0.005078334311728998,2.5782466523646112e-06,0.026369302714118952,0.00011389427083202741,0.02663021878948597,0.6412867810788204,0.018718841363196227,0.284712551217546,0.4923099724072387,0.7818010471589941,False
GUT_GENOME172369_8,GUT_GENOME172369_00544,31829,0.05379697384115376,0.028227821133876604,0.04398758027587976,0.005294472165826075,4.015781216876411e-05,0.026405133359331274,0.0004486279879208464,0.025569152707277158,0.6036947303024514,0.017582446916548488,0.25807159266193586,0.43104827433401766,0.8061188125988834,False
GUT_GENOME172369_8,GUT_GENOME172369_00544,31905,0.04824847325874478,0.02543724521055697,0.03993334545770467,0.005298664438434698,0.00033674411973863165,0.02642230026261269,0.0053877472465633505,0.022811228048187814,0.5059854117592882,0.013511045195091977,0.16262406135401017,0.28246782224448935,0.8682861861457003,False
GUT_GENOME172369_8,GUT_GENOME172369_00544,31941,0.04512075014588454,0.02535461895267326,0.03788721585158558,0.00522075531836808,0.0015440407821946955,0.026479849499626517,0.014444311073283927,0.019766131193211283,0.3981019938359245,0.011407366351959065,0.1133066601298642,0.171323596725923,0.9179046155745767,False
GUT_GENOME172369_8,GUT_GENOME172369_00544,31952,0.04090530218644024,0.025142763698428758,0.03533152387727552,0.004882306317673861,0.005592352342793258,0.026614607604982063,0.03709745625244399,0.015762538488011485,0.2562604414714664,0.008716916272293457,0.05023334145979518,0.06819280245736724,0.9664783304479744,False
GUT_GENOME172369_8,GUT_GENOME172369_00544,31954,0.03426992658696092,0.02511635252146051,0.031203526981637406,0.004381501682124525,0.04648472506363073,0.026696636393855906,0.15182965687290595,0.009153574065500405,0.02211430268144092,0.0045068905877815,-0.048464007959675086,0.002837802450601835,0.9985821049391037,False
GUT_GENOME172369_8,GUT_GENOME172369_00544,32120,0.03351619706976874,0.02461285462201206,0.0297205818130957,0.004015864611548587,0.05180923348371319,0.027932062824403858,0.3280285902819275,0.008903342447756677,0.013248955048715443,0.001788518988691843,-0.11219190219897543,0.01276255772890735,0.9936390382561436,False
GUT_GENOME172369_8,GUT_GENOME172369_00544,32146,0.030549124021650373,0.024114682364982168,0.027785907688227755,0.0037494200696982388,0.1088469496448739,0.028225860557510647,0.5467042544145622,0.006434441656668205,-0.07422066202472039,-0.0004399528692828926,-0.1644348769739584,0.032547535436828604,0.9838579346404421,False
GUT_GENOME172369_8,GUT_GENOME172369_00544,32354,0.030208305811750977,0.024650102097807713,0.027922358999596185,0.0037912196198299076,0.14498581358851248,0.029141869543961748,0.626147540090332,0.005558203713943263,-0.10526451667939668,-0.001219510544365563,-0.18271036553767803,0.044463696146658904,0.9780134582273607,False
GUT_GENOME172369_8,GUT_GENOME172369_00544,32360,0.033580387771604284,0.023911532940849904,0.03029892051001298,0.004347072949916339,0.04074815559142032,0.03153926669814236,0.6123039699951911,0.00966885483075438,0.04036996179287949,-0.00124034618812938,-0.18319882403343074,0.035191542942390464,0.9825581301211753,False
GUT_GENOME172369_8,GUT_GENOME172369_00544,32503,0.04136714483458126,0.023280916789724347,0.03420605098384932,0.004769138413972543,0.0018091056574592805,0.03613814420844252,0.657306878239107,0.018086228044856913,0.33858543260454593,-0.001932093224593194,-0.19941573197746545,0.15440672933211586,0.9257015794704125,False
GUT_GENOME172369_8,GUT_GENOME172369_00544,32504,0.041864577690488076,0.02090367229752461,0.03517999227407109,0.0053497774969628615,0.0006465223539214222,0.038329554380325696,0.7219780175335228,0.020960905392963466,0.44043113161203984,-0.003149562106254604,-0.22795735158390198,0.24594413583420865,0.8842883622317002,False
GUT_GENOME172369_8,GUT_GENOME172369_00544,32509,0.04224310846213117,0.02236199355279054,0.035414622527283626,0.005451201265973892,0.002150046073333382,0.0396242144875379,0.7800114788560287,0.01988111490934063,0.4021757021257908,-0.004209591960254271,-0.25280806384443855,0.22565721252514653,0.8933037536650009,False
GUT_GENOME172369_8,GUT_GENOME172369_00544,32510,0.044643498738860345,0.01819926232463132,0.036610783705352555,0.005580728054239452,0.0001250296912327438,0.041921216362610175,0.8293415062885642,0.026444236414229026,0.6346976920377169,-0.00531043265725762,-0.27861552134452455,0.4804677690120857,0.7864439025111949,False
GUT_GENOME172369_8,GUT_GENOME172369_00544,32511,0.049367277458435735,0.0217498817583513,0.03996151000232338,0.005725572779942916,0.00011255751087896934,0.04301044858556552,0.7028144269387564,0.027617395700084434,0.6762610443888162,-0.003048938583242136,-0.22559839328891693,0.5082236352123932,0.7756050708951501,False
GUT_GENOME172369_8,GUT_GENOME172369_00544,32517,0.047783662265977654,0.0218522429991135,0.03924775835459196,0.005770499525690834,0.00027454801752413904,0.04384113785701658,0.7869870987249107,0.025931419266864153,0.6165293153777047,-0.004593379502424617,-0.2618053517450271,0.4486504389224386,0.7990552237983,False
GUT_GENOME172369_8,GUT_GENOME172369_00544,32531,0.04631673139295476,0.024973580064621293,0.03823171838307855,0.005711833576155877,0.0025480943614287054,0.04525399986612131,0.8905440931988523,0.021343151328333466,0.45397355734067785,-0.007022281483042757,-0.31874709164191845,0.30769169919473127,0.8574041800245844,False
GUT_GENOME172369_8,GUT_GENOME172369_00544,32532,0.050016179449855966,0.025945959464670102,0.04136100612942128,0.006281217029418292,0.002171530530284803,0.04898030212147788,0.8874405597591251,0.024070219985185864,0.5505896919414871,-0.007619295992056602,-0.332743146302916,0.4138670102837855,0.8130737134112853,False
GUT_GENOME172369_8,GUT_GENOME172369_00544,32673,0.051054775155444904,0.025916993427579357,0.04250328455619565,0.006322548136501725,0.0014116833624371874,0.0496600859731158,0.8711720410613117,0.025137781727865547,0.588411874660005,-0.0071568014169201555,-0.3219006973233814,0.44984859317818066,0.7985766714490123,False
GUT_GENOME172369_8,GUT_GENOME172369_00544,32690,0.06377602270511748,0.029006969013175135,0.05105913480968449,0.008267946034347396,0.0016131593047138983,0.05477781662557656,0.6735621912383638,0.034769053691942345,0.9296340386565198,-0.0037186818158920706,-0.24129945708464504,0.9224448738181763,0.6305124125664018,False
GUT_GENOME172369_8,GUT_GENOME172369_00544,32694,0.05745310812770856,0.02620070555782205,0.04927856697933829,0.008393996614701511,0.0015348051384661801,0.04951761638317715,0.5113597883477503,0.03125240256988651,0.8050441287916202,-0.00023904940383886325,-0.15972501508369527,0.6736081297453455,0.7140487334267467,False
GUT_GENOME172369_8,GUT_GENOME172369_00544,32695,0.05579801272276762,0.02653111479091366,0.04796961746676065,0.008222043545543282,0.002472141614126873,0.047312130566415124,0.468132005243484,0.02926689793185396,0.7347005447103533,0.0006574869003455261,-0.1387071488015838,0.5590245635263545,0.756152440872934,False
GUT_GENOME172369_8,GUT_GENOME172369_00544,32809,0.049410798635704536,0.030045483133586806,0.044706669409324946,0.007539499987085808,0.016902758707128287,0.042484033720835805,0.384073784513268,0.01936531550211773,0.38390166827261135,0.0022226356884891413,-0.10201472732654039,0.15778749549400253,0.924138110985098,False
GUT_GENOME172369_8,GUT_GENOME172369_00544,32816,0.017965946652965206,0.012942838381733905,0.016416184630944287,0.0025134525125009473,0.06180516585328053,0.015341530403559574,0.3344853886591762,0.005023108271231301,-0.12422218141857846,0.001074654227384713,-0.12892732498847895,0.032053405485075084,0.9841010415076897,False
GUT_GENOME172369_8,GUT_GENOME172369_00544,32817,0.01572959569076733,0.009210077826857618,0.013739628052379478,0.0021870295541285053,0.009968105929996992,0.015237281556306674,0.7532614211421718,0.006519517863909714,-0.07120653391704773,-0.0014976535039271967,-0.18923098439504313,0.04087873592759673,0.97976810000853,False
GUT_GENOME172369_8,GUT_GENOME172369_00544,32818,0.016584016290629656,0.01681093851744577,0.016243334157908178,0.0017392883821025049,0.5307561192468169,0.015141273462596173,0.2631620224437087,-0.00022692222681611543,-0.31022323862817586,0.0011020606953120043,-0.12828482398157903,0.11269545384893886,0.9452104036325485,False
GUT_GENOME172369_8,GUT_GENOME172369_00544,32873,0.018024064573575346,0.012643424529884765,0.01441549250818751,0.0014877716554070983,0.036912264351642944,0.014893905078051219,0.6261081754978352,0.0053806400436905814,-0.11155534306627168,-0.0004784125698637093,-0.16533650342264194,0.03978075393065886,0.980306131549745,False
GUT_GENOME172369_8,GUT_GENOME172369_00544,32876,0.01994798490896052,0.014251837807581706,0.01629263600624547,0.0016111373709719122,0.048660396885924516,0.014800714672495918,0.17722167921183113,0.005696147101378814,-0.1003773801365465,0.0014919213337495508,-0.11914516200794222,0.024271188072975555,0.9879377453128498,False
GUT_GENOME172369_8,GUT_GENOME172369_00544,32978,0.017628688085293377,0.014572423143701016,0.01551896514736665,0.0015759957731712338,0.18077477823451976,0.014712427778316738,0.3044082123087092,0.003056264941592361,-0.1939046220852657,0.0008065373690499117,-0.1352128978650701,0.05588153021509959,0.9724459678275527,False
GUT_GENOME172369_8,GUT_GENOME172369_00544,32979,0.014057178946399579,0.013126905099677164,0.013406503167465018,0.001134493657950544,0.35835568054290184,0.013764193117046826,0.6237277371563402,0.000930273846722415,-0.269225440014051,-0.0003576899495818086,-0.16250635379181422,0.09889065257346968,0.9517571928138426,False
GUT_GENOME172369_8,GUT_GENOME172369_00544,33060,0.0167186716733479,0.013863213359896646,0.014769164012920357,0.0013423979192717609,0.18296054575437481,0.013670204364336146,0.20649187694131094,0.0028554583134512528,-0.20101891316278075,0.0010989596485842107,-0.1283575230849563,0.056884257181650674,0.9719585411290093,False
GUT_GENOME172369_8,GUT_GENOME172369_00544,33159,0.0201984704075004,0.013227825451648443,0.014662911075437773,0.0016244761682694682,0.07114191985742241,0.013615616342390897,0.25956181616175855,0.006970644955851958,-0.05522374751831034,0.0010472947330468756,-0.12956872477436043,0.01983771672962005,0.9901301712709129,False
GUT_GENOME172369_8,GUT_GENOME172369_00546,39030,0.020555054987466573,0.013842679684880376,0.015384077595414082,0.0017036313375913068,0.0851639625744216,0.013625662432449146,0.15099926661940494,0.006712375302586197,-0.06437387123101146,0.001758415162964936,-0.11289763846504189,0.016889872068250152,0.9915906222719096,False
GUT_GENOME172369_8,GUT_GENOME172369_00546,39037,0.020440183965713392,0.01273480182458586,0.014828895485626919,0.0016654817571546527,0.06210734555287115,0.013605886260097122,0.23137454951515912,0.007705382141127532,-0.02919306192833375,0.0012230092255297968,-0.12544937825197403,0.016589781368558383,0.9917394169964314,False
GUT_GENOME172369_8,GUT_GENOME172369_00546,39461,0.01872338768348275,0.01326595182042602,0.014659495951595783,0.0015914528126631004,0.09630724366998794,0.013622707186536307,0.25737055437684186,0.00545743586305673,-0.10883457723516013,0.0010367887650594761,-0.1298150204673432,0.028696904740892766,0.9857539960946351,False
GUT_GENOME172369_8,GUT_GENOME172369_00547,39818,0.01917902471696801,0.013663498822324453,0.015109252714292143,0.001194218441147178,0.09454616689260531,0.01360337484780913,0.10365918857062056,0.005515525894643556,-0.10677653065952464,0.001505877866483013,-0.1188179733181092,0.025518938283107313,0.9873215877708549,False
GUT_GENOME172369_8,GUT_GENOME172369_00547,39821,0.016364613362748543,0.013552735096710402,0.014344022652194477,0.0010476709437338134,0.21164404726397645,0.013626312473245788,0.24665522168453152,0.0028118782660381415,-0.2025628917920664,0.0007177101789486891,-0.13729530991581426,0.05988172725604389,0.9705029238734756,False
GUT_GENOME172369_8,GUT_GENOME172369_00550,42212,0.014683339666428381,0.013982889281465774,0.014504216912981883,0.0009680160407354596,0.3924412335220492,0.013651819668917004,0.18927771768067486,0.000700450384962607,-0.277367755925319,0.000852397244064879,-0.13413778610854643,0.09492581768914947,0.9536458443028751,False
GUT_GENOME172369_8,GUT_GENOME172369_00550,42367,0.014163233799186837,0.014538039439630567,0.014882866850559468,0.001025397226219027,0.556480614924579,0.013683532124801681,0.12107507360710257,-0.0003748056404437299,-0.31546253605487284,0.001199334725757787,-0.12600438920711507,0.11539371775363008,0.9439360499042787,False
GUT_GENOME172369_8,GUT_GENOME172369_00550,42454,0.01397163176647393,0.014485091144378636,0.014860332631534795,0.0009837810673242998,0.5815215873467484,0.013724261090215385,0.12408592607958774,-0.0005134593779047066,-0.32037483928118654,0.00113607154131941,-0.1274874938453773,0.11889309873142123,0.942285898024144,False
GUT_GENOME172369_8,GUT_GENOME172369_00550,42455,0.013865536530558874,0.015573759863324332,0.015852408675037566,0.0011721782306054727,0.7414025791291696,0.01384884553505829,0.04370094328829266,-0.0017082233327654576,-0.36270361409547947,0.0020035631399792763,-0.10715053444240565,0.14303514870921566,0.9309799160799127,False
GUT_GENOME172369_8,GUT_GENOME172369_00550,42508,0.013677316327514143,0.016343847002801486,0.016353310842161763,0.0010280804302771878,0.8415540882946202,0.014475074415115136,0.033854749136162605,-0.0026665306752873437,-0.396655069978847,0.0018782364270466274,-0.11008861969528486,0.16945474872633703,0.9187627285351244,False
GUT_GENOME172369_8,GUT_GENOME172369_00550,42557,0.013050282818284147,0.016761295853389813,0.016635034566327544,0.0009429304001338861,0.9259525552377219,0.01472220053104529,0.021249231018112914,-0.0037110130351056658,-0.43365958323552944,0.0019128340352822532,-0.10927753385282274,0.20000221353696793,0.9048364165909764,False
GUT_GENOME172369_8,GUT_GENOME172369_00550,42562,0.013186386354930751,0.017521658802372837,0.017314712201079427,0.0010011427083717835,0.9474356053756141,0.015213809336216398,0.01793028438241761,-0.004335272447442086,-0.4557761996458152,0.0021009028648630284,-0.10486855956643513,0.21872935894912096,0.8964034579421029,False
GUT_GENOME172369_8,GUT_GENOME172369_00550,42634,0.013243732748253682,0.017987735272412656,0.017820846753731866,0.0009950875954058867,0.9591116574598917,0.016034188979425747,0.036288796328819255,-0.004744002524158974,-0.47025692055038437,0.0017866577743061197,-0.11223553540702165,0.23373838673363134,0.8897015644183598,False
GUT_GENOME172369_8,GUT_GENOME172369_00550,42635,0.012408459305891358,0.018184508971703855,0.01794186994866614,0.0009759296536598565,0.9865043164386078,0.015954271675284362,0.020844046801115044,-0.005776049665812497,-0.5068208718472564,0.001987598273381779,-0.10752480532222596,0.26842897989959574,0.8744024939410137,False
GUT_GENOME172369_8,GUT_GENOME172369_00550,42824,0.01276243807080625,0.018306192496366926,0.01805029190824549,0.0010047225769296625,0.9825211750945397,0.015899376923434447,0.016144888575974445,-0.005543754425560675,-0.4985909843660949,0.002150914984811042,-0.10369610503821775,0.2593458518912486,0.8783826801266017,False
GUT_GENOME172369_8,GUT_GENOME172369_00552,45716,0.012961340707569451,0.018327793544364358,0.018123527631099527,0.0010091474686558623,0.9786859272457797,0.015882942770099596,0.013200054121464577,-0.005366452836794907,-0.4923094431507364,0.0022405848609999314,-0.10159393755378318,0.2526899159630701,0.8813107791536715,False
GUT_GENOME172369_8,GUT_GENOME172369_00552,45906,0.013629208769549756,0.018286863902514352,0.018148398225779936,0.0010264946716708255,0.9488232000998871,0.01589994002402384,0.01424676332425236,-0.004657655132964596,-0.4671977562168785,0.0022484582017560963,-0.10140935961484839,0.22855760163157945,0.8920092283107495,False
GUT_GENOME172369_8,GUT_GENOME172369_00553,46642,0.015529082908456001,0.016431277926864062,0.017054219068540464,0.0014875015347008062,0.6142611796851626,0.015952976002312744,0.22954967579362862,-0.0009021950184080613,-0.3341471859628993,0.0011012430662277195,-0.12830399199371828,0.12811625624844852,0.9379504766442657,False
GUT_GENOME172369_8,GUT_GENOME172369_00553,46939,0.01701644455681449,0.018297901006452837,0.017427700939160108,0.0015315826591004507,0.6540255798891648,0.01594571783613395,0.16661821949143607,-0.0012814564496383476,-0.3475838749866858,0.0014819831030261597,-0.11937814800466104,0.1350656923717828,0.9346970188797786,False
GUT_GENOME172369_8,GUT_GENOME172369_00553,46963,0.01976338021815955,0.01846578880201872,0.018093437530078475,0.0015759815976437255,0.35213876551757495,0.015952818179846687,0.0871879235471058,0.0012975914161408308,-0.25621190489860834,0.002140619350231788,-0.10393746979931698,0.07644753784005746,0.962497539757057,False
GUT_GENOME172369_8,GUT_GENOME172369_00553,46964,0.021815503824640165,0.017596877025133136,0.018641024193953488,0.0014459816998282676,0.10953088973336222,0.01599227434965252,0.033490582430636046,0.00421862679950703,-0.1527238071333051,0.0026487498443009683,-0.09202515935704762,0.03179319121998099,0.9842290884020634,False
GUT_GENOME172369_8,GUT_GENOME172369_00554,47356,0.019505058741391957,0.017263089510529624,0.018020924896448073,0.0013746549783289646,0.22656563880211,0.016062066571248177,0.07708123109813558,0.0022419692308623326,-0.22275395222408234,0.0019588583251998956,-0.10819856765066972,0.061326253273105306,0.9698022185891053,False
GUT_GENOME172369_8,GUT_GENOME172369_00554,47825,0.0198077814160051,0.017371329990331277,0.018224523399484247,0.0014228475131300782,0.23003268730603593,0.016085349045770206,0.06636204043015294,0.0024364514256738218,-0.2158637267564715,0.0021391743537140413,-0.10397134544210619,0.057407189202234365,0.9717044402279132,False
GUT_GENOME172369_8,GUT_GENOME172369_00554,47829,0.02138397764724073,0.018179108315757368,0.019409468490116655,0.0014429055227597695,0.1897946640834528,0.01677391196569948,0.03388281900855108,0.003204869331483364,-0.1886397815027217,0.0026355565244171736,-0.09233445573672629,0.044110618881592054,0.9781861306271017,False
GUT_GENOME172369_8,GUT_GENOME172369_00554,47933,0.0230002537431382,0.020311813287651036,0.02138719396266202,0.0015104777899430499,0.24038125000826788,0.01751370953003504,0.005167568128416844,0.002688440455487162,-0.20693611653250538,0.0038734844326269793,-0.06331320682554281,0.04683111848408861,0.9768564576860315,False
GUT_GENOME172369_8,GUT_GENOME172369_00554,48142,0.028966637877536342,0.02127140944629101,0.023533352509953368,0.0016341534106123548,0.04537158378733657,0.02106097695981604,0.06514748982964506,0.007695228431245333,-0.029552793319111557,0.002472375550137327,-0.09615997387937264,0.010120108169443753,0.9949527264231744,False
GUT_GENOME172369_8,GUT_GENOME172369_00554,48143,0.03160300852269052,0.02254671100054204,0.025329118110391183,0.0019288543310292845,0.037094407224386165,0.023228885724298227,0.138110093744569,0.009056297522148479,0.018667934148556616,0.0021002323860929567,-0.10488427787373468,0.011349203510469636,0.9943414683857198,False
GUT_GENOME172369_8,GUT_GENOME172369_00554,48148,0.037209273962989266,0.022890225377607605,0.027472399038156348,0.0026490898882496295,0.0065146879163757564,0.02616275358356534,0.31052046451599075,0.01431904858538166,0.20511966275401275,0.0013096454545910088,-0.12341832979459842,0.05730616017760819,0.9717535266436015,False
GUT_GENOME172369_8,GUT_GENOME172369_00554,48149,0.040888375144994896,0.023602713485600328,0.029044773704999968,0.002860894295453571,0.002232568322258203,0.02740002722251579,0.2826772956523548,0.017285661659394568,0.310222512785729,0.0016447464824841766,-0.11556241970776254,0.10959268028780486,0.9466779286126888,False
GUT_GENOME172369_8,GUT_GENOME172369_00554,48150,0.04623147947298479,0.024539193199627805,0.03098301562206573,0.00312384647045614,0.0002975869393770983,0.029425760356096117,0.3090638269491621,0.021692286273356984,0.46634290812965734,0.0015572552659696148,-0.1176135119847621,0.23130864616421581,0.8907830932368216,False
GUT_GENOME172369_8,GUT_GENOME172369_00554,48152,0.04611764575200525,0.025128790894187854,0.033578115499442646,0.003654363060391096,0.0004830874811411373,0.028766732515708278,0.09398414032041785,0.020988854857817395,0.4414213411000051,0.004811382983734368,-0.04132566851688005,0.19656061125689409,0.9063948005781124,False
GUT_GENOME172369_8,GUT_GENOME172369_00554,48153,0.04054171362264622,0.02372668183656209,0.030845396588791887,0.0033146232988023913,0.0018277307924911262,0.02624111957984129,0.08240420881268945,0.01681503178608413,0.2935487707907602,0.004604277008950598,-0.046180938363639505,0.08830355990091253,0.9568087220709823,False
GUT_GENOME172369_8,GUT_GENOME172369_00555,48304,0.03294392321486513,0.019345874441455642,0.02740428738366559,0.002968498676665013,0.0018707663851651405,0.022078603051080736,0.036401269529209315,0.01359804877340949,0.17957567261440854,0.005325684332584853,-0.029268692208839896,0.03310407853853305,0.9835841930561655,False
GUT_GENOME172369_8,GUT_GENOME172369_00555,48318,0.06437757079138227,0.0288765170098943,0.04435745126732275,0.005145468722103961,1.5336989983131706e-05,0.020462016646471737,1.7088342065079646e-06,0.035501053781487976,0.955567752867065,0.023895434620851017,0.4060695385235406,1.0780022004361334,0.5833306503063653,False
GUT_GENOME172369_8,GUT_GENOME172369_00555,48319,0.06474038231724542,0.030374308339115086,0.04615485683586866,0.005583300231705529,3.51594735738129e-05,0.020270061161679325,1.775132907290142e-06,0.03436607397813034,0.915357044869354,0.025884795674189335,0.4527069411705457,1.0428220941759485,0.5936822430651804,False
GUT_GENOME172369_8,GUT_GENOME172369_00555,48432,0.04989950487565707,0.0272334845498152,0.03757824697997577,0.004573689818144234,0.00048210869375878,0.020073969454237967,6.481312628286512e-05,0.022666020325841873,0.5008409102404137,0.017504277525737803,0.2562390357473469,0.3165000608111762,0.8536363202482571,False
GUT_GENOME172369_8,GUT_GENOME172369_00555,48434,0.09457204289075608,0.03579964735433995,0.06316723641329415,0.007845839238410274,4.239893421977114e-06,0.019931632215903303,1.787645314764775e-08,0.058772395536416125,1.7800380432229648,0.04323560419739085,0.8594690228900685,3.9072224366286505,0.14176121542866357,False
GUT_GENOME172369_8,GUT_GENOME172369_00555,48728,0.03448149388373421,0.021129916429027867,0.028749906173345125,0.003559503831348878,0.002162374306657605,0.01977552119763498,0.005847002515119097,0.013351577454706345,0.17084354698815193,0.008974384975710147,0.056269285297187895,0.0323537500153492,0.9839532679211876,False
GUT_GENOME172369_8,GUT_GENOME172369_00555,48913,0.034186941238307664,0.019196579359671662,0.02828983941994126,0.003369349821898342,0.000992288196633594,0.01968274000435466,0.0053165895365141404,0.014990361878636001,0.22890333073662797,0.0086070994155866,0.04765886009299064,0.05466810176768535,0.9730361436439476,False
GUT_GENOME172369_8,GUT_GENOME172369_00555,48915,0.03422290756834038,0.019972867744462313,0.027899144621447578,0.0032891692923022234,0.0025669959692831514,0.019688439282905333,0.006275078761514627,0.014250039823878066,0.2026747812240545,0.008210705338542245,0.038366032053061376,0.04254901935971488,0.9789501963764083,False
GUT_GENOME172369_8,GUT_GENOME172369_00555,48916,0.03337902918567745,0.020481802148056782,0.024295775560207483,0.0024219252450864586,0.01185808689291882,0.019541668408907677,0.024826256167044293,0.012897227037620668,0.15474656279863375,0.0047541071512998065,-0.04266840921983617,0.025767091843342898,0.9871990916869205,False
GUT_GENOME172369_8,GUT_GENOME172369_00558,50983,0.0300460714841262,0.020375265216100863,0.022740289557346836,0.0021409971811884487,0.038161841341278445,0.019330612932356404,0.055628934122759655,0.009670806268025339,0.04043909841896415,0.0034096766249904313,-0.07418644245025359,0.007138948924363456,0.9964368885386785,False
GUT_GENOME172369_9,GUT_GENOME172369_00573,11711,0.014617841953264021,0.012787533486333593,0.012935339077552814,0.0008263692843602865,0.2786770504688324,0.013098727864356308,0.5783674807090425,0.0018303084669304276,-0.23733850317698105,-0.0001633887868034943,-0.1579512723760666,0.08127816953550822,0.9601756094222493,False
GUT_GENOME172369_9,GUT_GENOME172369_00573,12007,0.014985962392439649,0.012596662255537162,0.012715191015325974,0.000656116574607602,0.2259078212347615,0.013129581023852418,0.7361692719663255,0.0023893001369024863,-0.21753422934946123,-0.00041439000852644403,-0.1638355964019842,0.07416324358705785,0.9635974815844796,False
GUT_GENOME172369_9,GUT_GENOME172369_00573,12008,0.01497042078244288,0.012666331792114436,0.012766319053624249,0.000656751180318705,0.23756519091893802,0.013127079322021711,0.7086037820436709,0.0023040889903284435,-0.22055313816431643,-0.00036076026839746214,-0.16257833252821305,0.07507540096178227,0.9631581055125802,False
GUT_GENOME172369_9,GUT_GENOME172369_00573,12011,0.014839107716620288,0.012629333145168679,0.012696178414590533,0.0007268520090347029,0.2516909524320569,0.013138846466425791,0.7287447012443113,0.0022097745714516094,-0.22389456287179657,-0.00044266805183525854,-0.16449853010607451,0.07718854169061197,0.96214099861917,False
GUT_GENOME172369_9,GUT_GENOME172369_00573,12125,0.016286615326844518,0.012565167338208177,0.012787182391226535,0.000716416588805068,0.14874002236512252,0.01318285293934267,0.7096255565431567,0.0037214479886363405,-0.1703381399411911,-0.0003956705481161348,-0.163396748455793,0.0557135793245505,0.9725276328395863,False
GUT_GENOME172369_9,GUT_GENOME172369_00574,13181,0.016442617566005006,0.012753025409962383,0.012850915701773834,0.0006419489645566146,0.14965782236234149,0.013210905726303648,0.712525115179352,0.0036895921560426235,-0.1714667464403204,-0.0003599900245298132,-0.16256027538703616,0.055826688268738156,0.9724726336079553,False
GUT_GENOME172369_9,GUT_GENOME172369_00574,13185,0.016713482199780527,0.013036414188486696,0.013105257781682122,0.000580991830035802,0.16306770340706317,0.013448717405636067,0.7227936740968692,0.003677068011293831,-0.17191045894156926,-0.0003434596239539449,-0.16217274646347582,0.055853205589007776,0.972459740009292,False
GUT_GENOME172369_9,GUT_GENOME172369_00576,14306,0.016413097638038443,0.01279869471010582,0.012891169260993828,0.0005926022459891872,0.15996793327494463,0.013502836662104127,0.8490042077601606,0.0036144029279326223,-0.17413059304548492,-0.0006116674011102993,-0.16846045078708705,0.05870038691376086,0.9710763403349414,False
GUT_GENOME172369_9,GUT_GENOME172369_00576,14567,0.01669103657933141,0.01288093599836557,0.01297704802771626,0.0005610506262990412,0.15043972114206672,0.01384553740273827,0.9391852052503111,0.0038101005809658382,-0.16719730563483978,-0.00086848937502201,-0.17448123308088928,0.05839863970897764,0.9712228611733904,False
GUT_GENOME172369_9,GUT_GENOME172369_00576,14568,0.020260805159033363,0.013813463091717472,0.014006015406029831,0.0005865473984595967,0.07924109142748131,0.015208401050105121,0.9798147462494586,0.006447342067315891,-0.07376361896186583,-0.0012023856440752899,-0.18230889951481252,0.03867760632465334,0.9808469918793129,False
GUT_GENOME172369_9,GUT_GENOME172369_00576,14639,0.021737439873875733,0.01431148118128851,0.014525399573609437,0.0006226227405568922,0.06935575659888811,0.01593959446582633,0.9884371361535113,0.0074259586925872235,-0.039092634294052124,-0.001414194892216893,-0.18727443011739614,0.03659994623184399,0.9818664546379943,False
GUT_GENOME172369_9,GUT_GENOME172369_00577,15484,0.02268918896252713,0.01504121225715071,0.015239912497297774,0.0007893285272942642,0.06988325421225056,0.016295879883329173,0.9095199396051094,0.0076479767053764195,-0.03122685425454131,-0.0010559673860313992,-0.17887635656650905,0.03297186736514325,0.9836492156154648,False
GUT_GENOME172369_9,GUT_GENOME172369_00577,15485,0.021412823086344363,0.015009765485460387,0.015130727545070702,0.0007811007440630448,0.10481730210373674,0.016289556760948905,0.9310404520506551,0.0064030576008839764,-0.0753325541475495,-0.0011588292158782026,-0.18128778840163168,0.038540255937948256,0.980914354049158,False
GUT_GENOME172369_9,GUT_GENOME172369_00580,17476,0.0215881625857948,0.014682531512449129,0.014858038611650387,0.0007751182441228733,0.09915997907609186,0.016380698002874405,0.9752594176701604,0.00690563107334567,-0.057527096210087954,-0.0015226593912240176,-0.18981720761101012,0.03933993910360603,0.980522222101769,False
GUT_GENOME172369_9,GUT_GENOME172369_00580,17495,0.018810309170790764,0.014748570487744191,0.014881103118071936,0.0007253763561701571,0.18158125049431129,0.016430031011686073,0.9836335305420142,0.004061738683046573,-0.1582821282775576,-0.0015489278936141378,-0.19043303082763846,0.0613179713622735,0.9698062345051697,False
GUT_GENOME172369_9,GUT_GENOME172369_00580,17593,0.01668994915030072,0.014765974457796606,0.014849372935657934,0.0006890741559887931,0.29367031836962365,0.01642246513298125,0.9887820757417513,0.0019239746925041133,-0.23402004302936522,-0.0015730921973233173,-0.19099952445627283,0.09124619888198832,0.9554019858824417,False
GUT_GENOME172369_9,GUT_GENOME172369_00580,17704,0.01733036185250945,0.015076226719248161,0.01517735083123715,0.0006833982881195288,0.27180565946168,0.016672351055769873,0.985650524298833,0.00225413513326129,-0.22232293173592393,-0.0014950002245327238,-0.18916878248390825,0.08521231424210049,0.9582887309483055,False
GUT_GENOME172369_9,GUT_GENOME172369_00580,17776,0.017690320704410872,0.015096826851665407,0.01522569058323731,0.0007515339007716375,0.24797724246966724,0.01686447743462758,0.9853930997600105,0.002593493852745465,-0.21029993860839302,-0.0016387868513902705,-0.19253963102885038,0.08129757369541972,0.9601662937669059,False
GUT_GENOME172369_9,GUT_GENOME172369_00580,18769,0.01721900997558717,0.01528893185895695,0.01538387235883573,0.0007090448448663087,0.2968215958979967,0.016949691022363406,0.9863900322864196,0.001930078116630221,-0.23380380745883342,-0.0015658186635276756,-0.19082900803657882,0.0910799306904719,0.9554814156642395,False
GUT_GENOME172369_9,GUT_GENOME172369_00580,18974,0.01668120724675444,0.015313879681772339,0.01541609857101845,0.0007731965389557087,0.3450098781992973,0.016997661143238675,0.9795965081110204,0.0013673275649821008,-0.2537412530776282,-0.001581562572220226,-0.19119809891010328,0.1009413365402426,0.9507818163387386,False
GUT_GENOME172369_9,GUT_GENOME172369_00580,19114,0.0163169074297608,0.015411389106018377,0.015466519196908671,0.0007700839180681294,0.39604993263280824,0.017198553701408142,0.9877485335732217,0.000905518323742421,-0.2701024927183673,-0.0017320345044994703,-0.19472567379702677,0.11087344460838174,0.9460718870254878,False
GUT_GENOME172369_9,GUT_GENOME172369_00581,19483,0.015424849533213549,0.015273473297174888,0.015284957685783366,0.0007295285913963248,0.4802379152840336,0.017223620022928158,0.9960629116473364,0.00015137623603866078,-0.29682066619399217,-0.001938662337144792,-0.19956973436259723,0.12793058675340294,0.9380375550818437,False
GUT_GENOME172369_9,GUT_GENOME172369_00581,19505,0.015093818070799138,0.015156837050711252,0.015141491229744543,0.0006868381562653915,0.5084016980707872,0.017269767438555475,0.9990280019667762,-6.301897991211475e-05,-0.30441638146504735,-0.002128276208810932,-0.20401492970082497,0.13429142484510578,0.9350589417060314,False
GUT_GENOME172369_9,GUT_GENOME172369_00582,19651,0.0155505425818586,0.015168760915129437,0.015168182802394646,0.0007370324773745946,0.4518053194616126,0.01727366870238317,0.9978596966594265,0.00038178166672916264,-0.28865773195747585,-0.0021054858999885254,-0.20348064719478287,0.12472766000164168,0.939540991399288,False
GUT_GENOME172369_9,GUT_GENOME172369_00582,19671,0.014935825507913928,0.01446044543996922,0.014466585942047751,0.00063614244488314,0.4357963584989021,0.01508927714852991,0.8361741827697442,0.0004753800679447081,-0.2853416747296761,-0.0006226912064821594,-0.16871888635310303,0.10988593394976756,0.9465391304040758,False
GUT_GENOME172369_9,GUT_GENOME172369_00582,19961,0.01442282734372633,0.014235853110498324,0.014251502960143584,0.0008427628272439017,0.4730313297969664,0.015001635799471,0.8132906055831707,0.00018697423322800583,-0.295559480165792,-0.0007501328393274172,-0.17170655253618342,0.1168385464997343,0.9432543831871486,False
GUT_GENOME172369_9,GUT_GENOME172369_00582,20384,0.014057137631687693,0.014214318657412177,0.01421027946301477,0.0008314212866726232,0.5258724096774887,0.014845084165886839,0.7774225853632405,-0.00015718102572448434,-0.30775240781320534,-0.0006348047028720688,-0.16900286799014735,0.12327351390372063,0.9402243547299541,False
GUT_GENOME172369_9,GUT_GENOME172369_00583,21020,0.015416191413003728,0.014242468508171041,0.01438485937683345,0.0008708458951793743,0.36492797078437406,0.01502474511027724,0.7687652090830306,0.0011737229048326865,-0.260600388749676,-0.0006398857334437898,-0.16912198466242637,0.09651480831264024,0.9528884780523177,False
GUT_GENOME172369_9,GUT_GENOME172369_00583,22095,0.014730233898793445,0.013823033842454025,0.013957491510678165,0.0008352038824603201,0.39057086663102264,0.014881910736006863,0.8658138262506225,0.0009072000563394196,-0.27004291134239206,-0.0009244192253286976,-0.1757924193757866,0.10382614867626744,0.9494113914696706,False
GUT_GENOME172369_9,GUT_GENOME172369_00583,22120,0.014864109272344495,0.013639251962756343,0.013831830625995667,0.0008212083869439592,0.3482201886123925,0.014805669108049504,0.8821612772038141,0.0012248573095881513,-0.258788770065206,-0.0009738384820538373,-0.17695097516963731,0.09828327512534768,0.952046274634567,False
GUT_GENOME172369_9,GUT_GENOME172369_00583,22723,0.0139851420172566,0.01382103292018062,0.013913796376738724,0.0008370702184589165,0.4782343893914207,0.014792949372282047,0.8532038972645521,0.00016410909707598002,-0.2963695591737329,-0.0008791529955433225,-0.17473122468653207,0.11836591648528813,0.9425343089602745,False
GUT_GENOME172369_9,GUT_GENOME172369_00583,22832,0.013783925058911958,0.013734803713607302,0.013816511779425153,0.0008330086373829201,0.49352756165829686,0.014764312027316895,0.8723987546734758,4.912134530465559e-05,-0.3004434104406114,-0.0009478002478917422,-0.17634055022500655,0.12136223253084374,0.9411233008440417,False
GUT_GENOME172369_9,GUT_GENOME172369_00583,22921,0.016276339062239718,0.013879606234546992,0.014135359020304659,0.000940349398339669,0.27669175167589943,0.016046382409888496,0.9789357331533212,0.0023967328276927255,-0.21727089976586916,-0.001911023389583837,-0.1989217832408154,0.08677651973277631,0.9575395437098912,False
GUT_GENOME172369_9,GUT_GENOME172369_00584,24096,0.016859564887635646,0.014230455567453436,0.014496756742478613,0.0009793260903870418,0.2694777580673339,0.016032048847556147,0.941524728280726,0.00262910932018221,-0.20903813363436244,-0.001535292105077534,-0.19011336147484606,0.07984003152460305,0.9608662902365993,False
GUT_GENOME172369_9,GUT_GENOME172369_00585,25306,0.01709089239770983,0.014047213089013971,0.014341988743562984,0.0009117558371099263,0.2384866859537596,0.0160338661524906,0.9682465239686578,0.0030436793086958593,-0.1943505130234749,-0.001691877408927617,-0.1937842546251897,0.07532445925312824,0.9630381717243338,False
GUT_GENOME172369_9,GUT_GENOME172369_00586,25397,0.017475545539515552,0.014071553843989571,0.01436674195011511,0.0008904354029378603,0.2204832366019041,0.016064520834885607,0.971719236222405,0.003403991695525981,-0.1815851614886521,-0.001697778884770497,-0.1939226053306255,0.0705791477310774,0.9653258426451551,False
GUT_GENOME172369_9,GUT_GENOME172369_00586,25436,0.018011978882566452,0.013982382422336643,0.014296318207247041,0.0008619406695332736,0.18530862198613446,0.015894475101194707,0.9681402857148464,0.004029596460229809,-0.15942088117188993,-0.0015981568939476658,-0.19158712636329372,0.06212064434176652,0.9694170939686508,False
GUT_GENOME172369_9,GUT_GENOME172369_00586,25470,0.017672059519512694,0.014270961165607944,0.014542120630918061,0.0009094119223775558,0.22234735226394253,0.01588732794532417,0.9304573289233703,0.0034010983539047492,-0.18168766843611037,-0.001345207314406108,-0.18565712619028643,0.06747897736698591,0.9668233402542677,False
GUT_GENOME172369_9,GUT_GENOME172369_00586,25481,0.017794867609802097,0.014510144377785954,0.0147839223747977,0.0009429168146856487,0.2307641075931121,0.016124050449861465,0.922379117004234,0.0032847232320161422,-0.18581067223813155,-0.0013401280750637654,-0.1855380515105284,0.06894997447590985,0.9661125045264601,False
GUT_GENOME172369_9,GUT_GENOME172369_00586,25719,0.01775090962488109,0.014819336250534856,0.015051889618010813,0.0009150222971124189,0.25375148773373285,0.016177500334278373,0.8906787196163298,0.0029315733743462344,-0.19832226562877026,-0.00112561071626756,-0.1805090335652126,0.07191523224277556,0.9646811795466753,False
GUT_GENOME172369_9,GUT_GENOME172369_00586,26124,0.0178844926585568,0.014152766311394902,0.014457269778793037,0.0009133727738375169,0.19868451504526308,0.015792982322510824,0.9281836154578695,0.0037317263471618994,-0.16997399242760156,-0.0013357125437177871,-0.18543453640806007,0.0632771253946505,0.9688566997548297,False
GUT_GENOME172369_9,GUT_GENOME172369_00587,26554,0.017397106323635357,0.013790949257774224,0.014063400462825117,0.0008619125902857088,0.2004000030540367,0.01532043327872475,0.9276379548801945,0.003606157065861133,-0.17442273212229065,-0.0012570328158996325,-0.1835900154548352,0.06412858325571098,0.9684443172160231,False
GUT_GENOME172369_9,GUT_GENOME172369_00589,28370,0.016820682774651863,0.01318535129628326,0.013494288649836917,0.0009225165444625605,0.19266463269805317,0.014877931970847797,0.9331743352948233,0.0036353314783686037,-0.17338912449432037,-0.0013836433210108797,-0.18655819717142463,0.06486774942475908,0.9680864627106359,False
GUT_GENOME172369_9,GUT_GENOME172369_00589,28371,0.016658216014635734,0.01261693095475899,0.012981451612946436,0.0008620005475024879,0.1595528348887073,0.014411325353896916,0.9514204570286047,0.004041285059876743,-0.15900677083625703,-0.0014298737409504797,-0.18764199576376417,0.06049267174598245,0.970206507442372,False
GUT_GENOME172369_9,GUT_GENOME172369_00589,28979,0.01742213020207304,0.01308374488990524,0.013419970712316515,0.000863940444807648,0.13363209297844164,0.013970143390692955,0.7378782442754743,0.0043383853121678004,-0.14848093464465253,-0.0005501726783764399,-0.16701880491793109,0.0499418691491635,0.9753382602378148,False
GUT_GENOME172369_9,GUT_GENOME172369_00590,29221,0.016700434238852185,0.013153588494459696,0.013436706830876896,0.0008222103252843469,0.15952355574807497,0.013639242715359132,0.5972869893358856,0.0035468457443924885,-0.17652404724832071,-0.00020253588448223593,-0.15886901375531065,0.05640010278851245,0.972193858609176,False
GUT_GENOME172369_9,GUT_GENOME172369_00591,30263,0.01694948299521754,0.013689677926220223,0.01392999705071419,0.0008432736533285146,0.1830205450036213,0.013318655984877184,0.23423777645558685,0.003259805068997316,-0.18669348704595914,0.0006113410658370056,-0.1397889644231596,0.0543954126798791,0.9731688208578556,False
GUT_GENOME172369_9,GUT_GENOME172369_00591,30370,0.016296603934678588,0.013552537420308621,0.013719621014079485,0.0008160894884460724,0.22995982732877424,0.013197888186409774,0.2613111774197474,0.0027440665143699666,-0.20496536497888052,0.000521732827669711,-0.14188968690231138,0.062143484090161655,0.969406023410605,False
GUT_GENOME172369_9,GUT_GENOME172369_00591,30564,0.01569997337170776,0.013370722630240904,0.013511559163602778,0.0007881207967705136,0.26530253046712726,0.013149184280615383,0.32283128489807866,0.0023292507414668564,-0.21966169337847563,0.0003623748829873954,-0.14562558020266364,0.06945806914726187,0.965867097392556,False
GUT_GENOME172369_9,GUT_GENOME172369_00591,30575,0.016060241811500453,0.01322319535169548,0.013400989007766631,0.0007674255456300949,0.22740199206294542,0.013121347516487697,0.35778374301444116,0.002837046459804973,-0.20167121875313307,0.0002796414912789348,-0.1475651328519854,0.062446748906998154,0.9692590411844562,False
GUT_GENOME172369_9,GUT_GENOME172369_00591,31020,0.0154043690253644,0.013044286200347551,0.013140322930213541,0.0006457561194847374,0.25848103614187035,0.013085774399635541,0.4663404467935055,0.0023600828250168477,-0.21856935684092485,5.454853057799969e-05,-0.15284207894661206,0.07113326484657793,0.9650584279059143,False
GUT_GENOME172369_9,GUT_GENOME172369_00593,32700,0.01604520375989177,0.012749523602175659,0.012870048755375101,0.0005963618328307898,0.18170311439866071,0.012899982920479782,0.5200163569777936,0.0032956801577161098,-0.18542248406194498,-2.9934165104680485e-05,-0.15482264124255415,0.05835154783702287,0.9712457297939299,False
GUT_GENOME172369_9,GUT_GENOME172369_00607,38897,0.015250912630732034,0.01268950912824297,0.01281150616401964,0.0006199106638339727,0.23791691330911635,0.012788794104545226,0.485386968382132,0.0025614035024890645,-0.2114368537322455,2.271205947441436e-05,-0.15358843432500155,0.06829495027459628,0.9664289698825763,False
GUT_GENOME172369_9,GUT_GENOME172369_00608,39211,0.015762354043332802,0.012643664043364944,0.012800343594526092,0.0006324235078844934,0.19923941847384824,0.012720563349955376,0.44980658272464913,0.0031186899999678577,-0.19169299172263607,7.978024457071589e-05,-0.15225056158329697,0.05992643657800392,0.9704812288521256,False
GUT_GENOME172369_9,GUT_GENOME172369_00608,39332,0.015610194253772329,0.012494369194490306,0.012677804032621877,0.0006858224219166527,0.1957135988347295,0.01268503852301426,0.5042082184513379,0.003115825059282023,-0.191794492465652,-7.234490392383011e-06,-0.1542904835089256,0.060590680641575086,0.9701589641731517,False
GUT_GENOME172369_9,GUT_GENOME172369_00608,39442,0.01456423997246405,0.012451214041159517,0.012595636265146178,0.0006738079516066416,0.2437649853045048,0.012608133370771064,0.50739875209935,0.0021130259313045328,-0.22732222855062262,-1.2497105624885776e-05,-0.1544138571444769,0.07551903487145642,0.9629444844078561,False
GUT_GENOME172369_9,GUT_GENOME172369_00613,41436,0.014407621262589257,0.012466390971242296,0.012595818579544423,0.0006836218350795134,0.2639957982429214,0.012585276935278233,0.49384843970019926,0.0019412302913469608,-0.233408701889776,1.0541644266190073e-05,-0.1538737503331212,0.07815675315945003,0.9616753333691221,False
GUT_GENOME172369_9,GUT_GENOME172369_00613,41682,0.01358172127776143,0.01245391121145253,0.012531425540233735,0.0006956439893260265,0.34942953518486586,0.012618928811396372,0.5500499048104989,0.0011278100663088993,-0.26222701482510435,-8.750327116263668e-05,-0.1561722572786918,0.0931527812476074,0.9544916435728504,False
GUT_GENOME172369_9,GUT_GENOME172369_00615,43671,0.013091076213066643,0.012734400385346609,0.012742634025514078,0.0006823735322355553,0.45029599669112585,0.012713837444015516,0.4831693868632635,0.0003566758277200339,-0.2895471958566987,2.879658149856218e-05,-0.1534457923932725,0.10738318983167672,0.9477243444418584,False
GUT_GENOME172369_9,GUT_GENOME172369_00615,43985,0.012592755413544208,0.01295778018545277,0.012933975095622165,0.0007197037675498549,0.5516267991523767,0.013059380463842297,0.5691638587534832,-0.0003650247719085616,-0.31511601389873567,-0.00012540536822013178,-0.15706081160052796,0.12396620075604471,0.9398987705907936,False
GUT_GENOME172369_9,GUT_GENOME172369_00621,46013,0.01251953792244559,0.012801298352516742,0.012790938125683745,0.0006981600292261968,0.5399313265510366,0.013123842052971608,0.6832585524581846,-0.000281760430071153,-0.31216607758591247,-0.0003329039272878635,-0.16192528496079406,0.12366745790500829,0.9400391750959491,False
GUT_GENOME172369_9,GUT_GENOME172369_00623,47333,0.013050683582381529,0.012916057754119,0.012925760800831887,0.0007108110578170012,0.4814775708286537,0.013229702869116755,0.6655284379658839,0.00013462582826252907,-0.2974141091380305,-0.00030394206828486883,-0.16124632028645208,0.11445552812028942,0.9443789492853373,False
