species,pop1,pop2,n_sub,n_reps,fst,fst_sd
Acetatifactor_sp900066565,AG,China,25,100,0.0841193821303364,0.006889275942546607
Acetatifactor_sp900066565,AG,Denmark,25,100,0.15205136322196294,0.005014581335347233
Acetatifactor_sp900066565,AG,Germany,25,100,0.13831280355558773,0.006396926719269972
Acetatifactor_sp900066565,AG,Israel,25,100,0.14198330315936628,0.007084936542703302
Acetatifactor_sp900066565,AG,US,25,100,0.11983910480039439,0.009040310036531203
Acetatifactor_sp900066565,China,Denmark,25,100,0.21208796531315774,0.0135730329585073
Acetatifactor_sp900066565,China,Germany,25,100,0.20347823613537167,0.014110669570086755
Acetatifactor_sp900066565,China,Israel,25,100,0.20665552011647378,0.015981993871873948
Acetatifactor_sp900066565,China,US,25,100,0.1794497889997432,0.018093926590160764
Acetatifactor_sp900066565,Denmark,Germany,25,100,0.025449319727607885,0.0020705814936851337
Acetatifactor_sp900066565,Denmark,Israel,25,100,0.03289975883115477,0.0031511676053706983
Acetatifactor_sp900066565,Denmark,US,25,100,0.0241150442436011,0.0025301905329381666
Acetatifactor_sp900066565,Germany,Israel,25,100,0.0009885948683754817,0.0018804663324154935
Acetatifactor_sp900066565,Germany,US,25,100,0.007678638366083502,0.0033891522809801925
Acetatifactor_sp900066565,Israel,US,25,100,0.01322518588130927,0.0040611389321913854
Agathobacter_faecis,AG,China,20,100,0.050302154859050895,0.010398104348785797
Agathobacter_faecis,AG,Denmark,20,100,0.13015548072996078,0.02508044494860275
Agathobacter_faecis,AG,Fiji,20,100,0.041076165511876324,0.007332574576740082
Agathobacter_faecis,AG,Israel,20,100,0.09823709494817319,0.02378946817759286
Agathobacter_faecis,AG,KY,20,100,0.017637460593011633,0.006436117764384138
Agathobacter_faecis,AG,Netherlands,20,100,0.12715103187289983,0.02432472516144472
Agathobacter_faecis,AG,SW,20,100,0.04284258260777194,0.020662727244649837
Agathobacter_faecis,AG,Sweden,20,100,0.1119811474948023,0.02318318592794626
Agathobacter_faecis,AG,UK,20,100,0.1365290440932715,0.023536090659600706
Agathobacter_faecis,AG,US,20,100,0.09975180495806495,0.02336312628926141
Agathobacter_faecis,China,Denmark,20,100,0.16102351522481875,0.027235122858154378
Agathobacter_faecis,China,Fiji,20,100,0.07454661960702919,0.009561439448372407
Agathobacter_faecis,China,Israel,20,100,0.12220269512815386,0.024151842621338043
Agathobacter_faecis,China,KY,20,100,0.047734057042178195,0.00838000863478979
Agathobacter_faecis,China,Netherlands,20,100,0.15713697142928298,0.024004679042285555
Agathobacter_faecis,China,SW,20,100,0.07963450733703037,0.01894713099749198
Agathobacter_faecis,China,Sweden,20,100,0.14588535122813426,0.023765397997481112
Agathobacter_faecis,China,UK,20,100,0.16264825319393642,0.0239944742793134
Agathobacter_faecis,China,US,20,100,0.13300077687651163,0.022618738440297815
Agathobacter_faecis,Denmark,Fiji,20,100,0.1191652819674568,0.009382319298024067
Agathobacter_faecis,Denmark,Israel,20,100,0.013136611623007445,0.005633626472811798
Agathobacter_faecis,Denmark,KY,20,100,0.1491990484460534,0.019663401839193066
Agathobacter_faecis,Denmark,Netherlands,20,100,0.004089254936641008,0.003743750613646859
Agathobacter_faecis,Denmark,SW,20,100,0.03930352929968466,0.00946839420531698
Agathobacter_faecis,Denmark,Sweden,20,100,0.0024608441829354136,0.0031042258252517744
Agathobacter_faecis,Denmark,UK,20,100,0.01541262596778762,0.003651291569360739
Agathobacter_faecis,Denmark,US,20,100,0.014907251065420958,0.00491871951127921
Agathobacter_faecis,Fiji,Israel,20,100,0.08634628857919553,0.009151389597277963
Agathobacter_faecis,Fiji,KY,20,100,0.04412793296333847,0.005731017992723173
Agathobacter_faecis,Fiji,Netherlands,20,100,0.11224090960744666,0.002865162995623054
Agathobacter_faecis,Fiji,SW,20,100,0.05244644870751947,0.007030940254354987
Agathobacter_faecis,Fiji,Sweden,20,100,0.10075580989200432,0.005545350093367656
Agathobacter_faecis,Fiji,UK,20,100,0.12264150311278414,5.7826755130822184e-08
Agathobacter_faecis,Fiji,US,20,100,0.08989728322189602,0.006303653113484355
Agathobacter_faecis,Israel,KY,20,100,0.11125761536466441,0.018507817626428752
Agathobacter_faecis,Israel,Netherlands,20,100,0.007197768701382703,0.0042821275425130355
Agathobacter_faecis,Israel,SW,20,100,0.019603228663951432,0.006960436002625147
Agathobacter_faecis,Israel,Sweden,20,100,0.005608021479412238,0.003247079374158687
Agathobacter_faecis,Israel,UK,20,100,0.015955260520204642,0.004272632312531667
Agathobacter_faecis,Israel,US,20,100,0.006203002622418879,0.0029000938484355226
Agathobacter_faecis,KY,Netherlands,20,100,0.14657677241394734,0.015857000212051386
Agathobacter_faecis,KY,SW,20,100,0.05992381210685181,0.016024243662755167
Agathobacter_faecis,KY,Sweden,20,100,0.13076461452997384,0.017416398234266398
Agathobacter_faecis,KY,UK,20,100,0.15361969889109647,0.015571538509367707
Agathobacter_faecis,KY,US,20,100,0.1177510125075646,0.015551095663510149
Agathobacter_faecis,Netherlands,SW,20,100,0.035099535763929046,0.007212718824170142
Agathobacter_faecis,Netherlands,Sweden,20,100,0.0014379464804467159,0.0024811335095025525
Agathobacter_faecis,Netherlands,UK,20,100,0.005086685259381221,0.002584518512158938
Agathobacter_faecis,Netherlands,US,20,100,0.01006302283481715,0.0029200548907590148
Agathobacter_faecis,SW,Sweden,20,100,0.027606280504320135,0.0065151395590440165
Agathobacter_faecis,SW,UK,20,100,0.04251016710255052,0.0074914031384767515
Agathobacter_faecis,SW,US,20,100,0.020457128017344894,0.006527064922510656
Agathobacter_faecis,Sweden,UK,20,100,0.008343226618464908,0.0023775341350367697
Agathobacter_faecis,Sweden,US,20,100,0.006333253374953701,0.0027379401719594453
Agathobacter_faecis,UK,US,20,100,0.01813276657191194,0.003665111109756826
Agathobacter_rectalis,AG,BF,22,100,0.07015379213202501,0.01053935264207698
Agathobacter_rectalis,AG,China,22,100,0.03756298892826671,0.009315852896181927
Agathobacter_rectalis,AG,DM,22,100,0.004686815675791362,0.007687778632037534
Agathobacter_rectalis,AG,Denmark,22,100,0.14328119656322122,0.02222443511108513
Agathobacter_rectalis,AG,Fiji,22,100,0.11361861834369524,0.020220432706797634
Agathobacter_rectalis,AG,GH,22,100,0.0870455739202077,0.011058172951256579
Agathobacter_rectalis,AG,Germany,22,100,0.14454205146754498,0.02225744894345624
Agathobacter_rectalis,AG,Israel,22,100,0.13634418425254702,0.021636532504650873
Agathobacter_rectalis,AG,KY,22,100,0.036734233042438676,0.011838119970697449
Agathobacter_rectalis,AG,Kazakhstan,22,100,0.15100472163619277,0.02313684272134929
Agathobacter_rectalis,AG,Madagascar,22,100,0.18267200070339318,0.008677266046872275
Agathobacter_rectalis,AG,Mongolia,22,100,0.14694922117937645,0.023044358949131417
Agathobacter_rectalis,AG,Netherlands,22,100,0.14784217289751433,0.0218018099166418
Agathobacter_rectalis,AG,SW,22,100,0.07384894313648863,0.024871629068985025
Agathobacter_rectalis,AG,Spain,22,100,0.15037993006436207,0.020307077406099962
Agathobacter_rectalis,AG,Sweden,22,100,0.13392211358022138,0.022521990313177413
Agathobacter_rectalis,AG,UK,22,100,0.15023040387828687,0.021072983635285897
Agathobacter_rectalis,AG,US,22,100,0.12988048479292735,0.02488030271136255
Agathobacter_rectalis,BF,China,22,100,0.09039537618326031,0.012329429101836091
Agathobacter_rectalis,BF,DM,22,100,0.07464830392178669,0.011878693980358125
Agathobacter_rectalis,BF,Denmark,22,100,0.17006376853995814,0.014414906970866729
Agathobacter_rectalis,BF,Fiji,22,100,0.12440466993389263,0.015341733200337236
Agathobacter_rectalis,BF,GH,22,100,0.011422176664576596,0.005204831381227277
Agathobacter_rectalis,BF,Germany,22,100,0.1672805458308984,0.014101791624683845
Agathobacter_rectalis,BF,Israel,22,100,0.1639495966260958,0.014464765401049464
Agathobacter_rectalis,BF,KY,22,100,0.06832980320996278,0.010392150223817372
Agathobacter_rectalis,BF,Kazakhstan,22,100,0.18075001022006365,0.014590381720649675
Agathobacter_rectalis,BF,Madagascar,22,100,0.09226051867704849,0.007210882353846444
Agathobacter_rectalis,BF,Mongolia,22,100,0.18023502496663898,0.017487254889874897
Agathobacter_rectalis,BF,Netherlands,22,100,0.16962441551585503,0.01459202010977874
Agathobacter_rectalis,BF,SW,22,100,0.11971822115417187,0.019767930660217883
Agathobacter_rectalis,BF,Spain,22,100,0.1731044024589105,0.012738547901026465
Agathobacter_rectalis,BF,Sweden,22,100,0.15812628877840335,0.015153935589970255
Agathobacter_rectalis,BF,UK,22,100,0.1730831868256063,0.01328833119073762
Agathobacter_rectalis,BF,US,22,100,0.1528823814885965,0.016373888559320957
Agathobacter_rectalis,China,DM,22,100,0.04325758706707257,0.00971157491617899
Agathobacter_rectalis,China,Denmark,22,100,0.15295808987022672,0.02907499624509838
Agathobacter_rectalis,China,Fiji,22,100,0.13139592474966186,0.0249376643209386
Agathobacter_rectalis,China,GH,22,100,0.10592965750066835,0.01093709595477922
Agathobacter_rectalis,China,Germany,22,100,0.15461424040708435,0.028059256718451706
Agathobacter_rectalis,China,Israel,22,100,0.14733446887538507,0.02854608180326888
Agathobacter_rectalis,China,KY,22,100,0.05697478717436779,0.015458711357570131
Agathobacter_rectalis,China,Kazakhstan,22,100,0.15805156504278373,0.030425945735030567
Agathobacter_rectalis,China,Madagascar,22,100,0.20837447841070722,0.009146717716359136
Agathobacter_rectalis,China,Mongolia,22,100,0.15038884804639824,0.03144100238457184
Agathobacter_rectalis,China,Netherlands,22,100,0.15800468342318127,0.02880129665860063
Agathobacter_rectalis,China,SW,22,100,0.10097096032875084,0.026417224937279687
Agathobacter_rectalis,China,Spain,22,100,0.16092193094728607,0.026705992014409593
Agathobacter_rectalis,China,Sweden,22,100,0.1446722365843423,0.02841576888299657
Agathobacter_rectalis,China,UK,22,100,0.1608587077006565,0.027796369642399368
Agathobacter_rectalis,China,US,22,100,0.14131353578762706,0.03183973893796583
Agathobacter_rectalis,DM,Denmark,22,100,0.1609315240552118,0.025735096197085222
Agathobacter_rectalis,DM,Fiji,22,100,0.12895988381001441,0.023035076619349313
Agathobacter_rectalis,DM,GH,22,100,0.08977681908249271,0.01155319364649384
Agathobacter_rectalis,DM,Germany,22,100,0.16153290761584724,0.02541697782684861
Agathobacter_rectalis,DM,Israel,22,100,0.15454216372518867,0.02613757713218077
Agathobacter_rectalis,DM,KY,22,100,0.04523461426852046,0.01526865101657969
Agathobacter_rectalis,DM,Kazakhstan,22,100,0.1690297523602505,0.026443364493928125
Agathobacter_rectalis,DM,Madagascar,22,100,0.1888003773365866,0.010650978014232784
Agathobacter_rectalis,DM,Mongolia,22,100,0.165305496569997,0.02830674058700364
Agathobacter_rectalis,DM,Netherlands,22,100,0.16441301353227417,0.025961407298459416
Agathobacter_rectalis,DM,SW,22,100,0.0916751088729261,0.02739696967985502
Agathobacter_rectalis,DM,Spain,22,100,0.1664361440986501,0.024325121678357618
Agathobacter_rectalis,DM,Sweden,22,100,0.15071545087608612,0.025350718748546767
Agathobacter_rectalis,DM,UK,22,100,0.1670709771227972,0.02513809848175853
Agathobacter_rectalis,DM,US,22,100,0.14604659653933366,0.02566650333675224
Agathobacter_rectalis,Denmark,Fiji,22,100,0.06627504194806037,0.01120849944820524
Agathobacter_rectalis,Denmark,GH,22,100,0.1947309750052406,0.01199690217737361
Agathobacter_rectalis,Denmark,Germany,22,100,0.00888103961434344,0.012212643017564985
Agathobacter_rectalis,Denmark,Israel,22,100,0.010695156918042688,0.008219484558053757
Agathobacter_rectalis,Denmark,KY,22,100,0.09475307630469898,0.020328176804043203
Agathobacter_rectalis,Denmark,Kazakhstan,22,100,0.025713350322545007,0.010383502074923612
Agathobacter_rectalis,Denmark,Madagascar,22,100,0.2601447368220378,0.0076572764480225975
Agathobacter_rectalis,Denmark,Mongolia,22,100,0.05418222359759543,0.01219018383385005
Agathobacter_rectalis,Denmark,Netherlands,22,100,0.013018314921568686,0.01280132787631555
Agathobacter_rectalis,Denmark,SW,22,100,0.039935026091643656,0.009424500284344384
Agathobacter_rectalis,Denmark,Spain,22,100,0.015447897576854688,0.009568544753539899
Agathobacter_rectalis,Denmark,Sweden,22,100,0.006262224080998779,0.009097952706945077
Agathobacter_rectalis,Denmark,UK,22,100,0.011480849145375555,0.012441122153062804
Agathobacter_rectalis,Denmark,US,22,100,0.016845974469595272,0.011020626888118017
Agathobacter_rectalis,Fiji,GH,22,100,0.14603237520729553,0.01339129029117785
Agathobacter_rectalis,Fiji,Germany,22,100,0.07171120208984266,0.012257611213162654
Agathobacter_rectalis,Fiji,Israel,22,100,0.059452040580475,0.011939106133984028
Agathobacter_rectalis,Fiji,KY,22,100,0.0697320332956089,0.01674939788182571
Agathobacter_rectalis,Fiji,Kazakhstan,22,100,0.06690909371880573,0.010857951424070623
Agathobacter_rectalis,Fiji,Madagascar,22,100,0.19513842490253241,0.013347639342498706
Agathobacter_rectalis,Fiji,Mongolia,22,100,0.0757927740298228,0.01176280989576674
Agathobacter_rectalis,Fiji,Netherlands,22,100,0.07862097988352736,0.016837627360944525
Agathobacter_rectalis,Fiji,SW,22,100,0.048562812346226336,0.00881190813117736
Agathobacter_rectalis,Fiji,Spain,22,100,0.08017666255253914,0.009625596443932915
Agathobacter_rectalis,Fiji,Sweden,22,100,0.0653837311168267,0.012875397028530166
Agathobacter_rectalis,Fiji,UK,22,100,0.0792466727285228,0.013240505588945118
Agathobacter_rectalis,Fiji,US,22,100,0.06351111395503381,0.016805507168111605
Agathobacter_rectalis,GH,Germany,22,100,0.19132654173362768,0.01165679759985818
Agathobacter_rectalis,GH,Israel,22,100,0.18884878122726304,0.013068893426356908
Agathobacter_rectalis,GH,KY,22,100,0.08759825447075341,0.010883736038952908
Agathobacter_rectalis,GH,Kazakhstan,22,100,0.20677345949950734,0.012783474794894454
Agathobacter_rectalis,GH,Madagascar,22,100,0.09766031356220141,0.008079899105539445
Agathobacter_rectalis,GH,Mongolia,22,100,0.20638358183524688,0.012999174337541526
Agathobacter_rectalis,GH,Netherlands,22,100,0.1931225075632771,0.014002143176566189
Agathobacter_rectalis,GH,SW,22,100,0.14491611035224375,0.016375077151525617
Agathobacter_rectalis,GH,Spain,22,100,0.19652129068065016,0.01137077949080383
Agathobacter_rectalis,GH,Sweden,22,100,0.18109044666847526,0.013501317763288919
Agathobacter_rectalis,GH,UK,22,100,0.19663879602265458,0.011378904996189109
Agathobacter_rectalis,GH,US,22,100,0.17556972717752017,0.014367549575981053
Agathobacter_rectalis,Germany,Israel,22,100,0.009940705422381978,0.011451311998332929
Agathobacter_rectalis,Germany,KY,22,100,0.09583440252957304,0.021259373031606837
Agathobacter_rectalis,Germany,Kazakhstan,22,100,0.03354535105595727,0.015481423949582428
Agathobacter_rectalis,Germany,Madagascar,22,100,0.2558162898570125,0.004482991066538757
Agathobacter_rectalis,Germany,Mongolia,22,100,0.0656506108004389,0.014996736710729555
Agathobacter_rectalis,Germany,Netherlands,22,100,0.0015982712622193138,0.007341442097496328
Agathobacter_rectalis,Germany,SW,22,100,0.04682923361519392,0.012877761039353107
Agathobacter_rectalis,Germany,Spain,22,100,0.0027634426584701405,0.003308736882000915
Agathobacter_rectalis,Germany,Sweden,22,100,0.0015291756002301566,0.005366109766251875
Agathobacter_rectalis,Germany,UK,22,100,0.0016992117626685355,0.005697510105634786
Agathobacter_rectalis,Germany,US,22,100,0.010062609537567144,0.007733508667792585
Agathobacter_rectalis,Israel,KY,22,100,0.0878334908362294,0.02173289830511527
Agathobacter_rectalis,Israel,Kazakhstan,22,100,0.0202651614470492,0.010795318833582729
Agathobacter_rectalis,Israel,Madagascar,22,100,0.253446194963123,0.00796924853368626
Agathobacter_rectalis,Israel,Mongolia,22,100,0.04681473785443247,0.012529701219280202
Agathobacter_rectalis,Israel,Netherlands,22,100,0.012937318728822214,0.01336977872701487
Agathobacter_rectalis,Israel,SW,22,100,0.03328147267200017,0.009804216164975479
Agathobacter_rectalis,Israel,Spain,22,100,0.01520831033326125,0.010431391245091709
Agathobacter_rectalis,Israel,Sweden,22,100,0.010058510946357313,0.009889849487223545
Agathobacter_rectalis,Israel,UK,22,100,0.014553650619563843,0.013334951321365687
Agathobacter_rectalis,Israel,US,22,100,0.015374644763820286,0.01443650639796448
Agathobacter_rectalis,KY,Kazakhstan,22,100,0.09969501822275477,0.02344469122999754
Agathobacter_rectalis,KY,Madagascar,22,100,0.16114149475530604,0.008279486402557391
Agathobacter_rectalis,KY,Mongolia,22,100,0.1008492094540145,0.022024730704268684
Agathobacter_rectalis,KY,Netherlands,22,100,0.09958385299953167,0.021239906851085403
Agathobacter_rectalis,KY,SW,22,100,0.052774485471571556,0.018011845605632903
Agathobacter_rectalis,KY,Spain,22,100,0.10218331512486367,0.01922834326838998
Agathobacter_rectalis,KY,Sweden,22,100,0.08742406611757232,0.020472853606719604
Agathobacter_rectalis,KY,UK,22,100,0.1027533194923477,0.01980578774749027
Agathobacter_rectalis,KY,US,22,100,0.0848800363725763,0.020114831385321073
Agathobacter_rectalis,Kazakhstan,Madagascar,22,100,0.27504893006834513,0.007187086639742326
Agathobacter_rectalis,Kazakhstan,Mongolia,22,100,0.023357924636824068,0.005540802074781071
Agathobacter_rectalis,Kazakhstan,Netherlands,22,100,0.044681716243651574,0.01868850987084523
Agathobacter_rectalis,Kazakhstan,SW,22,100,0.039029333655476804,0.006122651836983965
Agathobacter_rectalis,Kazakhstan,Spain,22,100,0.04029627013195312,0.010236233832939635
Agathobacter_rectalis,Kazakhstan,Sweden,22,100,0.035377163324769374,0.013682935497718558
Agathobacter_rectalis,Kazakhstan,UK,22,100,0.044253245589250305,0.01619377313750845
Agathobacter_rectalis,Kazakhstan,US,22,100,0.03982335223763699,0.016868623664837157
Agathobacter_rectalis,Madagascar,Mongolia,22,100,0.27974428945300006,0.008588755919562789
Agathobacter_rectalis,Madagascar,Netherlands,22,100,0.2568095306507705,0.006710743627587954
Agathobacter_rectalis,Madagascar,SW,22,100,0.2166443039024121,0.013496141309800069
Agathobacter_rectalis,Madagascar,Spain,22,100,0.25945929960170255,0.002941147942488716
Agathobacter_rectalis,Madagascar,Sweden,22,100,0.2448110115804969,0.008095162241642499
Agathobacter_rectalis,Madagascar,UK,22,100,0.2606023834813462,0.0038404889603486283
Agathobacter_rectalis,Madagascar,US,22,100,0.23892634740615226,0.011072413664336351
Agathobacter_rectalis,Mongolia,Netherlands,22,100,0.07938357847516363,0.019133111015069003
Agathobacter_rectalis,Mongolia,SW,22,100,0.0475176595673483,0.007053441578925195
Agathobacter_rectalis,Mongolia,Spain,22,100,0.07842382189180848,0.005032474035477672
Agathobacter_rectalis,Mongolia,Sweden,22,100,0.06642770039331113,0.0127494019631066
Agathobacter_rectalis,Mongolia,UK,22,100,0.07847732936587958,0.014815781614621742
Agathobacter_rectalis,Mongolia,US,22,100,0.07086127599494149,0.019474261832210384
Agathobacter_rectalis,Netherlands,SW,22,100,0.05555656073956999,0.017035144659131307
Agathobacter_rectalis,Netherlands,Spain,22,100,0.003439997580691002,0.0038468973141169084
Agathobacter_rectalis,Netherlands,Sweden,22,100,0.004208654103778108,0.007761130749627289
Agathobacter_rectalis,Netherlands,UK,22,100,0.0020705068693998826,0.006134175246990257
Agathobacter_rectalis,Netherlands,US,22,100,0.011394099313353463,0.00816722519561874
Agathobacter_rectalis,SW,Spain,22,100,0.05624921746519089,0.008307386935147478
Agathobacter_rectalis,SW,Sweden,22,100,0.04154486356313435,0.012009617362739734
Agathobacter_rectalis,SW,UK,22,100,0.05428345617582519,0.013858769707083628
Agathobacter_rectalis,SW,US,22,100,0.04254426922233796,0.01820135384818708
Agathobacter_rectalis,Spain,Sweden,22,100,0.004983811157595285,0.0037151040567235736
Agathobacter_rectalis,Spain,UK,22,100,0.004504513707717302,0.003467074375057365
Agathobacter_rectalis,Spain,US,22,100,0.013693480635993384,0.005511002990972434
Agathobacter_rectalis,Sweden,UK,22,100,0.002870935068365205,0.006410510954859887
Agathobacter_rectalis,Sweden,US,22,100,0.008053074938287389,0.008030556733005418
Agathobacter_rectalis,UK,US,22,100,0.012665282095747996,0.00851773634983875
Akkermansia_muciniphila,AG,BF,22,100,0.0019939646308885406,0.010666060673032602
Akkermansia_muciniphila,AG,China,22,100,0.10694399982750635,0.03933245090427652
Akkermansia_muciniphila,AG,DM,22,100,0.01205908004574617,0.020412202676884695
Akkermansia_muciniphila,AG,Denmark,22,100,0.043230263460108276,0.020206530879150492
Akkermansia_muciniphila,AG,Germany,22,100,0.13734954339368513,0.041657922931456856
Akkermansia_muciniphila,AG,Israel,22,100,0.04588052062996187,0.025697552462785715
Akkermansia_muciniphila,AG,KY,22,100,0.01883445570172265,0.01653433203933912
Akkermansia_muciniphila,AG,Netherlands,22,100,0.031198636874039117,0.016281384124115537
Akkermansia_muciniphila,AG,SW,22,100,0.03679228006805041,0.03161897378779948
Akkermansia_muciniphila,AG,Sweden,22,100,0.030342440231084997,0.01769617234033439
Akkermansia_muciniphila,AG,UK,22,100,0.052400708197536706,0.027872697570576997
Akkermansia_muciniphila,AG,US,22,100,0.06504253061460995,0.030233938535604674
Akkermansia_muciniphila,BF,China,22,100,0.12403385813541717,0.033749807245839994
Akkermansia_muciniphila,BF,DM,22,100,0.026112593675954247,0.014776686188202673
Akkermansia_muciniphila,BF,Denmark,22,100,0.03425134742501863,0.01693787013180502
Akkermansia_muciniphila,BF,Germany,22,100,0.1596588980949358,0.03244446487612707
Akkermansia_muciniphila,BF,Israel,22,100,0.05129169688919013,0.027231838552233045
Akkermansia_muciniphila,BF,KY,22,100,0.001968287873545562,0.007346257558052089
Akkermansia_muciniphila,BF,Netherlands,22,100,0.04026104233510965,0.0030636091218740028
Akkermansia_muciniphila,BF,SW,22,100,0.060257862189527577,0.030170564179358126
Akkermansia_muciniphila,BF,Sweden,22,100,0.037241486050779406,0.007456691785782133
Akkermansia_muciniphila,BF,UK,22,100,0.06304205920233008,0.02709078938993511
Akkermansia_muciniphila,BF,US,22,100,0.06974628151600502,0.028677082697726893
Akkermansia_muciniphila,China,DM,22,100,0.13261243259620029,0.04399852858694082
Akkermansia_muciniphila,China,Denmark,22,100,0.0320782427391622,0.025672471081119804
Akkermansia_muciniphila,China,Germany,22,100,0.043558319180582325,0.03220959204717384
Akkermansia_muciniphila,China,Israel,22,100,0.03352315230763441,0.026122221126313887
Akkermansia_muciniphila,China,KY,22,100,0.12663664359574597,0.03740237762359863
Akkermansia_muciniphila,China,Netherlands,22,100,0.028503185042317383,0.018658663351752085
Akkermansia_muciniphila,China,SW,22,100,0.03248983366713142,0.02248305879621613
Akkermansia_muciniphila,China,Sweden,22,100,0.02565237001451037,0.017115324134399416
Akkermansia_muciniphila,China,UK,22,100,0.025216611281480655,0.020201375595704035
Akkermansia_muciniphila,China,US,22,100,0.0185447405829972,0.024067363452026008
Akkermansia_muciniphila,DM,Denmark,22,100,0.0692825633904972,0.027605727385173494
Akkermansia_muciniphila,DM,Germany,22,100,0.14561148455630094,0.042838221661397856
Akkermansia_muciniphila,DM,Israel,22,100,0.05564276723275031,0.03552658122682762
Akkermansia_muciniphila,DM,KY,22,100,0.03428125697816655,0.02138837813019056
Akkermansia_muciniphila,DM,Netherlands,22,100,0.05025749288165238,0.024585107678019198
Akkermansia_muciniphila,DM,SW,22,100,0.045449719901785327,0.03685239587072952
Akkermansia_muciniphila,DM,Sweden,22,100,0.04598910107362947,0.025788070652466192
Akkermansia_muciniphila,DM,UK,22,100,0.06809821327897601,0.03689475033550705
Akkermansia_muciniphila,DM,US,22,100,0.09080725407567845,0.03651552528268515
Akkermansia_muciniphila,Denmark,Germany,22,100,0.061336027022423245,0.034156401159029584
Akkermansia_muciniphila,Denmark,Israel,22,100,0.005509928241146608,0.016700515477383777
Akkermansia_muciniphila,Denmark,KY,22,100,0.05119917228722337,0.02119972548915518
Akkermansia_muciniphila,Denmark,Netherlands,22,100,0.0031616119520643847,0.009800141504429821
Akkermansia_muciniphila,Denmark,SW,22,100,0.01750623670389435,0.019572767282779912
Akkermansia_muciniphila,Denmark,Sweden,22,100,-0.008201584016429423,0.01026699008012129
Akkermansia_muciniphila,Denmark,UK,22,100,0.009668920552801073,0.01693608301229399
Akkermansia_muciniphila,Denmark,US,22,100,0.008606297593674738,0.017010440053329735
Akkermansia_muciniphila,Germany,Israel,22,100,0.0396861614183316,0.03344579255223362
Akkermansia_muciniphila,Germany,KY,22,100,0.16221393988634653,0.033632469144534737
Akkermansia_muciniphila,Germany,Netherlands,22,100,0.05037273239226347,0.019158741652534977
Akkermansia_muciniphila,Germany,SW,22,100,0.03483425299574803,0.0252365110935181
Akkermansia_muciniphila,Germany,Sweden,22,100,0.03264746940759366,0.019439566208208952
Akkermansia_muciniphila,Germany,UK,22,100,0.027064696702191856,0.023785478782470823
Akkermansia_muciniphila,Germany,US,22,100,0.05943278121492776,0.03348221918509542
Akkermansia_muciniphila,Israel,KY,22,100,0.06418597233372983,0.027143209701438496
Akkermansia_muciniphila,Israel,Netherlands,22,100,0.002365945838577085,0.010365590190007863
Akkermansia_muciniphila,Israel,SW,22,100,0.006139441875998614,0.015959114349343315
Akkermansia_muciniphila,Israel,Sweden,22,100,-0.009459319269829602,0.009316109582572245
Akkermansia_muciniphila,Israel,UK,22,100,0.0032138926493314787,0.01855198796418228
Akkermansia_muciniphila,Israel,US,22,100,0.014769183850860146,0.020249870724032264
Akkermansia_muciniphila,KY,Netherlands,22,100,0.05276259336243741,0.010622858901139485
Akkermansia_muciniphila,KY,SW,22,100,0.07097299468258485,0.03107199249511812
Akkermansia_muciniphila,KY,Sweden,22,100,0.05471647962002569,0.011033167591451563
Akkermansia_muciniphila,KY,UK,22,100,0.07848013146807628,0.02636427055350958
Akkermansia_muciniphila,KY,US,22,100,0.08010091779030493,0.0280525879297474
Akkermansia_muciniphila,Netherlands,SW,22,100,0.00199311126066503,0.010954285501239202
Akkermansia_muciniphila,Netherlands,Sweden,22,100,-0.015185650474731121,0.0012655134621178503
Akkermansia_muciniphila,Netherlands,UK,22,100,-0.002971999035462654,0.007712662101476737
Akkermansia_muciniphila,Netherlands,US,22,100,0.011667677359879884,0.012226959659713838
Akkermansia_muciniphila,SW,Sweden,22,100,-0.006721556063483115,0.008586951632174069
Akkermansia_muciniphila,SW,UK,22,100,0.003703495130835668,0.010028105037850026
Akkermansia_muciniphila,SW,US,22,100,0.024066859214948114,0.01762950235171907
Akkermansia_muciniphila,Sweden,UK,22,100,-0.01133383236334352,0.007653603001185695
Akkermansia_muciniphila,Sweden,US,22,100,0.006319583692971599,0.01382069834604844
Akkermansia_muciniphila,UK,US,22,100,0.012197110732021281,0.02009201849265792
Alistipes_onderdonkii,AG,China,21,100,0.0330323601297274,0.031121271967972985
Alistipes_onderdonkii,AG,Germany,21,100,0.058832124744840904,0.019638100335844736
Alistipes_onderdonkii,AG,Israel,21,100,0.023915995625829925,0.028458964450733728
Alistipes_onderdonkii,AG,SW,21,100,-0.00836606939017812,0.013516158898862521
Alistipes_onderdonkii,AG,UK,21,100,0.02296112194657834,0.02164739029041574
Alistipes_onderdonkii,AG,US,21,100,0.005300747199009005,0.016413097051010947
Alistipes_onderdonkii,China,Germany,21,100,0.08251778596705155,0.02520149763004736
Alistipes_onderdonkii,China,Israel,21,100,0.120378383487618,0.053677853455775575
Alistipes_onderdonkii,China,SW,21,100,0.06463824687968836,0.03542925951877206
Alistipes_onderdonkii,China,UK,21,100,0.015660902372714374,0.014793208164551416
Alistipes_onderdonkii,China,US,21,100,0.03560973385920239,0.029671662663474253
Alistipes_onderdonkii,Germany,Israel,21,100,0.13435126261986713,0.03574442433372647
Alistipes_onderdonkii,Germany,SW,21,100,0.11711283995698024,4.96471249289973e-08
Alistipes_onderdonkii,Germany,UK,21,100,0.04808711579397566,0.012843422666769938
Alistipes_onderdonkii,Germany,US,21,100,0.028321559383138805,0.023103687027010773
Alistipes_onderdonkii,Israel,SW,21,100,-0.0016977480524788086,0.011705146164665994
Alistipes_onderdonkii,Israel,UK,21,100,0.10270564319199327,0.04682344485228655
Alistipes_onderdonkii,Israel,US,21,100,0.05414272261119126,0.04408815512641371
Alistipes_onderdonkii,SW,UK,21,100,0.05037653753153035,0.02101862319327164
Alistipes_onderdonkii,SW,US,21,100,0.029226360351118964,0.02599383525910918
Alistipes_onderdonkii,UK,US,21,100,0.011404087385073224,0.02086145062503212
Alistipes_shahii,AG,China,21,100,0.031479253361229254,0.012373044701649464
Alistipes_shahii,AG,GH,21,100,0.014615058353735413,0.0063940436793815045
Alistipes_shahii,AG,Israel,21,100,0.02471585208205721,0.01083750222830852
Alistipes_shahii,AG,KY,21,100,0.0025844401599695306,0.005059929881526952
Alistipes_shahii,AG,UK,21,100,0.04182572852076249,0.008023522391394042
Alistipes_shahii,AG,US,21,100,0.032953813780839156,0.013701003227152377
Alistipes_shahii,China,GH,21,100,0.03241907597927124,0.011679166145573074
Alistipes_shahii,China,Israel,21,100,0.0073392108266623,0.007172439804345418
Alistipes_shahii,China,KY,21,100,0.019824860639552716,0.009927282791989666
Alistipes_shahii,China,UK,21,100,0.01584824551634544,0.007805351264212524
Alistipes_shahii,China,US,21,100,0.009957567922518696,0.006993947297407982
Alistipes_shahii,GH,Israel,21,100,0.02804198160204586,0.01029566349631421
Alistipes_shahii,GH,KY,21,100,0.0024919734339026362,5.982049624333228e-08
Alistipes_shahii,GH,UK,21,100,0.03797646075918716,0.006298148410128382
Alistipes_shahii,GH,US,21,100,0.03519369928494243,0.012367108331871962
Alistipes_shahii,Israel,KY,21,100,0.011044235403081136,0.009098885327363608
Alistipes_shahii,Israel,UK,21,100,0.01339399274785102,0.007192960677608632
Alistipes_shahii,Israel,US,21,100,-1.117288442152772e-05,0.006890808537926876
Alistipes_shahii,KY,UK,21,100,0.027320423160751034,0.005542906046971809
Alistipes_shahii,KY,US,21,100,0.020645910531186352,0.011000799917191984
Alistipes_shahii,UK,US,21,100,0.008350560187500394,0.00769849713844052
Bacteroides_uniformis,AG,China,22,100,0.019038062713954675,0.013609999572223228
Bacteroides_uniformis,AG,Denmark,22,100,0.02295180263865804,0.011937996096073803
Bacteroides_uniformis,AG,Germany,22,100,0.0039014192327672848,0.007417935812434432
Bacteroides_uniformis,AG,Israel,22,100,0.0056094296759573005,0.007602838594830578
Bacteroides_uniformis,AG,Netherlands,22,100,0.01377815759006739,0.005115548420677628
Bacteroides_uniformis,AG,SW,22,100,0.006627063178962677,0.01061436889982222
Bacteroides_uniformis,AG,Sweden,22,100,0.008811549484928271,0.008339743704873698
Bacteroides_uniformis,AG,UK,22,100,0.020925282826905547,0.014811528068814313
Bacteroides_uniformis,AG,US,22,100,0.012473869280235715,0.01097825876064834
Bacteroides_uniformis,China,Denmark,22,100,0.027443831450604604,0.016008585456056663
Bacteroides_uniformis,China,Germany,22,100,0.016906372897772567,0.011505839124440087
Bacteroides_uniformis,China,Israel,22,100,0.011423209694998392,0.015159507671720475
Bacteroides_uniformis,China,Netherlands,22,100,0.012621296059599933,0.009246074258912695
Bacteroides_uniformis,China,SW,22,100,0.04261615611850128,0.018431179408169202
Bacteroides_uniformis,China,Sweden,22,100,0.027886134300039847,0.015841958524415896
Bacteroides_uniformis,China,UK,22,100,0.049309445657975244,0.019194871849353805
Bacteroides_uniformis,China,US,22,100,0.0321236052747181,0.020152885519130855
Bacteroides_uniformis,Denmark,Germany,22,100,0.000557168640963742,0.00782583656948944
Bacteroides_uniformis,Denmark,Israel,22,100,0.021543322520399286,0.013150153883207812
Bacteroides_uniformis,Denmark,Netherlands,22,100,-0.0052660914771730264,0.01102228642585887
Bacteroides_uniformis,Denmark,SW,22,100,0.04127950469161863,0.014387287150881917
Bacteroides_uniformis,Denmark,Sweden,22,100,-0.0029382063054373647,0.010165120831523258
Bacteroides_uniformis,Denmark,UK,22,100,0.025532299409719655,0.016942563167884596
Bacteroides_uniformis,Denmark,US,22,100,0.015258223858641508,0.014056489940769494
Bacteroides_uniformis,Germany,Israel,22,100,0.006510613298968109,0.008637514636703808
Bacteroides_uniformis,Germany,Netherlands,22,100,0.0007671046107997333,0.004025443148305983
Bacteroides_uniformis,Germany,SW,22,100,0.030031721178271,0.01025989710071959
Bacteroides_uniformis,Germany,Sweden,22,100,-0.004999124137784336,0.006113192604880839
Bacteroides_uniformis,Germany,UK,22,100,0.013069308719858931,0.014517760635756709
Bacteroides_uniformis,Germany,US,22,100,0.007745282053644494,0.010761976600558986
Bacteroides_uniformis,Israel,Netherlands,22,100,0.01243227757168875,0.008303816611145655
Bacteroides_uniformis,Israel,SW,22,100,0.01780811542596646,0.013500440363356493
Bacteroides_uniformis,Israel,Sweden,22,100,0.008697553069781169,0.009899909945620549
Bacteroides_uniformis,Israel,UK,22,100,0.024276340256884573,0.015692334262922273
Bacteroides_uniformis,Israel,US,22,100,0.01542351379557084,0.01452110960601648
Bacteroides_uniformis,Netherlands,SW,22,100,0.03281369695838781,0.006835897287895032
Bacteroides_uniformis,Netherlands,Sweden,22,100,0.0032073678505820124,0.007913895889755508
Bacteroides_uniformis,Netherlands,UK,22,100,0.027425513675377166,0.014693696764266082
Bacteroides_uniformis,Netherlands,US,22,100,0.009659488023724261,0.012119930574556965
Bacteroides_uniformis,SW,Sweden,22,100,0.01884215221327932,0.010600086970190409
Bacteroides_uniformis,SW,UK,22,100,0.023172976424037473,0.012100269514026523
Bacteroides_uniformis,SW,US,22,100,0.022426035206431424,0.01250310882954104
Bacteroides_uniformis,Sweden,UK,22,100,0.011855949325746063,0.013935451327127962
Bacteroides_uniformis,Sweden,US,22,100,0.006729310523833496,0.01058854059633221
Bacteroides_uniformis,UK,US,22,100,0.015426386737583508,0.015747206371045715
Barnesiella_intestinihominis,AG,China,25,100,0.01454389318346,0.010523032607428585
Barnesiella_intestinihominis,AG,Denmark,25,100,0.043207933656195074,0.02074682084489258
Barnesiella_intestinihominis,AG,Germany,25,100,0.07454114620783761,0.01563058157730426
Barnesiella_intestinihominis,AG,Israel,25,100,0.04882649388615592,0.0188352636461069
Barnesiella_intestinihominis,AG,SW,25,100,0.05563010432082212,0.01649527670645856
Barnesiella_intestinihominis,AG,Sweden,25,100,0.030354145504619835,0.017728284484606092
Barnesiella_intestinihominis,AG,UK,25,100,0.04607273383009625,0.020177085949626684
Barnesiella_intestinihominis,AG,US,25,100,0.06281540215193243,0.021294640701627225
Barnesiella_intestinihominis,China,Denmark,25,100,0.036827959378124005,0.022135032821647374
Barnesiella_intestinihominis,China,Germany,25,100,0.05207217812958506,0.01814559116232688
Barnesiella_intestinihominis,China,Israel,25,100,0.03864347624209361,0.01849863874001973
Barnesiella_intestinihominis,China,SW,25,100,0.05468545826718857,0.01847877920605843
Barnesiella_intestinihominis,China,Sweden,25,100,0.01937150097072629,0.015208939214891875
Barnesiella_intestinihominis,China,UK,25,100,0.03615502662320054,0.01988348675492364
Barnesiella_intestinihominis,China,US,25,100,0.05685990143036422,0.020355659938157706
Barnesiella_intestinihominis,Denmark,Germany,25,100,0.01586246573058074,0.01143565146940684
Barnesiella_intestinihominis,Denmark,Israel,25,100,0.01533382675123568,0.013510389512510398
Barnesiella_intestinihominis,Denmark,SW,25,100,0.031310024837209315,0.010261121439000523
Barnesiella_intestinihominis,Denmark,Sweden,25,100,0.002605760273002618,0.0110611690333429
Barnesiella_intestinihominis,Denmark,UK,25,100,0.014705856209037462,0.018473456000141743
Barnesiella_intestinihominis,Denmark,US,25,100,0.008169233577386626,0.011928617784706282
Barnesiella_intestinihominis,Germany,Israel,25,100,0.012890750428276688,0.010601581667847531
Barnesiella_intestinihominis,Germany,SW,25,100,0.019930499659952635,0.004957596682196384
Barnesiella_intestinihominis,Germany,Sweden,25,100,0.01228835395835276,0.009746260237913617
Barnesiella_intestinihominis,Germany,UK,25,100,0.010197988189522122,0.012249347871711445
Barnesiella_intestinihominis,Germany,US,25,100,0.0023879689625021907,0.010602733135833146
Barnesiella_intestinihominis,Israel,SW,25,100,0.017683501757333478,0.01105856331855275
Barnesiella_intestinihominis,Israel,Sweden,25,100,0.010997907816604756,0.011717494889858772
Barnesiella_intestinihominis,Israel,UK,25,100,0.013299680972180634,0.017373012555574836
Barnesiella_intestinihominis,Israel,US,25,100,0.009985665917174754,0.01259029263782687
Barnesiella_intestinihominis,SW,Sweden,25,100,0.027419942575375875,0.009055063801113539
Barnesiella_intestinihominis,SW,UK,25,100,0.00630709137615599,0.009203962021392221
Barnesiella_intestinihominis,SW,US,25,100,0.019458153402487716,0.011064681624368867
Barnesiella_intestinihominis,Sweden,UK,25,100,0.011732980031119927,0.013065409747559544
Barnesiella_intestinihominis,Sweden,US,25,100,0.01114177225130702,0.014729217783202606
Barnesiella_intestinihominis,UK,US,25,100,0.01053720562417756,0.015930381030944137
Bifidobacterium_adolescentis,AG,China,28,100,0.11815516297708316,0.008041631262104195
Bifidobacterium_adolescentis,AG,DM,28,100,0.007464684024209986,0.0033831849561413493
Bifidobacterium_adolescentis,AG,Israel,28,100,0.09052275384888007,0.005969428140088815
Bifidobacterium_adolescentis,AG,KY,28,100,0.07663888523872249,0.009060445944730405
Bifidobacterium_adolescentis,AG,Netherlands,28,100,0.07735829787671128,0.005098655430442243
Bifidobacterium_adolescentis,AG,SW,28,100,0.010742273736912783,0.0033125069131348184
Bifidobacterium_adolescentis,AG,US,28,100,0.06913469476082498,0.0034361578320562186
Bifidobacterium_adolescentis,China,DM,28,100,0.107212233527316,0.007144198012820983
Bifidobacterium_adolescentis,China,Israel,28,100,0.06852855764739017,0.006182763712519638
Bifidobacterium_adolescentis,China,KY,28,100,0.0958720332157609,0.006986720450397672
Bifidobacterium_adolescentis,China,Netherlands,28,100,0.06898137667497396,0.006498906352276532
Bifidobacterium_adolescentis,China,SW,28,100,0.09708123864923097,0.006935913436377944
Bifidobacterium_adolescentis,China,US,28,100,0.06378030914892464,0.005612393215409935
Bifidobacterium_adolescentis,DM,Israel,28,100,0.07919741827607092,0.004630125462351842
Bifidobacterium_adolescentis,DM,KY,28,100,0.06769768411535736,0.008091761048739028
Bifidobacterium_adolescentis,DM,Netherlands,28,100,0.06772026748305934,0.004329834484552282
Bifidobacterium_adolescentis,DM,SW,28,100,0.006917134861582813,0.0022974295883848935
Bifidobacterium_adolescentis,DM,US,28,100,0.05836928715842321,0.0020077538013671316
Bifidobacterium_adolescentis,Israel,KY,28,100,0.065281575819577,0.004479638913827708
Bifidobacterium_adolescentis,Israel,Netherlands,28,100,0.015729192923711225,0.0025907871213321607
Bifidobacterium_adolescentis,Israel,SW,28,100,0.06501527670822228,0.004303635757658083
Bifidobacterium_adolescentis,Israel,US,28,100,0.025221832039658637,0.0014620666469938948
Bifidobacterium_adolescentis,KY,Netherlands,28,100,0.06447636765659535,0.0050481233998627886
Bifidobacterium_adolescentis,KY,SW,28,100,0.06107152244490808,0.006887287064514034
Bifidobacterium_adolescentis,KY,US,28,100,0.05394813536998299,0.003865443228684221
Bifidobacterium_adolescentis,Netherlands,SW,28,100,0.05059626863766939,0.004181226902613391
Bifidobacterium_adolescentis,Netherlands,US,28,100,0.018410100751966238,0.0018690838613231785
Bifidobacterium_adolescentis,SW,US,28,100,0.04461952605092173,0.0026317783570334367
Blautia_A_wexlerae,AG,China,22,100,0.04026308368393033,0.007166412930749129
Blautia_A_wexlerae,AG,KY,22,100,0.0207441139208491,0.0021007885853283
Blautia_A_wexlerae,AG,Netherlands,22,100,0.050008651411604224,0.003556931470289683
Blautia_A_wexlerae,AG,SW,22,100,0.014562680688109628,0.004869511473887469
Blautia_A_wexlerae,AG,US,22,100,0.06897230189930557,0.002972110753759444
Blautia_A_wexlerae,China,KY,22,100,0.031003792211024048,0.005150060105934638
Blautia_A_wexlerae,China,Netherlands,22,100,0.08438977688352263,0.015506000397175293
Blautia_A_wexlerae,China,SW,22,100,0.05516965959618161,0.013407599921527019
Blautia_A_wexlerae,China,US,22,100,0.09138059010236853,0.015523028735140072
Blautia_A_wexlerae,KY,Netherlands,22,100,0.06024165808771126,0.0025401846953542182
Blautia_A_wexlerae,KY,SW,22,100,0.03639250867152554,0.0055275324410674195
Blautia_A_wexlerae,KY,US,22,100,0.07367963848575283,4.0295091141881245e-08
Blautia_A_wexlerae,Netherlands,SW,22,100,0.0218479429132015,0.004021186094235337
Blautia_A_wexlerae,Netherlands,US,22,100,0.01071560214090327,0.0013292051221691222
Blautia_A_wexlerae,SW,US,22,100,0.04115806178359189,0.005327984865115671
Butyrivibrio_A_crossotus,AG,BF,21,100,0.17462511566076824,0.02280576140356513
Butyrivibrio_A_crossotus,AG,DM,21,100,0.006993983959753922,0.009288884217396253
Butyrivibrio_A_crossotus,AG,Denmark,21,100,0.21931269943391732,0.042758720788652727
Butyrivibrio_A_crossotus,AG,Fiji,21,100,0.18562647862492562,0.027954026531834382
Butyrivibrio_A_crossotus,AG,GH,21,100,0.11315431187932455,0.018424797516606025
Butyrivibrio_A_crossotus,AG,Israel,21,100,0.27558198206599477,0.026313250741571276
Butyrivibrio_A_crossotus,AG,KY,21,100,0.11625361842343988,0.026949134501449628
Butyrivibrio_A_crossotus,AG,Kazakhstan,21,100,0.2993026775504098,0.02013838159607007
Butyrivibrio_A_crossotus,AG,SW,21,100,0.028118073081985443,0.013428333279246555
Butyrivibrio_A_crossotus,AG,US,21,100,0.21897896426837485,0.028885712420050016
Butyrivibrio_A_crossotus,BF,DM,21,100,0.18185067900418606,0.021984430959951142
Butyrivibrio_A_crossotus,BF,Denmark,21,100,0.23481059547161937,0.018686909062971293
Butyrivibrio_A_crossotus,BF,Fiji,21,100,0.17646388751479214,0.022069132324873682
Butyrivibrio_A_crossotus,BF,GH,21,100,0.0669135553495814,0.022623031225421267
Butyrivibrio_A_crossotus,BF,Israel,21,100,0.2580308540648627,0.01711040864764801
Butyrivibrio_A_crossotus,BF,KY,21,100,0.13033564687474933,0.01957634398818984
Butyrivibrio_A_crossotus,BF,Kazakhstan,21,100,0.2722050686108234,0.009670674828543242
Butyrivibrio_A_crossotus,BF,SW,21,100,0.18601838691501052,0.01853835860020676
Butyrivibrio_A_crossotus,BF,US,21,100,0.21841823280278022,0.016816716348129274
Butyrivibrio_A_crossotus,DM,Denmark,21,100,0.19611169701277106,0.04445124664350345
Butyrivibrio_A_crossotus,DM,Fiji,21,100,0.191235551560581,0.027203805918589886
Butyrivibrio_A_crossotus,DM,GH,21,100,0.12527658123767343,0.01645465633282035
Butyrivibrio_A_crossotus,DM,Israel,21,100,0.2503496874103431,0.03920517871878172
Butyrivibrio_A_crossotus,DM,KY,21,100,0.1044465314689323,0.0289074558821913
Butyrivibrio_A_crossotus,DM,Kazakhstan,21,100,0.2735915463776346,0.029575901751260212
Butyrivibrio_A_crossotus,DM,SW,21,100,0.005232041901669487,0.009836181473112864
Butyrivibrio_A_crossotus,DM,US,21,100,0.19557666299149296,0.03706081798237411
Butyrivibrio_A_crossotus,Denmark,Fiji,21,100,0.26559565796279666,0.03063205835869682
Butyrivibrio_A_crossotus,Denmark,GH,21,100,0.23894446810380665,0.02296130096865297
Butyrivibrio_A_crossotus,Denmark,Israel,21,100,0.03146319000290223,0.01968866453109053
Butyrivibrio_A_crossotus,Denmark,KY,21,100,0.09244042233314823,0.021638358405117478
Butyrivibrio_A_crossotus,Denmark,Kazakhstan,21,100,0.06340557525277252,0.01673431264788228
Butyrivibrio_A_crossotus,Denmark,SW,21,100,0.16617673095901866,0.0398110452777521
Butyrivibrio_A_crossotus,Denmark,US,21,100,0.023866675857454472,0.010792403043369508
Butyrivibrio_A_crossotus,Fiji,GH,21,100,0.14229849964577737,0.016020286878596076
Butyrivibrio_A_crossotus,Fiji,Israel,21,100,0.29566497538493874,0.030576323129017303
Butyrivibrio_A_crossotus,Fiji,KY,21,100,0.14749393328763757,0.023718351763870965
Butyrivibrio_A_crossotus,Fiji,Kazakhstan,21,100,0.31389249879290904,0.025316152829735324
Butyrivibrio_A_crossotus,Fiji,SW,21,100,0.19408624423086263,0.02486392713136184
Butyrivibrio_A_crossotus,Fiji,US,21,100,0.24609038018064036,0.02772329880620269
Butyrivibrio_A_crossotus,GH,Israel,21,100,0.27148765069930236,0.01771203473491231
Butyrivibrio_A_crossotus,GH,KY,21,100,0.10208036659419223,0.01962986651486313
Butyrivibrio_A_crossotus,GH,Kazakhstan,21,100,0.28946407229160287,0.004470494262178321
Butyrivibrio_A_crossotus,GH,SW,21,100,0.1408856986567233,0.012971608897140016
Butyrivibrio_A_crossotus,GH,US,21,100,0.2216011567560925,0.016117259076209887
Butyrivibrio_A_crossotus,Israel,KY,21,100,0.10831897849315615,0.025202545356158665
Butyrivibrio_A_crossotus,Israel,Kazakhstan,21,100,0.04234119327398371,0.005801605948844729
Butyrivibrio_A_crossotus,Israel,SW,21,100,0.22257684202912953,0.028931652728886682
Butyrivibrio_A_crossotus,Israel,US,21,100,0.02331058245490131,0.009818730583127303
Butyrivibrio_A_crossotus,KY,Kazakhstan,21,100,0.1296408098503836,0.020029663398005177
Butyrivibrio_A_crossotus,KY,SW,21,100,0.09994957623990987,0.021921400049655083
Butyrivibrio_A_crossotus,KY,US,21,100,0.07473466331150314,0.018457181055277
Butyrivibrio_A_crossotus,Kazakhstan,SW,21,100,0.24871694832947708,0.016643201901912215
Butyrivibrio_A_crossotus,Kazakhstan,US,21,100,0.054469566479099896,0.004203127659102813
Butyrivibrio_A_crossotus,SW,US,21,100,0.1675699680602334,0.02820451150626983
Butyrivibrio_A_sp000431815,AG,BF,20,100,0.36811498351122196,0.01962389256298264
Butyrivibrio_A_sp000431815,AG,DM,20,100,0.028088932059624074,0.011064066326505995
Butyrivibrio_A_sp000431815,AG,Denmark,20,100,0.3059726898083734,0.026809181088901877
Butyrivibrio_A_sp000431815,AG,Fiji,20,100,0.1579381212808924,0.015261775706943734
Butyrivibrio_A_sp000431815,BF,DM,20,100,0.3770200730274263,0.018776076290250163
Butyrivibrio_A_sp000431815,BF,Denmark,20,100,0.5008375744073598,0.016154780730545777
Butyrivibrio_A_sp000431815,BF,Fiji,20,100,0.3930541066632188,0.018355615892088673
Butyrivibrio_A_sp000431815,DM,Denmark,20,100,0.30030619353568944,0.002236119821716424
Butyrivibrio_A_sp000431815,DM,Fiji,20,100,0.15790717394675602,3.384276189690784e-08
Butyrivibrio_A_sp000431815,Denmark,Fiji,20,100,0.23264293897856425,0.002389212764377703
CAG-177_sp000431775,AG,BF,20,100,0.22208200752694193,0.04804643764656603
CAG-177_sp000431775,AG,DM,20,100,0.01571305652954953,0.009863276132322052
CAG-177_sp000431775,AG,GH,20,100,0.18391498553508498,0.015192829193482294
CAG-177_sp000431775,AG,KY,20,100,0.024394289617440647,0.009868664026752506
CAG-177_sp000431775,AG,SW,20,100,0.027154678778001443,0.015459115483088367
CAG-177_sp000431775,BF,DM,20,100,0.24635247077797134,0.04632930631734416
CAG-177_sp000431775,BF,GH,20,100,-0.00536506811807176,0.008051634849981275
CAG-177_sp000431775,BF,KY,20,100,0.22834064367588314,0.04641963533970602
CAG-177_sp000431775,BF,SW,20,100,0.24411920048632596,0.04459117005594066
CAG-177_sp000431775,DM,GH,20,100,0.2075195518807449,0.006043757414316872
CAG-177_sp000431775,DM,KY,20,100,0.026177153088913267,0.00898314904941314
CAG-177_sp000431775,DM,SW,20,100,0.029937263206925326,0.014714070344043578
CAG-177_sp000431775,GH,KY,20,100,0.1893441689419231,0.005373591664007639
CAG-177_sp000431775,GH,SW,20,100,0.20604526931218556,0.00552449326193619
CAG-177_sp000431775,KY,SW,20,100,0.03306536026711995,0.011399419891591133
CAG-177_sp003514385,AG,BF,25,100,0.09526566339911355,0.014081243646207234
CAG-177_sp003514385,AG,China,25,100,0.02877791325217099,0.010412788285590538
CAG-177_sp003514385,AG,DM,25,100,0.0027150964763184974,0.009434154458361285
CAG-177_sp003514385,AG,Denmark,25,100,0.02094760671652386,0.009008563292448996
CAG-177_sp003514385,AG,Fiji,25,100,0.06038141891359665,0.01035584076116931
CAG-177_sp003514385,AG,GH,25,100,0.05530601746630687,0.006550946764007633
CAG-177_sp003514385,AG,Israel,25,100,0.01771688309650553,0.011470223248482797
CAG-177_sp003514385,AG,KY,25,100,0.035077541678426895,0.014651948083076703
CAG-177_sp003514385,AG,Kazakhstan,25,100,0.03020669125289294,0.012349558979852774
CAG-177_sp003514385,AG,SW,25,100,0.015715312605328255,0.013437437768033982
CAG-177_sp003514385,AG,UK,25,100,0.021401361788886904,0.007027199614119739
CAG-177_sp003514385,AG,US,25,100,0.06399307711944838,0.012235778890209131
CAG-177_sp003514385,BF,China,25,100,0.09862497817095386,0.016036354132225653
CAG-177_sp003514385,BF,DM,25,100,0.08320870491465879,0.00939530108288559
CAG-177_sp003514385,BF,Denmark,25,100,0.08267127309688643,0.009570851648267225
CAG-177_sp003514385,BF,Fiji,25,100,0.12235174096080986,0.011194402982243175
CAG-177_sp003514385,BF,GH,25,100,0.027004720231278867,0.003850834136600185
CAG-177_sp003514385,BF,Israel,25,100,0.08490223962533718,0.01204120239459051
CAG-177_sp003514385,BF,KY,25,100,0.029868229633216337,0.009650285040833071
CAG-177_sp003514385,BF,Kazakhstan,25,100,0.07669295761024951,0.009040099169074
CAG-177_sp003514385,BF,SW,25,100,0.08844251974055371,0.013118488459602517
CAG-177_sp003514385,BF,UK,25,100,0.10162821484785388,0.011456786929909896
CAG-177_sp003514385,BF,US,25,100,0.13999695456053116,0.01342568295502343
CAG-177_sp003514385,China,DM,25,100,0.0328593355584314,0.014621803924707532
CAG-177_sp003514385,China,Denmark,25,100,0.02043657035482257,0.010872574997080279
CAG-177_sp003514385,China,Fiji,25,100,0.05095950380659,0.009452161576778638
CAG-177_sp003514385,China,GH,25,100,0.06599882505518453,0.008029607207831649
CAG-177_sp003514385,China,Israel,25,100,0.029471189363661877,0.012761162617730488
CAG-177_sp003514385,China,KY,25,100,0.05271841387169565,0.015115323070981165
CAG-177_sp003514385,China,Kazakhstan,25,100,0.03696863313068366,0.014365794759137723
CAG-177_sp003514385,China,SW,25,100,0.03262031477106512,0.014179396949417047
CAG-177_sp003514385,China,UK,25,100,0.021555702638477635,0.007806649432827418
CAG-177_sp003514385,China,US,25,100,0.06380366338213768,0.013673727296375998
CAG-177_sp003514385,DM,Denmark,25,100,0.013538993993664396,0.004474198731718036
CAG-177_sp003514385,DM,Fiji,25,100,0.06852821004887645,0.00827369958114341
CAG-177_sp003514385,DM,GH,25,100,0.05333813576905309,0.005162360653111727
CAG-177_sp003514385,DM,Israel,25,100,0.013638689803476043,0.006510958319626587
CAG-177_sp003514385,DM,KY,25,100,0.024888073914681577,0.011935677343892236
CAG-177_sp003514385,DM,Kazakhstan,25,100,0.013950098406703772,0.0064835855572051545
CAG-177_sp003514385,DM,SW,25,100,0.011892225173302483,0.010199593906643361
CAG-177_sp003514385,DM,UK,25,100,0.023420891357214237,0.00863071009287343
CAG-177_sp003514385,DM,US,25,100,0.06640601554773438,0.013377747656536291
CAG-177_sp003514385,Denmark,Fiji,25,100,0.06177418636605294,0.007848503102156262
CAG-177_sp003514385,Denmark,GH,25,100,0.05599377360941489,0.003039263255438379
CAG-177_sp003514385,Denmark,Israel,25,100,0.005798118003157173,0.005641878372227934
CAG-177_sp003514385,Denmark,KY,25,100,0.029769337949796363,0.010543697646952198
CAG-177_sp003514385,Denmark,Kazakhstan,25,100,0.007075408788696562,0.0056306041173053226
CAG-177_sp003514385,Denmark,SW,25,100,0.017779289799096435,0.008836605491515699
CAG-177_sp003514385,Denmark,UK,25,100,0.007059687183617123,0.007048368970338891
CAG-177_sp003514385,Denmark,US,25,100,0.05992655498508673,0.011911956087788946
CAG-177_sp003514385,Fiji,GH,25,100,0.08438206253067561,0.004664246444887836
CAG-177_sp003514385,Fiji,Israel,25,100,0.06330238407090327,0.010307020795221998
CAG-177_sp003514385,Fiji,KY,25,100,0.07921319512045308,0.010566353966089044
CAG-177_sp003514385,Fiji,Kazakhstan,25,100,0.07473423972376683,0.007458515944688433
CAG-177_sp003514385,Fiji,SW,25,100,0.07010258600486381,0.011924715511090722
CAG-177_sp003514385,Fiji,UK,25,100,0.06362812980262714,0.007279686783904631
CAG-177_sp003514385,Fiji,US,25,100,0.1122115678419898,0.012398165722459616
CAG-177_sp003514385,GH,Israel,25,100,0.05968374914048151,0.004375679029482875
CAG-177_sp003514385,GH,KY,25,100,0.017558295061297278,0.006139885766951297
CAG-177_sp003514385,GH,Kazakhstan,25,100,0.06480621361674474,5.0946300071696166e-08
CAG-177_sp003514385,GH,SW,25,100,0.06476357099924739,0.008933118376571323
CAG-177_sp003514385,GH,UK,25,100,0.06393426091184266,0.0043416243700870865
CAG-177_sp003514385,GH,US,25,100,0.10275465365776743,0.01002383415976953
CAG-177_sp003514385,Israel,KY,25,100,0.03377337287017667,0.011147172727398057
CAG-177_sp003514385,Israel,Kazakhstan,25,100,0.0070125421441005024,0.007963496379446199
CAG-177_sp003514385,Israel,SW,25,100,0.02288537971886464,0.009661966549101033
CAG-177_sp003514385,Israel,UK,25,100,0.014428419861892403,0.009888058630081359
CAG-177_sp003514385,Israel,US,25,100,0.061257281554860085,0.015500084135520713
CAG-177_sp003514385,KY,Kazakhstan,25,100,0.027726174516257415,0.010891949064864771
CAG-177_sp003514385,KY,SW,25,100,0.03480594407232522,0.012999259595261355
CAG-177_sp003514385,KY,UK,25,100,0.04909380764533923,0.012478168152112931
CAG-177_sp003514385,KY,US,25,100,0.08910261829197134,0.014125505127240853
CAG-177_sp003514385,Kazakhstan,SW,25,100,0.026327540933722048,0.009702274311289078
CAG-177_sp003514385,Kazakhstan,UK,25,100,0.030557810274399914,0.008240120094914136
CAG-177_sp003514385,Kazakhstan,US,25,100,0.07776504598614856,0.011759824390900783
CAG-177_sp003514385,SW,UK,25,100,0.027020045903775203,0.012000346388040466
CAG-177_sp003514385,SW,US,25,100,0.06580868145142668,0.016622496513498754
CAG-177_sp003514385,UK,US,25,100,0.04807651836360132,0.010124893208983226
CAG-177_sp003538135,AG,China,22,100,0.08804308378040904,0.01411774723292294
CAG-177_sp003538135,AG,DM,22,100,0.007664070625185909,0.009936112001308358
CAG-177_sp003538135,AG,Fiji,22,100,0.08283158934141475,0.010547786788435909
CAG-177_sp003538135,AG,KY,22,100,0.016566109921069508,0.009095764954466812
CAG-177_sp003538135,AG,SW,22,100,0.006318708415871687,0.011024666769623485
CAG-177_sp003538135,China,DM,22,100,0.08349737852836014,0.009939694235654712
CAG-177_sp003538135,China,Fiji,22,100,0.08694658838953673,0.008577159828750727
CAG-177_sp003538135,China,KY,22,100,0.07508501315518969,0.007198609352968371
CAG-177_sp003538135,China,SW,22,100,0.09141126997657699,0.010326015978526743
CAG-177_sp003538135,DM,Fiji,22,100,0.07546861933376137,0.0066728512453470374
CAG-177_sp003538135,DM,KY,22,100,0.016468687435009413,0.0041788780860052286
CAG-177_sp003538135,DM,SW,22,100,-0.002232661691642471,0.006758299105682271
CAG-177_sp003538135,Fiji,KY,22,100,0.07329762048419206,0.004730808825619351
CAG-177_sp003538135,Fiji,SW,22,100,0.08202572777081318,0.00670123649003596
CAG-177_sp003538135,KY,SW,22,100,0.01614562275301004,0.005279500877939278
CAG-217_sp000436335,AG,China,25,100,0.031899838719907675,0.007858291231951154
CAG-217_sp000436335,AG,DM,25,100,0.0034748116471940782,0.004826752150546688
CAG-217_sp000436335,AG,Israel,25,100,0.07123204158180581,0.01714169603726183
CAG-217_sp000436335,AG,KY,25,100,0.016641870851476233,0.004213883998377172
CAG-217_sp000436335,AG,SW,25,100,0.017283546481690844,0.010598493340836124
CAG-217_sp000436335,AG,UK,25,100,0.07096840193434772,0.009437609587087172
CAG-217_sp000436335,AG,US,25,100,0.046662201505616424,0.006948369065152024
CAG-217_sp000436335,China,DM,25,100,0.032491502221618694,0.004923563956922839
CAG-217_sp000436335,China,Israel,25,100,0.10798563250291911,0.015440657575789342
CAG-217_sp000436335,China,KY,25,100,0.04001693816759031,0.005981324687445609
CAG-217_sp000436335,China,SW,25,100,0.06166270899909358,0.010469334401781745
CAG-217_sp000436335,China,UK,25,100,0.09879214624493614,0.011448636281880066
CAG-217_sp000436335,China,US,25,100,0.06954585141542283,0.007189357910820859
CAG-217_sp000436335,DM,Israel,25,100,0.0762160953702435,0.014480235017117525
CAG-217_sp000436335,DM,KY,25,100,0.016899530394120506,0.002874364218167263
CAG-217_sp000436335,DM,SW,25,100,0.023581633903693874,0.006295206893632869
CAG-217_sp000436335,DM,UK,25,100,0.07444758497272574,0.007028187323046976
CAG-217_sp000436335,DM,US,25,100,0.04940959866850655,0.0036879873397953795
CAG-217_sp000436335,Israel,KY,25,100,0.07523939548784324,0.013728479831632957
CAG-217_sp000436335,Israel,SW,25,100,0.03601857870698614,0.011075953167755292
CAG-217_sp000436335,Israel,UK,25,100,0.02193551114365971,0.00938858937760565
CAG-217_sp000436335,Israel,US,25,100,0.01620293706519297,0.0058804291233453794
CAG-217_sp000436335,KY,SW,25,100,0.03018317548364816,0.004913850494358723
CAG-217_sp000436335,KY,UK,25,100,0.07473263617363743,0.0062997200351449355
CAG-217_sp000436335,KY,US,25,100,0.048617290400080254,0.0022457614266986436
CAG-217_sp000436335,SW,UK,25,100,0.03565947190750172,0.006243938814613881
CAG-217_sp000436335,SW,US,25,100,0.017990045044418233,0.003956635160710149
CAG-217_sp000436335,UK,US,25,100,0.01121495694851444,0.0025340584665251658
CAG-349_sp003539515,AG,BF,35,100,0.045614093503871835,0.0053843571498560895
CAG-349_sp003539515,AG,DM,35,100,0.002603905733423015,0.0022734595495693313
CAG-349_sp003539515,AG,GH,35,100,0.03794907528483293,0.001735952076632181
CAG-349_sp003539515,AG,KY,35,100,0.015835525326374552,0.002384900325757032
CAG-349_sp003539515,AG,SW,35,100,0.007028231126723457,0.002063622691490004
CAG-349_sp003539515,BF,DM,35,100,0.045561686892374845,0.005097175722119518
CAG-349_sp003539515,BF,GH,35,100,0.007426233842296668,0.0016972680847518213
CAG-349_sp003539515,BF,KY,35,100,0.040624114363898664,0.005260413785685266
CAG-349_sp003539515,BF,SW,35,100,0.042113002078158955,0.004779380582434202
CAG-349_sp003539515,DM,GH,35,100,0.03791874544814422,0.000901344367034469
CAG-349_sp003539515,DM,KY,35,100,0.015273586817075347,0.0018583091410553233
CAG-349_sp003539515,DM,SW,35,100,0.006131565040649065,0.00095999467100033
CAG-349_sp003539515,GH,KY,35,100,0.033487493501026526,0.0012650613210706666
CAG-349_sp003539515,GH,SW,35,100,0.0354106294194934,5.159981335293795e-08
CAG-349_sp003539515,KY,SW,35,100,0.017081403628285866,0.0015086059318481831
CAG-353_sp900066885,AG,Israel,21,100,0.03447055626944108,0.009586631143105886
CAG-353_sp900066885,AG,US,21,100,0.03149222139962955,0.008715436516881604
CAG-353_sp900066885,Israel,US,21,100,0.00607993488915349,0.0017985162780179602
CAG-488_sp000434055,AG,DM,20,100,0.022102938030197108,0.01368390104280958
CAG-488_sp000434055,AG,SW,20,100,0.004094181679242049,0.01240706488698584
CAG-488_sp000434055,DM,SW,20,100,0.01024032293592574,0.005197656415683488
CAG-510_sp000434615,AG,BF,21,100,0.41903047999480725,0.0272235902715844
CAG-510_sp000434615,AG,GH,21,100,0.37692750255004953,0.005797414192641936
CAG-510_sp000434615,BF,GH,21,100,0.04896013844591814,0.00863953168966408
CAG-568_sp000434395,AG,Fiji,28,100,0.27660212967355635,0.006245512350269817
CAG-568_sp000434395,AG,KY,28,100,0.1576128891191491,0.008383869001536317
CAG-568_sp000434395,Fiji,KY,28,100,0.1761321196746812,0.0031100195712768946
Catenibacterium_mitsuokai,AG,KY,20,100,0.15201014547841107,0.02391150507229504
Catenibacterium_mitsuokai,AG,SW,20,100,0.019362977465973732,0.007453336676339276
Catenibacterium_mitsuokai,KY,SW,20,100,0.2156996287601201,0.00980043504695606
Coprococcus_eutactus_A,AG,China,20,100,0.1824998804580366,0.01981060505324555
Coprococcus_eutactus_A,AG,Denmark,20,100,0.06605664235827317,0.00696128818684414
Coprococcus_eutactus_A,AG,Fiji,20,100,0.08995096505844304,0.0025328677240082516
Coprococcus_eutactus_A,AG,Israel,20,100,0.06797135584087254,0.011235669378579857
Coprococcus_eutactus_A,AG,Netherlands,20,100,0.0805083742150514,0.005913889572833069
Coprococcus_eutactus_A,AG,Sweden,20,100,0.07314898649494113,0.008459344811934631
Coprococcus_eutactus_A,AG,UK,20,100,0.08611991242291384,0.007345949713843805
Coprococcus_eutactus_A,AG,US,20,100,0.05918463458894161,0.00873135303990387
Coprococcus_eutactus_A,China,Denmark,20,100,0.20585764267439172,0.02918182510687411
Coprococcus_eutactus_A,China,Fiji,20,100,0.11474184739007232,0.014056596892759649
Coprococcus_eutactus_A,China,Israel,20,100,0.19907560746190822,0.03022082988954961
Coprococcus_eutactus_A,China,Netherlands,20,100,0.22730271691430787,0.023830175516802065
Coprococcus_eutactus_A,China,Sweden,20,100,0.197312350369992,0.0287289375361108
Coprococcus_eutactus_A,China,UK,20,100,0.23564283186504006,0.02390222739650163
Coprococcus_eutactus_A,China,US,20,100,0.17892278189979077,0.029016219647330588
Coprococcus_eutactus_A,Denmark,Fiji,20,100,0.0927577035861616,0.009048931648189549
Coprococcus_eutactus_A,Denmark,Israel,20,100,0.021073981209155428,0.008854719748500925
Coprococcus_eutactus_A,Denmark,Netherlands,20,100,0.012719473022683978,0.005867547046992005
Coprococcus_eutactus_A,Denmark,Sweden,20,100,0.01159608565084696,0.008982934791956958
Coprococcus_eutactus_A,Denmark,UK,20,100,0.01557007459134977,0.006540758985556536
Coprococcus_eutactus_A,Denmark,US,20,100,0.022443562339822233,0.008370514559291057
Coprococcus_eutactus_A,Fiji,Israel,20,100,0.09310014149032642,0.014012464338835707
Coprococcus_eutactus_A,Fiji,Netherlands,20,100,0.1072264306581442,0.0050466720898318775
Coprococcus_eutactus_A,Fiji,Sweden,20,100,0.09389363977961845,0.011791846980455696
Coprococcus_eutactus_A,Fiji,UK,20,100,0.1154014669497815,0.004496370251886492
Coprococcus_eutactus_A,Fiji,US,20,100,0.08198773486880499,0.012081341923908412
Coprococcus_eutactus_A,Israel,Netherlands,20,100,0.03163397260991456,0.009000130029546674
Coprococcus_eutactus_A,Israel,Sweden,20,100,0.03433682392563008,0.012545704450010619
Coprococcus_eutactus_A,Israel,UK,20,100,0.03920205732637601,0.009009125303914869
Coprococcus_eutactus_A,Israel,US,20,100,0.03681145098342382,0.010584385830451189
Coprococcus_eutactus_A,Netherlands,Sweden,20,100,0.01956150457181513,0.0070867654282242695
Coprococcus_eutactus_A,Netherlands,UK,20,100,0.026728216430770894,0.006156271927172251
Coprococcus_eutactus_A,Netherlands,US,20,100,0.04096583419873455,0.006884293238487667
Coprococcus_eutactus_A,Sweden,UK,20,100,0.025648885808655684,0.008726718822495608
Coprococcus_eutactus_A,Sweden,US,20,100,0.03106204121066522,0.009117721582401473
Coprococcus_eutactus_A,UK,US,20,100,0.04033669115039901,0.007750692166519608
Dialister_sp000434475,AG,DM,21,100,0.0016605272384716404,0.0024028346055886044
Dialister_sp000434475,AG,Fiji,21,100,0.04070258500290052,0.005804928897190192
Dialister_sp000434475,AG,Israel,21,100,0.09503882334260044,0.011989644930104841
Dialister_sp000434475,AG,KY,21,100,0.0370761133390521,0.009831565993460406
Dialister_sp000434475,AG,Madagascar,21,100,0.0510671525900242,0.0029294521722124677
Dialister_sp000434475,AG,SW,21,100,0.009858554624758877,0.008180796347858985
Dialister_sp000434475,DM,Fiji,21,100,0.039176740380983774,0.005114210505169778
Dialister_sp000434475,DM,Israel,21,100,0.09355041799877024,0.012204288963960882
Dialister_sp000434475,DM,KY,21,100,0.03821610756595922,0.008323437412585476
Dialister_sp000434475,DM,Madagascar,21,100,0.049630762724443,0.0018577895392211273
Dialister_sp000434475,DM,SW,21,100,0.007881195229468028,0.007252352150241572
Dialister_sp000434475,Fiji,Israel,21,100,0.11030046530575181,0.011346070660645824
Dialister_sp000434475,Fiji,KY,21,100,0.05332762010805359,0.008923770774938134
Dialister_sp000434475,Fiji,Madagascar,21,100,0.06899156725489446,0.005074446910849731
Dialister_sp000434475,Fiji,SW,21,100,0.03954841399550967,0.009173952995064093
Dialister_sp000434475,Israel,KY,21,100,0.07361917487600705,0.015061727166076113
Dialister_sp000434475,Israel,Madagascar,21,100,0.13184412845808258,0.009362585328034042
Dialister_sp000434475,Israel,SW,21,100,0.06682833923492784,0.013087717267267566
Dialister_sp000434475,KY,Madagascar,21,100,0.06226662848460851,0.006985007614818159
Dialister_sp000434475,KY,SW,21,100,0.028808463759046336,0.008981010426036752
Dialister_sp000434475,Madagascar,SW,21,100,0.052195033704628926,0.0072977782855801416
Duodenibacillus_massiliensis,AG,BF,22,100,0.05109168228725075,0.012210847786481724
Duodenibacillus_massiliensis,AG,DM,22,100,0.009151601235568962,0.010513939989602402
Duodenibacillus_massiliensis,AG,GH,22,100,0.0530815232332447,0.010606364347214991
Duodenibacillus_massiliensis,AG,KY,22,100,0.016136920209046293,0.008064301434166626
Duodenibacillus_massiliensis,AG,SW,22,100,0.035607279401900734,0.013343544645831016
Duodenibacillus_massiliensis,BF,DM,22,100,0.0310306039612714,0.005928969704786954
Duodenibacillus_massiliensis,BF,GH,22,100,0.019036914563998097,0.00368475976037605
Duodenibacillus_massiliensis,BF,KY,22,100,0.039447643453938946,0.009309886630328102
Duodenibacillus_massiliensis,BF,SW,22,100,0.034282370604963266,0.004017778234331619
Duodenibacillus_massiliensis,DM,GH,22,100,0.04205140021496516,0.006807506532381414
Duodenibacillus_massiliensis,DM,KY,22,100,0.018737983298776607,0.008508271312101518
Duodenibacillus_massiliensis,DM,SW,22,100,0.0030871705673985133,0.006439618657528695
Duodenibacillus_massiliensis,GH,KY,22,100,0.040968405961704556,0.006996465209276392
Duodenibacillus_massiliensis,GH,SW,22,100,0.05576020556607795,0.005157337145515228
Duodenibacillus_massiliensis,KY,SW,22,100,0.03788248933661178,0.00829162199661153
ER4_sp000765235,AG,China,22,100,0.056829825690963724,0.018736927317809356
ER4_sp000765235,AG,Israel,22,100,0.029218332375281212,0.010826041365850797
ER4_sp000765235,AG,Kazakhstan,22,100,0.03613762226100975,0.007058699741413906
ER4_sp000765235,AG,SW,22,100,0.01794478228400453,0.01190599777003638
ER4_sp000765235,AG,US,22,100,0.07092193839012328,0.021516716040307124
ER4_sp000765235,China,Israel,22,100,0.0748494365454289,0.022097122236266045
ER4_sp000765235,China,Kazakhstan,22,100,0.10319278202502387,0.02015479800118439
ER4_sp000765235,China,SW,22,100,0.08676832160594722,0.021204547537917912
ER4_sp000765235,China,US,22,100,0.12704037815971136,0.033720226863808926
ER4_sp000765235,Israel,Kazakhstan,22,100,0.04337708625653958,0.010672999511423724
ER4_sp000765235,Israel,SW,22,100,0.034860638580204856,0.013082414314523482
ER4_sp000765235,Israel,US,22,100,0.06092425507138051,0.023501968659673397
ER4_sp000765235,Kazakhstan,SW,22,100,0.02812183207407383,0.007636358948037836
ER4_sp000765235,Kazakhstan,US,22,100,0.06215782032864301,0.02002984165625638
ER4_sp000765235,SW,US,22,100,0.061599474837278796,0.0218765926461288
Eubacterium_F_sp003491505,AG,China,23,100,0.1727700500560059,0.026166571473805116
Eubacterium_F_sp003491505,AG,DM,23,100,0.028315080174086852,0.01029150288572401
Eubacterium_F_sp003491505,AG,Denmark,23,100,0.06161065043042996,0.012745114951838178
Eubacterium_F_sp003491505,AG,Israel,23,100,0.05538112982529611,0.008656620575695438
Eubacterium_F_sp003491505,AG,SW,23,100,0.007778350852907473,0.007896357954655592
Eubacterium_F_sp003491505,AG,Sweden,23,100,0.05056995639355441,0.009994760081969763
Eubacterium_F_sp003491505,AG,UK,23,100,0.05602141940243063,0.0096749690395275
Eubacterium_F_sp003491505,AG,US,23,100,0.06229440903695071,0.00940294019847535
Eubacterium_F_sp003491505,China,DM,23,100,0.21529491881995902,0.01525496982845569
Eubacterium_F_sp003491505,China,Denmark,23,100,0.22361400264111095,0.029631593575729986
Eubacterium_F_sp003491505,China,Israel,23,100,0.15707386438407417,0.015580929685589414
Eubacterium_F_sp003491505,China,SW,23,100,0.1528622852374059,0.01653110398347758
Eubacterium_F_sp003491505,China,Sweden,23,100,0.1825040210214145,0.024852937026929218
Eubacterium_F_sp003491505,China,UK,23,100,0.16787664376782807,0.025200814294554907
Eubacterium_F_sp003491505,China,US,23,100,0.24211172590035107,0.02144087334616056
Eubacterium_F_sp003491505,DM,Denmark,23,100,0.0851046471308124,0.010785541314359465
Eubacterium_F_sp003491505,DM,Israel,23,100,0.08337634911891768,4.076452104419021e-08
Eubacterium_F_sp003491505,DM,SW,23,100,0.030823608237739455,0.0027007710132893334
Eubacterium_F_sp003491505,DM,Sweden,23,100,0.05949610548911219,0.004767587290345781
Eubacterium_F_sp003491505,DM,UK,23,100,0.07199690969077763,0.00548638140934911
Eubacterium_F_sp003491505,DM,US,23,100,0.08989542292837725,0.007950190492129238
Eubacterium_F_sp003491505,Denmark,Israel,23,100,0.012503293932487922,0.006900037786358517
Eubacterium_F_sp003491505,Denmark,SW,23,100,0.0392112266502917,0.010118872667566376
Eubacterium_F_sp003491505,Denmark,Sweden,23,100,0.006159068432061591,0.006671304956065714
Eubacterium_F_sp003491505,Denmark,UK,23,100,0.01312437861925668,0.008490409564057704
Eubacterium_F_sp003491505,Denmark,US,23,100,0.009508161236283815,0.004740157757966219
Eubacterium_F_sp003491505,Israel,SW,23,100,0.027555978608779782,0.002131847862769355
Eubacterium_F_sp003491505,Israel,Sweden,23,100,-0.0003082483361996434,0.00422921245694457
Eubacterium_F_sp003491505,Israel,UK,23,100,0.0072071409144897815,0.0038669739175877476
Eubacterium_F_sp003491505,Israel,US,23,100,0.021438836122461797,0.006108219183091381
Eubacterium_F_sp003491505,SW,Sweden,23,100,0.01742648568957333,0.004962744946110714
Eubacterium_F_sp003491505,SW,UK,23,100,0.022169544827597684,0.0052492495160761385
Eubacterium_F_sp003491505,SW,US,23,100,0.04241849085401717,0.0074743904975741555
Eubacterium_F_sp003491505,Sweden,UK,23,100,-0.00010111865420792129,0.004293773312487492
Eubacterium_F_sp003491505,Sweden,US,23,100,0.016004734015110274,0.00759678197470998
Eubacterium_F_sp003491505,UK,US,23,100,0.019324428818614313,0.007893859346507747
Eubacterium_R_sp000436835,AG,China,22,100,0.07347392255413983,0.014855129562877134
Eubacterium_R_sp000436835,AG,DM,22,100,0.005545597560984558,0.012177144352148138
Eubacterium_R_sp000436835,AG,Fiji,22,100,0.08433989976450128,0.013603244830793367
Eubacterium_R_sp000436835,AG,Israel,22,100,0.0695075634073196,0.024801498755011947
Eubacterium_R_sp000436835,AG,KY,22,100,0.03638805009143577,0.00906556394083935
Eubacterium_R_sp000436835,AG,SW,22,100,0.029137262485861955,0.025970693921752493
Eubacterium_R_sp000436835,AG,US,22,100,0.07527168912846922,0.01277787073049245
Eubacterium_R_sp000436835,China,DM,22,100,0.09295398773655089,0.011473452849256391
Eubacterium_R_sp000436835,China,Fiji,22,100,0.09615566563230256,0.014840410748413295
Eubacterium_R_sp000436835,China,Israel,22,100,0.10023150550882881,0.026901344650472794
Eubacterium_R_sp000436835,China,KY,22,100,0.057475505179582956,0.011649976413540469
Eubacterium_R_sp000436835,China,SW,22,100,0.14220758607457187,0.02228244793468837
Eubacterium_R_sp000436835,China,US,22,100,0.12150544116073742,0.012604993228472467
Eubacterium_R_sp000436835,DM,Fiji,22,100,0.09378695875565884,0.012604795214005867
Eubacterium_R_sp000436835,DM,Israel,22,100,0.06980090138307464,0.022342080573418775
Eubacterium_R_sp000436835,DM,KY,22,100,0.04180039089754367,0.003648219528265678
Eubacterium_R_sp000436835,DM,SW,22,100,0.0016950328695199495,0.009747650662763787
Eubacterium_R_sp000436835,DM,US,22,100,0.0713464372350233,0.004934633114112169
Eubacterium_R_sp000436835,Fiji,Israel,22,100,0.1124009121414496,0.023106987167523536
Eubacterium_R_sp000436835,Fiji,KY,22,100,0.06478151746664623,0.012792697866710365
Eubacterium_R_sp000436835,Fiji,SW,22,100,0.14422754359044027,0.02276606485177653
Eubacterium_R_sp000436835,Fiji,US,22,100,0.12751067202539573,0.013923378565474539
Eubacterium_R_sp000436835,Israel,KY,22,100,0.06593759548022499,0.02172825216656476
Eubacterium_R_sp000436835,Israel,SW,22,100,0.11558014461192036,0.02901540171198831
Eubacterium_R_sp000436835,Israel,US,22,100,-0.002104948667343656,0.011659152955900597
Eubacterium_R_sp000436835,KY,SW,22,100,0.09320013516290458,0.018833173020929607
Eubacterium_R_sp000436835,KY,US,22,100,0.07780671702494979,0.006417933579382681
Eubacterium_R_sp000436835,SW,US,22,100,0.11590950914076276,0.021353460558945027
Fusicatenibacter_saccharivorans,AG,China,24,100,0.0759793206566611,0.014513846640450677
Fusicatenibacter_saccharivorans,AG,DM,24,100,0.009393780236631835,0.007243318000830747
Fusicatenibacter_saccharivorans,AG,Israel,24,100,0.04411038458291936,0.007246722472814452
Fusicatenibacter_saccharivorans,AG,KY,24,100,0.023626074488913164,0.005432088468629376
Fusicatenibacter_saccharivorans,AG,Netherlands,24,100,0.058155636246178866,0.008801584540259321
Fusicatenibacter_saccharivorans,AG,SW,24,100,0.010209782093072823,0.008860161485352803
Fusicatenibacter_saccharivorans,AG,Sweden,24,100,0.052734383938810796,0.005774498516420585
Fusicatenibacter_saccharivorans,AG,UK,24,100,0.05787898735279707,0.006931214876847501
Fusicatenibacter_saccharivorans,AG,US,24,100,0.054901019045108024,0.00757627835891156
Fusicatenibacter_saccharivorans,China,DM,24,100,0.10823764404983395,0.013371853384825
Fusicatenibacter_saccharivorans,China,Israel,24,100,0.12265283543478044,0.017659019147138865
Fusicatenibacter_saccharivorans,China,KY,24,100,0.08397001402789865,0.013278148686238696
Fusicatenibacter_saccharivorans,China,Netherlands,24,100,0.12325872066194694,0.019052535988695773
Fusicatenibacter_saccharivorans,China,SW,24,100,0.11609258720267553,0.019596533679417962
Fusicatenibacter_saccharivorans,China,Sweden,24,100,0.10550254082591765,0.015842073342495083
Fusicatenibacter_saccharivorans,China,UK,24,100,0.1300618031977924,0.016717461975607924
Fusicatenibacter_saccharivorans,China,US,24,100,0.12643726811467046,0.016487573936581613
Fusicatenibacter_saccharivorans,DM,Israel,24,100,0.05218981270207924,0.005210548370968452
Fusicatenibacter_saccharivorans,DM,KY,24,100,0.02533398208724265,0.004824389155368846
Fusicatenibacter_saccharivorans,DM,Netherlands,24,100,0.07112589297521237,0.007864901005075139
Fusicatenibacter_saccharivorans,DM,SW,24,100,0.01614702673985673,0.0052344284119370445
Fusicatenibacter_saccharivorans,DM,Sweden,24,100,0.07298105107509137,0.0038558000260799836
Fusicatenibacter_saccharivorans,DM,UK,24,100,0.06808916485238668,0.003104882916591738
Fusicatenibacter_saccharivorans,DM,US,24,100,0.06328271154009815,0.005385540696346295
Fusicatenibacter_saccharivorans,Israel,KY,24,100,0.05945216659560222,0.006205288623177833
Fusicatenibacter_saccharivorans,Israel,Netherlands,24,100,0.020526142805871294,0.007547190571448791
Fusicatenibacter_saccharivorans,Israel,SW,24,100,0.036838197797434205,0.008252953613832914
Fusicatenibacter_saccharivorans,Israel,Sweden,24,100,0.020400575666670518,0.0065689267818254335
Fusicatenibacter_saccharivorans,Israel,UK,24,100,0.01839969101886284,0.0046310574300587395
Fusicatenibacter_saccharivorans,Israel,US,24,100,0.030569921637515766,0.005942846198979301
Fusicatenibacter_saccharivorans,KY,Netherlands,24,100,0.077704311256776,0.008431457095407971
Fusicatenibacter_saccharivorans,KY,SW,24,100,0.03587536589694144,0.007156745290729991
Fusicatenibacter_saccharivorans,KY,Sweden,24,100,0.07657113332066043,0.003857496665525441
Fusicatenibacter_saccharivorans,KY,UK,24,100,0.07325002756306273,0.003927345344515185
Fusicatenibacter_saccharivorans,KY,US,24,100,0.0712919902881684,0.005627110011457136
Fusicatenibacter_saccharivorans,Netherlands,SW,24,100,0.0510796367323894,0.009484391690078274
Fusicatenibacter_saccharivorans,Netherlands,Sweden,24,100,0.006597923456578155,0.004960012837466606
Fusicatenibacter_saccharivorans,Netherlands,UK,24,100,0.0029216889032502914,0.004387178770789216
Fusicatenibacter_saccharivorans,Netherlands,US,24,100,0.021045228756592885,0.0071962842427392955
Fusicatenibacter_saccharivorans,SW,Sweden,24,100,0.05320361046376034,0.008302532804087796
Fusicatenibacter_saccharivorans,SW,UK,24,100,0.045576577098254425,0.006229486726123481
Fusicatenibacter_saccharivorans,SW,US,24,100,0.04722350990418949,0.007582048549622526
Fusicatenibacter_saccharivorans,Sweden,UK,24,100,0.014239392123323395,0.0021173947436552384
Fusicatenibacter_saccharivorans,Sweden,US,24,100,0.020627306658937174,0.0057932466991430205
Fusicatenibacter_saccharivorans,UK,US,24,100,0.020247215913401416,0.004333679582622264
Gemmiger_formicilis,AG,China,20,100,0.039651048569642654,0.003932226390596335
Gemmiger_formicilis,AG,KY,20,100,0.044201876549676895,0.004579143736253227
Gemmiger_formicilis,AG,SW,20,100,0.014093141654431486,0.007472800317064953
Gemmiger_formicilis,China,KY,20,100,0.06433007316785556,0.0017893534574523653
Gemmiger_formicilis,China,SW,20,100,0.06613646914242692,0.01009109931153278
Gemmiger_formicilis,KY,SW,20,100,0.048550872279172354,0.010614605670666218
Megasphaera_sp000417505,AG,China,20,100,0.11694977542593284,0.02297678396989836
Megasphaera_sp000417505,AG,KY,20,100,0.006135824078411415,0.00771555978787336
Megasphaera_sp000417505,China,KY,20,100,0.10824948296717916,0.02870702205668127
Methanobrevibacter_A_smithii,AG,BF,32,100,0.0870981984387055,0.015244407498536585
Methanobrevibacter_A_smithii,AG,DM,32,100,0.02538515939523962,0.017834330737415274
Methanobrevibacter_A_smithii,AG,GH,32,100,0.07993858723769065,0.009874124246053212
Methanobrevibacter_A_smithii,AG,Israel,32,100,0.3054656021019247,0.033246927302685685
Methanobrevibacter_A_smithii,AG,KY,32,100,0.16718190825229265,0.032281949168140915
Methanobrevibacter_A_smithii,AG,SW,32,100,0.01633739360633061,0.015471896503590451
Methanobrevibacter_A_smithii,AG,UK,32,100,0.3099503564145626,0.03004009491730771
Methanobrevibacter_A_smithii,BF,DM,32,100,0.0698567939429273,0.008772537000119443
Methanobrevibacter_A_smithii,BF,GH,32,100,0.007952134506938017,0.009847293904289432
Methanobrevibacter_A_smithii,BF,Israel,32,100,0.24713627128017787,0.03517228116047064
Methanobrevibacter_A_smithii,BF,KY,32,100,0.14129205312520438,0.03077962697569817
Methanobrevibacter_A_smithii,BF,SW,32,100,0.06857344012443466,0.00867066550561993
Methanobrevibacter_A_smithii,BF,UK,32,100,0.2572186716221484,0.03200762479185921
Methanobrevibacter_A_smithii,DM,GH,32,100,0.07291538174284935,0.007904975216743867
Methanobrevibacter_A_smithii,DM,Israel,32,100,0.2242267540499828,0.026547035725097288
Methanobrevibacter_A_smithii,DM,KY,32,100,0.1049051621411757,0.023486005097249848
Methanobrevibacter_A_smithii,DM,SW,32,100,0.004339375687867323,0.0062744518334728085
Methanobrevibacter_A_smithii,DM,UK,32,100,0.2335241946409198,0.02342397437461064
Methanobrevibacter_A_smithii,GH,Israel,32,100,0.285333748301276,0.01804233260628646
Methanobrevibacter_A_smithii,GH,KY,32,100,0.16971083234717813,0.02075185508319018
Methanobrevibacter_A_smithii,GH,SW,32,100,0.07039415357755958,0.006547431690305471
Methanobrevibacter_A_smithii,GH,UK,32,100,0.2931911021729868,0.015295120074300703
Methanobrevibacter_A_smithii,Israel,KY,32,100,0.07424331689836085,0.008116246416188265
Methanobrevibacter_A_smithii,Israel,SW,32,100,0.22749910522963968,0.028754203019546027
Methanobrevibacter_A_smithii,Israel,UK,32,100,0.018310817912608857,0.005220010282518868
Methanobrevibacter_A_smithii,KY,SW,32,100,0.10953503183483963,0.026756690464005823
Methanobrevibacter_A_smithii,KY,UK,32,100,0.09948619261369868,0.0049947078869811345
Methanobrevibacter_A_smithii,SW,UK,32,100,0.23608498411050227,0.026804557517645718
Mitsuokella_multacida,AG,DM,20,100,0.029066715060772713,0.024289677671807026
Mitsuokella_multacida,AG,GH,20,100,0.3494486806957234,0.04573301952769985
Mitsuokella_multacida,AG,SW,20,100,0.0853236180844449,0.02485317632829944
Mitsuokella_multacida,DM,GH,20,100,0.31927737959835606,3.4812386831891696e-08
Mitsuokella_multacida,DM,SW,20,100,0.09819826799007268,0.014774999437730071
Mitsuokella_multacida,GH,SW,20,100,0.20746584557850856,0.016585577593955084
Odoribacter_splanchnicus,AG,China,20,100,0.13955099861307524,0.029812816213066935
Odoribacter_splanchnicus,AG,Sweden,20,100,0.08139995191513882,0.020518049631482377
Odoribacter_splanchnicus,AG,UK,20,100,0.15768878707803857,0.022477182248963938
Odoribacter_splanchnicus,AG,US,20,100,0.04573744550997028,0.012885678070424896
Odoribacter_splanchnicus,China,Sweden,20,100,0.021864408518456835,0.01495078467678764
Odoribacter_splanchnicus,China,UK,20,100,0.009516992643375032,0.008653037644303373
Odoribacter_splanchnicus,China,US,20,100,0.05915949287797339,0.026580763041356145
Odoribacter_splanchnicus,Sweden,UK,20,100,0.0093780018165747,0.018278135374577054
Odoribacter_splanchnicus,Sweden,US,20,100,0.013062177985604351,0.01588380766075413
Odoribacter_splanchnicus,UK,US,20,100,0.05854629889953531,0.027627771772291126
Parabacteroides_distasonis,AG,China,28,100,0.04321789710568293,0.01747730541691253
Parabacteroides_distasonis,AG,Denmark,28,100,0.049670634876973443,0.01585862239712798
Parabacteroides_distasonis,AG,Germany,28,100,0.0366479338068079,0.017009158310209063
Parabacteroides_distasonis,AG,Israel,28,100,0.05775125688605188,0.019125978389752
Parabacteroides_distasonis,AG,SW,28,100,0.03680677269679973,0.01664706814537358
Parabacteroides_distasonis,AG,Sweden,28,100,0.027409378902510776,0.014681041575721117
Parabacteroides_distasonis,AG,UK,28,100,0.03956966035714759,0.01731435988103689
Parabacteroides_distasonis,AG,US,28,100,0.06275875297401191,0.018799065188886608
Parabacteroides_distasonis,China,Denmark,28,100,0.027680684921068694,0.020902914112929005
Parabacteroides_distasonis,China,Germany,28,100,0.0028810486619312656,0.00902415981555953
Parabacteroides_distasonis,China,Israel,28,100,0.04913223600402669,0.02361948825988863
Parabacteroides_distasonis,China,SW,28,100,0.044167200819002723,0.02081518737205611
Parabacteroides_distasonis,China,Sweden,28,100,0.004671545998895644,0.009315166480565308
Parabacteroides_distasonis,China,UK,28,100,0.01132943603232141,0.011540328523717449
Parabacteroides_distasonis,China,US,28,100,0.03654983415162804,0.027365369645309168
Parabacteroides_distasonis,Denmark,Germany,28,100,0.02336261057093181,0.016347997785590065
Parabacteroides_distasonis,Denmark,Israel,28,100,0.011222114819239565,0.011273849428852718
Parabacteroides_distasonis,Denmark,SW,28,100,0.012005436835406488,0.010955020421451977
Parabacteroides_distasonis,Denmark,Sweden,28,100,0.004838500007810424,0.015528814856474966
Parabacteroides_distasonis,Denmark,UK,28,100,0.01824648700468697,0.017608234874357965
Parabacteroides_distasonis,Denmark,US,28,100,0.00032193798802543377,0.011801452311989006
Parabacteroides_distasonis,Germany,Israel,28,100,0.04208025434116777,0.019505075472970864
Parabacteroides_distasonis,Germany,SW,28,100,0.03641183726237638,0.016822023132586975
Parabacteroides_distasonis,Germany,Sweden,28,100,-0.004421314523273196,0.004447155296292347
Parabacteroides_distasonis,Germany,UK,28,100,-0.0021308734514966466,0.004990070900106317
Parabacteroides_distasonis,Germany,US,28,100,0.03231716378556285,0.02144130149424266
Parabacteroides_distasonis,Israel,SW,28,100,0.00473520556063,0.00933809713388828
Parabacteroides_distasonis,Israel,Sweden,28,100,0.026838307707073197,0.018947709650906547
Parabacteroides_distasonis,Israel,UK,28,100,0.0322102667146637,0.02650628236560402
Parabacteroides_distasonis,Israel,US,28,100,0.010747360725875305,0.011135157461110469
Parabacteroides_distasonis,SW,Sweden,28,100,0.020053692274654353,0.016867904607603935
Parabacteroides_distasonis,SW,UK,28,100,0.02598824715036415,0.01856809494015522
Parabacteroides_distasonis,SW,US,28,100,0.023427203426050064,0.014749700556722216
Parabacteroides_distasonis,Sweden,UK,28,100,-0.005857020758953834,0.005833798818945722
Parabacteroides_distasonis,Sweden,US,28,100,0.019516746297200755,0.020864497752800214
Parabacteroides_distasonis,UK,US,28,100,0.029743760559112035,0.024883544676576653
PeH17_sp000435055,AG,BF,21,100,0.044990400473449446,0.010260584341579192
PeH17_sp000435055,AG,DM,21,100,0.004456174892410908,0.007028297010063658
PeH17_sp000435055,AG,GH,21,100,0.027951850958390666,0.005172043640027029
PeH17_sp000435055,AG,KY,21,100,0.01795427776517783,0.005544793526047297
PeH17_sp000435055,AG,SW,21,100,0.007096228706546571,0.006899806286736115
PeH17_sp000435055,BF,DM,21,100,0.048256709783038775,0.009264010851101375
PeH17_sp000435055,BF,GH,21,100,0.014960814145724649,0.006248503407285639
PeH17_sp000435055,BF,KY,21,100,0.032231793049095604,0.010080866710871808
PeH17_sp000435055,BF,SW,21,100,0.05289062621387938,0.009474495875267726
PeH17_sp000435055,DM,GH,21,100,0.031604455324921246,0.00546347115174692
PeH17_sp000435055,DM,KY,21,100,0.020928930775544318,0.0059273869253213315
PeH17_sp000435055,DM,SW,21,100,0.0013267747167442223,0.006918758275139537
PeH17_sp000435055,GH,KY,21,100,0.016634415537412267,0.0014241911808717158
PeH17_sp000435055,GH,SW,21,100,0.033601435148317836,0.005361673675733403
PeH17_sp000435055,KY,SW,21,100,0.024315671401145048,0.006026317251968148
Phascolarctobacterium_A_succinatutens,AG,China,20,100,0.08289894285849074,0.027033497080456412
Phascolarctobacterium_A_succinatutens,AG,DM,20,100,0.0039040159082541835,0.0037821152762516144
Phascolarctobacterium_A_succinatutens,AG,Denmark,20,100,0.3099789234432762,0.046856798493270346
Phascolarctobacterium_A_succinatutens,AG,Fiji,20,100,0.05104764322100044,0.007911214453964125
Phascolarctobacterium_A_succinatutens,AG,Israel,20,100,0.06555157529402472,0.004706692282088874
Phascolarctobacterium_A_succinatutens,AG,KY,20,100,0.019128446896124942,0.004401361804493679
Phascolarctobacterium_A_succinatutens,AG,SW,20,100,0.007683331330574091,0.00534578735737526
Phascolarctobacterium_A_succinatutens,China,DM,20,100,0.08606566507885006,0.02935393048967013
Phascolarctobacterium_A_succinatutens,China,Denmark,20,100,0.1400945475083231,0.06371067723996438
Phascolarctobacterium_A_succinatutens,China,Fiji,20,100,0.11103368713875877,0.03347866083216104
Phascolarctobacterium_A_succinatutens,China,Israel,20,100,0.0720603015481974,0.022260797357858086
Phascolarctobacterium_A_succinatutens,China,KY,20,100,0.08019365518198952,0.02815322238336907
Phascolarctobacterium_A_succinatutens,China,SW,20,100,0.08562533997553548,0.03027571499432643
Phascolarctobacterium_A_succinatutens,DM,Denmark,20,100,0.3234109450928196,0.047367453020856695
Phascolarctobacterium_A_succinatutens,DM,Fiji,20,100,0.04538556123903147,0.006945374084328805
Phascolarctobacterium_A_succinatutens,DM,Israel,20,100,0.0624718175540453,0.003332289612744215
Phascolarctobacterium_A_succinatutens,DM,KY,20,100,0.019791855453353806,0.004016273060306195
Phascolarctobacterium_A_succinatutens,DM,SW,20,100,0.0032591715691983963,0.0032621826819889004
Phascolarctobacterium_A_succinatutens,Denmark,Fiji,20,100,0.36290272175716654,0.04827369839159544
Phascolarctobacterium_A_succinatutens,Denmark,Israel,20,100,0.2698233754045365,0.05216841261947217
Phascolarctobacterium_A_succinatutens,Denmark,KY,20,100,0.30822340675371757,0.04917483315403739
Phascolarctobacterium_A_succinatutens,Denmark,SW,20,100,0.33017813900466614,0.048721924501130616
Phascolarctobacterium_A_succinatutens,Fiji,Israel,20,100,0.08495716456014807,0.008294158359573527
Phascolarctobacterium_A_succinatutens,Fiji,KY,20,100,0.05447795302672151,0.00778245530788468
Phascolarctobacterium_A_succinatutens,Fiji,SW,20,100,0.039630922552561655,0.006170423833392115
Phascolarctobacterium_A_succinatutens,Israel,KY,20,100,0.03296707192318115,0.0016932461103128093
Phascolarctobacterium_A_succinatutens,Israel,SW,20,100,0.06916250115605405,0.0049301847979727345
Phascolarctobacterium_A_succinatutens,KY,SW,20,100,0.026201041124726068,0.0038101467368304226
Phascolarctobacterium_faecium,AG,China,21,100,0.07134280919117136,0.02446750427513608
Phascolarctobacterium_faecium,AG,Fiji,21,100,0.10241308113502974,0.015280007975087266
Phascolarctobacterium_faecium,AG,SW,21,100,-0.002464128409531284,0.0074427086151181866
Phascolarctobacterium_faecium,AG,US,21,100,0.03625606111398071,0.01474590906361143
Phascolarctobacterium_faecium,China,Fiji,21,100,0.12558311535941705,0.028326464294453554
Phascolarctobacterium_faecium,China,SW,21,100,0.06036861432300523,0.01916789840871673
Phascolarctobacterium_faecium,China,US,21,100,0.039165880457627616,0.02853427890063726
Phascolarctobacterium_faecium,Fiji,SW,21,100,0.08917304856513414,0.012232054234178528
Phascolarctobacterium_faecium,Fiji,US,21,100,0.10290179244460357,0.018671526546169725
Phascolarctobacterium_faecium,SW,US,21,100,0.010550360758776958,0.010542238093614646
Phil1_sp001940855,AG,BF,21,100,0.27204975303167966,0.024242337980330306
Phil1_sp001940855,AG,DM,21,100,-0.0024270198582568387,0.00800094474716457
Phil1_sp001940855,AG,KY,21,100,0.025287574234991294,0.008393698309502927
Phil1_sp001940855,AG,SW,21,100,0.03299609147205134,0.01969706169876432
Phil1_sp001940855,AG,UK,21,100,0.050584237435128826,0.00845476433618832
Phil1_sp001940855,BF,DM,21,100,0.2655014356846995,0.023185318410412072
Phil1_sp001940855,BF,KY,21,100,0.22580871720264997,0.021400264883125533
Phil1_sp001940855,BF,SW,21,100,0.3284348335576709,0.023349107097065745
Phil1_sp001940855,BF,UK,21,100,0.2983578744844502,0.021237893780518206
Phil1_sp001940855,DM,KY,21,100,0.018342170800788614,0.0050977325052195595
Phil1_sp001940855,DM,SW,21,100,0.048294988154595264,0.02039051705434271
Phil1_sp001940855,DM,UK,21,100,0.04777422357509486,0.0069661526368318145
Phil1_sp001940855,KY,SW,21,100,0.09082988266112352,0.01701112268178608
Phil1_sp001940855,KY,UK,21,100,0.04064545083221332,0.0032708594125842702
Phil1_sp001940855,SW,UK,21,100,0.10454141345316816,0.017091637210735398
Prevotella_sp000436915,AG,BF,29,100,0.3776259501482637,0.010043918499570195
Prevotella_sp000436915,AG,GH,29,100,0.361677439976903,3.559504440557531e-08
Prevotella_sp000436915,BF,GH,29,100,0.02182131662701408,0.004485447912003419
Prevotella_sp002299635,AG,BF,35,100,0.47567896610906674,0.013769592509655966
Prevotella_sp002299635,AG,KY,35,100,0.09087623638816161,3.239710973262009e-08
Prevotella_sp002299635,BF,KY,35,100,0.4675876410369829,0.013681994324671239
Prevotella_sp003447235,AG,BF,37,100,0.4224607249863172,0.025656590565463214
Prevotella_sp003447235,AG,DM,37,100,0.002943469173963336,0.0018299848061056187
Prevotella_sp003447235,AG,GH,37,100,0.3452733638598191,0.025244377395052753
Prevotella_sp003447235,AG,KY,37,100,0.028778284346639635,0.0030080951782820954
Prevotella_sp003447235,AG,SW,37,100,0.0029504386368176417,0.0014699140200558946
Prevotella_sp003447235,BF,DM,37,100,0.41224594468739667,0.02633956978518781
Prevotella_sp003447235,BF,GH,37,100,0.011704871596565216,0.00887580827010882
Prevotella_sp003447235,BF,KY,37,100,0.44289040675827485,0.02613856160855554
Prevotella_sp003447235,BF,SW,37,100,0.42721221161376216,0.025854190099271642
Prevotella_sp003447235,DM,GH,37,100,0.3349912253871357,0.024788298692462313
Prevotella_sp003447235,DM,KY,37,100,0.03307022229627885,0.0022299330711636725
Prevotella_sp003447235,DM,SW,37,100,0.005185694098374769,0.0012430785137784136
Prevotella_sp003447235,GH,KY,37,100,0.3643291503291991,0.024518786595282116
Prevotella_sp003447235,GH,SW,37,100,0.3495051178236392,0.024295132865899016
Prevotella_sp003447235,KY,SW,37,100,0.024221494904058772,0.0011615639774786384
Prevotella_stercorea,AG,DM,21,100,0.0005249989343780724,0.0016763462599427396
Prevotella_stercorea,AG,GH,21,100,0.03874572640503519,0.0014396167091690227
Prevotella_stercorea,AG,KY,21,100,0.02148749196657079,0.0029434292149757117
Prevotella_stercorea,DM,GH,21,100,0.03359294348941309,0.0011098313362176214
Prevotella_stercorea,DM,KY,21,100,0.014538497037964688,0.0017035148732808068
Prevotella_stercorea,GH,KY,21,100,0.050321066758961946,0.0015466936867133522
Ruminiclostridium_E_siraeum,AG,BF,22,100,0.23330824509950188,0.021071606269306216
Ruminiclostridium_E_siraeum,AG,China,22,100,0.14531229627602044,0.01543742359223265
Ruminiclostridium_E_siraeum,AG,Denmark,22,100,0.12658557267887335,0.01853081502843649
Ruminiclostridium_E_siraeum,AG,GH,22,100,0.09780565863577208,0.01985815129346501
Ruminiclostridium_E_siraeum,AG,Israel,22,100,0.10893115206195557,0.020682327697554344
Ruminiclostridium_E_siraeum,AG,SW,22,100,0.05584156526754708,0.018404030750640298
Ruminiclostridium_E_siraeum,AG,US,22,100,0.11679886014301104,0.025910698852554724
Ruminiclostridium_E_siraeum,BF,China,22,100,0.3536513070639647,0.008279196983601888
Ruminiclostridium_E_siraeum,BF,Denmark,22,100,0.3076102257549092,0.012160608671732426
Ruminiclostridium_E_siraeum,BF,GH,22,100,0.04781688354270986,0.010958028871723369
Ruminiclostridium_E_siraeum,BF,Israel,22,100,0.28998654609977914,0.012919371092129954
Ruminiclostridium_E_siraeum,BF,SW,22,100,0.25777069743557396,0.008055098309038068
Ruminiclostridium_E_siraeum,BF,US,22,100,0.283793573129791,0.012964627173083939
Ruminiclostridium_E_siraeum,China,Denmark,22,100,0.16954616045047163,0.011296628146626112
Ruminiclostridium_E_siraeum,China,GH,22,100,0.21843091198225204,0.013011662198602988
Ruminiclostridium_E_siraeum,China,Israel,22,100,0.15205370898512147,0.014319400055996212
Ruminiclostridium_E_siraeum,China,SW,22,100,0.1604785544887914,0.008033625679409604
Ruminiclostridium_E_siraeum,China,US,22,100,0.16584501262753976,0.025917707491870993
Ruminiclostridium_E_siraeum,Denmark,GH,22,100,0.18368537035000326,0.014979092157590254
Ruminiclostridium_E_siraeum,Denmark,Israel,22,100,0.006236335378586401,0.010544016026720112
Ruminiclostridium_E_siraeum,Denmark,SW,22,100,0.10142240550278489,0.017295168389806288
Ruminiclostridium_E_siraeum,Denmark,US,22,100,0.05549112216679003,0.029818999921542296
Ruminiclostridium_E_siraeum,GH,Israel,22,100,0.16552840515518483,0.01645509549916172
Ruminiclostridium_E_siraeum,GH,SW,22,100,0.1258771752307587,0.01265348068225531
Ruminiclostridium_E_siraeum,GH,US,22,100,0.16090408293125447,0.01581524178046135
Ruminiclostridium_E_siraeum,Israel,SW,22,100,0.07717909023461482,0.016688563815006344
Ruminiclostridium_E_siraeum,Israel,US,22,100,0.03528245036299133,0.026071620083700137
Ruminiclostridium_E_siraeum,SW,US,22,100,0.06512744150225838,0.012075967526473238
Ruminococcus_D_bicirculans,AG,China,24,100,0.022172604990726055,0.009937730518380782
Ruminococcus_D_bicirculans,AG,Denmark,24,100,0.0639698352572395,0.01299342964681712
Ruminococcus_D_bicirculans,AG,Germany,24,100,0.07290929378106191,0.0106292288290917
Ruminococcus_D_bicirculans,AG,Israel,24,100,0.05069275188278013,0.014831524417988249
Ruminococcus_D_bicirculans,AG,Netherlands,24,100,0.06434861430616824,0.011060290290176663
Ruminococcus_D_bicirculans,AG,SW,24,100,0.020467008331874627,0.010903921631659558
Ruminococcus_D_bicirculans,AG,Sweden,24,100,0.05278127855777627,0.011704626445077276
Ruminococcus_D_bicirculans,AG,UK,24,100,0.053067571659008515,0.011227983007959373
Ruminococcus_D_bicirculans,AG,US,24,100,0.04803870955225142,0.012148238266134327
Ruminococcus_D_bicirculans,China,Denmark,24,100,0.08528906408127619,0.018744344176068094
Ruminococcus_D_bicirculans,China,Germany,24,100,0.09769015746573405,0.017740771036258852
Ruminococcus_D_bicirculans,China,Israel,24,100,0.0735095719944911,0.019528154051011184
Ruminococcus_D_bicirculans,China,Netherlands,24,100,0.08094015983718887,0.016940589630166272
Ruminococcus_D_bicirculans,China,SW,24,100,0.04337567769248608,0.015724672095591006
Ruminococcus_D_bicirculans,China,Sweden,24,100,0.07477586533092531,0.01707148154351222
Ruminococcus_D_bicirculans,China,UK,24,100,0.07207058087039563,0.017661788261551657
Ruminococcus_D_bicirculans,China,US,24,100,0.07063063760770612,0.017314411443877988
Ruminococcus_D_bicirculans,Denmark,Germany,24,100,0.015263204261731778,0.007510922014299785
Ruminococcus_D_bicirculans,Denmark,Israel,24,100,0.016324799412430563,0.009794081638228412
Ruminococcus_D_bicirculans,Denmark,Netherlands,24,100,0.01092745039311489,0.008262103318313039
Ruminococcus_D_bicirculans,Denmark,SW,24,100,0.02504232145120294,0.008822351470709318
Ruminococcus_D_bicirculans,Denmark,Sweden,24,100,0.0009132811180882542,0.005907878943924507
Ruminococcus_D_bicirculans,Denmark,UK,24,100,0.008798580958703,0.006279315512202464
Ruminococcus_D_bicirculans,Denmark,US,24,100,0.005285163199485556,0.007025025784951417
Ruminococcus_D_bicirculans,Germany,Israel,24,100,0.011765897946592387,0.006000387758470835
Ruminococcus_D_bicirculans,Germany,Netherlands,24,100,0.01493806240696286,0.00438956288721486
Ruminococcus_D_bicirculans,Germany,SW,24,100,0.027373102783069477,0.00815230901615478
Ruminococcus_D_bicirculans,Germany,Sweden,24,100,0.004712259516747078,0.004354424142783861
Ruminococcus_D_bicirculans,Germany,UK,24,100,0.015439165529990861,0.0036383591732557074
Ruminococcus_D_bicirculans,Germany,US,24,100,0.014638690993445471,0.006928786536019646
Ruminococcus_D_bicirculans,Israel,Netherlands,24,100,0.00987861074721226,0.007240000371227701
Ruminococcus_D_bicirculans,Israel,SW,24,100,0.019481417644375765,0.01010012189234529
Ruminococcus_D_bicirculans,Israel,Sweden,24,100,0.007546578914911173,0.008353373732669861
Ruminococcus_D_bicirculans,Israel,UK,24,100,0.0113732624599949,0.006090219079986059
Ruminococcus_D_bicirculans,Israel,US,24,100,0.012905340384179214,0.008042365320828596
Ruminococcus_D_bicirculans,Netherlands,SW,24,100,0.028323380865745273,0.007187185905835691
Ruminococcus_D_bicirculans,Netherlands,Sweden,24,100,0.01010947625019653,0.006746575792915526
Ruminococcus_D_bicirculans,Netherlands,UK,24,100,-0.001647074092625703,0.0032489157206797604
Ruminococcus_D_bicirculans,Netherlands,US,24,100,0.011759790636923471,0.005919454935003293
Ruminococcus_D_bicirculans,SW,Sweden,24,100,0.019915158336241592,0.007755095639249251
Ruminococcus_D_bicirculans,SW,UK,24,100,0.019027421812100664,0.006665639466973603
Ruminococcus_D_bicirculans,SW,US,24,100,0.01567551410225302,0.00660440199861207
Ruminococcus_D_bicirculans,Sweden,UK,24,100,0.0077747332101322855,0.004782701849819279
Ruminococcus_D_bicirculans,Sweden,US,24,100,0.0029688369530347057,0.005370552496784996
Ruminococcus_D_bicirculans,UK,US,24,100,0.008110828286401061,0.004652047516589124
Ruminococcus_E_bromii_B,AG,BF,23,100,0.03399033289307269,0.008030402933879216
Ruminococcus_E_bromii_B,AG,China,23,100,0.01653853567613716,0.005994481810030934
Ruminococcus_E_bromii_B,AG,DM,23,100,0.002368739497748665,0.004195436612172631
Ruminococcus_E_bromii_B,AG,Denmark,23,100,0.04191980371988079,0.01004489612017011
Ruminococcus_E_bromii_B,AG,GH,23,100,0.024153376600054285,0.005935001917169314
Ruminococcus_E_bromii_B,AG,Germany,23,100,0.036941762411633355,0.008415500683513405
Ruminococcus_E_bromii_B,AG,Israel,23,100,0.02908541755720045,0.008574577750228376
Ruminococcus_E_bromii_B,AG,KY,23,100,0.005957816977920344,0.003771683104293276
Ruminococcus_E_bromii_B,AG,Netherlands,23,100,0.03855046573204952,0.009940153762564064
Ruminococcus_E_bromii_B,AG,SW,23,100,0.017813319593978548,0.008071799736666135
Ruminococcus_E_bromii_B,AG,Spain,23,100,0.059564150020062614,0.007334071875334225
Ruminococcus_E_bromii_B,AG,Sweden,23,100,0.03482379354497307,0.008087101561080647
Ruminococcus_E_bromii_B,AG,UK,23,100,0.04075449332418761,0.008607191863609679
Ruminococcus_E_bromii_B,AG,US,23,100,0.05459362108913246,0.01262429818683568
Ruminococcus_E_bromii_B,BF,China,23,100,0.05286042594689762,0.008082342001679286
Ruminococcus_E_bromii_B,BF,DM,23,100,0.035423579067432966,0.008391416506743701
Ruminococcus_E_bromii_B,BF,Denmark,23,100,0.08407788264338681,0.01046249382504711
Ruminococcus_E_bromii_B,BF,GH,23,100,0.015529591413275751,0.00511950173919668
Ruminococcus_E_bromii_B,BF,Germany,23,100,0.07864769969673953,0.008053125916639313
Ruminococcus_E_bromii_B,BF,Israel,23,100,0.07327892355265385,0.00912209193946847
Ruminococcus_E_bromii_B,BF,KY,23,100,0.03425662579700689,0.0075277314917725656
Ruminococcus_E_bromii_B,BF,Netherlands,23,100,0.08085953621977433,0.008270422732864506
Ruminococcus_E_bromii_B,BF,SW,23,100,0.06023651743748606,0.009832262582301623
Ruminococcus_E_bromii_B,BF,Spain,23,100,0.09794833520589837,0.006900457001040294
Ruminococcus_E_bromii_B,BF,Sweden,23,100,0.07496232047489705,0.009539361445763825
Ruminococcus_E_bromii_B,BF,UK,23,100,0.08499649334426243,0.00801712626298624
Ruminococcus_E_bromii_B,BF,US,23,100,0.09397998922918177,0.009974224562002774
Ruminococcus_E_bromii_B,China,DM,23,100,0.02007241996381558,0.006627939240095553
Ruminococcus_E_bromii_B,China,Denmark,23,100,0.04773538136196193,0.010974692404358003
Ruminococcus_E_bromii_B,China,GH,23,100,0.03973126844331236,0.006200750444190005
Ruminococcus_E_bromii_B,China,Germany,23,100,0.039924733751604144,0.010909043694819532
Ruminococcus_E_bromii_B,China,Israel,23,100,0.03765715760577512,0.010865989138343999
Ruminococcus_E_bromii_B,China,KY,23,100,0.021097352149008142,0.006950451465050856
Ruminococcus_E_bromii_B,China,Netherlands,23,100,0.046888859511825004,0.009899512419230616
Ruminococcus_E_bromii_B,China,SW,23,100,0.03022420783890978,0.009311804212825112
Ruminococcus_E_bromii_B,China,Spain,23,100,0.058969482640783236,0.011925805292289435
Ruminococcus_E_bromii_B,China,Sweden,23,100,0.044926749799491725,0.009937800121681587
Ruminococcus_E_bromii_B,China,UK,23,100,0.04704357914012977,0.010214530469701366
Ruminococcus_E_bromii_B,China,US,23,100,0.05610235458334215,0.013929160199716597
Ruminococcus_E_bromii_B,DM,Denmark,23,100,0.03320539267656658,0.008267229658292559
Ruminococcus_E_bromii_B,DM,GH,23,100,0.02790586673682045,0.006036221595509032
Ruminococcus_E_bromii_B,DM,Germany,23,100,0.028698897867905297,0.006866717356186967
Ruminococcus_E_bromii_B,DM,Israel,23,100,0.01908390129283982,0.006135990067727641
Ruminococcus_E_bromii_B,DM,KY,23,100,0.0027484548025040966,0.0029043497143316295
Ruminococcus_E_bromii_B,DM,Netherlands,23,100,0.02872575950453257,0.006606323732498595
Ruminococcus_E_bromii_B,DM,SW,23,100,0.01222715086782046,0.006875351659326184
Ruminococcus_E_bromii_B,DM,Spain,23,100,0.04938459349821144,0.0066167645810816
Ruminococcus_E_bromii_B,DM,Sweden,23,100,0.026608137451713948,0.006814923995198285
Ruminococcus_E_bromii_B,DM,UK,23,100,0.031600388999534566,0.006597605629470708
Ruminococcus_E_bromii_B,DM,US,23,100,0.04484653354211479,0.009599714350492101
Ruminococcus_E_bromii_B,Denmark,GH,23,100,0.0859305298620764,0.007760634082961248
Ruminococcus_E_bromii_B,Denmark,Germany,23,100,0.005731641623691474,0.009511790814949198
Ruminococcus_E_bromii_B,Denmark,Israel,23,100,0.009228458475118172,0.008477231003779421
Ruminococcus_E_bromii_B,Denmark,KY,23,100,0.03441745444512132,0.008655680015090959
Ruminococcus_E_bromii_B,Denmark,Netherlands,23,100,0.0026057358683408954,0.008206627668702041
Ruminococcus_E_bromii_B,Denmark,SW,23,100,0.013535830246879902,0.0074599362217748965
Ruminococcus_E_bromii_B,Denmark,Spain,23,100,0.020624496858114138,0.011914219496175358
Ruminococcus_E_bromii_B,Denmark,Sweden,23,100,0.0073383763293245795,0.00925236960758007
Ruminococcus_E_bromii_B,Denmark,UK,23,100,0.008305662748387472,0.008231275387865018
Ruminococcus_E_bromii_B,Denmark,US,23,100,0.014485765793611749,0.01301302520430376
Ruminococcus_E_bromii_B,GH,Germany,23,100,0.08148518597100524,0.005624976391963727
Ruminococcus_E_bromii_B,GH,Israel,23,100,0.07132434625260692,0.007750923808953119
Ruminococcus_E_bromii_B,GH,KY,23,100,0.028383481158935936,0.005903483659199442
Ruminococcus_E_bromii_B,GH,Netherlands,23,100,0.08262948712597094,0.006842621483183802
Ruminococcus_E_bromii_B,GH,SW,23,100,0.05831534792014566,0.008404028920273409
Ruminococcus_E_bromii_B,GH,Spain,23,100,0.10164634653241914,0.003729577068087902
Ruminococcus_E_bromii_B,GH,Sweden,23,100,0.07617467899645418,0.007203825816757362
Ruminococcus_E_bromii_B,GH,UK,23,100,0.0880560401275622,0.0046145910902610845
Ruminococcus_E_bromii_B,GH,US,23,100,0.0965479802885024,0.009231972699206076
Ruminococcus_E_bromii_B,Germany,Israel,23,100,0.00785978940817807,0.007521878669773274
Ruminococcus_E_bromii_B,Germany,KY,23,100,0.02989601430736188,0.007239973862618533
Ruminococcus_E_bromii_B,Germany,Netherlands,23,100,0.0008080001134676093,0.008337006676776625
Ruminococcus_E_bromii_B,Germany,SW,23,100,0.009994295634959391,0.005171134135592552
Ruminococcus_E_bromii_B,Germany,Spain,23,100,0.009320872926995304,0.00468459303201737
Ruminococcus_E_bromii_B,Germany,Sweden,23,100,0.007052325029774665,0.007321822984392263
Ruminococcus_E_bromii_B,Germany,UK,23,100,-0.001224203187337143,0.0038586524109030717
Ruminococcus_E_bromii_B,Germany,US,23,100,0.011594577119604028,0.00880127387347255
Ruminococcus_E_bromii_B,Israel,KY,23,100,0.021975602855596136,0.00658293846868704
Ruminococcus_E_bromii_B,Israel,Netherlands,23,100,0.0018453082940337498,0.006297376501425954
Ruminococcus_E_bromii_B,Israel,SW,23,100,0.006943862478386738,0.006866033159341996
Ruminococcus_E_bromii_B,Israel,Spain,23,100,0.03180460429556016,0.009166632760512562
Ruminococcus_E_bromii_B,Israel,Sweden,23,100,0.0034135198742526528,0.00591267692874569
Ruminococcus_E_bromii_B,Israel,UK,23,100,0.006646644466431604,0.005786062605881349
Ruminococcus_E_bromii_B,Israel,US,23,100,0.019818956955678466,0.012666060946547675
Ruminococcus_E_bromii_B,KY,Netherlands,23,100,0.031672973724626956,0.006853674736094177
Ruminococcus_E_bromii_B,KY,SW,23,100,0.017111826266582565,0.0066171745263726685
Ruminococcus_E_bromii_B,KY,Spain,23,100,0.04948060980850346,0.007381756655844659
Ruminococcus_E_bromii_B,KY,Sweden,23,100,0.029806695510205303,0.006842080785557929
Ruminococcus_E_bromii_B,KY,UK,23,100,0.03371164707884071,0.006331387268273548
Ruminococcus_E_bromii_B,KY,US,23,100,0.04442187202155337,0.010606078738998957
Ruminococcus_E_bromii_B,Netherlands,SW,23,100,0.010334817264266874,0.0068225354587138996
Ruminococcus_E_bromii_B,Netherlands,Spain,23,100,0.023582593123492007,0.010423465072641023
Ruminococcus_E_bromii_B,Netherlands,Sweden,23,100,-4.7169961615324514e-05,0.007787721664779128
Ruminococcus_E_bromii_B,Netherlands,UK,23,100,0.001203373623298792,0.006980951392540265
Ruminococcus_E_bromii_B,Netherlands,US,23,100,0.013845018193567326,0.012438976383615182
Ruminococcus_E_bromii_B,SW,Spain,23,100,0.03276961074353412,0.007227635738847527
Ruminococcus_E_bromii_B,SW,Sweden,23,100,0.010123128903865885,0.007644449604258011
Ruminococcus_E_bromii_B,SW,UK,23,100,0.013302388655449662,0.005809307231190124
Ruminococcus_E_bromii_B,SW,US,23,100,0.02512765519187397,0.01012306178326294
Ruminococcus_E_bromii_B,Spain,Sweden,23,100,0.028870660701678943,0.00871929779842607
Ruminococcus_E_bromii_B,Spain,UK,23,100,0.010509056172235114,0.004150170374881245
Ruminococcus_E_bromii_B,Spain,US,23,100,0.016938382498239035,0.007432751733180602
Ruminococcus_E_bromii_B,Sweden,UK,23,100,0.004901541492941977,0.007070517274636512
Ruminococcus_E_bromii_B,Sweden,US,23,100,0.01889625812257903,0.011985993824909447
Ruminococcus_E_bromii_B,UK,US,23,100,0.011526959022754555,0.008886908324804182
Ruminococcus_E_sp003526955,AG,BF,22,100,0.06817692553379287,0.014611931296617016
Ruminococcus_E_sp003526955,AG,China,22,100,0.029752578398375792,0.00843088318400722
Ruminococcus_E_sp003526955,AG,DM,22,100,0.0004928407442124018,0.007430314041136226
Ruminococcus_E_sp003526955,AG,Denmark,22,100,0.05257375534579945,0.0118204106992487
Ruminococcus_E_sp003526955,AG,GH,22,100,0.0745370242071999,0.016671260721478252
Ruminococcus_E_sp003526955,AG,Israel,22,100,0.030350895420707714,0.009280195230802238
Ruminococcus_E_sp003526955,AG,KY,22,100,0.0023775861092829426,0.004790844134373431
Ruminococcus_E_sp003526955,AG,Netherlands,22,100,0.043631128616510584,0.00984028097020774
Ruminococcus_E_sp003526955,AG,SW,22,100,0.017765715035442966,0.009942205672281452
Ruminococcus_E_sp003526955,AG,US,22,100,0.047053509534723294,0.011204884938777216
Ruminococcus_E_sp003526955,BF,China,22,100,0.11747109796225892,0.010201122926633995
Ruminococcus_E_sp003526955,BF,DM,22,100,0.08328151301190644,0.012929011848835924
Ruminococcus_E_sp003526955,BF,Denmark,22,100,0.13672717695325728,0.011295806762831026
Ruminococcus_E_sp003526955,BF,GH,22,100,0.032502067319392695,0.00907485006838458
Ruminococcus_E_sp003526955,BF,Israel,22,100,0.12331519548530906,0.010289782811853528
Ruminococcus_E_sp003526955,BF,KY,22,100,0.06041724957607822,0.012244298532554158
Ruminococcus_E_sp003526955,BF,Netherlands,22,100,0.13159704836410688,0.009300677780447384
Ruminococcus_E_sp003526955,BF,SW,22,100,0.10264982845690789,0.013844200503919912
Ruminococcus_E_sp003526955,BF,US,22,100,0.13692304040884828,0.010567479850771541
Ruminococcus_E_sp003526955,China,DM,22,100,0.024437869801762668,0.005688943839264754
Ruminococcus_E_sp003526955,China,Denmark,22,100,0.04262370279704799,0.010169985873999421
Ruminococcus_E_sp003526955,China,GH,22,100,0.1319898818537884,0.003948038447534459
Ruminococcus_E_sp003526955,China,Israel,22,100,0.017740186201796578,0.005502067944823801
Ruminococcus_E_sp003526955,China,KY,22,100,0.02523249554414357,0.005280279557035834
Ruminococcus_E_sp003526955,China,Netherlands,22,100,0.032494048824304594,0.0071817034352588405
Ruminococcus_E_sp003526955,China,SW,22,100,0.020450879743351767,0.005619221961774676
Ruminococcus_E_sp003526955,China,US,22,100,0.04137718395874589,0.011783083953177025
Ruminococcus_E_sp003526955,DM,Denmark,22,100,0.0459770597218089,0.009536380072021525
Ruminococcus_E_sp003526955,DM,GH,22,100,0.09627869321464078,0.011740289760556084
Ruminococcus_E_sp003526955,DM,Israel,22,100,0.024418323944326175,0.005340709539808583
Ruminococcus_E_sp003526955,DM,KY,22,100,0.0062714706986484615,0.004633876654905387
Ruminococcus_E_sp003526955,DM,Netherlands,22,100,0.03645795428836684,0.006092726964057594
Ruminococcus_E_sp003526955,DM,SW,22,100,0.013332672704494506,0.00706803467208722
Ruminococcus_E_sp003526955,DM,US,22,100,0.041957286771398115,0.00971115650748118
Ruminococcus_E_sp003526955,Denmark,GH,22,100,0.15710728215821645,0.006948917372542053
Ruminococcus_E_sp003526955,Denmark,Israel,22,100,0.008472060619619188,0.007870857256099848
Ruminococcus_E_sp003526955,Denmark,KY,22,100,0.05193453091061143,0.010383334527830206
Ruminococcus_E_sp003526955,Denmark,Netherlands,22,100,0.00379973346629149,0.008612285019258741
Ruminococcus_E_sp003526955,Denmark,SW,22,100,0.024200949334872036,0.008954344250405307
Ruminococcus_E_sp003526955,Denmark,US,22,100,0.03426345602442181,0.011145594971143674
Ruminococcus_E_sp003526955,GH,Israel,22,100,0.14216268781217523,0.004498735165386081
Ruminococcus_E_sp003526955,GH,KY,22,100,0.06517006248247542,0.011551132181810793
Ruminococcus_E_sp003526955,GH,Netherlands,22,100,0.15210741591415336,0.0035065599112831403
Ruminococcus_E_sp003526955,GH,SW,22,100,0.11736728806786877,0.013190308408232225
Ruminococcus_E_sp003526955,GH,US,22,100,0.15788995502550615,0.006007503405190237
Ruminococcus_E_sp003526955,Israel,KY,22,100,0.031149256677453413,0.006239057295864034
Ruminococcus_E_sp003526955,Israel,Netherlands,22,100,0.0009761540419074456,0.005308718220983607
Ruminococcus_E_sp003526955,Israel,SW,22,100,0.008982687287618545,0.004700877638619892
Ruminococcus_E_sp003526955,Israel,US,22,100,0.019593919310244793,0.008809071609530783
Ruminococcus_E_sp003526955,KY,Netherlands,22,100,0.04251301277246586,0.0066521185271176805
Ruminococcus_E_sp003526955,KY,SW,22,100,0.020696795052018924,0.006690467794807772
Ruminococcus_E_sp003526955,KY,US,22,100,0.04673598919186804,0.01028375619282812
Ruminococcus_E_sp003526955,Netherlands,SW,22,100,0.017176175090817883,0.006922911794718467
Ruminococcus_E_sp003526955,Netherlands,US,22,100,0.023707844205891754,0.010044629513825861
Ruminococcus_E_sp003526955,SW,US,22,100,0.02315973491340044,0.008669504999801165
Succinivibrio_sp000431835,AG,BF,38,100,0.09064803951404919,0.011202282208819494
Succinivibrio_sp000431835,AG,DM,38,100,0.002216241465910048,0.0037459729286716077
Succinivibrio_sp000431835,AG,Fiji,38,100,0.11686326951943185,0.015380911865011398
Succinivibrio_sp000431835,AG,GH,38,100,0.08277747228735902,0.010169890844208322
Succinivibrio_sp000431835,AG,KY,38,100,0.02530957995257899,0.005364925083808579
Succinivibrio_sp000431835,AG,Madagascar,38,100,0.150711280564917,0.009553864918211512
Succinivibrio_sp000431835,AG,SW,38,100,0.005772584507804939,0.002692538499242081
Succinivibrio_sp000431835,BF,DM,38,100,0.08445953941240054,0.009539621935956227
Succinivibrio_sp000431835,BF,Fiji,38,100,0.10297747271777519,0.015359048967822428
Succinivibrio_sp000431835,BF,GH,38,100,0.007192349448809504,0.0055149059054290465
Succinivibrio_sp000431835,BF,KY,38,100,0.057716315449243945,0.01016439294848768
Succinivibrio_sp000431835,BF,Madagascar,38,100,0.13734757991469806,0.014750419693307011
Succinivibrio_sp000431835,BF,SW,38,100,0.06743909311142128,0.008823455514058288
Succinivibrio_sp000431835,DM,Fiji,38,100,0.11010493757354571,0.01675412240944372
Succinivibrio_sp000431835,DM,GH,38,100,0.07834805157126222,0.008662082689146967
Succinivibrio_sp000431835,DM,KY,38,100,0.02177147387424809,0.004139715154962082
Succinivibrio_sp000431835,DM,Madagascar,38,100,0.14789085620953984,0.008110420466283887
Succinivibrio_sp000431835,DM,SW,38,100,0.003906323119981715,0.002240851556671028
Succinivibrio_sp000431835,Fiji,GH,38,100,0.10425361534369199,0.01628960990096198
Succinivibrio_sp000431835,Fiji,KY,38,100,0.0941471222022035,0.018060521328074813
Succinivibrio_sp000431835,Fiji,Madagascar,38,100,0.07424771713401496,0.012018563618781068
Succinivibrio_sp000431835,Fiji,SW,38,100,0.07449643225150111,0.011823228867712606
Succinivibrio_sp000431835,GH,KY,38,100,0.05457232279497273,0.008176680389282324
Succinivibrio_sp000431835,GH,Madagascar,38,100,0.12649927148360957,0.012678938643305663
Succinivibrio_sp000431835,GH,SW,38,100,0.06215687874068311,0.007725617851992635
Succinivibrio_sp000431835,KY,Madagascar,38,100,0.1349059178662963,0.012066779518187165
Succinivibrio_sp000431835,KY,SW,38,100,0.019589447000069718,0.004454190521252973
Succinivibrio_sp000431835,Madagascar,SW,38,100,0.10877550071573534,0.005612108488889379
Sutterella_wadsworthensis_A,AG,China,20,100,0.03683997798462036,0.0153242575536159
Sutterella_wadsworthensis_A,AG,DM,20,100,0.002516848559443275,0.014036546316794973
Sutterella_wadsworthensis_A,AG,GH,20,100,0.016552701708513,0.010654446692972327
Sutterella_wadsworthensis_A,AG,Mongolia,20,100,0.057900796221548444,0.014222576134258327
Sutterella_wadsworthensis_A,AG,SW,20,100,-0.002861359894582701,0.014625707367353578
Sutterella_wadsworthensis_A,AG,US,20,100,0.03922498167805258,0.016424675096898954
Sutterella_wadsworthensis_A,China,DM,20,100,0.038971997059701245,0.014313633246526913
Sutterella_wadsworthensis_A,China,GH,20,100,0.0070992302605041345,0.009159335825180859
Sutterella_wadsworthensis_A,China,Mongolia,20,100,0.03213749480275377,0.014868767520527874
Sutterella_wadsworthensis_A,China,SW,20,100,0.041265766198083316,0.017737766251475554
Sutterella_wadsworthensis_A,China,US,20,100,0.03446371220594229,0.011860947297321626
Sutterella_wadsworthensis_A,DM,GH,20,100,0.014680874418700378,0.00918921452905533
Sutterella_wadsworthensis_A,DM,Mongolia,20,100,0.05101010503376337,0.009252386247423219
Sutterella_wadsworthensis_A,DM,SW,20,100,0.0028922109472715755,0.010616317998785527
Sutterella_wadsworthensis_A,DM,US,20,100,0.03489787648126299,0.01416406226838046
Sutterella_wadsworthensis_A,GH,Mongolia,20,100,0.03009845424595652,0.0034452788286241896
Sutterella_wadsworthensis_A,GH,SW,20,100,0.01888298479828658,0.011209773991153874
Sutterella_wadsworthensis_A,GH,US,20,100,0.023635618996879378,0.010995580972220214
Sutterella_wadsworthensis_A,Mongolia,SW,20,100,0.05726085323213794,0.013510437352718441
Sutterella_wadsworthensis_A,Mongolia,US,20,100,0.06204698240864615,0.01430066219813665
Sutterella_wadsworthensis_A,SW,US,20,100,0.029264397647841955,0.015131767571363782
Treponema_D_succinifaciens,AG,BF,24,100,0.06897799291129139,0.005067116183569558
Treponema_D_succinifaciens,AG,GH,24,100,0.06451280289718025,0.0027219668649164468
Treponema_D_succinifaciens,BF,GH,24,100,0.006261562864284558,0.0046259873193229
UBA11524_sp000437595,AG,BF,22,100,0.2943600840763204,0.03769447641245062
UBA11524_sp000437595,AG,China,22,100,0.07173621771829819,0.015577250261113434
UBA11524_sp000437595,AG,DM,22,100,0.0031129751646214025,0.010477351735765408
UBA11524_sp000437595,AG,Denmark,22,100,0.10487111048779704,0.01090319557454525
UBA11524_sp000437595,AG,Israel,22,100,0.109170458974313,0.01384463268262438
UBA11524_sp000437595,AG,KY,22,100,0.0158338097440764,0.011054796580051755
UBA11524_sp000437595,AG,SW,22,100,0.008440323509658884,0.011352853083421528
UBA11524_sp000437595,AG,UK,22,100,0.12288640004979237,0.01103913338893709
UBA11524_sp000437595,AG,US,22,100,0.08992553807365913,0.014084585443602455
UBA11524_sp000437595,BF,China,22,100,0.44901075548027136,0.004121334076811457
UBA11524_sp000437595,BF,DM,22,100,0.26514951507017714,0.029525297411382996
UBA11524_sp000437595,BF,Denmark,22,100,0.41872028586059384,0.0036461038313700864
UBA11524_sp000437595,BF,Israel,22,100,0.42300154589248,0.004693476385859349
UBA11524_sp000437595,BF,KY,22,100,0.2353952616890211,0.027411106932454424
UBA11524_sp000437595,BF,SW,22,100,0.3793073590743456,0.002596031554116232
UBA11524_sp000437595,BF,UK,22,100,0.43427264560561796,0.003581129288916765
UBA11524_sp000437595,BF,US,22,100,0.3997965278901905,0.006958707401638026
UBA11524_sp000437595,China,DM,22,100,0.07661344482068408,0.016034637594517107
UBA11524_sp000437595,China,Denmark,22,100,0.11354061168977997,0.007923958856637306
UBA11524_sp000437595,China,Israel,22,100,0.11946972761330558,0.012273325961969509
UBA11524_sp000437595,China,KY,22,100,0.09041093554300782,0.018306881374142478
UBA11524_sp000437595,China,SW,22,100,0.052490938124448557,0.004566594780264038
UBA11524_sp000437595,China,UK,22,100,0.137327794948155,0.00835174869931944
UBA11524_sp000437595,China,US,22,100,0.10572766126526359,0.013382471080085457
UBA11524_sp000437595,DM,Denmark,22,100,0.09806565161912716,0.010303342028493461
UBA11524_sp000437595,DM,Israel,22,100,0.10278274011889664,0.011135381212465753
UBA11524_sp000437595,DM,KY,22,100,0.01386039454112083,0.0074468287359476994
UBA11524_sp000437595,DM,SW,22,100,0.021216298418724744,0.012478930273156696
UBA11524_sp000437595,DM,UK,22,100,0.11509024385233518,0.009548297250834016
UBA11524_sp000437595,DM,US,22,100,0.08351607500405642,0.011770195275241766
UBA11524_sp000437595,Denmark,Israel,22,100,0.010789962179579964,0.005627023973036151
UBA11524_sp000437595,Denmark,KY,22,100,0.10793579933431442,0.012480753740291384
UBA11524_sp000437595,Denmark,SW,22,100,0.0976755124581757,0.005064718496888329
UBA11524_sp000437595,Denmark,UK,22,100,0.007211381257470072,0.0030301841776952058
UBA11524_sp000437595,Denmark,US,22,100,0.011099278881782589,0.0029968553005266813
UBA11524_sp000437595,Israel,KY,22,100,0.11121687249916504,0.013347141142524678
UBA11524_sp000437595,Israel,SW,22,100,0.10341467979990682,0.00960274097019532
UBA11524_sp000437595,Israel,UK,22,100,0.016938295582252506,0.006650119594184682
UBA11524_sp000437595,Israel,US,22,100,0.008813640869898548,0.00404521674105641
UBA11524_sp000437595,KY,SW,22,100,0.04442801929608629,0.013028030750819793
UBA11524_sp000437595,KY,UK,22,100,0.12461685587239359,0.011956908478751745
UBA11524_sp000437595,KY,US,22,100,0.09327919196927204,0.01377080281922218
UBA11524_sp000437595,SW,UK,22,100,0.11786731778739078,0.0048339274596326245
UBA11524_sp000437595,SW,US,22,100,0.08647742393175513,0.00930503219475288
UBA11524_sp000437595,UK,US,22,100,0.016984590993341906,0.003869343143298707
