contig,gene_id,site_pos,r2N,r2S,r2L,rL_std,rNrS_pval,r2G,r2G_pval,rNrS,rNrS_trans,r_rg,r_rg_transform,iLDS,iLDS_pval,significance
GUT_GENOME025761_1,GUT_GENOME025761_00008,8772,0.09081352822904425,0.07286843076253569,0.07413512251878893,0.0031185126587660577,0.13579564834946856,0.051893174402230194,4.937799827628845e-13,0.01794509746650856,0.18135045359309276,0.022241948116558732,0.19332333708332042,0.07026189967945162,0.9654789786617413,False
GUT_GENOME025761_1,GUT_GENOME025761_00008,8880,0.09933129178781087,0.06976473588695845,0.07182029050174252,0.0031806234642332023,0.04120855714512524,0.05217147285964564,3.252884323402465e-10,0.02956655590085243,0.5912502123001251,0.019648817642096875,0.15896832729984056,0.3748477426294522,0.8290922334796331,False
GUT_GENOME025761_1,GUT_GENOME025761_00008,9041,0.08966236392465197,0.056858677070176215,0.06082268119987414,0.003637956278001683,0.021519294380864487,0.053058226216117804,0.01640951029011999,0.03280368685447576,0.7054268626998719,0.007764454983756337,0.0015187120881562642,0.49762936510499056,0.7797244565427053,False
GUT_GENOME025761_1,GUT_GENOME025761_00008,9096,0.09073853243067742,0.057900212005933226,0.06125715040754821,0.003484301211652181,0.020937504985801072,0.05354968255542337,0.01348141326444285,0.032838320424744195,0.7066484212655543,0.0077074678521248385,0.0007637198176115714,0.4993525745450601,0.7790529316066918,False
GUT_GENOME025761_1,GUT_GENOME025761_00008,9102,0.09957706587492325,0.05855758518342052,0.06233407617390393,0.00349025241058793,0.008381256195063446,0.054077021618439795,0.00899686534120916,0.041019480691502734,0.9952056310368954,0.008257054555464133,0.008044902448427788,0.9904989685029499,0.6094188479237796,False
GUT_GENOME025761_1,GUT_GENOME025761_00008,9124,0.09069948813912312,0.06188723940416844,0.06478501897597182,0.003777501162980225,0.02826982227295365,0.05490976485357861,0.00447145011933665,0.028812248734954686,0.5646450897985682,0.009875254122393207,0.029483569920417698,0.31969335832888535,0.8522744503802533,False
GUT_GENOME025761_1,GUT_GENOME025761_00009,9446,0.08402005834128017,0.06547932070483604,0.06727794276688819,0.0038098381947678913,0.07611858917785248,0.05580667273459487,0.0013021162085090473,0.01854073763644412,0.20235924206075004,0.011471270032293313,0.050628337890716815,0.04351249144497782,0.9784787143569319,False
GUT_GENOME025761_1,GUT_GENOME025761_00009,9467,0.09472214500565833,0.07456886670305171,0.07627992818115899,0.004348630139517988,0.08815357902647314,0.05766771233607271,9.343904395969649e-06,0.020153278302606617,0.25923506652800865,0.01861221584508628,0.14523494009522553,0.08829600754224481,0.956812335159127,False
GUT_GENOME025761_1,GUT_GENOME025761_00009,9479,0.1343854279421791,0.08089052379748361,0.08588843800235915,0.004912187872143124,0.004297374022472085,0.06652362938642326,4.0369434234145954e-05,0.053494904144695474,1.4352255383593506,0.019364808615935897,0.15520564240278314,2.0839611373925484,0.3527553334626191,False
GUT_GENOME025761_1,GUT_GENOME025761_00009,9494,0.15350453598393726,0.0847673678799143,0.09176060359848613,0.005692684799033582,0.0017537836359847816,0.07073991391418857,0.00011099557163428269,0.06873716810402296,1.9728345101054148,0.021020689684297558,0.17714353209406436,3.9234558352256323,0.14061523933400136,False
GUT_GENOME025761_1,GUT_GENOME025761_00009,9618,0.16443923710696512,0.10868885406524313,0.11586536863674828,0.007964513696100078,0.009227431248808943,0.07216059682171684,2.0390301669111274e-08,0.05575038304172199,1.5147783983453071,0.043704771815031435,0.4776729004407729,2.5227249959090745,0.28326781163709575,False
GUT_GENOME025761_1,GUT_GENOME025761_00009,9729,0.1839668113111269,0.11426473514619832,0.12391850069975238,0.008789745853507318,0.004288998919136223,0.07340349586725149,4.541011948684179e-09,0.06970207616492859,2.0068677240582224,0.05051500483250089,0.5678980642908467,4.35002627329192,0.11360666125047342,False
GUT_GENOME025761_1,GUT_GENOME025761_00009,9911,0.18832579057263554,0.11581750273022982,0.12624470046765557,0.00892340423810076,0.0023346337940376317,0.07449073861981692,3.319698591278109e-09,0.07250828784240572,2.105845446688926,0.05175396184783865,0.5843123484167053,4.776005965852727,0.09181285275547418,False
GUT_GENOME025761_1,GUT_GENOME025761_00009,9914,0.2055081569088699,0.13369194731674963,0.14589630638666973,0.010687568744347255,0.004990979395187413,0.07654798097401018,4.329282363171113e-11,0.07181620959212026,2.0814351965124027,0.06934832541265955,0.8174107360051523,5.000532788617109,0.08206313455980814,False
GUT_GENOME025761_1,GUT_GENOME025761_00009,9969,0.22251249494115347,0.16030095009419126,0.17154250331267962,0.01294166287650518,0.016560261136341514,0.07888745582999322,4.0503904907304e-13,0.0622115448469622,1.742669646237946,0.0926550474826864,1.1261891305449738,4.305199453676733,0.1161817240751251,False
GUT_GENOME025761_1,GUT_GENOME025761_00009,9979,0.23600951980548718,0.16265609842477055,0.17601929733396474,0.013102960932518573,0.007339601803650184,0.08014092480383202,1.2649940294879026e-13,0.07335342138071663,2.1356541006875593,0.09587837253013272,1.16889325385498,5.927329876691271,0.051629351621362694,False
GUT_GENOME025761_1,GUT_GENOME025761_00009,9980,0.2500634017998997,0.20889249923181152,0.20845693954294947,0.016044870425172143,0.09306364040652854,0.08318255126745797,2.9108222232928737e-15,0.0411709025680882,1.0005464229027359,0.1252743882754915,1.5583454694195322,3.4295337464438425,0.18000567996621583,False
GUT_GENOME025761_1,GUT_GENOME025761_00009,9981,0.249033730461091,0.2019817837633578,0.20821190522701044,0.015933733574568613,0.06961904493449787,0.08392927620788304,3.0961175810922595e-15,0.047051946697733216,1.2079763752883121,0.1242826290191274,1.545206177243223,3.846869053445304,0.14610430029804974,False
GUT_GENOME025761_1,GUT_GENOME025761_00009,10010,0.2553124780576307,0.18668318837926873,0.19868446620417304,0.014277827306938657,0.01664872990772607,0.08553358728013974,1.141312062244814e-15,0.06862928967836196,1.969029536667876,0.1131508789240333,1.3977275265580604,5.830719554768624,0.05418453315612714,False
GUT_GENOME025761_1,GUT_GENOME025761_00009,10085,0.2632937786049225,0.1991796801154599,0.21988986315085704,0.017803029748736033,0.022686137483940296,0.0867351303886998,3.7351265414682436e-14,0.06411409848946259,1.80977450088196,0.13315473276215722,1.6627479723413245,6.040014563567733,0.04880086300338224,True
GUT_GENOME025761_1,GUT_GENOME025761_00009,10095,0.2491307908263766,0.19196021428410534,0.20932595184625824,0.01719768226802846,0.033169203759208614,0.08761493432901415,7.356102605279607e-13,0.057170576542271256,1.5648699575485914,0.12171101751724409,1.5111362609098211,4.732350783074645,0.09383893802807505,False
GUT_GENOME025761_1,GUT_GENOME025761_00009,10146,0.23100598139581419,0.1933513117641572,0.2042090652290342,0.01718108913617276,0.10355015488219343,0.08868826882418875,8.857262737100604e-12,0.03765466963165698,0.8765255833201995,0.11552079640484546,1.4291253058218432,2.8106962379551925,0.24528165439000008,False
GUT_GENOME025761_1,GUT_GENOME025761_00010,10224,0.22186261252710343,0.19695078072234762,0.20684440814697297,0.018440548642277593,0.20642610221879892,0.09000252898556012,1.1779714221952232e-10,0.024911831804755813,0.4270737197697765,0.11684187916141285,1.4466276303186767,2.2751234629194235,0.32059977793551636,False
GUT_GENOME025761_1,GUT_GENOME025761_00010,10318,0.2285444726120865,0.19383685366096207,0.20911522211028225,0.019128915236199317,0.12680271549809918,0.09093417909499044,3.2431381404184943e-10,0.034707618951124425,0.7725803367169154,0.11818104301529181,1.4643695016802563,2.7412584141329046,0.25394712394833413,False
GUT_GENOME025761_1,GUT_GENOME025761_00010,10396,0.22300940608130382,0.2207417222203392,0.21703165689667725,0.0200537291806777,0.46907899576254136,0.09307776781512354,3.183041334569137e-10,0.0022676838609646255,-0.3716066550493232,0.1239538890815537,1.5408508762343494,2.512312928869109,0.28474635870300996,False
GUT_GENOME025761_1,GUT_GENOME025761_00010,10407,0.21002251902899458,0.18595364478604426,0.19673139812489382,0.018963876358497413,0.19299210132526823,0.09374303373209913,2.8056423573851354e-08,0.024068874242950317,0.3973418145070745,0.10298836439279468,1.2630897635978633,1.7532762684614807,0.41617970275051774,False
GUT_GENOME025761_1,GUT_GENOME025761_00010,10446,0.19962369320630302,0.19003543815245494,0.1901044802209759,0.017686027783527788,0.3528318773714544,0.09449135840940506,3.2198941514234503e-08,0.009588255053848083,-0.11340323053825876,0.09561312181157083,1.1653790878224515,1.3709687110304027,0.503846129812277,False
GUT_GENOME025761_1,GUT_GENOME025761_00010,10447,0.2057092835356739,0.18536012063618726,0.19227885862996488,0.01732482937939203,0.21680209577666143,0.0952629952091089,1.0728948333855433e-08,0.020349162899486628,0.26614410031659563,0.09701586342085598,1.1839632671320894,1.4726017000514213,0.4788820998225475,False
GUT_GENOME025761_1,GUT_GENOME025761_00010,10471,0.21373403290403467,0.1820782615181636,0.1928845579050228,0.017370481205522235,0.11468116058354194,0.0967115568749615,1.5422042365265595e-08,0.031655771385871084,0.6649388055205242,0.0961730010300613,1.1727966305254651,1.8175955516589457,0.4030084393943757,False
GUT_GENOME025761_1,GUT_GENOME025761_00010,10564,0.20517102544481802,0.18262658152223615,0.18914112833811336,0.0159505076248317,0.17724539319939486,0.09921293622197076,8.6042361583056e-09,0.02254444392258187,0.34357372472601,0.0899281921161426,1.0900624706185436,1.3062790941731073,0.5204093596120315,False
GUT_GENOME025761_1,GUT_GENOME025761_00010,10572,0.21227917735841373,0.18409253704330727,0.19418466365362233,0.01617496804773572,0.1236711909142103,0.10030766539252006,3.2405706651472196e-09,0.028186640315106454,0.5425792929977937,0.09387699826110227,1.142378108061086,1.599420030967212,0.44945928145367464,False
GUT_GENOME025761_1,GUT_GENOME025761_00010,10581,0.22417940282505583,0.19111498394163914,0.2025265066778341,0.016427362862059727,0.09219571748620958,0.1026636024479973,6.044502549521482e-10,0.033064418883416685,0.7146231263490405,0.09986290422983679,1.2216822002169354,2.0031936110397686,0.36729247800685777,False
GUT_GENOME025761_1,GUT_GENOME025761_00010,10588,0.24840228190483749,0.18712220884867423,0.2105285356394832,0.01710399105698148,0.013715384407967096,0.10494744855936353,3.352603921876091e-10,0.06128007305616326,1.7098157609491114,0.10558108708011968,1.2974393708259322,4.60681885735918,0.09991760039857765,False
GUT_GENOME025761_1,GUT_GENOME025761_00010,10660,0.24273847383865968,0.18856855535093706,0.20967063328278177,0.017255355384319142,0.025993337919422252,0.10638129323721314,1.0757880721290179e-09,0.054169918487722624,1.459033928493324,0.10328934004556863,1.267077230328701,3.7342647121121146,0.1545662679155958,False
GUT_GENOME025761_1,GUT_GENOME025761_00010,10683,0.24115854179183793,0.18785382513699733,0.2072011826496123,0.016891670848005066,0.027242663530422442,0.10717745612556608,1.5952652145781196e-09,0.0533047166548406,1.4285174468886428,0.10002372652404622,1.2238128494632343,3.538379986576567,0.17047101558333813,False
GUT_GENOME025761_1,GUT_GENOME025761_00010,10698,0.25498222447087154,0.1984041445237364,0.2195135609495832,0.01822775244860634,0.023615146717270965,0.10785667920809222,4.5156292843788654e-10,0.05657807994713515,1.5439720459178692,0.11165688174149097,1.3779343505770543,4.282552753076019,0.11750476693773382,False
GUT_GENOME025761_1,GUT_GENOME025761_00010,10722,0.24556902008695508,0.18715465445433835,0.2074620051208547,0.01727853243391902,0.020977392002415603,0.10765256705708849,3.813531073349534e-09,0.05841436563261673,1.6087395674512863,0.0998094380637662,1.2209738553509404,4.0788201513338915,0.13010544060911114,False
GUT_GENOME025761_1,GUT_GENOME025761_00010,10723,0.2595723716149505,0.17688313944518722,0.2056326940947878,0.01697084376404188,0.002479791222167578,0.10763952386025118,3.865809741465923e-09,0.08268923216976329,2.464936919310039,0.09799317023453662,1.1969110865635153,7.50851016531632,0.023417888504765772,True
GUT_GENOME025761_1,GUT_GENOME025761_00010,10747,0.24375447304353648,0.17861073034664485,0.20131153269865557,0.01651961935688902,0.011667681069030735,0.10751693928781494,6.823115357492718e-09,0.06514374269689163,1.8460910195498759,0.09379459341084062,1.1412863699226368,4.710586630633889,0.09486567689730689,False
GUT_GENOME025761_1,GUT_GENOME025761_00010,10752,0.22963720164055137,0.18048228716271714,0.19748710663482974,0.015886723786548745,0.03854318781143839,0.10685698888594894,5.824987613428922e-09,0.04915491447783424,1.2821500248781659,0.0906301177488808,1.0993619108964185,2.8525052974249063,0.24020737920718327,False
GUT_GENOME025761_1,GUT_GENOME025761_00010,10754,0.22809097545858678,0.18146013809104816,0.1960066535103066,0.015340253922108544,0.04793593377978258,0.10589888023169394,2.1277519596237807e-09,0.04663083736753862,1.19312345353058,0.09010777327861266,1.0924416461572783,2.616972325623562,0.27022882934996206,False
GUT_GENOME025761_1,GUT_GENOME025761_00010,10881,0.23371087720098033,0.17894799180841572,0.19524999565890877,0.015115019607828444,0.02789837463727003,0.10384401741553709,7.361885572608096e-10,0.0547628853925646,1.4799484283892836,0.09140597824337168,1.1096408749290254,3.4215502220051635,0.18072565586905767,False
GUT_GENOME025761_1,GUT_GENOME025761_00010,10899,0.2349178299640815,0.18283350515323227,0.19825077495186863,0.01505968244708477,0.032710354699067,0.10178434733045119,7.488548916183822e-11,0.052084324810849236,1.3854730798493236,0.09646642762141744,1.176684083746987,3.304121087930656,0.19165458876734515,False
GUT_GENOME025761_1,GUT_GENOME025761_00010,10978,0.22473142111289515,0.1802400361678008,0.19410161803916529,0.015333960864362332,0.062371552596972524,0.10121889711209227,6.92036729013123e-10,0.04449138494509436,1.1176629563236655,0.09288272092707302,1.129205455209842,2.5242754440138224,0.28304830071231896,False
GUT_GENOME025761_1,GUT_GENOME025761_00010,10981,0.21358073401264108,0.18734967557481763,0.1953145679382584,0.01565837799204839,0.1855654199233333,0.10014139198283882,6.080772841978759e-10,0.026231058437823446,0.47360408268673027,0.09517317595541959,1.1595504786023874,1.5688581395645649,0.4563801886591229,False
GUT_GENOME025761_1,GUT_GENOME025761_00010,11010,0.21088607505252796,0.16643174242740527,0.1817552309091938,0.015857481549499265,0.061054136054256525,0.09982777496948878,1.1926804969046356e-07,0.04445433262512269,1.1163560861832502,0.08192745593970502,0.9840649620768277,2.2146347607456525,0.33044422930053985,False
GUT_GENOME025761_1,GUT_GENOME025761_00010,11028,0.2002993396022857,0.16457845926185885,0.17601792088615406,0.015493537415598165,0.09657848019469989,0.09935657702061518,3.749839747259854e-07,0.035720880340426836,0.8083190179959195,0.07666134386553888,0.9142970373192336,1.4893187073046157,0.4748960439925075,False
GUT_GENOME025761_1,GUT_GENOME025761_00010,11061,0.20151780830958774,0.14607494205592353,0.16728699554764634,0.015922788149643756,0.020879026790760705,0.0979563553932305,6.678383624403934e-06,0.05544286625366421,1.5039319922823007,0.06933064015441584,0.8171764334021905,2.9295887607181346,0.23112551053622368,False
GUT_GENOME025761_1,GUT_GENOME025761_00010,11076,0.20274855057882443,0.12617365333254338,0.14713450133431197,0.013141319079679418,0.0022190436823716284,0.09720790846563837,7.257987507810833e-05,0.07657489724628105,2.249278581421671,0.0499265928686736,0.5601025063838738,5.3729689544997825,0.06811999631728022,False
GUT_GENOME025761_1,GUT_GENOME025761_00010,11083,0.20330952326457208,0.1133465595718985,0.13522608691496657,0.012212258457408878,0.00034087866487570557,0.09033611469593673,0.00011854681087803895,0.08996296369267358,2.7214882646497682,0.044889972219029836,0.4933749917453762,7.649917257106157,0.02181933820996269,True
GUT_GENOME025761_1,GUT_GENOME025761_00010,11094,0.14115534705101923,0.08307110134682809,0.09369009519329766,0.007724837778227429,0.0035608272120973275,0.07215116334790914,0.0026495196599001037,0.05808424570419114,1.597095927389197,0.02153893184538852,0.18400944751553444,2.584574878058131,0.27464183756845767,False
GUT_GENOME025761_1,GUT_GENOME025761_00010,11098,0.14467209137754622,0.07886364737276391,0.08880840311318745,0.007103878752459257,0.0007913109558372678,0.06974840850664651,0.003647807416109707,0.06580844400478231,1.8695356592442758,0.01905999460654094,0.15116732332164293,3.5180151408261593,0.1722156909891322,False
GUT_GENOME025761_1,GUT_GENOME025761_00010,11105,0.1327590690849556,0.07807506342149724,0.08651914177113737,0.007011770083479349,0.0017339055822769337,0.06785226768311528,0.0038813569452349024,0.054684005663458365,1.4771662662269192,0.01866687408802209,0.14595907815511133,2.2033242305746676,0.33231827312587264,False
GUT_GENOME025761_1,GUT_GENOME025761_00010,11107,0.11907341505402189,0.0761608246734323,0.08295089685606612,0.006553317980215321,0.004219297678778648,0.06662996740415464,0.006378473273689298,0.04291259038058959,1.0619773885703083,0.01632092945191148,0.11487890239117964,1.1409931360492138,0.5652446865616134,False
GUT_GENOME025761_1,GUT_GENOME025761_00010,11122,0.10841005564465453,0.07266845402109084,0.07842440274738888,0.006187007762990367,0.010472011724922584,0.06584566204471913,0.02102173931480168,0.035741601623563685,0.8090498771222401,0.012578740702669747,0.06530062919668944,0.6588258758449953,0.7193459102023014,False
GUT_GENOME025761_1,GUT_GENOME025761_00010,11130,0.11311086720110916,0.06907344386620425,0.07463646373313788,0.005197657997963524,0.002371413884157747,0.06567236803748604,0.04229606699492002,0.044037423334904915,1.1016513037819324,0.008964095695651847,0.01741211537029689,1.2139387768861,0.545000052252337,False
GUT_GENOME025761_1,GUT_GENOME025761_00010,11131,0.10403330648945493,0.06645392757850432,0.07151055265713761,0.004971551735003182,0.00464918533323847,0.06455336588428903,0.08084661559050238,0.0375793789109506,0.8738700088563939,0.006957186772848581,-0.009176356114836382,0.7637329978902202,0.6825861730971157,False
GUT_GENOME025761_1,GUT_GENOME025761_00010,11172,0.0926112878728893,0.06109546637275998,0.06517089271781794,0.004252215543833964,0.00808048601930783,0.06377284945680378,0.37116100527449436,0.031515821500129326,0.6600026415510265,0.0013980432610141563,-0.08282649891240404,0.44246371577641924,0.8015308175014701,False
GUT_GENOME025761_1,GUT_GENOME025761_00010,11307,0.09120619959114085,0.06185592834864643,0.06459713684778493,0.0035652934803282496,0.01146855023187694,0.0629206430924229,0.31909677380751705,0.029350271242494418,0.5836216491749507,0.001676493755362024,-0.07913745605407235,0.34687696633639953,0.840768871008265,False
GUT_GENOME025761_1,GUT_GENOME025761_00010,11515,0.08037577513359583,0.062058941087058415,0.06387777201137351,0.003360628837034747,0.05561465893792539,0.059721576444048186,0.10809338872181151,0.01831683404653741,0.19446195206097033,0.004156195567325327,-0.04628520243664063,0.03995777076396393,0.980219370045825,False
GUT_GENOME025761_1,GUT_GENOME025761_00010,11592,0.06151291226503712,0.0517131838027598,0.052860378265323145,0.0025924528792584233,0.14886729927069076,0.05279458772699046,0.4898768418857751,0.009799728462277321,-0.10594436471880772,6.579053833268705e-05,-0.10047680836368143,0.021319797434623713,0.98939671665307,False
GUT_GENOME025761_1,GUT_GENOME025761_00010,11706,0.05982452135774977,0.04887085303160467,0.049986360224183346,0.0023416515518792183,0.11854537817585731,0.05159543144260617,0.7540066160286869,0.010953668326145104,-0.06524382145790204,-0.001609071218422825,-0.12266616312464959,0.019303743814153743,0.9903945579102909,False
GUT_GENOME025761_1,GUT_GENOME025761_00010,11791,0.05788831462763418,0.04674991592858583,0.04791034642503859,0.002268905967205879,0.11803373313167503,0.04955378435018788,0.7655685895340469,0.011138398699048348,-0.05872820762968162,-0.001643437925149295,-0.12312146938765546,0.018607898595570375,0.9907391985197608,False
GUT_GENOME025761_1,GUT_GENOME025761_00010,11875,0.06076321772882557,0.04402785649906246,0.04549063977530856,0.0021669184724918103,0.03494590505750296,0.04878273732121375,0.9356505964396545,0.01673536122976311,0.13868191983353365,-0.00329209754590519,-0.14496368595119,0.04024714513326989,0.980077555124479,False
GUT_GENOME025761_1,GUT_GENOME025761_00010,11889,0.06011560367639861,0.04423945441961261,0.0457403605304757,0.002307920270460421,0.04778608339098609,0.04822647862413379,0.8593070898485969,0.015876149256785994,0.10837670621587668,-0.0024861180936580907,-0.1342856918278981,0.02977815747989966,0.9852212155210931,False
GUT_GENOME025761_1,GUT_GENOME025761_00010,11943,0.05763274732079891,0.04436012400452081,0.04570216448503735,0.002345780218555626,0.06597678226775053,0.04815200239256118,0.8518404580658354,0.013272623316278105,0.016547899975179158,-0.0024498379075238302,-0.13380503489147932,0.018177620355898535,0.9909523682086647,False
GUT_GENOME025761_1,GUT_GENOME025761_00010,11949,0.05767517834990321,0.04439725694347063,0.04541982676897685,0.002318491395304846,0.07616806758648302,0.04776628889229432,0.8442463192671363,0.01327792140643258,0.01673476859310663,-0.002346462123317468,-0.13243546397603145,0.01781920459841155,0.9911299705939053,False
GUT_GENOME025761_1,GUT_GENOME025761_00010,12039,0.05805093199507714,0.04450623583874935,0.04551220382089628,0.0022991895718722745,0.06745882969163679,0.047459575281138554,0.8014973352723831,0.013544696156327786,0.026144164688180094,-0.0019473714602422712,-0.127148123531934,0.016850162664934634,0.9916103102033298,False
GUT_GENOME025761_1,GUT_GENOME025761_00010,12104,0.05567130637764848,0.04461740444279422,0.045579748913314004,0.00229203894924972,0.10548488406069129,0.04733409658101949,0.7779860378290427,0.011053901934854261,-0.061708487897459946,-0.0017543476677054845,-0.12459085371988496,0.019330818309240733,0.9903811507847428,False
GUT_GENOME025761_1,GUT_GENOME025761_00010,12189,0.057221388659150454,0.04406997947943306,0.04495199839477403,0.002103425667869844,0.07667221689079408,0.04716087054689722,0.8531710180965678,0.013151409179717397,0.012272563483738109,-0.0022088721521231897,-0.13061260745066935,0.01721026903952503,0.9914317836790401,False
GUT_GENOME025761_1,GUT_GENOME025761_00010,12336,0.05305793692876004,0.044422243727610666,0.04509969902813601,0.0021227195599528904,0.15175036813432208,0.04724487615454602,0.8438911629605522,0.008635693201149375,-0.14700098212689305,-0.0021451771264100125,-0.12976874585053552,0.038449216145892015,0.9809590061848394,False
GUT_GENOME025761_1,GUT_GENOME025761_00012,14244,0.053110859414090016,0.04292061334471131,0.04364505222112993,0.0020005614431146037,0.1256832489099749,0.046817075495444366,0.9435811636232296,0.010190246069378704,-0.09217044177909692,-0.0031720232743144353,-0.1433728856363309,0.029051174673442315,0.9855794000577697,False
GUT_GENOME025761_1,GUT_GENOME025761_00012,14438,0.05401962848732106,0.041215616616079205,0.04203185019977062,0.0017878796364325037,0.07579753278175241,0.045744394656087435,0.9810764546047707,0.012804011871241854,1.9533993155316075e-05,-0.003712544456316816,-0.15053396398497187,0.0226604746946057,0.9887337080584748,False
GUT_GENOME025761_1,GUT_GENOME025761_00013,14989,0.05330633111103664,0.0415599109486844,0.04225897403946458,0.0018267440260622675,0.09118984562451604,0.0450315545449811,0.9354640274102096,0.011746420162352236,-0.037282719311241344,-0.002772580505516521,-0.1380808803303347,0.020456330672041022,0.989823964464924,False
GUT_GENOME025761_1,GUT_GENOME025761_00013,15064,0.05177104920683499,0.03949463152216871,0.040175428259779024,0.0017097042021503104,0.08604153414448007,0.04399439868162896,0.9872486703192422,0.01227641768466628,-0.018589208704186733,-0.003818970421849935,-0.15194394513444157,0.023432521143266,0.9883521075425556,False
GUT_GENOME025761_1,GUT_GENOME025761_00013,15185,0.05019185172363057,0.03698813932215703,0.037616566386472323,0.001469203414519781,0.06265801554562488,0.04389489213795602,0.9999903693243786,0.013203712401473534,0.014117347260108576,-0.006278325751483696,-0.1845266390030003,0.03424937999540608,0.9830211040935732,False
GUT_GENOME025761_1,GUT_GENOME025761_00013,15229,0.051115368580833626,0.037809154795925594,0.038341429837519515,0.0014550584942752023,0.06545060583070758,0.04385889429824818,0.999925256267876,0.013306213784908032,0.017732667365954618,-0.005517464460728663,-0.1744463914623574,0.030745990986149635,0.9847445658080607,False
GUT_GENOME025761_1,GUT_GENOME025761_00013,15235,0.04942511302894931,0.03649394864617578,0.03695059879098493,0.0013626778850191275,0.07187091060750576,0.04345004367777749,0.999999077094838,0.01293116438277353,0.004504322549624474,-0.006499444886792556,-0.18745612910450665,0.03516008926047652,0.9825735827781291,False
GUT_GENOME025761_1,GUT_GENOME025761_00014,15752,0.04501607161615562,0.036403576306304385,0.036724385067293266,0.001347651728025341,0.143432518236143,0.04325549413729723,0.9999993710372229,0.008612495309851233,-0.14781919355012715,-0.006531109070003961,-0.18787563106737626,0.05714776673077483,0.9718304893864386,False
GUT_GENOME025761_1,GUT_GENOME025761_00014,15753,0.04642540869697332,0.036325264152493826,0.03668553704539072,0.0013514585400653842,0.10852511318161162,0.04313426752283845,0.9999990865313448,0.010100144544479495,-0.09534840722327716,-0.006448730477447727,-0.18678424080333408,0.043979671372493784,0.9782501782424178,False
GUT_GENOME025761_1,GUT_GENOME025761_00014,16471,0.0464953896965471,0.036538023451471155,0.036885399524101976,0.0014177498094914609,0.1121092227682699,0.042950415006584884,0.9999905674675849,0.009957366245075948,-0.1003843320002536,-0.006065015482482908,-0.1817006044279527,0.04309212376062048,0.9786843963873679,False
GUT_GENOME025761_1,GUT_GENOME025761_00017,19649,0.04474143333935634,0.035538805863543424,0.03583366380696768,0.0014195858552825402,0.1233694388579451,0.042893998854889155,0.9999996712557676,0.009202627475812915,-0.12700467755804642,-0.007060335047921473,-0.19488706525014754,0.0541111563234386,0.9733071453991395,False
GUT_GENOME025761_1,GUT_GENOME025761_00017,19659,0.04456688663284669,0.03454072184667496,0.03488827273582697,0.0014501854905494612,0.09837503575852224,0.04282507825881345,0.9999999778708552,0.010026164786171729,-0.09795774281148036,-0.007936805522986486,-0.2064989575333689,0.052237538839088216,0.9742193752675137,False
GUT_GENOME025761_1,GUT_GENOME025761_00018,21332,0.042578447297172216,0.03315255437847603,0.0337959125390898,0.0014856221718875027,0.10475134530222446,0.042720649803411115,0.9999999990574315,0.009425892918696187,-0.11912989560339765,-0.008924737264321317,-0.21958754099387215,0.06241062018621191,0.9692765503872363,False
GUT_GENOME025761_1,GUT_GENOME025761_00018,21333,0.04189216574036171,0.032731958642785414,0.03308417016505082,0.0014542959974507723,0.1103181571645453,0.0426645197893304,0.9999999999776534,0.009160207097576298,-0.12850088415738897,-0.009580349624279574,-0.22827340129375176,0.06862122296744894,0.9662713230506629,False
GUT_GENOME025761_1,GUT_GENOME025761_00018,21679,0.04084249070900473,0.03160760625612876,0.03204650448001968,0.001369934718082826,0.10179857256874109,0.04278900915043986,0.9999999999999978,0.009234884452875972,-0.1258669436678067,-0.010742504670420178,-0.24367017687958747,0.07521764260880427,0.9630896073507965,False
GUT_GENOME025761_1,GUT_GENOME025761_00019,22147,0.03891573213136404,0.03133807879391495,0.03170520459298349,0.001332041974068286,0.14448675857437288,0.04274930118850099,0.9999999999999999,0.007577653337449086,-0.18431904227255627,-0.0110440965955175,-0.2476658082754536,0.09531186193300611,0.9534617873225456,False
GUT_GENOME025761_1,GUT_GENOME025761_00019,22176,0.03605561801683511,0.03141224827858888,0.0316037216226761,0.001318468436618529,0.240899937289896,0.042758433193014804,1.0,0.004643369738246229,-0.2878139819211667,-0.011154711570338705,-0.24913128738636123,0.1449032865441034,0.9301107226840016,False
GUT_GENOME025761_1,GUT_GENOME025761_00019,22200,0.035327804671559944,0.03125198624877752,0.03142148547665382,0.0013035312082615332,0.2669218760888361,0.04279467126438498,1.0,0.004075818422782422,-0.3078320500988212,-0.011373185787731159,-0.25202573637374337,0.15827754286277076,0.9239117029990569,False
GUT_GENOME025761_1,GUT_GENOME025761_00019,22233,0.03538833296217877,0.030841779550082306,0.031027021468682362,0.0012576900660532574,0.2423396643977817,0.04283479097821461,1.0,0.004546553412096463,-0.29122878471479996,-0.011807769509532249,-0.2577833055208631,0.15126643765172193,0.9271562076450223,False
GUT_GENOME025761_1,GUT_GENOME025761_00019,22416,0.03570234330442997,0.030941031192489275,0.031082216341690685,0.0012399313521694218,0.23420640754264882,0.04298173603612296,1.0,0.0047613121119406965,-0.28365404358022417,-0.011899519694432273,-0.25899885503945436,0.14754002335116,0.9288853020508456,False
GUT_GENOME025761_1,GUT_GENOME025761_00019,22492,0.0324056022998132,0.030543512696261682,0.030576831328621323,0.0012034720654715704,0.3771864465481545,0.04311980594670642,1.0,0.0018620896035515186,-0.3859123456118156,-0.012542974618085095,-0.2675236479162603,0.22049724069003662,0.8956114403891211,False
GUT_GENOME025761_1,GUT_GENOME025761_00020,24094,0.032098521714400176,0.030420839144220647,0.030452641579387936,0.0012130567320557811,0.38964015391663187,0.04322066668829475,1.0,0.0016776825701795284,-0.3924165549509532,-0.012768025108906816,-0.2705052224610436,0.22716382797827311,0.892631074444235,False
GUT_GENOME025761_1,GUT_GENOME025761_00020,24154,0.030174842692109,0.029229114806997945,0.029250494692863217,0.0011459017393926864,0.43291645012155466,0.04340838644906265,1.0,0.0009457278851110543,-0.41823328445087576,-0.014157891756199432,-0.2889188282304869,0.2583931695286448,0.8788011896388327,False
GUT_GENOME025761_1,GUT_GENOME025761_00021,26017,0.027877879007289202,0.027858401082133492,0.02786505263834275,0.0011920567706855296,0.49848342768105053,0.04356900019215573,1.0,1.947792515570937e-05,-0.4509029908593322,-0.01570394755381298,-0.3094017011811208,0.2990429198596626,0.8611199582475342,False
GUT_GENOME025761_1,GUT_GENOME025761_00021,26244,0.027281041466091224,0.028070566360878974,0.02807897640718556,0.0012161195572780257,0.5632901330126753,0.043564005708598155,1.0,-0.0007895248947877506,-0.47943728047208467,-0.015485029301412594,-0.3065013694095163,0.32380319535637714,0.8505248940468773,False
GUT_GENOME025761_1,GUT_GENOME025761_00021,26245,0.027990734807806533,0.028218166541156765,0.02823865703929391,0.0012996424322495022,0.518197960240804,0.043601318938597866,1.0,-0.0002274317333502314,-0.45961172651551535,-0.015362661899303957,-0.3048801886251234,0.30419486856666367,0.8589045899108432,False
GUT_GENOME025761_1,GUT_GENOME025761_00021,26273,0.026685258254003117,0.02693787906906341,0.026944463385045834,0.0012016622412227564,0.5217459007432808,0.043723650644317734,1.0,-0.0002526208150602921,-0.46050016909553554,-0.0167791872592719,-0.3236469815341247,0.3168077743931669,0.8535049926064304,False
GUT_GENOME025761_1,GUT_GENOME025761_00022,27120,0.026718512530767145,0.02682265953181794,0.02683765616191572,0.0012178950141888867,0.5091319901702133,0.04374948508746169,1.0,-0.00010414700105079375,-0.45526335816680097,-0.01691182892554597,-0.3254042805930887,0.31315267111761846,0.855066243252063,False
GUT_GENOME025761_1,GUT_GENOME025761_00022,27354,0.026379163233713525,0.026866480380229055,0.02695623175585863,0.00120440512331975,0.5425030976017337,0.04403814859938966,1.0,-0.0004873171465155299,-0.46877812923078244,-0.017081916843531032,-0.32765768517260224,0.3271124930977803,0.8491187376598,False
GUT_GENOME025761_1,GUT_GENOME025761_00023,27906,0.02702103676810068,0.026602181024642933,0.026878687748873146,0.001234962235032994,0.4643085060788048,0.044214172670447575,1.0,0.000418855743457746,-0.43681655994536334,-0.01733548492157443,-0.33101707409951964,0.3003810103879081,0.8605440227025849,False
GUT_GENOME025761_1,GUT_GENOME025761_00023,27970,0.026681113712487613,0.026531252244031907,0.0266980335666905,0.00122419250791546,0.4869676563708177,0.04510953226880533,1.0,0.00014986146845570592,-0.44630424077645986,-0.018411498702114833,-0.3452726097625665,0.3184006503873058,0.8528254994226431,False
GUT_GENOME025761_1,GUT_GENOME025761_00023,27980,0.026200971909359747,0.027026422491999585,0.027031452126337667,0.0012281019967701164,0.5727804188438627,0.04664457137297369,1.0,-0.0008254505826398376,-0.480704413239039,-0.019613119246636022,-0.3611922427966979,0.36153656916399757,0.8346287326367213,False
GUT_GENOME025761_1,GUT_GENOME025761_00024,28295,0.027558584133594837,0.02718413851045866,0.027222779337842694,0.0013119055446106083,0.4694595148419757,0.047791437838290096,1.0,0.00037444562313617563,-0.438382946617639,-0.020568658500447402,-0.37385167537692765,0.3319446830672994,0.8470696625131593,False
GUT_GENOME025761_1,GUT_GENOME025761_00024,28481,0.02889146708809302,0.024041878802589893,0.024437036887412097,0.0015235816174027125,0.17703702906169083,0.050210443729424306,1.0,0.0048495882855031265,-0.28054045999282456,-0.02577340684201221,-0.4428066245998807,0.27478065648252525,0.8716299379436754,False
GUT_GENOME025761_1,GUT_GENOME025761_00024,28517,0.029558182683584733,0.02422649071370148,0.024600468915769943,0.0015063183481855852,0.16603112590957703,0.05075986187502825,1.0,0.005331691969883253,-0.2635362100515957,-0.026159392959258305,-0.4479203498693463,0.27008397383543636,0.8736792278200679,False
GUT_GENOME025761_1,GUT_GENOME025761_00024,28616,0.03041912938214974,0.024872854501794835,0.02543583054594077,0.0017762784990351826,0.15505370777556993,0.051306849860259456,1.0,0.005546274880354904,-0.2559676691733657,-0.025871019314318684,-0.4440998404538861,0.2627441159532127,0.8768914592287043,False
GUT_GENOME025761_1,GUT_GENOME025761_00025,29073,0.030175657236919225,0.02503273592599158,0.02557954205910712,0.0017665178678174425,0.1713650939361367,0.05164579409304862,1.0,0.005142921310927646,-0.27019432856520714,-0.0260662520339415,-0.4466863751688773,0.27253369295031415,0.8726097485823796,False
GUT_GENOME025761_1,GUT_GENOME025761_00025,29277,0.029928051845217338,0.02478551824631337,0.0254641958112414,0.001859126613349534,0.17279950577578673,0.05197308920558596,1.0,0.005142533598903969,-0.2702080035325833,-0.02650889339434456,-0.45255069569458306,0.27781449734671565,0.8703087470056906,False
GUT_GENOME025761_1,GUT_GENOME025761_00025,29628,0.029626410836132506,0.02557414214235308,0.02570836198168271,0.0018487961115110155,0.2288211367645463,0.05224046891912417,1.0,0.0040522686937794275,-0.3086626711684983,-0.02653210693744146,-0.4528582396103472,0.30035322975585516,0.8605559760140323,False
GUT_GENOME025761_1,GUT_GENOME025761_00025,29629,0.02930140762676401,0.02522601859518696,0.025841509236219275,0.0018139142354373738,0.22717453701969037,0.052402726943116054,1.0,0.004075389031577049,-0.3078471951300983,-0.02656121770689678,-0.45324391274916204,0.3001999399936388,0.8606219357522067,False
GUT_GENOME025761_1,GUT_GENOME025761_00025,29641,0.029220121375181287,0.024871627813350276,0.025541250926193627,0.0017695831502108521,0.21654853478630637,0.052412784227115206,1.0,0.004348493561831011,-0.298214541734198,-0.02687153330092158,-0.4573551194060121,0.2981056181486253,0.8615236174328942,False
GUT_GENOME025761_1,GUT_GENOME025761_00025,29719,0.03001173193239521,0.025313090500507767,0.025838259130377565,0.0017071748838946494,0.2020059350533443,0.05271640250116788,1.0,0.004698641431887442,-0.285864497352181,-0.026878143370790315,-0.45744269271450794,0.2909723279643148,0.864601852637856,False
GUT_GENOME025761_1,GUT_GENOME025761_00026,30316,0.031128513869276488,0.025544215468540077,0.026180165584629045,0.0017070074441313309,0.16703549231841525,0.05378629345422547,1.0,0.005584298400736411,-0.2546265438819382,-0.027606127869596424,-0.46708737308250825,0.28300529094237886,0.8680528791729715,False
GUT_GENOME025761_1,GUT_GENOME025761_00026,30328,0.03123407198104474,0.025877861652923956,0.026276507072754904,0.0014029916722894233,0.1702435929739377,0.05564372876080446,1.0,0.005356210328120784,-0.2626714245186753,-0.029367221688049554,-0.490419170675585,0.3095072402247987,0.8566262069544226,False
GUT_GENOME025761_1,GUT_GENOME025761_00026,30332,0.03039084411237698,0.02609688930765522,0.026506702015772928,0.0015064268695987322,0.21826668554306317,0.05671377464847541,1.0,0.004293954804721761,-0.30013817494302125,-0.03020707263270248,-0.5015459102301011,0.34163122412666824,0.8429769939309184,False
GUT_GENOME025761_1,GUT_GENOME025761_00026,30333,0.030908645903169687,0.026396448041324006,0.026840880565989142,0.001582234136484405,0.21350122909502722,0.05846679023650387,1.0,0.004512197861845681,-0.2924405372532272,-0.03162590967051473,-0.5203433293323232,0.35627864820960276,0.8368258253574989,False
GUT_GENOME025761_1,GUT_GENOME025761_00026,30377,0.03065905320756624,0.02671963557183705,0.027120952113474723,0.0016381908892835906,0.24215655299928435,0.05994170525933044,1.0,0.003939417635729192,-0.31264303402277865,-0.03282075314585571,-0.5361731765726883,0.3852273419990154,0.8248005569710324,False
GUT_GENOME025761_1,GUT_GENOME025761_00026,30401,0.030078176431064974,0.026580734403981728,0.026993344290459652,0.0016471517903786836,0.26224534754266215,0.05919555174994107,1.0,0.0034974420270832453,-0.32823192902781384,-0.032202207459481415,-0.527978392964151,0.38649738267032735,0.8242769581100527,False
GUT_GENOME025761_1,GUT_GENOME025761_00026,30418,0.02889145151457602,0.026965601361641434,0.02724698507088128,0.0015719481943317045,0.35793047801752564,0.05819148006534531,1.0,0.001925850152934585,-0.38366345112453587,-0.030944494994464028,-0.5113156278368222,0.40864131499895273,0.8152009289813729,False
GUT_GENOME025761_1,GUT_GENOME025761_00026,30421,0.02958580615538215,0.026856222756643188,0.027137057753822875,0.0015261252273703581,0.3085269701081399,0.057163256973229604,1.0,0.0027295833987389627,-0.3553150243430538,-0.03002619921940673,-0.49914961434582383,0.3753991040254896,0.8288637002565321,False
GUT_GENOME025761_1,GUT_GENOME025761_00026,30473,0.030312233645837808,0.02835508658864853,0.02845529146496851,0.001654754128265215,0.3655478321187275,0.0565547588672089,1.0,0.001957147057189277,-0.3825595799043485,-0.02809946740224039,-0.4736233667926119,0.37067092574856064,0.8308255259793107,False
GUT_GENOME025761_1,GUT_GENOME025761_00026,30562,0.029174584219905386,0.02849733255842284,0.02846280806147805,0.001661249003890181,0.45041954618245833,0.05509187306075745,1.0,0.0006772516614825461,-0.4277026931232576,-0.026629064999279396,-0.45414278552727444,0.38917526335135944,0.8231740389753148,False
GUT_GENOME025761_1,GUT_GENOME025761_00026,30580,0.029922136626086438,0.028538992033091765,0.028597657871312767,0.0017810999765093755,0.4005104685205339,0.05360933567079701,1.0,0.0013831445929946735,-0.40280518615935157,-0.025011677799484242,-0.43271488067641306,0.3494941859556723,0.839669352193487,False
GUT_GENOME025761_1,GUT_GENOME025761_00026,30610,0.030849861867124826,0.02830970264637118,0.02846686747551645,0.0017580188377610227,0.3266438526047969,0.05338072366146166,1.0,0.0025401592207536447,-0.3619961930869012,-0.024913856185945212,-0.4314188940211845,0.31716350592787107,0.853353196786022,False
GUT_GENOME025761_1,GUT_GENOME025761_00026,30614,0.029542501133364565,0.029985274033770125,0.0299113386546751,0.0015319262371677775,0.5324774818670724,0.053166570580208246,1.0,-0.00044277290040556014,-0.46720701181592295,-0.023255231925533144,-0.4094446612339203,0.3859273225029237,0.8245119353266135,False
GUT_GENOME025761_1,GUT_GENOME025761_00026,30753,0.02889951740864067,0.029084377009648374,0.029064389621343088,0.0013851493828504007,0.5140434723732632,0.05081088801343069,1.0,-0.00018485960100770443,-0.45811016740626653,-0.021746498392087605,-0.3894562511586648,0.36154109704755855,0.8346268430880013,False
GUT_GENOME025761_1,GUT_GENOME025761_00026,30955,0.028602643523343067,0.027930109163538934,0.027932180039747564,0.001357207468516237,0.44602883188741443,0.04789823005287647,1.0,0.0006725343598041333,-0.42786907678591524,-0.019966050013128903,-0.36586803526266326,0.31693136609659284,0.853452251168089,False
GUT_GENOME025761_1,GUT_GENOME025761_00026,30961,0.028417315713329845,0.027357137097884513,0.027411414039225927,0.0013512548523590055,0.4167794454560521,0.04705281769680807,1.0,0.001060178615445332,-0.41419649965205696,-0.019641403657582147,-0.36156696795007676,0.30228941263662823,0.8597232822665578,False
GUT_GENOME025761_1,GUT_GENOME025761_00026,31040,0.028404987678758736,0.026766298054787276,0.02690179086302893,0.0012717778360961816,0.3741002494774921,0.046797267129060544,1.0,0.00163868962397146,-0.3937918728021731,-0.019895476266031612,-0.3649330411326485,0.2882481635953662,0.865780313816289,False
GUT_GENOME025761_1,GUT_GENOME025761_00026,31159,0.028519911596898873,0.02666855779791609,0.026796916731160393,0.0012405266333925852,0.3606890206922341,0.04651328698912566,1.0,0.0018513537989827827,-0.38629100752650664,-0.019716370257965264,-0.36256016066249924,0.2806706125954609,0.8690667829731403,False
GUT_GENOME025761_1,GUT_GENOME025761_00026,31172,0.027844021327593928,0.026479217315882833,0.026580227833017778,0.0011845631412503064,0.39603165719826794,0.04603940466724787,1.0,0.0013648040117110946,-0.4034520756943577,-0.01945917683423009,-0.35915274145406073,0.29176426907605313,0.8642595635343372,False
GUT_GENOME025761_1,GUT_GENOME025761_00026,31478,0.027093737236195934,0.026643331431370317,0.02665176665615281,0.0011681245846464276,0.4646793553736624,0.045691965881871126,1.0,0.0004504058048256168,-0.4357037596359233,-0.019040199225718316,-0.35360192942156243,0.31487209065153005,0.8543314503509192,False
GUT_GENOME025761_1,GUT_GENOME025761_00026,31579,0.025435293667920918,0.026414495938094574,0.026311296198108475,0.0011977907094464534,0.5823502904305774,0.044930034221961,1.0,-0.0009792022701736562,-0.48612737972615955,-0.018618738023852523,-0.34801821357847074,0.3574365063017718,0.8363415027884143,False
GUT_GENOME025761_1,GUT_GENOME025761_00026,31595,0.024758332801211536,0.02611823514960462,0.025931178692589672,0.0011907243921729185,0.6194486840107981,0.044308148592397324,1.0,-0.0013599023483930849,-0.4995550291974802,-0.018376969899807652,-0.34481515598121704,0.3684527189908463,0.8317475085699068,False
GUT_GENOME025761_1,GUT_GENOME025761_00027,31867,0.024526952530041057,0.025636587917706448,0.025498154085217932,0.0011408468621867114,0.5956648281637841,0.04420136648294204,1.0,-0.0011096353876653905,-0.49072787833735526,-0.018703212397724107,-0.3491373697371727,0.36271075352447335,0.8341388724450027,False
GUT_GENOME025761_1,GUT_GENOME025761_00027,32011,0.023972203789020357,0.025816224792968787,0.025659939228842913,0.0011468830306988224,0.6619141707621827,0.043970164001575676,1.0,-0.0018440210039484296,-0.5166303490653615,-0.018310224772732763,-0.34393088520647586,0.38519537137430737,0.8248137417709467,False
GUT_GENOME025761_1,GUT_GENOME025761_00029,34012,0.02488067235524156,0.02552574866825376,0.025415450436978293,0.0010740600280408318,0.556674954051211,0.04385435690679053,1.0,-0.0006450763130121974,-0.4743424432664207,-0.018438906469812236,-0.34563572073467563,0.34446480493173626,0.8417835178687136,False
GUT_GENOME025761_1,GUT_GENOME025761_00029,34165,0.02381165436668386,0.02531015135361489,0.025190017382497595,0.0010650660685254548,0.6360822095797014,0.04356036491482466,1.0,-0.001498496986931032,-0.5044433923246853,-0.018370347532327063,-0.3447274197481867,0.3733001299862789,0.8297340385754735,False
GUT_GENOME025761_1,GUT_GENOME025761_00029,34318,0.023875545448489806,0.025031017673941922,0.024916122924528387,0.001060833663520816,0.6043615003493156,0.04328544092709972,1.0,-0.0011554722254521164,-0.4923445866751959,-0.01836931800257133,-0.3447137800547047,0.3612307821879729,0.834756351690662,False
GUT_GENOME025761_1,GUT_GENOME025761_00029,34421,0.024466218013649343,0.02484627878452754,0.024762174398887258,0.001077204588551431,0.5337232419735918,0.04308830308359309,1.0,-0.0003800607708781961,-0.4649950960820677,-0.018326128684705834,-0.3441415876978512,0.33465387176356914,0.8459230035400609,False
GUT_GENOME025761_1,GUT_GENOME025761_00030,35545,0.024952573588580936,0.02498260240925759,0.024832522998286036,0.0011047601867645246,0.5026704675533191,0.043004916616004106,1.0,-3.0028820676653023e-05,-0.4526491403022529,-0.01817239361771807,-0.34210483336464526,0.32192696122782033,0.8513231603386475,False
GUT_GENOME025761_1,GUT_GENOME025761_00030,35857,0.025524988502545132,0.025022424064038987,0.02489914178055175,0.0011111572844596563,0.4562072838313117,0.04290227968734848,1.0,0.0005025644385061451,-0.4338640756168371,-0.018003137906796727,-0.3398624542549634,0.3037445239230596,0.8590980132275313,False
GUT_GENOME025761_1,GUT_GENOME025761_00030,36259,0.02572787583915968,0.025902334476460294,0.02587755260381763,0.0009728688834984581,0.5149604050277519,0.0428171629057977,1.0,-0.00017445863730061392,-0.45774331564338816,-0.01693961030198007,-0.32577234130911964,0.315656561378228,0.8539964170543192,False
GUT_GENOME025761_1,GUT_GENOME025761_00030,37279,0.02579362339783715,0.025777295147561628,0.025771724865582674,0.0009606241533565854,0.49861051747005763,0.04278529797106593,1.0,1.632825027552201e-05,-0.4510140828518466,-0.017013573105483255,-0.3267522352492781,0.31018072617109194,0.8563377926620861,False
GUT_GENOME025761_1,GUT_GENOME025761_00031,38074,0.02588252115123543,0.025803151246449593,0.025810769747189665,0.000857415666555563,0.4932769359449535,0.04266923674057611,1.0,7.93699047858358e-05,-0.44879054446221517,-0.01685846699338644,-0.3246973166668765,0.3068413002493614,0.8577688253478144,False
GUT_GENOME025761_1,GUT_GENOME025761_00031,38080,0.025539552487486773,0.025707416095039303,0.025702137922734767,0.0008436444660514165,0.5145899106061022,0.042546501072332876,1.0,-0.00016786360755252985,-0.4575107027473667,-0.01684436314959811,-0.324510462323794,0.31462308328599187,0.8544378243846354,False
GUT_GENOME025761_1,GUT_GENOME025761_00031,38221,0.024986211769944047,0.02525399290516479,0.02524779880993101,0.0008331512401563225,0.5237546675422334,0.04223300685129834,1.0,-0.0002677811352207425,-0.46103488783249935,-0.01698520804136733,-0.32637644156484585,0.3190747494072565,0.8525381034420261,False
GUT_GENOME025761_1,GUT_GENOME025761_00033,41409,0.025194731749709934,0.025025696449243667,0.025030532832515842,0.0008331902315784856,0.48503786510019054,0.04206853258651897,1.0,0.00016903530046626786,-0.44562796170537594,-0.01703799975400313,-0.3270758509551373,0.3055628925317152,0.8583172897625657,False
GUT_GENOME025761_1,GUT_GENOME025761_00033,41980,0.024521912004096147,0.026082671875353833,0.0260547322712559,0.0007714637555747783,0.6377986003626026,0.04186591284255644,1.0,-0.001560759871257686,-0.5066394627581928,-0.01581118057130054,-0.31082237453372624,0.3532940937346942,0.8380755337121456,False
GUT_GENOME025761_1,GUT_GENOME025761_00033,41982,0.024880091996070147,0.0261830141257212,0.026157485830864174,0.0007760318998847079,0.6140748702796368,0.041830769226088346,1.0,-0.0013029221296510518,-0.49754528334282816,-0.015673283395224172,-0.30899544801387924,0.3430294958699931,0.8423878444472417,False
GUT_GENOME025761_1,GUT_GENOME025761_00033,42050,0.02485599564745588,0.026207513044524514,0.026173155330541913,0.0007803388434905614,0.6171467999741815,0.041785051991281255,1.0,-0.001351517397068635,-0.49925928408561837,-0.015611896660739342,-0.30818216773948814,0.3442360812582942,0.841879791282836,False
GUT_GENOME025761_1,GUT_GENOME025761_00033,42741,0.024307016589811502,0.02639074912421611,0.026341313801550928,0.0007736417670757326,0.6795395340769841,0.04170613875805968,1.0,-0.0020837325344046087,-0.5250851999817412,-0.015364824956508753,-0.3049088458223469,0.36868387150058085,0.8316513838628449,False
GUT_GENOME025761_1,GUT_GENOME025761_00033,42984,0.02499190042928385,0.02643779218780191,0.026400079615476427,0.0007818368757599081,0.6222564348699083,0.04169613818866394,1.0,-0.001445891758518062,-0.5025879564897575,-0.015296058573187513,-0.3039977964960433,0.3450093142830002,0.841554369564868,False
GUT_GENOME025761_1,GUT_GENOME025761_00035,44593,0.024923967851135216,0.026459974531664432,0.026409655371518417,0.0007885212869176648,0.6308424000276072,0.041590811161071155,1.0,-0.0015360066805292158,-0.5057663944626641,-0.015181155789552737,-0.302475510481206,0.34729108020862937,0.8405948020035726,False
GUT_GENOME025761_1,GUT_GENOME025761_00035,44884,0.025289564300059554,0.02638900166953696,0.02635674001591696,0.0007691307263989428,0.5944101650585749,0.04162487513880007,1.0,-0.0010994373694774053,-0.4903681846536269,-0.015268135122883109,-0.3036278535186868,0.33265082995285866,0.846770637503143,False
GUT_GENOME025761_1,GUT_GENOME025761_00035,44962,0.025970419337312346,0.02633321591421907,0.026322778035646092,0.0007313054630981816,0.530621620581082,0.041535232342492005,1.0,-0.00036279657690672235,-0.464386171738952,-0.015212454306845914,-0.30289016793034135,0.3073969703312298,0.8575305402146246,False
GUT_GENOME025761_1,GUT_GENOME025761_00035,45187,0.028050899704119333,0.024767323921857393,0.024809751056599445,0.0005908586016104451,0.26664104280379464,0.04144589311226452,1.0,0.0032835757822619396,-0.33577519243516446,-0.016636142055665076,-0.32175185152898594,0.21626923381720234,0.8975067687112378,False
GUT_GENOME025761_1,GUT_GENOME025761_00036,45738,0.02818263819210626,0.024678430376314564,0.024723674746327223,0.0005832021597895614,0.2523595657920791,0.04125629145950432,1.0,0.003504207815791697,-0.32799329330281213,-0.016532616713177094,-0.3203802991952181,0.210223136564042,0.9002240805291973,False
GUT_GENOME025761_1,GUT_GENOME025761_00037,46095,0.028015735539535753,0.024617015938566154,0.024661797945594706,0.000582074450491787,0.25641274055652885,0.04114518899191737,1.0,0.0033987196009695984,-0.3317139617581784,-0.01648339104632266,-0.3197281344533983,0.2122602323863566,0.8993076259780658,False
GUT_GENOME025761_1,GUT_GENOME025761_00037,46585,0.02791400794536934,0.02479690343560609,0.02484368854608923,0.0006244938210657406,0.2732986251584254,0.041089980350364035,1.0,0.003117104509763248,-0.34164679063554293,-0.016246291804274806,-0.3165869323964906,0.2169498153157866,0.8972014074191764,False
GUT_GENOME025761_1,GUT_GENOME025761_00037,46735,0.0268923624019931,0.024731080676696385,0.02476241917071245,0.0006304720903371999,0.33384530383207883,0.041048443663658014,1.0,0.002161281725296716,-0.37535955835165746,-0.016286024492945566,-0.317113329707174,0.24145566192392218,0.8862751434232246,False
GUT_GENOME025761_1,GUT_GENOME025761_00037,46747,0.02676175804158484,0.024202956733004,0.024232238988274188,0.0005952875053297159,0.3071559821635081,0.040463998804105,1.0,0.002558801308580841,-0.36133866913280077,-0.01623175981583081,-0.31639440579203176,0.23067105382715652,0.8910671167443339,False
GUT_GENOME025761_1,GUT_GENOME025761_00037,46770,0.02711253477152891,0.023528197283397383,0.023557460795262154,0.0005386185328166961,0.24269292998472486,0.03778735453002852,1.0,0.003584337488131528,-0.32516704446813005,-0.01422989373476637,-0.2898727442414467,0.18975981466220604,0.9094821500488184,False
GUT_GENOME025761_1,GUT_GENOME025761_00037,46819,0.024692127566188098,0.02254521497244633,0.022569081468848028,0.0004932437356233168,0.32269207465466176,0.03303501189663712,1.0,0.0021469125937417684,-0.3758663711230904,-0.010465930427789094,-0.24000599148474294,0.19887840488981523,0.9053449909572745,False
GUT_GENOME025761_1,GUT_GENOME025761_00038,47314,0.023849915940840693,0.022387434823791068,0.022406653767417874,0.000512645902925027,0.37387809585815435,0.03220219570919644,1.0,0.001462481117049625,-0.40000691240993336,-0.009795541941778566,-0.23112437013076786,0.21342400444407228,0.8987844836542294,False
GUT_GENOME025761_1,GUT_GENOME025761_00039,49041,0.023420038572779276,0.022186570362710063,0.022203249983392456,0.0005368082947160019,0.3944514974781897,0.03203496937812026,1.0,0.0012334682100692135,-0.4080844128237071,-0.009831719394727805,-0.23160366600972684,0.22017314609881491,0.8957565835606659,False
GUT_GENOME025761_10,GUT_GENOME025761_00494,7061,0.03734500687466433,0.02476021035376911,0.02635866620102022,0.0020890409683940975,0.06518702102847508,0.04409258397798869,1.0,0.012584796520895218,-0.007712397392187763,-0.017733917776968467,-0.3362956995986714,0.11315427864209486,0.944993585519913,False
GUT_GENOME025761_10,GUT_GENOME025761_00494,7463,0.03981456436863844,0.024814544391139778,0.02676947816568127,0.0021375400144119853,0.04343438621290394,0.04411591979148779,0.9999999999999998,0.015000019977498665,0.07747480330885845,-0.01734644162580652,-0.3311622336604423,0.11567077015071968,0.9438052990880319,False
GUT_GENOME025761_10,GUT_GENOME025761_00496,9111,0.0380737236739891,0.024971123900531203,0.02679085479089316,0.0022469165428699897,0.05977181745996365,0.04419290892234822,0.9999999999999952,0.013102599773457894,0.010551009862784769,-0.017402054131455062,-0.3318990142406929,0.11026827946306825,0.9463581952047305,False
GUT_GENOME025761_10,GUT_GENOME025761_00497,9803,0.037143151952378384,0.025714822449554843,0.027085643082816097,0.002189173700203887,0.08693745415124782,0.04440778291761157,0.9999999999999988,0.01142832950282354,-0.04850207575642356,-0.017322139834795473,-0.33084027212547024,0.11180773701273705,0.9456300363489448,False
GUT_GENOME025761_10,GUT_GENOME025761_00499,11861,0.037397937680275946,0.025491858603651257,0.026987855573053943,0.002167790299353916,0.0870513488511116,0.04450859934040363,0.9999999999999997,0.01190607907662469,-0.031651399386514525,-0.01752074376734969,-0.33347147025187907,0.11220503255507451,0.9454422077063622,False
GUT_GENOME025761_10,GUT_GENOME025761_00500,12247,0.03890305202497983,0.026201628306972966,0.027934838207748326,0.002426426338685722,0.07704553658045317,0.0448147336114327,0.9999999999982582,0.012701423718006866,-0.0035988465650844655,-0.016879895403684373,-0.3249812103053494,0.10562573874812875,0.9485575000338192,False
GUT_GENOME025761_10,GUT_GENOME025761_00500,12936,0.03926984315520372,0.0259231248771806,0.027704093286147414,0.002304929219289787,0.06311845170729721,0.04501733796993422,0.9999999999999708,0.013346718278023115,0.019161298896861162,-0.017313244683786807,-0.3307224249893782,0.10974447776626974,0.9466060796781043,False
GUT_GENOME025761_10,GUT_GENOME025761_00501,13332,0.03972667700810786,0.026149137869428372,0.02782477285353282,0.002101752452635524,0.06539760241083764,0.04537384056883951,1.0,0.013577539138679484,0.027302567535571122,-0.01754906771530669,-0.3338467192101373,0.11219906212140668,0.9454450300605688,False
GUT_GENOME025761_10,GUT_GENOME025761_00501,13421,0.040408276013406984,0.026657752637191872,0.02845485312191357,0.0022500599722070093,0.05993239495930683,0.0457648682086555,0.9999999999999928,0.013750523376215112,0.03340388413249934,-0.01731001508674193,-0.3306796377717021,0.11046484231196158,0.9462651903436691,False
GUT_GENOME025761_10,GUT_GENOME025761_00501,13537,0.04119927884892335,0.02708293877680823,0.02922543023969469,0.002442118560760366,0.062180658880475415,0.04670273972256484,0.9999999999995866,0.014116340072115117,0.046306582724724876,-0.01747730948287015,-0.3328960324623314,0.1129640680328034,0.9450834636966301,False
GUT_GENOME025761_10,GUT_GENOME025761_00501,13642,0.03792110492623963,0.026826601779039557,0.02849901614707968,0.002366663887722422,0.09702915957203662,0.04682256477595293,0.9999999999999951,0.011094503147200074,-0.0602764449884065,-0.01832354862887325,-0.3441074059070608,0.1220431566205271,0.9408029386192718,False
GUT_GENOME025761_10,GUT_GENOME025761_00501,13675,0.03893521965023211,0.026926698244948286,0.028673744039253043,0.002366347552202197,0.08457404222545217,0.047093173264954574,0.9999999999999964,0.012008521405283825,-0.028038162198084395,-0.01841942922570153,-0.3453776770617604,0.12007187835202376,0.9417306879511101,False
GUT_GENOME025761_10,GUT_GENOME025761_00501,13736,0.03865287279884738,0.02679360251911258,0.02858020654196915,0.0023312424068806965,0.0749815588629074,0.04723195214746964,0.9999999999999993,0.011859270279734803,-0.033302389635193594,-0.01865174560550049,-0.3484555135144411,0.12253029405402709,0.9405738163594378,False
GUT_GENOME025761_10,GUT_GENOME025761_00501,13857,0.03680585661345419,0.026894023816452513,0.028697025818751026,0.002594262933626341,0.11556826358060757,0.04727930592948889,0.9999999999996049,0.009911832797001675,-0.10199033949786569,-0.018582280110737863,-0.3475352020315877,0.1311827460020264,0.9365134708037048,False
GUT_GENOME025761_10,GUT_GENOME025761_00501,13868,0.03721656130198812,0.027400347803948667,0.0290685902722487,0.002668298844035924,0.12359840704109204,0.04728364968895849,0.9999999999956485,0.00981621349803945,-0.10536292201784649,-0.01821505941670979,-0.34267008989771064,0.1285241358466439,0.9377592107165257,False
GUT_GENOME025761_10,GUT_GENOME025761_00501,14282,0.03743400207475671,0.02684559739224432,0.02902471595165973,0.0028521713122416806,0.10025207586858859,0.04739500545274967,0.9999999999405806,0.01058840468251239,-0.07812701337700252,-0.01837028950108994,-0.3447266509231165,0.12494029407587855,0.9394411074946056,False
GUT_GENOME025761_10,GUT_GENOME025761_00501,14332,0.03802156920364417,0.0269330592700178,0.029267027492328034,0.00291740065310319,0.0988089805262497,0.04751205900674428,0.9999999997997921,0.01108850993362637,-0.0604878312624804,-0.018245031514416248,-0.34306717431751815,0.12135386382504468,0.9411272388442934,False
GUT_GENOME025761_10,GUT_GENOME025761_00501,14383,0.03784279868817363,0.026589568866265005,0.028615837458361132,0.0027396234626494275,0.09202633803644011,0.0477999769041727,0.9999999999987426,0.011253229821908628,-0.054678006029047155,-0.01918413944581157,-0.3555089170252487,0.1293762744277777,0.9373597454208837,False
GUT_GENOME025761_10,GUT_GENOME025761_00501,14385,0.03810380925846255,0.026905918966153602,0.028740100950771702,0.002649766537933033,0.1034742727168696,0.048011632598852716,0.9999999999998241,0.01119789029230895,-0.05662988323602779,-0.019271531648081014,-0.3566667299442418,0.13041809992444486,0.9368715899339658,False
GUT_GENOME025761_10,GUT_GENOME025761_00501,14402,0.038803462340831756,0.027053835851993144,0.028831200012946222,0.0026133371207061056,0.09811225831791875,0.048454867687005077,0.9999999999999702,0.011749626488838611,-0.03716962916334588,-0.019623667674058855,-0.36133199331479976,0.13194239072498715,0.9361578295901843,False
GUT_GENOME025761_10,GUT_GENOME025761_00502,15583,0.03839220889260171,0.027715838736650344,0.02938184261811125,0.002734800492378673,0.12587185679235602,0.04899032237322158,0.999999999999625,0.010676370155951367,-0.07502438847489637,-0.01960847975511033,-0.36113077663511245,0.13604409669911166,0.9342398749028001,False
GUT_GENOME025761_10,GUT_GENOME025761_00502,15589,0.03667610782444249,0.02835574456004462,0.029776101672163057,0.0029675811359977573,0.16087420630878374,0.04933390163862913,0.9999999999780804,0.008320363264397872,-0.15812296528569975,-0.01955779996646607,-0.3604593470052325,0.15493381299418124,0.9254576505253213,False
GUT_GENOME025761_10,GUT_GENOME025761_00502,15595,0.03729666199797796,0.02771831744196501,0.02934791289824875,0.0030131654462941704,0.1415824814049308,0.05003938546106763,0.9999999999967222,0.00957834455601295,-0.1137527831089828,-0.020691472562818877,-0.37547877372615224,0.15392400518393431,0.925925035689466,False
GUT_GENOME025761_10,GUT_GENOME025761_00502,15660,0.030282615294901297,0.028165313096071027,0.028726496249903144,0.0029429415344599617,0.3638098040965926,0.05187572698995893,0.9999999999999982,0.0021173021988302697,-0.37691075757406933,-0.023149230740055787,-0.4080403077700281,0.30855861194011813,0.8570326132535888,False
GUT_GENOME025761_10,GUT_GENOME025761_00502,15678,0.03203171365921894,0.028741980783719263,0.02983335300604543,0.003214010412463676,0.30578614143105015,0.05343882103901923,0.9999999999998967,0.0032897328754996763,-0.33555802597135587,-0.0236054680329738,-0.4140847535918448,0.284065371951012,0.8675928979022426,False
GUT_GENOME025761_10,GUT_GENOME025761_00502,15871,0.03525262556068285,0.030953300703937123,0.03238298004789838,0.003997401388931886,0.2729168574696341,0.05708451649671793,0.9999999996782687,0.004299324856745727,-0.2999487681623402,-0.024701536448819554,-0.4286059824773905,0.2736723517375145,0.8721130875986334,False
GUT_GENOME025761_10,GUT_GENOME025761_00502,16000,0.037709098845203536,0.032885823857109156,0.03485397825507734,0.004223060228355891,0.2427721645551153,0.060828925051286134,0.9999999996143895,0.0048232749880943795,-0.2814685547168703,-0.025974946796208792,-0.4454767205192241,0.2776740558189667,0.8703698628964891,False
GUT_GENOME025761_10,GUT_GENOME025761_00502,16086,0.04106594820463514,0.037782839790850384,0.038982322125435336,0.005014638856482106,0.3417266043932212,0.06470255369262795,0.9999998543802919,0.0032831084137847563,-0.3357916769605024,-0.025720231567192615,-0.442102133597728,0.30821034684760973,0.8571818635190448,False
GUT_GENOME025761_10,GUT_GENOME025761_00502,16109,0.04283909994655739,0.03712602679079078,0.0396026431319299,0.005132165972363879,0.23921944572411813,0.06593397940973157,0.9999998556266665,0.005713073155766607,-0.25008453727298763,-0.026331336277801674,-0.4501983356664117,0.26522081721985147,0.8758062322192773,False
GUT_GENOME025761_10,GUT_GENOME025761_00502,16161,0.0428933224508968,0.037492429111683906,0.03969603568142964,0.005220576742493719,0.2361814661026972,0.06653542940155038,0.9999998634169002,0.005400893339212891,-0.2610954127325098,-0.026839393720120744,-0.4569293191527184,0.27695521725132644,0.8706827468341622,False
GUT_GENOME025761_10,GUT_GENOME025761_00503,16874,0.04504583932327338,0.03913342606664528,0.0415862261046447,0.005468222810043459,0.22290234483416582,0.06716248975124027,0.9999985462854428,0.005912413256628099,-0.24305362461212124,-0.02557626364659557,-0.4401947790047644,0.2528465079001433,0.8812417787738969,False
GUT_GENOME025761_10,GUT_GENOME025761_00503,16885,0.04716340212060717,0.04098905854798162,0.0436871012993317,0.005550886155563941,0.21791479086672938,0.06739070647288722,0.9999902367772266,0.00617434357262555,-0.23381509625253727,-0.023703605173555527,-0.4153849204974487,0.22721413141225502,0.892608623522414,False
GUT_GENOME025761_10,GUT_GENOME025761_00503,16895,0.046379619711165825,0.04044551959347777,0.043369576621669334,0.005659514112709474,0.22649801434937022,0.06766206011099953,0.99999115947275,0.0059341001176880515,-0.2422887086451788,-0.02429248348933019,-0.4231866568539335,0.2377907648761572,0.8879006859081446,False
GUT_GENOME025761_10,GUT_GENOME025761_00503,16903,0.04699177489204215,0.04044290740390485,0.04347533910705887,0.005495554185972976,0.20619066786977447,0.06772416266314764,0.999994889481569,0.006548867488137301,-0.22060528584314806,-0.024248823556088768,-0.4226082295636651,0.22726440783687255,0.8925861852193578,False
GUT_GENOME025761_10,GUT_GENOME025761_00503,17023,0.04864055333962299,0.0398462466237136,0.04383872505335249,0.005506611670987381,0.1467907379627198,0.0678972925638167,0.9999937601014338,0.008794306715909389,-0.14140653442524578,-0.02405856751046421,-0.4200876281619349,0.1964694233128783,0.9064361276594037,False
GUT_GENOME025761_10,GUT_GENOME025761_00503,17038,0.048910089314806934,0.039677441179850316,0.04398904195548093,0.005561162062870162,0.14049657887416833,0.06805992389859998,0.9999924898565885,0.009232648134956618,-0.12594582070210614,-0.02407088194311905,-0.42025077554634216,0.1924730640996291,0.9082491606239037,False
GUT_GENOME025761_10,GUT_GENOME025761_00503,17060,0.04952600259195474,0.042818116348185005,0.045702637843734836,0.005846666938245217,0.2211805490854996,0.0685901526897664,0.9999547277911778,0.006707886243769737,-0.21499654491515902,-0.022887514846031562,-0.40457297275227877,0.20990280460707209,0.900368277347315,False
GUT_GENOME025761_10,GUT_GENOME025761_00503,17062,0.048310686379664416,0.04272100632671739,0.04495142024639913,0.005779251641890966,0.2554943407068195,0.06890374004108016,0.9999829749194097,0.005589680052947028,-0.25443672795177424,-0.02395231979468103,-0.41868000854882576,0.24003099808924996,0.8869066904042577,False
GUT_GENOME025761_10,GUT_GENOME025761_00503,17074,0.049226398057448134,0.03922257925961993,0.044764680348525945,0.006056071611461365,0.11793649250338678,0.06941479370397087,0.9999765250980751,0.010003818797828204,-0.09874590681704204,-0.024650113355444925,-0.4279247051975233,0.19287030743150718,0.9080687805768186,False
GUT_GENOME025761_10,GUT_GENOME025761_00503,17078,0.04785486331955886,0.03967027162220081,0.043396321940894496,0.00570168064531867,0.1570964234897721,0.06939650809836719,0.9999974434346904,0.008184591697358051,-0.16291175602855804,-0.02600018615747269,-0.44581110342501673,0.22528778018933937,0.8934687765518803,False
GUT_GENOME025761_10,GUT_GENOME025761_00503,17296,0.050012426674243445,0.03969330427177203,0.044476395919942305,0.005916451963859206,0.11430041906530708,0.069102695939263,0.9999842500364003,0.010319122402471417,-0.0876248524164368,-0.0246263000193207,-0.4276092149421805,0.19052775546447026,0.9091330028582247,False
GUT_GENOME025761_10,GUT_GENOME025761_00503,17374,0.05017028297144506,0.04209437683490228,0.04531518123087546,0.005950359368820121,0.17276599152600847,0.06799993312766243,0.9999311694047975,0.008075906136542778,-0.16674519788138642,-0.022684751896786974,-0.40188667402044553,0.18931685977171855,0.9096836021396297,False
GUT_GENOME025761_10,GUT_GENOME025761_00503,17504,0.05098718932921849,0.04147657890780848,0.045661320363508416,0.005781567034824929,0.13705828167373274,0.06798692052090755,0.9999436566477291,0.009510610421410007,-0.11614182968061851,-0.02232560015739913,-0.39712846318534134,0.17119994087351278,0.9179613694678813,False
GUT_GENOME025761_10,GUT_GENOME025761_00503,17587,0.045541114735220344,0.03872038547393794,0.04171161231253407,0.005128954971737462,0.19118882008694443,0.06191716200160706,0.9999591752465813,0.006820729261282403,-0.21101646565819382,-0.02020554968907299,-0.3690410393946312,0.18071923753634542,0.9136025775544789,False
GUT_GENOME025761_10,GUT_GENOME025761_00503,17632,0.03096221129868049,0.028417946954250057,0.02972154920671004,0.003108859299296096,0.32810452892109865,0.04513906786754375,0.999999646116952,0.002544264344430433,-0.3618514015175741,-0.015417518660833709,-0.3056069567525296,0.22433204879577512,0.893895836661902,False
GUT_GENOME025761_10,GUT_GENOME025761_00503,17641,0.03056476547639973,0.027307688051441927,0.028709102586361914,0.0029916333538131585,0.28024982230293916,0.04425938159811726,0.9999998992360699,0.003257077424957802,-0.3367098143956062,-0.015550279011755343,-0.30736582820141706,0.2078472514562666,0.9012941304755869,False
GUT_GENOME025761_10,GUT_GENOME025761_00503,17648,0.034082449331335196,0.029962267433058576,0.03136836886859103,0.0035582270931859114,0.2557088338429745,0.04381058205829063,0.9997645141989884,0.00412018189827662,-0.3062673086334352,-0.012442213189699597,-0.2661887132139486,0.16465609538006565,0.9209697871244592,False
GUT_GENOME025761_10,GUT_GENOME025761_00503,17657,0.03477084428227849,0.03019382573410995,0.0318583728657231,0.003428812817141851,0.23044319888984438,0.04357764502175366,0.9996844458460598,0.004577018548168537,-0.2901542507399577,-0.01171927215603056,-0.25661085103956915,0.1500386180937182,0.9277255726590506,False
GUT_GENOME025761_10,GUT_GENOME025761_00503,17659,0.03377078231214082,0.030185767157335435,0.031715091733209105,0.003311161164662447,0.2789242626923091,0.04308214302848648,0.9997014740955752,0.003585015154805384,-0.3251431425277956,-0.011367051295277375,-0.25194446373808466,0.16919407594112146,0.9188824845589386,False
GUT_GENOME025761_10,GUT_GENOME025761_00503,17711,0.035855433377268126,0.03139030783972638,0.032682901759689326,0.0036183429550485425,0.24522381837866125,0.04273303956896736,0.9972615011076557,0.004465125537541748,-0.29410082236141477,-0.010050137809278034,-0.2344973756948604,0.14148431292143696,0.9317020945245514,False
GUT_GENOME025761_10,GUT_GENOME025761_00503,17940,0.03871467465805007,0.029404813568706573,0.032399301026142385,0.003513143199027862,0.0804642434609042,0.04263793125568051,0.9982180144420849,0.009309861089343497,-0.12322244725022444,-0.010238630229538123,-0.23699461175988756,0.07135021750955418,0.9649537475857546,False
GUT_GENOME025761_10,GUT_GENOME025761_00503,18013,0.03768120659264678,0.029843243663317393,0.03208301324401435,0.0034683451639025238,0.13138985131719882,0.042312031347331754,0.9984072707796087,0.007837962929329388,-0.1751376783754452,-0.010229018103317403,-0.2368672657996264,0.08677930799413175,0.9575382087755687,False
GUT_GENOME025761_10,GUT_GENOME025761_00503,18014,0.041340991978976505,0.02919919520753909,0.03194695679998236,0.003324390976739955,0.048364109391438065,0.042225318956517405,0.9990052760138596,0.012141796771437414,-0.023337414805957985,-0.010278362156535048,-0.23752099897955847,0.05696085988607276,0.9719213145155103,False
GUT_GENOME025761_10,GUT_GENOME025761_00503,18065,0.039037488135203156,0.030590775334005275,0.03291165975344183,0.003430805590644726,0.12248245906799937,0.0422070997216505,0.9966297942561343,0.008446712801197881,-0.15366649840250576,-0.009295439968208669,-0.22449878442887722,0.07401309694133079,0.9636698247648126,False
GUT_GENOME025761_10,GUT_GENOME025761_00503,18278,0.03992871970878345,0.028603093793502652,0.030556110807291547,0.0028146282313697333,0.054392251803957695,0.042061938797587024,0.9999782321901896,0.011325625915280798,-0.05212452779116197,-0.011505827990295477,-0.2537830425377323,0.06712279907716007,0.9669955363288862,False
GUT_GENOME025761_10,GUT_GENOME025761_00503,18352,0.03774957175974011,0.02707352167458707,0.02878704094316731,0.0024069146805656993,0.06106134888069362,0.041714874519189045,0.9999999608759834,0.010676050085153037,-0.07503567767269766,-0.012927833576021733,-0.2726224400500873,0.07995334774266441,0.9608118509117923,False
GUT_GENOME025761_11,GUT_GENOME025761_00527,8843,0.03726302266898189,0.026830375910663423,0.02809224377088718,0.0015578720857914675,0.07589053191007838,0.04313993168477507,1.0,0.010432646758318467,-0.08362074171622035,-0.01504768791388789,-0.3007072654123968,0.09741728791697249,0.9524585938417224,False
GUT_GENOME025761_11,GUT_GENOME025761_00528,9251,0.04378621118089833,0.030147875511172154,0.03181958277531212,0.0018343452552401183,0.04239682445282757,0.04218995985099269,0.9999999921370037,0.013638335669726175,0.02944691831108291,-0.010370377075680573,-0.23874005582170468,0.057863935251770256,0.9714825544830417,False
GUT_GENOME025761_11,GUT_GENOME025761_00528,9302,0.043967633835367066,0.03164460619750899,0.033420386180081606,0.0020066768762257194,0.06494378899715664,0.04151143246058288,0.9999723552434716,0.01232302763785808,-0.01694523185957624,-0.008091046280501273,-0.2085424114920562,0.043777078273696896,0.9783492766289997,False
GUT_GENOME025761_11,GUT_GENOME025761_00528,9303,0.042993690537224606,0.032040450044478336,0.03382972542319724,0.0021888383786632945,0.08529067644954902,0.04128573012849055,0.999670841763643,0.01095324049274627,-0.06525891154387872,-0.007456004705293312,-0.20012908260481097,0.044310375240135036,0.9780884360562452,False
GUT_GENOME025761_11,GUT_GENOME025761_00528,9304,0.04289149267248212,0.032169246039778505,0.03453679832899669,0.002519012327641976,0.09384215788872913,0.04129225026734679,0.9963384853374398,0.010722246632703616,-0.07340628203349624,-0.006755451938350102,-0.19084783069743344,0.04181137672389741,0.9793113206690781,False
GUT_GENOME025761_11,GUT_GENOME025761_00528,9306,0.04407088592307293,0.032184278753583755,0.033810159687208345,0.002184406606208503,0.08082136379763027,0.0414189466940762,0.9997522971919794,0.011886607169489173,-0.032338191847332234,-0.007608787006867852,-0.20215321425457886,0.04191168068541253,0.97926220749814,False
GUT_GENOME025761_11,GUT_GENOME025761_00529,10528,0.04649713082681729,0.030849701224855777,0.03252938767317841,0.0018693932640940593,0.03935365615651132,0.04105254732416487,0.9999974340079145,0.015647429601961516,0.10030954908118764,-0.008523159650986462,-0.21426725226531962,0.05597246103020131,0.9724017561803621,False
GUT_GENOME025761_11,GUT_GENOME025761_00529,10634,0.046054381940864066,0.030702801176363616,0.031857261074092015,0.0016398741223163482,0.043009540130464145,0.04055538979648371,0.9999999433985806,0.01535158076450045,0.08987468259913976,-0.008698128722391694,-0.21658532465663677,0.054986661428916866,0.9728811709541446,False
GUT_GENOME025761_11,GUT_GENOME025761_00532,13539,0.04644096365973452,0.030670086218608027,0.031868181136489315,0.001670718748914184,0.03737015265056142,0.04055917838201734,0.9999999013964432,0.015770877441126492,0.10466367036230763,-0.008690997245528027,-0.21649084350351516,0.057822769214573286,0.9715025507323195,False
GUT_GENOME025761_11,GUT_GENOME025761_00532,13690,0.04581276446954917,0.030533573968651834,0.03157160722266663,0.0015777555124875252,0.04321151321729262,0.0406249348719898,0.9999999952129276,0.015279190500897336,0.08732140998268695,-0.009053327649323172,-0.22129116677680424,0.05659480913480389,0.9720992170590299,False
GUT_GENOME025761_11,GUT_GENOME025761_00532,13691,0.044097868138206334,0.03052185204716711,0.03143889771954919,0.0015771899374528047,0.06023539115686749,0.040657885545548424,0.9999999974701731,0.013576016091039225,0.027248848214216685,-0.009218987825999232,-0.22348591056100203,0.05068845194828162,0.9749742428001236,False
GUT_GENOME025761_11,GUT_GENOME025761_00532,13795,0.04131520586034228,0.030684273497519586,0.031385048314230536,0.0015651968511977594,0.098380399428804,0.040640119947327795,0.9999999983207474,0.010630932362822691,-0.07662702213269819,-0.009255071633097259,-0.22396396577576524,0.05603155848693316,0.9723730233695173,False
GUT_GENOME025761_11,GUT_GENOME025761_00532,13796,0.037606634578294794,0.03009577584818254,0.03064482930042924,0.0015904719804389403,0.15736943692976557,0.0407701070773705,0.9999999999031216,0.007510858730112254,-0.1866749508347198,-0.01012527777694126,-0.23549286525839122,0.09030442685675186,0.9558519772530277,False
GUT_GENOME025761_11,GUT_GENOME025761_00533,14672,0.037438940832585525,0.03187960205627199,0.03228573436834846,0.0016744823627880955,0.2272967574873302,0.040878293460419164,0.9999998562573803,0.005559338776313538,-0.25550689328783716,-0.008592559092070705,-0.2151866886380351,0.11158908348460486,0.9457334246722751,False
GUT_GENOME025761_11,GUT_GENOME025761_00533,15017,0.03913514159857072,0.031885591829072774,0.03237800511319306,0.0016758606798405724,0.17658759437081945,0.04080978187911248,0.9999997564317805,0.0072495497694979455,-0.19589156340610384,-0.00843177676591942,-0.21305656890733227,0.08376660616825242,0.9589816842478819,False
GUT_GENOME025761_11,GUT_GENOME025761_00533,15204,0.04264878704601086,0.032721702214422076,0.033362899459353945,0.0017566937836694595,0.12477865069127586,0.040912220772677005,0.9999913616797794,0.009927084831588787,-0.10145238590689704,-0.00754932131332306,-0.2013653848323294,0.05084060481487408,0.9749000730584961,False
GUT_GENOME025761_11,GUT_GENOME025761_00533,15213,0.04785392840984817,0.03516899522772265,0.036063114365314695,0.0020339956727381293,0.09898703586904356,0.0413880322432769,0.995577132189311,0.012684933182125525,-0.004180483260418278,-0.005324917877962201,-0.17189544394935571,0.02956552009083673,0.9853259685230545,False
GUT_GENOME025761_11,GUT_GENOME025761_00533,15340,0.05067211389458663,0.03602504169200447,0.037025358002177246,0.0021191794575530143,0.07887452471191281,0.04124801012711766,0.9768467245462148,0.014647072202582163,0.06502600365158669,-0.0042226521249404125,-0.15729210983177067,0.028969188966225974,0.9856198025979375,False
GUT_GENOME025761_11,GUT_GENOME025761_00533,15342,0.05131194414393238,0.035949430832655616,0.03701438994792277,0.0021126744870818993,0.07533870498321035,0.04114128797203531,0.9746138829430097,0.015362513311276763,0.09026028379635449,-0.004126898024112542,-0.15602351455546376,0.032490255925237466,0.9838861124949293,False
GUT_GENOME025761_11,GUT_GENOME025761_00533,15678,0.05439739960983729,0.03894307883254838,0.04014510404251024,0.0024217980970770744,0.08160698587065418,0.04112902941120744,0.6577311415833238,0.015454320777288907,0.09349841938652036,-0.0009839253686972013,-0.11438393745380954,0.021825639575214658,0.9891465090192724,False
GUT_GENOME025761_11,GUT_GENOME025761_00533,15932,0.06012748182724535,0.04207275780405366,0.043701639360214456,0.002956204210163535,0.07039948419576025,0.04119921766508324,0.1986374244162561,0.018054724023191693,0.18521708525435684,0.002502421695131214,-0.06819517500394186,0.03895595056393795,0.9807104948229209,False
GUT_GENOME025761_11,GUT_GENOME025761_00540,21358,0.06022224482684908,0.043584048474545105,0.04516172798332512,0.00311457770359197,0.08864959482143236,0.0410891980755991,0.09550951503188448,0.01663819635230398,0.13525482330771413,0.004072529907726025,-0.047393644369039666,0.020540024754579975,0.9897825441272989,False
GUT_GENOME025761_11,GUT_GENOME025761_00541,21782,0.060089396835439256,0.04680543985679822,0.048350513618493775,0.003663121719349326,0.139900719880808,0.04125979767326383,0.02645203933797892,0.013283956978641036,0.016947648896029174,0.007090715945229947,-0.007407298958353034,0.0003420908809614968,0.9998289691869566,False
GUT_GENOME025761_11,GUT_GENOME025761_00541,21783,0.06286526545053739,0.04892325248124207,0.05045685151559169,0.003789360282112051,0.131041877697942,0.04128052996282743,0.007726136890144045,0.013942012969295321,0.04015790200744407,0.00917632155276426,0.020223783147606627,0.002021658498440898,0.9989896814665684,False
GUT_GENOME025761_11,GUT_GENOME025761_00541,22078,0.06920529819756267,0.05271061832225247,0.05459543363841406,0.004196188517088552,0.11911568689927993,0.04134671644233406,0.000796127803656376,0.016494679875310204,0.13019286231352567,0.013248717196080007,0.0741767922793001,0.022452377910235088,0.9888365895633325,False
GUT_GENOME025761_11,GUT_GENOME025761_00541,22085,0.07557002965870534,0.054059134370530684,0.056603923648969295,0.004269786074784139,0.07676410352306393,0.04140602100519274,0.00018584719248024542,0.021510895288174653,0.3071194932499053,0.015197902643776552,0.10000051606987728,0.1043224863483204,0.9491758063833867,False
GUT_GENOME025761_11,GUT_GENOME025761_00541,22086,0.07734934110980436,0.05423084393339461,0.05686987882528937,0.004082969809501547,0.06205647188154852,0.041528746325355095,8.586230476997924e-05,0.02311849717640975,0.3638211223791015,0.015341132499934275,0.10189809243868925,0.1427490303318328,0.931113110838535,False
GUT_GENOME025761_11,GUT_GENOME025761_00542,22481,0.08463848221869297,0.05511916816517091,0.05851909307056602,0.004210577056917863,0.032870116003394866,0.04198138738332297,4.288857567396635e-05,0.02951931405352206,0.5895839479555083,0.016537705687243047,0.11775085571515863,0.36147449570845563,0.8346546371834801,False
GUT_GENOME025761_11,GUT_GENOME025761_00542,22696,0.09039382746887772,0.05567551811386085,0.05968361526012661,0.004295449416572666,0.017944753116076097,0.04212945108291834,2.1878689635903495e-05,0.03471830935501687,0.7729573973070945,0.017554164177208273,0.1312173749324392,0.6146811375359178,0.7354001039465959,False
GUT_GENOME025761_11,GUT_GENOME025761_00544,24107,0.0970801648235075,0.061352749965533714,0.06557729664313908,0.004761813987090854,0.019034981339446713,0.042270337018866934,4.926425368519695e-07,0.03572741485797378,0.8085494965697485,0.023306959624272143,0.2074331094713087,0.6967807833081296,0.7058232749058913,False
GUT_GENOME025761_11,GUT_GENOME025761_00544,24413,0.0967321666782146,0.059288481372502165,0.06306797381104146,0.004015037614069817,0.011128930449175813,0.04224643395625721,1.0749335176873315e-07,0.03744368530571244,0.8690839678995342,0.020821539854784243,0.17450510166848843,0.7857589737683282,0.6751101023058406,False
GUT_GENOME025761_11,GUT_GENOME025761_00544,24414,0.09694215502190733,0.06412485153080708,0.06848328615213639,0.004780304925519005,0.025321379822788682,0.042268946187874294,2.0811712922808524e-08,0.03281730349110025,0.7059071342680501,0.026214339964262097,0.2459514489873256,0.558796997469496,0.7562384830825892,False
GUT_GENOME025761_11,GUT_GENOME025761_00544,24656,0.09812502029761726,0.0640302388372246,0.0686538090656493,0.004839371064461159,0.022851389597732023,0.04234501775005945,2.7182828718315383e-08,0.03409478146039266,0.7509649825858694,0.02630879131558985,0.24720278482672306,0.6250576218962823,0.7315945507103403,False
GUT_GENOME025761_11,GUT_GENOME025761_00545,25276,0.09895688054198823,0.055112910970157775,0.05944790831392654,0.0038980794366647825,0.00472223973822618,0.04237007121990348,5.904352156808213e-06,0.043843969571830455,1.0948280077857215,0.01707783709402306,0.1249067701386868,1.2142500678585306,0.5449152320553285,False
GUT_GENOME025761_11,GUT_GENOME025761_00545,25534,0.09770683219905017,0.05346385937022065,0.05761224650899054,0.0037799013067532283,0.0039009507845663917,0.04224339173035939,2.3919544187064252e-05,0.044242972828829524,1.1089012275705903,0.015368854778631154,0.10226537020015602,1.2401201384497371,0.5379121246598022,False
GUT_GENOME025761_11,GUT_GENOME025761_00545,25705,0.10178978043843791,0.05431551073360877,0.05862818423260418,0.0037482603710982357,0.0027551463631862966,0.042154187294521694,5.5359676523724175e-06,0.04747426970482914,1.2228721045707462,0.016473996938082484,0.11690681230035183,1.509083386899516,0.470226073043159,False
GUT_GENOME025761_11,GUT_GENOME025761_00546,27338,0.10438731065082153,0.05652147903932437,0.060998514764415646,0.00401514629371554,0.00276027542146574,0.042239670433722794,1.4912585644595353e-06,0.04786583161149716,1.2366828609374148,0.018758844330692852,0.14717754310234804,1.5510457277299927,0.4604629586035649,False
GUT_GENOME025761_11,GUT_GENOME025761_00546,27521,0.10351062496789046,0.05686073408697933,0.06123778155145483,0.004211251023188636,0.00381770854862789,0.04228217699202794,3.378840861688915e-06,0.04664989088091113,1.1937954888502462,0.018955604559426895,0.14978431497508252,1.447583010211753,0.48491022653486326,False
GUT_GENOME025761_11,GUT_GENOME025761_00547,28062,0.09936077543486765,0.0542153850981586,0.057978441044362096,0.003787821432176414,0.003821570918088136,0.04154813786737071,7.200197481768174e-06,0.04514539033670906,1.1407303410009397,0.016430303176991387,0.11632793684285167,1.3147978997702348,0.5181974406004615,False
GUT_GENOME025761_11,GUT_GENOME025761_00548,29598,0.0943470162443667,0.05178720538250697,0.05515752237378735,0.003522347300131983,0.00489121754018478,0.04142477818855891,4.8345686177789893e-05,0.042559810861859726,1.0495345234668358,0.013732744185228442,0.08058940904171491,1.108017368798451,0.5746416301504684,False
GUT_GENOME025761_11,GUT_GENOME025761_00548,29916,0.0878048966916646,0.04695496817787946,0.050565684390470614,0.0032887462061064686,0.004272259451276322,0.04140312279857758,0.0026678566236648894,0.04084992851378513,0.989225366414573,0.009162561591893034,0.02004148472683421,0.9789684866681022,0.6129424418257859,False
GUT_GENOME025761_11,GUT_GENOME025761_00548,29944,0.08348722955481673,0.046074582829873645,0.04930393172309316,0.00319173604324895,0.007012463084484873,0.04142703722737441,0.006795359852490342,0.037412646724943086,0.8679892079914001,0.007876894495718746,0.003008363523578117,0.7534143154406281,0.6861169685365597,False
GUT_GENOME025761_11,GUT_GENOME025761_00548,30072,0.08331857714204706,0.04613889728023453,0.049524975020150734,0.0032348383048444547,0.0064872760163200505,0.041461715145109386,0.006340018276008303,0.03717967986181253,0.8597722478290039,0.008063259875041348,0.005477419551797687,0.7392383202618844,0.6909974399074582,False
GUT_GENOME025761_11,GUT_GENOME025761_00548,30568,0.08154201689421874,0.04683515288651643,0.05020001029777588,0.0035394136407399224,0.009514313023713422,0.041626181279757195,0.007709463593223369,0.03470686400770231,0.7725537091530591,0.008573829018018682,0.01224167922745838,0.5969890922364575,0.7419343282611793,False
GUT_GENOME025761_11,GUT_GENOME025761_00548,30681,0.07747687467342619,0.04209939781989573,0.045197534970591,0.003066957732364402,0.006191790973349353,0.041847571012197646,0.1373559292122699,0.03537747685353046,0.7962068543450993,0.003349963958393355,-0.05696653725006018,0.6371905412723806,0.7271697967262468,False
GUT_GENOME025761_11,GUT_GENOME025761_00548,30685,0.0713167844280126,0.03927417835316861,0.04207063639345541,0.0028157872661606037,0.007677962388723444,0.04183911393057266,0.4672346939132627,0.03204260607484399,0.6785828284773088,0.00023152246288275086,-0.09828111402996921,0.47013383247923646,0.7905179493702895,False
GUT_GENOME025761_11,GUT_GENOME025761_00548,30724,0.06602723717327652,0.03943769868243168,0.041612590617765,0.0027583205401757183,0.01690578412056963,0.041838353684376155,0.5326162139757344,0.02658953849084484,0.48624801099098786,-0.00022576306661115791,-0.1043394473820028,0.24732384847267358,0.883678540685799,False
GUT_GENOME025761_11,GUT_GENOME025761_00548,30726,0.06195383316426675,0.039394655161754735,0.04115382868810574,0.002751509264321611,0.026107275359836715,0.042257717451380496,0.6558613183552582,0.022559178002512018,0.3440934095695482,-0.0011038887632747532,-0.11597326881795023,0.1318500735895174,0.9362010422920826,False
GUT_GENOME025761_11,GUT_GENOME025761_00549,31239,0.06389218911010812,0.040274037080866826,0.04218041734398966,0.0028408986692497764,0.024096851376592423,0.04236207724426746,0.5254927983113806,0.023618152029241293,0.3814444185229999,-0.00018165990027779744,-0.10375514793167165,0.15626497514467255,0.9248418883697409,False
GUT_GENOME025761_11,GUT_GENOME025761_00549,31341,0.06440611425430375,0.04031535875489686,0.04218203642809666,0.00282421401180858,0.02156732695664833,0.04236056650238055,0.5252019812241399,0.024090755499406882,0.3981135869823128,-0.00017853007428388773,-0.10371368252771287,0.16925095608338275,0.918856351847327,False
GUT_GENOME025761_11,GUT_GENOME025761_00549,31355,0.06666539131013029,0.0401552328385686,0.04202521177665405,0.0027629760607656467,0.011964625074760206,0.042373562135718905,0.5501648894403419,0.026510158471561684,0.483448203124002,-0.0003483503590648515,-0.10596354137690715,0.2449504372049618,0.8847278294638605,False
GUT_GENOME025761_11,GUT_GENOME025761_00549,31356,0.0630968181684535,0.03936405147166559,0.04101448297532174,0.002746109577540191,0.021858208486902283,0.04239374205555529,0.6922574334665157,0.023732766696787908,0.3854869855413361,-0.0013792590802335497,-0.11962150404034592,0.16290952025062075,0.9217744098694229,False
GUT_GENOME025761_11,GUT_GENOME025761_00549,31501,0.05775057060711788,0.03925944514687781,0.04054597694849097,0.0028637583656805706,0.034872538116521946,0.04262631915894994,0.7662147748207295,0.018491125460240065,0.20060937398955545,-0.0020803422104589686,-0.1289097824494473,0.05686185294364515,0.9719694291852373,False
GUT_GENOME025761_11,GUT_GENOME025761_00551,33940,0.055439490130572734,0.037905584927149655,0.039230907683007014,0.0030463473116888536,0.03824565754094062,0.042664634153321536,0.870162971394841,0.01753390520342308,0.16684731611055068,-0.0034337264703145215,-0.14684005242469575,0.049400027889381415,0.9756025352908008,False
GUT_GENOME025761_11,GUT_GENOME025761_00551,34036,0.054161127588906156,0.03812824338424508,0.03926453544207076,0.003014486029895069,0.05196193080265776,0.04284842021194363,0.8827580308375704,0.016032884204661077,0.11390489509835776,-0.0035838847698728693,-0.1488294200640037,0.035124521403955555,0.9825910569516152,False
GUT_GENOME025761_11,GUT_GENOME025761_00551,34037,0.05247652928443521,0.03721200565456539,0.038037487041718714,0.003120456836802543,0.0594702276192706,0.04288181814341705,0.9397218589088746,0.015264523629869825,0.08680409566029544,-0.004844331101698338,-0.16552840474212782,0.034934603799875404,0.9826843670515162,False
GUT_GENOME025761_12,GUT_GENOME025761_00565,8210,0.04074792421417206,0.024766142060698805,0.027581282663576213,0.0020572549542208773,0.004581463964247026,0.054400886535784544,1.0,0.015981782153473255,0.11210247773657288,-0.02681960387220833,-0.4566671339578968,0.2211118367519985,0.8953362630398598,False
GUT_GENOME025761_12,GUT_GENOME025761_00565,8212,0.04227847738197989,0.028576710518873824,0.03084607924341608,0.0021791012123080784,0.011188202356858306,0.05473963082233144,1.0,0.013701766863106063,0.03168419610266183,-0.023893551578915363,-0.4179014196396016,0.17564548481946632,0.9159232166771637,False
GUT_GENOME025761_12,GUT_GENOME025761_00565,8222,0.04572868330694215,0.029680921586513705,0.032403895089284034,0.0023289534366018223,0.01285766376432046,0.05510177038714039,1.0,0.016047761720428447,0.11442963905864961,-0.022697875297856357,-0.4020605389981516,0.17474681931457697,0.9163348634534048,False
GUT_GENOME025761_12,GUT_GENOME025761_00565,8223,0.05367691647711616,0.03473045681577304,0.03686664783718526,0.002711828149124214,0.012924730433759428,0.055503468299987896,0.9999999999968439,0.018946459661343118,0.21666943910252232,-0.018636820462802635,-0.34825777821787407,0.16822912593025158,0.919325929357584,False
GUT_GENOME025761_12,GUT_GENOME025761_00565,8248,0.05508652185470197,0.03668593920158811,0.04068881144528955,0.0030873778788908014,0.011155080305889601,0.0562927112185604,0.9999997837813456,0.01840058265311386,0.19741584410659252,-0.015603899773270855,-0.30807622122043604,0.1338839735857815,0.9352494565834245,False
GUT_GENOME025761_12,GUT_GENOME025761_00565,8300,0.053383514445564974,0.03839347771836141,0.04258768476642071,0.0032729558496750514,0.024354352825930934,0.05637152067842184,0.999987312237173,0.014990036727203566,0.07712268469051191,-0.013783835912001129,-0.2839631608186235,0.08658298519597556,0.9576322066792202,False
GUT_GENOME025761_12,GUT_GENOME025761_00565,8316,0.05765400509016866,0.03919816007480888,0.04144756934604626,0.0028669631547085994,0.023725813358002522,0.05608529715458797,0.9999998351756014,0.01845584501535978,0.19936499954849835,-0.014637727808541709,-0.29527592149479953,0.12693427285957576,0.9385049614175642,False
GUT_GENOME025761_12,GUT_GENOME025761_00565,8327,0.05747156077345295,0.04124077108929776,0.04447167370265767,0.0032204131287250923,0.023200632400498925,0.05694331385124212,0.999946178168739,0.016230789684155193,0.12088520731560123,-0.01247164014858445,-0.2665785753787504,0.08567737019869999,0.9580659279120443,False
GUT_GENOME025761_12,GUT_GENOME025761_00565,8388,0.05592769366666612,0.042015283688552965,0.04498608336072987,0.003298835719109588,0.03654746346384848,0.056848076044545524,0.9998383092846952,0.013912409978113154,0.03911377669295535,-0.011861992683815652,-0.2585016795870135,0.06835300587649336,0.9664009169819667,False
GUT_GENOME025761_12,GUT_GENOME025761_00565,8496,0.06390829121911071,0.04056702057274448,0.04420383128001496,0.0031652066129160402,0.0037381314152836807,0.05736347400126146,0.9999839191234308,0.02334127064636623,0.37167855198635585,-0.0131596427212465,-0.2756935564210249,0.21415188305874705,0.8984574401674026,False
GUT_GENOME025761_12,GUT_GENOME025761_00565,8504,0.061379373411416305,0.045391824292480856,0.0489471720134633,0.003620681770052872,0.02884811328435795,0.05757603072588944,0.9914188878777425,0.01598754911893545,0.11230588402716711,-0.008628858712426142,-0.21566760304813878,0.059125126591653074,0.970870134905622,False
GUT_GENOME025761_12,GUT_GENOME025761_00565,8523,0.06355459464172386,0.041891340724872175,0.04546533860961259,0.0033196353616154798,0.006563549550198282,0.058014130938126976,0.9999216399422136,0.021663253916851685,0.31249332524220425,-0.012548792328514385,-0.2676007236749559,0.16926222563229015,0.9188511743136161,False
GUT_GENOME025761_12,GUT_GENOME025761_00565,8553,0.059532570042196344,0.04429828046571773,0.04747108022776636,0.003492203193709774,0.030607347254139036,0.05793096593499072,0.9986287251018067,0.015234289576478613,0.08573771218873652,-0.010459885707224358,-0.23992590818921072,0.0649153967117762,0.9680633996385871,False
GUT_GENOME025761_12,GUT_GENOME025761_00565,8594,0.06189953849348663,0.04347999736163026,0.04711443254176808,0.003545591261820938,0.013178080114077817,0.05873899183311331,0.9994783745735049,0.01841954113185637,0.19808452746556252,-0.011624559291345232,-0.25535605054845195,0.10444419257295873,0.9491180478388417,False
GUT_GENOME025761_12,GUT_GENOME025761_00565,8595,0.06418948773604728,0.050239193332552286,0.05293203357712623,0.004133008782119173,0.06128728429371358,0.058683615439371714,0.917981403629741,0.013950294403494996,0.04044999597304854,-0.005751581862245482,-0.17754808869618532,0.03315952597388813,0.9835569248236752,False
GUT_GENOME025761_12,GUT_GENOME025761_00565,8606,0.061196305664351795,0.04794444064184676,0.0510927435140885,0.003923358532008529,0.052507853629022,0.05907181465395232,0.9790108339119475,0.013251865022505034,0.015815735448943265,-0.007979071139863826,-0.20705891226593096,0.04312353063654145,0.9786690277983365,False
GUT_GENOME025761_12,GUT_GENOME025761_00565,8627,0.06460713265688388,0.04814525207044155,0.051276163417995804,0.004130470588806349,0.02879273780221202,0.060363917874550456,0.9861027278275223,0.01646188058644233,0.12903600057636427,-0.009087754456554652,-0.22174726927951263,0.06582214087766416,0.967624606194536,False
GUT_GENOME025761_12,GUT_GENOME025761_00565,8628,0.0657329025106336,0.04853528907848954,0.05204385548168413,0.004168342244285957,0.03133837395437644,0.060668623499879885,0.9807322229741392,0.017197613432144064,0.15498598935184843,-0.008624768018195755,-0.2156134076107359,0.07050979843688462,0.9653593155584091,False
GUT_GENOME025761_12,GUT_GENOME025761_00565,8646,0.07187104559204215,0.05262178335362038,0.05747858623699939,0.004424291875519904,0.016223843029314917,0.06225644650061958,0.8599100390023278,0.019249262238421765,0.22734957051473886,-0.00477786026362019,-0.16464776787677118,0.07879671468003935,0.9613676649913999,False
GUT_GENOME025761_12,GUT_GENOME025761_00565,8657,0.0882259548790764,0.07669354144662036,0.07946850139403981,0.007270851078758948,0.14039492271207693,0.06982821555115148,0.09243950073449791,0.011532413432456048,-0.04483093775918531,0.009640285842888327,0.026370599855587935,0.002705221517111482,0.9986483036070696,False
GUT_GENOME025761_12,GUT_GENOME025761_00565,8658,0.10546656880042783,0.10921276408837596,0.10727250339540458,0.01095625827700401,0.6060556792727669,0.09555173796064248,0.1423595954941393,-0.0037461952879481314,-0.5837218233786041,0.011720765434762095,0.05393377009984122,0.3436400186456248,0.8421307352095244,False
GUT_GENOME025761_12,GUT_GENOME025761_00565,8660,0.10719999966913925,0.10506330383865926,0.10652113984027203,0.010486028180832866,0.4402466621572623,0.09866573051990854,0.22688911045813553,0.0021366958304799843,-0.37622672596318485,0.007855409320363493,0.002723717834979409,0.141553967967822,0.9316696462132963,False
GUT_GENOME025761_12,GUT_GENOME025761_00565,8663,0.1065440260566173,0.1051211367875333,0.10671594264037065,0.010390823198259822,0.4597060888512933,0.09906308129302567,0.23071264650915424,0.0014228892690839878,-0.4014033540888814,0.007652861347344983,4.026720910258533e-05,0.16112465429525202,0.9225973989274423,False
GUT_GENOME025761_12,GUT_GENOME025761_00565,8671,0.10520777576913781,0.10771996639897798,0.10735256479259374,0.010519805474745667,0.5721702158935936,0.09949897205659021,0.22766670251138182,-0.0025121906298401636,-0.5401973195945516,0.007853592736003528,0.0026996508726442174,0.29182043221197235,0.8642352941114324,False
GUT_GENOME025761_12,GUT_GENOME025761_00565,8826,0.10392783862175628,0.09860269741212854,0.10268241275509542,0.009979883800236877,0.34798327763323506,0.09965448071863266,0.38079117553331493,0.005325141209627737,-0.26376726152101787,0.0030279320364627604,-0.061232967318841945,0.07332264453696741,0.9640025662708117,False
GUT_GENOME025761_12,GUT_GENOME025761_00565,8837,0.10063842128449452,0.12004509967489534,0.11002259312787752,0.012216930889786653,0.9238635683192145,0.09942826589698957,0.19292059547558477,-0.01940667839040082,-1.136081777268792,0.010594327230887948,0.039010188006420796,1.2922035994105132,0.5240847874157624,False
GUT_GENOME025761_12,GUT_GENOME025761_00565,8901,0.09848659402053067,0.11473024153782534,0.10724655711487335,0.01169967952292763,0.8839437766858063,0.09870225474520165,0.23260272426262663,-0.016243647517294665,-1.024518706334631,0.0085443023696717,0.011850496329866443,1.0497790138928502,0.5916207307365811,False
GUT_GENOME025761_12,GUT_GENOME025761_00565,8903,0.10056516122063579,0.1215764066486878,0.11470713681027767,0.011214134652615088,0.9327205928436066,0.09781829903153279,0.066029569541773,-0.02101124542805201,-1.1926763643662945,0.016888837778744878,0.12240281849051515,1.4374593600924241,0.4873709799687924,False
GUT_GENOME025761_12,GUT_GENOME025761_00565,8915,0.09785351968251034,0.13244743451579824,0.12090659952628943,0.011516549541849793,0.992892035210851,0.09370778719050796,0.00909530063636708,-0.0345939148332879,-1.671749876805176,0.027198812335781475,0.258994201092629,2.86182564679773,0.2390905751313113,False
GUT_GENOME025761_12,GUT_GENOME025761_00565,9064,0.11020141213236771,0.12962390467592622,0.12266975614870682,0.011053047078159038,0.8957865137463433,0.0920549503348924,0.0028044769356677032,-0.019422492543558503,-1.1366395573099213,0.030614805813814414,0.3042508862127557,1.384518085002941,0.5004442662849324,False
GUT_GENOME025761_12,GUT_GENOME025761_00566,9171,0.11820445719771819,0.13360509920507424,0.12858247132552564,0.01116373352426945,0.8304319273659957,0.09100281854788081,0.00038102089480849204,-0.015400642007356052,-0.9947851098962212,0.03757965277764483,0.3965244482025318,1.1468290528935592,0.5635977301116761,False
GUT_GENOME025761_12,GUT_GENOME025761_00566,9172,0.1266700810112627,0.13157041536973704,0.13078456469068958,0.011563777273086476,0.6146088674517529,0.09002618894888403,0.00021201384332098018,-0.00490033435847434,-0.6244293928455306,0.04075837574180555,0.43863766217622374,0.5823150653288609,0.7473979291565187,False
GUT_GENOME025761_12,GUT_GENOME025761_00566,9198,0.12266772329640882,0.13547592226174615,0.12936414499194235,0.011490620524609014,0.7860082571291753,0.08890817733898505,0.00021513826002113556,-0.01280819896533733,-0.9033472078989239,0.040455967652957295,0.4346312178598647,1.0049404735571308,0.605034234393055,False
GUT_GENOME025761_12,GUT_GENOME025761_00566,9553,0.13316518403006233,0.13321503416278352,0.13445275491221467,0.011330453250728983,0.50115255859218,0.08877630884002366,2.773469882091988e-05,-4.9850132721185325e-05,-0.45334825660251865,0.04567644607219101,0.5037945665357308,0.45933360703546805,0.794798382414148,False
GUT_GENOME025761_12,GUT_GENOME025761_00566,9559,0.13642065811855147,0.12302090474390846,0.1278625030647629,0.010923827678657821,0.21904126750322955,0.08780100206505842,0.0001225385473263043,0.013399753374643011,0.021031896587358937,0.040061500999704486,0.42940513846847994,0.18483111361719579,0.9117261967836932,False
GUT_GENOME025761_12,GUT_GENOME025761_00566,9564,0.1328301696429569,0.12088953507577016,0.12618224331381003,0.010871614878507923,0.24410055056229918,0.08606148781160493,0.00011194485869956958,0.011940634567186748,-0.030432594765441117,0.040120755502205105,0.4301901699326397,0.18598972513083098,0.9111981815051668,False
GUT_GENOME025761_12,GUT_GENOME025761_00566,9576,0.12791328093031867,0.1128087501759189,0.11812682634549994,0.010381012261857482,0.1879352429516628,0.08268641565237776,0.00032012420767861343,0.01510453075439977,0.08116099661033334,0.035440410693122176,0.36818276487159207,0.1421456557192726,0.9313940582217848,False
GUT_GENOME025761_12,GUT_GENOME025761_00566,9583,0.1156373687487777,0.09308659214667801,0.09894082220179982,0.00878896615384963,0.08411950374368748,0.08017494677083345,0.016373848594991726,0.022550776602099684,0.3437970842829009,0.018765875430966375,0.147270694419285,0.1398850925961625,0.9324473909214598,False
GUT_GENOME025761_12,GUT_GENOME025761_00566,9643,0.1143454060564035,0.08876208132429816,0.09596544630898486,0.00851305565453625,0.04942884313437157,0.07851753051189352,0.020204281875830975,0.02558332473210534,0.45075790626401574,0.017447915797091346,0.12980974651792473,0.22003326035056706,0.8958192375417098,False
GUT_GENOME025761_12,GUT_GENOME025761_00566,9666,0.10727231836681063,0.07688319429893956,0.08382616381880591,0.007368991221821557,0.02155283665026909,0.07677573630505322,0.16934175472011093,0.030389124067871073,0.6202629644504591,0.007050427513752691,-0.007941059010611658,0.38478920548708156,0.8249812643834747,False
GUT_GENOME025761_12,GUT_GENOME025761_00566,9669,0.10263148604469416,0.07631512330117216,0.08233817849929116,0.007252628892541578,0.033471417472820356,0.0764747826759769,0.20941547202737854,0.026316362743522004,0.47661284570215157,0.0058633958233142575,-0.023667412057608275,0.22771995108180756,0.8923829025676469,False
GUT_GENOME025761_12,GUT_GENOME025761_00566,9670,0.08901227878416833,0.06811130522411935,0.07313907831702306,0.006694547240911663,0.05780642968229785,0.07467499305438512,0.5907317549747055,0.020900973560048983,0.28560698080567837,-0.0015359147373620596,-0.1216969517227092,0.09638149554353455,0.9529519962700705,False
GUT_GENOME025761_12,GUT_GENOME025761_00566,9681,0.08403760344192676,0.06314294249700193,0.06832585934028218,0.006433771470181778,0.05414202394650442,0.07389588311460607,0.8066857714934688,0.02089466094492483,0.2853843289388047,-0.00557002377432389,-0.17514272192106745,0.11211918824577226,0.945482788993927,False
GUT_GENOME025761_12,GUT_GENOME025761_00566,9691,0.07781507364680702,0.059433593478019096,0.06327071887681661,0.005742596308053446,0.07253537902178543,0.0729827064818668,0.9546025019319339,0.018381480168787927,0.19674208153538497,-0.009711987605050196,-0.23001740305601973,0.0916154523555115,0.9552256094138997,False
GUT_GENOME025761_12,GUT_GENOME025761_00566,9692,0.07091755679866663,0.057235470633281445,0.05993698233052599,0.005315654400532172,0.11789701169989708,0.07158633182216355,0.9857928165913823,0.01368208616538518,0.030990039401714933,-0.01164934949163756,-0.2556844827588497,0.06633493726578035,0.9673765407961006,False
GUT_GENOME025761_12,GUT_GENOME025761_00566,9694,0.06814263905632045,0.052191719929908204,0.05529814083975469,0.00485350881307942,0.08300322709996183,0.07087960319688973,0.9993371329572583,0.01595091912641225,0.11101390977268556,-0.015581462357135034,-0.30777895979897896,0.10705197625795948,0.9478813070220447,False
GUT_GENOME025761_12,GUT_GENOME025761_00566,9708,0.06149211355855646,0.05090441548669865,0.05292692701075491,0.004654379862766626,0.1623544513175157,0.06972001585897843,0.9998457277782504,0.010587698071857811,-0.07815193619873337,-0.016793088848223517,-0.32383115631018866,0.11097434292880475,0.9460241596971997,False
GUT_GENOME025761_12,GUT_GENOME025761_00566,9859,0.05663827506764059,0.04311071234822309,0.04586121885767275,0.004394967778653655,0.08605927308102906,0.06821655949765677,0.9999998177078292,0.013527562719417498,0.02553985226947412,-0.022355340639984025,-0.3975224790592945,0.1586764054113938,0.9237274644828481,False
GUT_GENOME025761_12,GUT_GENOME025761_00566,10230,0.05197588356244369,0.04240789417987066,0.04431504120218239,0.004245934055926043,0.15251886623453648,0.06764834025728435,0.9999999805137315,0.009567989382573028,-0.11411801980611283,-0.02333329905510196,-0.410478931212434,0.1815158754137705,0.9132387448109289,False
GUT_GENOME025761_12,GUT_GENOME025761_00566,10257,0.04913165995794607,0.04206628703474263,0.04352314596484494,0.00412037824575038,0.217973015053814,0.0674106579248164,0.9999999966326057,0.007065372923203438,-0.20238765383073073,-0.023887511959971464,-0.4178214039327371,0.21553548800743114,0.897836100034305,False
GUT_GENOME025761_12,GUT_GENOME025761_00566,10395,0.04699534947490629,0.04172930165849304,0.042654807144774966,0.004053047642351653,0.272839611266136,0.06662273002688728,0.9999999983259985,0.005266047816413245,-0.26585154102488956,-0.02396792288211231,-0.41888672557545953,0.2461431307286389,0.8842003821740242,False
GUT_GENOME025761_12,GUT_GENOME025761_00566,10396,0.04544481244441603,0.04023968329697281,0.04120625934988537,0.00391405048906994,0.26940882490129225,0.06586431644461828,0.999999999851064,0.00520512914744322,-0.26800019971972033,-0.024658057094732906,-0.42802994758453144,0.2550337430790267,0.880278564054359,False
GUT_GENOME025761_12,GUT_GENOME025761_00566,10500,0.04094903304124813,0.033763188419485855,0.035294243457232824,0.0035374790245592497,0.17299086469395675,0.06532570356384534,1.0,0.007185844621762277,-0.19813850382522347,-0.03003146010661252,-0.49921931304907263,0.2884787892192861,0.8656804840097017,False
GUT_GENOME025761_12,GUT_GENOME025761_00566,10507,0.03950558077780952,0.03281227546054249,0.03437962019741228,0.003420524392919085,0.18295498052022574,0.0651667135901928,1.0,0.006693305317267029,-0.21551082789340575,-0.030787093392780518,-0.5092302975308357,0.3057604128626446,0.8582325263906987,False
GUT_GENOME025761_12,GUT_GENOME025761_00566,10584,0.03723514417696924,0.032386659153843575,0.03344168480913567,0.0032850710050339117,0.24528984856750946,0.06512816180565503,1.0,0.004848485023125668,-0.2805793730935224,-0.031686476996519365,-0.5211457536985249,0.3503176812035576,0.8393236915001919,False
GUT_GENOME025761_12,GUT_GENOME025761_00566,10668,0.033909172931560184,0.03228666403831349,0.032829621272616565,0.0032219864728588237,0.39670305801843464,0.0650372940104212,1.0,0.0016225088932466936,-0.39436258237853616,-0.032207672737804637,-0.5280507995368681,0.43435949327179335,0.8047852988532895,False
GUT_GENOME025761_12,GUT_GENOME025761_00566,11079,0.033770443633009975,0.03196751440921441,0.03270261159799485,0.003228434920295122,0.38580959484515703,0.06480225179417598,1.0,0.0018029292237955671,-0.38799898779394637,-0.03209964019618113,-0.5266195337131999,0.427871347817435,0.8074003202589707,False
GUT_GENOME025761_12,GUT_GENOME025761_00566,11397,0.03358788054500484,0.031163938680847304,0.03206175912427131,0.0031211446403190605,0.34720080106191364,0.06444647719391412,1.0,0.002423941864157536,-0.366095288453928,-0.03238471806964281,-0.5303963792010314,0.4153460792977291,0.8124726396283023,False
GUT_GENOME025761_12,GUT_GENOME025761_00566,11398,0.03301612068837944,0.030951051114308244,0.0316704321633278,0.0030607082932584103,0.36843371804137504,0.06409327889413177,1.0,0.002065069574071196,-0.3787530513280191,-0.03242284673080397,-0.5309015256023109,0.4253103037771462,0.8084348763927225,False
GUT_GENOME025761_12,GUT_GENOME025761_00566,11433,0.03239957998146598,0.03085118927847969,0.03143390721541406,0.003000776847059101,0.39841429060405853,0.0640318979912482,1.0,0.0015483907029862944,-0.39697680059178186,-0.03259799077583414,-0.5332219161263466,0.44191619204554,0.8017502761116054,False
GUT_GENOME025761_12,GUT_GENOME025761_00566,11883,0.031837766264963395,0.030699545811128864,0.031129697688044612,0.0029596062698074997,0.4252295960473403,0.06381365313194214,1.0,0.0011382204538345313,-0.41144389068257936,-0.032683955443897524,-0.53436081640207,0.45482755728590507,0.7965911017023999,False
GUT_GENOME025761_12,GUT_GENOME025761_00566,11910,0.030971675370655316,0.03060649328791185,0.030880306987321398,0.0030100055961171444,0.4754080442802112,0.06370153478707029,1.0,0.00036518208274346695,-0.4387096803914761,-0.03282122779974889,-0.5361794650102754,0.4799546023678962,0.7866457167903242,False
GUT_GENOME025761_12,GUT_GENOME025761_00566,12256,0.030062399533204803,0.030974960615284763,0.030836226535178392,0.0030992307125342093,0.5611801021340768,0.06363618333517526,1.0,-0.0009125610820799601,-0.48377688240485683,-0.032799956799996866,-0.5358976568206058,0.5212263705351784,0.770578933257199,False
GUT_GENOME025761_12,GUT_GENOME025761_00566,12267,0.029526930953534477,0.030596188092632173,0.03045434804986604,0.0030304296321733647,0.5726535567123043,0.06367426729601713,1.0,-0.0010692571390976957,-0.48930369957025677,-0.03321991924615109,-0.5414615164444901,0.532598684203507,0.7662097343369558,False
GUT_GENOME025761_12,GUT_GENOME025761_00566,12268,0.028871414560725627,0.030716926180873374,0.02999216486864083,0.0030196001845164515,0.6262461594358676,0.06280464072499731,1.0,-0.0018455116201477467,-0.5166829244993207,-0.03281247585635648,-0.5360635151559074,0.5543253367504786,0.7579311956460169,False
GUT_GENOME025761_12,GUT_GENOME025761_00566,12387,0.02898139624979785,0.030219626527337666,0.030078224383342796,0.00292103402092777,0.5836442308437831,0.06265140197106511,1.0,-0.0012382302775398174,-0.4952635409332574,-0.03257317758772232,-0.5328931793625253,0.5292611155888489,0.7674894405976214,False
GUT_GENOME025761_12,GUT_GENOME025761_00567,12956,0.028250690715197882,0.02968421844578242,0.02944404295808142,0.0029248507905821996,0.5974427101725173,0.06191340188798968,1.0,-0.0014335277305845377,-0.5021518656070829,-0.032469358929908265,-0.5315177410496307,0.5346676051831761,0.765417530462307,False
GUT_GENOME025761_12,GUT_GENOME025761_00567,13195,0.027614665888320115,0.02953322249825728,0.029179693807555675,0.0028979528404443154,0.6317286069533923,0.06186272359716952,1.0,-0.001918556609937165,-0.5192592899235567,-0.03268302978961384,-0.5343485528996025,0.5551585861578157,0.7576154885564825,False
GUT_GENOME025761_12,GUT_GENOME025761_00567,13510,0.027547124922209024,0.02878760106210767,0.02865845583678483,0.002815339346803256,0.5859651059467301,0.061081994453638,1.0,-0.0012404761398986455,-0.49534275460890526,-0.032423538616853174,-0.5309106920334733,0.5272306074589996,0.7682690330472134,False
GUT_GENOME025761_12,GUT_GENOME025761_00567,13523,0.02785721528241248,0.028556498687447914,0.02850148586979186,0.0027706589637730233,0.5484243721315676,0.060370279431145035,1.0,-0.0006992834050354342,-0.4762543783360219,-0.03186879356135318,-0.5235611691318174,0.5009345307069062,0.778436961455471,False
GUT_GENOME025761_12,GUT_GENOME025761_00567,13535,0.027401368367527556,0.02666609659356471,0.02686346479908582,0.0025357599717976366,0.4470025799482735,0.06021266107173438,1.0,0.0007352717739628443,-0.4256562692393544,-0.03334919627264857,-0.5431742391762769,0.47622151364749304,0.7881153971015283,False
GUT_GENOME025761_12,GUT_GENOME025761_00567,13654,0.02829323723056479,0.026276938353986545,0.026607083498778536,0.0024701783987300116,0.364610563407448,0.06022056426747836,1.0,0.0020162988765782437,-0.3804732396544048,-0.03361348076869983,-0.5466756042394242,0.4436141023636577,0.8010699149173593,False
GUT_GENOME025761_12,GUT_GENOME025761_00567,13859,0.028182569589944147,0.026122558011196784,0.02646009528548829,0.0024259089066926455,0.3636591430316043,0.05985673945860893,1.0,0.002060011578747363,-0.37893145157567254,-0.03339664417312064,-0.5438028512345506,0.4393105860040731,0.8027954794924235,False
GUT_GENOME025761_12,GUT_GENOME025761_00567,13901,0.026549262369998515,0.02300250861354329,0.0237106970644957,0.002238918209519131,0.2575464606548825,0.05953614580045421,1.0,0.0035467537564552246,-0.32649265799869176,-0.03582544873595851,-0.5759807942035684,0.4383513310184241,0.8031806146288201,False
GUT_GENOME025761_12,GUT_GENOME025761_00567,14005,0.025660995753010354,0.022967988187232405,0.02349946357063114,0.002221425134102377,0.3044290613388436,0.05941936923355231,1.0,0.0026930075657779495,-0.35660508833888777,-0.035919905662921164,-0.5772322039115942,0.4603642062618223,0.7943889286198874,False
GUT_GENOME025761_12,GUT_GENOME025761_00567,14018,0.024376720955058693,0.022099108340309606,0.022666514596434515,0.0021028538834311867,0.31902332462106864,0.05900622639414799,1.0,0.0022776126147490867,-0.37125645857411277,-0.036339711797713475,-0.582793992649181,0.4774801959009655,0.7876195597113147,False
GUT_GENOME025761_12,GUT_GENOME025761_00567,14056,0.023803483567019793,0.02194793603724273,0.022368932054478947,0.002034791845693435,0.3452494079390067,0.05854950242171722,1.0,0.0018555475297770616,-0.38614309070088887,-0.03618057036723828,-0.5806856122746581,0.4863022667988295,0.7841529931080569,False
GUT_GENOME025761_12,GUT_GENOME025761_00567,14173,0.023289056402779035,0.02164243649844278,0.021909996711942464,0.0017997251339060862,0.3589578257299051,0.0581776234274816,1.0,0.0016466199043362537,-0.39351216436227526,-0.03626762671553914,-0.5818389756426201,0.4933884170779358,0.781379596210661,False
GUT_GENOME025761_12,GUT_GENOME025761_00567,14209,0.02311376950718631,0.02163406291290436,0.021824559884047617,0.0016520175646033246,0.370707874834573,0.057656987060476755,1.0,0.0014797065942819508,-0.3993993536425864,-0.035832427176429135,-0.5760732478587172,0.49138023058860675,0.7821645682113256,False
GUT_GENOME025761_12,GUT_GENOME025761_00567,14264,0.02245025996925189,0.021231337250916252,0.021422946215844958,0.001606130119909525,0.38696331271848383,0.055813587214600856,1.0,0.0012189227183356383,-0.4085974459843514,-0.0343906409987559,-0.5569717877789157,0.4771694452465764,0.787741945865758,False
GUT_GENOME025761_12,GUT_GENOME025761_00567,14439,0.022466843522393733,0.02114643777253285,0.02134391708189428,0.0016407232372516777,0.38001309863705196,0.054946665307467606,1.0,0.001320405749860882,-0.40501804410720615,-0.033602748225573326,-0.5465334144700532,0.46273838918472177,0.7934464758051714,False
GUT_GENOME025761_12,GUT_GENOME025761_00567,14468,0.021739940704988536,0.02095211154654022,0.02111048344507191,0.0014581618842615743,0.425550127375106,0.053181551194421084,1.0,0.0007878291584483173,-0.4238025209047045,-0.032071067749349175,-0.5262409925251967,0.45653815893908667,0.795910067960537,False
GUT_GENOME025761_12,GUT_GENOME025761_00567,14594,0.02031198654341636,0.02075250689031419,0.020808450897735996,0.0012149116512515633,0.5430213140764812,0.050309828789476825,1.0,-0.0004405203468978297,-0.4671275621371662,-0.02950137789174083,-0.49219653503720073,0.46046558841083846,0.7943486612121261,False
GUT_GENOME025761_12,GUT_GENOME025761_00567,14615,0.01943536984994427,0.020480096843989406,0.020460970969428262,0.0012227500625934234,0.6060597856360626,0.049050776388140836,1.0,-0.0010447269940451372,-0.48843849830529523,-0.028589805418712574,-0.48011959500751106,0.4690869921369083,0.7909318307181308,False
GUT_GENOME025761_12,GUT_GENOME025761_00567,14621,0.019454545636582,0.020392000762717404,0.02035880803286494,0.001190318684367887,0.5971512588181525,0.04801151909622159,1.0,-0.0009374551261354044,-0.4846549187295761,-0.02765271106335665,-0.46770452910035587,0.4536379167897577,0.7970650711684708,False
GUT_GENOME025761_12,GUT_GENOME025761_00567,14626,0.019119389907501724,0.020803070885301648,0.020718072135346134,0.0011392303368477322,0.6719053400818639,0.04763364283465476,1.0,-0.0016836809777999243,-0.5109750056847815,-0.026915570699308625,-0.457938547531718,0.470803169750022,0.7902534320722108,False
GUT_GENOME025761_12,GUT_GENOME025761_00568,15594,0.01925553567881013,0.02075797452961818,0.020695673115648724,0.0011164408198995536,0.6514570737862855,0.04706941759223782,1.0,-0.0015024388508080508,-0.5045824255674727,-0.026373744476589092,-0.45076017939104873,0.45778816351620455,0.7954127777665172,False
GUT_GENOME025761_12,GUT_GENOME025761_00568,15660,0.01932005860065655,0.020487366654270728,0.020436795111358295,0.0010916941595482466,0.61661248988,0.04655957447245009,1.0,-0.001167308053614178,-0.49276204745562513,-0.026122779361091798,-0.44743527573381525,0.4430127613836551,0.8013108092142913,False
GUT_GENOME025761_12,GUT_GENOME025761_00568,15941,0.0187685974444033,0.02038218366537053,0.020312449413990803,0.0010800124452134234,0.6662165072333297,0.046294834812453,1.0,-0.0016135862209672308,-0.5085026977490201,-0.025982385398462197,-0.4455752706136787,0.4571123154004843,0.7956816123003239,False
GUT_GENOME025761_12,GUT_GENOME025761_00568,15945,0.019072931071402014,0.02034944823591518,0.02024200841674499,0.0011567770616245966,0.629580872428189,0.04596010402037651,1.0,-0.0012765171645131648,-0.496613955411843,-0.025718095603631516,-0.44207383534981437,0.44205469661069074,0.8016947549974334,False
GUT_GENOME025761_12,GUT_GENOME025761_00568,15951,0.01843827208876196,0.02026003922583676,0.02010905455599619,0.0011984512670944925,0.6889261974155015,0.04573325141547461,1.0,-0.0018217671370747979,-0.5158454342706019,-0.025624196859478417,-0.44082982070966953,0.46042744288474524,0.7943638117803989,False
GUT_GENOME025761_12,GUT_GENOME025761_00568,15953,0.018895633780380266,0.020366358081249866,0.02023778606551338,0.0011968700869038277,0.647392997056719,0.04552144174599656,1.0,-0.0014707243008695997,-0.5034638235915919,-0.02528365568048318,-0.4363181713147477,0.44384936828491106,0.8009756882337892,False
GUT_GENOME025761_12,GUT_GENOME025761_00568,16031,0.018307760335896775,0.020338565290943807,0.020126041327437037,0.0012021472273485525,0.7062259627290164,0.04534564325926871,1.0,-0.0020308049550470317,-0.5232183945261105,-0.025219601931831672,-0.43546955718473646,0.46339122360515106,0.7931875234856305,False
GUT_GENOME025761_12,GUT_GENOME025761_00568,16245,0.018047311716466088,0.02040772244453203,0.02015841326861265,0.001198380751746152,0.7390470864975065,0.045182113653261545,1.0,-0.002360410728065941,-0.5348438998438968,-0.025023700384648895,-0.4328741615282723,0.4734380369190331,0.7892130111537403,False
GUT_GENOME025761_12,GUT_GENOME025761_00572,17529,0.01835197145277308,0.020226643708053316,0.020080365659383034,0.0012210279008171515,0.6918211374006189,0.04497449532341229,1.0,-0.0018746722552802353,-0.5177114475002917,-0.02489412966402926,-0.43115754779889026,0.45392197389679967,0.7969518732082121,False
GUT_GENOME025761_12,GUT_GENOME025761_00572,17747,0.018174751819746038,0.020006515750119736,0.020024044279574067,0.0012963002404329316,0.6948568987679985,0.044666190670591785,1.0,-0.0018317639303736984,-0.5161980305634177,-0.02464214639101772,-0.42781915511296836,0.44948963623912525,0.7987200116306579,False
GUT_GENOME025761_12,GUT_GENOME025761_00572,17946,0.01829637302131111,0.020081757384888745,0.020160644219023215,0.0013159611851786491,0.6887798617720808,0.04454978180058854,1.0,-0.0017853843635776342,-0.51456217966346,-0.024389137581565322,-0.4244671756388744,0.4449466199348539,0.8005363728069632,False
GUT_GENOME025761_12,GUT_GENOME025761_00572,18098,0.01824181983672878,0.019978617602625794,0.019965609729559013,0.0013011645963747662,0.683597439940649,0.044385664360199945,1.0,-0.0017367977658970142,-0.5128484847104386,-0.024420054630640932,-0.42487677921799605,0.4435338457884508,0.8011020611262774,False
GUT_GENOME025761_12,GUT_GENOME025761_00572,18099,0.018020880793449906,0.019943156270374615,0.019846057957933216,0.0011430045969966509,0.702859951688654,0.04427965009535483,1.0,-0.0019222754769247091,-0.5193904578565206,-0.024433592137421616,-0.42505613046255336,0.45043916175620524,0.7983408991160077,False
GUT_GENOME025761_12,GUT_GENOME025761_00572,18245,0.018299225015192724,0.019946562640652764,0.01983096906025522,0.001097279233100089,0.6778564152538948,0.04424074634758544,1.0,-0.0016473376254600401,-0.5096931414988977,-0.024409777287330216,-0.42474062014946284,0.4401916928959656,0.8024418830723227,False
GUT_GENOME025761_12,GUT_GENOME025761_00573,18905,0.018863034629488528,0.019795785892028902,0.0198068477672231,0.0011280136737419739,0.5994401407621325,0.04428160754473191,1.0,-0.0009327512625403739,-0.484489009040746,-0.024474759777508813,-0.4256015386831914,0.4158662696107841,0.8122613469092215,False
GUT_GENOME025761_12,GUT_GENOME025761_00575,21107,0.019028951983907985,0.01964025373689805,0.019754390408716106,0.0011210933487720387,0.5662311229423488,0.04417461218028897,1.0,-0.0006113017529900643,-0.4731511827992666,-0.024420221771572867,-0.424878993579521,0.40439420096949164,0.8169338940063106,False
GUT_GENOME025761_12,GUT_GENOME025761_00575,21241,0.018878777237265953,0.01974322037664366,0.019783061499051045,0.0011433285759325095,0.5929918446057058,0.04404727940643281,1.0,-0.0008644431393777068,-0.48207971735327904,-0.024264217907381768,-0.42281218115595476,0.41117099441727334,0.8141704822877783,False
GUT_GENOME025761_12,GUT_GENOME025761_00580,23196,0.018856293025843546,0.019714570201311434,0.019790208065411666,0.0011486369430510554,0.5936155855969686,0.04398210507825339,1.0,-0.0008582771754678878,-0.4818622380125311,-0.024191897012841725,-0.4218540399964789,0.41015204748379597,0.8145853862282058,False
GUT_GENOME025761_12,GUT_GENOME025761_00581,23940,0.019460700986011697,0.019585829316897167,0.019751740734920666,0.0011595196334884493,0.5133395995728186,0.04392816067070995,1.0,-0.00012512833088547046,-0.45600338938449836,-0.02417641993578928,-0.42164899241449527,0.3857269639343095,0.8245945384796904,False
GUT_GENOME025761_12,GUT_GENOME025761_00581,24885,0.020231498806793168,0.01976670153188081,0.019922409407255752,0.0011728429372174114,0.45211657152151963,0.04378398878083371,1.0,0.0004647972749123562,-0.4351961589634844,-0.02386157937357796,-0.4174778368550162,0.3636834410417139,0.8337332928441146,False
GUT_GENOME025761_12,GUT_GENOME025761_00581,25037,0.01980941921478387,0.019713678572911977,0.019775926781495506,0.0011598524393459629,0.49004848683969887,0.04369062322087575,1.0,9.574064187189285e-05,-0.448213133182956,-0.023914696439380247,-0.41818155667678336,0.37577082710230003,0.8287096606895332,False
GUT_GENOME025761_12,GUT_GENOME025761_00581,25088,0.01946620332220297,0.019587082871034035,0.019648343102377494,0.0011464082963975337,0.5125606726149577,0.04366092930320768,1.0,-0.00012087954883106475,-0.45585353084920877,-0.024012586200830188,-0.41947844618752544,0.3837646084035912,0.8254040093587569,False
GUT_GENOME025761_12,GUT_GENOME025761_00582,26205,0.01998485296085173,0.019522693910519147,0.019634153210760053,0.0011259798386426788,0.4540032127200722,0.043698964945556126,1.0,0.00046215905033258203,-0.43528921162333545,-0.024064811734796073,-0.42017035457702434,0.3660198246210473,0.8327599011214482,False
GUT_GENOME025761_12,GUT_GENOME025761_00582,26441,0.019230843776385932,0.019557209291693533,0.01953093092432918,0.0011024147628269927,0.5340408797285913,0.04366677137449754,1.0,-0.00032636551530760075,-0.4631012139650817,-0.024135840450168356,-0.42111137634031576,0.3917975256591674,0.8220954570834023,False
GUT_GENOME025761_12,GUT_GENOME025761_00582,26690,0.019729830974817567,0.01965750956275622,0.01970722450991426,0.0010906448902830686,0.4926850491998826,0.04374599026859761,1.0,7.232141206134704e-05,-0.4490391514234962,-0.02403876575868335,-0.4198252852590763,0.37788942965399835,0.8278322722800315,False
GUT_GENOME025761_12,GUT_GENOME025761_00582,26750,0.0196642812739054,0.019661169607801947,0.01971160501833665,0.0011209692997695504,0.49968256655654486,0.04385065481496412,1.0,3.1116661034537307e-06,-0.4514802441941315,-0.02413904979662747,-0.42115389526872576,0.38120501439761345,0.8264610351811554,False
GUT_GENOME025761_12,GUT_GENOME025761_00582,27006,0.019773454749256066,0.019677752509733998,0.019729657521608306,0.00111452118361228,0.49013810288096143,0.043885542134506246,1.0,9.570223952206844e-05,-0.4482144876699179,-0.02415588461289794,-0.4213769308172147,0.37845474478214275,0.8275983122933261,False
GUT_GENOME025761_12,GUT_GENOME025761_00582,27038,0.02009371141337112,0.01976439914063391,0.019815398806678593,0.0011171104554539878,0.46632364976927876,0.044066078030023936,1.0,0.00032931227273720956,-0.43997484229430417,-0.024250679223345343,-0.42263281431456073,0.3721963575873438,0.8301920837233637,False
GUT_GENOME025761_12,GUT_GENOME025761_00583,28049,0.02014754100057437,0.019910346127695676,0.01991100974740224,0.0010856069786124535,0.4759316543540334,0.044569909272480904,1.0,0.00023719487287869254,-0.44322390954245094,-0.024658899525078663,-0.42804110849720256,0.37966662455360867,0.8270969893676594,False
GUT_GENOME025761_12,GUT_GENOME025761_00583,28050,0.020483765478067194,0.02016663941033669,0.02020170433099455,0.0010673808537239116,0.469105406544111,0.04489479076848383,1.0,0.00031712606773050614,-0.4404046611952642,-0.02469308643748928,-0.42849403276071363,0.377563401714055,0.8279672315050273,False
GUT_GENOME025761_12,GUT_GENOME025761_00583,28187,0.020562503647685262,0.020603923875737506,0.020533061827135525,0.0011369098107716698,0.5041525865241543,0.045072447337528514,1.0,-4.14202280522441e-05,-0.4530509259439577,-0.02453938551039299,-0.42645773072881576,0.3871213375970486,0.8240198423847964,False
GUT_GENOME025761_12,GUT_GENOME025761_00583,28191,0.02186008809591235,0.020569609645122625,0.020720729345242262,0.0011967659308879874,0.38183538732448663,0.04515517998151887,1.0,0.0012904784507897261,-0.4060736080656649,-0.024434450636276608,-0.42506750425837764,0.34557815834391314,0.8413150469982553,False
GUT_GENOME025761_12,GUT_GENOME025761_00583,28236,0.021978988308823673,0.020724834971679672,0.020882089725288433,0.001173383700676705,0.3840655959457764,0.04532620458969805,1.0,0.0012541533371440011,-0.4073548289556684,-0.024444114864409616,-0.42519554048923036,0.3467292043254306,0.8408309901525194,False
GUT_GENOME025761_12,GUT_GENOME025761_00583,28305,0.021226251795360775,0.02085168192060446,0.02094365044555535,0.0011855785543174251,0.46326145574793726,0.045481888000986674,1.0,0.0003745698747563142,-0.4383785641462477,-0.024538237555431323,-0.4264425220826148,0.3740289901431072,0.8294317136262309,False
GUT_GENOME025761_12,GUT_GENOME025761_00584,28657,0.02228868062634629,0.02167283922451732,0.021729353079362274,0.0011093594984491193,0.4427969183154088,0.04571157447357243,1.0,0.0006158414018289683,-0.4298686906834045,-0.023982221394210156,-0.41907615897568695,0.36041191825167973,0.8350981976032045,False
GUT_GENOME025761_12,GUT_GENOME025761_00584,29284,0.023013655463674336,0.02172296985818775,0.021804267092720483,0.0010539483390463802,0.3880977289732601,0.04619289770113304,1.0,0.0012906856054865842,-0.4060663015248605,-0.024388630608412554,-0.42446045902056506,0.3450565225060277,0.8415345056561196,False
GUT_GENOME025761_12,GUT_GENOME025761_00584,30012,0.02273567252213976,0.02204777164992528,0.022100893469990637,0.001068752166690686,0.438040445318406,0.047343245341547185,1.0,0.0006879008722144794,-0.42732708545455567,-0.02524235187155655,-0.435770959065405,0.372504766727868,0.8300640741799401,False
GUT_GENOME025761_12,GUT_GENOME025761_00584,30022,0.02388090116350098,0.02252923538605675,0.02263588039560332,0.0011521756349113631,0.3839150102648119,0.04914915848165858,1.0,0.001351665777444229,-0.40391547356186713,-0.026513278086055258,-0.45260878614861233,0.36800242308162767,0.8319347959031015,False
GUT_GENOME025761_12,GUT_GENOME025761_00584,30089,0.024350611374912914,0.02278233806512624,0.02288145910419189,0.0012699250109148804,0.3640523109457724,0.04978836147366643,1.0,0.001568273309786674,-0.39627552236788377,-0.026906902369474538,-0.45782370542902034,0.36663683488069754,0.8325030300450993,False
GUT_GENOME025761_12,GUT_GENOME025761_00584,30106,0.02574600736273503,0.022939680162033748,0.023126857247592128,0.0012897768722226856,0.2775202090941421,0.05099054888380226,1.0,0.002806327200701283,-0.3526081983380102,-0.02786369163621013,-0.4704996987672465,0.3457025080752473,0.8412627399743324,False
GUT_GENOME025761_12,GUT_GENOME025761_00585,30490,0.027052937100021098,0.023430040500860186,0.02371984626305919,0.0013708929482602883,0.23730245435156067,0.05277806684877648,1.0,0.0036228965991609123,-0.32380702839130154,-0.02905822058571729,-0.4863253790217215,0.34136336591622624,0.8430899006460163,False
GUT_GENOME025761_12,GUT_GENOME025761_00585,30491,0.02818311246750715,0.023721532504454003,0.02412630786048708,0.001500505833452036,0.19623277107173465,0.052846941368009354,1.0,0.004461579963053148,-0.29422587810511214,-0.028720633507522273,-0.4818528669409042,0.318751052725893,0.8526760964861075,False
GUT_GENOME025761_12,GUT_GENOME025761_00585,30572,0.02863431230416521,0.024237150130423657,0.024815514674378134,0.001798570705553139,0.2010651762932532,0.05291171840445004,1.0,0.004397162173741552,-0.29649795406222534,-0.028096203730071906,-0.4735801281317028,0.31218917452432554,0.8554782691966996,False
GUT_GENOME025761_12,GUT_GENOME025761_00585,30626,0.03052467244301968,0.024173340905397044,0.025082565310506823,0.001860649873266887,0.12498191654310892,0.05295406796258227,1.0,0.006351331537622636,-0.22757256442607035,-0.02787150265207545,-0.4706031827720487,0.2732566277146402,0.8722943856210554,False
GUT_GENOME025761_12,GUT_GENOME025761_00585,30686,0.030978750119723227,0.024405893379859017,0.025402392041458114,0.0019090831854270244,0.12214093204915455,0.0530752455481072,1.0,0.00657285673986421,-0.2197591623940151,-0.027672853506649085,-0.467971385644286,0.26729130723795214,0.8749000273414497,False
GUT_GENOME025761_12,GUT_GENOME025761_00585,30745,0.03243594006796269,0.02509002696010528,0.027253308783312988,0.002464201131108118,0.10644519102406674,0.05360288199976822,1.0,0.007345913107857406,-0.19249273791746996,-0.02634957321645523,-0.4504399471904109,0.23994960017586395,0.8869427873157895,False
GUT_GENOME025761_12,GUT_GENOME025761_00585,30886,0.032702700540119034,0.025489610717877077,0.027645966998672444,0.0025129403365456876,0.10986490142798516,0.053806627851123535,1.0,0.0072130898222419575,-0.1971775400042333,-0.02616066085245109,-0.44793714751353414,0.23952667040468267,0.8871303644031193,False
GUT_GENOME025761_12,GUT_GENOME025761_00585,30938,0.0345394755766937,0.027172271948604873,0.029732804448505623,0.0027364939460111093,0.11588645801000641,0.054676080771327934,1.0,0.007367203628088827,-0.19174180126395868,-0.02494327632282231,-0.43180866580482524,0.22322364221609067,0.8943913739768781,False
GUT_GENOME025761_12,GUT_GENOME025761_00585,30940,0.03670611444748928,0.027265529222651595,0.030833803193375694,0.0029249132336305445,0.07268112649645682,0.05518957197485477,1.0,0.009440585224837685,-0.11861168416063653,-0.02435576878147908,-0.42402509011147194,0.19386600866346448,0.9076168104911855,False
GUT_GENOME025761_12,GUT_GENOME025761_00585,30941,0.037015576557458046,0.02717489154274795,0.030795983090233545,0.0029119718671866074,0.06641130492300333,0.055342907850927256,1.0,0.009840685014710096,-0.10449978863100329,-0.02454692476069371,-0.42655761425584693,0.19287160410356427,0.9080681918433026,False
GUT_GENOME025761_12,GUT_GENOME025761_00585,30944,0.03874236448122307,0.02816753501270307,0.03162332954353848,0.0028535002348461726,0.058771522267654606,0.05552008175361405,1.0,0.010574829468519998,-0.07860582393002515,-0.023896752210075575,-0.4179438231036407,0.18085591482620542,0.9135401453256156,False
GUT_GENOME025761_12,GUT_GENOME025761_00585,31166,0.040559537975885296,0.029387595638364516,0.03382249864930935,0.003227705829006709,0.05608462220868664,0.05571517238756248,0.9999999999941039,0.01117194233752078,-0.05754509198256345,-0.021892673738253134,-0.3913928507617613,0.15649980123870003,0.9247333062402256,False
GUT_GENOME025761_12,GUT_GENOME025761_00585,31469,0.04364126709600589,0.030579878813664953,0.03392494139651482,0.002884207378712792,0.044139494591774416,0.055713186595339546,0.9999999999999789,0.013061388282340936,0.009097441848044266,-0.021788245198824725,-0.39000933245095126,0.15219004284701515,0.9267281433481172,False
GUT_GENOME025761_12,GUT_GENOME025761_00585,31471,0.044813724646737566,0.030919635812183467,0.034379890538090395,0.0029108206595428853,0.04298925603894527,0.055994782194309464,0.9999999999999439,0.013894088834554098,0.0384675727447572,-0.02161489165621907,-0.3877126633435265,0.1518008634698039,0.9269084926354401,False
GUT_GENOME025761_12,GUT_GENOME025761_00585,31472,0.044361853390175066,0.03137840017586583,0.034544834482510264,0.0028877138271505127,0.05408568265963397,0.05649964677288307,0.9999999999999856,0.012983453214309236,0.0063485987693990015,-0.021954812290372806,-0.39221609146909425,0.1538737671136277,0.925948294325103,False
GUT_GENOME025761_12,GUT_GENOME025761_00585,31712,0.04408763620520051,0.03159915540227753,0.03454663256385171,0.0028986877655886455,0.05996543539297214,0.05670898767365829,0.9999999999999896,0.012488480802922981,-0.011109543265019292,-0.022162355109806582,-0.39496571616494297,0.15612133889724364,0.9249083111640478,False
GUT_GENOME025761_12,GUT_GENOME025761_00585,31787,0.045469341432823294,0.031822791956878906,0.03484393888450824,0.0028810692532583683,0.04694637925746047,0.0570242456892597,0.9999999999999931,0.013646549475944389,0.029736626974236784,-0.022180306804751457,-0.39520354864639157,0.15707011184650568,0.9244696512263549,False
GUT_GENOME025761_12,GUT_GENOME025761_00587,33797,0.04812439035792556,0.03235079436068103,0.03569662582934241,0.002986515367313423,0.03251242025590308,0.05784791785673501,0.9999999999999402,0.01577359599724453,0.10475955639099425,-0.022151292027392598,-0.3948191472559309,0.16685672369513838,0.9199569883296315,False
GUT_GENOME025761_12,GUT_GENOME025761_00588,34435,0.048011878795544215,0.03373869105861133,0.037230780121934474,0.003375563355636983,0.048857902275806976,0.0579965927704055,0.9999999996169735,0.014273187736932882,0.05183874723968518,-0.02076581264847103,-0.3764636660773227,0.14441214759175788,0.9303391575341191,False
GUT_GENOME025761_12,GUT_GENOME025761_00588,34501,0.047299322373203036,0.03451473155453363,0.03815317805969407,0.0037252437623202287,0.06887066885092487,0.057553295062919466,0.9999999044249627,0.012784590818669408,-0.000665464779439034,-0.019400117003225394,-0.358370289089261,0.12842970694529315,0.9378034875477703,False
GUT_GENOME025761_12,GUT_GENOME025761_00588,34514,0.04532423239670907,0.035328817400110596,0.038192989727078776,0.0036475315839928943,0.10985578136937602,0.05738620783927519,0.9999999287417243,0.009995414996598471,-0.09904231678277485,-0.019193218112196417,-0.35562919545918953,0.13628150517664997,0.9341289832514067,False
GUT_GENOME025761_13,GUT_GENOME025761_00607,14769,0.056477435744887644,0.0480837247756223,0.048431378176849935,0.0016803809453915558,0.2282940287803107,0.043422323691806104,0.0014369937921920623,0.008393710969265347,-0.1555359228162242,0.00500905448504383,-0.034986127148796606,0.025415452379166214,0.9873726760260676,False
GUT_GENOME025761_13,GUT_GENOME025761_00608,15021,0.05713669416641461,0.046673685145595986,0.04706260781841371,0.0016804704265846165,0.1860618526586263,0.04330695246421444,0.012712504397248681,0.010463009020818627,-0.0825498361889213,0.0037556553541992707,-0.05159174720025436,0.009476183833992693,0.9952731151335124,False
GUT_GENOME025761_13,GUT_GENOME025761_00608,15128,0.05837690120502325,0.048283550912333745,0.0488556192855471,0.0018706322143111828,0.19655460622171167,0.04372690679919252,0.003056106171775005,0.010093350292689506,-0.09558804686790912,0.005128712486354582,-0.03340084177801108,0.01025269093550132,0.9948867718170268,False
GUT_GENOME025761_13,GUT_GENOME025761_00608,15176,0.05837365551015189,0.049330834961813286,0.049742478129903143,0.0019074768514872303,0.22731023519291071,0.044176542860256705,0.0017616651443884527,0.009042820548338604,-0.1326412180474786,0.005565935269646438,-0.027608309105443103,0.018355911456780456,0.9908640331517371,False
GUT_GENOME025761_13,GUT_GENOME025761_00608,15204,0.05963298403977161,0.05020202799723468,0.050642231931903654,0.0019059534234820094,0.21901427467725715,0.04452120668053501,0.0006601525457373063,0.00943095604253693,-0.11895131446813402,0.006121025251368643,-0.020254216459281302,0.014559648498076332,0.9927466094882952,False
GUT_GENOME025761_13,GUT_GENOME025761_00608,15467,0.05810567710791693,0.04986924294875839,0.05023796874928597,0.001946842139794373,0.25322998119926377,0.04446044705444828,0.001500490232808573,0.008236434159158534,-0.1610832236887617,0.005777521694837688,-0.024805112822384713,0.026563098576094877,0.9868062613042388,False
GUT_GENOME025761_13,GUT_GENOME025761_00608,15500,0.05769441654380338,0.052927853705960974,0.05286283672924565,0.0021431236673693935,0.3443238279643438,0.04485775271736317,9.376764368542712e-05,0.0047665628378424085,-0.28346884554399593,0.008005084011882484,0.004706678407968455,0.08037673921568185,0.9606084726672804,False
GUT_GENOME025761_13,GUT_GENOME025761_00608,15710,0.05563669949493156,0.05184431172628312,0.05197742717304096,0.0019523430129488085,0.37509900656207673,0.045244239295392584,0.000281569943716179,0.003792387768648438,-0.31782891558657833,0.006733187877648379,-0.012143998627189572,0.10116269628559751,0.9506765897517022,False
GUT_GENOME025761_13,GUT_GENOME025761_00608,15872,0.059044964709208614,0.04713077650186508,0.04750481030850969,0.0017666679159154283,0.18726495186807457,0.04550084875924155,0.1283307886272,0.01191418820734353,-0.03136538272657846,0.0020039615492681434,-0.07479900900167172,0.0065786789812169125,0.9967160644597676,False
GUT_GENOME025761_13,GUT_GENOME025761_00608,16083,0.05820985700046271,0.050293778956691224,0.05050934458882032,0.001958761687462998,0.26604000548452034,0.04628168747622692,0.015451032438817545,0.007916078043771486,-0.17238248489073038,0.004227657112593396,-0.04533844633971243,0.03177129581360187,0.984239863508975,False
GUT_GENOME025761_13,GUT_GENOME025761_00608,16122,0.04664170000895205,0.048088149446910824,0.04798265206783763,0.001864780819158035,0.5671457745585304,0.04653928906805358,0.21946180492655326,-0.0014464494379587758,-0.5026076263676369,0.0014433629997840508,-0.08222608173935471,0.2593755546011171,0.8783696350505199,False
GUT_GENOME025761_13,GUT_GENOME025761_00608,16230,0.05000634079495072,0.049371937263198586,0.04940240242029636,0.0018742948610383173,0.4717148678405843,0.04725937350592465,0.1264406857996192,0.000634403531752134,-0.42921398691970913,0.0021430289143717085,-0.07295657926828654,0.18954730902604203,0.909578790224311,False
GUT_GENOME025761_13,GUT_GENOME025761_00609,17203,0.04739340274015272,0.047993108379211114,0.04799564501203099,0.0018184341310259894,0.527951184593972,0.04870323454080055,0.6514063998100403,-0.0005997056390583955,-0.4727421769649831,-0.0007075895287695574,-0.1107229105298903,0.23574472879780148,0.8888094891086009,False
GUT_GENOME025761_13,GUT_GENOME025761_00609,17242,0.06307781298732731,0.04742485266018798,0.04778129176614948,0.00197859621786712,0.08039159838399812,0.05365149527300509,0.9984956746323942,0.015652960327139337,0.10050462295497649,-0.0058702035068556105,-0.17911964392691823,0.04218502607582796,0.9791283782385373,False
GUT_GENOME025761_13,GUT_GENOME025761_00609,17251,0.06417991097849363,0.04294967584401822,0.04426461383173355,0.0023855901329944552,0.03594207388138573,0.056987484835089725,0.9999999517561834,0.021230235134475403,0.2972203459156924,-0.012722871003356173,-0.26990699967463383,0.16118972249960664,0.9225673835376615,False
GUT_GENOME025761_13,GUT_GENOME025761_00609,17257,0.06265450557626444,0.04195815345948118,0.04304044523414898,0.002215754749883507,0.03753885021279735,0.05658150675765012,0.9999999995057736,0.020696352116783258,0.278389790235772,-0.013541061523501138,-0.2807467717575114,0.15631962515978132,0.9248166174034209,False
GUT_GENOME025761_13,GUT_GENOME025761_00609,17258,0.06182419469375562,0.040421615648204,0.041714596416897815,0.0021695751766341235,0.02899181973849661,0.05624357239826486,0.9999999999893404,0.021402579045551623,0.30329907759673524,-0.014528975981367043,-0.29383512623850516,0.17832941188262869,0.9146949054814049,False
GUT_GENOME025761_13,GUT_GENOME025761_00609,17268,0.0606638424392724,0.036958772563991965,0.0388101819299055,0.0021433252118532174,0.018447287955379983,0.05601452823569177,0.9999999999999994,0.023705069875280434,0.38451009262234453,-0.017204346305786274,-0.3292796881589494,0.25627312436249894,0.8797332326519284,False
GUT_GENOME025761_13,GUT_GENOME025761_00609,17278,0.05731269235508424,0.036734999482022815,0.03849108636471812,0.002163039502963087,0.031032838707707133,0.05521774019176826,0.9999999999999948,0.020577692873061423,0.2742045672153805,-0.016726653827050145,-0.3229509939639995,0.17948548918410936,0.9141663292558632,False
GUT_GENOME025761_13,GUT_GENOME025761_00609,17279,0.057319978751756234,0.036122969919619496,0.037834865900591784,0.0020291820608261952,0.02761425382050918,0.054916133832435245,1.0,0.021197008832136738,0.2960484230121868,-0.01708126793184346,-0.32764908808595555,0.19499859369156097,0.907102979388865,False
GUT_GENOME025761_13,GUT_GENOME025761_00609,17280,0.05480299549952633,0.03675023064716086,0.03787998730601489,0.0019524564586876289,0.04580568241153186,0.054702767699923396,1.0,0.01805276485236547,0.18514798345844438,-0.016822780393908505,-0.32422452384512,0.13940131764132319,0.9326729655494154,False
GUT_GENOME025761_13,GUT_GENOME025761_00609,17284,0.051786784594887156,0.0362457450140161,0.03740325031317221,0.0019652250179987628,0.06496747371660898,0.0545087611906937,1.0,0.01554103958087106,0.09655707307138323,-0.01710551087752149,-0.32797027001033285,0.11688776637076308,0.9432311700432429,False
GUT_GENOME025761_13,GUT_GENOME025761_00609,17287,0.04806182389018991,0.03569495563549631,0.03664933787958832,0.0019980969469200667,0.09956176276648965,0.054438157970821376,1.0,0.012366868254693603,-0.015398932110368982,-0.017788820091233053,-0.3370230712300919,0.11382167765150335,0.9446782942376745,False
GUT_GENOME025761_13,GUT_GENOME025761_00609,17289,0.048044761759967816,0.03552587934968889,0.03636153035996008,0.0019162502694200496,0.09621384821179474,0.05425772210942116,1.0,0.012518882410278924,-0.010037250007687654,-0.017896191749461082,-0.3384455813603074,0.11464615793003329,0.9442889401852957,False
GUT_GENOME025761_13,GUT_GENOME025761_00609,17292,0.04376797195397953,0.03554727410309029,0.03629180333482846,0.0019707387072796416,0.16726274441731298,0.054480933520765704,1.0,0.00822069785088924,-0.16163825806753307,-0.018189130185937243,-0.3423265672768314,0.1433144051346454,0.9308499340929445,False
GUT_GENOME025761_13,GUT_GENOME025761_00609,17295,0.03888519186078883,0.03495881907809077,0.03540638970496735,0.0019391830803260385,0.2973985564283162,0.05462480175183568,1.0,0.0039263727826980566,-0.31310313824636127,-0.019218412046868326,-0.3559629765321675,0.22474321584136048,0.8937120852955651,False
GUT_GENOME025761_13,GUT_GENOME025761_00609,17306,0.040147718065235205,0.03515415249641669,0.03552968641864115,0.0018963186420064004,0.25480707552424003,0.054749190143451275,1.0,0.0049935655688185185,-0.27546224592669083,-0.019219503724810127,-0.3559774395939919,0.20259938643087086,0.9036621708784804,False
GUT_GENOME025761_13,GUT_GENOME025761_00609,17332,0.03968854801511982,0.03502609841668426,0.03530467725501071,0.0018953374538148607,0.268906568306461,0.05484713495652695,1.0,0.004662449598435557,-0.2871410173245153,-0.01954245770151624,-0.36025608547726734,0.21223441095356174,0.8993192367587304,False
GUT_GENOME025761_13,GUT_GENOME025761_00609,17440,0.041526453706992615,0.03528070009842663,0.035899781252647714,0.001962762792897776,0.21454258135986148,0.05514599182571652,1.0,0.006245753608565982,-0.2312963971867865,-0.019246210573068807,-0.3563312644563538,0.18046999338065167,0.9137164397007413,False
GUT_GENOME025761_13,GUT_GENOME025761_00609,17632,0.04291134121518038,0.035706295990273605,0.03657847155005195,0.00202330255572461,0.19213613860607232,0.05542296808369645,1.0,0.007205045224906774,-0.19746128051109105,-0.0188444965336445,-0.3510091682909276,0.16219839352536852,0.9221022173528909,False
GUT_GENOME025761_13,GUT_GENOME025761_00609,18265,0.04436321622427298,0.03616220499402332,0.037159749808133184,0.0020671915281586335,0.16005176599212112,0.05558581246719719,1.0,0.00820101123024966,-0.1623326236753877,-0.018426062659064005,-0.3454655599007885,0.1456983337869003,0.929741055181869,False
GUT_GENOME025761_13,GUT_GENOME025761_00611,19804,0.044264828037073954,0.03629306634688731,0.03723392658467113,0.002124440387460418,0.16824562302303742,0.05592644521624441,1.0,0.007971761690186645,-0.1704184703603295,-0.018692518631573278,-0.34899569370337796,0.15084044926345652,0.9273537075667264,False
GUT_GENOME025761_13,GUT_GENOME025761_00611,19805,0.04111216346535424,0.0347968674621179,0.035587193679010636,0.0019757593560144854,0.20451883105804797,0.056542753549984885,1.0,0.00631529600323634,-0.22884357158349997,-0.02095555987097425,-0.3789775263514915,0.1959933457345879,0.9066519203001597,False
GUT_GENOME025761_13,GUT_GENOME025761_00611,19876,0.04075024299387809,0.034215631426768756,0.0349893904749482,0.0019759016421957575,0.19391239483063277,0.05643520879809513,1.0,0.006534611567109334,-0.2211081055729198,-0.02144581832314693,-0.3854727004612021,0.19747799715089706,0.9059791390136902,False
GUT_GENOME025761_13,GUT_GENOME025761_00611,20063,0.03973377444636042,0.03410430275752739,0.034692930260017976,0.001940427435192187,0.2179339006653065,0.05585726686247005,1.0,0.005629471688833029,-0.25303323956515067,-0.021164336602452073,-0.3817434984933183,0.20975391896675305,0.9004353057959253,False
GUT_GENOME025761_13,GUT_GENOME025761_00612,21024,0.03842512977995537,0.032861630539549276,0.03363284230116062,0.0022550866610431563,0.21627827245279535,0.05500743896612591,1.0,0.005563499240406097,-0.255360149810047,-0.021374596664965287,-0.38452912250100174,0.21307145216240006,0.8989429318793619,False
GUT_GENOME025761_13,GUT_GENOME025761_00612,21343,0.035783089948365494,0.03262766857296836,0.032955033747964296,0.0022748331583501507,0.31595311254280023,0.054841413838534296,1.0,0.0031554213753971355,-0.3402953187814316,-0.02188638009057,-0.39130946956291407,0.26892400495416535,0.8741860951516846,False
GUT_GENOME025761_13,GUT_GENOME025761_00612,21376,0.035429042502106656,0.0323250817073389,0.033025288012259776,0.002299049723223795,0.31975516356093014,0.054598376612470995,1.0,0.0031039607947677544,-0.34211038181350084,-0.021573088600211218,-0.38715883683449703,0.26693147828362,0.875057448683206,False
GUT_GENOME025761_13,GUT_GENOME025761_00612,22090,0.036157832587659436,0.03348128984697139,0.03388126944096491,0.002260432024303961,0.34313963729205144,0.054094777016765794,1.0,0.0026765427406880427,-0.3571858181904494,-0.020213507575800885,-0.36914646921356437,0.2638508244492218,0.8764063618424289,False
GUT_GENOME025761_13,GUT_GENOME025761_00612,22219,0.04043682659435583,0.03512886665323902,0.03566671809956841,0.0023114226092511565,0.23840094430257586,0.05401247553645776,0.999999999999999,0.0053079599411168105,-0.2643732610052218,-0.01834575743688935,-0.34440163862083534,0.18850570981925158,0.9100526218724738,False
GUT_GENOME025761_13,GUT_GENOME025761_00612,22241,0.03906070523968174,0.0336574320565185,0.0340437872791049,0.0019668362170934635,0.2269807125499521,0.05388523800506911,1.0,0.005403273183163242,-0.2610114734002375,-0.01984145072596421,-0.3642172854173644,0.20078122024335682,0.9044840484013723,False
GUT_GENOME025761_13,GUT_GENOME025761_00612,22243,0.03875920624159679,0.03287295555169619,0.03328778247686379,0.0018185841919005944,0.20739534114436042,0.053634654562401796,1.0,0.005886250689900598,-0.24397640292341025,-0.020346872085538002,-0.37091334484204136,0.1971011945653573,0.9061498427345989,False
GUT_GENOME025761_13,GUT_GENOME025761_00612,22377,0.03832470965122891,0.03326703360165562,0.03362445570471125,0.0018186341183362743,0.2394093004809969,0.053620954144738206,1.0,0.005057676049573287,-0.2732010090311295,-0.019996498440026954,-0.3662714303151977,0.20879355200076805,0.9008677837833551,False
GUT_GENOME025761_13,GUT_GENOME025761_00612,22510,0.036171180405412146,0.03318006303726792,0.033365215663281475,0.0017963041985347994,0.32692271830733854,0.05366743718357523,1.0,0.002991117368144225,-0.3460904755001906,-0.020302221520293755,-0.3703217931939808,0.2569168477463535,0.8794501257882935,False
GUT_GENOME025761_13,GUT_GENOME025761_00612,22551,0.03803868489174514,0.03312057949266837,0.03352671884580273,0.0017879025674332116,0.24594309447939044,0.05360523413761511,1.0,0.004918105399076771,-0.27812379701719137,-0.020078515291812378,-0.3673580280677011,0.21230476725304975,0.8992876009284002,False
GUT_GENOME025761_13,GUT_GENOME025761_00612,22579,0.039287815605705545,0.033281750203984474,0.03373278806096724,0.0017938762704781163,0.20665167400515688,0.05335961103621356,1.0,0.006006065401721071,-0.23975042545748151,-0.019626822975246323,-0.3613737962260813,0.18807128710589274,0.9102503171071682,False
GUT_GENOME025761_13,GUT_GENOME025761_00612,22726,0.040577645681519434,0.03333229492966215,0.03386199019081659,0.0017991826647123282,0.1698751701933366,0.053320971801204056,1.0,0.007245350751857282,-0.1960396667037612,-0.019458981610387463,-0.35915015503695236,0.1674203847843887,0.9196977528825284,False
GUT_GENOME025761_13,GUT_GENOME025761_00612,22822,0.041525349660847546,0.03338913334318064,0.03394239548071994,0.001779127462656783,0.14489500970927693,0.05336703699268277,1.0,0.008136216317666908,-0.16461800112462632,-0.019424641511962826,-0.3586952012932196,0.15576133372505077,0.9250748120368038,False
GUT_GENOME025761_13,GUT_GENOME025761_00612,22849,0.042860661013085735,0.033434178570851875,0.03410978177955202,0.001756385559590513,0.11478962685790856,0.05339193468844765,1.0,0.00942648244223386,-0.11910910255429716,-0.01928215290889563,-0.35680744539330717,0.14149853139938795,0.9316954708552522,False
GUT_GENOME025761_13,GUT_GENOME025761_00612,23032,0.04188428332878478,0.03393817861489156,0.034442617226959876,0.001691483299517112,0.1593259233183273,0.05385015466034588,1.0,0.007946104713893218,-0.171323416021947,-0.019407537433386003,-0.3584685984312999,0.15785144893872968,0.924108560549763,False
GUT_GENOME025761_13,GUT_GENOME025761_00612,23187,0.03808768385122866,0.03474526701533283,0.0348667241083041,0.0017097200984059046,0.3245452767276584,0.054363155427431704,1.0,0.0033424168358958325,-0.3336998131854032,-0.019496431319127608,-0.3596463063578469,0.24070103099681528,0.8866096118358852,False
GUT_GENOME025761_13,GUT_GENOME025761_00612,23211,0.03776927307123931,0.03433402443250889,0.034475082183378525,0.0016962225661656546,0.31921648312770656,0.05532411175396199,1.0,0.0034352486387304246,-0.3304255482730246,-0.020849029570583467,-0.377566162924851,0.2517372503373241,0.8817306763935985,False
GUT_GENOME025761_13,GUT_GENOME025761_00612,23218,0.03470134177663642,0.034547889497406836,0.03455823823574337,0.001716124523991204,0.49131568320668983,0.05560586738480839,1.0,0.00015345227922958227,-0.44617758950647596,-0.021047629149065022,-0.38019730336646135,0.34362443086493843,0.8421372987097068,False
GUT_GENOME025761_13,GUT_GENOME025761_00612,23232,0.034057598761886465,0.032960327608015844,0.03300007124043975,0.0016686991991199495,0.4353704958265063,0.055818081779779045,1.0,0.0010972711538706215,-0.41288821096899236,-0.022818010539339295,-0.4036521470707626,0.3334117305920117,0.8464485446175526,False
GUT_GENOME025761_13,GUT_GENOME025761_00612,23238,0.033852970073977966,0.032862596412863036,0.032914335711682424,0.0017541760022808592,0.44062604988154397,0.05558933415707088,1.0,0.0009903736611149294,-0.41665858598125893,-0.022674998445388457,-0.40175745571788857,0.3350134304968133,0.8457709377078324,False
GUT_GENOME025761_13,GUT_GENOME025761_00612,23943,0.033419326831208546,0.03238245403166254,0.03242059093629633,0.001727192827623628,0.4386089666074518,0.055027313216571505,1.0,0.001036872799546007,-0.4150185176773826,-0.022606722280275174,-0.4008529010325204,0.33292341828131955,0.8466552354713,False
GUT_GENOME025761_13,GUT_GENOME025761_00612,24038,0.03705146018247298,0.03150893366814138,0.0318626578303249,0.001705836356582859,0.23147190883829727,0.05411227456883264,1.0,0.005542526514331604,-0.25609987756503844,-0.02224961673850774,-0.3961217991840101,0.2224996270776049,0.894715209035958,False
GUT_GENOME025761_13,GUT_GENOME025761_00612,24305,0.034258266079181525,0.031159499153385502,0.0313586311665256,0.001648892183185824,0.327006788579178,0.05351509627680185,1.0,0.0030987669257960225,-0.3422935744523849,-0.022156465110276254,-0.3948876826863032,0.2731011730487488,0.8723621893722614,False
GUT_GENOME025761_13,GUT_GENOME025761_00612,24497,0.03605760036737433,0.03292228788908592,0.033203058604327686,0.0018284208166783656,0.326799232475093,0.053177742630763525,1.0,0.00313531247828841,-0.34100457847713145,-0.01997468402643584,-0.36598242272390047,0.25022725628522186,0.8823966317975944,False
GUT_GENOME025761_13,GUT_GENOME025761_00612,24591,0.03521703054020744,0.034866429056609874,0.034939933106734,0.001939408684630823,0.4795364653910392,0.052754510183472686,1.0,0.00035060148359756377,-0.43922395182354074,-0.017814577076738683,-0.3373643118648203,0.30673235877551175,0.8578155499203917,False
GUT_GENOME025761_13,GUT_GENOME025761_00612,24619,0.03598404745273226,0.03657699609000353,0.036565719231647614,0.001990533937009372,0.534691895066896,0.0521254620530114,0.9999999999999973,-0.0005929486372712733,-0.472503851162953,-0.015559742821363784,-0.30749120919357653,0.3178107330951499,0.8530770847791076,False
GUT_GENOME025761_13,GUT_GENOME025761_00612,24705,0.03681406219699861,0.03688411982636144,0.036896842159810136,0.0020098930041077476,0.5040978527716061,0.051397154964972505,0.9999999999997293,-7.005762936282411e-05,-0.4540609939963902,-0.014500312805162369,-0.2934553830251825,0.2922874480954465,0.864033511866523,False
GUT_GENOME025761_13,GUT_GENOME025761_00612,24910,0.038167132224307725,0.03590574689059983,0.03607793678932417,0.001997619533378258,0.38271876204551336,0.05043566481956442,0.9999999999996698,0.0022613853337078924,-0.37182881002387574,-0.014357728030240248,-0.2915663529953914,0.22326760216280467,0.8943717154943547,False
GUT_GENOME025761_13,GUT_GENOME025761_00613,26172,0.03903989010575386,0.03580308102416163,0.03610927828578571,0.0020129708909349267,0.3391741305554628,0.04907761767391284,0.9999999999411959,0.0032368090815922262,-0.3374246979106037,-0.01296833938812713,-0.27315908006294953,0.18847130978089904,0.9100682749296375,False
GUT_GENOME025761_13,GUT_GENOME025761_00613,26241,0.040100485126084454,0.03614703133447817,0.03638115799280832,0.0018824119303490424,0.308159311773979,0.04797589180882293,0.9999999996351465,0.003953453791606283,-0.31214796561637354,-0.011594733816014613,-0.25496090865070653,0.16244141737843465,0.9219901777432121,False
GUT_GENOME025761_13,GUT_GENOME025761_00613,26330,0.04318025439628793,0.036874746807115256,0.037278002779190196,0.001924590848889706,0.23198203200885625,0.04691229257758531,0.9999997219772548,0.006305507589172671,-0.2291888181448924,-0.009634289798395111,-0.22898802604083335,0.10496303043272992,0.9488718605847338,False
GUT_GENOME025761_13,GUT_GENOME025761_00613,26371,0.04898916457044062,0.03660667887193139,0.03748157086769297,0.002019923928915018,0.10507423155071721,0.04641194737607063,0.9999950910361891,0.012382485698509228,-0.01484809019256566,-0.008930376508377656,-0.2196622523462838,0.04847197088820903,0.9760553477232318,False
GUT_GENOME025761_13,GUT_GENOME025761_00613,26399,0.04762240825782839,0.03520906860663968,0.036029373760392475,0.0018964585441530902,0.09978147801114745,0.04611168699868409,0.9999999470769197,0.01241333965118871,-0.013759842290641153,-0.010082313238291618,-0.2349236508821044,0.05537845500364019,0.9726906053244767,False
GUT_GENOME025761_13,GUT_GENOME025761_00613,26406,0.04624887026269585,0.03479664368616975,0.03559581032236792,0.0019162208277707681,0.1175316461211981,0.0456937541443664,0.9999999316833296,0.0114522265765261,-0.047659203512821505,-0.010097943821998474,-0.23513073219230418,0.05755786090076561,0.9716312388060537,False
GUT_GENOME025761_13,GUT_GENOME025761_00613,26418,0.04505319943474077,0.03455056709619699,0.035323525315915524,0.0019146603698390744,0.13263726156911415,0.04539120022260068,0.9999999272654698,0.010502632338543781,-0.08115228454198553,-0.010067674906685156,-0.23472971539350998,0.06168373257510158,0.9696288919696487,False
GUT_GENOME025761_13,GUT_GENOME025761_00613,26483,0.04488399523964026,0.03498195888822299,0.035803273634681256,0.0019757676250269133,0.1467479122806153,0.04518466961162288,0.9999989739689631,0.009902036351417273,-0.10233586933854094,-0.009381395976941626,-0.2256375699817262,0.06138494314053332,0.9697737602248416,False
GUT_GENOME025761_13,GUT_GENOME025761_00613,26513,0.04479039522568994,0.03452376339344932,0.0352970970999818,0.001941370982310367,0.13891822076646537,0.045111264295835556,0.9999997851162222,0.010266631832240622,-0.08947624414954437,-0.009814167195853755,-0.23137112623975453,0.061538596324561295,0.9696992586737058,False
GUT_GENOME025761_13,GUT_GENOME025761_00613,26594,0.04507150156211325,0.034874661756910855,0.035700024784568817,0.0019764944744589106,0.13834775263629606,0.04491980213963145,0.999998454751627,0.010196839805202397,-0.09193787452100458,-0.00921977735506263,-0.2234963706126518,0.05840320044846778,0.9712206464286872,False
GUT_GENOME025761_13,GUT_GENOME025761_00613,26748,0.045733316897734494,0.03495173468761633,0.03588767164351882,0.002009525164463797,0.12486739804905062,0.04488546240474362,0.9999962251364893,0.010781582210118164,-0.07131346046532801,-0.008997790761224804,-0.22055538801335448,0.05373028882526125,0.9734925135774711,False
GUT_GENOME025761_13,GUT_GENOME025761_00614,27602,0.04515212837604038,0.035247629058549224,0.0360640461463743,0.002039094567128903,0.149234686210163,0.04492053679622776,0.9999929835166486,0.009904499317491156,-0.10224899821086866,-0.008856490649853464,-0.21868337780932623,0.05827727736522274,0.9712817979029174,False
GUT_GENOME025761_13,GUT_GENOME025761_00615,28270,0.043098036957866286,0.035194793854792655,0.03578918006418736,0.0019887171159669267,0.18728597180806056,0.04495779428997147,0.9999979897126534,0.00790324310307363,-0.17283518530908087,-0.009168614225784112,-0.22281853745916122,0.07952010191626396,0.9610200073188838,False
GUT_GENOME025761_13,GUT_GENOME025761_00617,30044,0.04346681187311652,0.03565969533580716,0.03615202064561402,0.0019261268756187054,0.19154769994374182,0.04501016805751967,0.9999978767987316,0.0078071165373093596,-0.17622565960580666,-0.008858147411905652,-0.2187053273707048,0.0788875033238288,0.9613240253486596,False
GUT_GENOME025761_13,GUT_GENOME025761_00617,30045,0.04283609262676278,0.035361817138801814,0.035865916981991944,0.0019074040971825944,0.20047042733551063,0.04500860258421941,0.9999991795402638,0.007474275487960966,-0.18796527615965658,-0.009142685602227467,-0.22247502288296328,0.084826080848551,0.958473810372971,False
GUT_GENOME025761_13,GUT_GENOME025761_00617,30050,0.042570544521278605,0.03606796385839193,0.03647807107336557,0.0021324813588583847,0.2315774048583969,0.04501978435941903,0.9999690604174457,0.006502580662886677,-0.22223786566165657,-0.008541713286053458,-0.21451305953206662,0.09540552164365647,0.9534171378904586,False
GUT_GENOME025761_13,GUT_GENOME025761_00617,30762,0.04346010526072614,0.035781760270876865,0.03628260609286156,0.0021194795712616826,0.19470523363147568,0.04503066287511919,0.9999816599995455,0.007678344989849276,-0.18076755308074552,-0.00874805678225763,-0.21724679503078767,0.07987307819794923,0.9608504136505553,False
GUT_GENOME025761_13,GUT_GENOME025761_00617,31125,0.04252900033643789,0.034821848797991446,0.03533820858117184,0.00193319538588439,0.1863186074322325,0.04506212687239531,0.9999997547240208,0.007707151538446443,-0.1797515190445813,-0.009723918291223467,-0.23017546638690223,0.08529135392526244,0.9582508602777959,False
GUT_GENOME025761_13,GUT_GENOME025761_00617,31442,0.043095942536225486,0.03454588063555138,0.03515289183913184,0.0019385610248688694,0.1651171723933561,0.04503018295393365,0.9999998257825181,0.008550061900674102,-0.15002127855533914,-0.00987729111480181,-0.23220742154937718,0.07642667064198881,0.9625075821228473,False
GUT_GENOME025761_14,GUT_GENOME025761_00635,12384,0.04271056157522594,0.030247422478670554,0.030984269281658434,0.0014180717784142431,0.06994713775955395,0.04612539845876523,1.0,0.012463139096555383,-0.012003369060119626,-0.015141129177106798,-0.30194521913037636,0.09131499622448443,0.9553691218888618,False
GUT_GENOME025761_14,GUT_GENOME025761_00635,12465,0.044208411935719207,0.031177128167931546,0.032026848383607635,0.0015558687035551833,0.06225893145048965,0.04615191538537253,1.0,0.013031283767787661,0.00803562733301638,-0.014125067001764892,-0.2884839504752621,0.0832875609884486,0.9592114095356611,False
GUT_GENOME025761_14,GUT_GENOME025761_00636,12993,0.04587088823014485,0.0320966125617089,0.03307094367886381,0.0016087282917345586,0.05780366979757103,0.04670891585898292,1.0,0.013774275668435955,0.03424164979720201,-0.013637972180119112,-0.2820306896278318,0.0807138004727846,0.9604465943586997,False
GUT_GENOME025761_14,GUT_GENOME025761_00636,13164,0.048130511809333094,0.0325088827547524,0.03355414620347485,0.001605794296347584,0.039975047614287954,0.04697948379045758,1.0,0.015621629054580692,0.09939953953241569,-0.013425337586982729,-0.2792136067238091,0.08784050663897422,0.9570302744175299,False
GUT_GENOME025761_14,GUT_GENOME025761_00636,13250,0.05003458057614334,0.03438843479443128,0.03534322126370119,0.001598721711424868,0.04467783786713308,0.04712649943380513,0.999999999999915,0.015646145781712056,0.10026426753468899,-0.011783278170103946,-0.2574588327594821,0.07633797391014267,0.9625502687078361,False
GUT_GENOME025761_14,GUT_GENOME025761_00636,13349,0.04998556579960382,0.03545885183567109,0.036446987051519046,0.0017254781546724167,0.056614393361276126,0.04729141443084272,0.9999999998359491,0.014526713963932736,0.060780855483693316,-0.010844427379323673,-0.24502049677132567,0.06372935623139683,0.9686376510828953,False
GUT_GENOME025761_14,GUT_GENOME025761_00636,13350,0.05228845779095543,0.03558078279787077,0.036663263765786235,0.0017323554311219063,0.04366576363006559,0.04743669727545152,0.9999999997497552,0.016707674993084662,0.13770540025140757,-0.010773433509665288,-0.2440799366604091,0.07853779273854969,0.9614921326392297,False
GUT_GENOME025761_14,GUT_GENOME025761_00638,14182,0.052935814875693155,0.036277196508577636,0.037189789927120506,0.0015547111425737402,0.04493035501053905,0.047652717683401034,0.9999999999915065,0.01665861836711552,0.13597512695900318,-0.010462927756280528,-0.2399662106830944,0.07607301742112028,0.9626777941246735,False
GUT_GENOME025761_14,GUT_GENOME025761_00638,14237,0.05126527595040131,0.03632943754283528,0.03716762997126733,0.0015601586545052342,0.05947538832380647,0.04719605384403402,0.9999999999352779,0.01493583840756603,0.07521105903119703,-0.010028423872766687,-0.23420969927108154,0.06051088663324466,0.970197671381532,False
GUT_GENOME025761_14,GUT_GENOME025761_00638,14358,0.054319731644888104,0.0358154260937401,0.03663410831339762,0.001430978533452544,0.03051186474074055,0.04677255337794971,0.9999999999993047,0.018504305551148,0.20107424818012468,-0.010138445064552089,-0.2356673116655994,0.09596993506889313,0.9531481151360196,False
GUT_GENOME025761_14,GUT_GENOME025761_00640,15188,0.05518451827413381,0.03613045646007967,0.03715880947896384,0.0015737820762484695,0.026916176896655583,0.04602595711762077,0.9999999912110474,0.01905406181405414,0.22046466813352436,-0.008867147638656925,-0.21882456659955912,0.09648886084270991,0.9529008406550776,False
GUT_GENOME025761_14,GUT_GENOME025761_00640,15424,0.050535443133892535,0.036378805572824316,0.03723380793083665,0.001635087026285579,0.053665673644435405,0.04518609167551967,0.9999994234275923,0.01415663756106822,0.04772791302433355,-0.007952283744683021,-0.2067040202801347,0.04500450568162869,0.9777490344779242,False
GUT_GENOME025761_14,GUT_GENOME025761_00640,15916,0.05187526037259973,0.03584200600351312,0.036835867202619964,0.001642029435164359,0.03707012939320296,0.044827284680917005,0.9999994328816116,0.016033254369086605,0.11391795114545918,-0.007991417478297042,-0.20722248235306717,0.05591845678574646,0.972428013445936,False
GUT_GENOME025761_14,GUT_GENOME025761_00640,15947,0.05054453054465642,0.0338726364827621,0.03495190551895718,0.001617544810624776,0.033633623656431716,0.04434365040783475,0.9999999968041526,0.016671894061894323,0.136443373187929,-0.00939174488887757,-0.2257746772250019,0.06959099896295426,0.9658029032582884,False
GUT_GENOME025761_14,GUT_GENOME025761_00640,16069,0.04867038519168826,0.03408228928236064,0.03514559509476077,0.0016388210825859408,0.04491061042149767,0.04418641510268593,0.9999999827249307,0.014588095909327622,0.06294585437333163,-0.009040820007925159,-0.22112545967227215,0.05285864949806233,0.9739168732226771,False
GUT_GENOME025761_14,GUT_GENOME025761_00641,17517,0.04341892139719059,0.032560117200696674,0.03334057862285573,0.0016805059317162778,0.07755778792225859,0.044088374681927674,0.9999999999200261,0.010858804196493918,-0.06858976844671207,-0.010747796059071946,-0.24374027968031037,0.0641138802742095,0.9684514367516333,False
GUT_GENOME025761_14,GUT_GENOME025761_00641,17526,0.04086261058104001,0.030737631635644892,0.0312811991385567,0.0013786129504329563,0.07648119522770996,0.043947896621339855,1.0,0.010124978945395116,-0.0944724745681412,-0.012666697482783151,-0.26916278650531417,0.08137365409033341,0.9601297695461982,False
GUT_GENOME025761_14,GUT_GENOME025761_00641,17628,0.0398633895993498,0.030666331453617135,0.031167342016639874,0.0013231861292956695,0.08892130485136451,0.04382175604015277,1.0,0.009197058145732663,-0.12720111306301787,-0.0126544140235129,-0.2690000494708454,0.08854114977978791,0.9566950647878792,False
GUT_GENOME025761_14,GUT_GENOME025761_00641,18139,0.03909652300104962,0.0307970680568787,0.03122301403589623,0.001343912806384763,0.10514461780695461,0.0437965196501019,1.0,0.00829945494417092,-0.15886042138593157,-0.012573505614205671,-0.2679281368846141,0.09702212001737624,0.9526468029656515,False
GUT_GENOME025761_14,GUT_GENOME025761_00641,18239,0.039293912203198014,0.030440588351555994,0.030870452110540264,0.001297010322320177,0.09174590979870567,0.043543389088254315,1.0,0.00885332385164202,-0.13932494459441216,-0.012672936977714051,-0.26924545026307956,0.09190455267360446,0.9550875413792522,False
GUT_GENOME025761_14,GUT_GENOME025761_00641,18324,0.03848602791895097,0.030422294587467702,0.030822250684442384,0.0012980570210005143,0.10778499000237457,0.043409173904646166,1.0,0.008063733331483268,-0.16717454415361807,-0.012586923220203782,-0.2681058996273205,0.09982810162794485,0.9513111854090668,False
GUT_GENOME025761_14,GUT_GENOME025761_00642,19094,0.03796865452528136,0.03009980529246537,0.030492685920605715,0.0012803723389326397,0.1067236599208446,0.04330925924181677,1.0,0.007868849232815986,-0.1740482894301563,-0.012816573321211056,-0.27114841196697415,0.10381426836577538,0.9494170311374786,False
GUT_GENOME025761_14,GUT_GENOME025761_00642,19101,0.035926557892248225,0.02945923146863916,0.029764232100406404,0.0011953865307143298,0.14830704927467897,0.04324904831832215,1.0,0.006467326423609063,-0.22348131580648425,-0.013484816217915748,-0.2800016075466508,0.12834479874330623,0.93784330199688,False
GUT_GENOME025761_14,GUT_GENOME025761_00642,19133,0.03440035943160957,0.029147348214082543,0.029404868202129408,0.0011793160846030404,0.1883599808098853,0.0432408584930288,1.0,0.0052530112175270295,-0.2663113541170251,-0.01383599029089939,-0.2846541265123852,0.15194970907217253,0.9268395120758718,False
GUT_GENOME025761_14,GUT_GENOME025761_00642,19141,0.03499257717274364,0.029170142667490073,0.029467161799210485,0.0012101490402615666,0.16452369267068012,0.043221919818417734,1.0,0.0058224345052535695,-0.2462272597187258,-0.01375475801920725,-0.2835779232452523,0.14104430198068305,0.9319070966320742,False
GUT_GENOME025761_14,GUT_GENOME025761_00642,19157,0.033987207807494355,0.028877284470174732,0.029143901732240317,0.0012004994541852136,0.18881107756620635,0.043077889192602505,1.0,0.0051099233373196225,-0.2713581980998413,-0.013933987460362188,-0.28595243901490064,0.15540406905456317,0.9252400750709745,False
GUT_GENOME025761_14,GUT_GENOME025761_00643,19578,0.032978974481813944,0.028898789305448806,0.029083415985426575,0.0011252571515242315,0.23117911378630135,0.043121810025139894,1.0,0.004080185176365138,-0.30767803059688,-0.014038394039713319,-0.2873356663882985,0.1772275556907822,0.9151989754444352,False
GUT_GENOME025761_14,GUT_GENOME025761_00644,21103,0.03193523013177858,0.02897653857053851,0.02911947000017689,0.001109694488730682,0.288353499465047,0.04331474522389362,1.0,0.0029586915612400747,-0.3472341641775612,-0.01419527522371673,-0.28941410195656647,0.2043320871834154,0.9028796218464871,False
GUT_GENOME025761_14,GUT_GENOME025761_00644,21166,0.031096371028669943,0.02843446937245834,0.02855111864921786,0.0010425647638095442,0.3024764885779343,0.04337508847079984,1.0,0.0026619016562116037,-0.35770222299695514,-0.014823969821581982,-0.2977433431086007,0.21660197870244932,0.8973574607385667,False
GUT_GENOME025761_14,GUT_GENOME025761_00644,21209,0.030114004328999525,0.028528953602065393,0.0286135021489011,0.0010330650320181925,0.3762406934681752,0.04341213310228006,1.0,0.001585050726934132,-0.3956837671007353,-0.01479863095337896,-0.2974076418881683,0.2450169490005099,0.884698407534835,False
GUT_GENOME025761_14,GUT_GENOME025761_00645,24307,0.02890687062515631,0.02794312088085749,0.028014522737195343,0.0009812025835014674,0.4185057673025383,0.04346760414872311,1.0,0.0009637497442988203,-0.4175976365436659,-0.015453081411527767,-0.30607810876746067,0.26807159471352116,0.8745587571511375,False
GUT_GENOME025761_14,GUT_GENOME025761_00646,24779,0.03031158698871652,0.02804195264856451,0.028147860954459543,0.0009902604731289212,0.3237926525365996,0.043461853155652104,1.0,0.0022696343401520103,-0.37153785981567944,-0.015313992201192561,-0.3042353896181922,0.23059955357254866,0.8910989730766244,False
GUT_GENOME025761_14,GUT_GENOME025761_00646,25908,0.03029287969299249,0.027853873772676823,0.027967509496477354,0.0009962673390755943,0.3078098759521676,0.04347487562646818,1.0,0.0024390059203156685,-0.3655639650387773,-0.015507366129990825,-0.30679729819979296,0.22776159471756507,0.8923643217268156,False
GUT_GENOME025761_14,GUT_GENOME025761_00646,26045,0.030356011246314735,0.027721828829291435,0.02785942226955843,0.0010403333400801956,0.29490189531239863,0.04361431007867957,1.0,0.0026341824170233,-0.3586799066086136,-0.015754887809121144,-0.3100765815956314,0.22479876185879602,0.8936872645667038,False
GUT_GENOME025761_14,GUT_GENOME025761_00646,26078,0.029887236722489524,0.027679827933621656,0.027801267430063743,0.0010335569029721126,0.32366636646776115,0.043549962518732256,1.0,0.002207408788867868,-0.3737326134776988,-0.015748695088668514,-0.3099945375281108,0.2357726796741383,0.88879706769334,False
GUT_GENOME025761_14,GUT_GENOME025761_00646,26210,0.028434421583784723,0.027681783767638978,0.0277935930946161,0.001073124813639347,0.43469058115280246,0.04349346709770375,1.0,0.0007526378161457452,-0.42504375261412336,-0.015699874003087647,-0.3093477328689203,0.276358211467437,0.8709426869465661,False
GUT_GENOME025761_14,GUT_GENOME025761_00646,26745,0.02830682157998595,0.027323705832330052,0.027421571181482734,0.001022829452778678,0.41598549114522443,0.04346025841759976,1.0,0.0009831157476558987,-0.4169145794086227,-0.016038687236117028,-0.3138364896245604,0.27231110874333553,0.8727068685610677,False
GUT_GENOME025761_14,GUT_GENOME025761_00646,26859,0.027608513007062144,0.027388542649426032,0.027455931233785733,0.0010174713516282509,0.48055682721581744,0.043419617100318976,1.0,0.00021997035763611159,-0.44383143437951567,-0.015963685866533243,-0.3128428362734462,0.2948569823509926,0.8629241428062293,False
GUT_GENOME025761_14,GUT_GENOME025761_00646,26877,0.0269643418378762,0.02716374363076411,0.02722396955932999,0.0011128763125478186,0.5179100242520962,0.04334604060184467,1.0,-0.0001994017928879134,-0.458623084177982,-0.016122071042514678,-0.3149411974334374,0.30952309118173177,0.8566194178087692,False
GUT_GENOME025761_14,GUT_GENOME025761_00647,28435,0.026238194992193146,0.02721763105420245,0.02722645835674964,0.0010831753691149194,0.5903504291208514,0.043357518983488365,1.0,-0.0009794360620093041,-0.4861356257838778,-0.016131060626738726,-0.3150602956650953,0.33559083656085975,0.8455267963175945,False
GUT_GENOME025761_14,GUT_GENOME025761_00648,29166,0.026478895811098004,0.026757937671904562,0.02684214562515903,0.001084815450110192,0.5255930501126518,0.0434275761478017,1.0,-0.0002790418608065587,-0.46143206420468785,-0.016585430522642667,-0.321080001334683,0.31601191713327925,0.8538446942628134,False
GUT_GENOME025761_14,GUT_GENOME025761_00648,29170,0.026557925225511095,0.02695588385177078,0.027018280145448968,0.001095837248568824,0.5353893371983569,0.04347998961599659,1.0,-0.00039795862625968334,-0.46562637025851394,-0.016461709470547623,-0.3194408867598447,0.31885039681403465,0.8526337433733563,False
GUT_GENOME025761_14,GUT_GENOME025761_00648,29283,0.027258928076776517,0.02818575216597994,0.028174293730438442,0.0010504646978982959,0.5790514748332585,0.04356755420805316,1.0,-0.0009268240892034221,-0.4842799520678749,-0.015393260477614717,-0.3052855729540569,0.32772635302875,0.8488581576669072,False
GUT_GENOME025761_14,GUT_GENOME025761_00648,29289,0.027037007998263637,0.0280868313201163,0.028060659702226546,0.0010293123619378607,0.5902608695816951,0.04370682780245442,1.0,-0.0010498233218526644,-0.4886182505756664,-0.015646168100227873,-0.3086362118574058,0.33400410606531417,0.8461978740635351,False
GUT_GENOME025761_14,GUT_GENOME025761_00648,29461,0.02802554102434922,0.028559865355606583,0.028569632691849266,0.0011049566574102775,0.5445062792074873,0.043721222865421155,1.0,-0.000534324331257361,-0.47043611680540837,-0.015151590173571889,-0.30208381132210854,0.31256476905784314,0.8553176278004526,False
GUT_GENOME025761_14,GUT_GENOME025761_00648,29710,0.027830392079609644,0.028432793710251043,0.028432749920912336,0.0010928502639139287,0.5487193853837725,0.04375490830071984,1.0,-0.0006024016306413991,-0.47283726712131696,-0.015322158379807504,-0.3043435789858206,0.3162000952486541,0.8537643605994374,False
GUT_GENOME025761_14,GUT_GENOME025761_00648,29787,0.0279267664829943,0.02879976021382015,0.028806556783882286,0.001132314464119294,0.5689955170866206,0.04381173731630448,1.0,-0.0008729937308258502,-0.4823813047479419,-0.015005180532422193,-0.3001441076690799,0.322778208538795,0.850960894163139,False
GUT_GENOME025761_14,GUT_GENOME025761_00648,29788,0.0295822147462591,0.029063663140337828,0.029114844654503536,0.0011296845300796739,0.46304638625346245,0.043913046357284075,1.0,0.0005185516059212705,-0.43330019320028057,-0.014798201702780539,-0.2974019549747432,0.2761969802501997,0.8710129013514967,False
GUT_GENOME025761_14,GUT_GENOME025761_00648,29884,0.0296470115073839,0.029728328638517883,0.029724773732275025,0.0010955991671797762,0.5057139048360785,0.044191277079633606,1.0,-8.131713113398303e-05,-0.45445812720348583,-0.014466503347358581,-0.293007459457486,0.29238556067903004,0.8639911266260869,False
GUT_GENOME025761_14,GUT_GENOME025761_00648,30423,0.030097145580696493,0.03002403298801156,0.030016484398769375,0.001115525683783162,0.49502990542988046,0.045096570491151594,1.0,7.311259268493256e-05,-0.449011245739495,-0.01508008609238222,-0.30113649168932394,0.2922942854274875,0.8640305580295645,False
GUT_GENOME025761_14,GUT_GENOME025761_00648,30436,0.030343768054683026,0.030318553919962934,0.030337125671690085,0.0012487299838626917,0.49831606938846124,0.04544756199815035,1.0,2.521413472009182e-05,-0.45070066935815256,-0.015110436326460266,-0.3015385858372856,0.2940566121086368,0.8632695413159484,False
GUT_GENOME025761_14,GUT_GENOME025761_00650,32109,0.029829237775432938,0.030029707257787315,0.030029019733783725,0.0012159590711326054,0.513667465535801,0.046016498814072486,1.0,-0.00020046948235437692,-0.45866074258868406,-0.01598747908028876,-0.31315805993820256,0.308437647296262,0.8570844501435982,False
GUT_GENOME025761_16,GUT_GENOME025761_00685,4623,0.045341463243046894,0.038666834731293356,0.0391585002305509,0.002091560679495783,0.17119224770836522,0.05161050404272983,0.9999999986872667,0.006674628511753537,-0.21616957637292314,-0.012452003812178931,-0.26631842397643296,0.11765478869854015,0.9428694997161406,False
GUT_GENOME025761_16,GUT_GENOME025761_00685,4629,0.04714249515973609,0.03666039692161998,0.03775635432624121,0.0020253204308522785,0.07013182120797684,0.049453578580315474,0.9999999961635987,0.010482098238116112,-0.08187654155827306,-0.011697224254074268,-0.25631875008480687,0.0724030697025813,0.964445904433769,False
GUT_GENOME025761_16,GUT_GENOME025761_00685,4662,0.04861269711636541,0.03605256659171669,0.03729264203559759,0.001967593315939649,0.04867630185956998,0.048188169675355136,0.9999999846581097,0.012560130524648716,-0.008582390256407873,-0.010895527639757548,-0.2456974970088507,0.06044091745892749,0.9702316139402573,False
GUT_GENOME025761_16,GUT_GENOME025761_00685,4679,0.05024169969690672,0.03382605906480215,0.03541677782124596,0.0019112022476207194,0.01612298424305706,0.04545581446893836,0.9999999250709747,0.016415640632104572,0.12740507393899328,-0.010039036647692401,-0.23435030229510734,0.07115211705120854,0.9650493312093059,False
GUT_GENOME025761_16,GUT_GENOME025761_00685,4707,0.03846617402940794,0.028495011400385073,0.029221511511363832,0.0015222898038627587,0.054811647230580254,0.036389508148687716,0.999998753454019,0.009971162629022867,-0.09989772057511959,-0.007167996637323884,-0.19631341652465964,0.04851851208368918,0.9760326345961379,False
GUT_GENOME025761_16,GUT_GENOME025761_00685,4830,0.04215114135521215,0.028442402244734245,0.02945220882475563,0.001554047961458367,0.020236631854161403,0.0355598206612994,0.9999575501768992,0.013708739110477902,0.03193011381871345,-0.006107611836543774,-0.18226494092197557,0.03424004085776724,0.9830256943889871,False
GUT_GENOME025761_16,GUT_GENOME025761_00686,5258,0.038615675799894784,0.028396867719902255,0.029196928245219366,0.0014502009271287885,0.044161814976562234,0.03624481288937852,0.9999994128834111,0.01021880807999253,-0.09116303282737738,-0.007047884644159157,-0.19472211645668144,0.046227401191654895,0.9771513747632923,False
GUT_GENOME025761_16,GUT_GENOME025761_00686,5276,0.03798496314700715,0.02896803346578392,0.02969856850133686,0.0015029101173238226,0.0666214535134831,0.03629250855497197,0.9999942655810653,0.009016929681223234,-0.13355441325815398,-0.006593940053635113,-0.18870804543241196,0.053447507711651035,0.9736301659571555,False
GUT_GENOME025761_16,GUT_GENOME025761_00686,5281,0.037768277793370726,0.02929348900821905,0.029894987870507986,0.0014459359198044019,0.0741830922644849,0.03508344786255214,0.9998335830013263,0.008474788785151677,-0.1526762320677647,-0.005188459992044151,-0.17008758582115238,0.05223981868887782,0.9742182647312277,False
GUT_GENOME025761_16,GUT_GENOME025761_00686,5336,0.04024496009909139,0.02933582806459086,0.030065699204895057,0.0015019646780377624,0.03486826558898134,0.03585697955734454,0.9999423248915997,0.01090913203450053,-0.06681465831129288,-0.005791280352449486,-0.1780740329295278,0.036174559769041374,0.9820753131976494,False
GUT_GENOME025761_16,GUT_GENOME025761_00686,5341,0.0433576159320604,0.02930155174991312,0.03032470193349721,0.0015578565535753815,0.02756954110758142,0.03593205153111749,0.9998405241548053,0.014056064182147283,0.04418059544926793,-0.005607349597620281,-0.17563723194944927,0.03280036226111652,0.9837335696627255,False
GUT_GENOME025761_16,GUT_GENOME025761_00687,5931,0.04356384922922064,0.029015216631511836,0.030048281325182363,0.0015373206166942838,0.022044240553970036,0.03532447180086182,0.999700502462517,0.014548632597708801,0.061553946292110806,-0.005276190475679454,-0.17124988045047518,0.0331154098584341,0.9835786204183813,False
GUT_GENOME025761_16,GUT_GENOME025761_00687,6201,0.04117248724400332,0.028723410158541685,0.029756057440804173,0.0016161327184352336,0.042503587545792386,0.035744636246180156,0.9998945126819733,0.012449077085461634,-0.012499349404310309,-0.0059885788053759825,-0.18068793544901515,0.0328043637523585,0.9837316014640627,False
GUT_GENOME025761_16,GUT_GENOME025761_00687,6414,0.04188755163506763,0.02846128448659547,0.02967478365940147,0.0015958981039970088,0.027546408863013794,0.035396033409127926,0.9998314427061973,0.013426267148472164,0.02196706230312359,-0.005721249749726456,-0.1771462346311441,0.03186334027022167,0.9841945676395812,False
GUT_GENOME025761_16,GUT_GENOME025761_00687,6441,0.042546958015189214,0.028633890472945196,0.029775731186632674,0.0016381652453730114,0.03327327161126743,0.035542554059342084,0.9997844654480433,0.013913067542244018,0.03913696959770982,-0.0057668228727094095,-0.17775000875719074,0.033126768002473446,0.98357303462042,False
GUT_GENOME025761_16,GUT_GENOME025761_00687,6451,0.041043468220870176,0.02841324203551387,0.02969653960090886,0.0016550707093830996,0.041835906907219424,0.03536630831535615,0.9996933865753275,0.012630226185356305,-0.006110050440129665,-0.005669768714447292,-0.17646418970972672,0.031176942966291348,0.9845323998569314,False
GUT_GENOME025761_16,GUT_GENOME025761_00687,6726,0.0437634724010401,0.02763067871264811,0.02910190674597862,0.0016022833418455685,0.0172786866042098,0.03585241645406393,0.9999874030807114,0.016132793688391992,0.11742879646626368,-0.006750509708085311,-0.19078235371092186,0.050187428726994485,0.9752185157633527,False
GUT_GENOME025761_16,GUT_GENOME025761_00687,6849,0.04653020485442221,0.02730308618785608,0.02895808380878321,0.0016534528453752844,0.010366962706673236,0.035362880419068765,0.9999463778726454,0.019227118666566134,0.2265685459288993,-0.0064047966102855555,-0.18620218430789462,0.0860045594453669,0.9579092062971952,False
GUT_GENOME025761_16,GUT_GENOME025761_00690,10346,0.04427880427345128,0.02759327646771532,0.029326499777198898,0.0017262982507872475,0.02183799473821941,0.03518098473884782,0.9996522563814031,0.01668552780573596,0.1369242481437302,-0.005854484961648924,-0.17891139726147812,0.05075753779978024,0.9749405649189167,False
GUT_GENOME025761_16,GUT_GENOME025761_00690,10406,0.044387327550721827,0.029551980780933226,0.031132391001407883,0.0018051251775281871,0.029562062598538625,0.03548685537545878,0.9920734131909354,0.0148353467697886,0.07166662454306832,-0.004354464374050897,-0.15903842038280952,0.030429324231256365,0.9849004960852452,False
GUT_GENOME025761_16,GUT_GENOME025761_00690,10421,0.04480751610850159,0.028672255900684084,0.030384068766435155,0.0017759776584597748,0.0182882704811619,0.036146837340364155,0.9994124229084922,0.016135260207817505,0.11751579292398676,-0.0057627685739289995,-0.1776962955037938,0.04538593502232494,0.9775625811733859,False
GUT_GENOME025761_16,GUT_GENOME025761_00690,10469,0.045190726995824694,0.02803165952135153,0.02966357778793979,0.0017439157346173034,0.01879816440785981,0.035793429456652655,0.9997801172428374,0.017159067474473166,0.15362643720633282,-0.006129851668712865,-0.18255958465829222,0.056929084159319486,0.9719367563912371,False
GUT_GENOME025761_16,GUT_GENOME025761_00694,14186,0.04600588728004463,0.02816389970451846,0.029823232240529306,0.001758943973757869,0.016173096826222973,0.03564653028152465,0.9995346496836982,0.01784198757552617,0.177713670854268,-0.00582329804099534,-0.17849821829700938,0.06344376274370592,0.9687759792616077,False
GUT_GENOME025761_16,GUT_GENOME025761_00694,14942,0.047356546773193224,0.028090434546329694,0.029864258140784083,0.001767594851055445,0.011858652730460734,0.03570144433711442,0.9995205785861505,0.01926611222686353,0.22794388543962685,-0.005837186196330335,-0.17868221509821441,0.0838857489017183,0.9589245580998376,False
GUT_GENOME025761_16,GUT_GENOME025761_00694,15153,0.049060403283262936,0.028350886631537592,0.03026930756746945,0.0017996207230750985,0.008762075520811357,0.035664055261540636,0.9986399346079228,0.020709516651725345,0.27885411575280905,-0.005394747694071188,-0.17282058213242407,0.10762657148087096,0.9476090221018701,False
GUT_GENOME025761_16,GUT_GENOME025761_00703,30032,0.053140770447644405,0.029552212554180078,0.03179154363391838,0.002026027772631175,0.006412373245638538,0.03567427074973781,0.9723443902718693,0.023588557893464326,0.3804006055469733,-0.003882727115819426,-0.15278862374458313,0.16804898424626777,0.9194087375473519,False
GUT_GENOME025761_16,GUT_GENOME025761_00703,30437,0.054204818241207445,0.029463380441446887,0.03186676113339133,0.002055430825604312,0.004375203607172849,0.035678568119410024,0.9681665356973466,0.024741437799760558,0.4210637631083755,-0.0038118069860186912,-0.15184904057391543,0.20035282372620478,0.9046778080601996,False
GUT_GENOME025761_16,GUT_GENOME025761_00704,31130,0.05435132119071523,0.031120541620420144,0.03345190903658694,0.00205543415769608,0.006360824599362816,0.0355421185925205,0.8454039610619117,0.023230779570295085,0.3677814279139589,-0.0020902095559335657,-0.12904050967418795,0.15191463185540474,0.9268557676936588,False
GUT_GENOME025761_16,GUT_GENOME025761_00704,31292,0.05501396824553137,0.03305279996502296,0.035999145038641246,0.0023445354947040377,0.006681975274374409,0.03548521720877277,0.41324618926326223,0.02196116828050841,0.32300104477397795,0.0005139278298684768,-0.09453967516244934,0.11326742510490276,0.944940125691336,False
GUT_GENOME025761_17,GUT_GENOME025761_00720,15395,0.035041700132187326,0.022632956914103827,0.0235456389919355,0.0013813747587721236,0.04059244577943096,0.04051370384338062,1.0,0.012408743218083499,-0.013921962805151704,-0.01696806485144512,-0.326149320537463,0.10656720033539681,0.9481110898867654,False
GUT_GENOME025761_17,GUT_GENOME025761_00720,15766,0.03516468394298179,0.02376958617762331,0.024631304860582924,0.0013895276747267812,0.056286880013580586,0.04052466989076105,1.0,0.011395097765358481,-0.04967419036194401,-0.015893365030178123,-0.31191119282366414,0.09975611739679564,0.9513454257273865,False
GUT_GENOME025761_17,GUT_GENOME025761_00720,15772,0.035948890785124664,0.02375756756758858,0.024689288103714586,0.0013911946428260343,0.045999687436238536,0.0405492285824662,1.0,0.012191323217536083,-0.021590570516133903,-0.015859940478751614,-0.31146836867633526,0.09747869742110965,0.9524293492857185,False
GUT_GENOME025761_17,GUT_GENOME025761_00720,15802,0.036363585455710126,0.023963422843245704,0.02499747453962761,0.0014211050215086887,0.04246197842268798,0.040744213442799805,1.0,0.012400162612464422,-0.014224608827825221,-0.015746738903172196,-0.30996862106439016,0.09628288554086414,0.9529989827278431,False
GUT_GENOME025761_17,GUT_GENOME025761_00720,15810,0.03647157338065522,0.02461622983158749,0.02585766378826363,0.0016339293100394476,0.048223246927217744,0.04070548271417066,1.0,0.011855343549067733,-0.03344088911544668,-0.01484781892590703,-0.29805930723785806,0.08995764369594347,0.9560177283074995,False
GUT_GENOME025761_17,GUT_GENOME025761_00720,15958,0.03759182728747603,0.024898947970923208,0.026062532439190055,0.0016896703185604745,0.04216796999420638,0.04063085146116014,1.0,0.012692879316552823,-0.003900215632839163,-0.014568319021970085,-0.2943563613086803,0.08666087912486899,0.9575949105380042,False
GUT_GENOME025761_17,GUT_GENOME025761_00720,16111,0.039499783067087166,0.02629630938612815,0.027434060462246994,0.0017279057404128901,0.040918458329457515,0.04052893561280362,0.9999999999999826,0.013203473680959015,0.01410892736325547,-0.013094875150556629,-0.27483548524156964,0.07573360577931067,0.9628411800133684,False
GUT_GENOME025761_17,GUT_GENOME025761_00721,18262,0.03992731563063388,0.02620632486860137,0.02720628587925252,0.0016548965751250855,0.033475240749315585,0.04044818420442683,0.9999999999999993,0.013720990762032512,0.03236224108091287,-0.013241898325174306,-0.27678331727398475,0.07765631936897044,0.9619159908923,False
GUT_GENOME025761_17,GUT_GENOME025761_00721,18459,0.041328467865860016,0.02555560700770715,0.026841211185375392,0.0016328834483066968,0.018107301981777138,0.040224410947945106,0.9999999999999999,0.015772860858152868,0.10473362734448159,-0.013383199762569714,-0.2786553450458023,0.08861793401932788,0.9566583359414221,False
GUT_GENOME025761_17,GUT_GENOME025761_00721,18462,0.04172949771374002,0.02552448690452262,0.02680585062342861,0.0016345033060672165,0.015634876330304595,0.03986143306351524,0.9999999999999993,0.016205010809217404,0.11997596217425893,-0.013055582440086633,-0.2743149169686229,0.0896429051711417,0.9561681879507965,False
GUT_GENOME025761_17,GUT_GENOME025761_00721,18465,0.04285252138876235,0.025548381390744997,0.026968320785665408,0.0016581341705440148,0.012102314728207126,0.03978168724002328,0.9999999999999946,0.017304139998017356,0.1587432814244433,-0.012813366454357874,-0.2711059258895475,0.09869785244982884,0.9518489466885365,False
GUT_GENOME025761_17,GUT_GENOME025761_00721,18466,0.04260807968481486,0.02649163180515174,0.027740019030949685,0.0017381955670075122,0.01776028793897543,0.03972151217093084,0.9999999999972699,0.01611644787966312,0.11685226443358558,-0.011981493139981154,-0.2600848777257605,0.0812985953248804,0.9601658032999447,False
GUT_GENOME025761_17,GUT_GENOME025761_00721,18478,0.04214714417914029,0.02630506272900443,0.02759256730065342,0.0016916844826832906,0.02029504046437867,0.039529051072456745,0.999999999999143,0.01584208145013586,0.10717510266461325,-0.011936483771803324,-0.25948857248800783,0.07882082188303448,0.9613560771185113,False
GUT_GENOME025761_17,GUT_GENOME025761_00721,18570,0.042066241944108226,0.026722677416801,0.027987417289562708,0.0018255096750307356,0.023060817409814825,0.03954308900621127,0.9999999998775044,0.015343564527307226,0.08959194238113666,-0.011555671716648563,-0.2544433956219175,0.07276815771523652,0.9642698666822944,False
GUT_GENOME025761_17,GUT_GENOME025761_00726,22713,0.042481148905802645,0.026785618587398315,0.028062950319423838,0.001798560030184088,0.019356254105564116,0.039670636809590175,0.999999999945488,0.01569553031840433,0.1020061065464089,-0.011607686490166337,-0.2551325117580654,0.0754978443287367,0.9629546871200231,False
GUT_GENOME025761_17,GUT_GENOME025761_00727,23070,0.04619492362342472,0.02788771864798063,0.02926388841297239,0.0018847619414191397,0.012075382610496736,0.04046504449617619,0.9999999986008097,0.01830720497544409,0.1941223256758636,-0.011201156083203798,-0.2497466060946111,0.1000568445815829,0.951202388765612,False
GUT_GENOME025761_17,GUT_GENOME025761_00728,23501,0.047709963756351635,0.027793643780091092,0.029449138777759586,0.001863297991452285,0.00817163294335113,0.0404078590086148,0.9999999979654149,0.019916319976260543,0.25087732370755156,-0.010958720230855215,-0.24653470211934728,0.12371879089973892,0.94001504789257,False
GUT_GENOME025761_17,GUT_GENOME025761_00728,24125,0.04863206597107502,0.02805197051455896,0.029810093046063663,0.001898443693449725,0.008114116426500163,0.040391033808072754,0.9999999875150893,0.02058009545651606,0.27428930859133543,-0.010580940762009092,-0.24152970238021929,0.13357122193939014,0.9353957184227008,False
GUT_GENOME025761_17,GUT_GENOME025761_00729,25381,0.047798930784878235,0.02774879583435069,0.029561303794314597,0.0018560018059957024,0.00827930972411596,0.04071176506861119,0.9999999990596296,0.020050134950527546,0.2555971035848634,-0.011150461274296593,-0.24907497746923693,0.12736822376227228,0.9383013509700012,False
GUT_GENOME025761_18,GUT_GENOME025761_00740,8098,0.01935862265534408,0.022504485713248326,0.022242674890913763,0.0012560783749208768,0.795750425271591,0.051671037785253754,1.0,-0.003145863057904246,-0.5625475415421838,-0.02942836289433999,-0.4912291980772018,0.5577658615387258,0.7566284759439325,False
GUT_GENOME025761_18,GUT_GENOME025761_00740,8230,0.01961818031708289,0.02206989536448368,0.02177439514882853,0.001235012180381851,0.73277936301457,0.051767406738384966,1.0,-0.0024517150474007883,-0.5380642889779889,-0.029993011589556435,-0.4987099290467515,0.5382247724032045,0.764057381315852,False
GUT_GENOME025761_18,GUT_GENOME025761_00741,8779,0.01831653661941229,0.022066223436050404,0.021709593007454012,0.001252813448069371,0.8475255379767785,0.051645186520897744,1.0,-0.0037496868166381134,-0.5838449728762019,-0.029935593513443732,-0.49794922742142744,0.5888283854424093,0.7449678672646044,False
GUT_GENOME025761_18,GUT_GENOME025761_00741,8781,0.019215528039950587,0.022263240656718777,0.021980228650762112,0.0012637919409548054,0.7896953883390394,0.0516531634077607,1.0,-0.0030477126167681896,-0.559085683259426,-0.02967293475699859,-0.49446940091973085,0.5570767896715767,0.7568892065552141,False
GUT_GENOME025761_18,GUT_GENOME025761_00741,9356,0.019741264867886067,0.022230003579909875,0.021970765765621302,0.0012736868369617835,0.7418126067348122,0.05168125047338095,1.0,-0.0024887387120238087,-0.5393701484173323,-0.02971048470775965,-0.4949668802939737,0.535912369591684,0.76494129642769,False
GUT_GENOME025761_18,GUT_GENOME025761_00741,9396,0.01955144351714968,0.022034705401192192,0.021722158786421992,0.001290204816752523,0.750531046525116,0.05169486930333204,1.0,-0.0024832618840425133,-0.5391769755483077,-0.029972710516910046,-0.498440970906677,0.5391552124398112,0.7637020091964528,False
GUT_GENOME025761_18,GUT_GENOME025761_00741,9398,0.01981275024634457,0.022106336100599755,0.021906592247780094,0.0012947761856506141,0.7271802910721987,0.051761397529951785,1.0,-0.0022935858542551847,-0.5324869237547589,-0.02985480528217169,-0.4968789070102198,0.5304309722014771,0.7670406455682728,False
GUT_GENOME025761_18,GUT_GENOME025761_00741,9486,0.020441138378671994,0.02213908256047063,0.0219239950662578,0.0012769306329332305,0.6667279768395815,0.051848686822379364,1.0,-0.001697944181798635,-0.5114780822917746,-0.029924691756121564,-0.49780479582296044,0.5094194434092107,0.7751414720521503,False
GUT_GENOME025761_18,GUT_GENOME025761_00741,9494,0.02029691604789249,0.022323956466985925,0.02202630355929512,0.0013497647645256867,0.6979382613972163,0.051976912792553176,1.0,-0.0020270404190934344,-0.5230856158058027,-0.029950609233258055,-0.49814816272615187,0.5217701534903765,0.7703694478923621,False
GUT_GENOME025761_18,GUT_GENOME025761_00741,9517,0.019710597304245795,0.02236245666993753,0.022094029709557973,0.0013632273430635644,0.7557065674555807,0.05207033022037814,1.0,-0.0026518593656917333,-0.5451235671432489,-0.029976300510820165,-0.49848853283120004,0.5456505208191826,0.7612257922911592,False
GUT_GENOME025761_18,GUT_GENOME025761_00741,9522,0.02073736144112328,0.022230349832506057,0.02207130508563928,0.0012856690108191953,0.6432739293207574,0.052062948784196254,1.0,-0.0014929883913827775,-0.5042490989837246,-0.029991643698556975,-0.4986918065846803,0.5029606717805903,0.7776487492297357,False
GUT_GENOME025761_18,GUT_GENOME025761_00741,9532,0.020800565149322537,0.022357729341437874,0.022248984108875162,0.0012536739819628648,0.6527664713366351,0.05200474333202706,1.0,-0.0015571641921153373,-0.5065126397762785,-0.029755759223151896,-0.49556669832648736,0.5021414067433497,0.7779673646986578,False
GUT_GENOME025761_18,GUT_GENOME025761_00741,9544,0.021436136987829976,0.022557270315908005,0.022476447471175512,0.0012661126580798517,0.6087441829674592,0.05245488248866404,1.0,-0.0011211333280780299,-0.49113342149937705,-0.02997843501748853,-0.4985168117775149,0.489731049338503,0.7828097997709075,False
GUT_GENOME025761_18,GUT_GENOME025761_00741,9554,0.02216318285947457,0.022805965359403366,0.022766992387191647,0.0013674793548821389,0.5627542888925094,0.053661396646555476,1.0,-0.0006427824999287943,-0.4742615383236618,-0.03089440425936383,-0.5106520022648053,0.4856894741501809,0.7843932915142475,False
GUT_GENOME025761_18,GUT_GENOME025761_00741,9555,0.022615856062904633,0.022373207110001465,0.02248955479013344,0.0016338350639029402,0.47621578790528896,0.05403458154056476,1.0,0.00024264895290316765,-0.44303153901523773,-0.03154502675043132,-0.5192717544392941,0.46592009952067265,0.7921852208815823,False
GUT_GENOME025761_18,GUT_GENOME025761_00741,9578,0.02257806953602752,0.02240191312818518,0.022557821461769306,0.001645397032448385,0.4829179157166065,0.05420057374466942,1.0,0.00017615640784234,-0.4453767935571035,-0.031642752282900116,-0.5205664681674023,0.4693499360194899,0.7908278522101957,False
GUT_GENOME025761_18,GUT_GENOME025761_00741,9607,0.022607166186542245,0.022539227333731718,0.0227647036013346,0.0016251614240388307,0.49343191676568066,0.05437215115570188,1.0,6.793885281052708e-05,-0.44919372840620275,-0.031607447554367285,-0.5200987345511829,0.4722776993212073,0.7896710207671045,False
GUT_GENOME025761_18,GUT_GENOME025761_00741,9608,0.02238568490326719,0.02311675281946108,0.023257963404395714,0.001703063496825981,0.5707029898255643,0.055233098007293285,1.0,-0.00073106791619389,-0.4773754479098691,-0.03197513460289757,-0.5249700251684196,0.5034808455924792,0.7774465192724589,False
GUT_GENOME025761_18,GUT_GENOME025761_00741,9610,0.02217661364276001,0.023457672066869523,0.023476101231394316,0.0018377660959523667,0.6228578289697764,0.05607137153529244,1.0,-0.001281058424109513,-0.496774129904854,-0.032595270303898125,-0.5331858740371044,0.5310717124154357,0.7667949480337688,False
GUT_GENOME025761_18,GUT_GENOME025761_00741,9623,0.022347050725568064,0.023763374958818778,0.02378921593729839,0.0018190247281904234,0.6311416123717744,0.0563533791687871,1.0,-0.001416324233250714,-0.5015450820914089,-0.03256416323148871,-0.5327737529396565,0.5353953411914842,0.7651390701776194,False
GUT_GENOME025761_18,GUT_GENOME025761_00741,9626,0.022517965176689022,0.02363306777220987,0.02373551834320457,0.0018123816768574174,0.5992398060747876,0.05690688783173241,1.0,-0.0011151025955208477,-0.49092071189550235,-0.033171369488527835,-0.5408183064654478,0.5334875859761419,0.7658692674074434,False
GUT_GENOME025761_18,GUT_GENOME025761_00741,9716,0.023502831948862046,0.023747238536864574,0.02401744364374314,0.0018721028050591685,0.5218388690935462,0.05751887430430698,1.0,-0.0002444065880025277,-0.4602104455889753,-0.03350143066056384,-0.5451911118086873,0.5090270026243957,0.7752935855393638,False
GUT_GENOME025761_18,GUT_GENOME025761_00742,10267,0.022872854834973155,0.024316786491107908,0.024338300485413446,0.0020959889707332373,0.6276048423660496,0.05797847633969279,1.0,-0.0014439316561347532,-0.5025188218369514,-0.03364017585427934,-0.5470292732642908,0.5517661921084559,0.7589016441723231,False
GUT_GENOME025761_18,GUT_GENOME025761_00743,10789,0.022755947203434032,0.02450827512191932,0.02446628748496259,0.0020322631095960816,0.6554187527936193,0.05819549906590982,1.0,-0.0017523279184852893,-0.513396247784633,-0.03372921158094723,-0.5482088603660118,0.5641086618231417,0.7542327052694648,False
GUT_GENOME025761_18,GUT_GENOME025761_00745,12314,0.022462633554632107,0.0249629452038891,0.024677932760128314,0.0020747129885370142,0.7185202477603525,0.057834280615034296,1.0,-0.0025003116492569935,-0.539778336787683,-0.03315634785490598,-0.5406192928118253,0.5836298726256355,0.7469067485007616,False
GUT_GENOME025761_18,GUT_GENOME025761_00745,12391,0.022257734232579016,0.0251322261886319,0.024608722971106858,0.0021977218106953777,0.75278766563708,0.05711073782050457,1.0,-0.0028744919560528825,-0.5529760277948029,-0.032502014849397715,-0.531950382000249,0.5887536962259295,0.7449956883172384,False
GUT_GENOME025761_18,GUT_GENOME025761_00745,12395,0.022381329830577834,0.025032256863029293,0.02464063461190922,0.0021801699392267567,0.7327014129850498,0.056194071695296936,1.0,-0.002650927032451459,-0.5450906828738277,-0.03155343708338772,-0.5193831784782481,0.5668827386420234,0.7531872807272022,False
GUT_GENOME025761_18,GUT_GENOME025761_00745,12405,0.02291431778623628,0.025712136586576586,0.02515134094432569,0.002537610991548821,0.7398425914085974,0.05584816438883555,1.0,-0.002797818800340305,-0.5502716935493683,-0.030696823444509864,-0.5080343588819576,0.5608978465262916,0.7554445286982245,False
GUT_GENOME025761_18,GUT_GENOME025761_00745,12463,0.02270694862251144,0.026262952262742834,0.02501112670196161,0.002594472337971249,0.8021864064075908,0.055267207926610905,1.0,-0.0035560036402313942,-0.5770135852562016,-0.030256081224649296,-0.5021951990616463,0.5851446955307824,0.7463412469611483,False
GUT_GENOME025761_18,GUT_GENOME025761_00746,13078,0.022591638738029107,0.025691773268888413,0.02496362271513637,0.0024831051270448497,0.7676951160170453,0.05492331746957967,1.0,-0.0031001345308593053,-0.5609346534259765,-0.0299596947544433,-0.4982685319757061,0.5629192153713456,0.7546813983879048,False
GUT_GENOME025761_18,GUT_GENOME025761_00746,13116,0.02306091345903427,0.025232005060655174,0.02479996143674704,0.002471812097535147,0.6911969417331816,0.05483451257966728,1.0,-0.0021710916016209024,-0.5281664363665833,-0.03003455114292024,-0.4992602645490602,0.5282205962617736,0.767888838281999,False
GUT_GENOME025761_18,GUT_GENOME025761_00746,13654,0.02279195386585952,0.024995403139998207,0.024630604170401096,0.0024098709514626367,0.6975128735217131,0.05426915617856002,1.0,-0.002203449274138687,-0.5293077218801265,-0.029638552008158923,-0.49401388212327896,0.5242163801724423,0.7694277747470101,False
GUT_GENOME025761_18,GUT_GENOME025761_00746,13695,0.022832772886726277,0.02484275166471474,0.024544905673559922,0.002417424810914382,0.6840577085626282,0.05421848021053727,1.0,-0.0020099787779884644,-0.5224838356926109,-0.029673574536977346,-0.4944778770252126,0.5174977294274246,0.7720168793806235,False
GUT_GENOME025761_18,GUT_GENOME025761_00746,13999,0.02317367100562914,0.02421942749234379,0.024133362344300194,0.0022936048922096186,0.598449102484683,0.05387048454670152,1.0,-0.0010457564867146496,-0.4884748094790784,-0.029737122202401326,-0.4953197863270618,0.48394933022270814,0.7850760671146174,False
GUT_GENOME025761_18,GUT_GENOME025761_00746,14026,0.023402526198950488,0.02388369048876917,0.02389915659865,0.002159581546448668,0.5460797690014705,0.053636567544897706,1.0,-0.00048116428981868214,-0.46856111219375174,-0.029737410946247708,-0.49532361174107975,0.4648949962084735,0.7925913608034362,False
GUT_GENOME025761_18,GUT_GENOME025761_00746,14206,0.022723289791155225,0.023194047909539342,0.023294243096282204,0.0016678202072070289,0.5466714146525307,0.05277953275201812,1.0,-0.0004707581183841167,-0.46819407674943203,-0.029485289655735915,-0.49198339053452683,0.4612533500651018,0.7940358441147897,False
GUT_GENOME025761_18,GUT_GENOME025761_00746,14382,0.022258778927204997,0.023597641151205096,0.023703837140210147,0.0015690204378797383,0.6387877696594224,0.05242494183558888,1.0,-0.0013388622240000994,-0.49881292424046686,-0.02872110469537873,-0.48185910945880983,0.481002534757763,0.7862336489915627,False
GUT_GENOME025761_18,GUT_GENOME025761_00746,14416,0.023792517341434512,0.02368833848946465,0.023821104933554518,0.0015722444796486912,0.48994646558108235,0.05238774152709087,1.0,0.00010417885196986262,-0.4479155095841093,-0.028566636593536355,-0.4798126435357514,0.4308484766227584,0.8061993469683422,False
GUT_GENOME025761_18,GUT_GENOME025761_00746,14443,0.024124707939894196,0.023348616110191785,0.023497739071890192,0.0013057910522951094,0.4287251643537472,0.05245223419093708,1.0,0.0007760918297024105,-0.42421650751817414,-0.028954495119046887,-0.48495117534884336,0.41513728772314173,0.8125574627766835,False
GUT_GENOME025761_18,GUT_GENOME025761_00746,14589,0.023290790158709614,0.02333763656876906,0.023411708812327774,0.0012488527258875009,0.504396083563853,0.051860387489206856,1.0,-4.6846410059447896e-05,-0.4532423124818883,-0.028448678676879082,-0.47824988168450266,0.43415154315517046,0.8048689808020083,False
GUT_GENOME025761_18,GUT_GENOME025761_00746,14751,0.023000269395183646,0.0231269956721003,0.023152387899201994,0.0011903911479555708,0.5114707431082843,0.050279181453778465,1.0,-0.00012672627691665342,-0.4560597504424765,-0.02712679355457647,-0.46073692706976543,0.4202690119393443,0.8104752248823399,False
GUT_GENOME025761_18,GUT_GENOME025761_00746,14758,0.023117023932317484,0.02320875535935028,0.023175902414534245,0.0011442416460973365,0.508279774389527,0.04919000635923963,1.0,-9.173142703279569e-05,-0.45482544920529344,-0.026014103944705387,-0.44599549280351225,0.4057781688458447,0.8163687844190349,False
GUT_GENOME025761_18,GUT_GENOME025761_00747,15030,0.02276932953920783,0.02347030837401868,0.02341405123799098,0.001041114288530272,0.5639242509118271,0.04897921747910307,1.0,-0.0007009788348108503,-0.47631417773725665,-0.02556516624111209,-0.44004775536761576,0.42051722291759597,0.8103746466994128,False
GUT_GENOME025761_18,GUT_GENOME025761_00747,15085,0.023999673841782594,0.02324149343698448,0.023247112788070352,0.0009477096639878325,0.4355604532269751,0.04798889676907655,1.0,0.0007581804047981158,-0.42484826030444,-0.024741783981006196,-0.4291392006766483,0.3646564978411018,0.8333277565798299,False
GUT_GENOME025761_18,GUT_GENOME025761_00747,15207,0.022199572190707017,0.022895289803945295,0.022867568874107916,0.0008266259275387588,0.5639953105924675,0.04587548668976386,1.0,-0.0006957176132382781,-0.47612860950885527,-0.02300791781565594,-0.40616812781298356,0.39167100084394013,0.8221474664664077,False
GUT_GENOME025761_18,GUT_GENOME025761_00747,15213,0.02218370207803781,0.022658864393564855,0.02263871748848489,0.0007825276096995689,0.5442684543586099,0.04506754863188035,1.0,-0.00047516231552704666,-0.46834941692092463,-0.022428831143395462,-0.3984961157461321,0.37815033059492476,0.8277242882140872,False
GUT_GENOME025761_18,GUT_GENOME025761_00747,15923,0.022099303436075617,0.021998315013542442,0.021992891043709984,0.000679223574097632,0.4904973549243572,0.04424009682079065,1.0,0.00010098842253317489,-0.44802803902812516,-0.022247205777080666,-0.3960898576352795,0.3576162990769232,0.8362663220878214,False
GUT_GENOME025761_18,GUT_GENOME025761_00747,15924,0.02277139448070033,0.021568130467655534,0.021605585243469012,0.000700968841484605,0.38731018197562195,0.04377215515079278,1.0,0.001203264013044797,-0.40914974323315556,-0.02216656990732377,-0.3950215557809455,0.32344554191935576,0.8506770042229677,False
GUT_GENOME025761_18,GUT_GENOME025761_00748,16338,0.02235581569979451,0.02148813719194314,0.021509531975613425,0.0006806408851271345,0.41989696457824166,0.043459148330846784,1.0,0.0008676785078513723,-0.42098615932339895,-0.02194961635523336,-0.39214725328131,0.3310088145979422,0.8474661281600973,False
GUT_GENOME025761_18,GUT_GENOME025761_00748,16349,0.022303054932732862,0.02137651740161338,0.021416899389902926,0.0006821338004014163,0.41138751935097745,0.04322754909489917,1.0,0.0009265375311194833,-0.4189101462677542,-0.021810649704996243,-0.39030615786575273,0.3278246075139971,0.8488164566305793,False
GUT_GENOME025761_18,GUT_GENOME025761_00748,16675,0.02282004924203108,0.021299976144167166,0.021351580872003624,0.0006690656993225374,0.3657085992112648,0.04301555445537053,1.0,0.0015200730978639151,-0.3979755891321704,-0.021663973583366906,-0.38836292375423953,0.30921033009203935,0.8567533868948582,False
GUT_GENOME025761_18,GUT_GENOME025761_00748,16678,0.022252463241024145,0.021238060402486672,0.021297289651537293,0.0006739633083989965,0.40779046299826116,0.0428866230490321,1.0,0.0010144028385374732,-0.41581105431532606,-0.021589333397494803,-0.38737405553448323,0.3229574917920559,0.8508846160632848,False
GUT_GENOME025761_18,GUT_GENOME025761_00748,17098,0.022390128531358907,0.02120804552411558,0.021279375805150613,0.0006889350410458149,0.3915391173855109,0.042828556429112416,1.0,0.001182083007243328,-0.40989681720982074,-0.021549180623961803,-0.38684209274235015,0.3176622054760222,0.8531404398857416,False
GUT_GENOME025761_18,GUT_GENOME025761_00748,17525,0.02241592267807086,0.021169325384281026,0.02125136630118312,0.0007019482763897929,0.386132234986572,0.04272226834046563,1.0,0.0012465972937898348,-0.40762133770456166,-0.021470902039282508,-0.38580502130727234,0.3150006694179611,0.854276527674406,False
GUT_GENOME025761_18,GUT_GENOME025761_00748,17563,0.0221052337045916,0.02099651667592181,0.021077113161061034,0.0006855945086102102,0.39260047626415384,0.04272344923860584,1.0,0.0011087170286697874,-0.41248450421007954,-0.021646336077544806,-0.38812925379777496,0.32078778386705276,0.8518082024982732,False
GUT_GENOME025761_18,GUT_GENOME025761_00748,17577,0.021885741815356123,0.02095467964888697,0.021017765126998367,0.0006897717855248152,0.4120141358140455,0.042638400198815866,1.0,0.0009310621664691543,-0.41875055812754397,-0.0216206350718175,-0.3877887548094276,0.32573214828877595,0.8497049782609503,False
GUT_GENOME025761_18,GUT_GENOME025761_00748,17587,0.0212691092295876,0.021027512916287638,0.021039675995842794,0.0006971659671893961,0.4765001652865901,0.042611466012446135,1.0,0.00024159631329996253,-0.44306866660312155,-0.02157179001660334,-0.3871416325892835,0.3461884870093639,0.8410583468231871,False
GUT_GENOME025761_18,GUT_GENOME025761_00749,18227,0.021083449024998382,0.02099321902536138,0.020985750521009972,0.0006874744061438344,0.49133546660223437,0.04264926124886577,1.0,9.022999963700234e-05,-0.4484074987124775,-0.021663510727855797,-0.3883567916271564,0.3518902825045191,0.8386639901313985,False
GUT_GENOME025761_18,GUT_GENOME025761_00749,19539,0.021075588748833928,0.02096573887384058,0.02097703773984256,0.0006878843791424376,0.4892035564942604,0.04260958530288696,1.0,0.00010984987499334728,-0.44771548727347754,-0.021632547563044398,-0.38794657708511954,0.35095170421658806,0.8390576584023001,False
GUT_GENOME025761_18,GUT_GENOME025761_00749,19976,0.021116996747378446,0.020950574383986367,0.020949897555104176,0.0007069300926088668,0.4834842795515028,0.04260261593151934,1.0,0.00016642236339207972,-0.4457201224511444,-0.02165271837641516,-0.3882138094891648,0.3493763894359527,0.839718808713626,False
GUT_GENOME025761_18,GUT_GENOME025761_00749,19982,0.021354737678400144,0.020966207550554058,0.02099585933439015,0.0006876959655496976,0.4615785258946938,0.04258578507251739,1.0,0.0003885301278460859,-0.43788617290247095,-0.02158992573812724,-0.3873819031412361,0.3418090393004987,0.8429020502121449,False
GUT_GENOME025761_18,GUT_GENOME025761_00751,22547,0.02123747473387232,0.0209452920693758,0.02098262991367312,0.0006676122182194879,0.47154706305033345,0.04252628152014974,1.0,0.0002921826644965188,-0.4412844384645894,-0.021543651606476623,-0.38676884172329534,0.3443220925589875,0.8418435864734094,False
GUT_GENOME025761_18,GUT_GENOME025761_00751,22834,0.020685048115254488,0.020811194285921375,0.02084618546900592,0.000673307110583892,0.5126148677013755,0.042543019138459766,1.0,-0.00012614617066688746,-0.45603928954996914,-0.021696833669453845,-0.38879826959978053,0.3591359280570242,0.8356311561534558,False
GUT_GENOME025761_18,GUT_GENOME025761_00751,22907,0.02121366504171868,0.020764835039517825,0.02080147898630313,0.0006436062503001009,0.45669898881007953,0.042548293382882886,1.0,0.00044883000220085484,-0.4357593396751506,-0.021746814396579755,-0.38946043773451444,0.34156563467448287,0.8430046395838502,False
GUT_GENOME025761_18,GUT_GENOME025761_00751,23175,0.02148636837906436,0.020798287970408766,0.020825186887229827,0.0006017684685295932,0.4340986575336063,0.04254674934193309,1.0,0.0006880804086555926,-0.42732075303558203,-0.02172156245470326,-0.3891258881548606,0.33402198280720596,0.8461903104668462,False
GUT_GENOME025761_18,GUT_GENOME025761_00757,26891,0.021772581154251392,0.02075429808290003,0.020799446105520644,0.0006000754710084232,0.40401202385105206,0.04246819044477871,1.0,0.0010182830713513606,-0.4156741948580449,-0.021668744339258066,-0.38842612896775636,0.32365989393576,0.8505858369429457,False
GUT_GENOME025761_18,GUT_GENOME025761_00757,27607,0.021976417039350098,0.020730013447389044,0.020780741008633807,0.000596185648057864,0.38356107925419025,0.04244440229814941,1.0,0.0012464035919610532,-0.4076281697500685,-0.0216636612895156,-0.3883587863387016,0.3169832717002599,0.853430101978358,False
GUT_GENOME025761_18,GUT_GENOME025761_00759,28705,0.02280264004576244,0.020776496816095072,0.02084897727111067,0.0005883269801213053,0.3194994878432663,0.04242929447840745,1.0,0.0020261432296673695,-0.38012602007102325,-0.021580317207296782,-0.3872546048143929,0.2944619200849876,0.8630946140259854,False
GUT_GENOME025761_18,GUT_GENOME025761_00759,29296,0.02303312250788541,0.020779111157992337,0.020843837396463387,0.0005882436601072916,0.3035692990001617,0.04241594169733283,1.0,0.002254011349893073,-0.37208889736174994,-0.021572104300869442,-0.38714579637477103,0.2883320151905385,0.8657440160470096,False
GUT_GENOME025761_19,GUT_GENOME025761_00783,17842,0.037778419701587074,0.029093752365267143,0.029389950784142017,0.001118825881481536,0.11577531985521627,0.04299356007536685,1.0,0.00868466733631993,-0.14527361836246466,-0.013603609291224835,-0.28157543394525897,0.10038914919358394,0.9510443574242449,False
GUT_GENOME025761_19,GUT_GENOME025761_00783,18337,0.03945754060133082,0.02965006181675063,0.03003709949780481,0.0012625788664582195,0.09392559259468197,0.04307090325178021,1.0,0.009807478784580187,-0.10567100356884584,-0.0130338037539754,-0.2740263827117502,0.08625681941733362,0.9577883928416915,False
GUT_GENOME025761_19,GUT_GENOME025761_00783,18685,0.04161458640046701,0.029546293090543553,0.030073419523409552,0.00127916810664995,0.06300376514252537,0.043094257867912954,1.0,0.012068293309923456,-0.025929950958706708,-0.013020838344503401,-0.2738546108808902,0.07566871025744472,0.9628724225606664,False
GUT_GENOME025761_19,GUT_GENOME025761_00783,18779,0.0432205547220418,0.029792116047206215,0.030375557497821812,0.001293107536863857,0.04690650225033397,0.04320970096776334,1.0,0.013428438674835588,0.022043654078366098,-0.012834143469941526,-0.2713811895450703,0.07413367272402403,0.9636117288943794,False
GUT_GENOME025761_19,GUT_GENOME025761_00784,19010,0.04389107114744043,0.030811693388161036,0.0313153868441223,0.0012493994270824616,0.0497207277144649,0.04340117028042536,1.0,0.013079377759279396,0.009731947602894217,-0.012085783436303059,-0.26146656452700195,0.06845947516969836,0.9663494723400057,False
GUT_GENOME025761_19,GUT_GENOME025761_00784,19915,0.04469998994395819,0.03117866514499844,0.03173161802641979,0.0012931293815431934,0.047183271490333044,0.04374483970495842,1.0,0.01352132479895975,0.025319834953669063,-0.012013221678538626,-0.26050523229846423,0.06850407009695786,0.966327925438014,False
GUT_GENOME025761_19,GUT_GENOME025761_00785,20099,0.043973386723741376,0.03084534908994712,0.03127741891545318,0.0011303442840275792,0.05018984354683843,0.04402492889413811,1.0,0.013128037633794255,0.011448227098711336,-0.012747509978684929,-0.2702334283857267,0.07315716772080737,0.9640823296082303,False
GUT_GENOME025761_19,GUT_GENOME025761_00785,20102,0.044752689602327984,0.03164997264078932,0.03206679218067585,0.0011367105070211477,0.05057861041114768,0.04409566604576172,1.0,0.013102716961538662,0.010555143196505416,-0.012028873865085866,-0.26071259981323414,0.0680824707492743,0.9665316485211459,False
GUT_GENOME025761_19,GUT_GENOME025761_00785,20179,0.045361319445644956,0.032553376469310634,0.033004273997667824,0.0012347108375268209,0.05555343146376968,0.04433572466532464,1.0,0.012807942976334322,0.00015818776350248414,-0.011331450667656819,-0.2514728099118513,0.0632385991483306,0.9688753631405184,False
GUT_GENOME025761_19,GUT_GENOME025761_00785,20258,0.043911610720872844,0.032681825749216756,0.03305915066514083,0.0012130010324435856,0.07825313582569543,0.044295503015254006,1.0,0.011229784971656089,-0.05550492792664984,-0.01123635235011318,-0.25021290276032926,0.06568729373189257,0.9676898491021281,False
GUT_GENOME025761_19,GUT_GENOME025761_00785,21062,0.045063411092628035,0.033030829699555064,0.033443580980686526,0.0012438768556169689,0.0669138162179038,0.04427030117377012,1.0,0.01203258139307297,-0.02718954382157151,-0.010826720193083596,-0.2447859036559746,0.060659409921897244,0.9701256255822865,False
GUT_GENOME025761_19,GUT_GENOME025761_00785,21081,0.043773731352968456,0.03350660844919073,0.03384318232725558,0.001231287113084893,0.09663293444592896,0.04422110945386157,1.0,0.010267122903777723,-0.08945892359501133,-0.010377927126605985,-0.2388400824404818,0.06504748399095422,0.9679994673195068,False
GUT_GENOME025761_19,GUT_GENOME025761_00786,22144,0.04228569636566205,0.03365033566342154,0.03393935524519529,0.0012312765442176318,0.13118860825594192,0.04417833376142416,1.0,0.008635360702240504,-0.1470127096758308,-0.010238978516228868,-0.23699922602545803,0.07778136994289626,0.9618558486991587,False
GUT_GENOME025761_19,GUT_GENOME025761_00787,23350,0.040791844154918294,0.03426476011047718,0.03446935702876653,0.001214953650857463,0.19064100881709029,0.04414371924863675,0.9999999999999991,0.006527084044441113,-0.22137360837042128,-0.009674362219870218,-0.22951892429118487,0.10168521109072332,0.950428250896781,False
GUT_GENOME025761_19,GUT_GENOME025761_00787,23606,0.04030065965203584,0.03378716097793526,0.033987733751241735,0.0011900405894620949,0.18751129498632313,0.04414095844962419,1.0,0.00651349867410058,-0.22185277714738594,-0.010153224698382458,-0.2358631191923857,0.10485006572316924,0.9489254566154053,False
GUT_GENOME025761_19,GUT_GENOME025761_00787,23635,0.040168485665478815,0.03380083649800964,0.034001795696058004,0.0011679418052030397,0.1927666111699774,0.04413878143710289,1.0,0.0063676491674691735,-0.22699702628904958,-0.010136985741044886,-0.2356479778627457,0.10705761941487255,0.9478786325043426,False
GUT_GENOME025761_19,GUT_GENOME025761_00787,23657,0.039692697364077524,0.034565692396901236,0.03472874313907891,0.0011761394956382356,0.2423986088423885,0.04411792046926956,0.9999999999999993,0.005127004967176288,-0.27075571296459544,-0.009389177330190651,-0.22574066100226364,0.12426750213270532,0.9397571848593052,False
GUT_GENOME025761_19,GUT_GENOME025761_00787,23685,0.038147081115605434,0.033551493860857234,0.033711616609967875,0.0010750189773528756,0.2594933590651931,0.044125608716479296,1.0,0.0045955872547482,-0.28949931501140813,-0.010413992106511422,-0.2393178882237598,0.1410829050159545,0.9318891095844029,False
GUT_GENOME025761_21,GUT_GENOME025761_00830,13168,0.02767304798547631,0.022023609125715157,0.02234353717731625,0.0008409158596797405,0.11352059851562135,0.04269631475016903,1.0,0.005649438859761154,-0.25232897868500903,-0.02035277757285278,-0.3709915835101198,0.20130466851956594,0.9042473540690363,False
GUT_GENOME025761_21,GUT_GENOME025761_00830,13169,0.032425154743428386,0.022960391899034437,0.02333084154261673,0.0008776710476264988,0.04350609243020247,0.04281130270057917,1.0,0.009464762844393949,-0.11775891680116848,-0.019480461157962436,-0.35943472616607614,0.14306048486026665,0.9309681224307247,False
GUT_GENOME025761_21,GUT_GENOME025761_00831,13689,0.03323665186811779,0.02300762391793703,0.023530711364492914,0.0008769425038683079,0.02033842369652036,0.04335148914737005,1.0,0.010229027950180762,-0.09080256840306777,-0.019820777782877132,-0.3639434005631296,0.14069990524204842,0.9320675833318469,False
GUT_GENOME025761_21,GUT_GENOME025761_00831,13934,0.03521498690522653,0.024392650655098547,0.025097640111969112,0.001011098486091504,0.016057510905229232,0.04489482750843306,1.0,0.010822336250127983,-0.06987602718096549,-0.019797187396463946,-0.36363086405021494,0.1371100644645009,0.933742072778945,False
GUT_GENOME025761_21,GUT_GENOME025761_00831,14265,0.04007339813078674,0.0245201773811751,0.025339036607566544,0.0009739627761955203,0.004696051453967023,0.045229494556205715,1.0,0.01555322074961164,0.09698671433850492,-0.01989045794863917,-0.3648665561081533,0.14253402652440292,0.9312132126509954,False
GUT_GENOME025761_21,GUT_GENOME025761_00832,14591,0.04036494786936808,0.02720523146900009,0.02821598295176178,0.0012772400047733373,0.007531482728240006,0.04565052646490956,1.0,0.013159716400367994,0.012565566961696015,-0.017434543513147778,-0.33232944882040455,0.11060075602634276,0.9462008873202048,False
GUT_GENOME025761_21,GUT_GENOME025761_00832,14723,0.04296605792985279,0.027836280370597752,0.0291698389963809,0.0012694367373368744,0.0022120275464806278,0.047549667803440554,1.0,0.015129777559255035,0.08205147513992256,-0.018379828807059653,-0.34485303212650936,0.12565605833948462,0.939104958462806,False
GUT_GENOME025761_21,GUT_GENOME025761_00832,15500,0.04690186609270686,0.027927638315916787,0.029512584203102377,0.0013214396923856885,0.0005988836917736303,0.047807206278349584,1.0,0.018974227776790076,0.21764884662574854,-0.018294622075247208,-0.3437241733460261,0.16551732777992761,0.9205732879900786,False
GUT_GENOME025761_21,GUT_GENOME025761_00832,15835,0.04720747687381057,0.03290511265354228,0.03478042998779615,0.0017818959020854386,0.004864272382115874,0.049775832917696786,1.0,0.014302364220268288,0.05286782922166428,-0.014995402929900634,-0.30001456940110793,0.09280374921954328,0.9546582321856811,False
GUT_GENOME025761_21,GUT_GENOME025761_00834,16617,0.05235144305541431,0.03533182918975315,0.03712503057166822,0.001897568041698485,0.0025519589759099557,0.050061336562107844,0.9999999999953619,0.017019613865661157,0.14870777739045793,-0.012936305990439621,-0.27273468657338523,0.09649821231669267,0.9528963851517842,False
GUT_GENOME025761_21,GUT_GENOME025761_00834,16640,0.05461392657290314,0.03776607849077823,0.040086555051835386,0.0020121137496717668,0.0017526016106043046,0.05220780750639762,0.9999999991499378,0.01684784808212491,0.14264943681096875,-0.012121252454562234,-0.26193647473063614,0.08895957861679976,0.9564949313223454,False
GUT_GENOME025761_21,GUT_GENOME025761_00834,16673,0.06268012298747824,0.03988498991877216,0.04237090055232078,0.002088845125333375,0.0006787595148238403,0.05294250891016154,0.9999997914491091,0.022795133068706085,0.35241576646176304,-0.01057160835784076,-0.24140606230901426,0.18247375937037558,0.9128014611649328,False
GUT_GENOME025761_21,GUT_GENOME025761_00834,16694,0.06281769125217677,0.041143523663154116,0.043539307909652124,0.002343797536911332,0.0008550847992295754,0.053362337678336806,0.9999861181681297,0.021674167589022658,0.3128782607143537,-0.009823029768684682,-0.23148854176485512,0.15147975099605815,0.9270573255226476,False
GUT_GENOME025761_21,GUT_GENOME025761_00834,16703,0.06324263050849253,0.03919170364083981,0.042238194997770845,0.0021305212966187823,0.0003324287033836292,0.05348776492491888,0.9999999354770995,0.02405092686765272,0.3967087937166573,-0.011249569927148033,-0.2503880154254336,0.22007202528081254,0.8958018745248514,False
GUT_GENOME025761_21,GUT_GENOME025761_00834,16704,0.06633574563747194,0.04065778746336051,0.04366052907447413,0.0022220533475710937,0.000312600766804141,0.054819782537491486,0.9999997443799292,0.025677958174111427,0.45409571668282495,-0.011159253463017355,-0.2491914605126066,0.2682993039020944,0.8744591902868424,False
GUT_GENOME025761_21,GUT_GENOME025761_00834,16728,0.06511134057054724,0.04142821199881757,0.04433916629923449,0.0022670440492315153,0.0006890532289092977,0.05526208369091607,0.999999275457386,0.02368312857172967,0.3837362022296725,-0.01092291739168158,-0.2460603692995373,0.20779917824147676,0.9013157947891157,False
GUT_GENOME025761_21,GUT_GENOME025761_00834,16731,0.06717364222960766,0.04137039261628516,0.044471223646394595,0.0022544613307165077,0.0003331052545926022,0.055654235520681765,0.9999996482446076,0.025803249613322497,0.4585148634698499,-0.01118301187428717,-0.24950622309769552,0.27248923538725206,0.8726291458494306,False
GUT_GENOME025761_21,GUT_GENOME025761_00834,16738,0.07048913324647822,0.04519164968853833,0.048530413807355045,0.002493196400782194,0.0002478682873349238,0.05765168536942576,0.9998731347672096,0.02529748355793989,0.44067601946978163,-0.009121271562070717,-0.22219131962686636,0.24356433665325966,0.8853412028548712,False
GUT_GENOME025761_21,GUT_GENOME025761_00834,16767,0.07098220680695881,0.04533140564068571,0.04858529057851033,0.002466576337636064,0.0004023859606882582,0.05785875880266425,0.999914925002713,0.0256508011662731,0.4531378634991627,-0.009273468224153918,-0.22420769244974426,0.2556030126902249,0.8800280417917755,False
GUT_GENOME025761_21,GUT_GENOME025761_00834,16784,0.07193996158179494,0.04804351862736476,0.05130508432208568,0.0026202376318993584,0.0006744480402257796,0.059000910373475636,0.9983433630719686,0.023896442954430185,0.39126000094148344,-0.007695826051389958,-0.2033063483739572,0.19441785962588248,0.9073664104334642,False
GUT_GENOME025761_21,GUT_GENOME025761_00834,16797,0.07175314514721291,0.04723293402099227,0.050445596296099134,0.0025091885259323756,0.0005847149400959292,0.058991775064107015,0.9996703326350681,0.024520211126220645,0.4132608904641307,-0.008546178768007881,-0.214572220333169,0.21682580132591228,0.8972570419071497,False
GUT_GENOME025761_21,GUT_GENOME025761_00834,16841,0.07048607535342917,0.04679767761667726,0.049982437325101,0.002492765292224195,0.0009203885532472308,0.05891550188926139,0.9998305521535104,0.02368839773675191,0.3839220506310075,-0.00893306456416039,-0.21969786497111077,0.1956632928335823,0.9068015541948441,False
GUT_GENOME025761_21,GUT_GENOME025761_00834,16865,0.0711369510742349,0.046258839823214534,0.049420540431153716,0.0024206402012280828,0.0006393552526021166,0.05908064777145501,0.9999670640717698,0.024878111251020366,0.42588436415509906,-0.009660107340301295,-0.22933006895518243,0.23396977215878176,0.8895986383850006,False
GUT_GENOME025761_21,GUT_GENOME025761_00834,16943,0.07248011417113621,0.04987921344573789,0.05294049371953254,0.002620019012792206,0.0015298782502275248,0.05960989545984238,0.9945447867400309,0.022600900725398325,0.345565009209156,-0.00666940174030984,-0.18970779728042728,0.15540422393871578,0.9252400034184648,False
GUT_GENOME025761_21,GUT_GENOME025761_00834,16967,0.07113602887863917,0.04798506095852226,0.05108162242244059,0.0025538624328279836,0.0009489588517925692,0.05913343258578714,0.9991914292651413,0.023150967920116908,0.3649663960197376,-0.008051810163346551,-0.20802259299391607,0.1764738694195484,0.9155439268882647,False
GUT_GENOME025761_21,GUT_GENOME025761_00834,16970,0.06392544722901433,0.044028015066795316,0.04667991173437557,0.0022889180624397574,0.002181027905213618,0.055947280166628824,0.9999742593980374,0.019897432162219016,0.25021113275898305,-0.009267368432253252,-0.22412687954330227,0.11283846909035136,0.9451428163020513,False
GUT_GENOME025761_21,GUT_GENOME025761_00834,16971,0.062021406201414574,0.042769239617373264,0.04534792346568189,0.0022236615338141696,0.0021017953070129195,0.05496632112522596,0.9999923899055477,0.01925216658404131,0.2274520095137147,-0.009618397659544073,-0.2287774795253052,0.1040735517697784,0.9492939550757201,False
GUT_GENOME025761_21,GUT_GENOME025761_00834,16976,0.05702993287670133,0.040319237379143,0.04268777602136748,0.002074942477388569,0.0037919170066736244,0.052943217048543295,0.9999996144005485,0.016710695497558326,0.13781193628231306,-0.010255441027175814,-0.23721732909825474,0.07526419100639001,0.9630671924726649,False
GUT_GENOME025761_21,GUT_GENOME025761_00834,16988,0.0519020257191703,0.035004905512867904,0.03666130636050434,0.0016227929600052195,0.003299645762659329,0.04641201515932749,0.9999999990643214,0.016897120206302393,0.14438731092766727,-0.00975070879882315,-0.23053039960748478,0.07399196070010948,0.9636800089975635,False
GUT_GENOME025761_21,GUT_GENOME025761_00834,16999,0.04697151775626333,0.03513673935313687,0.036618525330566226,0.0015381831032419168,0.019485217686964477,0.04568446462420361,0.9999999981143837,0.01183477840312646,-0.03416624113616994,-0.009065939293637387,-0.22145825176079084,0.05021108930632073,0.9752069787140698,False
GUT_GENOME025761_21,GUT_GENOME025761_00834,17001,0.046763750472896146,0.03559497925334938,0.03704260789871453,0.001611619637307661,0.02177181526448551,0.04533420761945953,0.9999998661585249,0.011168771219546764,-0.05765694029314547,-0.008291599720744995,-0.2111994376114664,0.04792952521136702,0.976320112128551,False
GUT_GENOME025761_21,GUT_GENOME025761_00834,17028,0.044548763784671624,0.03602559838623178,0.03717605358944476,0.0016064705380498764,0.05981080725955523,0.0444591377506211,0.9999971005690926,0.008523165398439843,-0.1509699434615703,-0.007283084161176345,-0.19783815006462094,0.061931857449781205,0.9695086049077032,False
GUT_GENOME025761_24,GUT_GENOME025761_00898,13300,0.02267527414118354,0.021576835023714228,0.02208789687434031,0.0014580788901443812,0.3958232232626543,0.04352360877604974,1.0,0.0010984391174693117,-0.4128470157954273,-0.021435711901709426,-0.3853388058458787,0.3189286537419176,0.8526003817773717,False
GUT_GENOME025761_24,GUT_GENOME025761_00898,13337,0.02348947435290499,0.02151134979561118,0.02210223873806438,0.0014560430090750109,0.322043932589293,0.04383786692504359,1.0,0.0019781245572938096,-0.38181968376483183,-0.021735628186979213,-0.3893122375787369,0.2973502892388391,0.8618490457277312,False
GUT_GENOME025761_24,GUT_GENOME025761_00898,13347,0.022876966322676197,0.021990128261309434,0.022250454224030016,0.0014431311535195491,0.4148101330710082,0.04422355361623442,1.0,0.0008868380613667633,-0.42031038386825603,-0.021973099392204407,-0.3924583675784236,0.3306843890698018,0.8476036091334849,False
GUT_GENOME025761_24,GUT_GENOME025761_00898,13349,0.022185088896397854,0.02159760978603451,0.02173858396958042,0.0015139325519152001,0.44281909845877043,0.04430411789628195,1.0,0.0005874791103633453,-0.4308690553531073,-0.022565533926701527,-0.4003072183898907,0.3458940119559307,0.8411821912910507,False
GUT_GENOME025761_24,GUT_GENOME025761_00898,13354,0.022098996365997877,0.021624933680292002,0.02200217078531875,0.0015215761670970495,0.45187988124737577,0.045081575709406886,1.0,0.0004740626857058748,-0.4348693592188532,-0.023079404924088137,-0.4071152225827099,0.3548541640459854,0.8374220602320417,False
GUT_GENOME025761_24,GUT_GENOME025761_00898,13364,0.022627107192615258,0.0218601551278727,0.022289892767046494,0.0015304015228388454,0.42279988973866706,0.04558857235436075,1.0,0.0007669520647425564,-0.4245388756161929,-0.023298679587314255,-0.41002027625223875,0.3483498838474235,0.8401499073604237,False
GUT_GENOME025761_24,GUT_GENOME025761_00900,16764,0.02241710779159618,0.0217870457473539,0.022124091512690677,0.0015870294939372108,0.4366879864729906,0.0461253514202269,1.0,0.0006300620442422807,-0.42936711526352006,-0.02400125990753622,-0.41932839013721984,0.3601924184447894,0.8351898545793388,False
GUT_GENOME025761_24,GUT_GENOME025761_00900,16784,0.022172221086828498,0.021665970372983196,0.022119517917675174,0.0015323541448095984,0.44967891401644283,0.04623970730591106,1.0,0.0005062507138453021,-0.4337340572219356,-0.024120189388235885,-0.4209040237249702,0.36528542958207155,0.8330657446405233,False
GUT_GENOME025761_24,GUT_GENOME025761_00900,16786,0.02220731105943728,0.021300536398636976,0.02197402257116094,0.0015078592618804107,0.40623440787446763,0.04655165721610058,1.0,0.0009067746608003024,-0.4196072012734539,-0.024577634644939637,-0.4269644732180584,0.358368864750915,0.8359517086191984,False
GUT_GENOME025761_24,GUT_GENOME025761_00900,16795,0.022760465353776658,0.021463124951690168,0.022038537651744704,0.0015313123914755778,0.37052769128651236,0.04695250589171151,1.0,0.00129734040208649,-0.40583158059581736,-0.024913968239966805,-0.43142037856546256,0.3508228148504664,0.8391117329495554,False
GUT_GENOME025761_24,GUT_GENOME025761_00900,16831,0.021287469377851937,0.02140510629129852,0.022012586078043832,0.001448574568193031,0.5123784917919671,0.04762368428648193,1.0,-0.00011763691344658309,-0.45573916005236054,-0.025611098208438095,-0.4406562836319665,0.40187614230956725,0.8179630854946875,False
GUT_GENOME025761_24,GUT_GENOME025761_00900,16848,0.022549593266555663,0.021210474950471146,0.021761662033347284,0.0014927751938715922,0.37412874028796983,0.0484920207705946,1.0,0.0013391183160845165,-0.40435803431384065,-0.026730358737247314,-0.4554847725168089,0.37097179790884227,0.8307005492446422,False
GUT_GENOME025761_24,GUT_GENOME025761_00900,16870,0.022819156067742662,0.02119410393309364,0.02190170696051218,0.0014554170243033543,0.33551395056517086,0.04999620705667766,1.0,0.001625052134649023,-0.3942728798646014,-0.028094500096165483,-0.47355755758999685,0.3797078641473296,0.8270799349715844,False
GUT_GENOME025761_24,GUT_GENOME025761_00900,16873,0.023045094715132504,0.022161390324992612,0.02269811113724241,0.0016409777697412294,0.41015862583218643,0.053911740335990034,1.0,0.0008837043901398917,-0.42042091139688065,-0.031213629198747626,-0.5148812441111636,0.44185643827724347,0.8017742302695566,False
GUT_GENOME025761_24,GUT_GENOME025761_00900,16986,0.022150957957339016,0.021569297669517165,0.02217185234521643,0.0017934918881112197,0.43715816256256457,0.05480211668846607,1.0,0.0005816602878218509,-0.4310742906916143,-0.032630264343249636,-0.533649491497207,0.47060682387050595,0.790331017383118,False
GUT_GENOME025761_24,GUT_GENOME025761_00900,16996,0.02350340530208422,0.02145133797910308,0.02224399705600834,0.0017825702263157353,0.29574573250605046,0.05476212412179965,1.0,0.0020520673229811395,-0.37921165294111037,-0.03251812706579131,-0.532163844206369,0.4269998348068297,0.8077522268681357,False
GUT_GENOME025761_24,GUT_GENOME025761_00900,17020,0.02430235271164736,0.022137856861057893,0.023086865639908527,0.002120095477204134,0.2897300761472251,0.055050273272642204,1.0,0.002164495850589466,-0.37524619313253327,-0.03196340763273368,-0.5248146607628571,0.4162401336120912,0.8121095234613627,False
GUT_GENOME025761_24,GUT_GENOME025761_00900,17088,0.024948001187249127,0.02216026078415099,0.02314139184732172,0.0021572072541038876,0.24321658826509485,0.055000512626523244,1.0,0.0027877404030981386,-0.3532637721539566,-0.03185912077920153,-0.5234330195733103,0.3987774186960761,0.81923138853511,False
GUT_GENOME025761_24,GUT_GENOME025761_00900,17192,0.02445886163841013,0.022228657217939915,0.023025065201387133,0.0021616294083764477,0.28615805054986887,0.05494171905459297,1.0,0.0022302044204702137,-0.37292859013190577,-0.031916653853205836,-0.5241952447446843,0.4138563879507104,0.8130780317926524,False
GUT_GENOME025761_24,GUT_GENOME025761_00900,17193,0.026045834931246976,0.021366633497548845,0.023065855899742242,0.0022327534359544714,0.1242514812633444,0.05462989629441572,1.0,0.00467920143369813,-0.2865501643544839,-0.031564040394673476,-0.5195236561235295,0.35201582596354103,0.8386113473945146,False
GUT_GENOME025761_24,GUT_GENOME025761_00900,17256,0.02540724362594717,0.021979455144810586,0.022862207413801277,0.002149218987107693,0.2007433237686247,0.054617830706005746,1.0,0.003427788481136583,-0.33068867504105537,-0.031755623292204466,-0.522061836282162,0.3819035607027116,0.8261724249347783,False
GUT_GENOME025761_24,GUT_GENOME025761_00900,17257,0.0247293088781974,0.02179380628265435,0.02248461619815863,0.0021170502378818,0.23856690240198986,0.054164417740526584,1.0,0.0029355025955430485,-0.3480520607864573,-0.03167980154236795,-0.5210573141483598,0.39264096164520224,0.8217488377301183,False
GUT_GENOME025761_24,GUT_GENOME025761_00900,17314,0.023568687340387123,0.021235474164704678,0.02191522374287664,0.0020618234500030122,0.2772755906782447,0.05406201027205651,1.0,0.002333213175682445,-0.36929537454672356,-0.03214678652917987,-0.5272441504640261,0.4143654678601374,0.8128710972849287,False
GUT_GENOME025761_24,GUT_GENOME025761_00900,18088,0.022414263352249983,0.021726303968562788,0.02191957998850602,0.002044959750890539,0.42745978487582187,0.0540293873978648,1.0,0.000687959383687195,-0.4273250216999346,-0.03210980740935878,-0.5267542337260334,0.4600766969191501,0.7945031339478122,False
GUT_GENOME025761_24,GUT_GENOME025761_00900,18128,0.021620918392557455,0.022102291493653038,0.022152100524867425,0.0021255363597945994,0.5512061051018499,0.054220895891367867,1.0,-0.0004813731010955835,-0.4685684771636908,-0.03206879536650044,-0.5262108869305231,0.496454315315708,0.780182698673033,False
GUT_GENOME025761_24,GUT_GENOME025761_00900,18144,0.021260850870701932,0.022273575883781076,0.02218028905221034,0.0021481951918317214,0.608005407806341,0.054829989719702446,1.0,-0.0010127250130791444,-0.4873097583669978,-0.03264970066749211,-0.5339069930444993,0.5225274778215208,0.7700777933516875,False
GUT_GENOME025761_24,GUT_GENOME025761_00900,18145,0.021932935427964064,0.02319632067894948,0.022875915231826596,0.002300579906196631,0.6288763192374347,0.05674349941092812,1.0,-0.0012633852509854153,-0.49615078048274125,-0.033867584179101524,-0.5500420855007181,0.5487118927956126,0.760061485958057,False
GUT_GENOME025761_24,GUT_GENOME025761_00900,18288,0.022295181020959565,0.02296099990990689,0.022900476863489762,0.0023277004568310828,0.5676812637370219,0.05692818444101039,1.0,-0.000665818888947324,-0.47507405340974357,-0.034027707577520626,-0.5521634754475134,0.5305798598414406,0.7669835462579071,False
GUT_GENOME025761_24,GUT_GENOME025761_00900,18291,0.02270436582619051,0.0230687463798545,0.02320361583963564,0.0023478399299800235,0.5361328692121986,0.05714220548858427,1.0,-0.0003643805536639906,-0.46444204008751344,-0.033938589648948636,-0.5509827992963802,0.5192884537211266,0.7713259540504476,False
GUT_GENOME025761_24,GUT_GENOME025761_00900,18320,0.022668273872122204,0.025718434079210574,0.02469604535742034,0.0031565394865654705,0.7715314494416112,0.05724797239500852,1.0,-0.0030501602070883704,-0.5591720120698178,-0.03255192703758818,-0.5326116420989928,0.596348500381594,0.7421720048663356,False
GUT_GENOME025761_24,GUT_GENOME025761_00900,18340,0.022737130802421925,0.02477894895194841,0.024326849201655388,0.002969092943328324,0.6899089904468275,0.0570569976318814,1.0,-0.0020418181495264857,-0.523606840243593,-0.03273014843022601,-0.5349728027686922,0.5603600228520697,0.7556477039911685,False
GUT_GENOME025761_24,GUT_GENOME025761_00900,18741,0.02235997794994236,0.025083187187342305,0.024353784995893957,0.0028520890102942693,0.7470266390924822,0.05682948597003434,1.0,-0.002723209237399944,-0.547640144159998,-0.032475700974140376,-0.5316017634286769,0.5825101623760623,0.7473250251478843,False
GUT_GENOME025761_24,GUT_GENOME025761_00900,18917,0.022380952048247468,0.02480777511696045,0.02424535601139631,0.002847295871580362,0.7243288035510103,0.056447797863763784,1.0,-0.0024268230687129813,-0.5371863255007268,-0.032202441852367474,-0.5279814983111334,0.567333610863842,0.7530175042534417,False
GUT_GENOME025761_24,GUT_GENOME025761_00900,19095,0.022402254457696107,0.024796587880717473,0.02429720716100434,0.0028381203115051554,0.7217292361802228,0.05579742219203414,1.0,-0.0023943334230213664,-0.5360403851693383,-0.0315002150310298,-0.5186780677453097,0.5563662324925005,0.7571581608589795,False
GUT_GENOME025761_24,GUT_GENOME025761_00901,20090,0.021935377463834456,0.02437232412849359,0.02372192857941647,0.0027357109349868073,0.7259117092033263,0.05484685391656066,1.0,-0.0024369466646591356,-0.5375433942420573,-0.031124925337144192,-0.5137060537135996,0.5528468103152715,0.7584917134600062,False
GUT_GENOME025761_24,GUT_GENOME025761_00901,20271,0.021288724573121965,0.02460868751111638,0.023538250784784068,0.0026603774707945073,0.7983660916124973,0.05428682088933138,1.0,-0.003319962937994414,-0.568688207900288,-0.03074857010454731,-0.5087199229248613,0.582202237785518,0.7474400938819663,False
GUT_GENOME025761_24,GUT_GENOME025761_00901,20291,0.021256354474988817,0.02488832857235189,0.023792083890864787,0.002615768664633208,0.8215961261147928,0.05408433517442372,1.0,-0.003631974097363072,-0.5796931346624199,-0.030292251283558936,-0.5026743969808978,0.5887256797548517,0.7450061244654118,False
GUT_GENOME025761_24,GUT_GENOME025761_00901,20621,0.021732479319745313,0.024191421698729745,0.023823768510454126,0.002301028421502038,0.7259895428733848,0.053614312292325585,1.0,-0.002458942378984433,-0.5383192037538724,-0.02979054378187146,-0.49602754048884434,0.5358308860536153,0.7649724621241825,False
GUT_GENOME025761_24,GUT_GENOME025761_00901,20693,0.021928439669835258,0.02386952875654814,0.023640615926777513,0.00220818138320261,0.6784692791068293,0.05303986788786804,1.0,-0.0019410890867128834,-0.5200540315513498,-0.029399251961090528,-0.49084352276836524,0.511383559576471,0.7743806117692105,False
GUT_GENOME025761_24,GUT_GENOME025761_00901,20696,0.02157666364515359,0.02374252402043187,0.023396748591495656,0.002065395706868138,0.6991729450119603,0.051784197736153725,1.0,-0.0021658603752782793,-0.5279819260981262,-0.02838744914465807,-0.47743868409949597,0.5067126113609455,0.7761912711886361,False
GUT_GENOME025761_25,GUT_GENOME025761_00918,8383,0.02474340525025897,0.024535098336172526,0.024474440112998982,0.0017204932121007727,0.4809693397702748,0.04977839613852046,1.0,0.0002083069140864438,-0.44424281499269014,-0.02530395602552148,-0.4365871198151287,0.3879599918610991,0.8236743809432969,False
GUT_GENOME025761_25,GUT_GENOME025761_00918,8518,0.02357468435478892,0.024650617891020906,0.024455604666407317,0.0017472859420148879,0.5979688841442079,0.05006018898717965,1.0,-0.001075933536231987,-0.4895391823704439,-0.025604584320772332,-0.4405699845904453,0.4337505223979479,0.805030381566805,False
GUT_GENOME025761_25,GUT_GENOME025761_00918,8530,0.02307581359697536,0.024875163554292333,0.024566369532958574,0.0017325640730576123,0.6633123319827554,0.05009441405298473,1.0,-0.0017993499573169744,-0.5150547592769652,-0.025528044520026157,-0.43955594938112696,0.4584908376901964,0.7951333688444499,False
GUT_GENOME025761_25,GUT_GENOME025761_00918,8549,0.023047880113009553,0.025175810615061293,0.024826168793645645,0.001747724906109698,0.6902244820166377,0.051073635779844306,1.0,-0.0021279305020517406,-0.526644103829847,-0.02624746698619866,-0.4490871959216393,0.4790333216395036,0.7870081610316146,False
GUT_GENOME025761_25,GUT_GENOME025761_00918,8707,0.02324149158351184,0.024735336169732877,0.02449206785501225,0.0019089402948037862,0.6358334304433754,0.05271084032434513,1.0,-0.001493844586221038,-0.5042792977801658,-0.028218772469332878,-0.4752039763252007,0.48011642928493903,0.7865820691397581,False
GUT_GENOME025761_25,GUT_GENOME025761_00918,8708,0.023104262575615063,0.025011520641152345,0.024671041101725175,0.0019392476725887267,0.670528861498029,0.053789649374035554,1.0,-0.0019072580655372824,-0.518860779646261,-0.02911860827231038,-0.48712542344067344,0.5065076868173812,0.7762708055841874,False
GUT_GENOME025761_25,GUT_GENOME025761_00918,8727,0.023606156573720595,0.02556278846955742,0.025207038594880278,0.00209160348220558,0.6725101314666135,0.05442741505144511,1.0,-0.001956631895836825,-0.5206022410334493,-0.029220376456564834,-0.4884736961173247,0.5096332451675701,0.7750586131762216,False
GUT_GENOME025761_25,GUT_GENOME025761_00918,8824,0.02383506784853041,0.025937800445080195,0.025599619775318938,0.002012491896397227,0.6818680943727004,0.05501879271742841,1.0,-0.0021027325965497848,-0.5257553500263957,-0.029419172942109474,-0.4911074452761382,0.5176052108870329,0.7719753917449024,False
GUT_GENOME025761_25,GUT_GENOME025761_00920,9555,0.024143319807872488,0.0255356330068057,0.02528159839329421,0.0020612954617737146,0.6212076364099033,0.05451329041668394,1.0,-0.0013923131989332128,-0.5006981903498384,-0.029231692023389735,-0.4886236100583329,0.4894517101260408,0.7829191421431205,False
GUT_GENOME025761_25,GUT_GENOME025761_00920,9799,0.023645397974229647,0.025018989843593298,0.02478537942633887,0.002027412313773366,0.6222700858458907,0.053878219554558335,1.0,-0.001373591869363651,-0.5000378714650279,-0.029092840128219465,-0.48678403497176914,0.48699656960267235,0.7838808205424559,False
GUT_GENOME025761_25,GUT_GENOME025761_00920,9801,0.022747884590493365,0.024283459533930383,0.024046486313283825,0.001937556483529241,0.639825011661223,0.052145627449204354,1.0,-0.0015355749434370174,-0.5057511666897545,-0.02809914113592053,-0.4736190442632516,0.48009924169688367,0.7865888288930921,False
GUT_GENOME025761_25,GUT_GENOME025761_00920,9855,0.022458685110993505,0.023917535702366554,0.023727516653512023,0.0017244405234323702,0.6321852836488712,0.05039983031654319,1.0,-0.0014588505913730489,-0.5030450267009012,-0.026672313663031164,-0.45471576412628717,0.45982072503346366,0.7946048256879201,False
GUT_GENOME025761_25,GUT_GENOME025761_00920,9964,0.02184528134985303,0.02258753797442729,0.02254989063890082,0.0017375350128845325,0.5724047915271883,0.04832543390566235,1.0,-0.0007422566245742605,-0.47777008416755284,-0.02577554326676153,-0.44283492895783233,0.42436702763055895,0.8088162549894713,False
GUT_GENOME025761_25,GUT_GENOME025761_00920,9984,0.02233192419071179,0.022365870887133953,0.022438799844142574,0.0017315887091582337,0.503244948012084,0.04682455526618036,1.0,-3.394669642216297e-05,-0.45278732746110234,-0.024385755422037785,-0.42442236720181264,0.3851507096905578,0.8248321607618452,False
GUT_GENOME025761_25,GUT_GENOME025761_00920,10231,0.023346441325722077,0.022327009179173903,0.0224886049605719,0.0017781783291478798,0.4103157858280818,0.04574497826477778,1.0,0.0010194321465481736,-0.41563366589616196,-0.023256373304205883,-0.40945978275435857,0.3404086579195289,0.8434924490524589,False
GUT_GENOME025761_25,GUT_GENOME025761_00920,10353,0.02373113603918497,0.02221383594478017,0.022434680057359355,0.0016807168019088072,0.36804533092573244,0.045391195040210885,1.0,0.0015173000944048026,-0.39807339556973637,-0.02295651498285153,-0.4054871189546612,0.3228822318985714,0.8509166354085105,False
GUT_GENOME025761_25,GUT_GENOME025761_00921,11238,0.02339831378428695,0.02256522165294464,0.02263358848787625,0.001707561314094878,0.4261093584636062,0.04464930319381778,1.0,0.0008330921313423091,-0.42220605332084415,-0.022015714705941533,-0.39302295525913755,0.3327249948213895,0.8467392377688328,False
GUT_GENOME025761_25,GUT_GENOME025761_00921,11423,0.022602781272764074,0.022566017892969394,0.022533773566176318,0.0016739367347923795,0.4965886876183151,0.044407354575919995,1.0,3.67633797946805e-05,-0.45029331663249705,-0.021873581009743678,-0.3911399013320293,0.35575449341792387,0.8370451672315979,False
GUT_GENOME025761_25,GUT_GENOME025761_00921,11711,0.022230630225954406,0.02240365065508928,0.02239782875899492,0.0016516638467491136,0.5166421293150643,0.04407580347164202,1.0,-0.0001730204291348729,-0.45769258869001667,-0.0216779747126471,-0.38854841728730233,0.3604523783182364,0.8350813037097589,False
GUT_GENOME025761_25,GUT_GENOME025761_00921,11764,0.022604069208058856,0.02245520794337861,0.022492370254997403,0.001715237665612787,0.4854067749857882,0.04372517052724695,1.0,0.0001488612646802466,-0.44633951890342943,-0.021232800272249545,-0.3826505373287603,0.3456403998529338,0.8412888650466149,False
GUT_GENOME025761_25,GUT_GENOME025761_00921,11816,0.022577800670873914,0.02266092812845429,0.022594498871276764,0.0017609225451784196,0.5081357314297198,0.04331190671985905,1.0,-8.312745758037518e-05,-0.4545219791182648,-0.020717407848582288,-0.3758223765663928,0.3478326882295959,0.8403671963796474,False
GUT_GENOME025761_25,GUT_GENOME025761_00922,12564,0.022451891570173837,0.02287259164774853,0.02265851956756099,0.001790951652799005,0.5420175228541462,0.04315251652097704,1.0,-0.00042070007757469274,-0.46642848261466385,-0.02049399695341605,-0.3728625241545064,0.35658199131308765,0.8366989123108215,False
GUT_GENOME025761_25,GUT_GENOME025761_00923,12932,0.023333028610591656,0.022917988068797204,0.02299246493706497,0.0017306727506611692,0.4596333025074953,0.043143905533804566,1.0,0.0004150405417944515,-0.43695112569285866,-0.020151440596739595,-0.3683241767397064,0.32658898541523884,0.8493410268423318,False
GUT_GENOME025761_25,GUT_GENOME025761_00923,13215,0.0225074437332728,0.02249226345800259,0.022424350046312373,0.001791418026850951,0.49843761390580865,0.043039824977339665,1.0,1.5180275270209459e-05,-0.4510545730089416,-0.02061547493102729,-0.3744719214256474,0.34367944776849485,0.8421141331350607,False
GUT_GENOME025761_25,GUT_GENOME025761_00923,13283,0.02186602659280176,0.022183015854177836,0.022128122422968313,0.0017969299239611952,0.5335666502406903,0.04302567175453375,1.0,-0.0003169892613760772,-0.46277050467882297,-0.020897549331565436,-0.3782089754943086,0.357198569145147,0.8364410070668087,False
GUT_GENOME025761_25,GUT_GENOME025761_00923,13308,0.022669708280971985,0.02242056278962385,0.02247262790175907,0.0017993041922643859,0.4740084371824894,0.04305368141088431,1.0,0.000249145491348135,-0.44280240000002136,-0.02058105350912524,-0.3740158902703112,0.3359618516204723,0.8453699592779004,False
GUT_GENOME025761_25,GUT_GENOME025761_00923,13359,0.023648918094134875,0.022437158812566645,0.022689418301569373,0.001821234828968831,0.38232159818517925,0.04308196403771522,1.0,0.0012117592815682303,-0.4088501071300296,-0.020392545736145847,-0.37151845080525187,0.30518436938897103,0.8584797516149698,False
GUT_GENOME025761_25,GUT_GENOME025761_00923,13389,0.02444415837792717,0.02348802030961324,0.023702652597855207,0.001837791676342493,0.408028606538723,0.043301725803139006,1.0,0.0009561380683139296,-0.41786610750771824,-0.0195990732052838,-0.3610061542474224,0.3049375272081657,0.8585857126607821,False
GUT_GENOME025761_25,GUT_GENOME025761_00923,13460,0.025013020021437314,0.02725609321895036,0.02706389478956114,0.001759732243536895,0.7014002580688617,0.04334186693715178,1.0,-0.002243073197513046,-0.5307052948888787,-0.01627797214759064,-0.31700664845600945,0.3821413251884037,0.8260742135418353,False
GUT_GENOME025761_25,GUT_GENOME025761_00923,13694,0.02473952204073086,0.028728771329519544,0.028462299271150012,0.00171129490191245,0.8259359072840018,0.04341520337800962,1.0,-0.003989249288788684,-0.5922945663660851,-0.014952904106859611,-0.2994515250438186,0.44048406919785754,0.8023245841512598,False
GUT_GENOME025761_25,GUT_GENOME025761_00924,16045,0.02555894794803215,0.029331993839229156,0.02908611174394116,0.0017257023911874652,0.7977743123125585,0.0434048423595857,1.0,-0.0037730458911970043,-0.5846688693844934,-0.01431873061564454,-0.29104969694080396,0.4265476129166756,0.8079348891377318,False
GUT_GENOME025761_25,GUT_GENOME025761_00924,16544,0.02563484682337897,0.030591738297471256,0.030273366851703152,0.001806345856594921,0.8659760705469841,0.04353479056174478,0.9999999999998944,-0.004956891474092288,-0.626424215455441,-0.013261423710041628,-0.2770419987382417,0.46915956677384474,0.7909031304436341,False
GUT_GENOME025761_25,GUT_GENOME025761_00924,17282,0.026290100912944262,0.031084501108198076,0.03082653228692028,0.0018053675213702304,0.8445841495855319,0.04354722647902534,0.9999999999990796,-0.004794400195253814,-0.6206929953711309,-0.012720694192105062,-0.26987816025734834,0.4580940158866777,0.7952911476251788,False
GUT_GENOME025761_25,GUT_GENOME025761_00925,18940,0.026748127718523612,0.029721012892925478,0.029614812382459586,0.0016352378005812435,0.7246284030314983,0.04304186529761821,0.9999999999999999,-0.002972885174401866,-0.5564464490579786,-0.013427052915158628,-0.2792363321966865,0.3876055798878918,0.8238203539078718,False
GUT_GENOME025761_25,GUT_GENOME025761_00925,21046,0.026422606467053425,0.029538535045429342,0.02944604801026353,0.0016301337674756904,0.7342623996647373,0.042760642119296595,0.9999999999999999,-0.003115928578375917,-0.5614917243222536,-0.013314594109033066,-0.2777464251431342,0.3924160331621683,0.8218412602868902,False
GUT_GENOME025761_25,GUT_GENOME025761_00925,21250,0.026407257519792452,0.029270669306951335,0.02918837734401113,0.0016026564217789514,0.7185330194482811,0.04253096710249809,1.0,-0.002863411787158883,-0.5525852198267891,-0.01334258975848696,-0.2781173246487146,0.3826996714407793,0.8258436280093173,False
GUT_GENOME025761_25,GUT_GENOME025761_00925,21251,0.026988210740557825,0.029296548173558656,0.02925764367861561,0.0015919485373636635,0.6764742684374377,0.04245293710702945,0.9999999999999999,-0.0023083374330008302,-0.533007225797962,-0.01319529342841384,-0.27616587372460216,0.3603642925629126,0.8351180839034028,False
GUT_GENOME025761_25,GUT_GENOME025761_00925,21261,0.026609599050827614,0.0290823023822178,0.029043032955001276,0.0015729630855110509,0.6899091883029416,0.04231334427312313,1.0,-0.002472703331390186,-0.5388045654752575,-0.013270311318121855,-0.277159745942077,0.36712788454765766,0.832298654967881,False
GUT_GENOME025761_25,GUT_GENOME025761_00928,23812,0.027402499010593107,0.02920905105597441,0.029172524373418537,0.0015985570031998185,0.6354424718309973,0.04225256275280568,0.9999999999999999,-0.0018065520453813023,-0.5153087836902033,-0.013080038379387142,-0.2746389207324935,0.3409696793293856,0.8432558735735018,False
GUT_GENOME025761_26,GUT_GENOME025761_00943,9747,0.02149265381943854,0.021292610053912288,0.021242248291226437,0.0011031584489680573,0.48085028919523093,0.0402969565416416,1.0,0.00020004376552625047,-0.44453426400660856,-0.019054708250415164,-0.3537941517915195,0.3227810137177779,0.8509597006151682,False
GUT_GENOME025761_26,GUT_GENOME025761_00943,9813,0.020912920390388456,0.021384742585806152,0.021232179024243774,0.0011873040956101141,0.5474417267493006,0.040341630625830724,1.0,-0.00047182219541769613,-0.46823160774623196,-0.01910945160158695,-0.3545194174052667,0.34492485580999094,0.8415899085137579,False
GUT_GENOME025761_26,GUT_GENOME025761_00943,9888,0.019739706330172115,0.020852434409622304,0.02067687138241798,0.001177252899782966,0.6182830792841054,0.040257698285485755,1.0,-0.0011127280794501898,-0.490836960482553,-0.019580826903067776,-0.36076441867055214,0.37107188755445275,0.830658978023072,False
GUT_GENOME025761_26,GUT_GENOME025761_00943,9936,0.019483255538108906,0.020516333759677843,0.02037033970303113,0.0011363045719201183,0.6104986606659696,0.04037423561036784,1.0,-0.0010330782215689366,-0.4880276351546671,-0.02000389590733671,-0.36636943543460937,0.3723975358953313,0.8301085796038845,False
GUT_GENOME025761_26,GUT_GENOME025761_00949,18236,0.018999083681133545,0.02033690880993043,0.020222721395331322,0.0010949113197211446,0.645208988149436,0.040497797288963334,1.0,-0.0013378251287968837,-0.49877634491817646,-0.020275075893632012,-0.36996215518936537,0.38564983852229584,0.8246263376895805,False
GUT_GENOME025761_26,GUT_GENOME025761_00949,18263,0.01889792523793119,0.02034787430237218,0.0202371941821568,0.001131874086946539,0.6586111734989282,0.04058646813999904,1.0,-0.0014499490644409897,-0.5027310614819755,-0.02034927395784224,-0.370945165973806,0.3903388363381284,0.8226952667228536,False
GUT_GENOME025761_26,GUT_GENOME025761_00949,18510,0.018928218657815417,0.020423506315020212,0.020306494817448527,0.001147033407199656,0.6661087729342698,0.04061224335123166,1.0,-0.0014952876572047955,-0.504330196249698,-0.020305748533783134,-0.37036852072432586,0.3915217879927843,0.8222088062383208,False
GUT_GENOME025761_28,GUT_GENOME025761_00994,5829,0.13989004637733782,0.11320461152959226,0.11447205635256302,0.006020227222791116,0.08963469631956866,0.04717078744813205,2.5778966608268847e-29,0.026685434847745562,0.489630365604788,0.06730126890443097,0.790290370462372,0.8642967645678317,0.6491130526616613,False
GUT_GENOME025761_28,GUT_GENOME025761_00994,5843,0.1415980641323881,0.11441054995810374,0.11549599201580837,0.006133476816790317,0.09070161412031508,0.047376669127427114,5.854906689310716e-29,0.02718751417428436,0.5073391752144196,0.06811932288838127,0.8011283336496503,0.899199645683513,0.637883366905763,False
GUT_GENOME025761_28,GUT_GENOME025761_00994,5855,0.14075024029724878,0.1121835579378785,0.11381650346494418,0.005767523257284089,0.07794502882510547,0.04739781124350143,5.48020823073535e-31,0.02856668235937028,0.5559837329931999,0.06641869222144275,0.7785975802702303,0.9153321033557116,0.632758749650962,False
GUT_GENOME025761_28,GUT_GENOME025761_00994,5921,0.12865693373330378,0.10629833650552697,0.10689968051285825,0.00554768097685582,0.12387580679816429,0.04588137822358148,1.9344406721499933e-28,0.022358597227776805,0.3370187371753966,0.06101830228927677,0.7070506794176341,0.6135022924722371,0.7358336931088376,False
GUT_GENOME025761_28,GUT_GENOME025761_00994,6029,0.10595010274654917,0.09435103604014404,0.09393657217748583,0.004851311489472461,0.2309485016473209,0.0436509103381325,1.7817933574443733e-25,0.011599066706405134,-0.042480014158406944,0.050285661839353325,0.56485962066028,0.3208709426553738,0.8517727855655848,False
GUT_GENOME025761_28,GUT_GENOME025761_00994,6041,0.10557189853390705,0.0878534043891102,0.0881688640648405,0.004480530337106071,0.1358481805997918,0.04312233924711975,4.417895113601189e-24,0.017718494144796856,0.17335794151583522,0.04504652481772074,0.49544907406118077,0.27552276087468913,0.8713065777364981,False
GUT_GENOME025761_28,GUT_GENOME025761_00995,6234,0.10651553679407204,0.08511701472961643,0.08618707125999756,0.004384514991637148,0.09355499839185377,0.04366919352507389,1.5481874878456794e-22,0.02139852206445561,0.30315598406146776,0.042517877734923666,0.46194837052003346,0.305299847698391,0.8584301851507525,False
GUT_GENOME025761_28,GUT_GENOME025761_00995,6246,0.13509765183902303,0.10109778153061678,0.10360137812621426,0.005797790740777985,0.07018537714541358,0.04369926535940317,2.5278324490961165e-25,0.033999870308406246,0.7476173770751129,0.05990211276681109,0.6922628766664114,1.0381596329151266,0.5950678677727946,False
GUT_GENOME025761_28,GUT_GENOME025761_00995,6247,0.1442854646197634,0.10836614104429033,0.11072082171553561,0.006056299752311007,0.06435454641093946,0.04316817815463724,3.41861508417079e-29,0.035919323575473075,0.8153182973567711,0.06755264356089838,0.7936206999106228,1.2945777413313708,0.5234630306915063,False
GUT_GENOME025761_28,GUT_GENOME025761_00996,6499,0.142959518572025,0.10137112495406683,0.10391907692719043,0.005637664903994092,0.041063968299064404,0.04303553759418487,1.731828923192383e-27,0.04158839361795816,1.015271724513618,0.06088353933300557,0.7052652765130198,1.5281757848518422,0.465758559201103,False
GUT_GENOME025761_28,GUT_GENOME025761_00996,6527,0.13712897985082093,0.09749119770464217,0.09946899904577505,0.005213220160324812,0.04211174318394986,0.04225762022417145,2.540228954457434e-28,0.03963778214617876,0.9464718250749476,0.057211378821603605,0.6566147702858298,1.3269518722182154,0.5150579109935451,False
GUT_GENOME025761_28,GUT_GENOME025761_00996,6560,0.14402656730035568,0.09864308626363788,0.10261065603421302,0.005713319892077515,0.02223863513735142,0.042390878921719506,2.817670099927017e-26,0.0453834810367178,1.1491280237044774,0.06021977711249351,0.6964714430348458,1.8055676858259986,0.4054394076267921,False
GUT_GENOME025761_28,GUT_GENOME025761_00996,6561,0.1448905201043859,0.09766977209905113,0.09989333114053217,0.0053444931428688,0.01682915808075787,0.04154617234101456,4.767030307127881e-28,0.04722074800533478,1.213930156016111,0.05834715879951761,0.6716621165869116,1.9247564225433098,0.38198336773978686,False
GUT_GENOME025761_28,GUT_GENOME025761_00999,9300,0.15751610390937515,0.1024209510304837,0.10680734582657832,0.005708229221738256,0.00815914686799325,0.04136251827989947,9.888389002987266e-31,0.055095152878891454,1.4916678148364337,0.06544482754667885,0.7656953639109696,2.811362260133653,0.2451999864780183,False
GUT_GENOME025761_28,GUT_GENOME025761_00999,9469,0.16370788456182625,0.1067025208766668,0.11363867113159838,0.006637571846121488,0.005638416229708437,0.04139244187393741,6.837084808978088e-28,0.057005363685159446,1.5590427448413375,0.07224622925766097,0.8558035264671395,3.1630139561560036,0.20566493201279903,False
GUT_GENOME025761_28,GUT_GENOME025761_01003,13434,0.16168881161627838,0.09996956799363071,0.10565279142864735,0.005554234182917793,0.0019094779692152917,0.04143598426570019,3.2182119904469104e-31,0.06171924362264766,1.7253057194814416,0.06421680716294716,0.7494259734144616,3.5383191153035884,0.17047620405615724,False
GUT_GENOME025761_28,GUT_GENOME025761_01003,13588,0.16219566585402292,0.10597526234380868,0.10989127768989884,0.005654115943514416,0.004309672555951282,0.04141575354536384,4.632762430096753e-34,0.05622040351021425,1.5313564619085678,0.068475524144535,0.8058474550978639,2.9944427343168307,0.22375101910945516,False
GUT_GENOME025761_29,GUT_GENOME025761_01030,10228,0.02760185496550351,0.019736524306540954,0.020418917903629447,0.0013306954888356226,0.08226939964374347,0.04381203549243746,1.0,0.007865330658962555,-0.174172392836081,-0.02339311758880801,-0.41127143522676873,0.19948021585973233,0.9050726086664336,False
GUT_GENOME025761_29,GUT_GENOME025761_01030,10498,0.027591434072663002,0.01972564119381849,0.02046147107043601,0.0013867366321235653,0.07666930566569316,0.044011059081814144,1.0,0.007865792878844511,-0.17415608990653442,-0.023549588011378134,-0.4133444288347504,0.20118396050025894,0.9043019306695148,False
GUT_GENOME025761_29,GUT_GENOME025761_01030,10503,0.028115399419851157,0.01964712415001542,0.020487352023151894,0.0013729167458571296,0.06335796743910947,0.0440759906204903,1.0,0.008468275269835738,-0.15290596987317195,-0.023588638597338406,-0.4138617893285351,0.19466181628907217,0.9072557381425223,False
GUT_GENOME025761_29,GUT_GENOME025761_01030,10510,0.02837677598714732,0.019792473264302946,0.020748240162146332,0.0014349191557573831,0.059455031765884105,0.04439983685266352,1.0,0.008584302722844373,-0.14881357258411207,-0.02365159669051719,-0.4146958877005252,0.1941181586609734,0.9075023899158718,False
GUT_GENOME025761_29,GUT_GENOME025761_01030,10698,0.026971229566327404,0.01975995991139088,0.02062652851612654,0.0013919302699126473,0.0724799896600245,0.044436812333227826,1.0,0.0072112696549365245,-0.1972417390153573,-0.023810283817101287,-0.41679824924384096,0.21262508418253329,0.899143583939952,False
GUT_GENOME025761_29,GUT_GENOME025761_01031,11210,0.027344864234496735,0.020020226871568417,0.020980995364101657,0.001425632814485198,0.08874975141420838,0.04496286088602711,1.0,0.007324637362928318,-0.19324315343218484,-0.023981865521925456,-0.41907144421260695,0.21296379170285507,0.8989913234863913,False
GUT_GENOME025761_29,GUT_GENOME025761_01031,11346,0.029638992026413978,0.02055707242274278,0.02156979979201279,0.0014737060423679834,0.049678575501925004,0.046399566900976165,1.0,0.009081919603671197,-0.13126215762773466,-0.024829767108963376,-0.43030484245654266,0.20239201146663824,0.903755874191509,False
GUT_GENOME025761_29,GUT_GENOME025761_01031,11702,0.029124683953780085,0.02050644774436635,0.021571295841753088,0.0015292611927517042,0.05257028399819548,0.04715686184380218,1.0,0.008618236209413734,-0.14761670662830703,-0.025585566002049094,-0.4403180209764903,0.21567065167244062,0.897775424675675,False
GUT_GENOME025761_29,GUT_GENOME025761_01031,11704,0.026954916048785926,0.02108805468610447,0.021815105175120218,0.0014731643638556985,0.11552490268732696,0.04726857124415572,1.0,0.005866861362681455,-0.2446602827129839,-0.0254534660690355,-0.4385678990540595,0.25220045601788893,0.8815264887107179,False
GUT_GENOME025761_29,GUT_GENOME025761_01031,11714,0.02816689098095276,0.02128858738865991,0.022081522274251773,0.0014217625441167187,0.08738384036652252,0.04784792816178355,1.0,0.006878303592292849,-0.2089857649055965,-0.025766405887531776,-0.44271387266856155,0.23967062298637257,0.8870665143478663,False
GUT_GENOME025761_29,GUT_GENOME025761_01033,12441,0.027867399450097797,0.021420324675665355,0.022156539506405004,0.0014432681491589239,0.108923942510466,0.04840945549731273,1.0,0.006447074774432442,-0.22419561050175116,-0.026252915990907726,-0.4491593868938768,0.25200782660313625,0.8816113967654041,False
GUT_GENOME025761_29,GUT_GENOME025761_01033,12444,0.029593203637407188,0.021592375172517712,0.022455628222010852,0.0014782223080736922,0.08032626086182837,0.049551852072217684,1.0,0.008000828464889476,-0.16939325790490548,-0.02709622385020683,-0.4603319252763578,0.24059955725227608,0.8866545967757018,False
GUT_GENOME025761_29,GUT_GENOME025761_01033,13434,0.030439155010170752,0.021802224551320103,0.022728458129383764,0.0015911669868890102,0.06993276868442892,0.05025239044561104,1.0,0.00863693045885065,-0.1469573428852199,-0.027523932316227278,-0.46599840780753815,0.23875097670704473,0.8874745018514433,False
GUT_GENOME025761_29,GUT_GENOME025761_01033,13605,0.030646098009167965,0.022570424434774708,0.02342893298014823,0.001630485017754387,0.08509562551483241,0.05031018864299703,1.0,0.008075673574393257,-0.1667534005669195,-0.0268812556628488,-0.45748392582065944,0.23709823898491414,0.8882081862499812,False
GUT_GENOME025761_29,GUT_GENOME025761_01035,14642,0.030418674439894523,0.02315340136796956,0.023911197594481463,0.0016373079478829266,0.10746384262674197,0.05066942579773134,1.0,0.007265273071924962,-0.19533698775561015,-0.02675822820324988,-0.4558540002847935,0.24595940836108388,0.8842816095985938,False
GUT_GENOME025761_29,GUT_GENOME025761_01035,15392,0.02879870411413383,0.023570338850668095,0.024052125510943764,0.001468251232819228,0.18356817482504245,0.050314124031339384,1.0,0.005228365263465734,-0.267180640074541,-0.02626199852039562,-0.4492797165080201,0.27323775809616835,0.8723026155910053,False
GUT_GENOME025761_29,GUT_GENOME025761_01036,16264,0.028523344579935214,0.023827288510149047,0.024348502066900993,0.001511170412781019,0.20505620057979057,0.049923291639450564,1.0,0.004696056069786167,-0.28595568550274486,-0.02557478957254957,-0.4401752497798485,0.27552490459009676,0.8713056438203309,False
GUT_GENOME025761_29,GUT_GENOME025761_01036,16643,0.028524615235675833,0.024433044091646317,0.02486277278249335,0.0015216416328202708,0.23981119321836109,0.04940693725922497,1.0,0.004091571144029516,-0.3072764368189009,-0.024544164476731623,-0.42652104471819485,0.2763390102116204,0.8709510485833714,False
GUT_GENOME025761_29,GUT_GENOME025761_01036,16693,0.028235861297867492,0.024513644758208112,0.024879127128574718,0.0015219828292953534,0.2549337363246706,0.049165096625484725,1.0,0.00372221653965938,-0.32030392076714925,-0.024285969496910007,-0.42310035642457633,0.28160851326541175,0.8686593293593705,False
GUT_GENOME025761_29,GUT_GENOME025761_01036,16759,0.02683490321350715,0.024382932115915284,0.024716476197756573,0.0014961782697490021,0.3260436189374287,0.048144154343021,1.0,0.002451971097591866,-0.3651066710539361,-0.02342767814526443,-0.41172930970199323,0.302823905715767,0.859493554892675,False
GUT_GENOME025761_29,GUT_GENOME025761_01037,16965,0.02755904748846012,0.024360458956535446,0.02473960866067311,0.0015111564967640624,0.2867812434547464,0.04797625936614005,1.0,0.003198588531924673,-0.3387727726100822,-0.02323665070546694,-0.409198488508155,0.28221039445928114,0.8683979538334862,False
GUT_GENOME025761_29,GUT_GENOME025761_01037,16995,0.027360970705358142,0.02436198280625165,0.024774949222415465,0.0013637986506646763,0.2979570454942574,0.04765434005515679,1.0,0.002998987899106492,-0.34581287447786146,-0.022879390832741327,-0.4044653420106652,0.28317875704244555,0.867977593564093,False
GUT_GENOME025761_29,GUT_GENOME025761_01037,17003,0.027314103133089376,0.02428088505156757,0.024669993867842598,0.001352004569252461,0.29818584136734533,0.04734956923276829,1.0,0.003033218081521804,-0.3446055437807891,-0.022679575364925694,-0.4018180928963987,0.28021076058335226,0.8692666270013331,False
GUT_GENOME025761_29,GUT_GENOME025761_01037,17017,0.02731624657369739,0.0243342851573459,0.02466519217326976,0.0013616951214549448,0.2989874120145929,0.04706654519404011,1.0,0.0029819614163514897,-0.3464134145230145,-0.022401353020770353,-0.398132072678915,0.2785114010571027,0.8700055391379453,False
GUT_GENOME025761_29,GUT_GENOME025761_01037,17023,0.026692003624723022,0.02385117898117026,0.024167492931482796,0.0013089922096200515,0.302042543150487,0.046686939155558646,1.0,0.002840824643552762,-0.3513914411142316,-0.02251944622407585,-0.3996966268711852,0.2832333384205399,0.8679539061807111,False
GUT_GENOME025761_29,GUT_GENOME025761_01037,17032,0.02673464307346389,0.023547458521939346,0.02387953851477744,0.0012210139302801385,0.2977853468829752,0.04659397083054358,1.0,0.003187184551524544,-0.33917500171417625,-0.022714432315766135,-0.40227989414355503,0.2768687950199613,0.8707203708199398,False
GUT_GENOME025761_3,GUT_GENOME025761_00129,29656,0.02397232551085443,0.021214674874766738,0.02125814219087924,0.0006005233258866507,0.27376131947175497,0.0318134269764929,1.0,0.0027576506360876933,-0.35432506650929185,-0.010555284785613659,-0.24118979996159814,0.18371877236232984,0.9122334131509534,False
GUT_GENOME025761_3,GUT_GENOME025761_00130,30459,0.024322249420370538,0.02173072324497381,0.021824475032268597,0.0007423787708746199,0.2914138765741992,0.03205596599913427,1.0,0.0025915261753967286,-0.36018443233134123,-0.01023149096686567,-0.23690002745671637,0.18585444830284348,0.9112598155893902,False
GUT_GENOME025761_3,GUT_GENOME025761_00132,32817,0.02537491553153894,0.021816989018064125,0.02193567479552068,0.0007556514958697031,0.2348226782274278,0.0320355693481635,1.0,0.003557926513474814,-0.3260985843604909,-0.010099894552642819,-0.23515657638758528,0.1616389021402464,0.9223602075604385,False
GUT_GENOME025761_3,GUT_GENOME025761_00134,33997,0.025074351022369646,0.021923304815221208,0.022039058062603558,0.00070531667137874,0.2618890201964775,0.03244666522275359,1.0,0.0031510462071484384,-0.3404496350765486,-0.010407607160150035,-0.239233297457166,0.17313852463598395,0.917072028050506,False
GUT_GENOME025761_3,GUT_GENOME025761_00137,35680,0.02534056403458433,0.022252453586057007,0.02231909233579299,0.0006854167850837001,0.26692779069210115,0.0342121356126628,1.0,0.0030881104485273245,-0.34266943841866626,-0.01189304327686981,-0.2589130524194506,0.18445831273932128,0.9118961587869682,False
GUT_GENOME025761_3,GUT_GENOME025761_00137,35827,0.024804883751171906,0.02274597420708631,0.02278194080542682,0.0007117467772977652,0.3363429798317359,0.03495944537992356,1.0,0.002058909544085597,-0.37897032137368425,-0.012177504574496737,-0.26268172922119254,0.21262019534870946,0.8991457818244211,False
GUT_GENOME025761_3,GUT_GENOME025761_00137,35950,0.02571610961580816,0.02272862079837408,0.02281005800175693,0.0007837639583108446,0.2755499062216853,0.03505860390499929,1.0,0.0029874888174340787,-0.34621845789318784,-0.012248545903242362,-0.2636229180923749,0.1893642635294761,0.9096620411845924,False
GUT_GENOME025761_3,GUT_GENOME025761_00139,37462,0.025484790337468758,0.022940919611909576,0.023001161553321943,0.0007645649472542458,0.3060653157518154,0.03539882135319318,1.0,0.0025438707255591823,-0.36186528482501434,-0.012397659799871237,-0.26559844899141344,0.20148902046813322,0.9041640080294918,False
GUT_GENOME025761_3,GUT_GENOME025761_00144,40512,0.026007281773950095,0.02309673129110134,0.023167944001341836,0.0008153341481774714,0.283642883299631,0.0358950616442455,1.0,0.0029105504828487554,-0.3489321452466311,-0.012727117642903667,-0.269963261148801,0.19463380435651176,0.9072684452247856,False
GUT_GENOME025761_3,GUT_GENOME025761_00146,42233,0.02607711727059542,0.023363250828030504,0.02344037493979728,0.0008402485671834722,0.29916558551598327,0.036326355650045696,1.0,0.0027138664425649175,-0.35586937615524217,-0.012885980710248414,-0.27206795363790337,0.20066398428183757,0.9045370689838835,False
GUT_GENOME025761_3,GUT_GENOME025761_00146,42885,0.02569105367519685,0.02350188746097984,0.023565463119876232,0.0008880305575523525,0.3352605235312248,0.03635900433830595,1.0,0.0021891662142170115,-0.3743760462266801,-0.01279354121842972,-0.2708432718576817,0.21351350189889537,0.89874426509224,False
GUT_GENOME025761_3,GUT_GENOME025761_00147,43476,0.025560925905848818,0.023580224825641708,0.023643746047021668,0.0008849950936623969,0.3498514649202641,0.03626625319609583,1.0,0.0019807010802071097,-0.3817288073807333,-0.012622507149074164,-0.2685773322206729,0.21785066576709067,0.8967973762725254,False
GUT_GENOME025761_3,GUT_GENOME025761_00148,43756,0.026057246751611886,0.023684516737305053,0.02376875503439406,0.0008946462408342331,0.32214354632073855,0.03644479183329222,1.0,0.0023727300143068335,-0.3679015785177215,-0.012676036798898158,-0.2692865181492333,0.20786680033276855,0.901285320874817,False
GUT_GENOME025761_3,GUT_GENOME025761_00148,43921,0.02806532149166193,0.023744401686049608,0.023904484093421604,0.0009224625805246349,0.22680752838227897,0.03669507131819696,1.0,0.004320919805612323,-0.29918709402481974,-0.012790587224775354,-0.27080413596309577,0.16284779728573517,0.9218028576331572,False
GUT_GENOME025761_3,GUT_GENOME025761_00148,43931,0.026925769699922154,0.02392286681284851,0.024031709757448737,0.0009077824892269095,0.2927422161822858,0.0368559299107078,1.0,0.003002902887073642,-0.34567478917366823,-0.012824220153259066,-0.2712497207874941,0.1930674708975535,0.907979265995049,False
GUT_GENOME025761_3,GUT_GENOME025761_00148,43944,0.026689916103016503,0.02412022509243437,0.024194753771367237,0.0008272553272043147,0.3195713168594372,0.03692264001563011,1.0,0.0025696910105821313,-0.3609545791110588,-0.012727886244262871,-0.2699734439404018,0.20317386861428288,0.9034026392458432,False
GUT_GENOME025761_3,GUT_GENOME025761_00148,43950,0.02826709482612732,0.024230013503306173,0.024352400266533045,0.0008252564640258209,0.2418469367686012,0.03693712707787139,1.0,0.004037081322821146,-0.3091983440125191,-0.012584726811338345,-0.268076800571641,0.1674687869448115,0.9196754954727684,False
GUT_GENOME025761_3,GUT_GENOME025761_00148,43952,0.028607643718687667,0.023953287799170685,0.024085403727651493,0.0007943228433734918,0.20998867833526125,0.037249198650987164,1.0,0.004654355919516982,-0.28742648898493717,-0.013163794923335671,-0.2757485667434137,0.15865125863125507,0.9237390789415932,False
GUT_GENOME025761_3,GUT_GENOME025761_00148,44451,0.030341091017335148,0.024540271651066405,0.024690145566003484,0.0007675984858660161,0.17498701418540985,0.03742673496938873,1.0,0.005800819366268743,-0.2469896459806872,-0.012736589403385248,-0.2700887474778601,0.13395181673582446,0.9352177319868964,False
GUT_GENOME025761_3,GUT_GENOME025761_00148,44645,0.03145267460477274,0.025561711662898553,0.025713154470646832,0.0007968231442663032,0.1776893737014622,0.037804423336137497,1.0,0.005890962941874186,-0.24381019736858656,-0.012091268865490664,-0.26153923806782947,0.12784618539000991,0.9380771417414112,False
GUT_GENOME025761_3,GUT_GENOME025761_00148,44919,0.03174149640191685,0.025703875939200805,0.025871217999143884,0.0008212658076439762,0.17371000220803867,0.038084320619195144,1.0,0.006037620462716043,-0.2386374488064959,-0.01221310262005126,-0.26315334883900304,0.12619751697805498,0.9388507496291089,False
GUT_GENOME025761_3,GUT_GENOME025761_00149,45326,0.03232772525191332,0.02651839582721196,0.026695936748219195,0.0009138077844138798,0.1892226194884149,0.03873378120048121,1.0,0.005809329424701359,-0.24668948822356754,-0.012037844452262015,-0.2608314463630839,0.12888874701186398,0.9375882675596874,False
GUT_GENOME025761_3,GUT_GENOME025761_00150,46575,0.032693935791154725,0.026430838728395595,0.026611389027147592,0.0008810479197346377,0.171514438986416,0.03865210516862094,1.0,0.00626309706275913,-0.23068467726117808,-0.01204071614147335,-0.26086949184977354,0.12126831210105296,0.9411674972342202,False
GUT_GENOME025761_3,GUT_GENOME025761_00151,47586,0.03514541386947077,0.026127268281355507,0.026339840056281327,0.0007865974331368304,0.10102305799131095,0.03864905649716746,1.0,0.00901814558811526,-0.13351152707958464,-0.012309216440886134,-0.2644267098548212,0.08774681274776845,0.957075109412919,False
GUT_GENOME025761_3,GUT_GENOME025761_00151,47636,0.035905237109902434,0.026048197993782492,0.02627279674636459,0.0007789926327459108,0.08359709383293407,0.03871402235050825,1.0,0.009857039116119942,-0.10392296410767533,-0.012441225604143659,-0.26617562921691473,0.08164944805794565,0.9599973796752072,False
GUT_GENOME025761_3,GUT_GENOME025761_00151,47793,0.03621021576195955,0.026264675282044857,0.026510516839323817,0.0008332749374660161,0.08846300146245312,0.03877251320116363,1.0,0.00994554047991469,-0.10080143784918907,-0.012261996361839812,-0.26380111608173895,0.07975195871843505,0.9609086042635379,False
GUT_GENOME025761_3,GUT_GENOME025761_00153,49544,0.0383710182515981,0.0261981435693328,0.026487960656094107,0.0008325723287777942,0.057451509809308625,0.039390749653123135,1.0,0.012172874682265303,-0.02224126768970408,-0.012902788997029027,-0.2722906377112574,0.0746368653736483,0.9633693182209397,False
GUT_GENOME025761_3,GUT_GENOME025761_00153,49749,0.03750611858943489,0.026201522967342725,0.026470368159822344,0.0008612071122332081,0.07484959437457735,0.0400998619307898,1.0,0.011304595622092163,-0.052866285992360255,-0.013629493770967456,-0.2819183636834869,0.0822728079766008,0.9596982143552946,False
GUT_GENOME025761_3,GUT_GENOME025761_00153,50006,0.03685194440820997,0.02629886124399542,0.026558867946673365,0.0008793014626713772,0.08637195188469887,0.040564306891634115,1.0,0.01055308316421455,-0.07937283651609015,-0.01400543894496075,-0.2868990618233566,0.08861111885173217,0.956661595840422,False
GUT_GENOME025761_3,GUT_GENOME025761_00153,50021,0.03645589515415325,0.02624376246133544,0.02648407756379306,0.0008766260278966026,0.09688032143456515,0.04068959341553067,1.0,0.010212132692817809,-0.09139848000534152,-0.01420551585173761,-0.2895497746037052,0.09219275412034328,0.9549499224893873,False
GUT_GENOME025761_3,GUT_GENOME025761_00154,51045,0.03600772891244702,0.026306412092256048,0.026547809967721988,0.0009012866346027478,0.10858232492018582,0.04071997996387902,1.0,0.009701316820190976,-0.1094154358045112,-0.014172169996157034,-0.2891079930558843,0.09555516924109236,0.9533458022672733,False
GUT_GENOME025761_3,GUT_GENOME025761_00156,51928,0.03635366887149988,0.025611607116717654,0.025894804186257784,0.0009024208892155645,0.0834355603894078,0.04075229856449778,1.0,0.010742061754782223,-0.07270738405914488,-0.014857494378239997,-0.29818749217218066,0.0942021441846583,0.9539909708539399,False
GUT_GENOME025761_3,GUT_GENOME025761_00156,52275,0.03641311486978869,0.02528280437092455,0.025595478220590454,0.0009097965767671185,0.07685564579493347,0.040808103719254606,1.0,0.011130310498864138,-0.05901348604999451,-0.015212625498664152,-0.3028924359599096,0.09522641929750084,0.9535025213366259,False
GUT_GENOME025761_3,GUT_GENOME025761_00156,52278,0.03357193469658849,0.025459854754031362,0.025699405491601726,0.000953276655291258,0.12727816778527112,0.040939256887304265,1.0,0.00811207994255713,-0.16546931375371277,-0.015239851395702539,-0.303253137424155,0.11934255915171807,0.9420741617089256,False
GUT_GENOME025761_3,GUT_GENOME025761_00156,52279,0.0334486940375679,0.02527158703786863,0.025512051356689974,0.0009539796791730475,0.12273599571109589,0.04100722367572678,1.0,0.008177106999699271,-0.1631757483477374,-0.015495172319036809,-0.3066357488683001,0.12065180733286732,0.9414576590783159,False
GUT_GENOME025761_3,GUT_GENOME025761_00156,52732,0.03423471189919099,0.02507814002144485,0.025332311659315206,0.0009743004639565221,0.1019457189543932,0.0410469770874046,1.0,0.009156571877746135,-0.1286291017765156,-0.015714665428089396,-0.30954369661068004,0.11236274593523793,0.9453676562026799,False
GUT_GENOME025761_3,GUT_GENOME025761_00157,53293,0.033734325808104836,0.02497142725932587,0.025213592413318903,0.0009435341961129892,0.10569012970309283,0.041034673281755835,1.0,0.008762898548778965,-0.14251432999160474,-0.01582108086843693,-0.3109535383175504,0.1170024372451603,0.9431770910220661,False
GUT_GENOME025761_3,GUT_GENOME025761_00157,53840,0.03380477542300542,0.02487072989298379,0.025120722393471594,0.0009266428831025518,0.10171148541033098,0.04091952616311263,1.0,0.008934045530021629,-0.13647781515044782,-0.01579880376964104,-0.3106584008554683,0.11513483605031663,0.9440582416986221,False
GUT_GENOME025761_3,GUT_GENOME025761_00160,57596,0.03397244466834964,0.024746368020616222,0.024989024876365246,0.0008894891632405631,0.09093714504787448,0.04082410307675015,1.0,0.009226076647733415,-0.12617760323115404,-0.015835078200384902,-0.3111389815417734,0.11272825339201054,0.9451949025249833,False
GUT_GENOME025761_3,GUT_GENOME025761_00161,58217,0.03333191931320654,0.024527379021045705,0.024735021093606098,0.0008233168574645586,0.10295413875887777,0.04084895725685934,1.0,0.008804540292160833,-0.14104558657520827,-0.01611393616325324,-0.3148334227343367,0.1190139415629621,0.9422289654961141,False
GUT_GENOME025761_3,GUT_GENOME025761_00161,59063,0.033968978928507094,0.02464526987471945,0.024873290317787074,0.0008169101780628001,0.0961279461162377,0.040875009692257123,1.0,0.009323709053787644,-0.12273401653248726,-0.01600171937447005,-0.313346722040143,0.11324980702749951,0.9449484497421374,False
GUT_GENOME025761_3,GUT_GENOME025761_00162,60258,0.03485015125840277,0.024858584900973264,0.02509399994659694,0.0008276131015333036,0.0861175957647663,0.04099073866023928,1.0,0.009991566357429503,-0.09917806190251374,-0.01589673871364234,-0.31195588896586024,0.10715276462321897,0.9478335405219341,False
GUT_GENOME025761_3,GUT_GENOME025761_00163,60798,0.03375007795025593,0.025533845338415677,0.0257068330855139,0.0008542973175113512,0.12128396323931229,0.04117813158710273,1.0,0.008216232611840256,-0.16179575124440826,-0.015471298501588827,-0.30631945732798926,0.12000947505845627,0.9417600719578134,False
GUT_GENOME025761_3,GUT_GENOME025761_00163,60814,0.03375539360960565,0.0250268949572516,0.025225296937480404,0.0008512351278414847,0.10972453643608787,0.04142149339155959,1.0,0.008728498652354054,-0.14372764666126198,-0.016196196454079183,-0.3159232456815232,0.12046513357673264,0.9415455358980571,False
GUT_GENOME025761_3,GUT_GENOME025761_00163,60847,0.032330822058545594,0.025171505996439778,0.0253341711263533,0.0008370431488495694,0.1363368044928165,0.0417891998520641,1.0,0.007159316062105816,-0.19907419105101035,-0.0164550287257108,-0.31935237711619574,0.14161647431237906,0.931640529036341,False
GUT_GENOME025761_3,GUT_GENOME025761_00164,61213,0.032626533234467105,0.025140328419407672,0.025326927077338603,0.0008872110360149469,0.12936200504831952,0.04214257826591471,1.0,0.007486204815059433,-0.1875445175838871,-0.016815651188576104,-0.3241300727863109,0.14023325016023214,0.9322850857426904,False
GUT_GENOME025761_3,GUT_GENOME025761_00166,63676,0.03011848471761136,0.025359434696609045,0.02548325839901493,0.0009279194601562994,0.20803992525943715,0.042180111890821326,1.0,0.004759050021002315,-0.2837338296531215,-0.016696853491806395,-0.32255618513392614,0.1845473786577782,0.911855550256724,False
GUT_GENOME025761_3,GUT_GENOME025761_00167,64380,0.029760318294581957,0.02536433175916422,0.02546697843150926,0.0009140758135743272,0.2261564921186332,0.04223124209965234,1.0,0.0043959865354177355,-0.2965394199305569,-0.016764263668143077,-0.3234492667934726,0.19255505576198617,0.9082119269578646,False
GUT_GENOME025761_3,GUT_GENOME025761_00167,64559,0.027982242776321893,0.02528100875391019,0.02533979198671217,0.0008867482101855375,0.31219651825958383,0.04234943318720304,1.0,0.0027012340224117047,-0.3563149334836912,-0.017009641200490866,-0.3267001435262385,0.2336933156035521,0.8897216145717505,False
GUT_GENOME025761_3,GUT_GENOME025761_00167,64748,0.027529091810457547,0.02566302827586813,0.02566294834689234,0.0010176604226104237,0.3671973321124553,0.04271543718306159,1.0,0.0018660635345894155,-0.38577218133013313,-0.01705248883616925,-0.3272678091170859,0.2559243947725065,0.8798866405307691,False
GUT_GENOME025761_3,GUT_GENOME025761_00167,64864,0.027385718421712616,0.025620917105818174,0.025626592770251838,0.001002950911273105,0.3759486773930189,0.04275778475949711,1.0,0.0017648013158944424,-0.3893437949312751,-0.017131191989245273,-0.3283105054335829,0.25937637862954144,0.8783692731498213,False
GUT_GENOME025761_3,GUT_GENOME025761_00167,64868,0.027631373026457896,0.024981726129026813,0.025052898599941194,0.0010266032733832,0.31442719806805264,0.04293859327888453,1.0,0.002649646897431083,-0.358134459853932,-0.017885694678943336,-0.33830651124259187,0.24271158688400157,0.8857187705950766,False
GUT_GENOME025761_3,GUT_GENOME025761_00167,64992,0.025140142949522083,0.02481174163480828,0.024801325430476542,0.000988911620653976,0.4737697909235271,0.04310675765863968,1.0,0.00032840131471380263,-0.44000697263974203,-0.018305432228163138,-0.3438673913263187,0.31185091878915827,0.8556229666479737,False
GUT_GENOME025761_3,GUT_GENOME025761_00167,65054,0.024821103741672342,0.02360333788055692,0.023656560720186078,0.000990709388530208,0.40256467561013026,0.04334993785768666,1.0,0.0012177658611154211,-0.4086382494255119,-0.019693377137500585,-0.3622555370092368,0.29821429298739743,0.8614768057346077,False
GUT_GENOME025761_3,GUT_GENOME025761_00167,65289,0.025540168897875776,0.023921080229444096,0.0240111723540618,0.0010117938010798222,0.37982392803338594,0.043454904851462355,1.0,0.0016190886684316792,-0.3944832169214654,-0.019443732497400553,-0.358948127629919,0.2844607667617325,0.8674213939909161,False
GUT_GENOME025761_3,GUT_GENOME025761_00167,65333,0.02598606792900426,0.024747732019625168,0.02479863637213015,0.0009668282603963967,0.4111138143474534,0.043680242556351,1.0,0.001238335909379093,-0.40791272449527133,-0.018881606184220853,-0.3515008143616394,0.2899456133020508,0.8650458162836642,False
GUT_GENOME025761_3,GUT_GENOME025761_00167,65444,0.0265730606339878,0.025492794450881134,0.025531885237306273,0.0009559854676852958,0.4218712198820559,0.04395894664893066,1.0,0.0010802661831066651,-0.41348799226600813,-0.018427061411624385,-0.34547879184353913,0.2903279153618458,0.8648804776877979,False
GUT_GENOME025761_3,GUT_GENOME025761_00167,65535,0.027394720778735802,0.02545461153352384,0.02554043444736724,0.0009303803416903507,0.3665311414616654,0.044107331466482554,1.0,0.0019401092452119607,-0.38316051954181773,-0.018566897019115312,-0.3473313996126976,0.2674510848924711,0.8748301353961261,False
GUT_GENOME025761_3,GUT_GENOME025761_00167,65602,0.028728472194089683,0.025850706792757073,0.025961580194639865,0.0009381167427843292,0.31569656379452216,0.04489206613411705,1.0,0.0028777654013326104,-0.35008850587714746,-0.018930485939477187,-0.352148396304231,0.24657045496693525,0.8840114822277174,False
GUT_GENOME025761_3,GUT_GENOME025761_00168,65763,0.025843861679251668,0.025666087205499306,0.025691871030778836,0.0008684369212333133,0.4864024229388144,0.04586049061573506,1.0,0.00017777447375236233,-0.4453197228520937,-0.02016861958495622,-0.368551772039698,0.33414006423466713,0.846140352261763,False
GUT_GENOME025761_3,GUT_GENOME025761_00168,66051,0.026941354397263747,0.026899965703977173,0.02692452624197581,0.0009329933130175223,0.4969216622908949,0.047243042896124986,1.0,4.1388693286573824e-05,-0.45013017747961165,-0.020318516654149174,-0.37053767877649946,0.33991534807090296,0.8437005262792199,False
GUT_GENOME025761_3,GUT_GENOME025761_00168,66132,0.027327138278417686,0.027291147352914588,0.0273068203038454,0.001052479690559981,0.49725673459467523,0.0487520296968051,1.0,3.5990925503097404e-05,-0.45032056182117286,-0.021445209392959703,-0.3854646330682399,0.3513715917453696,0.838881521968974,False
GUT_GENOME025761_3,GUT_GENOME025761_00168,66626,0.028697838918272437,0.027465663409906995,0.027524556181783285,0.0010558564902669967,0.41164174713437457,0.04891071219529953,1.0,0.001232175508365442,-0.40813000762744445,-0.021386156013516244,-0.3846822661767519,0.31455054903685925,0.8544688129495762,False
GUT_GENOME025761_3,GUT_GENOME025761_00168,66813,0.030958086585150278,0.027815313816068228,0.027921269982246002,0.0011146229347219596,0.29792342312138165,0.049870860411979204,1.0,0.00314277276908205,-0.34074144701101866,-0.021949590429733202,-0.39214690980811406,0.26988393258321597,0.8737666181337982,False
GUT_GENOME025761_3,GUT_GENOME025761_00168,66846,0.03122472734706672,0.02725774800332254,0.027435367248465202,0.0012018648597660467,0.25935455607439584,0.05007125029526272,1.0,0.003966979343744181,-0.311670906683622,-0.02263588304679752,-0.4012392365559487,0.25813167902499157,0.8789160962332598,False
GUT_GENOME025761_3,GUT_GENOME025761_00168,66950,0.030763429057620296,0.025999620302077836,0.026246874303702265,0.001239419570831023,0.21622306340609293,0.050244253923186356,1.0,0.00476380875554246,-0.28356598461449956,-0.02399737961948409,-0.4192769822596346,0.25620285548313654,0.8797641421291169,False
GUT_GENOME025761_3,GUT_GENOME025761_00169,67081,0.029393114878211772,0.026090162822319032,0.026253860552161303,0.0012250621485162053,0.28837333105280144,0.050177323185193065,1.0,0.0033029520558927397,-0.33509177305791704,-0.023923462633031762,-0.4182976953252731,0.28725945828553356,0.8662084204220983,False
GUT_GENOME025761_3,GUT_GENOME025761_00169,67082,0.02915407965021046,0.026238925457986544,0.026374882393211063,0.001243878889997522,0.3105401709874208,0.05004262302403565,1.0,0.002915154192223917,-0.34876976809124244,-0.023667740630824587,-0.4149097701999469,0.29379046854179175,0.8633844257771561,False
GUT_GENOME025761_3,GUT_GENOME025761_00169,67262,0.029308877316707203,0.025772031142059722,0.025942113358372883,0.00126120340612296,0.27393694307257144,0.04999073997846713,1.0,0.0035368461746474802,-0.32684210771838984,-0.02404862662009425,-0.4199559265798974,0.2831887436473797,0.8679732595002544,False
GUT_GENOME025761_3,GUT_GENOME025761_00169,68036,0.02960102007762473,0.025579181063633723,0.0259305264043668,0.001546817851684152,0.2518853515726423,0.04994219193716597,1.0,0.0040218390139910055,-0.3097359545669009,-0.024011665532799167,-0.4194662487452739,0.27188829538790127,0.8728913841239949,False
GUT_GENOME025761_3,GUT_GENOME025761_00170,68419,0.030144082746349908,0.02595960610094906,0.02637170218267833,0.0016751173554650364,0.24566721220974758,0.04981893345970574,1.0,0.004184476645400847,-0.30399957248988313,-0.02344723127702741,-0.41198835877014867,0.2621501478361524,0.8771519206876927,False
GUT_GENOME025761_3,GUT_GENOME025761_00170,68449,0.030733198686574287,0.025939095986982807,0.026397147291517875,0.0016064240083905927,0.21470753576218377,0.04966753688332455,1.0,0.00479410269959148,-0.28249748874316544,-0.023270389591806676,-0.40964547711196825,0.24761424806448698,0.8835502400568823,False
GUT_GENOME025761_3,GUT_GENOME025761_00170,68460,0.029277770085882043,0.025597978520899796,0.02592981431800967,0.0014753934562483162,0.2654133574496378,0.04956336670066408,1.0,0.0036797915649822467,-0.3218002894872677,-0.02363355238265441,-0.4144568282396662,0.27532988878857345,0.871390607146812,False
GUT_GENOME025761_3,GUT_GENOME025761_00170,68461,0.02914274294640491,0.025648021532095843,0.025982029051101845,0.0015258814264873099,0.27530207635481196,0.049455227542547116,1.0,0.0034947214143090655,-0.328327887596695,-0.02347319849144527,-0.41233238461619115,0.2778171971769826,0.8703075721635352,False
GUT_GENOME025761_3,GUT_GENOME025761_00170,68466,0.02901697026746737,0.02523206034909179,0.02555298555166509,0.0014321024221255938,0.2613451079090391,0.049267446368417775,1.0,0.00378490991837558,-0.31809266639202227,-0.023714460816752686,-0.4155287411543409,0.2738470791376976,0.8720368999004706,False
GUT_GENOME025761_3,GUT_GENOME025761_00170,68469,0.029453708616377035,0.025347296582692254,0.02566068355521384,0.0014489991502506213,0.24241838590568338,0.04927879198687103,1.0,0.004106412033684781,-0.30675298469599754,-0.02361810843165719,-0.41425221952721203,0.26570229500312437,0.8755954169743769,False
GUT_GENOME025761_3,GUT_GENOME025761_00170,68557,0.029561465092649564,0.025219395968536718,0.025639746736783577,0.001509123621485554,0.23337042664188168,0.049358109934080095,1.0,0.0043420691241128455,-0.2984411376890329,-0.02371836319729652,-0.4155804417236268,0.2617742162083291,0.8773168107587517,False
GUT_GENOME025761_3,GUT_GENOME025761_00171,69014,0.029467065748591273,0.025330691006874295,0.025769349622188728,0.0016140046768326815,0.24239823730922633,0.04937188125784136,1.0,0.004136374741716978,-0.30569617183021197,-0.02360253163565263,-0.41404585082174117,0.26488411605434603,0.875953687120561,False
GUT_GENOME025761_3,GUT_GENOME025761_00172,70159,0.029553839778235756,0.025920548039580663,0.02626805848422958,0.0016058768373636671,0.2667602430902104,0.049373264224266813,1.0,0.0036332917386550923,-0.32344038205388503,-0.023105205740037233,-0.407457043903728,0.2706349233699276,0.8734385843852559,False
GUT_GENOME025761_3,GUT_GENOME025761_00173,70841,0.029592471514273286,0.02598686688933653,0.026327546367930093,0.0016090272431659096,0.2681537971667699,0.04955604195046474,1.0,0.003605604624936757,-0.32441693257003207,-0.023228495582534644,-0.4090904456114,0.27260133882868254,0.872580234855045,False
GUT_GENOME025761_3,GUT_GENOME025761_00173,70845,0.029265448854019153,0.026009021890800753,0.026308322640836386,0.0016005192523036683,0.2871467500708057,0.049720631921681434,1.0,0.0032564269632184006,-0.33673275679234027,-0.023412309280845048,-0.41152569577176923,0.28274234777740814,0.8681670109610563,False
GUT_GENOME025761_3,GUT_GENOME025761_00173,70875,0.028924199035399525,0.02631486753767201,0.026557841466462062,0.0016562468140052793,0.3253424124010958,0.0500641047546095,1.0,0.002609331497727515,-0.3595564218825389,-0.023506263288147436,-0.4127704425640572,0.29966025877150193,0.860854197836711,False
GUT_GENOME025761_3,GUT_GENOME025761_00174,72461,0.02906929097138862,0.026612356303418495,0.02683378538641325,0.0017035447484939426,0.3341980935168852,0.050317565377462715,1.0,0.0024569346679701246,-0.3649316012628365,-0.023483779991049464,-0.4124725732900763,0.3033086973167953,0.8592852425124431,False
GUT_GENOME025761_3,GUT_GENOME025761_00174,72976,0.029422565684258963,0.02639160134659963,0.026718888335898413,0.0017268994605926435,0.29338753222054686,0.05051646833073747,1.0,0.0030309643376593316,-0.34468503544447604,-0.023797579994839054,-0.41662994304312917,0.29238828309948073,0.8639899505533313,False
GUT_GENOME025761_3,GUT_GENOME025761_00174,73028,0.028679573775013203,0.026373447666003583,0.026720902972065072,0.0017513727411715898,0.3375824550587173,0.05070774586882805,1.0,0.0023061261090096194,-0.37025076083976066,-0.023986842896762978,-0.41913738681091556,0.3127617749251047,0.8552333806542918,False
GUT_GENOME025761_3,GUT_GENOME025761_00174,73304,0.0297096863869809,0.026625047855742066,0.02679048549002925,0.0019580719360174008,0.2964223938490607,0.05082981784026884,1.0,0.003084638531238835,-0.34279189620370615,-0.02403933235023959,-0.4198327917299807,0.2937658571147218,0.8633950504039419,False
GUT_GENOME025761_3,GUT_GENOME025761_00174,73963,0.02796399366476649,0.026851928469837125,0.026977729517227395,0.001747822149768665,0.4190155956900318,0.05094966671605168,1.0,0.0011120651949293667,-0.412366411240108,-0.023971937198824286,-0.4189399091276456,0.34555670457892584,0.8413240717343081,False
GUT_GENOME025761_32,GUT_GENOME025761_01113,3857,0.01811360849439334,0.02133164862534732,0.021018950149469084,0.0013175852792602126,0.8189880248378785,0.046436919213774415,1.0,-0.003218040130953982,-0.5650932947275012,-0.02541796906430533,-0.4380976180725203,0.5112599547067984,0.7744284718554276,False
GUT_GENOME025761_32,GUT_GENOME025761_01113,3887,0.01814024347398865,0.02110468130657697,0.02084109581576134,0.0013047388121894237,0.8006702605126192,0.04620466708231216,1.0,-0.002964437832588318,-0.5561485033749429,-0.02536357126655082,-0.43737693051265353,0.5005997371508595,0.7785672802018778,False
GUT_GENOME025761_32,GUT_GENOME025761_01114,4236,0.017975425378287592,0.021445983892930492,0.021163975644624952,0.0012678603308442654,0.841429208168565,0.045686789515562744,1.0,-0.0034705585146429,-0.5739998553909453,-0.02452281387093779,-0.42623818187031504,0.5111548216729379,0.7744691819327887,False
GUT_GENOME025761_32,GUT_GENOME025761_01116,4939,0.01825319141553625,0.02169463417621657,0.021395112710839163,0.0012396839834680207,0.8302418037057526,0.04503747606806972,1.0,-0.0034414427606803202,-0.5729729153910081,-0.02364236335723056,-0.41457356016686636,0.5001691985611018,0.7787348998723395,False
GUT_GENOME025761_32,GUT_GENOME025761_01117,5382,0.017952327520882154,0.021492547638634053,0.02125137783738722,0.0011453360474744387,0.8403439847891813,0.044333635123890776,1.0,-0.0035402201177518987,-0.5764568855878731,-0.023082257286503555,-0.40715301201893483,0.49807611613776115,0.7795503046409464,False
GUT_GENOME025761_32,GUT_GENOME025761_01117,5505,0.01767183131044049,0.021548507908146126,0.02128599170118812,0.001137142100700758,0.8635397169822877,0.043770862568063555,1.0,-0.003876676597705634,-0.588324021776296,-0.022484870866875437,-0.39923855630875654,0.5055165794425357,0.7766555847758326,False
GUT_GENOME025761_32,GUT_GENOME025761_01117,5677,0.018286448721181597,0.02145042393308878,0.02122730175235533,0.0011158882213024288,0.8070889994739017,0.04311033644703989,1.0,-0.003163975211907182,-0.5631863742323673,-0.02188303469468456,-0.39126514818784025,0.4702673083074526,0.7904651936117079,False
GUT_GENOME025761_32,GUT_GENOME025761_01118,6134,0.01896361048448601,0.021472830069625356,0.021348378848219135,0.0009387119042090703,0.7521867587501359,0.04296407072619207,1.0,-0.0025092195851393467,-0.5400925280563077,-0.021615691877972937,-0.3877232650569589,0.44202926912868234,0.8017049476017057,False
GUT_GENOME025761_32,GUT_GENOME025761_01118,6197,0.019627653878056116,0.021488603754928746,0.02140030382164428,0.0009062822316979667,0.6911020290765244,0.04256555541551224,1.0,-0.0018609498768726307,-0.5172274463200662,-0.02116525159386796,-0.3817556207291079,0.41326158518504347,0.8133198782846169,False
GUT_GENOME025761_32,GUT_GENOME025761_01118,6966,0.01921514927425622,0.021228180758240667,0.02112726668568151,0.0008741716538289589,0.7104099931272982,0.04197004016615709,1.0,-0.002013031483984448,-0.5225915075014658,-0.020842773480475578,-0.3774832793063908,0.4155955098685612,0.8123713181894557,False
GUT_GENOME025761_32,GUT_GENOME025761_01119,8196,0.01899791976891429,0.020989279220152472,0.020896128141613644,0.0008591843615035912,0.7101018011340874,0.040650201910086683,1.0,-0.001991359451238184,-0.5218271145430801,-0.01975407376847304,-0.3630596744683501,0.4041158646974211,0.8170475930850645,False
GUT_GENOME025761_33,GUT_GENOME025761_01145,10332,0.02261661834739569,0.01987769900768313,0.020178127553975942,0.0012848166082631448,0.27702737230575375,0.044187019679195534,1.0,0.0027389193397125595,-0.3549857369326999,-0.024008892125219592,-0.4194295053397768,0.3019359833752219,0.8598752213734266,False
GUT_GENOME025761_33,GUT_GENOME025761_01146,11666,0.02338841611790549,0.01976168546416418,0.02015076620933615,0.0013133911090453976,0.22233341512259513,0.04421650184032327,1.0,0.0036267306537413092,-0.32367179768370546,-0.024065735630987118,-0.42018259478745523,0.28131684557812037,0.8687860185257491,False
GUT_GENOME025761_33,GUT_GENOME025761_01146,11763,0.02446538164696626,0.020078469094673933,0.02052142081227965,0.0012258296881785626,0.18621517683558098,0.0442236807165005,1.0,0.004386912552292326,-0.296859467841465,-0.02370225990422085,-0.41536709773781144,0.26065536953025037,0.8778077395641342,False
GUT_GENOME025761_33,GUT_GENOME025761_01146,12037,0.02422627337498155,0.020162453199767668,0.02057616893748011,0.001235981913151879,0.20073130063803196,0.044284017481671115,1.0,0.004063820175213881,-0.3082552395643291,-0.023707848544191005,-0.41544113866353494,0.2676126324129164,0.8747594749303282,False
GUT_GENOME025761_33,GUT_GENOME025761_01146,12257,0.024637953917298883,0.019900448186144365,0.020420542325979577,0.001302061826872159,0.1656953520049364,0.04429717968933841,1.0,0.004737505731154518,-0.2844937169994488,-0.023876637363358835,-0.4176773321720997,0.255391028822565,0.8801213226091695,False
GUT_GENOME025761_33,GUT_GENOME025761_01146,12258,0.02511470373485573,0.020066220065391775,0.02057715076289352,0.0012675483503935992,0.15336089571482636,0.0443381686192909,1.0,0.005048483669463956,-0.2735252329149084,-0.02376101785639738,-0.4161455506701888,0.24799317238374957,0.8833828565771767,False
GUT_GENOME025761_33,GUT_GENOME025761_01146,12267,0.024600812903479465,0.020002243035169075,0.02044290350700208,0.0012425741421375586,0.1687579748960823,0.04435819746218026,1.0,0.004598569868310389,-0.2893941154285533,-0.02391529395517818,-0.41818947284655805,0.2586313892443569,0.8786965219876494,False
GUT_GENOME025761_33,GUT_GENOME025761_01147,12757,0.024938584175740533,0.020114646198473397,0.020606611345937113,0.001256005615418252,0.1623471414891206,0.04437018968578177,1.0,0.004823937977267136,-0.2814451704657909,-0.023763578339844656,-0.41617947315683107,0.2524167378556156,0.881431164780528,False
GUT_GENOME025761_33,GUT_GENOME025761_01147,12855,0.025589121442894974,0.020023715305128927,0.020615070499194057,0.0012732335886163927,0.13279566206067522,0.04443133079390215,1.0,0.005565406137766047,-0.25529289174840714,-0.023816260294708094,-0.41687742842463216,0.23896125090719822,0.8873812002607419,False
GUT_GENOME025761_33,GUT_GENOME025761_01148,13556,0.025922691317146862,0.02020204107608436,0.02081896767515483,0.0012971746584400541,0.12964367799464382,0.04444053659801198,1.0,0.0057206502410625006,-0.24981728635503822,-0.023621568922857154,-0.4142980657390403,0.23405156383690534,0.8895622582461589,False
GUT_GENOME025761_33,GUT_GENOME025761_01148,13575,0.024781044727704593,0.021142218236491758,0.02153769383010773,0.0012865975811336406,0.22117848447677935,0.0445035186215477,1.0,0.0036388264912128356,-0.3232451661306221,-0.022965824791439972,-0.40561045966901715,0.2690072824197249,0.8741496959082833,False
GUT_GENOME025761_33,GUT_GENOME025761_01148,13739,0.024353218580714223,0.0214052914118714,0.0217620585377782,0.001365723968151291,0.2676785452833859,0.044925836566484426,1.0,0.002947927168842821,-0.34761383441182564,-0.023163778028706224,-0.40823303707880404,0.28748959043707634,0.8661087549525275,False
GUT_GENOME025761_33,GUT_GENOME025761_01149,13810,0.024353285543722958,0.021469862662193754,0.021799972255594883,0.0013202500965864643,0.2712719704986053,0.0449627689685361,1.0,0.002883422881529204,-0.3498889612347452,-0.023162796712941216,-0.40822003614690355,0.2890658831057083,0.8654264034439343,False
GUT_GENOME025761_37,GUT_GENOME025761_01238,10256,0.02561944115263585,0.024113219851894727,0.024244343898933426,0.0013850721161080052,0.3660801390970465,0.045532052079277116,1.0,0.001506221300741125,-0.39846415503208454,-0.02128770818034369,-0.38337798306986065,0.3057523607481475,0.8582359816909382,False
GUT_GENOME025761_37,GUT_GENOME025761_01238,10259,0.02757223386289479,0.02384881033920918,0.02423796134909082,0.001425748533083659,0.21451562941203384,0.04559726556713615,1.0,0.0037234235236856088,-0.3202613493064406,-0.021359304218045327,-0.3843265209856817,0.2502742065925396,0.8823759176442098,False
GUT_GENOME025761_37,GUT_GENOME025761_01238,10260,0.028772273583719397,0.024136249620984672,0.024541497658087205,0.0014366592099852775,0.1725773015471614,0.04575504223016923,1.0,0.004636023962734725,-0.28807307432567797,-0.02121354457208202,-0.38239542877400073,0.22921236009869944,0.8917172508095498,False
GUT_GENOME025761_37,GUT_GENOME025761_01238,10793,0.028419683888601544,0.0245840039798436,0.02493228733817092,0.001445973202317856,0.2247699252604114,0.046135071530368124,1.0,0.0038356799087579455,-0.3163019611268561,-0.021202784192197205,-0.38225287021018856,0.24616418739662244,0.8841910730660898,False
GUT_GENOME025761_37,GUT_GENOME025761_01238,10824,0.02802810154752527,0.024682755342762288,0.025108467893131186,0.0015120540669669644,0.2523738150992275,0.04684217218362603,1.0,0.0033453462047629834,-0.33359649159297206,-0.021733704290494846,-0.3892867488950036,0.26283079206838145,0.8768534572796203,False
GUT_GENOME025761_37,GUT_GENOME025761_01238,11004,0.027420985480148943,0.02518457551313882,0.025466604324267207,0.0015763014174243542,0.3248396586153874,0.0469695351587428,1.0,0.002236409967010123,-0.372709714674602,-0.021502930834475596,-0.3862293538208301,0.28808564516567925,0.8658506693032937,False
GUT_GENOME025761_37,GUT_GENOME025761_01238,11109,0.027067755730102453,0.025162895756260427,0.025431220050355724,0.0014995376227276238,0.3484966849931349,0.047020919886514,1.0,0.0019048599738420262,-0.3844037944638736,-0.02158969983615828,-0.38737891028590926,0.29782869733252254,0.8616429126031482,False
GUT_GENOME025761_37,GUT_GENOME025761_01238,11121,0.026418923143831777,0.025274282989393472,0.025498286716897585,0.0014781458681445596,0.4035599131817742,0.04726107711488814,1.0,0.0011446401544383047,-0.4112174618102201,-0.021762790397990554,-0.38967209530060076,0.32094414275360034,0.8517416112102947,False
GUT_GENOME025761_37,GUT_GENOME025761_01238,11130,0.02687841487394404,0.025450145258615987,0.025675938062850234,0.0015522886687361868,0.3835879236160628,0.04752322341111588,1.0,0.0014282696153280518,-0.40121358422138487,-0.021847285348265646,-0.39079152406515527,0.3136903554449371,0.8548363962908169,False
GUT_GENOME025761_37,GUT_GENOME025761_01239,12464,0.02832207259939574,0.025550800729217716,0.025933174134771617,0.0015545172939208298,0.29045905856056087,0.047664508261432405,1.0,0.0027712718701780256,-0.35384463278417355,-0.021731334126660787,-0.38925534785193633,0.27672574998149857,0.8707826491615324,False
GUT_GENOME025761_37,GUT_GENOME025761_01239,12494,0.029371622721707166,0.026108295829326243,0.026454998872625077,0.0015765335904286183,0.26676085145783857,0.04901347388383001,1.0,0.003263326892380923,-0.3364893898074827,-0.022558475011204934,-0.40021369856382155,0.2733961139711455,0.8722335512032608,False
GUT_GENOME025761_37,GUT_GENOME025761_01239,12635,0.030626655989290593,0.026574801636468783,0.027004998053254372,0.0016434983150675011,0.23418420942970286,0.05081143152584579,1.0,0.0040518543528218105,-0.3086772853633956,-0.023806433472591416,-0.4167472380723596,0.2689599269402551,0.8741703940423138,False
GUT_GENOME025761_37,GUT_GENOME025761_01239,12818,0.03174809222347501,0.026800796077496174,0.027348993759397228,0.0016956391220776762,0.19311989586016842,0.05130083820623627,1.0,0.0049472961459788335,-0.2770942119458139,-0.023951844446839045,-0.4186737109174791,0.25206887850728454,0.881584485148912,False
GUT_GENOME025761_37,GUT_GENOME025761_01239,12951,0.03237496947825955,0.028189945844515906,0.02890544900565809,0.002094447986810244,0.23070788965362016,0.05220329748394548,1.0,0.004185023633743647,-0.30398027969707264,-0.02329784847828739,-0.41000926532971466,0.2605116081009229,0.8778708392795906,False
GUT_GENOME025761_37,GUT_GENOME025761_01239,13230,0.033058250745331544,0.028735481724892657,0.029468491124407636,0.002171514822091139,0.233305356027541,0.0528917372501297,1.0,0.004322769020438887,-0.2991218704803319,-0.023423246125722066,-0.4116705922266336,0.25894656990387965,0.8785580588235036,False
GUT_GENOME025761_37,GUT_GENOME025761_01239,13289,0.03307376271960922,0.029380026231289484,0.030100510416155156,0.0024334787089461568,0.26705753501671525,0.05382011433030019,1.0,0.003693736488319735,-0.3213084389382581,-0.023719603914145036,-0.4155968793228487,0.2759598790358308,0.8711161665807743,False
GUT_GENOME025761_37,GUT_GENOME025761_01239,13483,0.03268570967901758,0.02958131439659577,0.030237349210306866,0.002460136037503746,0.30146473243899136,0.054194425189800305,1.0,0.0031043952824218075,-0.3420950570256901,-0.02395707597949344,-0.4187430207178514,0.2923747454413211,0.8639957987734259,False
GUT_GENOME025761_37,GUT_GENOME025761_01239,14138,0.031964313905733684,0.029406845660275575,0.029925608012579832,0.002415444779277532,0.3303560851696554,0.05455671522916784,1.0,0.002557468245458109,-0.36138568752170924,-0.02463110721658801,-0.4276729029481548,0.3135037270616403,0.8549161683800044,False
GUT_GENOME025761_37,GUT_GENOME025761_01239,14477,0.03263785442683886,0.02999049325531997,0.03046872580779899,0.002548531301706822,0.33376888255812587,0.05574630984988226,1.0,0.0026473611715188868,-0.35821507955456366,-0.025277584042083273,-0.43623773139909955,0.3186214015165153,0.8527313735213303,False
GUT_GENOME025761_37,GUT_GENOME025761_01239,14730,0.03319310463979924,0.030304806311381053,0.03107077058566185,0.002845199526388659,0.3172211081285686,0.05604931292514797,1.0,0.0028882983284181894,-0.34971699964191466,-0.02497854233948612,-0.43227588654803173,0.3091644219294297,0.8567730531074682,False
GUT_GENOME025761_37,GUT_GENOME025761_01239,14772,0.03490089648933236,0.029583350627700504,0.030926887179237802,0.003087394683997738,0.2040420561966364,0.05637370365051216,0.9999999999999999,0.005317545861631856,-0.2640351565815558,-0.02544681647127436,-0.43847980206149006,0.2619791007269302,0.877226941045842,False
GUT_GENOME025761_37,GUT_GENOME025761_01239,14774,0.033837694745765125,0.0284520954867337,0.029843269950048823,0.0030259154851235174,0.18939135888088876,0.05641342227629288,1.0,0.005385599259031426,-0.2616348493110981,-0.02657015232624406,-0.45336228278033114,0.27399015382183395,0.8719745189297774,False
GUT_GENOME025761_37,GUT_GENOME025761_01239,14846,0.03338122170508354,0.028629087520180053,0.02991649489724791,0.002978391498344921,0.21476036618025934,0.05670013976152315,1.0,0.00475213418490349,-0.2839777576905689,-0.026783644864275237,-0.4561907321410534,0.2887533509543537,0.8655616507987994,False
GUT_GENOME025761_37,GUT_GENOME025761_01239,15168,0.0327742211357343,0.02914752504279872,0.029822236500425293,0.0028054532472764028,0.27236958722316607,0.05720077357165268,1.0,0.003626696092935578,-0.32367301667579756,-0.027378537071227387,-0.46407214335087626,0.3201271759582874,0.852089604587487,False
GUT_GENOME025761_37,GUT_GENOME025761_01239,15172,0.031386091403470866,0.028374015466231445,0.028916387712081573,0.002512092164960696,0.3031590566957738,0.05771452564224065,1.0,0.003012075937239421,-0.3453512470751611,-0.02879813793015908,-0.4828796819138388,0.3524402710615791,0.8384333940402593,False
GUT_GENOME025761_37,GUT_GENOME025761_01239,15212,0.030960813399663112,0.028235115222603895,0.02867814303896176,0.00250909955330207,0.31475076481438846,0.05817066751957136,1.0,0.0027256981770592166,-0.3554520597623214,-0.0294925244806096,-0.4920792408905984,0.36848814610474445,0.8317327754935344,False
GUT_GENOME025761_37,GUT_GENOME025761_01239,15320,0.030392204700448646,0.02698511585402903,0.02783248323310465,0.0025478909097774883,0.269608457295078,0.058432854304794224,1.0,0.0034070888464196175,-0.3314187706072653,-0.030600371071689576,-0.5067565125705148,0.3666405645434615,0.8325014775687709,False
GUT_GENOME025761_37,GUT_GENOME025761_01239,15332,0.031403859950871985,0.028033343888275414,0.028711677463998168,0.0026178797233371836,0.27460652267219415,0.05861431672248483,1.0,0.0033705160625965708,-0.33270872705713816,-0.02990263925848666,-0.4975126339824905,0.35821391803217684,0.8360164751151421,False
GUT_GENOME025761_37,GUT_GENOME025761_01239,15387,0.031551910419624955,0.028154838343131657,0.028834453474568766,0.002653213890601291,0.2691084623223914,0.05922016175429407,1.0,0.003397072076493299,-0.3317720714945006,-0.030385708279725306,-0.5039125591363507,0.36400057467909813,0.8336011008891365,False
GUT_GENOME025761_37,GUT_GENOME025761_01239,15445,0.03279767127019398,0.027545307027033242,0.02858168371344629,0.002674631443829302,0.1756452205314702,0.05965062062821821,1.0,0.005252364243160737,-0.2663341735108328,-0.031068936914771916,-0.5129642928121315,0.3340662576799486,0.8461715781900334,False
GUT_GENOME025761_37,GUT_GENOME025761_01240,16073,0.033960505491008326,0.02845550933447509,0.029599545668048666,0.002800249267577071,0.17863931804390049,0.062131243726239266,1.0,0.005504996156533236,-0.25742360854877433,-0.0325316980581906,-0.5323436390841204,0.3496566643115968,0.8396011409163062,False
GUT_GENOME025761_37,GUT_GENOME025761_01240,16393,0.033405747331020384,0.029216093411658473,0.02989392487969663,0.0026041494060266386,0.23712235240164659,0.0636932556568124,1.0,0.004189653919361911,-0.30381696517261825,-0.03379933077711577,-0.5491378323919488,0.393857107290828,0.8212493064857954,False
GUT_GENOME025761_37,GUT_GENOME025761_01240,16483,0.03383846348280281,0.027549194392826975,0.028905311689658656,0.002575353942474958,0.14009307197825727,0.06490496327338804,1.0,0.006289269089975836,-0.22976156526954558,-0.03599965158372939,-0.5782887153044998,0.38720821512364045,0.8239840487593328,False
GUT_GENOME025761_37,GUT_GENOME025761_01240,16553,0.033320808953891,0.027409320791496227,0.028606165711976543,0.0025445178059909294,0.15375011333998434,0.06498368314503283,1.0,0.005911488162394774,-0.2430862535549655,-0.03637751743305629,-0.5832948594527855,0.3993238197314337,0.8190076046659899,False
GUT_GENOME025761_37,GUT_GENOME025761_01240,16570,0.03301917705353252,0.027339242955004176,0.02857254556586767,0.0025721125008766024,0.16023051443288233,0.06540737316347656,1.0,0.005679934098528346,-0.2512533829598249,-0.036834827597608887,-0.5893535191816406,0.41046583302054085,0.8144575936970089,False
GUT_GENOME025761_37,GUT_GENOME025761_01240,16571,0.033518275797079305,0.02752362893185407,0.028848351133710714,0.0026033600629095568,0.15002258732151014,0.06535301174498676,1.0,0.0059946468652252345,-0.24015316796874836,-0.03650466061127604,-0.5849793119609257,0.39987433950770385,0.8187821957487876,False
GUT_GENOME025761_37,GUT_GENOME025761_01240,16645,0.03367454979585657,0.02783155169215666,0.0291100731894168,0.0026757797355062714,0.163155381152634,0.06550155535564194,1.0,0.005842998103699912,-0.2455019622796028,-0.036391482166225134,-0.5834798707930802,0.40071997310384505,0.8184360740606524,False
GUT_GENOME025761_37,GUT_GENOME025761_01240,16666,0.03446083256093647,0.02780708298695548,0.029254660046744044,0.0027087304476818177,0.13714706707338542,0.0659212677689825,1.0,0.006653749573980988,-0.21690599612637984,-0.03666660772223845,-0.5871248633075754,0.39176381626951623,0.8221093133682204,False
GUT_GENOME025761_37,GUT_GENOME025761_01240,16669,0.03514626501519511,0.02707133917912319,0.02851436440648537,0.0024438307161078316,0.09260169508412502,0.06524074074860274,1.0,0.008074925836071924,-0.16677977400010108,-0.03672637634211737,-0.5879167060400978,0.3734615462565636,0.8296670749908452,False
GUT_GENOME025761_37,GUT_GENOME025761_01240,16670,0.03478724503462094,0.02746682001593549,0.028543346810333,0.0022101208475740217,0.11140164645831979,0.0646344255222004,1.0,0.007320425018685451,-0.19339172677162383,-0.036091078711867404,-0.5794999848154597,0.3732205923848284,0.8297670367592532,False
GUT_GENOME025761_37,GUT_GENOME025761_01240,16783,0.034860657953287535,0.027584136105348104,0.028592501751731385,0.0021960434784089123,0.10424440477585206,0.062310394377989534,1.0,0.0072765218479394315,-0.19494023285603104,-0.03371789262625815,-0.5480589015409886,0.3383702539442786,0.8443525764804156,False
GUT_GENOME025761_37,GUT_GENOME025761_01240,16795,0.03377051134097251,0.027621408748299582,0.028529392138314198,0.0021669878199223,0.14284076937848178,0.05995642561245684,1.0,0.006149102592672928,-0.23470536933233707,-0.03142703347414265,-0.5177085241270503,0.32310872634723736,0.8508202769176805,False
GUT_GENOME025761_38,GUT_GENOME025761_01251,9925,0.02649864956779668,0.023368643117514833,0.023505697726893957,0.0009219010956386695,0.2618102900259386,0.043796415742330785,1.0,0.0031300064502818477,-0.34119172707056056,-0.020290718015436828,-0.3701693893617031,0.25343717144180805,0.8809815585063878,False
GUT_GENOME025761_38,GUT_GENOME025761_01251,10105,0.02687786727124845,0.023590669228070342,0.023747542612753848,0.0008987091115178411,0.2505865019607637,0.044081516373414675,1.0,0.0032871980431781085,-0.33564743188911084,-0.020333973760660828,-0.37074246177938414,0.2501091714999934,0.8824487321440198,False
GUT_GENOME025761_38,GUT_GENOME025761_01251,10687,0.026448305126609267,0.024701176393230478,0.024776370284117596,0.001054216402803283,0.35948900784490073,0.04498631787221397,1.0,0.0017471287333787888,-0.389967123522073,-0.020209947588096376,-0.36909930482533865,0.288308654250628,0.8657541284030363,False
GUT_GENOME025761_38,GUT_GENOME025761_01251,11077,0.026872978567558114,0.025733118015143518,0.02583489191164692,0.0010564561927078606,0.41008927256741035,0.04586898141262092,1.0,0.0011398605524145962,-0.41138604286459485,-0.020034089500974,-0.3667694543364823,0.3037583088980712,0.8590920919256152,False
GUT_GENOME025761_38,GUT_GENOME025761_01251,11292,0.025744741892127134,0.02590095731943913,0.025960344623485076,0.0010594088906223978,0.5127563556090959,0.046223817032805495,1.0,-0.00015621542731199603,-0.4570998604854471,-0.02026347240932042,-0.3698084267823403,0.34569855497504476,0.8412644027739296,False
GUT_GENOME025761_38,GUT_GENOME025761_01252,12071,0.02722556271540401,0.02598986408833399,0.026096186969469318,0.0010740549615320318,0.40340818592957783,0.046549742556897034,1.0,0.0012356986270700178,-0.4080057439203495,-0.020453555587427716,-0.372326737954055,0.30509588686750533,0.8585177326816538,False
GUT_GENOME025761_38,GUT_GENOME025761_01255,14938,0.027753745477900563,0.026277238144922794,0.0263250915951023,0.0010671751760802318,0.3874305786045952,0.04714156121925729,1.0,0.0014765073329777688,-0.39951219459486736,-0.020816469624154992,-0.3771347934703958,0.3018406460759653,0.8599162114410411,False
GUT_GENOME025761_38,GUT_GENOME025761_01255,14969,0.02849833050604708,0.027050796981070088,0.02707250788378856,0.0012407832155657504,0.3922453319380802,0.04708493502812557,1.0,0.0014475335249769933,-0.4005341280273568,-0.020012427144337014,-0.3664824612670914,0.2947369821310202,0.8629759199030078,False
GUT_GENOME025761_38,GUT_GENOME025761_01255,14976,0.028161294080679324,0.027189365236647747,0.027163095907534948,0.0012667788598767567,0.42525782547352947,0.0469662393254897,1.0,0.0009719288440315776,-0.4173091520108649,-0.01980314341795475,-0.36370977221877887,0.3064317267594632,0.8579445030210917,False
GUT_GENOME025761_38,GUT_GENOME025761_01255,14978,0.02761498492959049,0.026581062309616946,0.026590331661904908,0.0013109006118904786,0.42022668600353447,0.04632732718891611,1.0,0.0010339226199735443,-0.4151225732829442,-0.019736995527011206,-0.36283341390865814,0.30397483709766504,0.8589990881282171,False
GUT_GENOME025761_38,GUT_GENOME025761_01255,15108,0.02754449116957601,0.02658579231666364,0.02662238757395506,0.0013307997107007041,0.4255548301492965,0.04622443987248237,1.0,0.0009586988529123701,-0.41777578622877276,-0.01960205229852731,-0.36104562267314744,0.30489054921051,0.8586058802164374,False
GUT_GENOME025761_38,GUT_GENOME025761_01255,15116,0.027908459200981176,0.026443253161794734,0.02658430310420906,0.001330005216964593,0.3901997117603825,0.046157932100720334,1.0,0.0014652060391864424,-0.3999108018457828,-0.019573628996511272,-0.3606690574256767,0.29001081841726306,0.865017614037342,False
GUT_GENOME025761_38,GUT_GENOME025761_01255,15161,0.02922671684095325,0.02650159952457379,0.02670709635084022,0.0013290734747726956,0.3140999897292529,0.04613201750924902,1.0,0.00272511731637946,-0.35547254726428335,-0.0194249211584088,-0.35869890618060646,0.2550256371537216,0.880282131797733,False
GUT_GENOME025761_38,GUT_GENOME025761_01255,15296,0.030506483221620306,0.02639687804969842,0.026569552623925508,0.0014050933958819631,0.23833878141768033,0.046106504187327355,1.0,0.004109605171921885,-0.3066403597100457,-0.019536951563401846,-0.36018313757485665,0.22376020279637435,0.8941514585832919,False
GUT_GENOME025761_39,GUT_GENOME025761_01269,12558,0.041572887947303655,0.04278385426453414,0.042573202065965106,0.0017571025701483376,0.565064009992013,0.04554004537036379,0.95434102459579,-0.0012109663172304858,-0.4943019154354484,-0.0029668433043986836,-0.14065456508005708,0.2641180902810132,0.8762892529297635,False
GUT_GENOME025761_39,GUT_GENOME025761_01269,12580,0.040405895614882364,0.042714619012724026,0.042450489895428704,0.0017816234853166527,0.6207544871951908,0.045448975656858154,0.9538131842205672,-0.002308723397841661,-0.5330208391405574,-0.0029984857614294494,-0.14107377920428696,0.3040130261370839,0.8589826861097933,False
GUT_GENOME025761_39,GUT_GENOME025761_01270,13654,0.040724310816698,0.04272467407170329,0.042508667692915655,0.001759428810948731,0.6030999389006693,0.04541085669502475,0.9504780286764682,-0.0020003632550052927,-0.5221446871620791,-0.002902189002109097,-0.1397979945335389,0.29217855360718475,0.8640805573908188,False
GUT_GENOME025761_39,GUT_GENOME025761_01270,13801,0.039639188503366306,0.04285213178876771,0.04262144409608169,0.0017658788928597063,0.6615603285622156,0.045378891516546956,0.9407989257668893,-0.0032129432854014067,-0.5649135241957758,-0.002757447420465263,-0.1378803901158583,0.3381382917977926,0.8444505110776014,False
GUT_GENOME025761_39,GUT_GENOME025761_01270,13802,0.038278733467991224,0.04680695959893907,0.04638814411500629,0.0018098127341928361,0.8693912553422762,0.04531123099239468,0.2759079691508166,-0.008528226130947843,-0.7523885444918941,0.0010769131226116072,-0.08708098172969435,0.5736716192616381,0.7506349657517808,False
GUT_GENOME025761_39,GUT_GENOME025761_01270,13807,0.04051740523915576,0.046974686460243976,0.04665891245442428,0.0018243264911038883,0.7910715301837781,0.04536435825377845,0.23897404889838647,-0.006457281221088219,-0.6793443716247093,0.0012945542006458297,-0.08419757056361929,0.46859800614698677,0.7911252316518564,False
GUT_GENOME025761_39,GUT_GENOME025761_01270,13855,0.038703206740752505,0.047147483644280064,0.04675172117715057,0.0018234462962443108,0.8637864261105356,0.045562892371775,0.2572108778128994,-0.008444276903527559,-0.749427576360603,0.0011888288053755677,-0.08559827022938751,0.5689687560759906,0.752402109369348,False
GUT_GENOME025761_39,GUT_GENOME025761_01270,13856,0.038063814932542045,0.047875832196127524,0.04748618244975789,0.0018856095441202928,0.9023014808540822,0.04565054143791483,0.16515241421424182,-0.009812017263585479,-0.7976690640128594,0.0018356410118430602,-0.07702899849388938,0.6422094022921229,0.7253473023204087,False
GUT_GENOME025761_39,GUT_GENOME025761_01270,13867,0.03822380833095442,0.04829743265632295,0.047825267229176745,0.001945151240508405,0.91483913241697,0.045619531112552174,0.12840432475278407,-0.010073624325368527,-0.8068961908925659,0.002205736116624571,-0.07212580481705543,0.6562835945974401,0.7202608814166471,False
GUT_GENOME025761_39,GUT_GENOME025761_01270,13880,0.03830962045551816,0.04895128102729435,0.048495225286087254,0.0019770932292817018,0.9228058744733172,0.04592511558631767,0.09681014928237103,-0.010641660571776186,-0.8269313630402598,0.0025701096997695835,-0.06729841254463753,0.6883445555106503,0.7088068058848696,False
GUT_GENOME025761_39,GUT_GENOME025761_01270,13891,0.03704145955231263,0.04892118076689157,0.048460984103824385,0.001959742974445767,0.9485642840964423,0.04632367804982496,0.13772330053159654,-0.01187972121457894,-0.8705989252155725,0.0021373060539994285,-0.07303239840890266,0.7632762198038666,0.6827420861038085,False
GUT_GENOME025761_39,GUT_GENOME025761_01270,13906,0.034587592242188006,0.04898921467961647,0.04828445191998419,0.0020838640749897617,0.9810023992624984,0.04700348098207394,0.2693733091798921,-0.014401622437428464,-0.9595487509684322,0.0012809709379102488,-0.0843775280045457,0.9278533727172361,0.6288096531026532,False
GUT_GENOME025761_39,GUT_GENOME025761_01270,13922,0.035373083093294205,0.049465712366388914,0.048790318270047414,0.0020841266450088176,0.9784413740237364,0.047313655985627284,0.23930868533098287,-0.014092629273094709,-0.9486502717269427,0.00147666228442013,-0.0817849171852677,0.9066261107266034,0.6355191498032361,False
GUT_GENOME025761_39,GUT_GENOME025761_01271,14261,0.03533207578461101,0.048221000112851374,0.04751852610090429,0.0021150947748526214,0.9699854522491873,0.04753382578620754,0.5028857515930221,-0.012888924328240361,-0.9061944672994914,-1.5299685303248045e-05,-0.10155112971148605,0.831501044509888,0.6598448665614027,False
GUT_GENOME025761_39,GUT_GENOME025761_01271,14338,0.03628741775405466,0.04897197793612394,0.04799547002601376,0.0024331495368392613,0.9668499099968837,0.049230846408073396,0.6941776908340981,-0.01268456018206928,-0.898986351839874,-0.0012353763820596372,-0.11771527851404877,0.8220333475900058,0.6629758771847001,False
GUT_GENOME025761_39,GUT_GENOME025761_01271,14999,0.03583534624051982,0.04933513832719291,0.0483730096358386,0.0024552214395139643,0.9753065045073841,0.049407717483929865,0.6632800181816443,-0.013499792086673089,-0.927740347121555,-0.0010347078480912666,-0.1150567275789476,0.8739402022383994,0.6459907455221863,False
GUT_GENOME025761_39,GUT_GENOME025761_01272,16310,0.03628763912151886,0.04828855778300954,0.04732678077076751,0.002438379374330201,0.9632633627775781,0.04984290084443382,0.8489363280726847,-0.012000918661490681,-0.8748736730474125,-0.002516120073666306,-0.1346831721424665,0.783543500649828,0.6758583608078186,False
GUT_GENOME025761_39,GUT_GENOME025761_01273,16894,0.036423619143632915,0.04958832984204659,0.048617075426465935,0.0024558584101961596,0.9771911942350392,0.050920901574640576,0.8259019588756449,-0.013164710698413677,-0.9159217117092514,-0.002303826148174641,-0.131870602563316,0.8563024378008172,0.6517128560454732,False
GUT_GENOME025761_39,GUT_GENOME025761_01273,17047,0.03673585957399029,0.049814469615447096,0.04902705222446455,0.002374617861067893,0.9696248615258534,0.05141975727695144,0.8431807901437001,-0.013078610041456808,-0.9128848606366837,-0.002392705052486885,-0.13304811200885433,0.851060568888778,0.6534231930868878,False
GUT_GENOME025761_4,GUT_GENOME025761_00184,7157,0.13599492462207924,0.1283899123928146,0.12870865666347392,0.004173897065924133,0.3620437913605473,0.05315291106255385,1.5374498017452722e-73,0.007605012229264629,-0.18335406845132382,0.07555574560092007,0.8996495525236758,0.842988031773703,0.656065914354474,False
GUT_GENOME025761_4,GUT_GENOME025761_00184,7219,0.14047874092649618,0.12612672854763823,0.12652920565255904,0.004125626071596779,0.2563055529966827,0.05320509105312449,5.736058378968739e-71,0.014352012378857942,0.054618966425408616,0.07332411459943455,0.870083857451945,0.7600291504918365,0.6838514418367811,False
GUT_GENOME025761_4,GUT_GENOME025761_00184,7534,0.14545302674045094,0.12815633696995868,0.12860440320639394,0.004220682092441499,0.23006598433171216,0.053553304482963006,4.894144882503607e-71,0.017296689770492257,0.15848050489926763,0.07505109872343094,0.892963753801211,0.8225003360358765,0.6628210942185995,False
GUT_GENOME025761_4,GUT_GENOME025761_00184,7554,0.15486652376936225,0.12921165457193573,0.12982315735263472,0.004286514609876385,0.13661997195582487,0.05391903984997175,1.830066094792866e-70,0.025654869197426516,0.4532813467803376,0.07590411750266297,0.9042649470094279,1.0231590737289602,0.5995478226135512,False
GUT_GENOME025761_4,GUT_GENOME025761_00184,7555,0.15310317171669244,0.13288134362799386,0.13339171746581233,0.0044759065239026,0.21492681998335533,0.05435558226252715,4.4056087278577996e-70,0.020221828088698574,0.26165288189406244,0.07903613520328517,0.9457593877275479,0.9629230500782544,0.6178796849411896,False
GUT_GENOME025761_4,GUT_GENOME025761_00184,7641,0.159486234627101,0.14678155367227805,0.1470389526065831,0.00513422629964108,0.3059702643589475,0.055605271564371325,3.0271970296320526e-71,0.012704680954822939,-0.003483960762024286,0.09143368104221176,1.1100078946122052,1.2321296640840116,0.5400655099595185,False
GUT_GENOME025761_4,GUT_GENOME025761_00184,7696,0.17238876880897397,0.15628743786226112,0.15664024232981466,0.005350012062443412,0.26814833204678246,0.0573403133301109,3.341874006906278e-77,0.016101330946712844,0.11631907600429203,0.09929992899970376,1.2142236400983626,1.4878691756162101,0.47524035718288815,False
GUT_GENOME025761_4,GUT_GENOME025761_00184,7699,0.19034363663095843,0.18877927041048564,0.18868576805485732,0.0063570071491932,0.4793791120661513,0.06027120354730788,4.8480000843453995e-91,0.0015643662204727904,-0.3964133290791546,0.12841456450754943,1.5999479981918605,2.71697712438976,0.257048997066307,False
GUT_GENOME025761_4,GUT_GENOME025761_00184,7753,0.206082161113752,0.21993147373848557,0.21957639225423264,0.007581692863203416,0.6760402233235767,0.06386950075753381,5.006661318465833e-94,-0.013849312624733573,-0.9400682649146227,0.15570689149669883,1.9615295576082805,4.731326548070526,0.09388700689801817,False
GUT_GENOME025761_4,GUT_GENOME025761_00184,7882,0.24144210605019145,0.234389457580103,0.23449243454212762,0.007894349043392996,0.4167842144769157,0.0674533512426413,1.132246282382037e-99,0.007052648470088463,-0.20283645724821692,0.1670390832994863,2.1116637541275773,4.5002664388851805,0.1053851842711594,False
GUT_GENOME025761_4,GUT_GENOME025761_00184,7915,0.2520599050789092,0.23715793706479038,0.23793799686080216,0.008501696459845427,0.33254765071157366,0.0706062876788835,1.5333969019104628e-86,0.014901968014118805,0.07401641842909316,0.16733170918191867,2.1155405991814114,4.480990456981916,0.10640579614716579,False
GUT_GENOME025761_4,GUT_GENOME025761_00184,7977,0.24412702304659845,0.22819283347725855,0.2292530139072596,0.008791827315276383,0.31924421469210285,0.07186151897455025,5.685756117955079e-72,0.015934189569339896,0.11042384257535617,0.15739149493270937,1.9838479747089228,3.947846211765802,0.13891082397349308,False
GUT_GENOME025761_4,GUT_GENOME025761_00185,8073,0.2350749125659843,0.202729051076888,0.20707529552023787,0.010071773841011067,0.16575099215161132,0.07257327958002775,5.586286494838639e-41,0.03234586148909632,0.689278931882135,0.1345020159402101,1.6805974123209038,3.2995131082362943,0.1920966680715851,False
GUT_GENOME025761_4,GUT_GENOME025761_00185,8112,0.22031284124993242,0.17807040337729202,0.18390076387268817,0.009567719476710245,0.09763900964202482,0.07359530627899886,4.716058972677142e-31,0.0422424378726404,1.0383404799278009,0.1103054575936893,1.3600300490864043,2.9278326866746633,0.2313285364102154,False
GUT_GENOME025761_4,GUT_GENOME025761_00185,8313,0.19920243861389478,0.18546375609051685,0.18685108372137949,0.008960087585388035,0.33014796081032016,0.07496509664965978,4.3868545410234296e-36,0.013738682523377926,0.03298624612705723,0.1118859870717197,1.3809696455377096,1.9081652543301022,0.3851653227342157,False
GUT_GENOME025761_4,GUT_GENOME025761_00185,8345,0.1957956277078777,0.1887850052232386,0.18946027155986842,0.009427376503599698,0.4102617041662286,0.07594873915370928,1.0864771038889911e-33,0.007010622484639101,-0.20431875324337456,0.11351153240615913,1.4025056331859,2.0087682040451096,0.3662701503944152,False
GUT_GENOME025761_4,GUT_GENOME025761_00185,8347,0.2090171816522262,0.1882160346179239,0.1901648040636107,0.00936364532779075,0.25760867082387306,0.07654661913106646,3.4891562675087017e-34,0.020801147034302303,0.2820860054438252,0.11361818493254423,1.403918615919888,2.0505599945936677,0.3586960174287616,False
GUT_GENOME025761_4,GUT_GENOME025761_00185,8355,0.21304982713558332,0.1989832757882084,0.20049577109767175,0.010509205889314014,0.3353244313475037,0.07766234502033355,7.325135522316571e-32,0.014066551347374917,0.04455048762077235,0.1228334260773382,1.526006456390863,2.3306804508938477,0.31181655605655106,False
GUT_GENOME025761_4,GUT_GENOME025761_00185,8478,0.22661690511068988,0.20080358819500613,0.20356534567343046,0.010463004301280065,0.22187258154628509,0.07838559818711825,2.7415734054269392e-33,0.025813316915683754,0.45886994668354664,0.12517974748631222,1.5570916238185526,2.6350959529352576,0.26779112773411456,False
GUT_GENOME025761_4,GUT_GENOME025761_00185,8480,0.22662229234611256,0.21339008755728128,0.21494857487538296,0.011817672432501584,0.3470216138381298,0.07930578144184175,8.512321666649414e-31,0.013232204788831275,0.015122300534166794,0.13564279343354121,1.6957109680521467,2.8756643711457945,0.23744193120952609,False
GUT_GENOME025761_4,GUT_GENOME025761_00185,8481,0.22373335167965458,0.1922884548177976,0.19641619098567864,0.01179492117019248,0.16353552263679877,0.08012056652894245,3.108496106580417e-23,0.031444896861856975,0.6575010629171172,0.11629562445673619,1.4393905915702376,2.5041529228380575,0.285910497936073,False
GUT_GENOME025761_4,GUT_GENOME025761_00187,9006,0.23863510085922754,0.2136034026903653,0.21729024095809663,0.011955598292164249,0.22912534898849424,0.08096244829111271,2.023454013089303e-30,0.02503169816886225,0.4313015190603645,0.13632779266698392,1.7047861594466267,3.0923168497845572,0.213064908512965,False
GUT_GENOME025761_4,GUT_GENOME025761_00187,9033,0.24283899176093532,0.2323183538972732,0.23427646658203138,0.012938087111109229,0.3805477374720094,0.08248180970354063,4.3484989208808186e-32,0.010520637863662113,-0.08051721275275235,0.15179465687849075,1.9096984369194152,3.6534311415219296,0.16094130096426085,False
GUT_GENOME025761_4,GUT_GENOME025761_00187,9082,0.2594337933150127,0.22830160497161966,0.23278885415611605,0.013295891992125946,0.19357262901477595,0.08292593661533992,9.086010528185399e-30,0.03113218834339304,0.6464715396444439,0.14986291754077613,1.8841058473833676,3.967780295714456,0.1375331709279995,False
GUT_GENOME025761_4,GUT_GENOME025761_00187,9089,0.2562605401243123,0.23786530092468175,0.24081603117248732,0.013472030866848938,0.3064018766264402,0.08320094628497017,6.415607690773383e-32,0.01839523919963057,0.19722737548143354,0.15761508488751713,1.9868101993869935,3.986313406027479,0.13626459893748108,False
GUT_GENOME025761_4,GUT_GENOME025761_00187,9091,0.2640824072595455,0.2682060272408918,0.26832525626579534,0.014590432465597492,0.5455664869983738,0.08363857560674813,5.047689615904376e-37,-0.004123619981346305,-0.5970339469496696,0.1846866806590472,2.345467408017553,5.857666895882879,0.05345936491661007,False
GUT_GENOME025761_4,GUT_GENOME025761_00187,9120,0.26218261334691145,0.2821077333275366,0.28059368795589895,0.013276139442047294,0.7106151798427509,0.08377625381294662,5.056550989535904e-50,-0.019925119980625128,-1.1543676992928835,0.19681743414295233,2.5061813245461955,7.613509616674867,0.02222017079320253,False
GUT_GENOME025761_4,GUT_GENOME025761_00187,9181,0.25863217892800333,0.28321252423444426,0.28149145570785244,0.012796224880573344,0.7542526462004331,0.08318555592825223,1.8111747382957213e-54,-0.02458034530644093,-1.3185618706663922,0.19830589977960023,2.525901216010594,8.118782359819052,0.017259523862150634,False
GUT_GENOME025761_4,GUT_GENOME025761_00187,9307,0.2807516775596676,0.28414678857388354,0.28389596963854563,0.013215154880542453,0.5348911138267552,0.08205709470576185,5.760654821365692e-53,-0.0033951110142159124,-0.5713387511590807,0.2018388749327838,2.572707729276226,6.945253028853653,0.031035408568834008,False
GUT_GENOME025761_4,GUT_GENOME025761_00187,9309,0.29577304253861203,0.2933217200346061,0.29313521863701175,0.013193228875395343,0.47569022582374193,0.08052677156966583,1.0013553593163161e-58,0.002451322504005926,-0.36512954755914223,0.21260844706734594,2.7153880763280096,7.5066519915650725,0.023439655867950288,False
GUT_GENOME025761_4,GUT_GENOME025761_00187,9325,0.319494712174773,0.2973901580477003,0.2979276991183267,0.010893776328871485,0.30196387151874937,0.07755885880775017,2.726644557376487e-91,0.022104554127072684,0.32805839831017525,0.22036884031057657,2.8182014088697,8.049881493656999,0.017864482649208292,False
GUT_GENOME025761_4,GUT_GENOME025761_00187,9385,0.30756900350513505,0.28870906211803965,0.28936135776201416,0.010030456385530453,0.32135394541658635,0.07279887374639941,1.1032673630534602e-103,0.018859941387095402,0.21361785827570592,0.21656248401561473,2.767773013908216,7.706200045892869,0.021213870912193473,False
GUT_GENOME025761_4,GUT_GENOME025761_00187,9430,0.30749053710443386,0.2941558642266962,0.2941814620622812,0.009203187326088906,0.36897914340926996,0.0705830044171392,1.0866352300218928e-130,0.013334672877737652,0.018736446310721896,0.22359845764514197,2.860988895353162,8.185608513754461,0.016692358203740924,False
GUT_GENOME025761_4,GUT_GENOME025761_00187,9571,0.27431655030734214,0.26472174805939036,0.26453786809479035,0.007923720982296113,0.3893955467680499,0.06422313093812043,2.6247222290376124e-141,0.009594802247951784,-0.11317230485036195,0.20031473715666992,2.5525152365630968,6.528142003471905,0.03823243645786885,False
GUT_GENOME025761_4,GUT_GENOME025761_00187,9631,0.25195396889468025,0.2500819050002653,0.24988494216195645,0.007408126255954665,0.47504584606294065,0.06123404837124717,2.383547896691682e-143,0.001872063894414966,-0.38556054300104187,0.18865089379070926,2.39798716445222,5.898999373196856,0.05236589875651281,False
GUT_GENOME025761_4,GUT_GENOME025761_00187,9634,0.227661191075215,0.23896071730785098,0.23833896260903326,0.006943603652223798,0.6516346243846488,0.058856916859617706,1.2632739367234157e-147,-0.01129952623263597,-0.8501349030409854,0.17948204574941556,2.2765139615940972,5.905245170701356,0.052202620440148464,False
GUT_GENOME025761_4,GUT_GENOME025761_00187,9649,0.21552005050633996,0.23473854058307164,0.23361573603024435,0.0068851039035028915,0.7682382698420982,0.057704317504773804,2.7759690387298516e-144,-0.01921849007673168,-1.129444198620616,0.17591141852547054,2.2292086160205207,6.2450152515378905,0.04404657748457071,False
GUT_GENOME025761_4,GUT_GENOME025761_00187,9742,0.20523773384649324,0.2389890206787163,0.2370279614015454,0.007389071510592816,0.9192346795319504,0.056515353869695306,4.138538942707177e-132,-0.03375128683222306,-1.642029595459458,0.18051260753185008,2.2901673278503267,7.941127581917858,0.018862795463179354,False
GUT_GENOME025761_4,GUT_GENOME025761_00187,9762,0.2057383185384746,0.2512973103287903,0.24970030407053873,0.006391426739906054,0.9624264451575382,0.055921661810972106,3.2670117716156518e-202,-0.04555899179031572,-2.0584984440596354,0.19377864225956662,2.465921983216546,10.318187071506564,0.005746906690760078,False
GUT_GENOME025761_4,GUT_GENOME025761_00187,9773,0.2155050505800484,0.25208534828585244,0.25061515986284033,0.006443070052722524,0.9158561089640507,0.05533190650301537,4.357220977544329e-202,-0.03658029770580404,-1.7418114671592715,0.19528325335982497,2.4858557773618,9.213386132970573,0.009984782784968978,False
GUT_GENOME025761_4,GUT_GENOME025761_00187,9784,0.2101131582380757,0.2521588877284003,0.2504074768266314,0.006429001184410883,0.9387360259115709,0.05483789278691847,1.4984794849079808e-203,-0.04204572949032459,-1.9345823816156034,0.19556958403971292,2.489649220617255,9.940962232977606,0.006939808375189454,False
GUT_GENOME025761_4,GUT_GENOME025761_00187,9789,0.21279445655393162,0.25537699897196325,0.2536928124726388,0.006176424814593157,0.9428781295062388,0.05435719041674854,8.202054899843863e-229,-0.04258254241803164,-1.9535162779747446,0.19933562205589028,2.539543460095344,10.265506834025333,0.005900292122472588,False
GUT_GENOME025761_4,GUT_GENOME025761_00187,9818,0.20928238265854968,0.25638103652996064,0.25432527506662184,0.006230742259907955,0.9577674453887243,0.053994691368697764,4.145954319674042e-227,-0.04709865387141096,-2.1128037723535655,0.20033058369792406,2.552725178980257,10.980345619871242,0.0041271309034013525,False
GUT_GENOME025761_4,GUT_GENOME025761_00187,9819,0.20794236236240463,0.2572477264007437,0.2549616629833162,0.006211832104052346,0.9679034638550023,0.053605620823345454,8.45808487275775e-231,-0.0493053640383391,-2.1906365134049914,0.20135604215997072,2.566310934052406,11.38484014410011,0.0033714239996256146,False
GUT_GENOME025761_4,GUT_GENOME025761_00187,9973,0.21555947007856235,0.23533738668526663,0.23335905715287938,0.006228123472213911,0.7610305192161628,0.053615902113477394,1.902075405830058e-183,-0.019777916606704277,-1.1491756979798036,0.179743155039402,2.2799732600368037,6.518882851310219,0.03840984678163312,False
GUT_GENOME025761_4,GUT_GENOME025761_00187,10033,0.2076622790433962,0.23664224142093135,0.23432659951586193,0.006377051585170685,0.8592789576356127,0.053315439427272196,1.5587287706881969e-177,-0.02897996237753514,-1.4737404987218368,0.18101116008858975,2.296772386150729,7.447074451357402,0.02414839826101692,False
GUT_GENOME025761_4,GUT_GENOME025761_00187,10059,0.2054678601486681,0.2395042543167068,0.23604581891345444,0.006462756163914604,0.904377400510531,0.05323386706110215,2.4976350117720354e-176,-0.03403639416803869,-1.6520855990855667,0.1828119518523523,2.320630120758129,8.114710984075803,0.01729469465177606,False
GUT_GENOME025761_4,GUT_GENOME025761_00187,10134,0.19927458743909407,0.2321539476308938,0.22954382395295503,0.006155577291505661,0.8991851025191006,0.053162411300239264,7.162964295567024e-181,-0.03287936019179974,-1.611275923574047,0.17638141265271576,2.235435318841187,7.593381166611998,0.02244492870227437,False
GUT_GENOME025761_4,GUT_GENOME025761_00188,10259,0.19048937163012872,0.2259532667338358,0.22370432010125038,0.005867241154840268,0.9264100544224231,0.05291938339007157,1.4127008448737155e-186,-0.035463895103707094,-1.7024348983916977,0.1707849367111788,2.1612905784904677,7.569461547933611,0.022714977416848293,False
GUT_GENOME025761_4,GUT_GENOME025761_00188,11010,0.18115838141868326,0.22319558511000281,0.22080239901440984,0.005813396992012457,0.9657564378568558,0.05281832884699572,6.697025253499758e-184,-0.04203720369131955,-1.9342816686737043,0.16798407016741412,2.1241833837461592,8.253600621550413,0.016134421452885624,False
GUT_GENOME025761_4,GUT_GENOME025761_00188,11261,0.1904529615129002,0.18684933308804774,0.18670057503840784,0.004007579807904458,0.4379911231716713,0.05283799847483266,6.3373008831697786e-245,0.0036036284248524564,-0.32448663500387787,0.13386257656357517,1.672125819295954,2.9012963318523055,0.23441829688884866,False
GUT_GENOME025761_4,GUT_GENOME025761_00188,11271,0.18099795046308637,0.17947308743859866,0.17933763576368053,0.0039008326812987925,0.4721996225422737,0.05229175478243454,5.652150180055641e-233,0.0015248630244877048,-0.39780664391944964,0.127045880981246,1.581815036352985,2.660388935178851,0.2644258340449903,False
GUT_GENOME025761_4,GUT_GENOME025761_00189,11482,0.17006672367371853,0.17049905756192943,0.1703720417874342,0.003318248585795424,0.5088594046895251,0.048261461535233884,9.330970970051323e-297,-0.0004323338882109007,-0.466838818047137,0.12211058025220031,1.5164298555837967,2.5174979889415425,0.2840091013092764,False
GUT_GENOME025761_4,GUT_GENOME025761_00191,12916,0.16397128073314526,0.1755001860925795,0.174818236311682,0.003456847174930093,0.7393625829866165,0.04499315196422175,5.63874577140124e-309,-0.011528905359434238,-0.8582253203718415,0.12982508434746026,1.618635227152056,3.3565306991049386,0.1866975503033391,False
GUT_GENOME025761_4,GUT_GENOME025761_00191,13018,0.1899604293387562,0.1801350528464782,0.1802270516571608,0.003587782300488438,0.3304946955122977,0.04472160270734955,0.0,0.009825376492277993,-0.10503973460134178,0.13550544894981126,1.6938913638599478,2.8803012984044343,0.23689206839271748,False
GUT_GENOME025761_4,GUT_GENOME025761_00192,14244,0.17746785190959974,0.17629298096838536,0.1759660127418814,0.003528078069228007,0.47769513896547794,0.04426398325654696,2.708679986811227e-305,0.0011748709412143787,-0.4101511935552465,0.13170202948533444,1.643501877407325,2.869322422616195,0.23819604847410297,False
GUT_GENOME025761_4,GUT_GENOME025761_00193,15038,0.1743326271499706,0.17397259669435824,0.17372505000168634,0.003367532413688375,0.49301690549404553,0.044198489882268356,0.0,0.0003600304556123646,-0.43889138312095,0.129526560119418,1.6146802380468024,2.799817917316699,0.2466194154820443,False
GUT_GENOME025761_4,GUT_GENOME025761_00193,15124,0.17264733062273355,0.1744776081765942,0.17434194160597039,0.0033138669070139925,0.536151820053217,0.04404726397926398,0.0,-0.001830277553860643,-0.5161456046671766,0.1302946776267064,1.624856619350266,2.9065653186636204,0.23380153621421643,False
GUT_GENOME025761_4,GUT_GENOME025761_00193,15646,0.1793679764033132,0.17727811333412033,0.1773204999178905,0.00337343091460437,0.4596630507001115,0.043961809477743204,0.0,0.002089863069192871,-0.3778785614586715,0.1333586904401473,1.6654500994004033,2.9165162408028884,0.23264115488262224,False
GUT_GENOME025761_4,GUT_GENOME025761_00194,15807,0.1952075821693718,0.1770884897493389,0.17739025948963175,0.003388609930825648,0.20436728279754768,0.04318023318878874,0.0,0.0181190924200329,0.18748741909262945,0.134210026300843,1.6767289965138612,2.8465716600683955,0.24092108914695312,False
GUT_GENOME025761_4,GUT_GENOME025761_00194,15839,0.19871182882684088,0.1606675158046847,0.16130123580651942,0.0031291945713212525,0.054891625806675885,0.04283844931503591,0.0,0.03804431302215619,0.8902686718189222,0.11846278649148351,1.4681021715078344,2.9479022940082467,0.2290188081813769,False
GUT_GENOME025761_4,GUT_GENOME025761_00194,16583,0.18769276628042145,0.15611173459415106,0.15665400808344793,0.0030488247457206535,0.08836347974987974,0.042585545980634396,1.1605823246862456e-306,0.03158103168627038,0.6623026660888649,0.11406846210281353,1.4098840992390758,2.4264179947955986,0.2972418988628916,False
GUT_GENOME025761_4,GUT_GENOME025761_00194,16604,0.18290440257854979,0.1536337351243819,0.1542174616446856,0.002998998246004908,0.10178296429597078,0.0424103906094876,1.6382264383261777e-304,0.029270667454167898,0.5808139487635481,0.11180707103519802,1.3799241288413935,2.241535444436984,0.32602939850489254,False
GUT_GENOME025761_4,GUT_GENOME025761_00194,16616,0.178186613879384,0.15506888342568353,0.15545552870503068,0.0030505996247626784,0.15027920323921812,0.042229523284485204,7.759133526141259e-302,0.02311773045370047,0.363794079348719,0.11322600542054548,1.3987228376494585,2.0887717087313353,0.3519078757118045,False
GUT_GENOME025761_4,GUT_GENOME025761_00194,17054,0.17020690853739628,0.15013260317384136,0.1504834299927472,0.0029827182097856278,0.18625504921509717,0.04195564352600522,3.6051852624076604e-290,0.020074305363554923,0.2564496167632862,0.10852778646674197,1.336478627528737,1.851941527779133,0.3961466674739719,False
GUT_GENOME025761_4,GUT_GENOME025761_00194,17073,0.15803159626754018,0.14908631977430678,0.14924086552173554,0.002999883658367361,0.3447543523546729,0.041877726778492774,8.159482048963055e-281,0.0089452764932334,-0.13608168852515715,0.10736313874324277,1.3210488277831511,1.7636882313390956,0.4140187088704508,False
GUT_GENOME025761_4,GUT_GENOME025761_00194,17261,0.14809863702763162,0.14660103971433255,0.1465598855153115,0.0029252690560117563,0.47191779979673676,0.041954086268132844,2.3649804180930186e-280,0.0014975973132990705,-0.39876833117241683,0.10460579924717864,1.284518299799087,1.8090034444647713,0.4047435095587548,False
GUT_GENOME025761_4,GUT_GENOME025761_00194,17358,0.13610163950089993,0.13994286848565546,0.13984346340015133,0.002852466785340538,0.5773630398759063,0.04186667586953189,7.519840452322105e-259,-0.003841228984755529,-0.5870737511603421,0.09797678753061945,1.1966940408117117,1.776732216615738,0.41132726821747323,False
GUT_GENOME025761_4,GUT_GENOME025761_00194,17360,0.14404273031351567,0.13775242841814972,0.1379304078210417,0.0028425849699802086,0.38396175196332816,0.041748110543766634,2.8950988597038628e-251,0.006290301895365946,-0.2297251372529942,0.09618229727727508,1.1729197915723637,1.4285144761480641,0.489555600047363,False
GUT_GENOME025761_4,GUT_GENOME025761_00194,17410,0.14049703804846503,0.1294052592400105,0.12951984631790148,0.0025382605486798894,0.2938990123964343,0.041690274888617186,1.1678124153481548e-262,0.011091778808454522,-0.06037253497579893,0.0878295714292843,1.0622589586322086,1.1320389381737883,0.5677810164105999,False
GUT_GENOME025761_4,GUT_GENOME025761_00194,17460,0.13692312611637486,0.12939771031857553,0.12947419917867017,0.0025634800893165094,0.3553931831522336,0.04184512267200431,2.1163139868891908e-256,0.007525415797799334,-0.18616150937931844,0.08762907650666586,1.0596027077817676,1.15741400591284,0.5606227817304841,False
GUT_GENOME025761_4,GUT_GENOME025761_00194,17616,0.13059573110168748,0.12302756205962771,0.12306736554494294,0.002429239351204779,0.35360054147122166,0.04180863959671601,1.2750514628373662e-245,0.007568169042059772,-0.18465356228254895,0.08125872594822692,0.9752053132369426,0.9851223410291986,0.6110593611032189,False
GUT_GENOME025761_4,GUT_GENOME025761_00194,17623,0.13120654896106249,0.11089242859263808,0.1111222722361277,0.0022539407663087143,0.16332379787134993,0.04180148408909849,5.181885444954931e-208,0.020314120368424407,0.26490811731944963,0.0693207881470292,0.8170459093836391,0.737740328662273,0.6915151879589789,False
GUT_GENOME025761_4,GUT_GENOME025761_00198,23043,0.12828005693514308,0.10978660398206598,0.10996678172989974,0.002162589321243948,0.1827969936015909,0.04211586282976121,2.229476824553045e-216,0.018493452953077097,0.20069146684887096,0.06785091890013853,0.7975723916201934,0.6763987847407067,0.7130530963757269,False
GUT_GENOME025761_4,GUT_GENOME025761_00199,23437,0.12023738529159025,0.10992310331751477,0.11002320661817101,0.0021603942549642758,0.29132863898692835,0.042145031557746716,5.506526655395531e-217,0.010314281974075482,-0.08779557887411352,0.06787817506042429,0.7979334940261461,0.6444059245586145,0.724551118858869,False
GUT_GENOME025761_4,GUT_GENOME025761_00199,24053,0.1150618232776225,0.10591199600638135,0.1060035617743367,0.002066887394834457,0.3033722623807251,0.04213571066586293,5.880879796857111e-210,0.009149827271241154,-0.12886699038529775,0.06386785110847377,0.7448028397991253,0.5713379713838059,0.7515113357845443,False
GUT_GENOME025761_4,GUT_GENOME025761_00199,24060,0.10841474478973025,0.09812673007845898,0.09827695221726232,0.0020386868927185038,0.2611823277231709,0.04213726261324224,3.1511158888232368e-167,0.010288014711271262,-0.08872204991440268,0.05613968960402008,0.6424165284628561,0.42057059818328135,0.8103530200069606,False
GUT_GENOME025761_4,GUT_GENOME025761_00199,24066,0.1044452601190228,0.09742919006294412,0.09753548445217046,0.0020260904091628997,0.3226429302143149,0.042180406528631795,1.1900193998867607e-164,0.007016070056078683,-0.2041266122800661,0.055355077923538665,0.6320216246102972,0.4411190078159759,0.8020699111474584,False
GUT_GENOME025761_4,GUT_GENOME025761_00199,24082,0.10133919662095682,0.09466260856663489,0.09476449918727428,0.0020759299868550267,0.3217202111215065,0.04224564043668427,1.6399816400753852e-141,0.006676588054321933,-0.21610046146531497,0.05251885875059001,0.5944460616394578,0.4000655296441841,0.8187039279499786,False
GUT_GENOME025761_4,GUT_GENOME025761_00202,26857,0.09944010174664145,0.09365985129555388,0.09374733324042007,0.0021309759733137285,0.34360285057379536,0.042213962408009134,1.6798114768145284e-129,0.005780250451087571,-0.2477151309460434,0.05153337083241094,0.5813898550952926,0.3993769497073408,0.8189858480278218,False
GUT_GENOME025761_4,GUT_GENOME025761_00202,26882,0.0964493445810594,0.09406635738724463,0.09410639443331868,0.00216550253343683,0.4323395991748063,0.04223200366181111,4.107884846108662e-127,0.002382987193814773,-0.3675397981586493,0.05187439077150757,0.5859078473287755,0.4783735087919404,0.7872678429125126,False
GUT_GENOME025761_4,GUT_GENOME025761_00202,26892,0.09310241436470963,0.09267929662275087,0.09262558525810222,0.002230852409812774,0.4880192598872577,0.04221129934525488,2.233369228155604e-113,0.00042311774195875895,-0.4366662352535835,0.050414285912847336,0.5665636927641701,0.5116718189691108,0.774269008569661,False
GUT_GENOME025761_4,GUT_GENOME025761_00203,27750,0.08893352994215814,0.09460497145481224,0.09441074969692288,0.0022757784525989488,0.6620880833066187,0.0421904411517732,8.052909977520422e-117,-0.005671441512654099,-0.6516270667193601,0.05222030854514968,0.5904907283734404,0.7732971343762736,0.6793297917601312,False
GUT_GENOME025761_4,GUT_GENOME025761_00204,29225,0.08782224023254862,0.09358548940932564,0.0934265705736028,0.002176794568668611,0.6645392240552093,0.04215627112737361,5.8315929263974564e-123,-0.005763249176777022,-0.6548652092970793,0.0512702994462292,0.5779045618811504,0.7628221249907517,0.6828971185229943,False
GUT_GENOME025761_4,GUT_GENOME025761_00204,29257,0.08540445542154433,0.0868343327787794,0.08667175010905491,0.002247584896697205,0.5441152394449051,0.04220252439851117,1.9911159673606222e-87,-0.001429877357235071,-0.502023113509092,0.04446922571054374,0.4878007444956675,0.48997677282789015,0.7827136283011625,False
GUT_GENOME025761_4,GUT_GENOME025761_00204,29264,0.07924828111913326,0.08364713884400134,0.08356314554530651,0.002053088379004152,0.65424056821597,0.042258419518217995,2.5494300605801124e-90,-0.004398857724868074,-0.6067418407819304,0.04130472602708852,0.44587596722140227,0.5669410395010663,0.7531653253144653,False
GUT_GENOME025761_4,GUT_GENOME025761_00204,29342,0.07713206579814502,0.08429808889939482,0.08415142625392386,0.0020659034069773936,0.7440071728169166,0.0422503524568535,9.233477104008252e-92,-0.007166023101249794,-0.7043423636844037,0.04190107379707036,0.45377666241350756,0.7020114246316753,0.70397973248956,False
GUT_GENOME025761_4,GUT_GENOME025761_00204,29511,0.07708735567051529,0.07845692208150856,0.07845301408195057,0.001998246976189779,0.5506263834872008,0.04224255021618193,1.0857412991612602e-73,-0.0013695664109932698,-0.4998958897659127,0.03621046386576864,0.3783847907783522,0.3930709504972309,0.8215721853007469,False
GUT_GENOME025761_4,GUT_GENOME025761_00204,29548,0.07497440420578333,0.07604824328821767,0.07608741071456407,0.0018741160356207744,0.5421150741113632,0.0422610793234886,4.000682894548229e-73,-0.0010738390824343441,-0.4894653090170153,0.03382633139107547,0.34679868460288343,0.3598456163734125,0.8353346899220556,False
GUT_GENOME025761_4,GUT_GENOME025761_00204,29798,0.075693228996784,0.07490619584609429,0.07499585244369007,0.0018470371586163398,0.4709892465012323,0.04238827637154285,4.740706741891468e-70,0.0007870331506897171,-0.4238305968462933,0.032607576072147225,0.3306520420340643,0.2889631477243818,0.865470859541512,False
GUT_GENOME025761_4,GUT_GENOME025761_00204,30114,0.07865261715302642,0.07528753776885412,0.07534769758016353,0.0018468424182633962,0.38190710681042495,0.04252542146559518,5.812354164215309e-71,0.003365079384172298,-0.3329004838135614,0.03282227611456835,0.33349648897976686,0.22204264028513504,0.8949196689107097,False
GUT_GENOME025761_4,GUT_GENOME025761_00205,30162,0.07573805326168082,0.07515638893288985,0.07519280412442633,0.0017392835514291405,0.4786648499382687,0.04278133310864917,8.364722777028372e-78,0.0005816643287909623,-0.4310741481628368,0.03241147101577716,0.3280539501923564,0.2934443154511244,0.8635338703031625,False
GUT_GENOME025761_4,GUT_GENOME025761_00206,31447,0.075925448645458,0.07552910159660982,0.07558210173502415,0.0017537239270177896,0.4853990078749924,0.0431851313399082,1.6954021799359616e-76,0.00039634704884818073,-0.43761046275380994,0.03239697039511595,0.3278618391630085,0.2989963026909541,0.8611400299686408,False
GUT_GENOME025761_4,GUT_GENOME025761_00206,31449,0.08412405900739178,0.07440977247881123,0.07456356148864897,0.0017430248534615995,0.23481937482706605,0.04303564792502237,1.9793850371903397e-73,0.009714286528580557,-0.10895798200304346,0.0315279135636266,0.31634816630996293,0.11194800416985151,0.9455637182560943,False
GUT_GENOME025761_4,GUT_GENOME025761_00206,32088,0.09624494096997807,0.07740027843267515,0.07770137770829191,0.0018422749663994278,0.11652110773399621,0.04411329011334694,1.441894626202402e-74,0.018844662537302923,0.21307895888724787,0.03358808759494497,0.34364231895621644,0.16349268609807946,0.9215056753730734,False
GUT_GENOME025761_4,GUT_GENOME025761_00206,32305,0.10563460014306435,0.07964723666892734,0.08008074315477302,0.0019908135792599054,0.06125762598672944,0.0458484351237188,1.4439251879856614e-66,0.025987363474137007,0.465008732337415,0.034232308031054225,0.35217725370138925,0.3402619391747024,0.8435543293988805,False
GUT_GENOME025761_4,GUT_GENOME025761_00207,33148,0.10604727739939422,0.08108688771839301,0.08195051136558987,0.002851355194329807,0.0724546753457312,0.046894191526782286,4.840731751355172e-35,0.024960389681001213,0.4287864016907904,0.03505631983880758,0.36309414893511033,0.31569513926584797,0.853979944524286,False
GUT_GENOME025761_4,GUT_GENOME025761_00207,33155,0.11017968722375597,0.08183918180313529,0.08282241988184663,0.0027479749649005915,0.05657335443856789,0.04702456545706583,4.296311357664052e-39,0.02834050542062068,0.5480062598436527,0.035797854424780805,0.37291834721853284,0.4393789545200312,0.8027680369937014,False
GUT_GENOME025761_4,GUT_GENOME025761_00207,33581,0.10981079559164517,0.08240055646725417,0.08355965002512637,0.00324047534869277,0.0634485082337137,0.047302159080744775,2.309559373782831e-29,0.027410239124391,0.5151948934809799,0.0362574909443816,0.3790078275910956,0.4090727116441999,0.8150251104709509,False
GUT_GENOME025761_4,GUT_GENOME025761_00207,33622,0.11066886089475521,0.08046215378683517,0.08174703814370646,0.0031494319710971878,0.04863016704835052,0.04742054915156318,5.809697359281527e-28,0.030206707107920033,0.6138289468707867,0.03432648899214328,0.35342500728397885,0.5016952117901796,0.7781409466167116,False
GUT_GENOME025761_4,GUT_GENOME025761_00207,33698,0.10459598734823054,0.07568056284310122,0.07669815269679801,0.002707912036556559,0.05236937514743217,0.04757232513980948,2.7817015840294087e-27,0.028915424505129322,0.5682841961584046,0.02912582755698853,0.2845242033156069,0.4039009498757849,0.8171353956213647,False
GUT_GENOME025761_4,GUT_GENOME025761_00207,33712,0.10276097908901526,0.07459728063631106,0.07546229385057593,0.0025360176053290423,0.043211425042697565,0.0486228347544097,1.780758097824711e-26,0.028163698452704194,0.5417701119542866,0.02683945909616623,0.25423332068792476,0.3581494355549694,0.8360434297563162,False
GUT_GENOME025761_4,GUT_GENOME025761_00207,33713,0.10120304051103769,0.06561020496838478,0.06725976089137906,0.0025673704256571972,0.010820837378358011,0.05060891548912417,4.4200209779425897e-11,0.03559283554265291,0.8038027576652784,0.016650845402254887,0.1192497837692661,0.6603193841593231,0.7188089361721669,False
GUT_GENOME025761_4,GUT_GENOME025761_00207,33743,0.09637306340313284,0.06502164161183088,0.0666040705966072,0.002534368256644491,0.023105972995040386,0.05078086061604583,2.1400700349541543e-10,0.03135142179130196,0.6542041093478136,0.015823209980561366,0.10828488119708216,0.43970863218343226,0.8026357205541002,False
GUT_GENOME025761_4,GUT_GENOME025761_00207,33833,0.09246530783898446,0.06157246915452947,0.0633337944629292,0.0024287937848918566,0.0220656762000352,0.051049903900730526,2.1227231159046672e-07,0.03089283868445499,0.6380294522765295,0.012283890562198668,0.06139431612825563,0.4108508440251445,0.814300821219097,False
GUT_GENOME025761_4,GUT_GENOME025761_00207,34165,0.08608555978387139,0.06062514923328237,0.06254034329687778,0.002541387561294001,0.03463788222435596,0.051175706389786316,3.877769286372602e-06,0.02546041055058902,0.44642260758959806,0.011364636907091469,0.049215612192711734,0.20171532105059967,0.9040617073964431,False
GUT_GENOME025761_4,GUT_GENOME025761_00207,34651,0.08898876136369353,0.06103559913660836,0.0635253930150126,0.0028591533256850364,0.02488129511249036,0.051201850747262904,8.15509533560053e-06,0.027953162227085174,0.5343443014531455,0.012323542267749697,0.06191964053655405,0.28935787437962607,0.8653000641876369,False
GUT_GENOME025761_4,GUT_GENOME025761_00207,34681,0.08797526697211466,0.05895064462451426,0.061230852471349295,0.002662145495673533,0.019643397709283125,0.05125635389073705,8.955616160055189e-05,0.0290246223476004,0.5721357066665821,0.009974498580612244,0.03079840708987357,0.32828780872214286,0.8486198929894844,False
GUT_GENOME025761_4,GUT_GENOME025761_00207,34975,0.08484223811986237,0.058349369061382564,0.060086123292884985,0.0025331814168397097,0.02591597005226926,0.051306784366137774,0.00026439076319778436,0.026492869058479807,0.4828383892791661,0.008779338926747211,0.014964370968002549,0.23335684256016753,0.8898713108332965,False
GUT_GENOME025761_4,GUT_GENOME025761_00207,35004,0.0811336890845596,0.0581864234501535,0.0595970247412825,0.0024134399008758378,0.04161110292495625,0.051520312325368724,0.00040911036545123467,0.022947265634406105,0.3577816250004501,0.008076712415913775,0.0056556451281180664,0.12803967750977788,0.9379863908640462,False
GUT_GENOME025761_4,GUT_GENOME025761_00207,35084,0.07937446452626662,0.058595478191630315,0.060060802640426535,0.002577256426630879,0.05325892469890966,0.05195944666492545,0.0008349783306546965,0.020778986334636304,0.28130437674402037,0.008101355975501087,0.0059821345736202495,0.07916793830939864,0.9611892403538991,False
GUT_GENOME025761_4,GUT_GENOME025761_00207,35228,0.08356524649401881,0.05910840894469787,0.06011918484634663,0.002229115060750228,0.031716633667466694,0.05238176876631589,0.000259193701148271,0.024456837549320938,0.4110256448599452,0.007737416080030743,0.0011604879990964408,0.16894342746492982,0.9189976500225768,False
GUT_GENOME025761_4,GUT_GENOME025761_00207,35281,0.08327008872572833,0.05999950018036802,0.06103884122461686,0.0022992327460187503,0.03867673300480212,0.052843309818286326,0.00018230052859998343,0.023270588545360307,0.36918552786972575,0.008195531406330538,0.007229814888734601,0.13635022421177342,0.9340968875816008,False
GUT_GENOME025761_4,GUT_GENOME025761_00207,35362,0.08066299592674048,0.06073484073287666,0.06166794851595513,0.002309375377971492,0.06654909305958753,0.053383439134866414,0.00016703576463705355,0.019928155193863817,0.25129476295299863,0.008284509381088719,0.008408636866045982,0.0632197630615488,0.9688844880936983,False
GUT_GENOME025761_4,GUT_GENOME025761_00207,35615,0.0770848157739496,0.0623504405403082,0.06305027233229551,0.0022726196880988475,0.10936164546209315,0.05354763830278054,1.4488729558634385e-05,0.014734375233641399,0.06810526358851675,0.009502634029514977,0.02454692401600775,0.005240878407109003,0.9973829911502565,False
GUT_GENOME025761_4,GUT_GENOME025761_00209,37646,0.07965857303001983,0.0641670785525685,0.06503676384949601,0.002461724027222941,0.10382493633049944,0.054550704886755196,1.0237805507509729e-05,0.015491494477451337,0.09480957072031487,0.010486058962740817,0.03757579916711373,0.010400795383217653,0.9948131009668655,False
GUT_GENOME025761_4,GUT_GENOME025761_00209,37647,0.07680844203735,0.06407647392063927,0.06486827147218226,0.0024663949331614867,0.14721436301755503,0.05445382082588865,1.207823891237561e-05,0.012731968116710735,-0.002521516922742193,0.010414450646293608,0.036627098576707484,0.0013479023977395227,0.9993262758552288,False
GUT_GENOME025761_4,GUT_GENOME025761_00209,37649,0.0747547844715617,0.06512317310468532,0.0657884959477404,0.0026954359048129094,0.2103111993841844,0.05451220557785815,1.4354295062811436e-05,0.009631611366876375,-0.11187401263939298,0.011276290369882251,0.048045155796456115,0.014824131699544801,0.9926153357676478,False
GUT_GENOME025761_4,GUT_GENOME025761_00209,37681,0.0765444721585334,0.06259888357559222,0.06346250638200344,0.002651376497757863,0.1266892093018993,0.05398869292106739,0.00017634421243894422,0.013945588582941176,0.04028401726044315,0.009473813460936058,0.024165095594628493,0.002206753891737215,0.9988972315506528,False
GUT_GENOME025761_4,GUT_GENOME025761_00209,37722,0.07288144622295573,0.057449917635997334,0.05856137748797668,0.0027078948831728926,0.09793889275778017,0.05380900175357623,0.039629015442088786,0.015431528586958392,0.09269451741761824,0.004752375734400446,-0.03838672772651912,0.010065814424835043,0.9949797366444074,False
GUT_GENOME025761_4,GUT_GENOME025761_00209,37866,0.06931109222811066,0.055786304376324085,0.05677549939635988,0.0025740507325043055,0.12393610204501515,0.053564502019623865,0.10611642869859333,0.013524787851786575,0.025441980080816815,0.0032109973767360175,-0.05880763175704034,0.0041056319033043395,0.9979492896339738,False
GUT_GENOME025761_4,GUT_GENOME025761_00209,37877,0.06772139663619522,0.05415250111345952,0.0551452450418723,0.00244319000395592,0.1228598308408132,0.05317562231010991,0.21007285993156605,0.013568895522735706,0.026997699079539784,0.001969622731762391,-0.07525394577518986,0.006392032110324599,0.9968090857675338,False
GUT_GENOME025761_4,GUT_GENOME025761_00209,37889,0.06538261778873349,0.053780183776589,0.05464212222016006,0.0024039612942577566,0.1575698630332888,0.05260824208210485,0.19876141828624755,0.011602434012144489,-0.042361246120999924,0.002033880138055208,-0.07440263349314633,0.007330227043639391,0.9963415948086441,False
GUT_GENOME025761_4,GUT_GENOME025761_00210,38322,0.06518702113275633,0.05120755044830366,0.052044101975207806,0.002099285696262921,0.1131238954003278,0.05258046908999828,0.6008314581892104,0.013979470684452669,0.041479070816974856,-0.0005363671147904717,-0.10845447561489696,0.013482886596741895,0.9932812292533184,False
GUT_GENOME025761_4,GUT_GENOME025761_00210,38524,0.061902583191259485,0.049237929191276945,0.04986519352396641,0.0019443561522767918,0.12782292772722115,0.05221091345620667,0.886173175379229,0.01266465399998254,-0.004895749069279326,-0.0023457199322402603,-0.132425631080244,0.01756051612595023,0.9912581758340827,False
GUT_GENOME025761_4,GUT_GENOME025761_00210,38692,0.060440504760883126,0.04878478988640859,0.04935135422311714,0.001906864605563499,0.14278048634351637,0.05198384008104627,0.9162884068552988,0.011655714874474539,-0.040481980042979204,-0.0026324858579291274,-0.13622484067638058,0.02019599792550544,0.9899528146463505,False
GUT_GENOME025761_4,GUT_GENOME025761_00210,38777,0.060453407556287676,0.04790865540715599,0.04843900266713022,0.00187737820829242,0.1288695122302057,0.05159662190459555,0.953708818957761,0.012544752149131685,-0.00912480001068695,-0.0031576192374653256,-0.14318205419466368,0.02058436261863864,0.9897606019485726,False
GUT_GENOME025761_4,GUT_GENOME025761_00210,38871,0.05894209696959668,0.04752279157547146,0.04799905383878324,0.00187447792628597,0.14585762111342288,0.051435556407273465,0.9666218948882581,0.011419305394125223,-0.04882036454942523,-0.003436502568490228,-0.14687683147647335,0.023956231619307128,0.988093336247975,False
GUT_GENOME025761_4,GUT_GENOME025761_00210,38895,0.056664268985180725,0.043462573106860594,0.04402186687484528,0.0017562966574594023,0.09989922809381341,0.049763729916400885,0.9994609329530922,0.013201695878320131,0.014046222593727257,-0.005741863041555606,-0.17741932919751263,0.031674914742047894,0.9842872956982126,False
GUT_GENOME025761_4,GUT_GENOME025761_00210,38896,0.05177694010571692,0.04183218703277964,0.04235628881097132,0.0018278419530951375,0.14760892349757493,0.04860306350492166,0.9996840837930444,0.009944753072937282,-0.1008292104331438,-0.006246774693950345,-0.18410863578221662,0.04406251944616009,0.9782096560103053,False
GUT_GENOME025761_4,GUT_GENOME025761_00210,38956,0.05184829954912768,0.04094256102468512,0.04157599582150872,0.0018233977410763008,0.12855892395157187,0.048437823087446874,0.9999161266393602,0.010905738524442564,-0.06693435059963934,-0.006861827265938154,-0.19225714097163663,0.0414430155447832,0.9794917074168377,False
GUT_GENOME025761_4,GUT_GENOME025761_00210,39028,0.049748837123830617,0.04134374241397152,0.04176839065011431,0.002006412419928225,0.17064601679404495,0.04845829166076901,0.9995723668971264,0.008405094709859097,-0.15513440758911878,-0.0066899010106546974,-0.18997938123664837,0.06015884971308662,0.9703684591120766,False
GUT_GENOME025761_4,GUT_GENOME025761_00210,39090,0.049087467891768405,0.041206150441919984,0.04163875365738115,0.0020468818453680425,0.1851907101998943,0.048657597990923035,0.9996971423886726,0.007881317449848421,-0.17360852370006524,-0.007018844333541885,-0.1943373767896276,0.06790693551878979,0.9666164824217729,False
GUT_GENOME025761_4,GUT_GENOME025761_00210,39273,0.046485014979766794,0.04143536572300786,0.04169832882743314,0.0019788753580632355,0.2776015414200265,0.049800430430641335,0.9999788273536192,0.005049649256758937,-0.273484121555808,-0.008102101603208192,-0.20868887759682658,0.11834461237577522,0.9425443489408164,False
GUT_GENOME025761_4,GUT_GENOME025761_00212,40532,0.0483390831558476,0.04137759805895966,0.04184627854187461,0.0020981025164443323,0.22235213356498634,0.05100487413569371,0.9999936491001861,0.0069614850968879385,-0.20605187507971595,-0.009158595593819104,-0.22268580591997927,0.09204634338209755,0.9550198325098201,False
GUT_GENOME025761_4,GUT_GENOME025761_00212,40544,0.04472395704270402,0.04132831100236122,0.04152876979960054,0.0020960801839990995,0.3438560984088881,0.05109254041393903,0.9999974749196557,0.0033956460403428007,-0.33182236912945745,-0.009563770614338489,-0.22805375478759413,0.16211459972740605,0.922140851385659,False
GUT_GENOME025761_4,GUT_GENOME025761_00212,40563,0.04093607536492875,0.04034865497395601,0.04038336851368164,0.0021276770879639943,0.46879459430532494,0.05121165798341953,0.9999998202627245,0.0005874203909727385,-0.4308711264411878,-0.010828289469737885,-0.24480669416973475,0.24558024511101206,0.884449269035203,False
GUT_GENOME025761_4,GUT_GENOME025761_00212,40698,0.0412583752212813,0.03918330722185817,0.039330464925076934,0.0020902406431266146,0.3926366948733807,0.051328548080659786,0.9999999952675345,0.0020750679994231275,-0.3784003974711594,-0.011998083155582852,-0.2603046700400761,0.21094538205100433,0.899899047831371,False
GUT_GENOME025761_4,GUT_GENOME025761_00213,41897,0.039869504782886506,0.03732769347889575,0.037585637789321974,0.002024293345192562,0.3643761790962633,0.05149810345157446,0.9999999999968513,0.002541811303990754,-0.36193792255880175,-0.013912465662252488,-0.2856673081308597,0.21260487072091272,0.8991526713880368,False
GUT_GENOME025761_4,GUT_GENOME025761_00213,41899,0.038218940515487985,0.037313522977938766,0.037368309541442664,0.001990623313113572,0.44841241614240634,0.05153235485295947,0.999999999999442,0.000905417537549219,-0.41965506828569665,-0.014164045311516806,-0.28900035341991087,0.2596315806147061,0.8782571995092194,False
GUT_GENOME025761_4,GUT_GENOME025761_00213,41911,0.036594711355531793,0.03719932825386643,0.037114864337018806,0.0019395762262763687,0.5355745459182091,0.05153501834224734,0.9999999999999476,-0.0006046168983346381,-0.4729154016943622,-0.014420154005228537,-0.2923934016158088,0.3091428784682036,0.8567822820856988,False
GUT_GENOME025761_4,GUT_GENOME025761_00214,42346,0.03576572684654901,0.03840080756334631,0.03806507335014842,0.0018863426004855025,0.6565642302005706,0.051621931430340995,0.9999999999996685,-0.0026350807167973,-0.5445317684312273,-0.013556858080192573,-0.2809560519557213,0.37545114996138573,0.8288421310436758,False
GUT_GENOME025761_4,GUT_GENOME025761_00214,42376,0.036105397949996954,0.038330687451113676,0.03801037723406568,0.001784718572147065,0.6307359219484074,0.051573878259620475,0.9999999999999851,-0.002225289501116723,-0.530078047207105,-0.013563501025554793,-0.2810440608141871,0.3599685002498264,0.835283366916364,False
GUT_GENOME025761_4,GUT_GENOME025761_00214,42645,0.035081133146904815,0.03874358765896707,0.038367467456260934,0.0017522246662475143,0.7121391088812503,0.05151522775863243,0.9999999999999689,-0.003662454512062256,-0.5807682075287964,-0.013147760302371497,-0.2755361325579673,0.4132118712212129,0.8133400952133877,False
GUT_GENOME025761_4,GUT_GENOME025761_00214,42950,0.034486636221528436,0.038138482854829577,0.03778733466179298,0.0016811399362950481,0.7131272719602688,0.051130638327503856,0.999999999999999,-0.003651846633301141,-0.5803940576775415,-0.013343303665710876,-0.27812678282673675,0.41421176951295213,0.8129335681573792,False
GUT_GENOME025761_4,GUT_GENOME025761_00214,42985,0.035005990573444196,0.036984770208900404,0.036772788896733646,0.0015645085566463254,0.6191258999987085,0.04977266971228582,1.0,-0.0019787796354562084,-0.5213834126202325,-0.012999880815552173,-0.2735769556995378,0.34668501364534643,0.8408495688044149,False
GUT_GENOME025761_4,GUT_GENOME025761_00217,45298,0.03548992196673038,0.038112651800850675,0.03782761655993507,0.0016544214237076223,0.6515079803217214,0.04906860025551951,0.9999999999945659,-0.002622729834120298,-0.5440961411941018,-0.01124098369558444,-0.2502742609991618,0.35867781658098846,0.8358225841876471,False
GUT_GENOME025761_4,GUT_GENOME025761_00217,45966,0.035999916096544377,0.037702786917889655,0.03745776628745305,0.0016453047150647995,0.5979425724899815,0.04866717214331525,0.9999999999952197,-0.0017028708213452787,-0.5116518494977423,-0.0112094058558622,-0.24985590295536766,0.32421558733610245,0.8503495373039963,False
GUT_GENOME025761_4,GUT_GENOME025761_00217,46149,0.03418930401514122,0.037159184829645565,0.0369237820535936,0.0016383892439026857,0.6752281276256112,0.04799587897193645,0.9999999999930005,-0.002969880814504347,-0.5563404824614433,-0.01107209691834285,-0.24803676969605282,0.37103697154668425,0.8306734797973224,False
GUT_GENOME025761_4,GUT_GENOME025761_00217,46228,0.03268724644566731,0.03665845133696079,0.036408184117938905,0.0016183564802461964,0.7379411594109767,0.04754416354512052,0.9999999999970292,-0.0039712048912934755,-0.5916581235115942,-0.011135979427181614,-0.24888311516064207,0.41200214012932623,0.8138322054293701,False
GUT_GENOME025761_4,GUT_GENOME025761_00217,46338,0.034062754420451355,0.0364846798050086,0.036325099476314696,0.0016068419492327002,0.6464308892857149,0.04700729912404154,0.9999999999851396,-0.0024219253845572455,-0.5370135795786034,-0.010682199647726848,-0.24287122763078337,0.3473700178627088,0.8405616253674476,False
GUT_GENOME025761_4,GUT_GENOME025761_00217,46353,0.036547341709482414,0.03660541978393751,0.03660955905772465,0.0016090076636117577,0.503289115202614,0.04679860988736049,0.9999999998793946,-5.807807445509794e-05,-0.45363846383859324,-0.010189050829635837,-0.23633776059660178,0.2616433929576553,0.8773741993541989,False
GUT_GENOME025761_4,GUT_GENOME025761_00217,46395,0.037936536236357093,0.036871692945567525,0.0369836190516314,0.0016157256436699799,0.44036254438609806,0.04664815910898416,0.9999999988948637,0.0010648432907895689,-0.4140319721696543,-0.009664540057352754,-0.22938879567146994,0.22404169355830078,0.8940256197514397,False
GUT_GENOME025761_4,GUT_GENOME025761_00217,46432,0.03792476656760193,0.03746354543954193,0.03751215350517023,0.0016089980937809656,0.47388844986417133,0.046550692454545364,0.9999999903127181,0.0004612211280599979,-0.4353222930231778,-0.009038538949375133,-0.22109523913783524,0.23838860357237407,0.8876353148781715,False
GUT_GENOME025761_4,GUT_GENOME025761_00217,46469,0.03843009955303412,0.037275581810078805,0.03734233047383965,0.0015235317300964168,0.4344687675814656,0.046547211869400154,0.9999999992380013,0.001154517742955316,-0.4108690699820684,-0.009204881395560506,-0.2232990219487609,0.21867584587120303,0.8964274429170243,False
GUT_GENOME025761_4,GUT_GENOME025761_00217,46494,0.038613201587048736,0.037665172185588396,0.03767899502571586,0.0014491133924079856,0.4474605859242545,0.04650523171334861,0.9999999994382047,0.0009480294014603402,-0.418152107806691,-0.00882623668763275,-0.2182825591161221,0.22249846087746186,0.8947157307446125,False
GUT_GENOME025761_4,GUT_GENOME025761_00217,46521,0.039512541329100426,0.03770199417116173,0.03775276293198395,0.0014530790670036267,0.3998527249103916,0.04643744577455492,0.9999999988617985,0.0018105471579386925,-0.38773029609877274,-0.00868468284257097,-0.21640718732905617,0.1971668532405152,0.9061200949238177,False
GUT_GENOME025761_4,GUT_GENOME025761_00217,46561,0.04032520064902709,0.038780854345210475,0.03882646947132922,0.0016048904635784713,0.4154496786729344,0.04628109310077329,0.9999982991425684,0.0015443463038166128,-0.39711945035068547,-0.007454623629444067,-0.2001107854636606,0.19774818430571373,0.9058567553175554,False
GUT_GENOME025761_4,GUT_GENOME025761_00217,46618,0.038927162738312794,0.037484748093928016,0.03748728631579018,0.0014972543538496253,0.4194707531872633,0.0460537463526901,0.9999999947189406,0.0014424146443847777,-0.40071467575563485,-0.008566460036899919,-0.21484091610380965,0.20672887059826775,0.9017982664679365,False
GUT_GENOME025761_4,GUT_GENOME025761_00217,46647,0.03840493579804558,0.03640926035081226,0.036469496084535834,0.0014272014622820836,0.38914054163489414,0.04605964161811708,0.9999999999908854,0.001995675447233322,-0.3812006473855389,-0.009590145533581243,-0.22840318209854013,0.1974819471598928,0.9059773497025826,False
GUT_GENOME025761_4,GUT_GENOME025761_00217,46729,0.036891206550862324,0.0353180495603903,0.03539376735523348,0.0014063910234360904,0.409526532967514,0.04590602223525016,0.9999999999999613,0.001573156990472023,-0.3961032703613188,-0.010512254880016676,-0.24061971957330863,0.2147956502384697,0.8981682880003892,False
GUT_GENOME025761_4,GUT_GENOME025761_00217,46933,0.03478452460757382,0.03500349169295104,0.03497715237103507,0.001468546037900011,0.5136794635535172,0.045310310968062636,0.9999999999990131,-0.00021896708537721965,-0.4593131704279744,-0.010333158597027568,-0.23824696794554776,0.26773020626384436,0.8747080520217887,False
GUT_GENOME025761_4,GUT_GENOME025761_00217,46953,0.03488071789260977,0.03465884054365803,0.034629827660158104,0.0014720614172217003,0.48609007129882176,0.0451546042345461,0.9999999999995651,0.00022187734895173783,-0.4437641730039708,-0.010524776574387995,-0.24078561285822778,0.2549043526014105,0.8803355157285094,False
GUT_GENOME025761_4,GUT_GENOME025761_00217,46984,0.03568010571398346,0.03448841689062739,0.03451883197396908,0.001469962935410385,0.4278201337401511,0.04505763615299321,0.9999999999996234,0.0011916888233560671,-0.40955801104972983,-0.010538804179024135,-0.24097145714923413,0.2258050075756358,0.8932377431673496,False
GUT_GENOME025761_4,GUT_GENOME025761_00221,48690,0.03448848855956717,0.03460560353866051,0.03456649900296572,0.0014913589801700605,0.5072900119416804,0.044941400421995695,0.9999999999982581,-0.00011711497909334262,-0.455720750937303,-0.010374901419029976,-0.2387999964461983,0.2647068411375637,0.8760313328701658,False
GUT_GENOME025761_4,GUT_GENOME025761_00222,49070,0.03495918943050302,0.03532277369014942,0.035278037293848395,0.0014639731390112436,0.5228283319366014,0.0447865772588755,0.9999999999584898,-0.00036358425964640173,-0.46441395404930114,-0.009508539965027103,-0.2273220332193478,0.26735562750268466,0.8748718908932015,False
GUT_GENOME025761_4,GUT_GENOME025761_00222,49575,0.03504302190337789,0.03501780269374631,0.03500675496060973,0.0015003421441148286,0.49837367783223246,0.044540953575524664,0.9999999998955715,2.5219209631575923e-05,-0.45070049036125603,-0.009534198614914932,-0.2276619710576512,0.25496090507773145,0.8803106235037363,False
GUT_GENOME025761_4,GUT_GENOME025761_00223,50181,0.03354720398651466,0.03407692982208784,0.03405853614723312,0.0014519640888975643,0.535216780921837,0.04429124957261005,0.9999999999990892,-0.0005297258355731818,-0.47027392354179953,-0.010232713425376926,-0.23691622316091548,0.27728685996023106,0.8705383810115829,False
GUT_GENOME025761_4,GUT_GENOME025761_00223,50772,0.03337858135237201,0.033521267524785285,0.033539015352591524,0.0012834524571883861,0.509487040007131,0.04416311639112104,0.9999999999999999,-0.00014268617241327414,-0.45662267095284215,-0.010624101038529517,-0.2421015099837008,0.2671174047644955,0.874976104288285,False
GUT_GENOME025761_4,GUT_GENOME025761_00223,51478,0.035382482232406046,0.032866758351652835,0.03300783019489047,0.0013323351514299944,0.3502279399246836,0.04399755078288112,0.9999999999999999,0.002515723880753211,-0.36285805048859376,-0.01098972058799065,-0.24694540940275161,0.19264800002947546,0.9081697213924254,False
GUT_GENOME025761_4,GUT_GENOME025761_00224,51991,0.03463454494426662,0.03248459628397187,0.03264190459279457,0.0014046104828801123,0.3692664333532498,0.043363767365004434,0.9999999999999886,0.002149948660294748,-0.375759286203025,-0.010721862772209864,-0.24339670332245297,0.20043699635604506,0.904639734306266,False
GUT_GENOME025761_4,GUT_GENOME025761_00224,52084,0.03254100685645038,0.03145262918511485,0.031495812002656394,0.0014365797134897036,0.43072150742297594,0.04220850347714877,0.9999999999999558,0.0010883776713355303,-0.41320189245447836,-0.01071269147449238,-0.24327519766513475,0.2299186257269727,0.8914024117806251,False
GUT_GENOME025761_4,GUT_GENOME025761_00225,52279,0.03130626186967272,0.030289746987524884,0.030335561295328113,0.0013463363572489122,0.4326925502293012,0.04180206666741292,1.0,0.0010165148821478336,-0.41573656055267516,-0.01146650537208481,-0.253262078032998,0.23697856794976052,0.8882613342365743,False
GUT_GENOME025761_4,GUT_GENOME025761_00225,52608,0.03104999029317259,0.02918176204906325,0.02910530807130929,0.0013816938402119265,0.3772838880263878,0.04106820420374241,1.0,0.00186822824410934,-0.3856958299913661,-0.011962896132433117,-0.25983849584002494,0.21627731719313545,0.8975031412762612,False
GUT_GENOME025761_4,GUT_GENOME025761_00225,52799,0.031298098941777625,0.029440548037865027,0.029269959056687028,0.0013321071245774505,0.379436676294437,0.04113281335519031,1.0,0.001857550903912597,-0.3860724298127228,-0.011862854298503284,-0.2585130946628512,0.21588094117366402,0.8976810332650097,False
GUT_GENOME025761_4,GUT_GENOME025761_00225,52842,0.032489883448153074,0.029500184146975663,0.029559164865017,0.0013912576634401187,0.3144874369081738,0.041264329584482014,1.0,0.0029896993011774113,-0.3461404920545509,-0.011705164719465012,-0.2564239490976876,0.18556648191062008,0.9113910311363171,False
GUT_GENOME025761_4,GUT_GENOME025761_00225,52999,0.03189241588049237,0.029000469613052873,0.029053169810902304,0.0012448051023726944,0.3204267942047796,0.04114187120079745,1.0,0.0028919462674394936,-0.3495883334049653,-0.012088701389895148,-0.26150522294592504,0.19059698448085916,0.9091015342110864,False
GUT_GENOME025761_4,GUT_GENOME025761_00226,53778,0.031172772198594264,0.028960288503766148,0.02895781059915488,0.0011751093544130572,0.35493314957917227,0.04115235377759814,1.0,0.0022124836948281164,-0.3735536167760095,-0.012194543178443262,-0.2629074646444752,0.20866263957222375,0.9009267531079747,False
GUT_GENOME025761_4,GUT_GENOME025761_00227,55577,0.031600753683053644,0.028777028815872255,0.02882711924322328,0.0011447732103624234,0.31961005756121563,0.041196912422929124,1.0,0.002823724867181389,-0.351994566294102,-0.012369793179705844,-0.2652292589264155,0.19424673449122853,0.9074440503545353,False
GUT_GENOME025761_4,GUT_GENOME025761_00227,55578,0.03162571847353425,0.028803199109696708,0.028849553367101814,0.001162839127936298,0.320378470164384,0.04125867074130133,1.0,0.0028225193638375425,-0.35203708552975166,-0.012409117374199516,-0.26575024431448707,0.19455330194149126,0.9073049646102115,False
GUT_GENOME025761_4,GUT_GENOME025761_00227,55742,0.031846915080491776,0.028798015303201266,0.02883922899995502,0.0011514741791282153,0.30731035870882206,0.04129846908090497,1.0,0.0030488997772905105,-0.34405243563622834,-0.012459240080949948,-0.2664142934619342,0.18934865422804265,0.9096691408067992,False
GUT_GENOME025761_4,GUT_GENOME025761_00228,56935,0.03320123119331427,0.028799823581880227,0.028929930291606724,0.0011587789785432216,0.24561384887560966,0.04132085386855382,1.0,0.004401407611434045,-0.2963482134857228,-0.012390923576947092,-0.2655092043480213,0.15831740122969887,0.9238932903766981,False
GUT_GENOME025761_4,GUT_GENOME025761_00230,58094,0.03237147196077955,0.02879683481301907,0.02893313829773643,0.0011505180513754908,0.2854838682980635,0.04136882138308464,1.0,0.003574637147760483,-0.32550918458762806,-0.01243568308534821,-0.2661021993261638,0.17676660973712394,0.9154099283852392,False
GUT_GENOME025761_4,GUT_GENOME025761_00230,58636,0.03222147596568893,0.02879633008790926,0.028993774483195914,0.0011615794590487622,0.29175478021845536,0.041432917435558714,1.0,0.0034251458777796694,-0.3307818821444905,-0.0124391429523628,-0.2661480372684912,0.18025143129692178,0.9138162970413987,False
GUT_GENOME025761_4,GUT_GENOME025761_00230,58690,0.03249416377064487,0.029425411636798085,0.029562206060089677,0.0011179089384600863,0.31292949242869234,0.04148323159094672,1.0,0.003068752133846782,-0.3433522243668636,-0.01192102553085704,-0.25928377445560064,0.18511882567361582,0.9115950489076413,False
GUT_GENOME025761_42,GUT_GENOME025761_01319,11145,0.050815826512520326,0.04057233153323634,0.04209852925607476,0.0021874289368910096,0.10501244232109863,0.050531071084185614,0.9999421355396926,0.010243494979283986,-0.09029230269312084,-0.008432541828110852,-0.21306670481037707,0.053550120624378514,0.9735802137249783,False
GUT_GENOME025761_42,GUT_GENOME025761_01319,11541,0.05135582097938389,0.04282779664575412,0.04468600930788953,0.0023958339606727,0.11592796870029215,0.05162429811347399,0.9981101215093408,0.008528024333629772,-0.15079856425188012,-0.006938288805584461,-0.19327013934116677,0.060093553741382436,0.9704001402049601,False
GUT_GENOME025761_42,GUT_GENOME025761_01319,11655,0.05107014494422751,0.042619062119970255,0.04437007216276298,0.002370696818382608,0.08692600286311952,0.052002078843191635,0.9993575013490945,0.008451082824257251,-0.15351236358305087,-0.007632006680428655,-0.2024608393896065,0.06455643725919884,0.9682371629856169,False
GUT_GENOME025761_42,GUT_GENOME025761_01319,11663,0.05410990760228756,0.04361164529765422,0.045518797351869617,0.002420884247157314,0.05037338981507348,0.052082929218414724,0.9966506233057871,0.01049826230463334,-0.08130641974416786,-0.006564131866545107,-0.18831313257739354,0.042072569792725806,0.9791834343554225,False
GUT_GENOME025761_42,GUT_GENOME025761_01320,11918,0.05671799186008583,0.04448657659083778,0.04674327776659704,0.0024787257172292146,0.030268046807580735,0.052372336672992445,0.9884249577050639,0.01223141526924805,-0.02017648618105253,-0.0056290589063954025,-0.1759248470628063,0.03135664240868599,0.984443943869227,False
GUT_GENOME025761_42,GUT_GENOME025761_01320,11948,0.05937158654732247,0.04491059321423689,0.04757343546284393,0.002606550869083226,0.01122340800503559,0.05252446425698218,0.9712477294140627,0.014460993333085578,0.058462827081447885,-0.004951028794138251,-0.16694198585721176,0.031287528792304765,0.9844779636975746,False
GUT_GENOME025761_42,GUT_GENOME025761_01320,11969,0.06055445844157817,0.045807116116790725,0.04893581326059961,0.002600305479216468,0.009570502970845099,0.05324116501186972,0.9511097180784467,0.014747342324787444,0.06856262507734576,-0.0043053517512701076,-0.15838775330194213,0.029787513953533563,0.985216606433711,False
GUT_GENOME025761_42,GUT_GENOME025761_01320,11978,0.06556386910229757,0.04802076943232391,0.051790227711286066,0.0028566978406314465,0.0030738181022900556,0.05376966178718385,0.7558169364934211,0.01754309966997366,0.16717161358507288,-0.0019794340758977833,-0.1275729041148538,0.04422119425293461,0.9781320504747806,False
GUT_GENOME025761_42,GUT_GENOME025761_01320,12073,0.0675526281730679,0.04416506396886544,0.04899116516876348,0.0026697039785289222,7.813332292933733e-05,0.05427256917228642,0.9760510562225875,0.02338756420420246,0.37331136926948477,-0.005281404003522942,-0.17131895171466086,0.1687115616424679,0.9191041982716635,False
GUT_GENOME025761_42,GUT_GENOME025761_01320,12080,0.07466492863530537,0.05004766758824601,0.054949163821299836,0.002911856215969274,2.5117012272928283e-05,0.05620062021817961,0.6663220127695746,0.024617261047059358,0.41668393236193285,-0.001251456396879777,-0.11792831409860764,0.1875325867547437,0.9104955262119729,False
GUT_GENOME025761_42,GUT_GENOME025761_01320,12085,0.0896894046255549,0.05565047698899908,0.0622756471382269,0.003225724651559246,5.238528324804407e-07,0.059985036226058504,0.23881877208241986,0.03403892763655582,0.748994965737904,0.002290610912168395,-0.0710013436840752,0.5660346495056682,0.7535067334287198,False
GUT_GENOME025761_42,GUT_GENOME025761_01320,12088,0.09700723452070975,0.05784218022044894,0.0655324448948391,0.003533769346925046,4.3893715862788906e-08,0.06113760207901283,0.10681052641022998,0.039165054300260814,0.9297982697659835,0.004394842815826271,-0.04312349166358286,0.8663844579930756,0.648435831654474,False
GUT_GENOME025761_42,GUT_GENOME025761_01320,12089,0.10241382132996275,0.06294626098638317,0.0699815910332205,0.003506014138709422,4.8389478371134505e-08,0.062059993592802225,0.01192829032036035,0.03946756034357958,0.9404679421538606,0.00792159744041828,0.0036006091192501122,0.884492914605147,0.6425912446332359,False
GUT_GENOME025761_42,GUT_GENOME025761_01320,12097,0.15583128362866258,0.08714963687875199,0.09949314275999778,0.004880771108412326,1.2163671139699784e-10,0.07300502280225776,2.8648805748562146e-08,0.06868164674991059,1.970876219777026,0.026488119957740017,0.2495786148577228,3.9466425586768796,0.13899444935613678,False
GUT_GENOME025761_42,GUT_GENOME025761_01320,12098,0.17986343624853227,0.09642435645313018,0.1119218818009154,0.005638841343173234,4.000075762271639e-11,0.07584874390499212,7.909457810952191e-11,0.08343907979540209,2.4913847496364,0.036073137895923285,0.37656543186678715,6.348799495197849,0.0418191986270238,True
GUT_GENOME025761_42,GUT_GENOME025761_01320,12145,0.19388955518744713,0.10727381071797391,0.12490718487321927,0.006312076325331218,7.165383440594799e-13,0.0778585139211517,4.5360172645920334e-14,0.08661574446947322,2.603428697541156,0.047048670952067564,0.5219744458891123,7.050298305342086,0.029447414880954963,True
GUT_GENOME025761_42,GUT_GENOME025761_01320,12158,0.25694488287682915,0.1320506227034089,0.1569781132623645,0.008001244536578756,2.216013510790235e-15,0.08512223094134538,1.3466152049249317e-19,0.12489426017342026,3.9535479135891967,0.07185588232101911,0.850632027015279,16.354115950429613,0.0002810275150168406,True
GUT_GENOME025761_42,GUT_GENOME025761_01320,12203,0.3088769317049504,0.1648049040446705,0.19681590140215519,0.009799589318608682,1.577928981721182e-14,0.09070582640188887,1.2680006502104837e-27,0.1440720276602799,4.629965792619984,0.10611007500026631,1.3044476511076066,23.13816691531135,9.453897594236287e-06,True
GUT_GENOME025761_42,GUT_GENOME025761_01320,12230,0.32265370081435857,0.17079860123168888,0.20650344432140383,0.010230005789023201,1.154080410663579e-16,0.09174353527241197,1.6640928922417444e-29,0.15185509958266968,4.904482052434596,0.11475990904899186,1.419044712958539,26.06763210002865,2.185171921257476e-06,True
GUT_GENOME025761_42,GUT_GENOME025761_01320,12304,0.3745489162811485,0.21001467011170902,0.2548279190469754,0.012529083142800107,8.529425301150739e-15,0.09537932049662882,2.112516054207555e-37,0.16453424616943949,5.351687466100171,0.15944859855034654,2.011101449073425,32.6850877732789,7.989569330909672e-08,True
GUT_GENOME025761_42,GUT_GENOME025761_01320,12305,0.386597420325115,0.2316596372938338,0.2771362750711542,0.01312288746586062,8.010519124186172e-14,0.09698764938480553,3.4592410802937055e-43,0.15493778303128122,5.013211194210972,0.18014862568634865,2.285345125502099,30.355088820418402,2.5613929734216384e-07,True
GUT_GENOME025761_42,GUT_GENOME025761_01320,12310,0.4008983428900504,0.2395604597821594,0.2856599953326286,0.013494341014355015,6.124530986597034e-14,0.09777779671042355,2.294920946638438e-44,0.161337883107891,5.238948737560135,0.18788219862220504,2.387803130021805,33.14818766252486,6.338149904480327e-08,True
GUT_GENOME025761_42,GUT_GENOME025761_01320,12314,0.48000687196464503,0.2908127748823691,0.35117034191185903,0.01669106184110894,9.67235683821812e-14,0.10485849101399189,1.3844518312600201e-49,0.1891940970822759,6.221463578627628,0.24631185089786714,3.161906591203131,48.7042623516839,2.654628836764741e-11,True
GUT_GENOME025761_42,GUT_GENOME025761_01320,12331,0.5975181197130007,0.3885290540919208,0.45598803696817153,0.019895841873637212,4.100921834540237e-12,0.11488780252931861,3.466577650757028e-66,0.20898906562107994,6.91965071869351,0.3411002344388529,4.41770759156992,67.39770643333011,2.316189036241109e-15,True
GUT_GENOME025761_42,GUT_GENOME025761_01320,12332,0.6927930166659226,0.5239223968285681,0.598552857009753,0.024617894339194424,3.8479189964615273e-07,0.1230123487690583,1.9374504139497125e-83,0.16887061983735452,5.504635439900866,0.4755405082406947,6.198835447357618,68.72657222962994,1.1918304041175106e-15,True
GUT_GENOME025761_42,GUT_GENOME025761_01320,12388,0.8024651891635164,0.6466294431211065,0.7284128811872379,0.026729132104576846,2.1650606530295416e-07,0.12947185102578398,1.6518222901294896e-111,0.1558357460424099,5.044883193355394,0.598941030161454,7.8337034879848435,86.81775677226562,1.4052825429511582e-19,True
GUT_GENOME025761_42,GUT_GENOME025761_01320,12418,0.8639414026577207,0.7239380463126261,0.7952500412179807,0.02314276847569398,3.345244883347958e-08,0.13302857419799044,2.2101857843392288e-180,0.14000335634509453,4.486459932337925,0.6622214670199903,8.672072420357619,95.33316278840087,1.9891463138398187e-21,True
GUT_GENOME025761_42,GUT_GENOME025761_01320,12419,0.9091999091761548,0.7818056032789943,0.8457357921469486,0.021398868500840103,2.199592635736382e-09,0.1375940731026775,1.9060046993259422e-240,0.1273943058971605,4.0417268753526585,0.7081417190442711,9.280445474891799,102.46222434738763,5.631326150752664e-23,True
GUT_GENOME025761_42,GUT_GENOME025761_01320,12420,0.9381195311845965,0.7838819973466877,0.8636192278717065,0.019529627141480096,5.007508030076934e-21,0.14048154717691974,2.0502294943688258e-300,0.15423753383790872,4.988512747194206,0.7231376806947868,9.479119014187221,114.7389567140448,1.2154920422140392e-25,True
GUT_GENOME025761_42,GUT_GENOME025761_01320,12434,0.9361103980153662,0.7533451163081509,0.8498113799337357,0.02091682874582289,7.125526020770426e-31,0.1415240165792637,1.2049837519116608e-251,0.1827652817072153,5.994713219720701,0.708287363354472,9.282375039081158,122.09907295285106,3.0656543401401392e-27,True
GUT_GENOME025761_42,GUT_GENOME025761_01320,12446,0.9168049268006814,0.743998836081587,0.8377711720293234,0.021419207447094153,1.1459045815970187e-19,0.14235420813262997,1.5599861022858624e-231,0.17280609071909436,5.64344319573782,0.6954169638966934,9.111861945488736,114.87447921716526,1.1358573227820152e-25,True
GUT_GENOME025761_42,GUT_GENOME025761_01320,12454,0.9029559905331209,0.7892873834973079,0.8481256184708597,0.02002846052978714,6.143612183015692e-08,0.14384696696072635,3.5647517084215294e-271,0.11366860703581305,3.5576085796037185,0.7042786515101334,9.22926574281253,97.8359249571229,5.6911342391074525e-22,True
GUT_GENOME025761_42,GUT_GENOME025761_01320,12464,0.8806753639425234,0.7888925262368972,0.8357974239648223,0.020932278355462988,7.914992807058793e-05,0.14310726847491578,1.9392761093898644e-240,0.09178283770562623,2.785676931072392,0.6926901554899065,9.075735907707209,90.1289782307549,2.6837437583900557e-20,True
GUT_GENOME025761_42,GUT_GENOME025761_01320,12479,0.8769887440996138,0.763822777753717,0.8227615337708384,0.021440690142580456,1.5614993640453123e-06,0.14212268578120105,1.849646489115735e-221,0.11316596634589682,3.5398799701802974,0.6806388479896374,8.916074528863017,92.02713520752354,1.038870698264485e-20,True
GUT_GENOME025761_42,GUT_GENOME025761_01320,12493,0.8733867138590596,0.7262793828350297,0.8028976404481923,0.022558670516024427,7.437197885571259e-10,0.14163919418219628,3.5590472576819527e-189,0.14710733102402995,4.737023794284131,0.6612584462659961,8.659313869351028,97.42311111554909,6.99584560654662e-22,True
GUT_GENOME025761_42,GUT_GENOME025761_01320,12588,0.8605011681090633,0.7174435627629604,0.7839517210149194,0.021856957857013453,3.7459856192250105e-09,0.14004630349716188,4.6907329424546593e-191,0.1430576053461029,4.594186164429828,0.6439054175177575,8.42941279869917,92.16154664431184,9.713470473164575e-21,True
GUT_GENOME025761_42,GUT_GENOME025761_01320,12590,0.8441908308640346,0.678626099654675,0.7387424644546038,0.020290941671754673,2.2605556712166606e-11,0.13878522338782884,1.942582982016257e-192,0.16556473120935955,5.3880336417201065,0.599957241066775,7.847166727084537,90.60893216697028,2.1111562356762075e-20,True
GUT_GENOME025761_42,GUT_GENOME025761_01320,12591,0.8110905620489481,0.6355597513704978,0.6930285957472548,0.02041659810415852,1.802252460318444e-11,0.13551509281944166,1.7573663680312704e-164,0.17553081067845033,5.7395466288993315,0.5575135029278132,7.284852160435478,86.01146650471114,2.1030391536204603e-19,True
GUT_GENOME025761_42,GUT_GENOME025761_01320,12592,0.669654667599856,0.5076822368353908,0.5523642145925416,0.016833575235766066,8.277440598751974e-11,0.1180467426911198,4.3577680011094704e-147,0.16197243076446521,5.2613298296397,0.4343174719014218,5.652693311168204,59.634533246382276,1.12337729026633e-13,True
GUT_GENOME025761_42,GUT_GENOME025761_01320,12593,0.42981924524153664,0.31810109099247347,0.3482247806265303,0.011991210305737087,1.3966103871946113e-07,0.09655537891748452,4.236932780637766e-98,0.11171815424906317,3.4888142771351425,0.2516694017090458,3.2328859392715037,22.6233765566814,1.2229147964657578e-05,True
GUT_GENOME025761_42,GUT_GENOME025761_01320,12596,0.3939002680115456,0.28735567979719184,0.31432822613371825,0.011977666419052967,1.561011310528054e-06,0.09189266451447675,2.7655170769688153e-77,0.10654458821435375,3.3063377419168654,0.2224355616192415,2.84558230291964,19.02920790631336,7.376664058415733e-05,True
GUT_GENOME025761_42,GUT_GENOME025761_01320,12598,0.35956744700942445,0.2542871755190863,0.281347119675693,0.011032585520665536,2.9063629782555884e-07,0.08710806731981295,1.1089488185156151e-69,0.10528027149033814,3.2617441030864973,0.19423905235588002,2.4720217122965273,16.749865940084995,0.00023057532252853416,True
GUT_GENOME025761_42,GUT_GENOME025761_01320,12599,0.3333474485289586,0.19021237649318307,0.23002891487371663,0.01072613490220985,1.8588182609191282e-13,0.07878660410700816,1.8893181973317933e-45,0.14313507203577552,4.596918487363652,0.15124231076670847,1.9023806963502348,24.750711893311735,4.22134843474895e-06,True
GUT_GENOME025761_42,GUT_GENOME025761_01320,12629,0.2997351386772603,0.1784494770608155,0.21343069268991563,0.010353578045073277,5.025193609710942e-11,0.07558656672833876,9.638682671973351e-41,0.12128566161644483,3.8262692517816967,0.13784412596157686,1.7248752547250152,17.61553103149275,0.00014956708813177938,True
GUT_GENOME025761_42,GUT_GENOME025761_01320,12635,0.2312116620404404,0.13245487108608237,0.1630992634071881,0.008579219978873613,1.045766038185706e-09,0.06850088337760013,1.4243754291737325e-28,0.09875679095435805,3.0316548150048823,0.09459838002958798,1.1519353123583722,10.517885881200467,0.005200799367966479,True
GUT_GENOME025761_42,GUT_GENOME025761_01320,12637,0.2227351461359177,0.12256609186325122,0.14797812330195675,0.007777521162190676,3.3084315590946814e-10,0.0674540270080657,2.0185764735532322e-25,0.10016905427266647,3.0814666692291923,0.08052409629389105,0.9654725947291396,10.42757416474347,0.005441028995746345,True
GUT_GENOME025761_42,GUT_GENOME025761_01320,12638,0.2087457228198706,0.10617505202756215,0.13185155915823896,0.0072420408775558465,4.0799327612852576e-13,0.0659445954914052,4.4914425859114647e-20,0.10257067079230846,3.1661739404782896,0.06590696366683375,0.7718179601650266,10.620360384997122,0.004941036299782578,True
GUT_GENOME025761_42,GUT_GENOME025761_01320,12640,0.1732608785030656,0.09617049997719912,0.11653939224553835,0.00629421264507674,1.6225288362339933e-09,0.06294932284814381,8.388547261101858e-18,0.07709037852586648,2.2674600905079694,0.05359006939739454,0.6086379631321024,5.511815432212003,0.0635513069344834,False
GUT_GENOME025761_43,GUT_GENOME025761_01330,6283,0.08112477513837368,0.06560784262636067,0.06614957322208115,0.0020296859143025003,0.08009936866021705,0.05350852042807623,2.360881203083565e-10,0.015516932512013012,0.095706794101332,0.012641052794004917,0.06612616903301145,0.01353246066813716,0.9932566090611631,False
GUT_GENOME025761_43,GUT_GENOME025761_01331,6989,0.08124485983210042,0.06711905316407149,0.06767112239977434,0.002081250115069654,0.10012035481582676,0.05398131595655629,2.3891552156881177e-11,0.014125806668028928,0.04664047845758581,0.013689806443218051,0.08002054967988367,0.008578622601823257,0.9957198746563032,False
GUT_GENOME025761_43,GUT_GENOME025761_01331,7415,0.08283781547170306,0.06909792811871057,0.06982111078967793,0.0022743735321227487,0.11049009283769123,0.054417614927033515,6.3229993152590145e-12,0.013739887352992489,0.03302874159964204,0.01540349586264441,0.10272431154225442,0.01164318195348607,0.9941953216486292,False
GUT_GENOME025761_43,GUT_GENOME025761_01331,7536,0.08228666300062175,0.06957191950452805,0.07017645189292225,0.002298804158538368,0.1292366573204386,0.054669538064703274,7.617502416520016e-12,0.012714743496093694,-0.00312904547646313,0.015506913828218977,0.10409444129626888,0.010845443634376142,0.9945919545980757,False
GUT_GENOME025761_43,GUT_GENOME025761_01331,7654,0.08254526374441812,0.07136736433080342,0.07176862831210196,0.0023114141569684876,0.16496457221357363,0.055318724301788365,5.522529603791128e-13,0.011177899413614703,-0.05733498031135679,0.01644990401031359,0.11658761788365563,0.016879972611088968,0.9915955303884998,False
GUT_GENOME025761_43,GUT_GENOME025761_01331,7706,0.08367433647600543,0.07324192462995995,0.07370077554340353,0.0023619699011033068,0.1885107540608657,0.05635275213836802,1.0308997507031273e-13,0.010432411846045486,-0.08362902729281611,0.01734802340503551,0.12848632521684822,0.02350254997367227,0.9883175015773525,False
GUT_GENOME025761_43,GUT_GENOME025761_01332,8394,0.08121142364153144,0.0753445648700285,0.07558083522979071,0.002447790022517417,0.30851033375911385,0.056585283372836005,4.236887183753185e-15,0.0058668587715029474,-0.2446603741062846,0.018995551856954708,0.15031355552464506,0.0824528636322877,0.9596118186987359,False
GUT_GENOME025761_43,GUT_GENOME025761_01332,8539,0.081386150942386,0.0776281850544419,0.07772325771177307,0.002833935106208235,0.37263982049063915,0.05690928073930106,1.0322655605241542e-13,0.003757965887944109,-0.31904300766242744,0.020813976972472018,0.17440490505347556,0.13220551164499955,0.936034676336712,False
GUT_GENOME025761_43,GUT_GENOME025761_01332,8545,0.0791624901459988,0.07752588865744064,0.07750991498690747,0.002838053775077617,0.4427285929495478,0.056979645881682896,2.346149086428399e-13,0.0016366014885581537,-0.3938655233002494,0.020530269105224576,0.17064621005107358,0.1842501794493744,0.9119910616988054,False
GUT_GENOME025761_43,GUT_GENOME025761_01332,9025,0.0760756186798611,0.07337990186545475,0.07348540245783361,0.0025869256445539427,0.4043858250727622,0.0570308036397767,1.0043312649242668e-10,0.0026957168144063487,-0.3565095305941062,0.016454598818056908,0.11664981690045853,0.14070622518734047,0.9320646380284329,False
GUT_GENOME025761_43,GUT_GENOME025761_01332,9042,0.07343854745046556,0.07326045381404651,0.07322679031863683,0.002572440965264558,0.4936244441618628,0.0576014896199285,6.23369157740255e-10,0.00017809363641904663,-0.44530846568494886,0.015625300698708322,0.10566288612924285,0.20946427511584462,0.900565718013704,False
GUT_GENOME025761_43,GUT_GENOME025761_01333,9175,0.07646103651213612,0.0746570838802132,0.07467596149581718,0.002597068253112276,0.4375396499316816,0.05856295571000056,2.7469422885873176e-10,0.0018039526319229282,-0.38796289122768196,0.01611300578581662,0.1121242320599892,0.1630870483847845,0.9216925930551213,False
GUT_GENOME025761_43,GUT_GENOME025761_01333,9182,0.07437199806013653,0.07544130451791668,0.07534654055253419,0.002652442272328058,0.5374946262318128,0.05907598347947793,4.2799906556878484e-10,-0.001069306457780153,-0.48930543908652774,0.01627055707305626,0.11421154547048813,0.25246408983841706,0.8814102962708925,False
GUT_GENOME025761_43,GUT_GENOME025761_01333,9259,0.0748838112400316,0.07736505734645009,0.07716380933994213,0.0027804642904771686,0.5843550436649465,0.06021170907942945,5.408624049615808e-10,-0.0024812461064184915,-0.5391058771774482,0.01695210026051268,0.12324094954541745,0.30582347845212193,0.8582054643472792,False
GUT_GENOME025761_43,GUT_GENOME025761_01333,9262,0.07608510215097515,0.07914277266933369,0.07887465499106219,0.002849889062110089,0.6037041612905526,0.060895194956971974,1.4057814019324155e-10,-0.003057670518358535,-0.5594369078051377,0.01797946003409022,0.1368518940852346,0.33169809472929035,0.8471741077018969,False
GUT_GENOME025761_43,GUT_GENOME025761_01333,9296,0.07250344099096569,0.07555204828612909,0.0753906271425237,0.0033605392195881615,0.6054857998149911,0.061628780964946915,2.109654573340801e-05,-0.0030486072951634025,-0.5591172394070807,0.013761846177576788,0.08097496589729646,0.3191690325042631,0.8524979144229655,False
GUT_GENOME025761_43,GUT_GENOME025761_01333,9475,0.07095987447122552,0.07202766412865778,0.07198282139268666,0.003146078644634813,0.5378863562815182,0.06176409597241055,0.0005809263103777974,-0.001067789657432261,-0.4892519401130452,0.01021872542027611,0.034034038905808986,0.24052577670862085,0.8866873063081221,False
GUT_GENOME025761_43,GUT_GENOME025761_01333,9554,0.07063510316780502,0.07249339182816927,0.07235049149873143,0.003167051781553818,0.5659574950867361,0.06217790119015873,0.000659057399345331,-0.001858288660364249,-0.5171335827132896,0.010172590308572704,0.03342281928938711,0.26854422721913374,0.8743521091208944,False
GUT_GENOME025761_43,GUT_GENOME025761_01333,9608,0.06618125273108,0.07210526311434666,0.07160020490697426,0.0032162830558641097,0.7106946770078009,0.06242370119121256,0.0021644817717565924,-0.005924010383266662,-0.6605354081040395,0.009176503715761702,0.020226196528507046,0.43671612438517987,0.8038375662895192,False
GUT_GENOME025761_43,GUT_GENOME025761_01333,9610,0.061974410030137775,0.07005457819543204,0.06936642094153235,0.0031189301655315757,0.7838646544424701,0.06267239226592891,0.015926202071914343,-0.008080168165294263,-0.7365851190401095,0.006694028675603439,-0.012662798117850132,0.5427179840475057,0.7623427723009985,False
GUT_GENOME025761_43,GUT_GENOME025761_01333,9760,0.06279119263218669,0.06759397238545363,0.06713518870164979,0.0029181714775950857,0.6798412538699224,0.06317023320661834,0.08711888565479009,-0.004802779753266942,-0.6209885502558345,0.0039649554950314525,-0.04881884068560414,0.38801005875472955,0.8236537617925739,False
GUT_GENOME025761_43,GUT_GENOME025761_01333,9791,0.060326490171500664,0.06457109043898021,0.06413331709690305,0.0029992703357054704,0.6700530036374386,0.06332857637648472,0.39422952114117893,-0.004244600267479547,-0.6013010353168039,0.0008047407204183343,-0.09068684947612295,0.3697870397409652,0.8311927846556175,False
GUT_GENOME025761_43,GUT_GENOME025761_01333,9887,0.05862359947688458,0.06365193848323716,0.0632191937784607,0.0028478440817788363,0.7030811894169441,0.06394508637520113,0.600596731907097,-0.005028339006352585,-0.6289442370516256,-0.0007258925967404267,-0.11096539816612751,0.4078841729106187,0.8155095988713181,False
GUT_GENOME025761_43,GUT_GENOME025761_01333,9919,0.05610908105301273,0.06267032729477447,0.06218808803192756,0.002799353911036732,0.7681350460474845,0.06329413674534236,0.6536186168270703,-0.006561246241761735,-0.6830113155912348,-0.0011060487134147978,-0.11600188485132143,0.4799608945147287,0.7866432419490397,False
GUT_GENOME025761_43,GUT_GENOME025761_01333,9937,0.05737459294799689,0.06003033134742449,0.05979788999096464,0.0027631800443452376,0.6153602230274959,0.06324659467207544,0.8940014336700741,-0.0026557383994276,-0.5452603843079216,-0.0034487046811108035,-0.14703849079234174,0.3189292044701119,0.8526001470018697,False
GUT_GENOME025761_43,GUT_GENOME025761_01333,9946,0.0550410417047001,0.056653487036740245,0.056575707572086256,0.002499749352133405,0.5719292590931749,0.06249142632339201,0.9910220135767619,-0.0016124453320401425,-0.5084624575245623,-0.005915718751305754,-0.17972265125099307,0.2908343020846034,0.8646615234125153,False
GUT_GENOME025761_43,GUT_GENOME025761_01333,9980,0.05295499352248447,0.0549359731547784,0.054803166510770315,0.0024365983261240135,0.5918292527421146,0.061362492101974794,0.9964487653969637,-0.0019809796322939263,-0.5214610085758548,-0.006559325591204479,-0.18824945678553673,0.30735944144499733,0.8575466314486379,False
GUT_GENOME025761_43,GUT_GENOME025761_01333,10020,0.04979338530017701,0.05078249108267532,0.05074287296182002,0.0021869694589172093,0.5491404768386116,0.060038542811253696,0.9999893343537255,-0.0009891057824983063,-0.48647668591136517,-0.009295669849433676,-0.2245018300032561,0.28706063761011597,0.8662945347739561,False
GUT_GENOME025761_43,GUT_GENOME025761_01333,10111,0.0482081883126329,0.04848201803375861,0.048487244802599014,0.002006852410296369,0.5137939557378284,0.058864268931505516,0.9999998834504475,-0.00027382972112571097,-0.4612482271407258,-0.010377024128906502,-0.2388281191030772,0.2697887975147762,0.873808182045845,False
GUT_GENOME025761_43,GUT_GENOME025761_01334,10580,0.046455529890905484,0.04562857979711466,0.04568812347828711,0.0019133052417106694,0.4561359964153064,0.057982953791315794,0.9999999999344817,0.0008269500937908222,-0.42242268875645217,-0.012294830313028686,-0.26423611567988226,0.24826165280582257,0.8832642790351991,False
GUT_GENOME025761_43,GUT_GENOME025761_01334,10632,0.04427828657825987,0.04415351507708755,0.04420997879145181,0.0018364097297024309,0.4931817833090933,0.056330105655627453,0.9999999999794287,0.0001247715011723216,-0.44718918749752146,-0.012120126864175643,-0.2619215623808241,0.26858107425470534,0.874336000627649,False
GUT_GENOME025761_43,GUT_GENOME025761_01334,10677,0.04165442664916379,0.04232275550167388,0.042314865592852705,0.0017460588009199595,0.5397941314590718,0.05506535421208006,0.9999999999998587,-0.000668328852510093,-0.47516258218300855,-0.012750488619227354,-0.2702728908138553,0.2988269150157025,0.8612129663110978,False
GUT_GENOME025761_43,GUT_GENOME025761_01334,10984,0.040586784108659436,0.03973768730959195,0.03980533744957386,0.0018120229544515178,0.448614422315328,0.05447406820259778,0.9999999999999997,0.0008490967990674864,-0.42164155365190853,-0.014668730753023919,-0.2956866630565885,0.26521220247553573,0.8758100046507823,False
GUT_GENOME025761_46,GUT_GENOME025761_01374,6544,0.034073722306587145,0.027873543160704055,0.029538934669062576,0.002440274806882029,0.12127774721706647,0.06912590410054832,1.0,0.0062001791458830904,-0.2329038513081826,-0.03958696943148575,-0.6258151860971803,0.44588885110403254,0.8001593164712353,False
GUT_GENOME025761_46,GUT_GENOME025761_01374,6546,0.03235807132924231,0.026630658338913135,0.028266453507215634,0.002349830101220861,0.12452334968701134,0.06594281766270572,1.0,0.005727412990329174,-0.24957875783400393,-0.03767636415549009,-0.6005025905314594,0.42289291759695796,0.8094126168166217,False
GUT_GENOME025761_46,GUT_GENOME025761_01374,6547,0.0319553551550194,0.026146720513933564,0.02764655280575357,0.0022727218292436825,0.1203156785443723,0.06319722031251711,1.0,0.005808634641085834,-0.2467139938945181,-0.03555066750676354,-0.5723403634923953,0.38844128646599146,0.8234761897734706,False
GUT_GENOME025761_46,GUT_GENOME025761_01374,6577,0.030728552482117297,0.025424779593290585,0.026676253195362255,0.0022478569198886,0.1327392593127929,0.0614386216062522,1.0,0.005303772888826712,-0.26452094227372186,-0.03476236841088995,-0.5618966070297877,0.3856991258929654,0.824606016107996,False
GUT_GENOME025761_46,GUT_GENOME025761_01374,6578,0.029511901729056322,0.025145722840364503,0.026269105955339687,0.0022200576540240594,0.17326833221343158,0.06052479657937893,1.0,0.00436617888869182,-0.2975907636383716,-0.03425569062403924,-0.5551839018667587,0.3967894274948679,0.8200461057767875,False
GUT_GENOME025761_46,GUT_GENOME025761_01374,6579,0.02888310082464918,0.02404056336865165,0.02546072928425017,0.002184263411184009,0.1322190020138927,0.058466183237892336,1.0,0.004842537455997532,-0.2807891493745709,-0.03300545395364217,-0.5386201795758199,0.3689542442527835,0.8315389635251009,False
GUT_GENOME025761_46,GUT_GENOME025761_01374,6588,0.02898148333811837,0.02545717752024732,0.026063101341705086,0.0022728363939507694,0.21577174730230247,0.05797544400683008,1.0,0.0035243058178710505,-0.3272844178850354,-0.03191234266512499,-0.5241381281012472,0.3818358675198258,0.8262003885285398,False
GUT_GENOME025761_46,GUT_GENOME025761_01374,6591,0.027194701826636608,0.025613129618231693,0.02594227205880139,0.002342579408119206,0.35187266164187336,0.05737936608264438,1.0,0.0015815722084049147,-0.3958064577177382,-0.03143709402384299,-0.5178418110120667,0.4248228932033207,0.8086319202555644,False
GUT_GENOME025761_46,GUT_GENOME025761_01374,6599,0.027301936502103955,0.025724684934171363,0.026121919063243668,0.002428873445634243,0.3536294433507431,0.057108038872741275,1.0,0.0015772515679325916,-0.3959588507669472,-0.030986119809497607,-0.5118670929257553,0.41879133232094534,0.8110742575101789,False
GUT_GENOME025761_46,GUT_GENOME025761_01374,6600,0.027766619979598228,0.027236387492292638,0.027482033840532098,0.002690300550219205,0.44980791057332326,0.05682635005986555,1.0,0.0005302324873055902,-0.43288819753829305,-0.02934431621933345,-0.49011570827383283,0.42760559906471307,0.8075076102008829,False
GUT_GENOME025761_46,GUT_GENOME025761_01374,6601,0.02800158328151489,0.026624089167707764,0.027274648830710183,0.00262391857133415,0.37354639663142786,0.056851259002845315,1.0,0.0013774941138071269,-0.4030044838695864,-0.029576610172135132,-0.49319324760312594,0.40565219350031,0.8164202072083693,False
GUT_GENOME025761_46,GUT_GENOME025761_01374,6943,0.02771807832178719,0.027266490602402882,0.027490423973836164,0.002678964341936469,0.45610811114939986,0.05624817992374006,1.0,0.0004515877193843089,-0.43566207239889043,-0.028757755949903895,-0.48234468248345685,0.42245783404696285,0.809588717027871,False
GUT_GENOME025761_46,GUT_GENOME025761_01374,7010,0.027846814786200855,0.027138448044684002,0.027348005703313295,0.0027196031768355338,0.42975256018295693,0.05513271791101533,1.0,0.0007083667415168533,-0.42660523501416847,-0.027784712207702036,-0.4694533422241372,0.40237846706690683,0.8177576697379054,False
GUT_GENOME025761_46,GUT_GENOME025761_01374,7024,0.028265065992468877,0.027066786387854445,0.02733714324404779,0.0027311409825174415,0.38621806868773356,0.05386638719539467,1.0,0.0011982796046144314,-0.40932554800193277,-0.026529243951346877,-0.45282030942663376,0.3725936368763149,0.8300271910406524,False
GUT_GENOME025761_46,GUT_GENOME025761_01374,7093,0.027755234206165647,0.0268252328564987,0.026976849887965754,0.0027037358219762133,0.40912614682123477,0.05362806013454415,1.0,0.0009300013496669479,-0.41878797413292,-0.026651210246578398,-0.4544361761588325,0.3818956054802167,0.8261757111340435,False
GUT_GENOME025761_46,GUT_GENOME025761_01374,7232,0.028853169353985502,0.02810094229964405,0.028598008095610198,0.0029067265064817546,0.43010227628700914,0.05366385563336872,1.0,0.0007522270543414526,-0.42505824056891983,-0.025065847537758524,-0.43343254679723087,0.3685382804986794,0.8317119265455403,False
GUT_GENOME025761_46,GUT_GENOME025761_01374,7293,0.02830382940654561,0.027256620221260224,0.027930208287306163,0.002757990230013574,0.40151466477639614,0.05360775364657672,1.0,0.0010472091852853846,-0.41465394364010405,-0.025677545359270554,-0.44153660667757316,0.36689246801263653,0.8323966291666821,False
GUT_GENOME025761_46,GUT_GENOME025761_01374,7294,0.028605958514261624,0.02608951675479668,0.027586796840824233,0.002721659744038743,0.27629047588953703,0.05352283414297857,1.0,0.0025164417594649435,-0.36283273023189944,-0.02593603730215434,-0.4449612292772385,0.3296380856874455,0.8480471504046188,False
GUT_GENOME025761_5,GUT_GENOME025761_00253,7580,0.04025843144411918,0.03817039082117686,0.03829128182622018,0.0029197111056697743,0.3950291614583666,0.042328065167716256,0.916605740365471,0.002088040622942322,-0.37794284085033103,-0.004036783341496077,-0.15482963293885657,0.1668130061859997,0.9199770976634355,False
GUT_GENOME025761_5,GUT_GENOME025761_00254,7975,0.04051012638244094,0.037144159858828886,0.03740492051436048,0.002874600521745495,0.33172144970673684,0.04219006453163659,0.9520066237446606,0.0033659665236120545,-0.3328691935719493,-0.004785144017276109,-0.16474426646431778,0.13794257336210597,0.9333534793695952,False
GUT_GENOME025761_5,GUT_GENOME025761_00254,8139,0.04121936648748129,0.03569073084079724,0.036542565030651626,0.002774686887948922,0.2456883767935057,0.04223125283961078,0.9798279760591303,0.0055286356466840506,-0.2565898215190724,-0.0056886878089591544,-0.1767148387547519,0.0970664707433074,0.9526256779112465,False
GUT_GENOME025761_5,GUT_GENOME025761_00254,8169,0.04364274465102923,0.036518567017826034,0.03736433702181294,0.0028992559385004643,0.18274856468103207,0.04205784709854605,0.9472620703701609,0.007124177633203194,-0.2003135564550946,-0.004693510076733111,-0.1635302570055354,0.06686766585598483,0.9671189005403189,False
GUT_GENOME025761_5,GUT_GENOME025761_00254,8219,0.04468371637068283,0.035138527073391164,0.03640931253396316,0.002774889650753554,0.12421924238620691,0.04211786578222781,0.9801673749554207,0.009545189297291666,-0.11492220023734952,-0.00570855324826465,-0.17697802541983287,0.04452833358889647,0.9779818505939157,False
GUT_GENOME025761_5,GUT_GENOME025761_00255,8866,0.04274320423786963,0.033618571473099296,0.03496124865699802,0.002521860060551431,0.13045994519027138,0.04208208102155743,0.9976259376055953,0.009124632764770331,-0.1297556243017272,-0.007120832364559411,-0.19568856209939572,0.05513053537446004,0.9728111873450743,False
GUT_GENOME025761_5,GUT_GENOME025761_00255,8873,0.045579109121507574,0.03733800276844116,0.03867734119524878,0.002973536811212877,0.1700608111465131,0.04201367394233851,0.8690705277206869,0.008241106353066414,-0.16091843101955483,-0.0033363327470897278,-0.14554973466120885,0.047079466701743525,0.9767351649368113,False
GUT_GENOME025761_5,GUT_GENOME025761_00255,8893,0.04157563019713848,0.037945712297593755,0.03850915355173761,0.0029112887343002852,0.3156144360451272,0.0418093917269362,0.8715189047244942,0.0036299178995447268,-0.32355938052942645,-0.0033002381751985888,-0.14507153682941332,0.125736423526634,0.9390672235480845,False
GUT_GENOME025761_5,GUT_GENOME025761_00255,9193,0.04147022615829375,0.03671051769445278,0.03759606484056894,0.0029283212382588187,0.2683178578591845,0.04187258087326835,0.9279097117625368,0.004759708463840974,-0.2837106057555175,-0.004276516032699414,-0.1580057241663602,0.10545751668749857,0.9486372875379177,False
GUT_GENOME025761_5,GUT_GENOME025761_00255,9202,0.04140663166957528,0.03659746988010395,0.03737497249311003,0.002734460043760024,0.2645462186084123,0.0418264357526601,0.9482283407503826,0.004809161789471335,-0.2819663404933159,-0.004451463259550072,-0.16032350715076413,0.10520864411631368,0.9487553397831925,False
GUT_GENOME025761_5,GUT_GENOME025761_00255,9413,0.04046172376320371,0.03631619946383534,0.03699686248403067,0.0027105620978958886,0.29149981723217266,0.041560886675835206,0.9538891135735093,0.004145524299368368,-0.30537345833476137,-0.004564024191804537,-0.16181476721921184,0.11943696794553996,0.9420296927158509,False
GUT_GENOME025761_5,GUT_GENOME025761_00255,9448,0.03981608385751563,0.0361122286172023,0.03678609952629618,0.0027431461952422166,0.3097606604164186,0.041577259739501826,0.9596460274081196,0.0037038552403133307,-0.32095154104768575,-0.004791160213205643,-0.16482397185209288,0.13017683339798383,0.9369846146282192,False
GUT_GENOME025761_5,GUT_GENOME025761_00263,20221,0.038348801204711166,0.03547546926126206,0.036055052897120236,0.0027022379345241895,0.3452944754306386,0.04154691160963426,0.9789402351809621,0.0028733319434491034,-0.35024487810245414,-0.005491858712514022,-0.1741071544902533,0.15298477588169587,0.9263599657688395,False
GUT_GENOME025761_5,GUT_GENOME025761_00263,20222,0.03795365961273586,0.03531011376428534,0.035788751849383814,0.0026961331696644052,0.35655601399804204,0.0415540865880161,0.9837567043018967,0.0026435458484505223,-0.35834964958412985,-0.005765334738632284,-0.17773029325838252,0.1600025284987793,0.923115179338096,False
GUT_GENOME025761_5,GUT_GENOME025761_00263,20236,0.03675804623703586,0.035662177682534726,0.03579260653105268,0.002759276397223219,0.4381267461901371,0.041504817083996774,0.980782453435768,0.0010958685545011324,-0.4129376819666614,-0.005712210552944096,-0.17702647910902475,0.2018559034937376,0.9039981620280234,False
GUT_GENOME025761_5,GUT_GENOME025761_00263,20329,0.035677218922044146,0.03478017845605451,0.034919294871030425,0.0028835901909149407,0.44722150315749265,0.04156155128457932,0.9893737243673579,0.0008970404659896375,-0.41995053547084754,-0.006642256413548896,-0.18934816324903844,0.21221117916803608,0.8993296832152164,False
GUT_GENOME025761_5,GUT_GENOME025761_00263,20335,0.036298309375702206,0.0353824029755217,0.035540469182246244,0.00297599028705993,0.4463115888585128,0.04166174592051342,0.9801514678636765,0.0009159064001805078,-0.4192851162451704,-0.0061212767382671784,-0.18244597995453532,0.20908654430629675,0.9007358197852265,False
GUT_GENOME025761_5,GUT_GENOME025761_00263,20350,0.03622842813200221,0.036596724368386783,0.03633768293060274,0.003164430466405248,0.5221554889532821,0.0416498471749578,0.9533958098125455,-0.0003682962363845757,-0.46458014989631313,-0.005312164244355065,-0.17172647782456438,0.2453246988637114,0.8845622851010719,False
GUT_GENOME025761_5,GUT_GENOME025761_00263,20446,0.036814649646071666,0.03317172860465382,0.035208930040928926,0.0031156507608676868,0.2980667379227556,0.041885766195695485,0.9839434066701654,0.0036429210414178487,-0.32310074749757955,-0.006676836154766559,-0.1898062918929855,0.14042052147565987,0.9321977947023509,False
GUT_GENOME025761_5,GUT_GENOME025761_00263,20485,0.03576982383416715,0.03407563002492499,0.03429990949691846,0.002936906447469872,0.4008134076348972,0.04185617139669874,0.9949569634750286,0.001694193809242163,-0.39183418803496206,-0.00755626189978028,-0.20145733697973933,0.19411908953598625,0.9075019675303206,False
GUT_GENOME025761_5,GUT_GENOME025761_00263,20533,0.03514096563541113,0.034656299933854946,0.034745176666876106,0.0029760190785095863,0.47002314939554857,0.04201455211538398,0.9927100819400185,0.0004846657015561834,-0.43449538088703177,-0.007269375448507871,-0.19765653060409533,0.2278543401026145,0.8923229413499714,False
GUT_GENOME025761_5,GUT_GENOME025761_00263,20548,0.03472202937385977,0.03581536846606086,0.03534364393047986,0.0034649059654105175,0.5691796222189094,0.041992414063498344,0.9725008119502223,-0.0010933390922010858,-0.49015309268404206,-0.006648770133018483,-0.18943446006221787,0.27613546892679514,0.8710396903415834,False
GUT_GENOME025761_5,GUT_GENOME025761_00263,20771,0.03348791435493208,0.03273824565458752,0.03268220064250508,0.002879857364880466,0.4538358176931771,0.04204324280642431,0.9994240349407107,0.0007496687003445551,-0.425148476118265,-0.009361042163919232,-0.22536791311239318,0.23154192300631815,0.8906791997624305,False
GUT_GENOME025761_5,GUT_GENOME025761_00263,20981,0.03228242564965937,0.031911041599101346,0.0318253968035187,0.002470731567973338,0.4755850385305921,0.04210432839075265,0.9999841070168508,0.0003713840505580254,-0.4384909311591781,-0.010278931587233947,-0.23752854306475757,0.24869410547930945,0.8830733146822722,False
GUT_GENOME025761_5,GUT_GENOME025761_00263,21016,0.03348790174120468,0.030809060792399444,0.03113550469453733,0.0024093527915986066,0.3309374293525278,0.04225972969463905,0.999998054309763,0.0026788409488052375,-0.35710475823071897,-0.011124225000101722,-0.24872738699296756,0.1893891213913697,0.9096507351281589,False
GUT_GENOME025761_5,GUT_GENOME025761_00264,21430,0.03414466106838333,0.03072295052663647,0.030865661881184923,0.0023869507186679508,0.28624226894913096,0.04222544608596758,0.9999990278045048,0.003421710541746857,-0.33090304967427026,-0.011359784204782657,-0.25184818591191965,0.1729243370308574,0.9171702460403895,False
GUT_GENOME025761_5,GUT_GENOME025761_00264,21523,0.03488315694293328,0.030918737732919352,0.03166221373699721,0.0025140655977653743,0.2653238241880801,0.04222217745443075,0.9999866750598327,0.003964419210013927,-0.31176120500583504,-0.010559963717433542,-0.24125178864671498,0.15539747447192953,0.9252431258620697,False
GUT_GENOME025761_5,GUT_GENOME025761_00264,21795,0.035466953495044064,0.03101150567774116,0.031542454459716165,0.0024493602671098124,0.23485473585186706,0.04272374414903129,0.9999975023342129,0.004455447817302904,-0.29444216464759576,-0.011181289689315123,-0.2494834067827641,0.14893815858229603,0.9282361753357726,False
GUT_GENOME025761_5,GUT_GENOME025761_00265,23160,0.03583011707311936,0.031012774171503953,0.03127217167948305,0.002392375027141436,0.23088406310984388,0.04287502357089495,0.9999993824753581,0.004817342901615406,-0.281677784980877,-0.0116028518914119,-0.255068460724327,0.1444022942080107,0.930343741039777,False
GUT_GENOME025761_5,GUT_GENOME025761_00265,23326,0.036564952818550246,0.03061554772295028,0.03106954760272757,0.0021173029601368005,0.18526881532550743,0.043175314015015,0.9999999945961687,0.005949405095599967,-0.2417488876933978,-0.012105766412287434,-0.2617313083731784,0.12694580248373086,0.9384995511284224,False
GUT_GENOME025761_5,GUT_GENOME025761_00266,23967,0.03587036441062508,0.030157245967602657,0.030941901642486676,0.002116318218153928,0.1914481958633995,0.042626347231294374,0.9999999831576619,0.0057131184430224205,-0.2500829399489224,-0.011684445588807699,-0.2561494523288411,0.12815401878186158,0.9379327671183484,False
GUT_GENOME025761_5,GUT_GENOME025761_00266,23968,0.036142078511250654,0.03198805255622371,0.032067351239683795,0.0020349435625471902,0.2711905396866956,0.04258696031657924,0.9999998826296594,0.004154025955026945,-0.3050735969513774,-0.010519609076895448,-0.24071715142573877,0.1510146465473735,0.9272729398356131,False
GUT_GENOME025761_5,GUT_GENOME025761_00268,25674,0.037226650231310145,0.03199400412651443,0.03238697528062904,0.0018843456975279177,0.22278575579658277,0.04285515853288044,0.9999999861464982,0.005232646104795714,-0.2670296507784784,-0.0104681832522514,-0.24003583796073216,0.128922037900387,0.9375726611163279,False
GUT_GENOME025761_5,GUT_GENOME025761_00268,25685,0.0372259688194615,0.03174742020798249,0.032195321140184356,0.001877971527809502,0.21927630073809506,0.043921166774825805,0.9999999997865884,0.005478548611479006,-0.25835643831341776,-0.01172584563464145,-0.2566979395699045,0.13264188139742916,0.9358304700048994,False
GUT_GENOME025761_5,GUT_GENOME025761_00268,25766,0.036102668043880994,0.031052765709404268,0.03144748185770997,0.001758066441623653,0.23190857034538565,0.04712835602248418,1.0,0.005049902334476726,-0.2734751952669052,-0.015680874164774206,-0.30909601409210935,0.1703290283539014,0.9183611885380165,False
GUT_GENOME025761_5,GUT_GENOME025761_00268,25770,0.03497221171673213,0.03031113644707331,0.030649095836704207,0.0017645462348846736,0.2295475019876208,0.04723175635271625,1.0,0.004661075269658817,-0.2871894911918145,-0.016582660516012045,-0.32104330298655415,0.18554660624352973,0.911400088433684,False
GUT_GENOME025761_5,GUT_GENOME025761_00268,25839,0.03402135568988325,0.029954301771616437,0.030270877223261754,0.0017064271847339932,0.2438775553799643,0.04728928256772388,1.0,0.004067053918266814,-0.30814118240837,-0.017018405344462122,-0.3268162550196021,0.20175985284106596,0.9040415778772836,False
GUT_GENOME025761_5,GUT_GENOME025761_00268,25844,0.03268362567570542,0.030003820329637717,0.030275218235287504,0.001707932406739316,0.3181183072702763,0.0472180022228754,1.0,0.002679805346067706,-0.357070743033107,-0.016942783987587896,-0.325814387785832,0.23365453081847165,0.8897388685698493,False
GUT_GENOME025761_5,GUT_GENOME025761_00268,25901,0.0331335076105486,0.030677078613207925,0.030824321857165334,0.0017476703868463857,0.33181300621206644,0.04727787020293724,1.0,0.002456428997340672,-0.3649494367410744,-0.01645354834577191,-0.3193327643478508,0.23516150576366746,0.8890687139867465,False
GUT_GENOME025761_5,GUT_GENOME025761_00268,25956,0.03222081451007705,0.030681621231985447,0.030744635998333974,0.0017434029088916132,0.39044163222641987,0.047277131363661754,1.0,0.001539193278091603,-0.3973012024098806,-0.01653249536532778,-0.3203786915219477,0.2604907514176522,0.8778799940643488,False
GUT_GENOME025761_5,GUT_GENOME025761_00268,25991,0.03194829930676034,0.030404983109361836,0.030474643736684532,0.0016726432946770088,0.3887547170635487,0.04725513258912524,1.0,0.0015433161973985032,-0.3971557831719584,-0.016780488852440708,-0.3236642256514142,0.26249124707346116,0.8770023355183267,False
GUT_GENOME025761_5,GUT_GENOME025761_00268,25994,0.03221376703573546,0.02968243727735068,0.029803179820079746,0.001683555455559707,0.3216486031521014,0.04724848138372613,1.0,0.002531329758384781,-0.3623076165209699,-0.017445301563646383,-0.33247197652341476,0.2418044241624922,0.8861206072462072,False
GUT_GENOME025761_5,GUT_GENOME025761_00268,26027,0.032460385387547634,0.029631840868567544,0.029771020525323145,0.0016684843496987361,0.3047173613127021,0.04724634369514804,1.0,0.0028285445189800903,-0.3518245726465318,-0.017475323169824895,-0.33286971685470007,0.23458277831684293,0.8893260154452536,False
GUT_GENOME025761_5,GUT_GENOME025761_00268,26057,0.032270491818050785,0.029576154415369767,0.02975215724535936,0.0016662797758294026,0.3101780504836529,0.04718705774937022,1.0,0.0026943374026810185,-0.3565581837417783,-0.017434900504010864,-0.33233417840293605,0.23757974452799024,0.8879943734064889,False
GUT_GENOME025761_5,GUT_GENOME025761_00268,26118,0.032711100574819865,0.029752003136434307,0.029997395213840726,0.0016880359305895592,0.2953012027037708,0.04734707514657124,1.0,0.002959097438385558,-0.3472198485092707,-0.01734967993273051,-0.33120513627068554,0.23025846549088425,0.8912509576559382,False
GUT_GENOME025761_5,GUT_GENOME025761_00268,26150,0.033310666377594486,0.030025614432647164,0.03031074312590005,0.0017343398424504405,0.2779968985650201,0.04751582082932571,1.0,0.0032850519449473224,-0.3357231267902225,-0.017205077703425664,-0.3292893780582061,0.22114151236376398,0.8953229783127474,False
GUT_GENOME025761_5,GUT_GENOME025761_00270,27203,0.03295228453804338,0.03036798785524381,0.030595667870351385,0.0016887784194509496,0.31945474716371935,0.0478184601023863,1.0,0.00258429668279957,-0.36043942332820206,-0.017222792232034916,-0.32952406844871057,0.23850268957615733,0.8875846829393385,False
GUT_GENOME025761_5,GUT_GENOME025761_00271,27397,0.032478346065751576,0.030545466902983424,0.030738900998375084,0.0017022206515481463,0.3639046664683903,0.04811981374414003,1.0,0.0019328791627681516,-0.3834155313431241,-0.017380912745764948,-0.3316189232389584,0.2569785799252964,0.8794229810209538,False
GUT_GENOME025761_5,GUT_GENOME025761_00271,27460,0.03202372732043012,0.03034712959446256,0.030619349940898804,0.0016858761411983442,0.3821930336276754,0.04871425320485902,1.0,0.0016765977259675623,-0.392454818425648,-0.018094903263960214,-0.34107820478282314,0.27035512628338176,0.8735607857185446,False
GUT_GENOME025761_5,GUT_GENOME025761_00271,27463,0.033459708085591705,0.030415440358367317,0.03083226619351886,0.001736742508748045,0.2990453347195844,0.04922406515058601,1.0,0.003044267727224388,-0.34421581239441656,-0.018391798957067152,-0.34501161829279264,0.23751754225935984,0.8880219914682417,False
GUT_GENOME025761_5,GUT_GENOME025761_00271,27603,0.0332402037552311,0.03102132096149004,0.03132718653147772,0.0017982188999915712,0.35368412305168767,0.05004623467453915,1.0,0.0022188827937410643,-0.3733279145446434,-0.018719048143061426,-0.34934716912495906,0.2614171763538753,0.8774734432725597,False
GUT_GENOME025761_5,GUT_GENOME025761_00273,30111,0.03237045808356901,0.03155375782309441,0.031746235744807616,0.0017769150441651982,0.443475391682106,0.050339896615570784,1.0,0.0008167002604746038,-0.4227842100084397,-0.018593660870763168,-0.34768597968271764,0.2996320287003916,0.8608663489100776,False
GUT_GENOME025761_5,GUT_GENOME025761_00275,31243,0.031168621283806333,0.03164933155069285,0.031724778936379566,0.0017995230984991675,0.5336988050364568,0.050063029767072796,1.0,-0.00048071026688651514,-0.46854509837832625,-0.01833825083069323,-0.3443021875782256,0.3380785055855071,0.8444757547036645,False
GUT_GENOME025761_5,GUT_GENOME025761_00275,31296,0.031652516783786444,0.030429082764601195,0.030694158048264777,0.0017129365948359099,0.415611713169801,0.049794754083394135,1.0,0.0012234340191852495,-0.40843832816448755,-0.01910059603512936,-0.35440209470388895,0.29242271264430586,0.8639750772909859,False
GUT_GENOME025761_5,GUT_GENOME025761_00275,31359,0.02979907577271603,0.030138681441691944,0.030227792214591532,0.0016319432047478557,0.5247146227452808,0.04937938387519227,1.0,-0.00033960566897591263,-0.4635682066256454,-0.01915159166060074,-0.35507770868831356,0.34097566140145996,0.8432533513685675,False
GUT_GENOME025761_5,GUT_GENOME025761_00275,31369,0.02833338449204362,0.02994914219240242,0.02977848112650136,0.0018174093841312228,0.6220692884906176,0.04916222125564912,1.0,-0.0016157577003587976,-0.5085792878675212,-0.01938374012914776,-0.35815332057390825,0.3869266930859516,0.8241000417570025,False
GUT_GENOME025761_5,GUT_GENOME025761_00275,31387,0.028749620021329268,0.03011551329008454,0.02994078979076471,0.0017705130701154371,0.6019684825631771,0.04888422772409905,1.0,-0.0013658932687552715,-0.49976633458782915,-0.018943437933334337,-0.352319990398728,0.3738957648219138,0.8294869661196962,False
GUT_GENOME025761_5,GUT_GENOME025761_00275,31537,0.028529713519608445,0.02896528082583014,0.029086316023531147,0.0014818832953751159,0.5332865572108789,0.048348268556096856,1.0,-0.0004355673062216951,-0.46695286373855444,-0.01926195253256571,-0.35653982132530176,0.3451656211443151,0.8414886017738243,False
GUT_GENOME025761_5,GUT_GENOME025761_00275,31592,0.028444086932033177,0.028893960676947286,0.028954447374276472,0.0013676092755335737,0.5340083074105026,0.04789726538131669,1.0,-0.0004498737449141095,-0.4674574652738185,-0.018942818007040216,-0.35231177732417995,0.34264007028154575,0.8425518841080462,False
GUT_GENOME025761_5,GUT_GENOME025761_00276,31929,0.02736679395374482,0.02817533898766369,0.028183593420827126,0.001322633615887676,0.5659949928647638,0.04727753974094414,1.0,-0.000808545033918872,-0.4801081386508982,-0.019093946320117013,-0.35431399615792053,0.356042232672225,0.8369247505178417,False
GUT_GENOME025761_5,GUT_GENOME025761_00276,31943,0.02774822789607767,0.028278239300468265,0.028335164281461357,0.0013208931566004133,0.5428849171425691,0.0466291517692503,1.0,-0.0005300114043905943,-0.47028399582231517,-0.018293987487788946,-0.34371576603349335,0.3393075645465945,0.8439569588807854,False
GUT_GENOME025761_5,GUT_GENOME025761_00276,32111,0.02962039692812372,0.027971490888324374,0.028131913944342245,0.0013380843494464596,0.38254966836906606,0.04637535457826052,1.0,0.0016489060397993464,-0.3934315302163987,-0.01824344063391828,-0.34304609758589577,0.272468994037329,0.8726379774900688,False
GUT_GENOME025761_5,GUT_GENOME025761_00276,32121,0.03040532964655904,0.02797839430498486,0.028260383206857056,0.00135896698944531,0.3333767954924805,0.04490238264717984,1.0,0.0024269353415741803,-0.3659897056927187,-0.016641999440322786,-0.32182945291048337,0.23752266143370387,0.8880197185014527,False
GUT_GENOME025761_5,GUT_GENOME025761_00276,32334,0.03189480254263665,0.027900996978521643,0.028395921016071128,0.001364874574979715,0.24258117097520454,0.04480343759970573,1.0,0.003993805564115008,-0.31072472068475226,-0.016407516583634603,-0.3187229139549946,0.1981341479245802,0.9056819583086908,False
GUT_GENOME025761_5,GUT_GENOME025761_00276,32414,0.03149824867050831,0.02828841237763798,0.02863617219084212,0.0013254680799941166,0.2907359759657566,0.04463420490420691,1.0,0.0032098362928703293,-0.3383760535129339,-0.015998032713364786,-0.3132978794232415,0.2126539148420879,0.8991306225820936,False
GUT_GENOME025761_5,GUT_GENOME025761_00276,32433,0.03395853634980927,0.029392825982632865,0.029680125124196696,0.001277969444131677,0.2390665184094496,0.044508165530318215,1.0,0.0045657103671764045,-0.2905531009089169,-0.014828040406121519,-0.2977972721233793,0.17310431973191326,0.9170877123649984,False
GUT_GENOME025761_5,GUT_GENOME025761_00277,32991,0.03434180176605933,0.029252378419127943,0.0295445636232637,0.001258807484052281,0.22088644742472296,0.044602765658603494,1.0,0.005089423346931389,-0.27208125202298755,-0.015058202035339793,-0.300846561428892,0.16453686122598454,0.9210246942878964,False
GUT_GENOME025761_5,GUT_GENOME025761_00277,33111,0.034840115549115,0.02990239498309281,0.03011554194243578,0.001226818024019139,0.2281433148226371,0.04455082168807489,1.0,0.0049377205660221905,-0.2774319516482689,-0.014435279745639112,-0.29259379452503775,0.1625796163899274,0.9219264708787088,False
GUT_GENOME025761_5,GUT_GENOME025761_00277,33170,0.03716220238195438,0.02982371636146837,0.03013354286506415,0.001239424129931477,0.1478018796008047,0.044247945168018415,1.0,0.007338486020486014,-0.19275469826768152,-0.014114402302954264,-0.28834265953923505,0.12029586301442416,0.9416252272415094,False
GUT_GENOME025761_5,GUT_GENOME025761_00277,33378,0.03866068484556231,0.029658290285323317,0.03009275653741075,0.0013357451572151135,0.10857660807422065,0.044152564909557636,1.0,0.009002394560238991,-0.1340670806327248,-0.014059808372146886,-0.2876193735166159,0.10069888613147213,0.9508970820451632,False
GUT_GENOME025761_5,GUT_GENOME025761_00277,33379,0.04524385975070476,0.029955719414168743,0.030873216098409702,0.0014470322660112027,0.04239949740134527,0.044050660957695345,1.0,0.015288140336536016,0.08763707909508696,-0.013177444859285643,-0.2759294075023819,0.08381729555693404,0.9589573794582161,False
GUT_GENOME025761_5,GUT_GENOME025761_00277,33674,0.05107414590523005,0.029698353951731656,0.030988522016825355,0.001478519134777493,0.014545759804409296,0.04380836140603714,1.0,0.021375791953498396,0.30235427169039286,-0.012819839389211784,-0.2711916823689935,0.16496303419555297,0.9208284572818605,False
GUT_GENOME025761_5,GUT_GENOME025761_00277,33684,0.0535315855308866,0.02963993058095326,0.031214667209377652,0.0015193286036505069,0.00917965072423843,0.04368603750966433,0.9999999999999999,0.02389165494993334,0.39109112352398606,-0.012471370300286676,-0.2665750003018303,0.22401449768517456,0.8940377767377576,False
GUT_GENOME025761_5,GUT_GENOME025761_00279,35243,0.057157343703965476,0.03157399187068133,0.033007336160368245,0.0015548014992713313,0.007673345110687825,0.043641292936700174,0.9999999999960245,0.025583351833284147,0.45075886214805705,-0.01063395677633193,-0.2422320834245515,0.26185993404520996,0.8772792107148673,False
GUT_GENOME025761_5,GUT_GENOME025761_00279,35723,0.058005566619427996,0.03276509263400985,0.034478670143473424,0.0018468681056776732,0.009280690336710418,0.04356764565886272,0.9999995701242381,0.02524047398541815,0.43866523827973797,-0.0090889755153893,-0.221763446440139,0.24160621745202768,0.8862084291231752,False
GUT_GENOME025761_5,GUT_GENOME025761_00279,35798,0.059836563683443186,0.03737883732362653,0.039634165284825836,0.002401562473080578,0.019277736725818912,0.04362031269993303,0.9515240785562348,0.022457726359816653,0.34051511480592633,-0.003986147415107194,-0.15415878441672556,0.13971547422413566,0.9325264743791386,False
GUT_GENOME025761_5,GUT_GENOME025761_00279,36239,0.06324905833831843,0.03833462987991703,0.04085824658800286,0.0025468836206802834,0.013172735339366491,0.043560925005070326,0.8556938465222952,0.024914428458401396,0.42716530618371784,-0.002702678417067464,-0.13715478464937927,0.20128163375924701,0.9042577686895458,False
GUT_GENOME025761_5,GUT_GENOME025761_00279,36901,0.06533855916170195,0.03939646336219134,0.04210959350226195,0.0026706471812385675,0.011228141735808512,0.043433794673084815,0.6899946946125224,0.02594209579951061,0.4634120989190349,-0.0013242011708228668,-0.11889207101139103,0.22888609797392304,0.8918627294577448,False
GUT_GENOME025761_5,GUT_GENOME025761_00279,36974,0.06500708016834542,0.03953055933290855,0.04188201200228957,0.0024205583045350297,0.013264422902092886,0.043373893570195235,0.7311642003934876,0.025476520835436868,0.44699083247369,-0.0014918815679056674,-0.12111357962386178,0.2144693034848279,0.8983148571106587,False
GUT_GENOME025761_5,GUT_GENOME025761_00280,37557,0.067633711828939,0.03935393570471732,0.041665242177691034,0.0023383109716730213,0.010406626341331491,0.04343793919111152,0.7758074437526767,0.02827977612422168,0.5458642804973399,-0.0017726970134204836,-0.12483395446539992,0.31355132891034815,0.854895820827098,False
GUT_GENOME025761_5,GUT_GENOME025761_00280,39050,0.06679041001994236,0.03954242643052514,0.04191672953923348,0.002422153648418132,0.011793228149546593,0.04327511213756929,0.71253852186455,0.02724798358941722,0.5094719883042866,-0.0013583825983358097,-0.119344922608403,0.2738049174191289,0.8720552833814172,False
GUT_GENOME025761_5,GUT_GENOME025761_00282,40702,0.06729974480993389,0.03901918225641044,0.04139816089313484,0.0023605544687828393,0.009868475492757163,0.04320061762838443,0.7774392639186916,0.02828056255352345,0.5458920185977563,-0.0018024567352495913,-0.12522822522989155,0.3136802043629615,0.8548407350589948,False
GUT_GENOME025761_5,GUT_GENOME025761_00282,40703,0.06774563824911908,0.03898297804465542,0.04148187255217185,0.002388193422826318,0.007668552960881899,0.04312036003749877,0.753668106805193,0.028762660204463664,0.5628960557338902,-0.0016384874853269185,-0.12305588363707129,0.3319947200584713,0.8470484703696457,False
GUT_GENOME025761_5,GUT_GENOME025761_00282,41013,0.0704839005315171,0.03860819280223417,0.04128848219288902,0.002366370963377832,0.005249084481287408,0.043091559943312915,0.7769577748971029,0.03187570772928293,0.672696167008735,-0.0018030777504238968,-0.12523645273043543,0.4682043022007465,0.791280981544026,False
GUT_GENOME025761_5,GUT_GENOME025761_00283,41082,0.07030542612118262,0.03864791508608233,0.041015717391353075,0.0022182672706415325,0.005399732053169051,0.04301172927132916,0.8158884511924609,0.0316575110351003,0.6650001645834437,-0.001996011879976084,-0.12779253464517523,0.4585561508070455,0.7951074029491156,False
GUT_GENOME025761_5,GUT_GENOME025761_00283,41463,0.06898652546100476,0.038600061266014014,0.04084362973468102,0.002197711394795556,0.006764025396418022,0.04290432461063641,0.8257891080627724,0.03038646419499074,0.6201691482347063,-0.0020606948759553934,-0.12864948533916415,0.4011604625001929,0.8182558377033258,False
GUT_GENOME025761_5,GUT_GENOME025761_00283,41578,0.06871126286764263,0.03851002090451468,0.04071781488777183,0.0022003123153029663,0.007476401628091828,0.04288178436976175,0.8373150802254039,0.030201241963127956,0.6136361860788234,-0.002163969481989915,-0.13001771579869678,0.3934539752868751,0.8214148591094594,False
GUT_GENOME025761_5,GUT_GENOME025761_00284,42473,0.06717113585955142,0.03854204048970349,0.040630779945824896,0.0022318182362920384,0.009807740246841463,0.04284983060662541,0.8399565433426371,0.02862909536984793,0.5581850985171143,-0.0022190506608005117,-0.13074745711158478,0.32866550174770626,0.8484596492132315,False
GUT_GENOME025761_5,GUT_GENOME025761_00285,43856,0.06629966081508713,0.03751792369878706,0.03947924265417345,0.0021014225199491097,0.008592347072176059,0.04286588629659744,0.946475034023533,0.028781737116300075,0.563568916339364,-0.0033866436424239907,-0.14621627701935339,0.3389891231293254,0.8440913450040783,False
GUT_GENOME025761_5,GUT_GENOME025761_00285,43944,0.06492247520145636,0.036958143076959445,0.03874820619343221,0.0019746662430787766,0.009983568237804179,0.04283872893979766,0.9808439911579026,0.027964332124496914,0.5347382742302906,-0.004090522746365455,-0.1555415978007207,0.3101382105731907,0.8563559967122045,False
GUT_GENOME025761_5,GUT_GENOME025761_00287,46217,0.060695618836210996,0.03714954315546018,0.038617464698256644,0.0019280226049241584,0.01922333754085543,0.042713903515146714,0.9831935060848335,0.023546075680750816,0.37890221798753,-0.00409643881689007,-0.15561997668013094,0.1677844679377942,0.9195303448915733,False
GUT_GENOME025761_5,GUT_GENOME025761_00287,46221,0.05971770255087032,0.03692000966597094,0.038416775838360194,0.0019046610654695384,0.018457441349801533,0.04259053373154294,0.9857863616530448,0.022797692884899377,0.352506053584149,-0.004173757893182743,-0.15664433609769388,0.1487979658449582,0.9283012436014287,False
GUT_GENOME025761_5,GUT_GENOME025761_00287,46224,0.05957161809679058,0.03658318052430668,0.038109526061940804,0.001884870721309697,0.016452321759940682,0.04255453237673591,0.9908194690186228,0.0229884375724839,0.3592337979423345,-0.004445006314795108,-0.16023796251565503,0.15472512621524248,0.9255542209515427,False
GUT_GENOME025761_5,GUT_GENOME025761_00287,46233,0.0623736085012844,0.0364762606041694,0.03813563609450766,0.0018576332835809066,0.0099089380126277,0.042479825428679896,0.9903209255541096,0.025897347897115,0.4618337983556219,-0.004344189334172237,-0.15890229183122545,0.23854039565279714,0.8875679494290382,False
GUT_GENOME025761_5,GUT_GENOME025761_00287,46245,0.05929657770191177,0.03606852862433507,0.03757015468232929,0.001881464926921089,0.01628546029772265,0.04246613406830132,0.9953688342363552,0.023228049077576696,0.3676851208701621,-0.004895979385972027,-0.16621266545673408,0.1628189982675379,0.9218161312373593,False
GUT_GENOME025761_5,GUT_GENOME025761_00287,46246,0.056762227072088146,0.03593809361366416,0.037252101060222274,0.0018477544798893811,0.021295819965357534,0.04250004104962269,0.9977455371482362,0.020824133458423988,0.2828967582210474,-0.005247939989400416,-0.1708756047470107,0.10922904810963435,0.9468500655394497,False
GUT_GENOME025761_5,GUT_GENOME025761_00287,46656,0.05679765042358615,0.03674531546219266,0.03796841893223016,0.0018360273565132675,0.0255173285299669,0.04261803307720851,0.9943362805727307,0.02005233496139349,0.25567470003527437,-0.004649614144978352,-0.16294870309618084,0.09192183207885482,0.9550792897425596,False
GUT_GENOME025761_5,GUT_GENOME025761_00287,46689,0.05622384771349319,0.03677504347279322,0.03815339855013206,0.00197985190592431,0.03101786552533727,0.04267056975021269,0.9887426374804605,0.019448804240699967,0.2343876044282828,-0.004517171200080626,-0.16119403679129368,0.08092106660670212,0.9603470654898063,False
GUT_GENOME025761_5,GUT_GENOME025761_00288,47332,0.05667499210568744,0.03692790007246385,0.03833060956148326,0.0019607850718304297,0.02902288163616063,0.04269472066901129,0.986982718002955,0.01974709203322359,0.24490849514707233,-0.004364111107528032,-0.1591662248362489,0.08531405812382689,0.9582399821806374,False
GUT_GENOME025761_5,GUT_GENOME025761_00288,47333,0.05669561519725077,0.03830592370309912,0.03959842376017611,0.0019770556148623443,0.03745175966240887,0.042707442726390814,0.9420884828359188,0.01838969149415165,0.1970317026964699,-0.0031090189662147036,-0.14253817498737414,0.059138623196201404,0.9708635832025891,False
GUT_GENOME025761_5,GUT_GENOME025761_00288,47461,0.05734527427622244,0.03852659603862166,0.03992323986542988,0.0020355166222436995,0.03645869467455263,0.04273188848446717,0.9161791202987873,0.018818678237600785,0.21216246822144627,-0.0028086486190372906,-0.13855872762921959,0.06421143392404446,0.9684041999175025,False
GUT_GENOME025761_5,GUT_GENOME025761_00290,48898,0.05957746555384106,0.03891451223789667,0.04046466297325784,0.0020793079204084997,0.029436137336761203,0.04279748530219154,0.869052302287893,0.020662953315944387,0.2772117831480815,-0.002332822328933698,-0.13225475757729296,0.09433769361796748,0.9539263165771866,False
GUT_GENOME025761_5,GUT_GENOME025761_00290,49018,0.0670126898650113,0.039051816180138046,0.040997557510102936,0.002149564649768501,0.01451807076364036,0.04289634130282293,0.811472112285878,0.027960873684873253,0.534616291815153,-0.001898783792719995,-0.12650441130475396,0.30181794555374725,0.859925971769964,False
GUT_GENOME025761_5,GUT_GENOME025761_00290,49019,0.075008626277191,0.042804308819674,0.04592690240217234,0.0028114494033586357,0.010481981054501089,0.0430281185765102,0.15125544104248367,0.032204317457517,0.6842865408910587,0.002898783825662145,-0.06294398343980857,0.4722100150959214,0.7896977453549459,False
GUT_GENOME025761_5,GUT_GENOME025761_00290,49286,0.07069626141773964,0.04399914633000867,0.0470125360054789,0.0031090783254297105,0.024740336314538924,0.04325506547557441,0.11341826363376872,0.026697115087730976,0.4900423386440334,0.003757470529904494,-0.051567698900438434,0.2428007212335998,0.8856792974914136,False
GUT_GENOME025761_5,GUT_GENOME025761_00290,49349,0.06967759488244618,0.04383633581540072,0.04686461112901993,0.0030946554255607286,0.024669877050741786,0.04321205744808439,0.11894483485168023,0.025841259067045458,0.45985549261701314,0.00365255368093554,-0.05295768656526209,0.21427159065638035,0.898403665685853,False
GUT_GENOME025761_5,GUT_GENOME025761_00290,49514,0.07704105950929754,0.04436853497089729,0.048032856039370235,0.0031942723007138186,0.014051871173664588,0.043269547590391276,0.06795410267864939,0.032672524538400256,0.7008006445694587,0.004763308448978959,-0.03824188599178815,0.49258398527317765,0.7816939427233969,False
GUT_GENOME025761_5,GUT_GENOME025761_00292,50567,0.07379797496151508,0.04151510555355946,0.0446210730502815,0.002725440495311702,0.008318266725976912,0.04362307475007084,0.35711586166577225,0.03228286940795562,0.6870571419918297,0.0009979983002106618,-0.08812648234076895,0.479813793251739,0.7867011021840484,False
GUT_GENOME025761_5,GUT_GENOME025761_00292,50587,0.06821753351849112,0.04057576241767562,0.0437296122100814,0.002741683624639098,0.011010289999439319,0.0438442895680584,0.5166818336548659,0.027641771100815504,0.523361243841009,-0.00011467735797700274,-0.10286773176857107,0.2844887617940188,0.8674092523309275,False
GUT_GENOME025761_5,GUT_GENOME025761_00292,50727,0.06383741318108721,0.0403409274733821,0.043213019515519854,0.002707901303609877,0.019518295975399162,0.0441923678354761,0.641198144459709,0.023496485707705107,0.37715313304259274,-0.000979348319956247,-0.11432329856354792,0.15531430235829377,0.9252816038753411,False
GUT_GENOME025761_6,GUT_GENOME025761_00311,8784,0.03211264848597538,0.03341607369439368,0.03514308836352372,0.001959693496152949,0.5896737961331354,0.05157073793527105,1.0,-0.0013034252084183004,-0.4975630274036507,-0.016427649571747326,-0.3189896452322655,0.34932336000449266,0.8397410739143085,False
GUT_GENOME025761_6,GUT_GENOME025761_00311,8807,0.032885563451278986,0.031099780951963092,0.033153891198380026,0.002346454586400858,0.38402199258180586,0.05227254722240757,0.9999999999999998,0.0017857824993158938,-0.38860376887770975,-0.01911865602402754,-0.35464136191446594,0.27678338476650766,0.8707575558377091,False
GUT_GENOME025761_6,GUT_GENOME025761_00311,8808,0.029743082530201297,0.03054770033717234,0.03233795377462231,0.002057529665685277,0.5606930251710648,0.05144273198016656,1.0,-0.0008046178069710426,-0.4799696216663564,-0.019104778205544244,-0.35445750206072446,0.3560109584896738,0.8369378376888787,False
GUT_GENOME025761_6,GUT_GENOME025761_00311,8813,0.03178725531476918,0.02546361980699921,0.0275158553729068,0.0016950405859442444,0.1610239391453812,0.04567743053304227,1.0,0.006323635507769973,-0.22854942942265288,-0.018161575160135467,-0.3419615053602302,0.16917251283765494,0.9188923915913892,False
GUT_GENOME025761_6,GUT_GENOME025761_00311,8822,0.036613463874136803,0.02381148464153843,0.026901097398528404,0.002166922202498099,0.054761104817424106,0.044347454962578275,0.9999999999999996,0.012801979232598373,-5.21590817034457e-05,-0.017446357564049872,-0.332485966912464,0.11054692091428592,0.9462263570783936,False
GUT_GENOME025761_6,GUT_GENOME025761_00311,8823,0.0354945416030731,0.024030461296776218,0.02666438478600683,0.0020832505066753736,0.06568470805555775,0.04371528128995182,0.9999999999999999,0.011464080306296885,-0.047241111325831954,-0.017050896503944993,-0.32724671315231224,0.10932213386829137,0.9468059974366434,False
GUT_GENOME025761_6,GUT_GENOME025761_00311,8877,0.03359604518471187,0.023176528181952226,0.027080406040904087,0.0023509344430627044,0.06869249519871594,0.042323201236027924,0.9999999999552552,0.010419517002759643,-0.08408384053173044,-0.015242795195123837,-0.3032921382607559,0.09905621336934695,0.9516784092355935,False
GUT_GENOME025761_6,GUT_GENOME025761_00311,8897,0.027981027863526832,0.023783653572579107,0.02568738227958225,0.002177954698311312,0.17906275153436668,0.04169282335083699,0.9999999999999001,0.0041973742909477245,-0.30354466041258904,-0.016005441071254737,-0.31339602882617185,0.19035643174900874,0.9092108842158572,False
GUT_GENOME025761_6,GUT_GENOME025761_00311,8915,0.030874763467320473,0.024554726546679853,0.02581453686284225,0.002086803341519285,0.1475001096723968,0.042083860036379823,0.9999999999999968,0.00632003692064062,-0.2286763549720012,-0.016269323173537572,-0.3168920627877847,0.15271345478117798,0.9264856447961838,False
GUT_GENOME025761_6,GUT_GENOME025761_00311,8916,0.031348587126751995,0.023656735267159324,0.025247010793123335,0.0019603334006742432,0.09446033649742847,0.04206462777360566,1.0,0.007691851859592671,-0.18029115309360247,-0.016817616980482324,-0.32415611652025933,0.13758208776131675,0.9335217247765311,False
GUT_GENOME025761_6,GUT_GENOME025761_00311,8928,0.028225403339733956,0.02429745890297539,0.02562339365441799,0.0020947110453487026,0.2037310678659563,0.04160955543406102,0.9999999999999885,0.003927944436758566,-0.31304770453089314,-0.015986161779643033,-0.31314060772088553,0.19605590551586688,0.9066235607707884,False
GUT_GENOME025761_6,GUT_GENOME025761_00311,8933,0.03145932439691722,0.024028981765994648,0.02509521809866508,0.0019750655880899355,0.10845560692813155,0.04197954598138209,1.0,0.007430342630922571,-0.18951482930748967,-0.016884327882717008,-0.3250399338682518,0.14156682913652446,0.9316636550523122,False
GUT_GENOME025761_6,GUT_GENOME025761_00311,8940,0.027932097879806037,0.023151200265680898,0.0244586579022144,0.0019441346646616566,0.16580409456135742,0.041385018661074975,1.0,0.004780897614125139,-0.2829632445152949,-0.016926360758860576,-0.3255968051423206,0.18608147726550886,0.9111563802748783,False
GUT_GENOME025761_6,GUT_GENOME025761_00311,8949,0.0324720233891914,0.024026347671392837,0.02531253071681124,0.0018837849246764048,0.07839243105942127,0.041726413540465565,1.0,0.00844567571779856,-0.15370307730846172,-0.016413882823654326,-0.31880725689119294,0.12526270302057804,0.9392896775924849,False
GUT_GENOME025761_6,GUT_GENOME025761_00311,8952,0.02725767757326046,0.023541746599482157,0.024620161096725504,0.0017617240075404723,0.2211254338214615,0.0411770270433208,1.0,0.0037159309737783038,-0.3205256185818036,-0.0165568659465953,-0.3207015644225288,0.20558616559030524,0.90231365838678,False
GUT_GENOME025761_6,GUT_GENOME025761_00311,8968,0.029700313622247065,0.02472593276990033,0.024793679097958203,0.0014196279744000126,0.169216643391001,0.040299446328144174,1.0,0.004974380852346735,-0.2761389089029493,-0.015505767230185971,-0.30677611522462855,0.17036428188242592,0.9183450009445064,False
GUT_GENOME025761_6,GUT_GENOME025761_00311,8971,0.029787864620814668,0.024070198363710358,0.024493374556952312,0.0012615781396594062,0.14634392404850338,0.039480485366251525,1.0,0.00571766625710431,-0.24992253427304767,-0.014987110809299212,-0.2999047114949234,0.15240410911431593,0.9266289580390445,False
GUT_GENOME025761_6,GUT_GENOME025761_00311,8972,0.02732924461550066,0.024423112764024077,0.02420004027924381,0.0012383289204229914,0.2826496611811621,0.03692902582600262,1.0,0.002906131851476583,-0.3490879945269517,-0.012728985546758807,-0.2699880080158985,0.19475595239524196,0.90721303638623,False
GUT_GENOME025761_6,GUT_GENOME025761_00311,9042,0.025408165114156844,0.02390271946925123,0.024007975250234962,0.0010568874957594813,0.37014394078762736,0.03743575031903002,1.0,0.0015054456449056126,-0.39849151314222303,-0.01342777506879506,-0.27924589962705265,0.23677375850490046,0.8883523010495882,False
GUT_GENOME025761_6,GUT_GENOME025761_00311,9063,0.02503765025806053,0.023552676836998944,0.023505857069634623,0.0011111155229701665,0.375554359386991,0.03582745161399205,1.0,0.0014849734210615854,-0.39921358771326515,-0.012321594544357425,-0.26459070078009284,0.2293797275541975,0.8916426317081497,False
GUT_GENOME025761_6,GUT_GENOME025761_00311,9081,0.024725909257718344,0.023072435229313352,0.02305646393248298,0.0011023283395871733,0.3537284796697655,0.03603457563259375,1.0,0.0016534740284049922,-0.39327041296611476,-0.012978111700110768,-0.2732885482393917,0.22934824831333275,0.8916566659351806,False
GUT_GENOME025761_6,GUT_GENOME025761_00311,9111,0.025078286604863907,0.022017067640971194,0.02202073276611141,0.0009948521935165212,0.2533953695617547,0.035279382048395834,1.0,0.003061218963892713,-0.3436179263494432,-0.013258649282284422,-0.2770052418169525,0.19480518330275973,0.9071907052005306,False
GUT_GENOME025761_6,GUT_GENOME025761_00311,9137,0.023583201971018476,0.022146445388250485,0.022098054589219443,0.0010216315237337875,0.3665035862864786,0.03544211009599292,1.0,0.001436756582767991,-0.4009142409052736,-0.013344055506773478,-0.2781367435700606,0.23809227668440938,0.8877668397267708,False
GUT_GENOME025761_6,GUT_GENOME025761_00311,9180,0.02359529018999243,0.022258094880820336,0.022371824733140196,0.0010421361537537818,0.38089350658770427,0.03550021243203542,1.0,0.0013371953091720935,-0.40442586057453306,-0.013128387698895221,-0.27527947521329704,0.23933906617515988,0.887213583010349,False
GUT_GENOME025761_6,GUT_GENOME025761_00321,19093,0.02499017754568484,0.021904599931135516,0.022390257458774935,0.0010593069558048,0.2496119612520623,0.03424601052379115,1.0,0.0030855776145493237,-0.34275877385296594,-0.011855753065016215,-0.25841901418817953,0.18426396394717917,0.9119847760510726,False
GUT_GENOME025761_6,GUT_GENOME025761_00323,20054,0.02431755767132744,0.021894020882921583,0.02201845377537601,0.0009216345749182899,0.2970735295473552,0.03452196678574217,1.0,0.0024235367884058584,-0.36610957585630605,-0.012503513010366157,-0.2670008420132765,0.20532567116948294,0.902431189877609,False
GUT_GENOME025761_6,GUT_GENOME025761_00324,20911,0.024771655137092372,0.0216429158307839,0.02228397424709363,0.0009819657614391862,0.251006280482478,0.03443574797701924,1.0,0.0031287393063084736,-0.3412364204291323,-0.01215177372992561,-0.2623408349138355,0.18526500829057585,0.9115284216676784,False
GUT_GENOME025761_6,GUT_GENOME025761_00325,22907,0.024682437197061615,0.021537828827239685,0.021734371574980732,0.0009376771457980526,0.24413732361621415,0.03372217768525132,1.0,0.00314460836982193,-0.3406767036481602,-0.011987806110270588,-0.2601685149195663,0.18374827256402898,0.9122199577153459,False
GUT_GENOME025761_6,GUT_GENOME025761_00325,23189,0.025411833745327517,0.020665535797387558,0.02246210401619286,0.0011106245733543117,0.15704999429525046,0.033070934183971744,1.0,0.004746297947939959,-0.284183607252104,-0.010608830167778884,-0.24189919431960022,0.1392755428432898,0.9327316207706697,False
GUT_GENOME025761_6,GUT_GENOME025761_00325,23311,0.02477753028524496,0.02182540103508492,0.021954253791091234,0.0009317219801665062,0.25947888375571226,0.03289053914870208,1.0,0.0029521292501600398,-0.3474656230554175,-0.010936285357610848,-0.24623747438730986,0.18136525299793058,0.9133075245138287,False
GUT_GENOME025761_6,GUT_GENOME025761_00325,23331,0.024069606971130513,0.02132705777001311,0.021675575341489214,0.0009957587445087635,0.26274825225341225,0.03288196923368863,1.0,0.0027425492011174044,-0.3548577083102691,-0.011206393892199414,-0.24981599904689814,0.1883320265270158,0.9101316557718784,False
GUT_GENOME025761_6,GUT_GENOME025761_00325,23333,0.023848466212063216,0.021393428529186475,0.021567207594580647,0.000965651341091648,0.2834011396860861,0.0330196325796139,1.0,0.0024550376828767415,-0.36499850970952086,-0.011452424985033252,-0.25307553445577524,0.1972711382302475,0.9060728487931963,False
GUT_GENOME025761_6,GUT_GENOME025761_00325,23635,0.023984879116293698,0.021327648252667405,0.02177984026407124,0.000934040257872316,0.26425832868780597,0.03328325295666286,1.0,0.002657230863626292,-0.3578669662401983,-0.01150341269259162,-0.25375104353997147,0.19245835762358776,0.9082558392207185,False
GUT_GENOME025761_6,GUT_GENOME025761_00325,23648,0.023715202954394787,0.021407159284467684,0.021896353132986535,0.0009437906805073116,0.29390125166354486,0.03336073047117296,1.0,0.0023080436699271026,-0.37018312666442693,-0.011464377338186425,-0.2532338848409783,0.20116294769870502,0.9043114316779324,False
GUT_GENOME025761_6,GUT_GENOME025761_00325,23703,0.024570191117118837,0.021644885300859704,0.021977691414183993,0.0009430879095317481,0.2544252661276099,0.033179507207642865,1.0,0.0029253058162591328,-0.348411710772875,-0.011201815793458872,-0.2497553462457491,0.18376845318201554,0.9122107531805411,False
GUT_GENOME025761_6,GUT_GENOME025761_00325,23925,0.02416514301941348,0.021739590762420987,0.021908361772135766,0.0009067868191396954,0.2925075479376467,0.03317635172364723,1.0,0.002425552256992494,-0.36603848838548547,-0.011267989951511466,-0.25063205255486076,0.1968006007473937,0.9062860444901313,False
GUT_GENOME025761_6,GUT_GENOME025761_00328,27218,0.024364200424196212,0.02199487355792292,0.022040066607858896,0.0009193515093629864,0.30123231532649025,0.032842796093846105,1.0,0.0023693268662732907,-0.36802161074652257,-0.01080272948598721,-0.24446806350673184,0.19520454005119642,0.9070095769197123,False
GUT_GENOME025761_6,GUT_GENOME025761_00329,28940,0.024254633613304037,0.02190895611575875,0.022019485926032555,0.0009037398955550798,0.29707471343514036,0.03293988940983821,1.0,0.002345677497545287,-0.36885574620292405,-0.010920403483805657,-0.24602706386792766,0.19658387766238927,0.9063842563649595,False
GUT_GENOME025761_6,GUT_GENOME025761_00333,32598,0.024201541370996716,0.021591197688429393,0.021783931330566726,0.0008768049684946782,0.2852600443934643,0.03312974743794972,1.0,0.002610343682567323,-0.3595207211721721,-0.011345816107382993,-0.2516631300007158,0.1925894799539159,0.9081962948615523,False
GUT_GENOME025761_6,GUT_GENOME025761_00333,32802,0.023689768154112903,0.021523341351427562,0.02162859700192318,0.0008518264439026004,0.3159687097346924,0.03307500998553707,1.0,0.002166426802685341,-0.37517808663775504,-0.011446412983613891,-0.2529958846388399,0.20476551433735599,0.9026839767743006,False
GUT_GENOME025761_6,GUT_GENOME025761_00334,34578,0.02380920109983159,0.021715877028254178,0.021775386671606608,0.0008239951803959212,0.3183610859586604,0.0331256355192249,1.0,0.0020933240715774112,-0.37775648865254974,-0.011350248847618292,-0.2517218570241537,0.2060638580227924,0.9020981699189364,False
GUT_GENOME025761_6,GUT_GENOME025761_00335,35477,0.023772104007493612,0.02161357480074553,0.021753483098541762,0.0008509367455381947,0.31255891884584003,0.03306893145519796,1.0,0.0021585292067480832,-0.37545664226718284,-0.011315448356656196,-0.25126080378396887,0.2040996817407134,0.9029845450116587,False
GUT_GENOME025761_6,GUT_GENOME025761_00336,35544,0.024972795524384268,0.021466457430861955,0.02178012040825842,0.0008622103117824291,0.22748903056108283,0.03303461122909017,1.0,0.0035063380935223126,-0.32791815640560673,-0.011254490820831749,-0.25045320973490337,0.17025712756696745,0.9183942045775555,False
GUT_GENOME025761_6,GUT_GENOME025761_00336,36671,0.02394451356066489,0.022279790328791377,0.022357133364894335,0.0008348965831152415,0.35458256468236043,0.033648998670367955,1.0,0.0016647232318735133,-0.39287364298982963,-0.01129186530547362,-0.2509483644516326,0.21732478097704952,0.8970332133269119,False
GUT_GENOME025761_6,GUT_GENOME025761_00337,38040,0.024497341205976006,0.022308721922002197,0.022321312226861813,0.0008638984572757691,0.3237306037399539,0.03390334729840797,1.0,0.002188619283973809,-0.3743953369702631,-0.011582035071546159,-0.2547926697229903,0.20509117288964568,0.9025370053617239,False
GUT_GENOME025761_6,GUT_GENOME025761_00337,38076,0.025922298888922637,0.022626021054993027,0.022626268717664523,0.0007723883627082892,0.24667341985276975,0.03656674224505677,1.0,0.0032962778339296096,-0.33532717913777355,-0.01394047352739225,-0.28603836947558076,0.19426226588074533,0.9074370034483921,False
GUT_GENOME025761_6,GUT_GENOME025761_00337,38893,0.025519179224083643,0.02254545873932833,0.02261702556137175,0.0006855196926395976,0.26847228714197996,0.03792045693848662,1.0,0.002973720484755315,-0.34670407992373653,-0.01530343137711487,-0.30409547486338756,0.21267777686815387,0.8991198951069123,False
GUT_GENOME025761_6,GUT_GENOME025761_00339,40601,0.02492578599792284,0.022251576815089557,0.022328206915630866,0.0007244862602194608,0.2821192650813298,0.0394543312660447,1.0,0.0026742091828332835,-0.35726812496863897,-0.017126124350413836,-0.3282433669755116,0.2353842210820274,0.888969714888163,False
GUT_GENOME025761_6,GUT_GENOME025761_00340,41930,0.023826851252120716,0.022157712979756224,0.0222066711195565,0.0007248403486083964,0.3504006414041673,0.03967919396451286,1.0,0.0016691382723644926,-0.3927179203632627,-0.01747252284495636,-0.3328326168363235,0.26500491580456087,0.8759007812250298,False
GUT_GENOME025761_6,GUT_GENOME025761_00340,42148,0.022675637370653087,0.02225009743626668,0.022240291493785494,0.0007678345762975703,0.4598943352797719,0.039588633231812435,1.0,0.0004255399343864076,-0.4365808022507255,-0.01734834173802694,-0.3311874072390822,0.30028789560763275,0.8605840883190485,False
GUT_GENOME025761_6,GUT_GENOME025761_00340,42211,0.022429075887995097,0.02198640185517309,0.021986472513430926,0.0008022781423781373,0.45804116806986017,0.039949505413895865,1.0,0.00044267403282200607,-0.43597646649940025,-0.01796303290046494,-0.33933112430513473,0.3052210912634895,0.8584639892668182,False
GUT_GENOME025761_6,GUT_GENOME025761_00340,42247,0.02243031834388769,0.02206763721340406,0.022052254583257633,0.000811669806001187,0.46491019744038453,0.04010873777845931,1.0,0.00036268113048363096,-0.4387978913276195,-0.018056483195201676,-0.3405691976769021,0.3085309678398542,0.8570444592832018,False
GUT_GENOME025761_6,GUT_GENOME025761_00340,42248,0.021916405990526407,0.022945572866092712,0.022876336782905345,0.000853791110742904,0.6002052572844614,0.03966721390432773,1.0,-0.001029166875566305,-0.4878896783059845,-0.016790877121422385,-0.32380185431530656,0.34288397905554807,0.8424491374748317,False
GUT_GENOME025761_6,GUT_GENOME025761_00341,42555,0.02170555447065628,0.023023844040101275,0.02295413129853029,0.0008303749509189933,0.6270152346862331,0.04000367889229108,1.0,-0.001318289569444995,-0.4980873073838785,-0.017049547593760792,-0.32722884215699144,0.3551696809163275,0.8372899602584583,False
GUT_GENOME025761_6,GUT_GENOME025761_00342,43598,0.022210143991948157,0.023740585626110446,0.023669453249637592,0.0008094791236088564,0.6470088728434148,0.039926520026497596,1.0,-0.001530441634162289,-0.5055701100482868,-0.016257066776860004,-0.3167296842912475,0.3559188290854701,0.8369763918690363,False
GUT_GENOME025761_6,GUT_GENOME025761_00342,43724,0.023569443622836025,0.024073033663135356,0.024038617933131685,0.0008335392174402595,0.5439285401794767,0.040016418300513584,1.0,-0.0005035900402993315,-0.4693520894848357,-0.0159778003673819,-0.3130298318062665,0.3182790595044407,0.8528773489014354,False
GUT_GENOME025761_6,GUT_GENOME025761_00343,44138,0.025763909377171074,0.02428168301747986,0.024319625961942554,0.0007415530113423451,0.3860265752906037,0.03998240689805761,1.0,0.001482226359691214,-0.3993104791489856,-0.015662780936115058,-0.30885630650557583,0.2548410768264586,0.8803633681250903,False
GUT_GENOME025761_6,GUT_GENOME025761_00343,44146,0.025443529701555733,0.02425402230889961,0.02428215667067152,0.0007288134304767002,0.407963520577793,0.04057923454763583,1.0,0.0011895073926561223,-0.4096349521602277,-0.01629707787696431,-0.3172597701272934,0.2684545557725351,0.8743913122089679,False
GUT_GENOME025761_6,GUT_GENOME025761_00343,44359,0.024852814629326304,0.024043780458839946,0.024082319628813655,0.0007193077207234071,0.43493238224345276,0.041619312739783546,1.0,0.0008090341704863578,-0.42305460020551877,-0.01753699311096989,-0.33368674918386687,0.2903220413359482,0.8648830178566903,False
GUT_GENOME025761_6,GUT_GENOME025761_00343,44438,0.025204263641235472,0.023883090277284795,0.023937386738373066,0.0007600371576400542,0.3977877520608254,0.042469464179271166,1.0,0.001321173363950677,-0.4049909696369953,-0.0185320774408981,-0.3468700934955971,0.2843365472491579,0.8674752709954218,False
GUT_GENOME025761_6,GUT_GENOME025761_00343,44444,0.02520580311514431,0.024043051804337242,0.02410601039405452,0.0008107624674511131,0.4094152865404901,0.04339420283887533,1.0,0.0011627513108070676,-0.41057866430753126,-0.01928819244482081,-0.35688746000030086,0.2959434986900228,0.8624554795300812,False
GUT_GENOME025761_6,GUT_GENOME025761_00343,44446,0.02416768014407742,0.023941574411805333,0.02398710724151258,0.0009674062457087325,0.48155724684519896,0.044532031776844165,1.0,0.00022610573227208747,-0.4436150339511984,-0.020544924535331584,-0.3735372366659623,0.33632436552356604,0.8452167439822406,False
GUT_GENOME025761_6,GUT_GENOME025761_00344,45346,0.024319523960029323,0.024128278637820116,0.024172650817880302,0.0009798425587354924,0.4839622736016413,0.04495396315611189,1.0,0.00019124532220920684,-0.44484459336957355,-0.020781312338231585,-0.3766690132430781,0.33976625778765535,0.8437634223987104,False
GUT_GENOME025761_6,GUT_GENOME025761_00344,45703,0.0248556072007119,0.023929898918981667,0.02397209679545123,0.0010745683296121316,0.4260447770753697,0.04541168940997633,1.0,0.0009257082817302337,-0.41893939467289043,-0.021439592614525098,-0.3853902193509307,0.32403583758024634,0.8504259657993071,False
GUT_GENOME025761_6,GUT_GENOME025761_00344,45716,0.026262386033608455,0.023719697891467637,0.023847002053959603,0.0011566488904782948,0.3149127215933317,0.04588438939351558,1.0,0.0025426881421408178,-0.3619069956533564,-0.022037387339555976,-0.39331008448275,0.28566949605866643,0.8668973135488621,False
GUT_GENOME025761_6,GUT_GENOME025761_00344,45857,0.026792951090041536,0.024214743973984706,0.024329403511126696,0.0011292528411162852,0.31518029612936593,0.046408598249537504,1.0,0.00257820711605683,-0.360654208069083,-0.022079194738410808,-0.3938639685278548,0.2852002835024484,0.8671007169600222,False
GUT_GENOME025761_6,GUT_GENOME025761_00344,45931,0.027319556075215176,0.025122412953031373,0.025202275971084345,0.001187855919211489,0.3439836625461799,0.047218172926984395,1.0,0.0021971431221838034,-0.37409469318744765,-0.02201589695590005,-0.3930253697921391,0.2944157807712583,0.863114525552248,False
GUT_GENOME025761_6,GUT_GENOME025761_00344,46033,0.027074274852707803,0.025740074477930152,0.025795234760116515,0.001285973502453856,0.40334148346670173,0.047406805769924135,1.0,0.0013342003747776505,-0.4045314947247184,-0.02161157100980762,-0.38766866986110193,0.31393272781609094,0.8547328082055071,False
GUT_GENOME025761_6,GUT_GENOME025761_00344,46201,0.027939507291402807,0.026162697002354535,0.02624610187943541,0.0012835301360748824,0.37576325992918996,0.047780656450346036,1.0,0.0017768102890482716,-0.38892022716429614,-0.021534554570910625,-0.3866483199258199,0.3007558663989869,0.8603827477669228,False
GUT_GENOME025761_6,GUT_GENOME025761_00344,46214,0.027947021848804193,0.02685260591504309,0.026867733256263845,0.001289308018038365,0.4203031101289177,0.04741253455110445,1.0,0.001094415933761101,-0.4129889172650704,-0.020544801294840608,-0.37353560391808677,0.31008869317822496,0.8563771992337372,False
GUT_GENOME025761_6,GUT_GENOME025761_00344,46279,0.026771137917673864,0.02746360416211731,0.02740658134447448,0.0014848257664764623,0.550786244488063,0.04724770199355409,1.0,-0.0006924662444434473,-0.476013930676418,-0.01984112064907961,-0.3642129124038538,0.35924030775971094,0.8355875458256564,False
GUT_GENOME025761_6,GUT_GENOME025761_00344,46670,0.026303205916143622,0.028252760927569984,0.028035099021583874,0.0016427475396248977,0.6414620093520265,0.046826626731611545,1.0,-0.001949555011426362,-0.5203526326707266,-0.01879152771002767,-0.3503074124512207,0.39348214554562577,0.8214032894563784,False
GUT_GENOME025761_6,GUT_GENOME025761_00344,46738,0.02668412738843913,0.02812559193828829,0.027931774824135575,0.0016597991088731204,0.6036259152634711,0.04626223984855664,1.0,-0.0014414645498491592,-0.5024318046801218,-0.018330465024421063,-0.34419903756194725,0.37091069581269487,0.8307259284047351,False
GUT_GENOME025761_6,GUT_GENOME025761_00344,46961,0.026894905712152237,0.027127953493588555,0.027095325289529598,0.0015600252130425164,0.5171810774535823,0.04584965235148267,1.0,-0.00023304778143631855,-0.45980980980844965,-0.01875432706195307,-0.34981456080293644,0.333795288145834,0.8462862293157601,False
GUT_GENOME025761_6,GUT_GENOME025761_00344,46971,0.026835734157134042,0.02690105170466705,0.026890529079444704,0.0015260370975760614,0.5048504619773034,0.04560188295543511,1.0,-6.531754753300728e-05,-0.4538938068563879,-0.018711353875990405,-0.3492452318629875,0.32799181988161585,0.8487454932924142,False
GUT_GENOME025761_6,GUT_GENOME025761_00345,47240,0.02585115435478376,0.026836849576432436,0.02673021514795546,0.0015134318245021627,0.5755038669255614,0.04553551355337181,1.0,-0.0009856952216486768,-0.4863563922255755,-0.018805298405416355,-0.35048985308791936,0.3593856773762691,0.8355268135122728,False
GUT_GENOME025761_6,GUT_GENOME025761_00345,47241,0.026168687943449124,0.02710324638721294,0.02706157571238941,0.001614412915466639,0.5701582845483185,0.04546346359781718,1.0,-0.0009345584437638159,-0.4845527500205562,-0.01840188788542777,-0.34514528115162196,0.35391663265371576,0.8378147069895403,False
GUT_GENOME025761_6,GUT_GENOME025761_00345,48398,0.026182327302095756,0.027411320584179787,0.027133764011000632,0.0017044177426176698,0.592393166139244,0.04537404245986296,1.0,-0.0012289932820840309,-0.49493774342428765,-0.018240278448862324,-0.34300420347389315,0.3626152534666859,0.834178703551224,False
GUT_GENOME025761_6,GUT_GENOME025761_00346,49034,0.026481711128213684,0.02751157743692384,0.027279859673942933,0.0017444238590205677,0.5790080280983471,0.04543692682516136,1.0,-0.0010298663087101555,-0.48791434797016786,-0.018157067151218426,-0.34190178114196423,0.35495723890320163,0.8373789027645197,False
GUT_GENOME025761_6,GUT_GENOME025761_00347,50891,0.026976901788371813,0.027562034407005276,0.02751794725751854,0.0018407942604693655,0.5440424180387672,0.04538025781547903,1.0,-0.0005851326186334625,-0.4722281728415282,-0.017862310557960493,-0.33799670743092275,0.337241221459393,0.8448293617880507,False
GUT_GENOME025761_6,GUT_GENOME025761_00347,50901,0.0268630735268234,0.028023430228492453,0.027837828074592647,0.0018352134046700802,0.5866183161866261,0.045493953240371476,1.0,-0.001160356701669054,-0.4925168667409075,-0.01765612516577883,-0.3352650665685085,0.3549755288854673,0.8373712449768943,False
GUT_GENOME025761_6,GUT_GENOME025761_00347,51036,0.02709183604498798,0.027374805936265106,0.027323031509292033,0.0018012751636077478,0.5212373190722844,0.04623306396838317,1.0,-0.000282969891277126,-0.4615706095302316,-0.018910032459091137,-0.35187741899487873,0.336865145580607,0.8449882366971672,False
GUT_GENOME025761_6,GUT_GENOME025761_00347,51048,0.02713514873281919,0.027396087593832497,0.02735358402477236,0.0017644908726965796,0.5198174704067728,0.046347031738202406,1.0,-0.000260938861013308,-0.46079355439208136,-0.018993447713430044,-0.35298254344084373,0.33692737574325515,0.844961945228497,False
GUT_GENOME025761_6,GUT_GENOME025761_00347,51138,0.027803486979108477,0.027628246072261466,0.027544406064138306,0.001717761837037991,0.4868619325642479,0.04662979574439411,1.0,0.0001752409068470108,-0.4454090841374297,-0.019085389680255804,-0.3542006337764127,0.32384734119975633,0.8505061206846881,False
GUT_GENOME025761_6,GUT_GENOME025761_00347,51258,0.027633645303140508,0.027587412868552322,0.02747129920590348,0.001654246591329594,0.4964965780732348,0.04665656114061698,1.0,4.62324345881851e-05,-0.4499593341726389,-0.019185261934713503,-0.3555237882851362,0.3288605664456989,0.8483769009859953,False
GUT_GENOME025761_6,GUT_GENOME025761_00347,51429,0.0281000260344985,0.027536582556381868,0.027417632741693614,0.0016337855272217806,0.4575150561225081,0.04684259097615085,1.0,0.0005634434781166334,-0.43171681468675366,-0.019424958234457237,-0.35869939738150025,0.31504466576512824,0.8542577353577608,False
GUT_GENOME025761_6,GUT_GENOME025761_00348,52208,0.028337688024567834,0.027816246922884903,0.027596965731068217,0.001685136774100821,0.46090603841761385,0.046965642072712595,1.0,0.0005214411016829304,-0.4331982779697456,-0.019368676341644377,-0.35795374844587546,0.31579163406240607,0.8539387432077165,False
GUT_GENOME025761_6,GUT_GENOME025761_00348,52294,0.029182628064117075,0.0279196310142099,0.02779410918095067,0.0017087869054373836,0.4064490245731568,0.04714214979959279,1.0,0.001262997049907174,-0.40704290289680245,-0.01934804061864212,-0.35768035670079606,0.29361916236826446,0.863458380485467,False
GUT_GENOME025761_6,GUT_GENOME025761_00349,53322,0.0290030028653776,0.027980469395953684,0.02781078347913259,0.0015356809229623806,0.42156292666573,0.047192335530753145,1.0,0.0010225334694239155,-0.41552427932427677,-0.019381552051620555,-0.3581243318957085,0.3009134638037072,0.860314953393955,False
GUT_GENOME025761_6,GUT_GENOME025761_00349,53986,0.028865223305543176,0.02831868204037152,0.028158226264472338,0.0015332241485102223,0.4582435845460125,0.04727404706710118,1.0,0.0005465412651716565,-0.432312971618941,-0.01911582080262884,-0.3546037995704767,0.3126383600998181,0.8552861565217325,False
GUT_GENOME025761_6,GUT_GENOME025761_00349,54006,0.028161177177076637,0.028161184895917405,0.02801392070303888,0.0015046421386554285,0.5000005863028605,0.047193546914278205,1.0,-7.718840767945157e-09,-0.4515902678321434,-0.019179626211239326,-0.3554491235750496,0.3302778494509779,0.8477759188696606,False
GUT_GENOME025761_6,GUT_GENOME025761_00351,55394,0.02769087568860818,0.02814469778887218,0.027973839524029646,0.0015036087505152361,0.534640933754241,0.047228701365222434,1.0,-0.00045382210026399805,-0.4675967274769535,-0.019254861841192787,-0.3564458805175069,0.34570036528505715,0.8412636412995885,False
GUT_GENOME025761_6,GUT_GENOME025761_00352,56571,0.028166749812485115,0.028158862548081396,0.028057575697482143,0.001498066002390613,0.4994221040779636,0.04714680207579431,1.0,7.88726440371923e-06,-0.4513118043548446,-0.019089226378312167,-0.35425146415327213,0.3291764446047626,0.8482429196998764,False
GUT_GENOME025761_6,GUT_GENOME025761_00352,56673,0.027775492167921755,0.028102338687245553,0.028028996618221957,0.0014964633580935617,0.5243346101573408,0.047169349470285095,1.0,-0.00032684651932379793,-0.4631181794286928,-0.019140352852063138,-0.35492881167712703,0.34045290947588447,0.8434737863321008,False
GUT_GENOME025761_6,GUT_GENOME025761_00352,56790,0.028178365198670178,0.02959878118914448,0.029421310609607884,0.0014863023473692283,0.6064623234318809,0.04735007674441648,1.0,-0.001420415990474301,-0.5016894022133722,-0.017928766134808594,-0.33887714210833986,0.3665299737367267,0.832547512346521,False
GUT_GENOME025761_6,GUT_GENOME025761_00352,56792,0.028667952614950698,0.03013826452183253,0.02998606571514697,0.0014754687681839272,0.6057059231725352,0.0460126726555504,1.0,-0.001470311906881832,-0.5034492780681507,-0.016026606940403434,-0.3136764441962585,0.3518540872309506,0.8386791681050183,False
GUT_GENOME025761_6,GUT_GENOME025761_00352,56848,0.02845236465700047,0.02991237887215157,0.029717265295276536,0.0014967543148171564,0.6048459426400595,0.045708668654629664,1.0,-0.0014600142151511009,-0.5030860688049146,-0.01599140335935313,-0.313210050629368,0.3511961284408345,0.8389551216594171,False
GUT_GENOME025761_6,GUT_GENOME025761_00352,56879,0.029085750935752365,0.029630629531248644,0.0295125929370947,0.0014734708622360382,0.5392000459364735,0.045546309873064794,1.0,-0.0005448785954962794,-0.4708083756220882,-0.016033716935970093,-0.3137706407550737,0.32011254155575886,0.85209583952143,False
GUT_GENOME025761_6,GUT_GENOME025761_00352,56891,0.03115128461383041,0.028757454525547534,0.02882262972337634,0.001493695436355742,0.3394141481467715,0.04538115821407679,1.0,0.002393830088282877,-0.367157359082584,-0.01655852849070045,-0.3207235905872592,0.2376681478876814,0.8879551234309546,False
GUT_GENOME025761_6,GUT_GENOME025761_00352,56892,0.029922984516082878,0.029060771589198092,0.02904062508086571,0.0014788259738989537,0.43867117721056115,0.045448681123051254,1.0,0.0008622129268847853,-0.4211789354996469,-0.016408056042185544,-0.3187300609551081,0.2789805474650626,0.8698014830851262,False
GUT_GENOME025761_6,GUT_GENOME025761_00352,56895,0.028162338954108516,0.03026532984383931,0.029990826400580487,0.0017375693832009749,0.6541353675026156,0.04558727072452397,1.0,-0.002102990889730795,-0.5257644602695868,-0.01559644432394348,-0.3079774479280373,0.37127837611483683,0.8305732216618039,False
GUT_GENOME025761_6,GUT_GENOME025761_00352,56897,0.02697133268705579,0.02997310992942621,0.029732222536662446,0.001759016080616355,0.7203530654782491,0.04557942712614774,1.0,-0.0030017772423704195,-0.5574654994427269,-0.01584720458948529,-0.3112996376369005,0.40767524746179457,0.8155947936755635,False
GUT_GENOME025761_6,GUT_GENOME025761_00352,56901,0.026437528725805678,0.028703457968261258,0.02956315113684095,0.0023544824605039342,0.6682942160211598,0.045490396576177414,0.9999999999933183,-0.0022659292424555798,-0.5315114490699457,-0.015927245439336463,-0.3123600563882114,0.3800732253192801,0.8269288573243122,False
GUT_GENOME025761_6,GUT_GENOME025761_00352,56904,0.025113285268929527,0.02891207488733797,0.028525581061771676,0.0021484525112016742,0.7779634466951761,0.04554341086870382,0.9999999999999988,-0.003798789618408443,-0.5855768748325019,-0.01701782980693214,-0.3268086300282382,0.4497041569995334,0.7986343452129223,False
GUT_GENOME025761_6,GUT_GENOME025761_00352,56954,0.024233047052860415,0.028890769871923072,0.02787111177773558,0.0020453838913997236,0.8351180303412923,0.04558516958390922,1.0,-0.0046577228190626575,-0.6158722558883907,-0.01771405780617364,-0.3360325853829868,0.4922165340122297,0.7818375731297508,False
GUT_GENOME025761_6,GUT_GENOME025761_00352,57003,0.02450032314077509,0.02862106790179378,0.027950030497632828,0.0020151123186533575,0.8022900435893485,0.04568084105031324,1.0,-0.004120744761018688,-0.5969325352271068,-0.01773081055268041,-0.3362545336327214,0.46939556300122004,0.7908098108720072,False
GUT_GENOME025761_7,GUT_GENOME025761_00377,24958,0.023046981010206313,0.022283304715664327,0.022330179113889945,0.0012198833279625054,0.4272946713292095,0.0437986301136273,1.0,0.0007636762945419859,-0.4246544151091386,-0.021468450999737355,-0.3857725487848202,0.3291518316676211,0.8482533586389411,False
GUT_GENOME025761_7,GUT_GENOME025761_00377,25470,0.023042987223656223,0.022303371613484228,0.022360061181892224,0.0012885007695295806,0.42924481887997706,0.04379453613753419,1.0,0.0007396156101719953,-0.4255030580547124,-0.021434474955641963,-0.38532241820373425,0.3295262183842854,0.8480945861050666,False
GUT_GENOME025761_7,GUT_GENOME025761_00378,26345,0.023206883693787442,0.02191078377021425,0.022038079210298173,0.0013820276002006954,0.3788954424092169,0.04370825558800528,1.0,0.001296099923573192,-0.4058753334385569,-0.021670176377707105,-0.3884451012853515,0.31562438300644674,0.8540101572719573,False
GUT_GENOME025761_7,GUT_GENOME025761_00379,27397,0.02301595257400438,0.021830465475687812,0.021930486589041717,0.0013858232449999578,0.38912947682627447,0.04369772562764479,1.0,0.0011854870983165691,-0.40977675171912337,-0.021767239038603073,-0.3897310329797,0.3198072643169001,0.8522259121807991,False
GUT_GENOME025761_7,GUT_GENOME025761_00379,27745,0.02259504501194631,0.022087089703182478,0.02210195461147558,0.001351215903824894,0.4510377697613117,0.043732126223535714,1.0,0.0005079553087638314,-0.43367393455749154,-0.021630171612060135,-0.38791509937116986,0.33855120583472004,0.8442761863387462,False
GUT_GENOME025761_7,GUT_GENOME025761_00379,27783,0.02239754501841911,0.022349785162115478,0.022223864731712274,0.0014368014280118878,0.49533261621770286,0.043742436122589115,1.0,4.775985630363355e-05,-0.4499054605735426,-0.02151857139087684,-0.3864365672539665,0.3517481439649209,0.8387235954868134,False
GUT_GENOME025761_7,GUT_GENOME025761_00379,27857,0.022095306628331715,0.022128567131052972,0.022054325371771683,0.0013921965267547581,0.5032758535095765,0.04378085745665174,1.0,-3.326050272125722e-05,-0.4527631247645117,-0.021726532084880054,-0.38919172814826836,0.3564646484055604,0.8367480040924982,False
GUT_GENOME025761_7,GUT_GENOME025761_00379,27875,0.021963194541182725,0.02158894329056539,0.021610924698032784,0.0012194566813412155,0.46377315774084676,0.04387628539980657,1.0,0.00037425125061733497,-0.43838980231901437,-0.022265360701773786,-0.3963303825998322,0.3492633909490339,0.8397662535313225,False
GUT_GENOME025761_7,GUT_GENOME025761_00380,28649,0.02203585381690964,0.021709964710482945,0.021727439428662322,0.0012207702239706655,0.46813215464666497,0.043954065166771715,1.0,0.00032588910642669666,-0.4400955805865435,-0.022226625738109393,-0.3958172036183816,0.35035537873208217,0.8393078714348858,False
GUT_GENOME025761_7,GUT_GENOME025761_00381,30030,0.02317426841878498,0.021448736959022798,0.02158884781296868,0.001241261982836686,0.34663523080716974,0.04389117934116613,1.0,0.001725531459762182,-0.39072887965571074,-0.022302331528197453,-0.39682018946300285,0.31013532016246037,0.8563572343233798,False
GUT_GENOME025761_7,GUT_GENOME025761_00381,30038,0.02292030577532489,0.021343215601313296,0.02146979357213409,0.0012391335962808256,0.3581360860498768,0.04387272974723193,1.0,0.001577090174011593,-0.3959645432821894,-0.022402936175097837,-0.398153047050604,0.31531376841235337,0.8541428015811815,False
GUT_GENOME025761_7,GUT_GENOME025761_00382,30641,0.023113046623073046,0.02135695105666186,0.0215044883503086,0.0012422259079470982,0.3449379131120177,0.043888034199837875,1.0,0.0017560955664111845,-0.3896508548956257,-0.022383545849529275,-0.3978961549153361,0.3101491388173011,0.8563513174912997,False
GUT_GENOME025761_7,GUT_GENOME025761_00382,30967,0.023368322559354327,0.021423420560474794,0.021578230665322152,0.0012005055934681383,0.33012034455261785,0.04387611002411485,1.0,0.0019449019988795335,-0.3829914746166064,-0.0222978793587927,-0.39676120503280765,0.3041019234480883,0.8589445063328223,False
GUT_GENOME025761_7,GUT_GENOME025761_00384,32620,0.02280091159989873,0.021602242058273543,0.021696913994571097,0.0011299670558203758,0.3919149801949787,0.04383088016056677,1.0,0.0011986695416251886,-0.4093117945571717,-0.022133966165995674,-0.39458960611110205,0.323237102414527,0.8507656661898163,False
GUT_GENOME025761_7,GUT_GENOME025761_00384,32621,0.02339533831017802,0.021512109940233524,0.02166861790867376,0.0012181072631912984,0.3343355352095146,0.043675980181693,1.0,0.0018832283699444959,-0.3851667614587768,-0.022007362273019238,-0.3929122983070145,0.3027335082935426,0.8595324037715184,False
GUT_GENOME025761_7,GUT_GENOME025761_00384,32654,0.02316956478513586,0.021223241433850088,0.021410500654360422,0.001238006034781642,0.3304769141856967,0.043580317297309656,1.0,0.001946323351285771,-0.38294134218171055,-0.022169816642949234,-0.3950645700585824,0.3027200860675025,0.8595381722099809,False
GUT_GENOME025761_7,GUT_GENOME025761_00386,34539,0.023071611650926176,0.02099779586051786,0.02123289532840027,0.0012557336679590502,0.32411694722517526,0.04342336957586451,1.0,0.002073815790408315,-0.3784445640597095,-0.022190474247464242,-0.39533825170021425,0.2995126213237255,0.8609177473405919,False
GUT_GENOME025761_7,GUT_GENOME025761_00386,34806,0.02333337555297525,0.021153741838923122,0.021404493463149946,0.0012893898710902808,0.3167405853046739,0.04331605598636542,1.0,0.0021796337140521267,-0.37471226646440114,-0.021911562523215473,-0.3916430982516466,0.2937935990470373,0.8633830743634769,False
GUT_GENOME025761_7,GUT_GENOME025761_00386,34934,0.023346394020026775,0.021625532325650277,0.02188200094225907,0.00139846775210408,0.3514688339463323,0.04325493724796904,1.0,0.0017208616943764979,-0.39089358666865787,-0.02137293630570997,-0.38450712528218756,0.30064352549145945,0.8604310772136061,False
GUT_GENOME025761_7,GUT_GENOME025761_00386,34937,0.023078615424936062,0.021541555524308878,0.021770877652402806,0.0013767752601307236,0.3645732811095623,0.04318757557248617,1.0,0.0015370599006271843,-0.3973764486376098,-0.021416697920083362,-0.38508689969182297,0.3061999622460991,0.8580439293269708,False
GUT_GENOME025761_7,GUT_GENOME025761_00386,35232,0.022691658582186976,0.02135310832415356,0.021543960523757316,0.0013391062133480405,0.38113225836347076,0.04322057459039682,1.0,0.001338550258033415,-0.4043780702550604,-0.021676614066639503,-0.38853039081028423,0.31447748828639877,0.8545000275860735,False
GUT_GENOME025761_7,GUT_GENOME025761_00387,35645,0.022414626749708372,0.021247840057939397,0.02145627388432167,0.0013545731928246631,0.395113883393476,0.043240685063304064,1.0,0.001166786691768975,-0.4104363326292895,-0.021784411178982395,-0.3899585375563285,0.32052564415525125,0.8519198561936868,False
GUT_GENOME025761_7,GUT_GENOME025761_00387,35834,0.022252728366454828,0.021054334867794917,0.021226956123555157,0.0012903939599115126,0.3908847469094517,0.04332319886155622,1.0,0.001198393498659911,-0.4093215308519319,-0.022096242738001065,-0.3940898284290361,0.32285090849019615,0.8509299623175033,False
GUT_GENOME025761_7,GUT_GENOME025761_00387,35897,0.022327440519478856,0.02099195195454107,0.0211481630056391,0.001260084955956056,0.37859181269243897,0.043328106387901265,1.0,0.0013354885649377868,-0.4044860590473641,-0.022179943382262163,-0.395198733854657,0.3197910112039917,0.8522328378709272,False
GUT_GENOME025761_7,GUT_GENOME025761_00387,35898,0.020918870546400025,0.020982478628429575,0.02097867293091936,0.0012591011783591568,0.5063385845538911,0.04348037204459276,1.0,-6.360808202954954e-05,-0.45383351240183695,-0.022501699113673404,-0.39946150482179,0.36553435081347724,0.8329620672170363,False
GUT_GENOME025761_7,GUT_GENOME025761_00387,35899,0.021011462909871374,0.021286741811818062,0.02128167491236727,0.001221369926742319,0.5267115500605465,0.04370066729243546,1.0,-0.0002752789019466878,-0.4612993411099576,-0.022418992380068194,-0.39836576719109623,0.3714923665782317,0.8304843590415336,False
GUT_GENOME025761_7,GUT_GENOME025761_00387,36090,0.02040201337324587,0.020988904387970474,0.02096311773850715,0.00135853844967385,0.5579585287184895,0.04374680507146862,1.0,-0.0005868910147246061,-0.4722901931238828,-0.02278368733296147,-0.4031974171207953,0.38562618369387514,0.8246360909445228,False
GUT_GENOME025761_7,GUT_GENOME025761_00387,36213,0.020924542015851286,0.021293983296343428,0.021277036164512406,0.0014118728461519226,0.5365628425030315,0.04366614475575684,1.0,-0.00036944128049214153,-0.46462053667789066,-0.022389108591244437,-0.3979698527288204,0.37425224678385016,0.829339130724709,False
GUT_GENOME025761_7,GUT_GENOME025761_00387,36231,0.02079499664057707,0.02132035238156667,0.021290218089371284,0.001377913819622708,0.5520718512422734,0.043709602504848094,1.0,-0.0005253557409896012,-0.47011978619961853,-0.02241938441547681,-0.3983709610602174,0.3797120359924163,0.8270782097487022,False
GUT_GENOME025761_7,GUT_GENOME025761_00388,36492,0.020665360790277365,0.02129933848050935,0.02125064051682631,0.0014140039239087777,0.5620464003431378,0.04396245783093924,1.0,-0.0006339776902319835,-0.4739509844125005,-0.02271181731411293,-0.40224524937412887,0.3864307762696334,0.8243044096278392,False
GUT_GENOME025761_7,GUT_GENOME025761_00389,38660,0.02003495156754542,0.021424847240429725,0.02127480014124375,0.0014281571654534964,0.6362281579658622,0.04429394405107384,1.0,-0.001389895672884306,-0.5006129219345433,-0.023019143909830092,-0.4063168563783147,0.4157066853849972,0.8123261615441268,False
GUT_GENOME025761_7,GUT_GENOME025761_00389,39035,0.019397906003889607,0.02162444846398608,0.02140126752571426,0.0014206578967793032,0.7177539413655537,0.04450399417260008,1.0,-0.002226542460096473,-0.5301222402476232,-0.02310272664688582,-0.4074241997139313,0.4470240681176961,0.7997052681094322,False
GUT_GENOME025761_7,GUT_GENOME025761_00389,39057,0.020303591280849274,0.022252033470563155,0.02204037032401034,0.0015889905384914552,0.6797254749575478,0.044942131844012294,1.0,-0.0019484421897138816,-0.5203133824033005,-0.022901761520001954,-0.40476171937666006,0.4345580653807133,0.804705398862822,False
GUT_GENOME025761_7,GUT_GENOME025761_00390,39365,0.020408268679302434,0.022301036820749062,0.02207783116732008,0.0015931925552193549,0.67373247178244,0.044951344661811346,1.0,-0.0018927681414466282,-0.5183497064085948,-0.022873513494491265,-0.4043874762746098,0.43221564910162447,0.8056484285101064,False
GUT_GENOME025761_7,GUT_GENOME025761_00390,39549,0.02084519372863502,0.0226508815260459,0.022438814525295874,0.0015468395467730942,0.6672907332901172,0.04516988785037868,1.0,-0.0018056877974108806,-0.5152783008522238,-0.02273107332508281,-0.40250036204654394,0.4275182687767538,0.8075428709067733,False
GUT_GENOME025761_7,GUT_GENOME025761_00390,40353,0.020624621982581633,0.02277823207355054,0.022453277157836897,0.0016236621923704612,0.6988369122736484,0.0449164084432306,1.0,-0.0021536100909689063,-0.527549847059951,-0.022463131285393706,-0.3989505401283719,0.43747037460169735,0.8035344761153593,False
GUT_GENOME025761_7,GUT_GENOME025761_00392,41835,0.020348761475568324,0.022446803067023634,0.022197943047550444,0.0015721756453045414,0.699310756641808,0.04484467382714368,1.0,-0.0020980415914553102,-0.5255898938689624,-0.022646730779593238,-0.40138295241212935,0.4373530110242648,0.8035816303392467,False
GUT_GENOME025761_7,GUT_GENOME025761_00392,42145,0.020681988245577706,0.02250502351272119,0.022318175458181665,0.0015452269335063697,0.6714702155363939,0.04463499409202854,1.0,-0.001823035267143485,-0.5158901624096819,-0.022316818633846876,-0.3970121214391305,0.4237612842406869,0.8090612596401259,False
GUT_GENOME025761_7,GUT_GENOME025761_00392,42322,0.020752678379063368,0.022607326844274956,0.02243718087134554,0.0015465388795514658,0.6720950777592893,0.044343997850600905,1.0,-0.0018546484652115884,-0.5170051896098635,-0.021906816979255367,-0.39158022705762724,0.4206294403060338,0.8103291789117395,False
GUT_GENOME025761_7,GUT_GENOME025761_00392,42373,0.021273702766883704,0.021904438819264932,0.021878349584974754,0.001670532625445147,0.5579258443768765,0.04407479830274499,1.0,-0.0006307360523812276,-0.47383664879960413,-0.022196448717770233,-0.395417404287342,0.38087609335897865,0.8265969665695639,False
GUT_GENOME025761_7,GUT_GENOME025761_00392,42379,0.02224518752742984,0.021686772256526706,0.021862987627644683,0.0017091480879421696,0.4499926264362984,0.04355543054162883,1.0,0.0005584152709031329,-0.4318941642797662,-0.021692442913984148,-0.38874009881022564,0.33765143356190164,0.8446560999428044,False
GUT_GENOME025761_7,GUT_GENOME025761_00392,42408,0.022835020283337094,0.02110986453677199,0.021322377596054244,0.0014262988096714686,0.34959426853158204,0.04324526714188747,1.0,0.001725155746565104,-0.3907421314131984,-0.021922889545833227,-0.3917931639643761,0.3061812965905457,0.8580519373405567,False
GUT_GENOME025761_7,GUT_GENOME025761_00392,42412,0.023927476921126387,0.02144970251118292,0.021713054103155348,0.0014497027463881453,0.29872549784414143,0.0432959797633567,1.0,0.0024777744099434666,-0.36419656398204686,-0.021582925660201355,-0.387289162822923,0.28263203285640975,0.8682148981693263,False
GUT_GENOME025761_7,GUT_GENOME025761_00392,42880,0.024123203526577073,0.0214325151124876,0.021753554517845868,0.0014819040965332758,0.28433030975325363,0.043189222915388285,1.0,0.0026906884140894746,-0.3566868869980562,-0.021435668397542417,-0.3853382294822526,0.27571108645688125,0.871224536939894,False
GUT_GENOME025761_7,GUT_GENOME025761_00392,43113,0.023582172350957116,0.021685853378801166,0.02190922906827954,0.0014613886985804575,0.3425480793783533,0.043053192995672805,1.0,0.0018963189721559505,-0.3847050436186176,-0.021143963927393265,-0.3814735917308727,0.293520071773655,0.8635011618474372,False
GUT_GENOME025761_7,GUT_GENOME025761_00393,44125,0.023407720469125433,0.021785966077373226,0.021962574783382063,0.001457088843514504,0.3635315956110893,0.042974052180181396,1.0,0.0016217543917522066,-0.39438919435518965,-0.021011477396799334,-0.37971834798222237,0.2997288604184837,0.8608246703352314,False
GUT_GENOME025761_7,GUT_GENOME025761_00393,44232,0.02273109527197782,0.021669201829321957,0.02182700185016075,0.0015044739370391382,0.407730090672093,0.04293476895274481,1.0,0.0010618934426558611,-0.4141360160850596,-0.021107767102584062,-0.3809940392044195,0.3166650977281035,0.8535658824012728,False
GUT_GENOME025761_7,GUT_GENOME025761_00393,44313,0.0219828911727812,0.021678259955599303,0.02177303928356716,0.0014932168914274428,0.47321684895744665,0.04291157291217296,1.0,0.0003046312171818971,-0.44084536631449606,-0.021138533628605797,-0.38140164858346537,0.33981185454314744,0.8437441861807564,False
GUT_GENOME025761_7,GUT_GENOME025761_00393,44547,0.02146208581878199,0.02165593189947214,0.021680590971252012,0.0014941435220842023,0.5175128447230107,0.04288172971274217,1.0,-0.00019384608069015,-0.4584271289885215,-0.02120113874149016,-0.38223107050682015,0.35625602385344823,0.8368352917337976,False
GUT_GENOME025761_7,GUT_GENOME025761_00393,44548,0.02151140590198543,0.02172552374164636,0.021662477836994896,0.0015114152458900116,0.5195143304384646,0.042941161865889456,1.0,-0.00021411783966092737,-0.4591421329751238,-0.02127868402889456,-0.3832584268753784,0.35769852004393604,0.8362319434816456,False
GUT_GENOME025761_7,GUT_GENOME025761_00393,44550,0.02177192070449133,0.021250918306701304,0.021265453178491385,0.0015225546674210884,0.45203619368765263,0.042963455716114866,1.0,0.0005210023977900262,-0.43321375146826224,-0.02169800253762348,-0.38881375531397766,0.33885029078256296,0.8441499406289513,False
GUT_GENOME025761_7,GUT_GENOME025761_00393,44596,0.02144453437104169,0.021222702498853916,0.021223556285982447,0.0014657578910599518,0.4789863046507856,0.04300131826921162,1.0,0.00022183187218777559,-0.4437657770121665,-0.021777761983229175,-0.38987044588974873,0.34892702942548337,0.8399074979365174,False
GUT_GENOME025761_7,GUT_GENOME025761_00393,44670,0.021442348705277305,0.021422877598103893,0.021352857128858888,0.0014802133209707413,0.4981682085606557,0.04308903148639923,1.0,1.9471107173412577e-05,-0.4509032313359741,-0.021736174357540345,-0.3893194735027122,0.354883376477652,0.8374098287540145,False
GUT_GENOME025761_72,GUT_GENOME025761_01643,3310,0.09255510308847065,0.060791489519510834,0.07575164139345099,0.007624439512285501,0.01584990902966098,0.07425001911219116,0.4219339014199819,0.03176361356895981,0.6687425006484847,0.001501622281259829,-0.08145423543050508,0.45385132464315675,0.7969800257329637,False
GUT_GENOME025761_72,GUT_GENOME025761_01643,3312,0.088843288479587,0.059073302194897606,0.07384739200823062,0.007676602636900096,0.021265573715912922,0.07434805546911175,0.5260003446999495,0.029769986284689395,0.5984253930848387,-0.0005006634608811233,-0.10798145684802747,0.3697729461117661,0.8311986419377051,False
GUT_GENOME025761_72,GUT_GENOME025761_01643,3315,0.09054573229881561,0.060708138679198165,0.0734128995073715,0.007357855293099957,0.022314774184519857,0.07606181214338098,0.6405807390330943,0.02983759361961745,0.6008099673127978,-0.0026489126360094845,-0.13644247034338716,0.37958916453581126,0.8271290234617541,False
GUT_GENOME025761_72,GUT_GENOME025761_01643,3319,0.07961016179813032,0.06296185239413295,0.06892834083165754,0.006810910321744787,0.06726928022487126,0.07838879091095183,0.9175857600077739,0.016648309403997377,0.1356115201433424,-0.009460450079294289,-0.22668491583898145,0.06977653546451426,0.9657133115680514,False
GUT_GENOME025761_72,GUT_GENOME025761_01643,3320,0.15972556922671902,0.08509475370797907,0.12699194997244678,0.013420942988326068,0.0001496721051215563,0.11447976442999361,0.1755938259750709,0.07463081551873994,2.1807089921977485,0.012512185542453175,0.06441887519206077,4.759641500133131,0.09256716868214014,False
GUT_GENOME025761_72,GUT_GENOME025761_01643,3322,0.17097029406307324,0.09123986693270722,0.14207077112387198,0.014808432724125683,5.579452947472001e-05,0.12258146504927243,0.09407105898959206,0.07973042713036602,2.360577085424993,0.019489306074599547,0.1568550431763002,5.596927680803394,0.0609035483727234,False
GUT_GENOME025761_72,GUT_GENOME025761_01643,3338,0.21353436949047613,0.09636989242825104,0.15779844460595926,0.01672727655453162,1.381803118329779e-06,0.12466459418694446,0.023805307443818625,0.11716447706222509,3.680911200216528,0.0331338504190148,0.3376243716231422,13.6630974801934,0.0010791854448997233,True
GUT_GENOME025761_72,GUT_GENOME025761_01643,3352,0.21427228925001987,0.09718348013693452,0.16017519894085946,0.01709717928736893,4.099802027242777e-06,0.12694148347191242,0.025959016494114084,0.11708880911308535,3.678242320551427,0.033233715468947045,0.3389474306829305,13.64435192946211,0.0010893479587352627,True
GUT_GENOME025761_72,GUT_GENOME025761_01643,3354,0.22819064968660632,0.11409150058401611,0.17657385178296656,0.018357845527404656,2.7127987600590276e-05,0.1287352617854196,0.004581747693529887,0.11409914910259021,3.5727942028438835,0.04783858999754695,0.5324396642045283,13.048350411893091,0.0014675290572506332,True
GUT_GENOME025761_72,GUT_GENOME025761_01643,3355,0.25030855664196927,0.13200917781215038,0.20381277046302673,0.02060836419218508,4.775981588566788e-05,0.13696142773685444,0.0005895387046422463,0.11829937882981889,3.720940251933319,0.0668513427261723,0.7843295372501025,14.46056918146055,0.0007243147005656792,True
GUT_GENOME025761_72,GUT_GENOME025761_01643,3430,0.40499226755807755,0.23072541645022107,0.3490988295449866,0.03364418221205432,1.1297333237043684e-05,0.177019006097801,1.5712185387087742e-07,0.17426685110785647,5.694965587205736,0.17207982344718561,2.1784458458100744,37.178259342584745,8.449744174080553e-09,True
GUT_GENOME025761_72,GUT_GENOME025761_01643,3436,0.42558894186956053,0.32903019200466416,0.4024668656977537,0.03845180851449717,0.013230553659981199,0.1868454382034043,1.0259013298068489e-08,0.09655874986489638,2.954127840461317,0.2156214274943494,2.7553054553671874,16.31857945016483,0.0002860655078108147,True
GUT_GENOME025761_72,GUT_GENOME025761_01643,3445,0.4210112999259464,0.3480432843739356,0.40250459694923246,0.038369700557151415,0.04678552561906285,0.18697175659583531,9.700094119210262e-09,0.07296801555201077,2.122060474974976,0.21553284035339715,2.7541318113396005,12.08838269368377,0.0023715978638751737,True
GUT_GENOME025761_72,GUT_GENOME025761_01643,3448,0.4190435560401796,0.30207717758110947,0.3912426795461061,0.03722510112015837,0.0033829484313747374,0.18691864261506538,2.022474869283063e-08,0.11696637845907015,3.6739240763463052,0.2043240369310407,2.6056323220047757,20.287037916233054,3.9330157847497224e-05,True
GUT_GENOME025761_72,GUT_GENOME025761_01643,3451,0.4149016460498065,0.28540582668473335,0.3794713526367869,0.03603924930223906,0.0013097295320354204,0.18668701094966,4.415034369656382e-08,0.12949581936507315,4.115849229985131,0.19278434168712688,2.4527490224919317,22.956192651304324,1.0354427772257081e-05,True
GUT_GENOME025761_72,GUT_GENOME025761_01643,3457,0.3947039092797209,0.28019212838148244,0.36436876665059864,0.03502257601254747,0.003664986767720653,0.18594519327250392,1.748034944757652e-07,0.11451178089823844,3.5873481139925234,0.17842357337809472,2.262490822754615,17.98793121401457,0.00012415675878616847,True
GUT_GENOME025761_72,GUT_GENOME025761_01643,3459,0.3942340040223413,0.2634015705435332,0.35977201770400585,0.035306283049412204,0.0011894236069449973,0.18433443752525666,3.3646292998055845e-07,0.13083243347880813,4.162992865682806,0.1754375801787492,2.222930983175695,22.271931755688406,1.457845392458613e-05,True
GUT_GENOME025761_72,GUT_GENOME025761_01643,3463,0.40141968891828916,0.26105968765315585,0.3634950757200282,0.03583916960154986,0.0007531986280042236,0.18144886682799533,1.8918289426903462e-07,0.14036000126513332,4.499039133777563,0.18204620889203288,2.310485198567562,25.579694980061753,2.7889441070144285e-06,True
GUT_GENOME025761_72,GUT_GENOME025761_01643,3466,0.41043993468224776,0.25922392026095087,0.3697022362637779,0.03588775745329225,0.00034493085875583686,0.1784545428916496,4.936360906119521e-08,0.1512160144212969,4.881940918297266,0.1912476933721283,2.432390784287007,29.749872057229517,3.4665491655210983e-07,True
GUT_GENOME025761_72,GUT_GENOME025761_01643,3469,0.4106816758809865,0.25530503897938794,0.36710969942871663,0.03512324351529186,0.0002147504711833469,0.176814334356478,3.014607215140638e-08,0.15537663690159853,5.028689982571915,0.19029536507223863,2.4197738919316065,31.143028628892964,1.7273377260167308e-07,True
GUT_GENOME025761_72,GUT_GENOME025761_01643,3470,0.40882093551733023,0.2559770947626276,0.3653321067091339,0.03514203097934501,0.0002794666910548072,0.17496238511016332,3.027793776466367e-08,0.15284384075470264,4.939355882610877,0.1903697215989706,2.42075900210192,30.257310681340154,2.6897286375425935e-07,True
GUT_GENOME025761_72,GUT_GENOME025761_01643,3472,0.4322249395215954,0.2467669716816075,0.3904967403287872,0.037301106538333566,1.732727365246149e-05,0.17343021709953327,2.9546374138890967e-09,0.18545796783998791,6.089686789719068,0.2170665232292539,2.774450762014749,44.78186222772315,1.886870838690299e-10,True
GUT_GENOME025761_72,GUT_GENOME025761_01643,3480,0.4139528739156846,0.2464078578171432,0.3766401698844214,0.03722386015274211,8.835647453108076e-05,0.17276217075947128,2.1620287593599154e-08,0.1675450160985414,5.457880150472228,0.2038779991249501,2.5997230037722545,36.54701543326138,1.158554407254295e-08,True
GUT_GENOME025761_72,GUT_GENOME025761_01643,3484,0.4147357904101685,0.2299479364069417,0.373257926022025,0.0375685145770778,1.9291400441748685e-05,0.1726869887814461,4.6780852161221465e-08,0.1847878540032268,6.0660512450457,0.20057093724057892,2.5559094955392285,43.329651056908084,3.9001905132212643e-10,True
GUT_GENOME025761_72,GUT_GENOME025761_01643,3496,0.39689852182222757,0.24500142923833818,0.3628770129648537,0.038024908814276226,0.0003508271846391784,0.1722034276999193,2.6594213202001895e-07,0.1518970925838894,4.905963185044981,0.1906735852649344,2.4247847305871773,29.948055762705422,3.139513242544357e-07,True
GUT_GENOME025761_72,GUT_GENOME025761_01643,3502,0.39062944918853193,0.24569243092299992,0.3578026218943994,0.038443240476753536,0.000685031894005103,0.17231733851487419,7.00322640975948e-07,0.144937018265532,4.660474824027686,0.1854852833795252,2.356047671735609,27.270986216886673,1.1972382541735234e-06,True
GUT_GENOME025761_72,GUT_GENOME025761_01643,3504,0.3832865171140105,0.22354858894971052,0.3507119255669397,0.03904998443884309,0.00028065738133296447,0.17366650257531574,2.8963822661882134e-06,0.1597379281643,5.18251682335374,0.17704542299162396,2.2442324395083437,31.895059866886115,1.1859755887417483e-07,True
GUT_GENOME025761_72,GUT_GENOME025761_01643,3508,0.3681043642110588,0.22356490578586188,0.3384557222620931,0.03860806077856988,0.0008421526195299717,0.17396883205742408,1.020175826705901e-05,0.14453945842519692,4.646452514904815,0.164486890204669,2.0778511019663033,25.90698617520786,2.3679331128504444e-06,True
GUT_GENOME025761_72,GUT_GENOME025761_01643,3510,0.3328396333233003,0.20871592271758624,0.3050252734318691,0.035628774238945685,0.0017773815027835745,0.17513291181845506,0.00013332461300512007,0.12412371060571406,3.926369906314208,0.12989236161341403,1.6195265479524592,18.03924688073265,0.00012101168577639636,True
GUT_GENOME025761_72,GUT_GENOME025761_01643,3515,0.32350566728256164,0.20515053454397283,0.2991916439499584,0.036380012240694905,0.003108564007463736,0.1775457045696671,0.0004132597268359847,0.1183551327385888,3.7229067446829913,0.1216459393802913,1.51027407520273,16.14096241183557,0.00031263280410798254,True
GUT_GENOME025761_72,GUT_GENOME025761_01643,3517,0.324809621096507,0.21349318938133427,0.3013253299414224,0.03737636932754075,0.005673399501210833,0.18205809713129767,0.0007089564071510757,0.11131643171517275,3.4746451458992347,0.11926723281012475,1.478759853957438,14.259889595597338,0.0008007635901851511,True
GUT_GENOME025761_72,GUT_GENOME025761_01643,3519,0.31206102321192664,0.21365386764029382,0.2911965816065428,0.03675688290504744,0.01146114128469989,0.18282014166225438,0.0015967734603087589,0.09840715557163282,3.019322846532579,0.10837643994428844,1.3344735177547424,10.897130021182312,0.004302474268061089,True
GUT_GENOME025761_72,GUT_GENOME025761_01643,3534,0.30779807773149537,0.21684641450570366,0.28657470319547906,0.03714448575557014,0.019529244944690376,0.1836898995742904,0.00280407097423781,0.0909516632257917,2.7563606261823983,0.10288480362118865,1.2617177418825085,9.18945556174972,0.010104971173019471,True
GUT_GENOME025761_72,GUT_GENOME025761_01643,3535,0.3167304378447976,0.18725121111986381,0.29432487955794545,0.03914182315309697,0.0022106355939870183,0.18394179425142523,0.0024005814904932876,0.12947922672493378,4.115263991976678,0.11038308530652022,1.361058497465705,18.78787795718343,8.32269804382952e-05,True
GUT_GENOME025761_72,GUT_GENOME025761_01643,3559,0.32206415877496386,0.19113303245685798,0.299902960183285,0.039892643459406296,0.0024075290009182427,0.1805533518851361,0.0013868263667027236,0.13093112631810588,4.166473854858374,0.11934960829814889,1.4798512030911817,19.549463966508817,5.687060358675821e-05,True
GUT_GENOME025761_72,GUT_GENOME025761_01643,3565,0.30383612835512824,0.183412615438202,0.28302780368221353,0.03822978167702477,0.003439661081151568,0.16155572893970155,0.0007429582659861172,0.12042351291692624,3.7958604570595216,0.12147207474251198,1.507970634866528,16.68253204508788,0.00023847024304092708,True
GUT_GENOME025761_72,GUT_GENOME025761_01643,3576,0.30727134723566146,0.18624575641446287,0.2855385197618942,0.038994900102461774,0.0042231763511365135,0.12762177517476087,2.5644202184532263e-05,0.1210255908211986,3.8170963104662468,0.15791674458713334,1.9908067286915003,18.533535674378385,9.451350371774885e-05,True
GUT_GENOME025761_72,GUT_GENOME025761_01643,3598,0.2763079426795481,0.177635691871377,0.2561811792512099,0.03444428606455101,0.008127292538704521,0.11988259694180423,3.7936745974099384e-05,0.0986722508081711,3.0286730046134536,0.1362985823094057,1.7043991669176115,12.077836689063734,0.0023841363335273427,True
GUT_GENOME025761_72,GUT_GENOME025761_01643,3645,0.23791700582284706,0.1616259890610602,0.22252437047121426,0.030263094534869906,0.01752893456863971,0.11778341760076985,0.0002690737666649658,0.07629101676178685,2.2392658499944407,0.10474095287044441,1.2863088784434307,6.668902077713722,0.03563414260268919,True
GUT_GENOME025761_72,GUT_GENOME025761_01643,3648,0.24605762268154452,0.1677427588392387,0.22836691591962854,0.030669952591811808,0.017988339853813047,0.11479730478795122,0.00010654919817246082,0.07831486384230582,2.310648838166828,0.11356961113167732,1.4032750874046676,7.30827902425229,0.025883760565332037,True
GUT_GENOME025761_72,GUT_GENOME025761_01643,3655,0.11190348856125107,0.1557554048011685,0.11626487264740576,0.017329877532999714,0.9907089248186236,0.11163571009745951,0.39468825876611374,-0.04385191623991744,-1.9982882853987327,0.004629162549946247,-0.04001911383245008,3.994757601033742,0.1356904893407341,False
GUT_GENOME025761_72,GUT_GENOME025761_01643,3661,0.11530764129043054,0.16605396797158764,0.1195760551914643,0.01813102449422259,0.995523976664698,0.10868073607592921,0.2739461971796398,-0.0507463266811571,-2.241460619771147,0.010895319115535096,0.042997869784734216,5.025994526790879,0.08102502159795284,False
GUT_GENOME025761_72,GUT_GENOME025761_01643,3664,0.1149795880464031,0.1492540535756639,0.11787541739308934,0.01849477892915129,0.9566256287782495,0.10670174472820768,0.2728710257655653,-0.034274465529260806,-1.6604825996919288,0.01117367266488166,0.046685628270181065,2.7593820117666477,0.2516563013637995,False
GUT_GENOME025761_72,GUT_GENOME025761_01643,3667,0.11737325839253417,0.14430632089644616,0.12258808519875473,0.01845817523056227,0.9017446889158311,0.10351223139567114,0.15069347818691364,-0.02693306250391199,-1.4015444168758533,0.01907585380308359,0.1513774334020059,1.9872418798192544,0.3702336671238413,False
GUT_GENOME025761_72,GUT_GENOME025761_01643,3673,0.12102566130680811,0.15196952422998436,0.12462254007223947,0.01842833942833468,0.930328459426939,0.10179905144354048,0.1077654591005473,-0.030943862923176246,-1.5430091162822581,0.022823488628698985,0.2010278587727716,2.4212893329329206,0.2980051035947632,False
GUT_GENOME025761_72,GUT_GENOME025761_01643,3676,0.1211210350383413,0.1353093465466543,0.12468120439949905,0.018284452587031513,0.754410141127577,0.10158329364729643,0.1032489276280979,-0.014188311508312998,-0.952025074067811,0.02309791075220262,0.20466353188317582,0.9482389029367168,0.6224328976032971,False
GUT_GENOME025761_72,GUT_GENOME025761_01643,3684,0.12515143150601296,0.1487017145373199,0.1280261869440197,0.018744676760353962,0.870813146657449,0.10108697552591513,0.07533542100078873,-0.023550283031306934,-1.2822306063576987,0.026939211418104583,0.25555488627433365,1.7094236277791193,0.4254057694527914,False
GUT_GENOME025761_72,GUT_GENOME025761_01643,3685,0.12048112138313594,0.1484271408343776,0.12692865271361645,0.018321527444818384,0.9144330530583764,0.10083727919316805,0.07721124120301284,-0.02794601945124167,-1.4372723602004203,0.026091373520448394,0.244322331817224,2.1254452392206926,0.34551382586131185,False
GUT_GENOME025761_72,GUT_GENOME025761_01643,3687,0.12810033736093024,0.18900128396456242,0.1415327704202318,0.01904163346774091,0.9978856458693957,0.09990116239832986,0.014395133552465982,-0.06090094660363218,-2.599623605897179,0.04163160802190194,0.45020665333243914,6.960728923042646,0.0307961849627176,False
GUT_GENOME025761_72,GUT_GENOME025761_01643,3688,0.12600339048206335,0.20265468224550057,0.1425876566023812,0.018622270829113392,0.9998926887869676,0.09587429777265544,0.006062808241848664,-0.07665129176343721,-3.155153078986161,0.04671335882972577,0.51753207349134,10.222830398928098,0.006027546703932573,False
GUT_GENOME025761_72,GUT_GENOME025761_01643,3703,0.15758006075626857,0.18315246731339632,0.16456081674676393,0.015934155701104163,0.8900491008120783,0.06123411619564166,4.4482370909193485e-11,-0.025572406557127753,-1.3535528031363995,0.10332670055112227,1.2675721998439073,3.438844472695527,0.17916963571596964,False
GUT_GENOME025761_72,GUT_GENOME025761_01643,3712,0.16601656991853617,0.20143152352496604,0.18046854035859114,0.017267363866255443,0.9409327434415795,0.06035795573249185,1.7512113422451146e-12,-0.03541495360642988,-1.7007086857964346,0.12011058462609929,1.4899329746985892,5.1123103030376225,0.07760253758276382,False
GUT_GENOME025761_75,GUT_GENOME025761_01665,937,0.07965157872796569,0.06859960519354949,0.0739452069333831,0.007010238603354741,0.15522397163195867,0.05403110040603167,0.002250609298552882,0.011051973534416198,-0.06177650439286955,0.019914106527351434,0.16248299898262977,0.030217061453391498,0.9850050304899477,False
GUT_GENOME025761_75,GUT_GENOME025761_01665,1051,0.08293347702803726,0.06376828991696723,0.0717248380869878,0.007189677757733179,0.04488957775458518,0.05354134077641863,0.005717583267502356,0.01916518711107003,0.22438416177456766,0.018183497310569174,0.13955507570245876,0.06982387120959435,0.9656904554589617,False
GUT_GENOME025761_79,GUT_GENOME025761_01695,2166,0.07407118681117456,0.18356854762414124,0.07738700717699029,0.016488309214222462,0.9999999999881315,0.08550592845630717,0.6887833683224575,-0.10949736081296668,-4.313664797110014,-0.008118921279316876,-0.2089117125613452,18.65134808547149,8.910687707036758e-05,False
GUT_GENOME025761_8,GUT_GENOME025761_00411,12918,0.02888135230209973,0.024127162204107915,0.024335723801585964,0.000795833388290746,0.1747543428568467,0.042003802025568526,1.0,0.0047541900979918145,-0.2839052437041714,-0.017668078223982562,-0.33542342629455235,0.19311106230990197,0.9079594761614225,False
GUT_GENOME025761_8,GUT_GENOME025761_00413,14129,0.02923077330892785,0.024040539913132725,0.024236942895796608,0.0007941890949369026,0.15658576767010013,0.041825895661732504,1.0,0.005190233395795125,-0.2685255868766601,-0.017588952765935896,-0.3343751350835674,0.1839127217696087,0.9121449538752885,False
GUT_GENOME025761_8,GUT_GENOME025761_00413,14148,0.029800655383967797,0.023791694070535316,0.02398759982511666,0.0007805825652418483,0.1256481010372189,0.041950422409279056,1.0,0.0060089613134324815,-0.23964828393037024,-0.017962822584162395,-0.33932833793603273,0.17257502091720178,0.9173304512034972,False
GUT_GENOME025761_8,GUT_GENOME025761_00413,14207,0.02994054766540725,0.022889626703123507,0.023040966490409053,0.0006322874706179919,0.09017559354902027,0.0422047735894325,1.0,0.0070509209622837445,-0.2028973880716862,-0.019163807099023444,-0.35523954455066387,0.16736248409887552,0.9197243788331201,False
GUT_GENOME025761_8,GUT_GENOME025761_00413,14304,0.03085400589947367,0.022809936520068897,0.022967879076058195,0.0006257075543813522,0.07069317843332348,0.04190792939788465,1.0,0.008044069379404772,-0.16786811022002351,-0.018940050321826458,-0.35227510973127146,0.1522774553650213,0.9266876404129809,False
GUT_GENOME025761_8,GUT_GENOME025761_00413,14350,0.031151561438181274,0.02287244893145584,0.023016431022117128,0.000603848987974767,0.06557691762526999,0.041848633693429206,1.0,0.008279112506725434,-0.15957791826874757,-0.018832202671312078,-0.35084629343180784,0.14855823361382528,0.9284125221347043,False
GUT_GENOME025761_8,GUT_GENOME025761_00413,14469,0.029739876549909148,0.022825979487478602,0.02296121479594754,0.0006179543737700614,0.09430686378429887,0.04108320903420675,1.0,0.0069138970624305456,-0.20773034976958638,-0.01812199423825921,-0.34143711872728216,0.1597312042601829,0.9232404195946686,False
GUT_GENOME025761_8,GUT_GENOME025761_00413,14567,0.029133074087002987,0.022671314992281286,0.022808281118278616,0.0006589087477802167,0.10684938642126357,0.04115155575714978,1.0,0.0064617590947217,-0.2236776807275022,-0.018343274638871164,-0.3443687453472245,0.16862153762765597,0.9191455699277465,False
GUT_GENOME025761_8,GUT_GENOME025761_00413,14618,0.028569578607847798,0.022605498467407673,0.02272227633222806,0.0006901232133718086,0.12916887651790437,0.04105469852948069,1.0,0.005964080140440125,-0.24123128507295397,-0.01833242219725263,-0.34422496710634876,0.17668336087731568,0.9154480325946642,False
GUT_GENOME025761_8,GUT_GENOME025761_00413,14717,0.027465836021109878,0.022517376647047685,0.02259393895691719,0.0007346901242014668,0.1646457401208143,0.04063541865071299,1.0,0.004948459374062193,-0.27705318379832417,-0.0180414796937958,-0.3403704242473884,0.19261049235513517,0.9081867532192088,False
GUT_GENOME025761_8,GUT_GENOME025761_00413,15119,0.02730080391299913,0.02235257608361115,0.022395261201678826,0.0007610529899134553,0.15824246222845362,0.04065899568801767,1.0,0.004948227829387978,-0.2770613505965472,-0.01826373448633884,-0.34331496006902923,0.194628153801582,0.9072710085134994,False
GUT_GENOME025761_8,GUT_GENOME025761_00413,15356,0.027202340446660783,0.022569408379759865,0.022450385779801085,0.0008541926448997976,0.18094879045386675,0.0402611750397008,1.0,0.004632932066900918,-0.2881821283969363,-0.017810789259899717,-0.33731412908927455,0.19682976081064407,0.9062728309072685,False
GUT_GENOME025761_8,GUT_GENOME025761_00414,15741,0.02569799818906188,0.023182610759637803,0.02267592829879931,0.0009704732330696648,0.29602324715430944,0.04026685437571809,1.0,0.002515387429424077,-0.3628699174431079,-0.017590926076918784,-0.33440127843377315,0.24349879200330984,0.8853702180199294,False
GUT_GENOME025761_8,GUT_GENOME025761_00416,17497,0.02498691587809729,0.023181304273746935,0.022703374116669412,0.0009792841630728755,0.3469115604346359,0.040407385174987605,1.0,0.0018056116043503566,-0.38790437771136677,-0.017704011058318193,-0.3358994813512903,0.2632982678197085,0.8766485273661218,False
GUT_GENOME025761_8,GUT_GENOME025761_00416,17498,0.025548919118856726,0.02270078570647807,0.022523643989107153,0.000966982586399775,0.27156925101254337,0.04048871392407398,1.0,0.0028481334123786547,-0.351133653970294,-0.017965069934966826,-0.33935811189443305,0.2384587710590847,0.8876041738548662,False
GUT_GENOME025761_8,GUT_GENOME025761_00417,19853,0.025092311848821058,0.02241952183280752,0.022353035458013704,0.0008621759233528662,0.28029808380468524,0.0408406265935475,1.0,0.002672790016013539,-0.35731818031584556,-0.018487591135533797,-0.3462807180395323,0.24758661767020118,0.8835624465619518,False
GUT_GENOME025761_8,GUT_GENOME025761_00417,19919,0.025161555594308337,0.022133258810779932,0.022147625967902866,0.0008116554013781438,0.25218354612721583,0.04094066901352625,1.0,0.003028296783528405,-0.3447791225851548,-0.018793043045623382,-0.35032748832851596,0.2416019924491557,0.8862103012417317,False
GUT_GENOME025761_8,GUT_GENOME025761_00417,20574,0.024511268895376238,0.022165610496171394,0.02217399517319188,0.0008119303257027885,0.2977992570529001,0.04092647830286804,1.0,0.0023456583992048433,-0.36885641981933665,-0.01875248312967616,-0.34979013152256,0.2584081945525085,0.8787945876592086,False
GUT_GENOME025761_8,GUT_GENOME025761_00419,21727,0.02432011259036687,0.02203819663644911,0.02208696790384961,0.000806486488090066,0.30233488216229576,0.04103757008086965,1.0,0.0022819159539177597,-0.37110467575814016,-0.018950602177020038,-0.3524149056620892,0.2619149461023736,0.8772550805796867,False
GUT_GENOME025761_8,GUT_GENOME025761_00419,21746,0.02426820000949288,0.022121918058735725,0.02216890497580494,0.0008041994361075651,0.31829302668544557,0.04096592922627215,1.0,0.0021462819507571534,-0.3758886144937211,-0.018797024250467212,-0.35038023319912964,0.26405855832268577,0.8763153369256135,False
GUT_GENOME025761_8,GUT_GENOME025761_00419,21831,0.02363667528465177,0.02201095782485038,0.022077159255229094,0.0008094639934105908,0.35388044871657076,0.04098019605214187,1.0,0.0016257174598013902,-0.3942494132213262,-0.018903036796912777,-0.3517847371784617,0.2791851011370794,0.8697125270906272,False
GUT_GENOME025761_9,GUT_GENOME025761_00453,3660,0.07609196851916432,0.052616868788723084,0.05573052015151467,0.004011857533976043,0.05359564150525298,0.0545704715057467,0.3862313850379493,0.023475099730441235,0.37639882952985376,0.0011600486457679707,-0.08597956329374606,0.1490685641756272,0.9281756537142855,False
GUT_GENOME025761_9,GUT_GENOME025761_00453,3777,0.07616103833586627,0.056584525165035295,0.05956137334451461,0.0043641246868693345,0.08927093529277724,0.054572769064559164,0.12649980469592387,0.01957651317083097,0.23889201839157098,0.004988604279955448,-0.03525706106546786,0.05831245680617282,0.9712647134778454,False
GUT_GENOME025761_9,GUT_GENOME025761_00453,3780,0.07579806627771378,0.05265458993887671,0.05574648663501558,0.003878245880475932,0.05114945544596357,0.05479754807185455,0.40335117299676837,0.023143476338837073,0.36470216090877566,0.0009489385631610281,-0.08877644876664456,0.14088892402714717,0.9319794983532257,False
GUT_GENOME025761_9,GUT_GENOME025761_00453,4109,0.08567165200212658,0.05845038516495523,0.06362645904757777,0.0051461991478120835,0.03263032579343294,0.05486080425197262,0.044253539029567725,0.027221266837171347,0.5085296633490421,0.008765654795605149,0.014783077175077788,0.2588209578766545,0.8786132392857198,False
GUT_GENOME025761_9,GUT_GENOME025761_00453,4151,0.09492978888652273,0.058359089239241706,0.06634094001729608,0.005346813310362572,0.008445478197468671,0.05492208332967305,0.01635447338449954,0.036570699647281026,0.8382929434539059,0.011418856687623033,0.049933941296844676,0.7052284575380503,0.7028482797312818,False
GUT_GENOME025761_9,GUT_GENOME025761_00453,4365,0.10006524089592554,0.04908611282292579,0.05587217422896278,0.0038048417310168297,0.00040210941417678786,0.055153106086607125,0.4250512434877891,0.05097912807299975,1.3464917524429858,0.0007190681423556583,-0.09182188000640507,1.8214712970448936,0.4022282165750508,False
GUT_GENOME025761_9,GUT_GENOME025761_00453,4407,0.08777740305556352,0.04675878051446535,0.05105349113956709,0.003296459037785565,0.002030658432545664,0.055266348339200876,0.8993743535849044,0.041018622541098164,0.9951753632657929,-0.004212857199633782,-0.15716234206341045,1.0150740054140592,0.6019764207034967,False
GUT_GENOME025761_9,GUT_GENOME025761_00453,4529,0.07684292613123425,0.04671028208577139,0.04973228218514149,0.0031844243796362408,0.013544836921851329,0.05552049213675337,0.9654421618400031,0.030132644045462863,0.6112166730669599,-0.005788209951611882,-0.17803335481793495,0.4052816968627717,0.8165714616885503,False
GUT_GENOME025761_9,GUT_GENOME025761_00453,4542,0.06638196810506615,0.045830599658020006,0.0476776893829074,0.0028386505460958715,0.04915857352608427,0.05628824447624648,0.9987906328945049,0.020551368447046144,0.2732760799749257,-0.008610555093339078,-0.21542510811045554,0.12108779309086344,0.9412524503805887,False
GUT_GENOME025761_9,GUT_GENOME025761_00453,4731,0.0582112045456541,0.044230578411786695,0.04587426993056262,0.0027645097090603483,0.10832524573929209,0.05629448920238259,0.9999181413910468,0.013980626133867406,0.041519824603513326,-0.01042021927181997,-0.23940038863290058,0.05903644191269034,0.9709131865132338,False
GUT_GENOME025761_9,GUT_GENOME025761_00454,5300,0.0554338950300959,0.04380862966147142,0.04523776953307578,0.002703056533232334,0.13106003723440118,0.056141282620327214,0.9999725556820007,0.01162526536862448,-0.041555962725204565,-0.010903513087251432,-0.2458032919657492,0.06214615637921794,0.9694047281449166,False
GUT_GENOME025761_9,GUT_GENOME025761_00454,5417,0.05613197340016152,0.04384095918545621,0.04590172236248133,0.002948125917960694,0.11517905690091063,0.05615282455608308,0.9997466212779298,0.012291014214705305,-0.018074375374552733,-0.01025110219360175,-0.23715984619434619,0.056571475692106174,0.9721105583358765,False
GUT_GENOME025761_9,GUT_GENOME025761_00454,5561,0.05506902464997036,0.041689903426304034,0.04399036017037374,0.002871943760003178,0.09212450652419452,0.05488667458697344,0.9999258967795015,0.01337912122366633,0.02030418123607768,-0.010896314416599696,-0.2457079205977814,0.060784642020153136,0.9700648820502347,False
GUT_GENOME025761_9,GUT_GENOME025761_00455,6868,0.048447169307514845,0.03983349203341545,0.04100251541343707,0.0023624995241894424,0.17254124431572654,0.051546692624695294,0.9999959617263001,0.008613677274099396,-0.14777750456049993,-0.010544177211258221,-0.24104264160246042,0.07993974592482075,0.9608183853279013,False
GUT_GENOME025761_9,GUT_GENOME025761_00455,7119,0.04097542223244623,0.03597873828022198,0.03679025007657487,0.002037570244983349,0.24856023443862624,0.0465673815838248,0.9999992004160262,0.004996683952224253,-0.27535225761388243,-0.009777131507249931,-0.23088046005197377,0.12912465260687295,0.9374776829226332,False
GUT_GENOME025761_9,GUT_GENOME025761_00455,7927,0.03892472757276812,0.03601029706790768,0.036662512942481976,0.0019709649513357857,0.34449046899955577,0.045723596751811424,0.9999978598204927,0.002914430504860434,-0.3487952932245419,-0.009061083809329448,-0.22139392402543562,0.17067342617097453,0.9182030613587625,False
GUT_GENOME025761_9,GUT_GENOME025761_00455,7932,0.04240801601452644,0.0357812685467627,0.036529724685213205,0.002015389165103111,0.20241516051387898,0.0456798322965857,0.9999971888820478,0.00662674746776374,-0.2178583857843184,-0.009150107611372492,-0.22257335314412893,0.09700117378637003,0.9526567801978989,False
GUT_GENOME025761_9,GUT_GENOME025761_00455,7944,0.0439676616019229,0.035292732367786774,0.0361581314672708,0.001963539139081991,0.13660849532794056,0.04514274397494376,0.9999976271168528,0.008674929234136125,-0.14561709037658038,-0.008984612507672955,-0.22038079632421206,0.06977203239823503,0.9657154859060235,False
GUT_GENOME025761_9,GUT_GENOME025761_00455,8060,0.04430726406698837,0.034731398929632326,0.03559932808991843,0.001893122909825883,0.1195297183397811,0.044972370616753674,0.999999631025844,0.009575865137356046,-0.1138402345347174,-0.00937304252683524,-0.22552689955347086,0.06382198142112079,0.968592791998571,False
GUT_GENOME025761_9,GUT_GENOME025761_00456,8537,0.044095262425322905,0.0346751282962504,0.035468579875111886,0.0019098958492822088,0.12173982860412358,0.04481850029982308,0.9999995097525607,0.009420134129072506,-0.11933301352448536,-0.009349920424711194,-0.225220567090639,0.06496467195746403,0.9680395491514687,False
GUT_GENOME025761_9,GUT_GENOME025761_00456,8558,0.04505207914371068,0.034372198236687815,0.035292248615012116,0.0019186355932317815,0.09730005788353602,0.04481573644506028,0.9999996541457113,0.010679880907022862,-0.07490056098584098,-0.009523487830048166,-0.2275200695519189,0.05737547608490369,0.9717198482385337,False
GUT_GENOME025761_9,GUT_GENOME025761_00456,8563,0.04522929943861025,0.035047349064786744,0.035933355345350346,0.0019302828086247763,0.10802842073193775,0.044745368243871333,0.9999975042045608,0.010181950373823509,-0.09246303875611081,-0.008812012898520988,-0.21809411568109047,0.05611445683073092,0.9723327201481952,False
GUT_GENOME025761_9,GUT_GENOME025761_00456,8564,0.04840940685438021,0.03436839583136107,0.03522379058972167,0.0017620259480166372,0.054090924028725194,0.04465566143327494,0.9999999567115828,0.014041011023019134,0.04364965638260377,-0.00943187084355327,-0.22630628470832428,0.05311982700080451,0.9737896989382099,False
GUT_GENOME025761_9,GUT_GENOME025761_00456,8602,0.04915801427543231,0.033827128314198415,0.03479896392970429,0.0017276968690316298,0.04144218059583241,0.044609251811422446,0.9999999931958553,0.015330885961233894,0.08914475744272547,-0.009810287881718158,-0.2313197312650727,0.06145560585206781,0.9697394974083848,False
GUT_GENOME025761_9,GUT_GENOME025761_00456,8660,0.04922023682588419,0.03408944795316108,0.03501616841606173,0.0017380605613537454,0.04205036291246692,0.04447299931188443,0.9999999735125548,0.015130788872723108,0.08208714511618952,-0.0094568308958227,-0.226636967197446,0.058102614293782565,0.9713666251379377,False
GUT_GENOME025761_9,GUT_GENOME025761_00456,9002,0.04845729509376346,0.03397041660258225,0.034792276015882,0.0017221668514730442,0.04752998277285829,0.04425022665464147,0.9999999801172297,0.014486878491181208,0.05937582092963276,-0.009457950638759469,-0.22665180207749794,0.054896527496045115,0.972925016745213,False
GUT_GENOME025761_9,GUT_GENOME025761_00456,9003,0.047590896654830184,0.033021746460441835,0.03388692712418375,0.0017018156670546378,0.04168857601949802,0.04404464961560529,0.9999999988046535,0.014569150194388349,0.06227762120569487,-0.010157722491421536,-0.23592270806590496,0.05953802628419023,0.9706697196040899,False
GUT_GENOME025761_9,GUT_GENOME025761_00456,9010,0.046737422731137596,0.032307425300803445,0.03314046839390798,0.0016405870784763534,0.03694946853297225,0.04365829240762793,0.9999999999277217,0.01442999743033415,0.05736957246710702,-0.01051782401371995,-0.24069350207085197,0.06122462978418986,0.9698514971835659,False
GUT_GENOME025761_9,GUT_GENOME025761_00456,9668,0.047151893339354045,0.03189086731408942,0.03277343145532705,0.0016813202516319512,0.030828773490475445,0.04342413068021424,0.9999999998811165,0.015261026025264628,0.08668073185945903,-0.010650699224887185,-0.2424538952421904,0.06629744059380248,0.9673946776665329,False
GUT_GENOME025761_9,GUT_GENOME025761_00456,9760,0.046542036475999374,0.031610643363560696,0.03249100695491906,0.0017031340820696554,0.033670829148766915,0.04337412591629471,0.9999999999170864,0.014931393112438678,0.07505426929517747,-0.01088311896137565,-0.24553310101281098,0.06591964703240026,0.9675774326671837,False
GUT_GENOME025761_9,GUT_GENOME025761_00456,9770,0.046538061457349754,0.03160726419897112,0.03247926273741791,0.00169943063792429,0.03163966156163858,0.04338458584191467,0.9999999999305277,0.014930797258378634,0.07503325296260471,-0.01090532310449676,-0.24582727192386697,0.06606103667168106,0.9675090323728949,False
GUT_GENOME025761_9,GUT_GENOME025761_00456,10246,0.0456941430828301,0.03191875569764683,0.03271272678716149,0.001684105030741797,0.04127333971211436,0.04345942280488365,0.9999999999121761,0.013775387385183274,0.03428086109146867,-0.010746696017722157,-0.24372570581613098,0.06057739711274379,0.9701654077618359,False
GUT_GENOME025761_9,GUT_GENOME025761_00456,10247,0.04527707878191158,0.03195080033143692,0.03275592220151494,0.0017075565590102624,0.04756057331983782,0.04346057445740122,0.9999999998182993,0.013326278450474661,0.018440366973604006,-0.01070465225588628,-0.2431686903233006,0.05947105908767045,0.970702221663164,False
GUT_GENOME025761_9,GUT_GENOME025761_00456,10504,0.04704473252026418,0.032533105007822576,0.03340645393661315,0.0017726918526152248,0.04143777674036796,0.0437981358163442,0.9999999977146352,0.014511627512441602,0.0602487421641046,-0.010391681879731052,-0.2390223118665885,0.060761576502405455,0.9700760696391231,False
GUT_GENOME025761_9,GUT_GENOME025761_00460,15686,0.04616732633206372,0.03256592875697776,0.033398290096763955,0.0017882405253578483,0.04719943190831622,0.04373420672645006,0.9999999962635581,0.01360139757508596,0.028144077005435978,-0.010335916629686102,-0.23828350765687362,0.057571119091751256,0.971624797791137,False
GUT_GENOME025761_9,GUT_GENOME025761_00460,15745,0.046780353025897996,0.03314766269807356,0.033946391503002944,0.0018432595828496642,0.04886934641228877,0.04380922081574985,0.9999999562058354,0.013632690327824437,0.029247801797745585,-0.009862829312746908,-0.2320158248071477,0.05468677687094126,0.9730270579111399,False
GUT_GENOME025761_9,GUT_GENOME025761_00462,17013,0.04715331063890164,0.031980610254350915,0.033038621243090545,0.0019369626847515692,0.032598535731860084,0.04367529947928275,0.999999980064406,0.015172700384550722,0.08356540351914664,-0.010636678236192208,-0.2422681386022782,0.06567702764713049,0.9676948163078837,False
GUT_GENOME025761_9,GUT_GENOME025761_00462,17014,0.045921976884401555,0.03176394313235793,0.03286492930874214,0.002048746584838978,0.041445226259268435,0.043619249293257494,0.9999999236273975,0.014158033752043622,0.047777157991921726,-0.010754319984515356,-0.24382671170702186,0.061734122167644206,0.9696044626750036,False
GUT_GENOME025761_9,GUT_GENOME025761_00462,17241,0.043268374782792815,0.028109527542103305,0.029645199064968902,0.0021894879779258566,0.025290943112352957,0.04354994207347088,0.9999999998928192,0.01515884724068951,0.08307679011850289,-0.013904743008501981,-0.2855649947888332,0.0884491193051401,0.9567390883512016,False
GUT_GENOME025761_9,GUT_GENOME025761_00462,17243,0.04203065643541525,0.027436827401156563,0.029051592513846862,0.0020537440730482508,0.030412491865639938,0.043540843857161254,0.9999999999991372,0.014593829034258689,0.06314806707659584,-0.014489251343314392,-0.2933088355861896,0.09001775140843664,0.9559889967198734,False
GUT_GENOME025761_9,GUT_GENOME025761_00462,17665,0.03972405207356855,0.02763824187680682,0.028663724935050264,0.0018727794204171746,0.05607697653012159,0.04355079516913278,0.9999999999999991,0.01208581019676173,-0.025312113900744306,-0.014887070234082516,-0.29857932699377226,0.08979031761817824,0.9560977150017936,False
GUT_GENOME025761_9,GUT_GENOME025761_00462,17760,0.040437435040299896,0.027091627325179772,0.02817382767310327,0.001832828487643129,0.04314329888816244,0.04358518683879209,1.0,0.013345807715120124,0.019129182487691663,-0.01541135916568882,-0.30552535286948246,0.09371166686866918,0.9542249550091785,False
GUT_GENOME025761_9,GUT_GENOME025761_00462,17766,0.0368323343306462,0.02474286752469747,0.026000595554076,0.0016769178583873484,0.03745023677401846,0.04335797758119467,1.0,0.012089466805948728,-0.0251831418589043,-0.017357382027118666,-0.33130717723262876,0.11039863631973819,0.946296515075054,False
GUT_GENOME025761_9,GUT_GENOME025761_00462,17767,0.03702748253408274,0.025493318266252434,0.026527584679204012,0.0015625054855840023,0.04427229590378137,0.043372474337780194,1.0,0.011534164267830303,-0.044769184150419514,-0.01684488965857618,-0.3245174377618874,0.10731584726103463,0.9477562560759156,False
GUT_GENOME025761_9,GUT_GENOME025761_00463,19489,0.03568238645624411,0.026000274443249795,0.026786111437025324,0.001535021204820472,0.06968506476356552,0.04294572538246127,1.0,0.009682112012994314,-0.11009280739951371,-0.016159613945435945,-0.31543858343459036,0.11162192616032744,0.9457178945916944,False
GUT_GENOME025761_9,GUT_GENOME025761_00464,20879,0.03467739336786698,0.02626700374082615,0.02691536272395435,0.001486519903789828,0.08358684225144031,0.04243211522052579,1.0,0.00841038962704083,-0.15494765088492132,-0.015516752496571442,-0.3069216531903668,0.11820967571186325,0.9426079429811018,False
GUT_GENOME025761_9,GUT_GENOME025761_00464,20950,0.036051707418396306,0.026427718109173062,0.02706117955341756,0.0014795312119876315,0.055998802907540626,0.042121452610559565,1.0,0.009623989309223244,-0.11214284977463898,-0.015060273057142005,-0.30087399929789915,0.10310118220908947,0.949755599561919,False
GUT_GENOME025761_9,GUT_GENOME025761_00464,21434,0.03575895604190076,0.026589873428397835,0.027115778121348386,0.0014578652316134296,0.05703495617353205,0.04190049535663071,1.0,0.009169082613502928,-0.12818783637106512,-0.01478471723528232,-0.29722330641949746,0.10477381527243344,0.948961635301952,False
GUT_GENOME025761_9,GUT_GENOME025761_00464,21450,0.03835158250319702,0.026740290185288347,0.0274855757994237,0.00150816112930186,0.034874668695928555,0.04162629036142697,1.0,0.011611292317908674,-0.042048805353276465,-0.014140714562003269,-0.2886912566985205,0.0851107437258088,0.9583373991246874,False
GUT_GENOME025761_9,GUT_GENOME025761_00465,22064,0.03768811093080378,0.026972597669323566,0.027772994359476097,0.001520062419095,0.044468532784880554,0.041359674740727485,1.0,0.010715513261480212,-0.07364377436334031,-0.013586680381251388,-0.2813511517992238,0.08458187612122846,0.9585908494359526,False
GUT_GENOME025761_9,GUT_GENOME025761_00465,22230,0.038111929406454796,0.027002166119469883,0.0278752063878644,0.0015095589737657115,0.041482392418676906,0.04133227761892671,1.0,0.011109763286984913,-0.05973820551949818,-0.01345707123106231,-0.27963402893686634,0.08176384333815401,0.9599424716609029,False
GUT_GENOME025761_9,GUT_GENOME025761_00465,22241,0.03470914689691403,0.026968997163959705,0.027703621159478366,0.0016757284046182456,0.08669288321604901,0.04155697693274643,0.9999999999999999,0.007740149732954327,-0.1785876417186015,-0.013853355773268065,-0.2848841925744465,0.11305254895340591,0.9450416536940267,False
GUT_GENOME025761_9,GUT_GENOME025761_00465,22242,0.03366206116504324,0.026582051933887397,0.027267063501674297,0.0017710637341326778,0.0996830946444287,0.04222569219923257,1.0,0.007080009231155846,-0.2018714174967157,-0.014958628697558273,-0.2995273671086109,0.13046871284914985,0.9368478813283377,False
GUT_GENOME025761_9,GUT_GENOME025761_00465,22245,0.03330341282294523,0.026361181395216055,0.02699253501587814,0.001756526628188071,0.10489230149956019,0.043054817866751964,1.0,0.006942231427729175,-0.20673097008203334,-0.016062282850873823,-0.31414909540502545,0.14142734813485436,0.9317286320079617,False
GUT_GENOME025761_9,GUT_GENOME025761_00465,22493,0.03333175870998415,0.027350133969966283,0.027779238058635858,0.001978356900839463,0.1367485429158809,0.043944914310524996,0.9999999999999999,0.005981624740017868,-0.24061247056063115,-0.01616567625188914,-0.31551889971622793,0.1574465370674297,0.9242956707531779,False
GUT_GENOME025761_9,GUT_GENOME025761_00465,22494,0.03364403615986308,0.0266777921143711,0.027210433328092597,0.0018801178463207443,0.10480332226109651,0.044355201310984575,1.0,0.006966244045491982,-0.20588402249085913,-0.017144767982891978,-0.3284903665702077,0.15029415164644602,0.9276070477252172,False
GUT_GENOME025761_9,GUT_GENOME025761_00465,22496,0.03310063897355829,0.02597663293167364,0.026694235071729945,0.0018619581179186238,0.10295346310893178,0.04464497816007141,1.0,0.007124006041884651,-0.20031960864212986,-0.017950743088341464,-0.33916830310508433,0.15516308343771842,0.9253515665629113,False
GUT_GENOME025761_9,GUT_GENOME025761_00465,22516,0.03297748711648688,0.025431480257455855,0.026293459612559845,0.001820219844134838,0.0837394004297013,0.04484632810621621,1.0,0.007546006859031028,-0.18543524330195157,-0.018552868493656362,-0.3471455431221984,0.15489625756806008,0.925475028666693,False
GUT_GENOME025761_9,GUT_GENOME025761_00465,22518,0.03345328067627041,0.025373879793356046,0.02624278585513099,0.0018071126576390823,0.0689449666928047,0.04522028862963958,1.0,0.008079400882914364,-0.16662193489313512,-0.01897750277450859,-0.35277129740519747,0.15221045746047845,0.9267186839979785,False
GUT_GENOME025761_9,GUT_GENOME025761_00466,23191,0.03322055883783473,0.025958507794447576,0.026600806858502673,0.002158220099542059,0.08890584157818837,0.045320222919161615,1.0,0.0072620510433871535,-0.19545063172961358,-0.018719416060658942,-0.3493520434699975,0.16024779972016803,0.923001979485645,False
GUT_GENOME025761_9,GUT_GENOME025761_00466,23324,0.03351815146305087,0.025908828896799244,0.027021385806150034,0.0022751131880785415,0.09133436666449979,0.04532830262753087,0.9999999999999996,0.007609322566251627,-0.18320203881572358,-0.018306916821380834,-0.3438870599141591,0.15182129700264232,0.9268990226762551,False
GUT_GENOME025761_9,GUT_GENOME025761_00466,23378,0.03433729098858191,0.025400218780256716,0.027367512623505664,0.0024497785575624135,0.0629464032943574,0.04536760043763506,0.9999999999998991,0.008937072208325195,-0.13637106136276064,-0.018000087814129397,-0.3398220451955433,0.13407608877808772,0.9351596230834857,False
GUT_GENOME025761_9,GUT_GENOME025761_00466,23834,0.03407357708225751,0.025194749554378934,0.02697846764797878,0.002293649102108135,0.059965822104665986,0.04546769842090717,0.9999999999999997,0.008878827527878573,-0.13842540596984407,-0.01848923077292839,-0.3463024407254085,0.1390869734702912,0.9328195672250589,False
GUT_GENOME025761_9,GUT_GENOME025761_00468,25807,0.03624941755955312,0.02656315054172494,0.027932328577139686,0.0025508102329315865,0.053100104596326365,0.04570429271274731,0.9999999999983833,0.009686267017828178,-0.10994625647490733,-0.017771964135607627,-0.3367997556175053,0.1255222546968574,0.9391677883966268,False
GUT_GENOME025761_9,GUT_GENOME025761_00469,26493,0.0371358998090881,0.026717848425547086,0.02879637062892544,0.0024711031570136635,0.054835750067931864,0.04620134901453419,0.999999999999062,0.010418051383541016,-0.08413553429869312,-0.017404978385608748,-0.3319377561324136,0.11726146207794826,0.9430549457877534,False
GUT_GENOME025761_9,GUT_GENOME025761_00471,27778,0.03903718056526047,0.026654997856575754,0.028944761633322498,0.002495123175599952,0.03406704969044595,0.04677324264620856,0.9999999999995511,0.012382182708684714,-0.014858776928370884,-0.01782848101288606,-0.33754851773763556,0.11415978507868196,0.9445186063621809,False
GUT_GENOME025761_9,GUT_GENOME025761_00472,29154,0.04042035652672297,0.02773965605835955,0.03017663535580714,0.0026054592050720033,0.03124832749017533,0.048141802069085984,0.9999999999973106,0.012680700468363417,-0.00432977505194049,-0.017965166713278843,-0.33935939405893994,0.11518354528805129,0.9440352497999376,False
GUT_GENOME025761_9,GUT_GENOME025761_00472,29156,0.04237096658859703,0.027100182931975525,0.03002116830197653,0.0026348843327141333,0.019388905538542507,0.04908618834357602,0.9999999999997683,0.015270783656621503,0.0870248926858589,-0.019065020041599486,-0.3539307672416526,0.13284031994725015,0.9357376221904489,False
GUT_GENOME025761_9,GUT_GENOME025761_00472,29163,0.04429169148078703,0.029141744396999306,0.03276154238750221,0.003203428583139374,0.02788931963230894,0.049537600898709455,0.9999999183551702,0.015149947083787724,0.08276287322183218,-0.016776058511207247,-0.3236055304110787,0.11157023249656865,0.9457423387190216,False
GUT_GENOME025761_9,GUT_GENOME025761_00472,29165,0.04745385480077683,0.028913401234297847,0.033778492737403173,0.003413811026985326,0.013648935118891783,0.04956962058383916,0.9999981329595689,0.018540453566478984,0.20234922264616248,-0.015791127846435986,-0.310556706621644,0.1373906759331881,0.9336110726019892,False
GUT_GENOME025761_9,GUT_GENOME025761_00472,29400,0.050595227923303274,0.02980346754083223,0.036056545969924955,0.0037922471255438473,0.007967993874157506,0.049558793106167044,0.9998149162823383,0.020791760382471044,0.28175492941387276,-0.013502247136242089,-0.280232540534996,0.1579161170237146,0.9240786808673667,False
GUT_GENOME025761_9,GUT_GENOME025761_00472,29471,0.051719215485294276,0.0313766229739665,0.037683154335475845,0.004007076500318393,0.007955321096652848,0.049576734482303056,0.9985019804176417,0.02034259251132778,0.26591235655258016,-0.011893580146827211,-0.2589201651246618,0.13774903327552868,0.9334438043965054,False
GUT_GENOME025761_9,GUT_GENOME025761_00472,29474,0.0499835819089289,0.033461024653160046,0.038568548128815695,0.004202656728541097,0.02793490733567849,0.04969037209477154,0.9959320738688695,0.01652255725576885,0.13117612371638146,-0.011121823965955846,-0.24869557696551833,0.07905666543546747,0.9612427189861485,False
GUT_GENOME025761_9,GUT_GENOME025761_00472,29948,0.050485182844740545,0.03583332543159548,0.03985930025071783,0.004345197928613296,0.03959336030844781,0.04972879512473007,0.9884373064100127,0.014651857413145064,0.0651947825244086,-0.009869494874012244,-0.2321041332917142,0.05812268835950277,0.9713568755481304,False
GUT_GENOME025761_9,GUT_GENOME025761_00472,30076,0.05095190101190944,0.03462593229954425,0.03936190263440675,0.004099759309588498,0.02596588675142512,0.049722919862476976,0.9942516209201593,0.01632596871236519,0.12424226107246479,-0.01036101722807023,-0.2386160521668975,0.07237375978811404,0.9644600384508191,False
GUT_GENOME025761_9,GUT_GENOME025761_00472,30077,0.052506937667163404,0.0351850192765853,0.03992668252571794,0.0041391123729616315,0.0260364983083591,0.04977071657607884,0.9913035690832194,0.017321918390578103,0.15937034203495268,-0.009844034050360898,-0.23176681634825458,0.07911476308054337,0.9612147964225496,False
GUT_GENOME025761_9,GUT_GENOME025761_00472,30103,0.05379485093417219,0.038981658668911186,0.04298382713624983,0.0041885021260769295,0.048608389015301394,0.04976686931234641,0.9473240537048664,0.014813192265261003,0.070885214351616,-0.006783042176096578,-0.19121335911840712,0.04158726231901948,0.9794210657047351,False
GUT_GENOME025761_9,GUT_GENOME025761_00472,30109,0.055538159213516486,0.03961384123618983,0.04384094110215527,0.004298588121997747,0.04238296482514929,0.05002833092654872,0.9249814563757657,0.015924317977326657,0.11007566224952695,-0.006187389824393451,-0.18332187715409892,0.04572356206297447,0.9773975693212279,False
GUT_GENOME025761_9,GUT_GENOME025761_00472,30134,0.05646687842677321,0.0379496550961229,0.04352335415778418,0.0042950035211394896,0.023546628360079036,0.05010574784780467,0.9373090851550214,0.018517223330650312,0.2015298704009451,-0.006582393690020491,-0.18855507378719372,0.07616730451471579,0.9626324111488007,False
GUT_GENOME025761_9,GUT_GENOME025761_00472,30178,0.054992738792227346,0.03820741796924375,0.04299284425144232,0.004085908869162452,0.03763822684263176,0.05040761685043215,0.9652163755733382,0.016785320822983597,0.140444041629337,-0.00741477259898983,-0.1995828203054781,0.05955783099027171,0.9706601077374305,False
GUT_GENOME025761_9,GUT_GENOME025761_00472,30203,0.053719397677675425,0.037286253452019705,0.042216444975801806,0.003990158914693373,0.03582558690512506,0.05063595247608095,0.9825737597119482,0.01643314422565572,0.1280224421302281,-0.008419507500279144,-0.21289401991673615,0.06171360940529525,0.9696144073589594,False
GUT_GENOME025761_9,GUT_GENOME025761_00472,30413,0.05495960988497778,0.041332472637999516,0.04521642073921585,0.00399539609736576,0.07447157932306551,0.05114086112611627,0.93093845207472,0.013627137246978262,0.029051939418528083,-0.0059244403869004245,-0.1798381995734295,0.03318579320979048,0.9835440072476188,False
GUT_GENOME025761_9,GUT_GENOME025761_00473,30922,0.060291674396442035,0.04153153747555978,0.046712100586529144,0.004209125373768858,0.035243676968192306,0.05149051789278944,0.8718650917721994,0.018760136920882256,0.21009766097432803,-0.004778417306260295,-0.16465514783915222,0.07125234485681675,0.9650009700327143,False
GUT_GENOME025761_9,GUT_GENOME025761_00473,30936,0.05985855717223726,0.04268713287255086,0.04834163695178267,0.0043681249830463485,0.040861833540741715,0.05211581245471125,0.8062133184346518,0.0171714242996864,0.15406227404229486,-0.0037741755029285853,-0.15135048102110477,0.046642152388402955,0.9769487584218174,False
GUT_GENOME025761_9,GUT_GENOME025761_00474,31467,0.07042599143416216,0.04445484394765347,0.05204923663652645,0.004751202812614785,0.011353098792042425,0.054138518629446505,0.6699363763358022,0.025971147486508687,0.4644367792169356,-0.002089281992920057,-0.12902822088397176,0.23234980367388358,0.8903194911644817,False
GUT_GENOME025761_9,GUT_GENOME025761_00474,31494,0.07952181272589401,0.051594320210934415,0.059900380665210744,0.005349280889379681,0.012225070238563954,0.056732925759703214,0.2768826951308157,0.027927492514959594,0.5334389065867612,0.00316745490550753,-0.0593845028554227,0.2880835862398651,0.8658515606648997,False
GUT_GENOME025761_9,GUT_GENOME025761_00474,31630,0.08829937525598157,0.062449036906311,0.06872278442899274,0.005720790836244753,0.021270834940256774,0.060430374856700324,0.07359599398742414,0.02585033834967057,0.4601757274462553,0.008292409572292415,0.008513302307591376,0.21183417644687066,0.8994992240629531,False
GUT_GENOME025761_9,GUT_GENOME025761_00474,31656,0.09565913462655176,0.07019872646252692,0.07844841875478854,0.006956964021289229,0.03614861724880133,0.0665088780551605,0.04306273415122198,0.02546040816402484,0.4464225234132369,0.011939540699628048,0.056832207505468864,0.20252296922058674,0.9036966992091849,False
GUT_GENOME025761_9,GUT_GENOME025761_00474,31696,0.10557236836976021,0.07572144709366287,0.08529459273948291,0.0075798675614846605,0.02281656504784813,0.06803628399905956,0.011397248341196282,0.029850921276097342,0.6012800462797452,0.017258308740423348,0.12729774322653703,0.37774240948474186,0.8278931285371717,False
GUT_GENOME025761_9,GUT_GENOME025761_00474,31795,0.10978368087436616,0.0842798005600367,0.09609714712543771,0.009077988029788705,0.05059499504913616,0.07002368535229271,0.0020383628472027283,0.025503880314329458,0.44795582700168146,0.026073461773145,0.2440850285808818,0.26024192412209024,0.8779892211112511,False
GUT_GENOME025761_9,GUT_GENOME025761_00474,31843,0.11397697673533054,0.08395233928656867,0.09788459596759679,0.00923248923908813,0.028952166241287183,0.07009130662920515,0.0013046105404482449,0.030024637448761868,0.6074071789164088,0.027793289338391633,0.2668701114804255,0.440163137400765,0.8024533402167842,False
GUT_GENOME025761_9,GUT_GENOME025761_00474,31917,0.12033092185622311,0.09216111458338826,0.10413999287114374,0.00928898319687006,0.04454866554440821,0.07045752551959925,0.00014388584404597087,0.028169807272834857,0.5419855757802504,0.033682467351544496,0.3448927062750466,0.4126993431955751,0.813548551718783,False
GUT_GENOME025761_9,GUT_GENOME025761_00474,31930,0.12815840968046024,0.09568518293996135,0.10896717288617334,0.009380381172239174,0.02957934552953339,0.07123839394682933,2.8841459969239638e-05,0.03247322674049889,0.6937712239737447,0.03772877893934401,0.3985001415949792,0.6401208740652463,0.7261051521068,False
GUT_GENOME025761_9,GUT_GENOME025761_00474,31938,0.13279390950472214,0.12131982009058043,0.12538438386820813,0.008982483043049215,0.25622686200330735,0.07197449570352867,1.3738296467693426e-09,0.011474089414141714,-0.04688808068741023,0.05340988816467947,0.6062508375810788,0.36973857017830863,0.8312129286750873,False
GUT_GENOME025761_9,GUT_GENOME025761_00474,31984,0.12823478011324302,0.1189652266835879,0.12276247454105134,0.00899991650969461,0.2983670771028352,0.07199411054641276,8.454168555034586e-09,0.009269553429655117,-0.12464413628122299,0.05076836399463858,0.5712546854017766,0.3418680763027748,0.8428771693742407,False
GUT_GENOME025761_9,GUT_GENOME025761_00474,32031,0.12065705974718585,0.11827549945300012,0.11961385164973803,0.008663633812668218,0.4444234521530803,0.07223015356142008,2.2595446128677495e-08,0.002381560294185736,-0.36759012624930554,0.04738369808831795,0.5264130426573687,0.412233192395769,0.8137381919721959,False
GUT_GENOME025761_9,GUT_GENOME025761_00474,32121,0.11344539825476276,0.12076599614686642,0.11787943338837606,0.008535782093298973,0.680466077347781,0.07241618624594012,5.014549685628083e-08,-0.007320597892103667,-0.709794361799025,0.045463247142435936,0.500970007035275,0.7547789839906087,0.6856489670971437,False
GUT_GENOME025761_9,GUT_GENOME025761_00474,32293,0.11225689823026207,0.12466044568907204,0.11877780398729518,0.008679040882912381,0.7911533311346874,0.0725364719270886,4.966888826699816e-08,-0.012403547458809977,-0.8890747690459975,0.04624133206020657,0.5112784412716724,1.0518595894633846,0.591005594931492,False
GUT_GENOME025761_9,GUT_GENOME025761_00474,32296,0.12374569561218708,0.12538630176511176,0.12414708408423117,0.009296034301422947,0.5371727745476409,0.0725712697463086,1.4435214899530683e-08,-0.0016406061529246757,-0.5094557161375648,0.05157581433792256,0.5819521665799855,0.5982134508923782,0.7414802703993124,False
GUT_GENOME025761_9,GUT_GENOME025761_00475,32466,0.1358054851268555,0.1259768635394147,0.12998053756952185,0.009817177759341322,0.3015773709626507,0.07274320366101694,2.7659814278589124e-09,0.0098286215874408,-0.1049252770458008,0.05723733390850491,0.6569586354608401,0.44260396246970707,0.8014746134487399,False
GUT_GENOME025761_9,GUT_GENOME025761_00475,32499,0.14368942970224435,0.12562997634508946,0.1330092266913407,0.010418165205709555,0.18887962196875457,0.0730355005269893,4.2899883358122315e-09,0.018059453357154892,0.18538389330700464,0.059973726164351385,0.693211644573524,0.5149095720699927,0.7730165766678,False
GUT_GENOME025761_9,GUT_GENOME025761_00475,32626,0.14595383234158488,0.13095943303474997,0.13669712477688886,0.010482740915971603,0.2295278747663243,0.07356744321916521,8.600471595196443e-10,0.01499439930683491,0.07727655697326632,0.06312968155772365,0.7350232230819409,0.5462308047274071,0.7610049607900541,False
GUT_GENOME025761_9,GUT_GENOME025761_00475,32666,0.16030454918436995,0.1482232480342269,0.15236435265728246,0.011556298615473396,0.2897015186468757,0.0750332335602052,1.1030709477289972e-11,0.012081301150143053,-0.025471152211764946,0.07733111909707725,0.9231705339900899,0.8528926144225425,0.6528249166248756,False
GUT_GENOME025761_9,GUT_GENOME025761_00475,32668,0.16440982980774327,0.14458251736464747,0.15003249458368006,0.010358591509767569,0.1873520603333192,0.07578395135447182,3.810005950834834e-13,0.019827312443095796,0.2477379443797798,0.07424854322920825,0.8823311218810883,0.8398822977254587,0.6570854889054918,False
GUT_GENOME025761_9,GUT_GENOME025761_00475,33001,0.1677197067816946,0.1274919489147833,0.13517141308155628,0.00847057573517828,0.03731181629707954,0.07623471066784568,1.7279479763583598e-12,0.040227757866911296,0.9672808230967977,0.0589367024137106,0.6794726671291443,1.3973152961064115,0.49725234364166204,False
GUT_GENOME025761_9,GUT_GENOME025761_00476,33044,0.16669913759351027,0.12218324381939825,0.12943148331339693,0.007711935506863663,0.021827259366411954,0.07548599318660101,1.3256799109078458e-12,0.04451589377411201,1.1185274057520471,0.05394549012679592,0.6133467437955088,1.6272977855429582,0.44323778475519215,False
GUT_GENOME025761_9,GUT_GENOME025761_00476,33047,0.1600514942378451,0.11514889538934299,0.1221391216557801,0.007270968271543905,0.016148721028241515,0.07364088126498693,1.2779603591163555e-11,0.044902598848502104,1.1321668570807075,0.048498240390793174,0.5411790222649256,1.5746765264116283,0.45505441980969785,False
GUT_GENOME025761_9,GUT_GENOME025761_00476,33056,0.15033787254229,0.10546419243531073,0.1123772015393267,0.00669215858822114,0.01265937418292009,0.07158674231533059,5.462921420663058e-10,0.04487368010697927,1.1311468658946366,0.040790459223996114,0.4390627192087951,1.4722693036222803,0.4789616957866982,False
GUT_GENOME025761_9,GUT_GENOME025761_00476,33098,0.1347534866801391,0.09612474575918359,0.10235416398067097,0.0060228857268009115,0.01737433170526805,0.06965387024251384,2.8281435299359443e-08,0.0386287409209555,0.9108819929483559,0.03270029373815714,0.33188040919655076,0.9398506110860387,0.625048954231311,False
GUT_GENOME025761_9,GUT_GENOME025761_00476,33236,0.1356515153914704,0.0902790513218326,0.09610478927258014,0.005577411574298298,0.009370460160135027,0.06784516473775162,2.0228031727012656e-07,0.04537246406963781,1.1487394449238293,0.028259624534828512,0.27304833906818105,1.3941577077917997,0.4980380227861334,False
GUT_GENOME025761_9,GUT_GENOME025761_00476,33258,0.11922594579277475,0.08406892318404503,0.0886983500576696,0.005095101505862481,0.019118844407821755,0.06467467462076566,1.2082371095314805e-06,0.035157022608729716,0.7884312259882726,0.024023675436903938,0.21692849699516628,0.6686817709219525,0.7158097315026054,False
GUT_GENOME025761_9,GUT_GENOME025761_00476,33356,0.10605265144354444,0.0758298248018476,0.08107896012449646,0.0048569890102384316,0.027134560828716958,0.06080240014442041,1.491776276429312e-05,0.03022282664169683,0.614397497973293,0.020276559980076048,0.16728495246589764,0.4054685408373603,0.8164951795231028,False
GUT_GENOME025761_9,GUT_GENOME025761_00476,33360,0.09635183278091779,0.07149990998557616,0.07506980406593407,0.004512375420915652,0.0473055713391261,0.059098110201003744,0.00020041914641809504,0.024851922795341624,0.4249606727161741,0.015971693864930324,0.11025206539796324,0.1927470912799,0.9081247266704352,False
GUT_GENOME025761_9,GUT_GENOME025761_00476,33396,0.08889009734815538,0.06672476973966832,0.0708092159136751,0.004416229893971827,0.04767256807604621,0.05774683285544608,0.0015491491072607763,0.022165327608487065,0.33020193610349763,0.013062383058229023,0.07170815015276179,0.11417537740482936,0.9445112427698035,False
GUT_GENOME025761_9,GUT_GENOME025761_00476,33454,0.08183983067429798,0.0619662898472725,0.06621867416340889,0.004253192654229117,0.05728038740393168,0.057231776153131755,0.017301370722317803,0.019873540827025478,0.2493684629179862,0.008986898010277133,0.017714211138231697,0.06249842357432891,0.9692339984387213,False
GUT_GENOME025761_9,GUT_GENOME025761_00476,33467,0.08337491303060329,0.06271334227140311,0.06733902945368019,0.004312683364821377,0.05345038620329835,0.05707479639947624,0.008656064950584406,0.02066157075920018,0.2771630190726386,0.010264233054203944,0.03463694540211176,0.07801905712824869,0.9617415450867233,False
GUT_GENOME025761_9,GUT_GENOME025761_00476,33704,0.08160381064992349,0.06389459282046527,0.067199546672093,0.004065776699990966,0.07823357243841825,0.05680508172846756,0.005285407020449344,0.017709217829458224,0.17303075715765182,0.010394464943625448,0.036362318606144355,0.031261861136965025,0.9844905983991811,False
GUT_GENOME025761_9,GUT_GENOME025761_00476,33705,0.07890131007908364,0.06090187542364781,0.06378929135777826,0.003953780572217238,0.06832568493011444,0.0557791943371361,0.021385793288522754,0.017999434655435832,0.1832669773027406,0.008010097020642162,0.004773093101204887,0.03360956738743601,0.9833356290482986,False
GUT_GENOME025761_9,GUT_GENOME025761_00476,33707,0.06900095819446547,0.05740832220552171,0.05879213341190954,0.003604112427133071,0.1400152210161551,0.05256434639376518,0.04199707842679481,0.011592635988943764,-0.04270683160568523,0.0062277870181443595,-0.018839786457319103,0.0021788110195537394,0.998911187676979,False
