contig,gene_id,site_pos,r2N,r2S,r2L,rL_std,rNrS_pval,r2G,r2G_pval,rNrS,rNrS_trans,r_rg,r_rg_transform,iLDS,iLDS_pval,significance
GUT_GENOME009343_1,GUT_GENOME009343_00064,77875,0.034572003788860696,0.03388430028561244,0.033891112321069165,0.001718543804537973,0.4534468729493442,0.031916225591549115,0.12524441418952958,0.0006877035032482534,-0.2614403128223842,0.0019748867295200506,0.4217498348194015,0.24622396033885857,0.8841646481099982,False
GUT_GENOME009343_1,GUT_GENOME009343_00064,77880,0.03550094212696852,0.03431673747156171,0.03436167571523825,0.0017191045081314327,0.4224632775697418,0.03200709588151384,0.0853973338754982,0.0011842046554068064,-0.011373710643396593,0.0023545798337244114,0.4802020623846289,0.23072338201225076,0.8910438030868174,False
GUT_GENOME009343_1,GUT_GENOME009343_00064,77987,0.036086109555135366,0.03436110621000651,0.034446935886554876,0.0017363135766041112,0.39074511519249466,0.03197144793096512,0.07697534201024026,0.0017250033451288588,0.26100368508610206,0.0024754879555897585,0.49881538186686447,0.316939708815511,0.8534486911193934,False
GUT_GENOME009343_1,GUT_GENOME009343_00065,78402,0.036796019847902546,0.03586341050264676,0.035890422408146015,0.0017979834047586267,0.4414108397847932,0.03195928920032066,0.014392723680181942,0.0009326093452557832,-0.13809161262631772,0.0039311332078253575,0.7229061188219471,0.5416625501079481,0.7627451796879946,False
GUT_GENOME009343_1,GUT_GENOME009343_00065,79602,0.03817752535483104,0.03674311159250682,0.03681663699142378,0.0018752670688172595,0.413868278703451,0.03195174250184645,0.004740002146089068,0.00143441376232422,0.1146460194802021,0.004864894489577332,0.8666549157534507,0.7642344527822755,0.682415051462583,False
GUT_GENOME009343_1,GUT_GENOME009343_00066,79905,0.040025639437909724,0.03717025130514969,0.03737084921555832,0.0019190060231478565,0.33982666322453536,0.031866033490346946,0.0020616168805302564,0.0028553881327600325,0.8303306277705687,0.005504815725211373,0.9651682184047684,1.6209986412325015,0.4446359948661879,False
GUT_GENOME009343_1,GUT_GENOME009343_00066,80119,0.042334500546347506,0.03779757773372825,0.03827701974874812,0.00201355276164816,0.2597473358374661,0.03181907534224237,0.0006700786546195204,0.004536922812619255,1.6772484284854523,0.006457944406505753,1.111898548666385,4.049480673383333,0.13202812159606186,False
GUT_GENOME009343_1,GUT_GENOME009343_00066,80238,0.04254973820361117,0.038341082040277794,0.0389143030370449,0.0020736019264305378,0.27658964244123496,0.03176504566117989,0.0002826403482868218,0.00420865616333338,1.5119144202183654,0.007149257375865012,1.2183234022029175,3.7701971264195278,0.15181409540746094,False
GUT_GENOME009343_1,GUT_GENOME009343_00066,80326,0.04227464876896796,0.0393839916847229,0.039893455211602126,0.002175740579971463,0.341459917784213,0.03177421147772133,9.50903018268621e-05,0.00289065708424506,0.8480941048983316,0.008119243733880795,1.3676489040518751,2.5897271355175975,0.27393523538018655,False
GUT_GENOME009343_1,GUT_GENOME009343_00066,80529,0.042506578901937216,0.03898078668829195,0.03952423244630504,0.0021265386847701207,0.3108763946338554,0.03173805279577639,0.0001254040586907551,0.003525792213645268,1.167984769890992,0.007786179650528649,1.3163750268644054,3.0970316340495776,0.21256322254153842,False
GUT_GENOME009343_1,GUT_GENOME009343_00066,80553,0.04380988919196702,0.03917906000018368,0.039927973269042266,0.002160327649372954,0.2633872665508179,0.03172636738834191,7.338736957305709e-05,0.004630829191783342,1.7245450944819007,0.008201605880700354,1.3803282255758877,4.879361793223067,0.08718866922315932,False
GUT_GENOME009343_1,GUT_GENOME009343_00066,80616,0.044069068620048175,0.039255464648793585,0.04015467306538976,0.0022166685611245233,0.25471399250264054,0.03173192094669015,7.242558019047147e-05,0.00481360397125459,1.8166010098965604,0.008422752118699611,1.4143728002220715,5.300489647165227,0.07063391809452628,False
GUT_GENOME009343_1,GUT_GENOME009343_00066,80919,0.04348367620406883,0.03918517230185184,0.04000397737827325,0.0021832565756767664,0.277669512409112,0.03176303450427403,8.012897771182456e-05,0.004298503902216991,1.5571669209999037,0.008240942873999221,1.3863839976154024,4.346829408700385,0.11378839901589262,False
GUT_GENOME009343_1,GUT_GENOME009343_00066,81033,0.04367658452001022,0.039203905593256004,0.039885551406485066,0.0021195111105775885,0.26971009252071226,0.03176518139343693,6.374778614290945e-05,0.004472678926754216,1.6448915040771181,0.008120370013048134,1.3678222902036443,4.5766058777630265,0.10143846313596588,False
GUT_GENOME009343_1,GUT_GENOME009343_00067,81874,0.044441628255702435,0.03952402128290937,0.040210017862809345,0.002112234032938213,0.25112667385502485,0.03175308013761182,3.11680873161168e-05,0.004917606972793066,1.868982916963792,0.008456937725197525,1.419635536964838,5.508462201715927,0.0636579473972546,False
GUT_GENOME009343_1,GUT_GENOME009343_00067,82336,0.04424928810488645,0.039401103589674205,0.040143034636010225,0.0021156016027103555,0.2534130128884504,0.031747182649810274,3.6156987909103085e-05,0.004848184515212246,1.8340177653087022,0.008395851986199951,1.4102316329240776,5.352374421967636,0.06882506999297161,False
GUT_GENOME009343_1,GUT_GENOME009343_00067,82413,0.04457291103810955,0.04008717023607719,0.04085707098308134,0.0021662047233611268,0.27186350256866854,0.031770851635072914,1.3671657283138365e-05,0.004485740802032359,1.651470217449062,0.009086219348008427,1.5165109139781665,5.027159231336146,0.08097785022899519,False
GUT_GENOME009343_1,GUT_GENOME009343_00067,82494,0.046020645393190986,0.038865893694578116,0.04003175221514906,0.002181844958860557,0.17260798974649683,0.03178452861133745,7.843588302548545e-05,0.00715475169861287,2.9957379662446257,0.00824722360381161,1.3873508907304057,10.899188456409936,0.004298048363761451,False
GUT_GENOME009343_1,GUT_GENOME009343_00067,82812,0.045710251252676005,0.04045955929870969,0.041202883817881376,0.00210468002453178,0.24367182291574602,0.031761205747293166,3.627961969984779e-06,0.0052506919539663174,2.0367437149331953,0.00944167807058821,1.5712323558800865,6.61709607648436,0.03656923235177891,False
GUT_GENOME009343_1,GUT_GENOME009343_00068,82966,0.04462573431695234,0.04121190043074536,0.0418176443713903,0.002095741363106836,0.3223036405399713,0.03176337455015667,8.033854929595325e-07,0.003413833886206981,1.1115961020975396,0.010054269821233634,1.6655383941431225,4.009664036563295,0.1346829180633895,False
GUT_GENOME009343_1,GUT_GENOME009343_00068,83178,0.0438704451209076,0.041178660167952026,0.04148912879781308,0.002024833822017875,0.35376159181372263,0.03175334669914369,7.615217289647118e-07,0.0026917849529555712,0.7479306351391017,0.00973578209866939,1.6165084891226815,3.172499930385275,0.20469177554895143,False
GUT_GENOME009343_1,GUT_GENOME009343_00068,83492,0.0452592226761109,0.041195498686969395,0.041569359882431454,0.002010501395649361,0.2874159586911112,0.03170552843236094,4.6439571046030275e-07,0.004063723989141503,1.4389182223464985,0.009863831450070512,1.636221172194349,4.747705374937857,0.09312126714182246,False
GUT_GENOME009343_1,GUT_GENOME009343_00070,85659,0.046175170371625635,0.04148768278930326,0.04189546241175828,0.0020156941837436,0.25992595656911427,0.03174688989220737,2.3920159707408134e-07,0.004687487582322375,1.7530815261607169,0.01014857251955091,1.68005591558615,5.895882716862005,0.05244756562692335,False
GUT_GENOME009343_1,GUT_GENOME009343_00072,87851,0.04778899377601517,0.04151411454579395,0.042024183906007075,0.0020173671378162987,0.19844985325729103,0.031805175326151555,2.0364615783866223e-07,0.006274879230221221,2.552583468888545,0.01021900857985552,1.6908992640171163,9.374822686696703,0.009210498139697024,False
GUT_GENOME009343_1,GUT_GENOME009343_00072,87861,0.045972934533424464,0.04288570573608601,0.04317913947028763,0.002102015676405412,0.33596281054624044,0.03212102795605024,7.174701736608492e-08,0.0030872287973384566,0.9470989514411065,0.011058111514237384,1.820075788763113,4.209672300662511,0.12186564027811457,False
GUT_GENOME009343_1,GUT_GENOME009343_00072,88017,0.045907097017157845,0.04377456160935552,0.043976219661908886,0.002125999394533586,0.3846457977883149,0.0322097379143497,1.560008943555965e-08,0.0021325354078023245,0.4662603249724155,0.011766481747559183,1.9291265395407025,3.9389278962036682,0.13953163236769597,False
GUT_GENOME009343_1,GUT_GENOME009343_00072,88019,0.04537912942801269,0.04506141664561658,0.04504130645710526,0.002204938175651322,0.48246519381084996,0.03223227829719658,3.137742142854667e-09,0.00031771278239611095,-0.4477889688104038,0.012809028159908677,2.089622370165967,4.567036610486318,0.10192497197405972,False
GUT_GENOME009343_1,GUT_GENOME009343_00072,88036,0.04534115514649702,0.04653089134427603,0.046224224093345465,0.0023384362200476036,0.5652257378927439,0.032295330518878236,1.2884915284731676e-09,-0.0011897361977790122,-1.207027175593444,0.013928893574467228,2.262021150468737,6.573654287788995,0.03737223821575202,False
GUT_GENOME009343_1,GUT_GENOME009343_00077,91360,0.04544379924836425,0.04629924960118926,0.046032626429592424,0.002327123576626013,0.5471117625834614,0.032298986378092094,1.8004929417655011e-09,-0.000855450352825006,-1.0386615533974952,0.01373364005150033,2.2319626552498435,6.060475116936029,0.04830416170030849,False
GUT_GENOME009343_1,GUT_GENOME009343_00081,96024,0.04519548636018081,0.04635601238522969,0.04599280437372101,0.0023224499711475455,0.5643693345750577,0.032293999670451594,1.8349015283977389e-09,-0.0011605260250488816,-1.1923152487188968,0.013698804703269417,2.226599893378321,6.379362737519955,0.041184991673586045,False
GUT_GENOME009343_1,GUT_GENOME009343_00086,100986,0.04543105504622944,0.046114226033651715,0.045893510448542105,0.0023643505541606105,0.5379850623101559,0.03230839471535767,4.574022970438794e-09,-0.0006831709874222727,-0.9518917335400456,0.013585115733184432,2.2090979333019347,5.786211551300752,0.0554038731260329,False
GUT_GENOME009343_1,GUT_GENOME009343_00087,102446,0.04462027672615908,0.04399326872517363,0.04393932060043343,0.0022398463050501646,0.4645731640194931,0.032346826231323456,1.1360457023944713e-07,0.0006270080009854462,-0.2920100666938925,0.011592494369109974,1.9023418818106088,3.7041745143413,0.1569093141856272,False
GUT_GENOME009343_1,GUT_GENOME009343_00087,102493,0.044203679104387814,0.04288119063256711,0.042927111081196,0.0022098380140691044,0.4252181415789217,0.032309557816761834,7.750157267323294e-07,0.0013224884718207042,0.0582739909915907,0.010617553264434164,1.752253616624385,3.073788594999325,0.215047940315313,False
GUT_GENOME009343_1,GUT_GENOME009343_00088,103281,0.043917132547728104,0.042992790706306086,0.042986848586852595,0.0022052443726033677,0.4471984615466568,0.03227707288550029,5.97385147773344e-07,0.0009243418414220175,-0.1422556041562937,0.010709775701352307,1.766450890184712,3.1405854043482337,0.20798429599105064,False
GUT_GENOME009343_1,GUT_GENOME009343_00088,103591,0.04294837786604744,0.04144899510276646,0.04149552376041672,0.00209050037859519,0.4126502473357768,0.032269896976336795,5.094599416333121e-06,0.0014993827632809806,0.14736815364965575,0.009225626784079927,1.5379721285414691,2.387075640880486,0.3031468854602218,False
GUT_GENOME009343_1,GUT_GENOME009343_00088,104003,0.04250044364247019,0.0413006946186943,0.04129229238421495,0.00206894344875439,0.43012813588249815,0.03220266541406327,5.5804351903112456e-06,0.001199749023775884,-0.0035446706418288975,0.009089626970151685,1.5170355037133196,2.3014092842166844,0.3164137323681626,False
GUT_GENOME009343_1,GUT_GENOME009343_00088,104227,0.04202812935409768,0.04071727793968888,0.04072499579842019,0.002001250430563975,0.42313612550019664,0.03226640205069738,1.1859581890444084e-05,0.0013108514144088007,0.05241289803399126,0.008458593747722808,1.4198904749777466,2.0188360728128525,0.3644310034468265,False
GUT_GENOME009343_1,GUT_GENOME009343_00088,104688,0.04146357682963152,0.04024577666716604,0.04019733503385994,0.0019442423897760353,0.42788005311977656,0.03224714592684397,2.16531048179657e-05,0.0012178001624654766,0.005546923401696286,0.007950189107015976,1.3416236236055428,1.7999847157756914,0.4065727668034097,False
GUT_GENOME009343_1,GUT_GENOME009343_00088,104700,0.04048263554636031,0.039590210195951284,0.039562785237909265,0.0018854649295432097,0.44577711827569355,0.03222324357571601,4.956818783247155e-05,0.0008924253504090235,-0.15833058893003876,0.007339541662193257,1.247616903410564,1.5816165130666975,0.45347812046506275,False
GUT_GENOME009343_1,GUT_GENOME009343_00089,106114,0.041209437910128564,0.036451854464288766,0.03674537705801141,0.0017078821111330236,0.23519462411764847,0.032238812194705084,0.004161399716062951,0.004757583445839798,1.7883858438655154,0.004506564863306327,0.8114915097652227,3.856842396959612,0.14537753967451528,False
GUT_GENOME009343_1,GUT_GENOME009343_00090,106322,0.04105488837642699,0.0363341485642374,0.036615459063832796,0.0016920560345644296,0.2357896174177061,0.03221250340564111,0.004632289273023261,0.004720739812189588,1.7698292660231878,0.004402955658191689,0.7955412889996816,3.7651815733754503,0.15219528900604137,False
GUT_GENOME009343_1,GUT_GENOME009343_00091,107651,0.04097554303525604,0.034739980300864164,0.03516570743434942,0.0016450403407561104,0.16927382930846058,0.032199449217687734,0.03568215241793487,0.006235562734391874,2.532781415098971,0.002966258216661688,0.5743674913594368,6.744879711801279,0.03430583385966442,False
GUT_GENOME009343_1,GUT_GENOME009343_00093,110673,0.03919325945707023,0.034382907597349126,0.03467393808656145,0.0015980673794139095,0.2202283324324521,0.03219867846596043,0.06070189830741899,0.004810351859721104,1.8149630590528405,0.0024752596206010155,0.49878023061292986,3.542872624176732,0.1700885131082552,False
GUT_GENOME009343_1,GUT_GENOME009343_00093,110760,0.03804037474449199,0.03415470582420525,0.03437251876026405,0.0015736467477943492,0.2622048392342932,0.03209416633266883,0.07383412616356173,0.0038856689202867375,1.3492394252768833,0.0022783524275952205,0.4684671595369535,2.0399085062861158,0.3606114366355483,False
GUT_GENOME009343_1,GUT_GENOME009343_00093,110775,0.03675956553351944,0.03294232428050779,0.033147458251548384,0.0014850725391363383,0.2604050656130412,0.03195469485564244,0.21093869185252256,0.0038172412530116454,1.3147753073667356,0.0011927633959059464,0.30134509063452963,1.819442972510827,0.4026363481758909,False
GUT_GENOME009343_1,GUT_GENOME009343_00093,110777,0.03586926819599148,0.03265759595450011,0.032829627239850355,0.0014668731528463222,0.2923461411712832,0.031838262652349056,0.2495726250048152,0.0032116722414913743,1.0097758437453423,0.0009913645875012991,0.27034055341781477,1.0927312694338682,0.5790504717144824,False
GUT_GENOME009343_1,GUT_GENOME009343_00093,110973,0.0353434770333962,0.032606799590714934,0.03274394105756878,0.0014724044680680223,0.31886552640454674,0.03182476337315268,0.2662251975745567,0.0027366774426812665,0.7705410808958817,0.0009191776844161004,0.25922766977667805,0.6609325421260401,0.7185885982365021,False
GUT_GENOME009343_1,GUT_GENOME009343_00093,110974,0.0357120052022512,0.03205738833248026,0.0322330402516963,0.0014359145318963143,0.26628029489838123,0.03178472968911144,0.377439490871115,0.003654616869770942,1.2328682931097585,0.000448310562584861,0.186739568587857,1.5548358946317484,0.4595911691887271,False
GUT_GENOME009343_1,GUT_GENOME009343_00093,111160,0.03551909889269285,0.03190481045545397,0.032099629099376435,0.0014371161263408137,0.2692330098673784,0.031809507821221536,0.4200062822378835,0.0036142884372388773,1.212556569661275,0.00029012127815489924,0.16238696394612534,1.4966629606883586,0.47315536350914966,False
GUT_GENOME009343_1,GUT_GENOME009343_00094,111664,0.035106711368436544,0.032011422427971406,0.03219639307652493,0.00144228673328452,0.29818427441027473,0.0318101254718682,0.39442043953147043,0.003095288940465138,0.9511585041652095,0.0003862676046567301,0.1771883045393979,0.9360981953113453,0.6262227768324923,False
GUT_GENOME009343_1,GUT_GENOME009343_00094,111720,0.03514395931168208,0.03197645515712691,0.0321672664258457,0.0014373747079599363,0.2965463981274681,0.03185793486030145,0.41480338259676386,0.003167504154555169,0.987530248993216,0.00030933156554424635,0.16534431049164272,1.0025547336885599,0.6057563921749967,False
GUT_GENOME009343_1,GUT_GENOME009343_00094,111947,0.034815442778934884,0.03162673949896237,0.03182100040604664,0.001427990561039425,0.29474857841969293,0.031905481348801744,0.5235879501933594,0.0031887032799725115,0.9982073506257781,-8.448094275510104e-05,0.10471845740594395,1.0073838701648157,0.6042955164322512,False
GUT_GENOME009343_1,GUT_GENOME009343_00094,112057,0.034581132236123885,0.03188408383870586,0.03205544965186541,0.001444021079107811,0.3231975483945947,0.032106188580323596,0.5140148503997332,0.0026970483974180226,0.7505816091937656,-5.0738928458186894e-05,0.10991290491197725,0.575453598726092,0.7499664555667263,False
GUT_GENOME009343_1,GUT_GENOME009343_00094,112090,0.03471802796886832,0.0321742659390951,0.03232209858191054,0.0014426245429927202,0.3312077747677487,0.03217336456790175,0.45894196105733714,0.0025437620297732166,0.6733777579022889,0.00014873401400879172,0.14062096280683392,0.4732118600182346,0.7893022670770186,False
GUT_GENOME009343_1,GUT_GENOME009343_00094,112101,0.03492682733661045,0.03219604808689514,0.032363002042594735,0.0014491478061778825,0.32105655339531736,0.03220960342572513,0.45784895208776477,0.0027307792497153066,0.7675704109033122,0.00015339861686960304,0.14133905967217705,0.6091410654832948,0.737440012734329,False
GUT_GENOME009343_1,GUT_GENOME009343_00094,112183,0.03492896279451083,0.03224879910745722,0.03242861064077002,0.0014736392026526446,0.32430765173081544,0.032246294331162245,0.4507691144567823,0.0026801636870536147,0.7420774956962495,0.0001823163096077718,0.1457908222611626,0.5719339734744031,0.7512874179864528,False
GUT_GENOME009343_1,GUT_GENOME009343_00094,112228,0.03462720240458142,0.031787398750833834,0.032039288380676975,0.0015154073647261556,0.3122311745570534,0.03227512307178415,0.5618355401990238,0.0028398036537475857,0.8224813857367298,-0.0002358346911071757,0.08141815607425588,0.6831045460219433,0.7106663179806679,False
GUT_GENOME009343_1,GUT_GENOME009343_00094,112309,0.03372783380173094,0.03117006605845267,0.03147570748774991,0.0015477419682406765,0.3226312257370486,0.03227699592765318,0.6976712556756803,0.0025577677432782678,0.6804318426150311,-0.0008012884399032708,-0.0056311762318974725,0.46301920259024115,0.7933350784223399,False
GUT_GENOME009343_1,GUT_GENOME009343_00095,112573,0.03372461899180629,0.03100210875926589,0.03145722175146271,0.001583331366496841,0.3112848313871097,0.032287619929975704,0.7000216074462555,0.0027225102325403976,0.7634056571674964,-0.0008303981785129921,-0.010112503511056893,0.5828904601225982,0.747182935645895,False
GUT_GENOME009343_1,GUT_GENOME009343_00095,112721,0.03345971216165718,0.030816574316694312,0.031282966610156754,0.0015889081546762215,0.3159586023332354,0.032317236151094594,0.742454478732687,0.0026431378449628708,0.7234291471794442,-0.0010342695409378405,-0.04149768048302608,0.5250717884742492,0.7690987576599329,False
GUT_GENOME009343_1,GUT_GENOME009343_00095,113102,0.03344397001307771,0.030988337953289515,0.03126076733533311,0.001548028452802728,0.3296923508653895,0.03232384162060059,0.7538728852127016,0.0024556320597881945,0.6289904245628228,-0.0010630742852674804,-0.04593205511841081,0.39773870787912086,0.8196569712923277,False
GUT_GENOME009343_1,GUT_GENOME009343_00095,113104,0.032915444083384704,0.030666536176671415,0.030935590791219107,0.0015474034201599057,0.3410328818116898,0.0323325765537111,0.8166822514327361,0.002248907906713289,0.5248722239845849,-0.001396985762491993,-0.09733638518721147,0.2849652233918375,0.8672026333442437,False
GUT_GENOME009343_1,GUT_GENOME009343_00096,114249,0.03261204507729018,0.030604968933067796,0.03084520527141528,0.0015189866576222424,0.3551101061796976,0.032347026883812746,0.8385949486867567,0.002007076144222384,0.4030718074454813,-0.0015018216123974665,-0.1134754429889317,0.17534355811890145,0.9160614979519944,False
GUT_GENOME009343_1,GUT_GENOME009343_00096,114423,0.03272783954438167,0.03048249241482198,0.030775827736896504,0.0015523169652821834,0.33895604642806054,0.032325676827817534,0.840959755092012,0.0022453471295596945,0.5230788113408381,-0.00154984909092103,-0.12086908030537989,0.2882207774476125,0.8657921690912544,False
GUT_GENOME009343_1,GUT_GENOME009343_00098,115796,0.032772214256014294,0.030563324894560862,0.030847885655916316,0.0015329680345088986,0.34159557957872255,0.032384416414848925,0.8419064493985656,0.0022088893614534318,0.5047165776305502,-0.001536530758932609,-0.11881877661654218,0.268856725411747,0.8742155030665547,False
GUT_GENOME009343_1,GUT_GENOME009343_00098,115806,0.03282299620022364,0.03057230484998857,0.030828638943943745,0.0015255274409688095,0.33879546043107894,0.032366179455877345,0.8432426906031144,0.0022506913502350727,0.5257704689528626,-0.0015375405119336001,-0.11897422403327178,0.2905894520072322,0.8647673861129594,False
GUT_GENOME009343_1,GUT_GENOME009343_00098,115807,0.03288878087297034,0.030526908318502726,0.0308045191751765,0.0015267149909688122,0.3308088158335497,0.0323667392074443,0.8469065516540559,0.002361872554467615,0.5817677327008457,-0.0015622200322678026,-0.12277353701210067,0.35352703620234427,0.837977927704952,False
GUT_GENOME009343_1,GUT_GENOME009343_00098,115827,0.03315348744878327,0.03066161749055783,0.03096386933828669,0.0015397093917962946,0.32412582423322034,0.0323920582880671,0.8231847867987523,0.0024918699582254407,0.6472419192329009,-0.001428188949780411,-0.10213999047776566,0.429354679667087,0.806801720961531,False
GUT_GENOME009343_1,GUT_GENOME009343_00098,115828,0.03316253290318387,0.030793992957937003,0.031041252828588675,0.0015143322880975594,0.33185340038180444,0.03248660579177225,0.830071797625332,0.0023685399452468663,0.5851258150543674,-0.0014453529631835715,-0.10478232136622491,0.3533515543139326,0.8380514559052221,False
GUT_GENOME009343_1,GUT_GENOME009343_00098,115840,0.033196572097755325,0.030723035880034364,0.030978524720535108,0.0015107345192478566,0.3253575430540382,0.03249237493840763,0.8418432654475684,0.002473536217720961,0.6380079906241665,-0.0015138502178725192,-0.11532719846390524,0.42035455880581946,0.8104405588158162,False
GUT_GENOME009343_1,GUT_GENOME009343_00098,115848,0.03324247625795076,0.030747925173871867,0.03098908210732175,0.0015043307389435235,0.32339028159760685,0.03250875033411306,0.8437991959363089,0.002494551084078891,0.6485922887723705,-0.0015196682267913098,-0.11622285755681999,0.43417970967365493,0.8048576457033134,False
GUT_GENOME009343_1,GUT_GENOME009343_00098,115861,0.03325941585019921,0.03076784967024719,0.031015278288460315,0.0015046111851276178,0.32429480648603826,0.03249906949991512,0.8379733246977101,0.002491566179952019,0.6470889189824078,-0.0014837912114548067,-0.11069973522041401,0.4309785004476909,0.8061469361106502,False
GUT_GENOME009343_1,GUT_GENOME009343_00098,116186,0.03323920925311949,0.030828823555214067,0.031084922501148454,0.0014983527880499396,0.3299211900732788,0.03253754277744569,0.8338466594537082,0.002410385697905422,0.6062017483879636,-0.0014526202762972333,-0.10590109501579555,0.3786956016741685,0.8274986519157463,False
GUT_GENOME009343_1,GUT_GENOME009343_00098,116336,0.0333266446364259,0.030695588373205237,0.030992929297672552,0.0015156617758226674,0.3155365636804274,0.03256157518591729,0.8496556765857789,0.0026310562632206637,0.7173441661434755,-0.0015686458882447386,-0.12376277171693503,0.5298998763631364,0.7672443586622196,False
GUT_GENOME009343_1,GUT_GENOME009343_00098,116665,0.03345310440255971,0.031040116903688474,0.03132679927544954,0.0015588758944038083,0.33068284389148506,0.03253893073896189,0.7815880303396885,0.002412987498871238,0.6075121653411549,-0.0012121314635123517,-0.06887880871104513,0.3738153213269515,0.8295203302059628,False
GUT_GENOME009343_1,GUT_GENOME009343_00098,117009,0.033846035748770806,0.031021521915153342,0.03136335854549318,0.001579143652424499,0.3048945280576525,0.0325446238707506,0.7727825016722127,0.002824513833617464,0.8147805509023195,-0.001181265325257419,-0.06412709076473753,0.6679796298986361,0.7160610753084116,False
GUT_GENOME009343_1,GUT_GENOME009343_00099,117249,0.03361117593261549,0.030972963555219914,0.03129558637459591,0.0015732338727382116,0.3166180800528041,0.03251298802291353,0.7804817189876091,0.0026382123773955775,0.7209483977726382,-0.0012174016483176217,-0.0696901324831583,0.5246233068164543,0.7692712403409615,False
GUT_GENOME009343_1,GUT_GENOME009343_00099,118047,0.033527573374312135,0.0312544478039746,0.031513345967611926,0.0015127868946783153,0.3395223485587603,0.03251560145164119,0.7461818172735644,0.002273125570337535,0.5370696354687275,-0.0010022554840292616,-0.03656924507299236,0.2897811030277205,0.8651169736724269,False
GUT_GENOME009343_1,GUT_GENOME009343_00100,118916,0.03377902442189193,0.03132257116787464,0.03157028390208914,0.001513227231854829,0.3274890211496141,0.032508009841092006,0.7322677780949458,0.0024564532540172906,0.6294040253162275,-0.0009377259390028689,-0.026635180933304515,0.3968588599476202,0.8200176373647012,False
GUT_GENOME009343_1,GUT_GENOME009343_00100,119152,0.03372542822518468,0.031364877945301066,0.031586589977823945,0.0015106634388269299,0.33411333281371536,0.03251343318899421,0.7302383082755104,0.0023605502798836123,0.5811017589947793,-0.0009268432111702654,-0.02495982871658531,0.33830224735638786,0.8443812877374031,False
GUT_GENOME009343_1,GUT_GENOME009343_00101,120037,0.03342454160462606,0.031481343242585454,0.03166309652849387,0.0014831338421977289,0.360867641060567,0.03248418004645376,0.7100784461208154,0.001943198362040606,0.3708992739569273,-0.0008210835179598905,-0.008678548950613516,0.137641588633664,0.933493952511162,False
GUT_GENOME009343_1,GUT_GENOME009343_00101,120107,0.03329482987953032,0.03149302137721988,0.03166287733307078,0.0014810370317670854,0.3702585873593659,0.03248644702888201,0.7109206757754306,0.0018018085023104383,0.29968718985284887,-0.0008235696958112312,-0.009061286039923365,0.0898945186665948,0.956047903107272,False
GUT_GENOME009343_1,GUT_GENOME009343_00101,120161,0.033678378229479805,0.031402870541922166,0.03161943342264753,0.0014833225126699697,0.3387176905312827,0.03248437366592449,0.7200903858542922,0.002275507687557639,0.5382694070234031,-0.0008649402432769626,-0.015430115571426881,0.2899720430038736,0.8650343849077026,False
GUT_GENOME009343_1,GUT_GENOME009343_00101,120187,0.03336774371977086,0.03140886541070759,0.03158738116760173,0.0014709874519823524,0.3604366961931674,0.03248056380212529,0.7281406904326772,0.001958878309063272,0.37879659918418584,-0.000893182634523558,-0.01977791820953764,0.14387802960220789,0.9305876461534135,False
GUT_GENOME009343_1,GUT_GENOME009343_00101,120214,0.033143670120483755,0.031533443593919235,0.03166864708287478,0.0014635964975065086,0.3838066708019411,0.0324966010671501,0.7142005390724608,0.0016102265265645205,0.2031954626831608,-0.0008279539842753203,-0.009736229630356873,0.04138319022243884,0.9795210070586156,False
GUT_GENOME009343_1,GUT_GENOME009343_00101,120498,0.03301667166684253,0.03130335326332323,0.03144814347454305,0.0014310907326182299,0.3764676315592487,0.0325135505569633,0.771704534394728,0.0017133184035192997,0.25511847488616846,-0.0010654070824202486,-0.04629117986554798,0.06722830956158907,0.9669445235907533,False
GUT_GENOME009343_1,GUT_GENOME009343_00101,120508,0.03260025202249461,0.031021890502633143,0.031155785515462185,0.0014447475311273677,0.38475881718553995,0.0325481318671741,0.8324093128683238,0.0015783615198614633,0.1871464083758315,-0.0013923463517119122,-0.0966221665414604,0.0443596212351392,0.9780643528836285,False
GUT_GENOME009343_1,GUT_GENOME009343_00102,121904,0.03250165555245702,0.03085391736569705,0.030997765153178935,0.0014307292566406236,0.37959418121674565,0.032564506418937704,0.8632558785849683,0.0016477381867599714,0.22208849720359958,-0.0015667412657587691,-0.12346956273909745,0.06456803351313718,0.9682315490398848,False
GUT_GENOME009343_1,GUT_GENOME009343_00104,123099,0.03238758350343243,0.030344155493696554,0.03051614914945736,0.001406028381455032,0.35104911320059784,0.032570998893710804,0.9280549391409977,0.0020434280097358787,0.4213807025050525,-0.0020548497442534445,-0.1986119015004871,0.21700838386129073,0.8971751339131502,False
GUT_GENOME009343_1,GUT_GENOME009343_00106,125179,0.03258487449150762,0.030492556096922377,0.03067014462899661,0.001418634045868395,0.3483945047894894,0.032618803071127175,0.9152195385145627,0.002092318394585242,0.44600471871398,-0.0019486584421305637,-0.1822641772768899,0.232140439433558,0.890412696574824,False
GUT_GENOME009343_1,GUT_GENOME009343_00106,125472,0.03238421158639034,0.030600841227441118,0.030749815056371692,0.0014232352774261937,0.3697119208346298,0.03261543149492902,0.905042034409928,0.001783370358949224,0.2904006779469197,-0.0018656164385573298,-0.16948019453770757,0.11305609009256978,0.9450399804335023,False
GUT_GENOME009343_1,GUT_GENOME009343_00106,125653,0.03222689594848359,0.030631345430792746,0.030773070727307575,0.0014429057136778661,0.38281531763270565,0.032629304796469145,0.9008579395614178,0.0015955505176908427,0.19580377858205866,-0.0018562340691615706,-0.16803581647303045,0.06657515532476983,0.9672603571161238,False
GUT_GENOME009343_1,GUT_GENOME009343_00107,125778,0.03186412376786803,0.03067341048014072,0.030768244518531433,0.0014529906793848359,0.4110569190075101,0.03263216377838532,0.9002216743478149,0.0011907132877273068,-0.00809558820169861,-0.001863919259853887,-0.16921892069656058,0.028700581670040342,0.9857521838225006,False
GUT_GENOME009343_1,GUT_GENOME009343_00107,126056,0.03193011183664051,0.03038146487931162,0.030503135946189586,0.0014071982943238534,0.38536001537619585,0.03262079113700269,0.9338216775736223,0.0015486469573288905,0.17218044172006305,-0.0021176551908131044,-0.20828054760964868,0.07302689102349116,0.9641451303844986,False
GUT_GENOME009343_1,GUT_GENOME009343_00107,126751,0.03202556664320503,0.030364327199742167,0.030482773657570163,0.001399303267176656,0.37740616125646964,0.03256402188142512,0.9315382844894717,0.001661239443462862,0.2288885083902,-0.0020812482238549562,-0.2026758413507433,0.09346744594032233,0.9543414829758577,False
GUT_GENOME009343_1,GUT_GENOME009343_00108,127687,0.03187678052679956,0.030378471441041426,0.03048008022710903,0.0014109104667858795,0.38768595511857695,0.03249629661500734,0.9235004633516165,0.0014983090857581365,0.14682738775453888,-0.0020162163878983085,-0.19266445154083886,0.05867787268235396,0.9710872719151903,False
GUT_GENOME009343_1,GUT_GENOME009343_00108,127936,0.0318608617113377,0.030186632349824542,0.03031822817167506,0.0013972914594555556,0.37539889468434995,0.032463877042963524,0.9376789420511537,0.001674229361513159,0.2354309799540604,-0.002145648871288465,-0.2125900622239919,0.10062228087852994,0.9509335045984446,False
GUT_GENOME009343_1,GUT_GENOME009343_00109,128313,0.03218506881325697,0.02999712274487023,0.030184943818024296,0.0014177965793080074,0.3405150387387208,0.03242370279882371,0.9428366776797473,0.002187946068386744,0.4941683279178225,-0.002238758980799411,-0.22692398941279796,0.2956968332881162,0.862561855053479,False
GUT_GENOME009343_1,GUT_GENOME009343_00109,128725,0.03206827081580561,0.029867652215640708,0.030033618783460843,0.0013956264644614388,0.33864606007952613,0.032337390793416416,0.9506009108221669,0.0022006186001649053,0.5005509454585731,-0.0023037720099555736,-0.23693248399134437,0.3066882509697801,0.8578344683098178,False
GUT_GENOME009343_1,GUT_GENOME009343_00113,131423,0.03169194120737633,0.029859633803241064,0.030000456483907447,0.0014147013126169959,0.3634654407322171,0.032314550772479425,0.9490537894492631,0.0018323074041352687,0.3150481949912424,-0.002314094288571978,-0.2385215573034396,0.15614789846569793,0.9248960286628004,False
GUT_GENOME009343_1,GUT_GENOME009343_00114,132344,0.031851736954710955,0.02981562814704674,0.029959609449484288,0.0014232007190167198,0.34927245439046406,0.0322863137668485,0.9489586190407396,0.002036108807664215,0.4176943304095093,-0.00232670431736421,-0.24046282056159693,0.2322909217286871,0.8903457034220801,False
GUT_GENOME009343_1,GUT_GENOME009343_00114,132773,0.0318511166723069,0.029891428547985963,0.03000257847052516,0.00146266119605224,0.3543847676055051,0.032220047558022887,0.9352467817247336,0.00195968812432094,0.3792044688316122,-0.0022174690874977275,-0.2236464958941387,0.19381378430759214,0.9076405106522689,False
GUT_GENOME009343_1,GUT_GENOME009343_00116,137067,0.031821435003828745,0.029992663824594444,0.03008786564377255,0.0014164993947809515,0.3638601170808904,0.0321907367272239,0.9311691118495681,0.0018287711792343009,0.3132671482772897,-0.0021028710834513457,-0.20600459369242094,0.14057419881216485,0.9321261686171198,False
GUT_GENOME009343_1,GUT_GENOME009343_00116,137074,0.03180845483538316,0.030053795644907014,0.030120370340205038,0.001424462776550296,0.3688422731260548,0.03215129235115486,0.9230291537621158,0.001754659190476144,0.27594007838247236,-0.002030922010949822,-0.1949283231138998,0.1141399780097219,0.9445279604810853,False
GUT_GENOME009343_1,GUT_GENOME009343_00118,139919,0.032019763574808895,0.03007191452339846,0.030141184289404103,0.0014262307390819975,0.35566578980693475,0.03210378481220503,0.9156007990573967,0.001947849051410433,0.3732416292232675,-0.001962600522800926,-0.18441050456872857,0.17331654798053214,0.9169904015686022,False
GUT_GENOME009343_1,GUT_GENOME009343_00120,142682,0.03215277761746126,0.03032375841758436,0.030367074231976432,0.00147171140755601,0.3639832356840659,0.03208560668277759,0.8785381634260641,0.0018290191998769044,0.3133920657706257,-0.0017185324508011551,-0.1468372056913847,0.11977575186323422,0.941870133975275,False
GUT_GENOME009343_1,GUT_GENOME009343_00120,142689,0.03223080322796427,0.03040257996588952,0.030430878137488755,0.0014863581569943695,0.3646199728900187,0.03205510746734323,0.8627499020912788,0.0018282232620747477,0.3129911856097926,-0.0016242293298544784,-0.1323196191862595,0.1154719638910204,0.9438991209517461,False
GUT_GENOME009343_1,GUT_GENOME009343_00120,142769,0.03220041711061683,0.030356076978531293,0.030398376577373,0.0014729553051837498,0.36309078201998946,0.03205277687788144,0.8693203893805048,0.0018443401320855368,0.3211085704413014,-0.001654400300508438,-0.13696431887398375,0.12186993865547054,0.9408844241331831,False
GUT_GENOME009343_1,GUT_GENOME009343_00120,142814,0.03260807788467228,0.030316335535813806,0.030462237530604737,0.0014625494011547397,0.33375853200754085,0.03205883829862776,0.8625078249119635,0.0022917423488584727,0.5464461183389284,-0.0015966007680230238,-0.1280663131198872,0.31500434080380313,0.8542749594864709,False
GUT_GENOME009343_1,GUT_GENOME009343_00120,143753,0.032776674150853384,0.030309989154760214,0.030478755461258087,0.0014711470562744152,0.32491344001636036,0.03205727932480346,0.8583618605648478,0.00246668499609317,0.6345573204579674,-0.001578523863545376,-0.12528344631903626,0.41835893486837045,0.8112496296885148,False
GUT_GENOME009343_1,GUT_GENOME009343_00120,143764,0.03326989512510737,0.03054008190039832,0.030757668036264514,0.0014858868931006848,0.30849460285719343,0.03206299024009283,0.8101584088690434,0.002729813224709051,0.7670838650214264,-0.001305322203828313,-0.08322514868826197,0.5953440813503933,0.7425448243182939,False
GUT_GENOME009343_1,GUT_GENOME009343_00120,143772,0.033413334759595736,0.03057348272504084,0.03079923651548171,0.0014924084248024536,0.3025608148627119,0.03204990012254296,0.7989894175745627,0.0028398520345548975,0.822505753100315,-0.001250663607061251,-0.07481067736590495,0.6821123513310619,0.7110189651209349,False
GUT_GENOME009343_1,GUT_GENOME009343_00120,143775,0.03343909440243724,0.030595663669229414,0.030825538772461244,0.0015042714818772414,0.3022217160607239,0.032043668383576314,0.7909668096327103,0.0028434307332078253,0.8243081920442521,-0.00121812961111507,-0.0698021994304489,0.6843563425165917,0.7102216523500473,False
GUT_GENOME009343_1,GUT_GENOME009343_00120,144118,0.033568516484353834,0.030663476475290354,0.030883674727406895,0.0014905920390555067,0.29917745794075196,0.03206484616670948,0.7859414040688872,0.0029050400090634802,0.8553381749737009,-0.0011811714393025856,-0.06411263739927912,0.7357138238416329,0.6922162224924384,False
GUT_GENOME009343_1,GUT_GENOME009343_00120,144298,0.03375483640757332,0.03075420381048694,0.030964044767806106,0.0014992016416556406,0.2959837407272363,0.03206231394172811,0.7680894350133538,0.00300063259708638,0.9034841129568391,-0.0010982691739220007,-0.051350166793306055,0.8189203819951067,0.6640085912249902,False
GUT_GENOME009343_1,GUT_GENOME009343_00120,144405,0.03392159786834966,0.031081761004565063,0.031240878577185445,0.0015192765079861455,0.30705830493320385,0.03206428409056597,0.706081144645387,0.0028398368637845978,0.8224981122258381,-0.0008234055133805249,-0.009036010814496316,0.6765847941065072,0.7129867821824205,False
GUT_GENOME009343_1,GUT_GENOME009343_00120,144453,0.034310737133444943,0.03144789335754059,0.03161907309348592,0.0015429882394662497,0.3071145046815713,0.032036419014659374,0.6066041159754529,0.0028628437759043515,0.8340857194557608,-0.0004173459211734565,0.05347523162291224,0.6985585877971582,0.7051961457821336,False
GUT_GENOME009343_1,GUT_GENOME009343_00120,145293,0.03448287840211811,0.031646572232289595,0.031788019231986715,0.0015507512740572686,0.3096738797906956,0.0320676996362694,0.5715617080863845,0.002836306169828516,0.8207198512145741,-0.0002796804042826881,0.07466828472838247,0.6791564269219514,0.7120706012258831,False
GUT_GENOME009343_1,GUT_GENOME009343_00120,145362,0.03474432408215507,0.03171197017748695,0.03193310453692,0.0015664793154447527,0.2985911927817694,0.03218636998168236,0.5642203357555031,0.0030323539046681197,0.9194607921028062,-0.0002532654447623614,0.07873476159591436,0.8516073108978852,0.6532445905456853,False
GUT_GENOME009343_1,GUT_GENOME009343_00120,145675,0.03503777103452451,0.032380186603286044,0.03257584632671501,0.0015639755461969457,0.3227042597249955,0.03213792346465501,0.3897363710270778,0.002657584431238466,0.7307052808345582,0.0004379228620600001,0.18514042383585802,0.5682071839776317,0.7526886681512999,False
GUT_GENOME009343_1,GUT_GENOME009343_00120,145752,0.03532397170480122,0.03254884579761067,0.03271838734270313,0.0015653232272590622,0.31622963846671637,0.03215658186507558,0.3598323280375697,0.002775125907190548,0.7899059440730071,0.0005618054776275541,0.20421165467030808,0.6656538003850537,0.7168942776774168,False
GUT_GENOME009343_1,GUT_GENOME009343_00120,145770,0.03513071261155957,0.03284573733276097,0.03298062685704466,0.0015530198300715327,0.3463681419166353,0.0322215735593368,0.31250596370189143,0.002284975278798597,0.5430378317534426,0.000759053297707861,0.23457716391556846,0.3499165325461516,0.8394920551703298,False
GUT_GENOME009343_1,GUT_GENOME009343_00120,145771,0.035607041292702264,0.033619545232482624,0.03381227960030386,0.0014822392852713198,0.36782053399907344,0.032322395779741574,0.1574105265780647,0.00198749606021964,0.3932101484026807,0.0014898838205622891,0.34708558600824074,0.27508262482154205,0.87149834555581,False
GUT_GENOME009343_1,GUT_GENOME009343_00120,145779,0.0357862480001934,0.03369047133618511,0.03389605819578473,0.0014764246861381915,0.36096123426888777,0.03230986910522363,0.14133410065455043,0.0020957766640082934,0.44774650255533094,0.001586189090561095,0.3619113953141455,0.3314567886087627,0.8472763280170403,False
GUT_GENOME009343_1,GUT_GENOME009343_00120,146009,0.03610072720910574,0.0338756611169327,0.03411184569389517,0.0015211498773671493,0.35428761409394316,0.032289726237123124,0.11548641934381754,0.002225066092173038,0.5128641117658275,0.0018221194567720478,0.3982319270873208,0.4216182648890324,0.8099286412290608,False
GUT_GENOME009343_1,GUT_GENOME009343_00120,146031,0.0362936220390034,0.03387681889145561,0.03406373210499948,0.0015154683592964557,0.3426845069373977,0.032292864200858466,0.12129683365185345,0.0024168031475477955,0.6094339459765216,0.0017708679041410144,0.3903419565182267,0.5237765775269909,0.7695969915372349,False
GUT_GENOME009343_1,GUT_GENOME009343_00120,146226,0.036407216172617246,0.033982808871919575,0.03411997769638533,0.0015188436282283387,0.3434846042126074,0.032311489642473684,0.11688556669392053,0.0024244073006976716,0.6132638358617134,0.001808488053911643,0.3961334273958415,0.5330142246761991,0.766050555296268,False
GUT_GENOME009343_1,GUT_GENOME009343_00120,146560,0.03640600521115791,0.03401265809268461,0.034150798974445076,0.0014948323255743238,0.3434840844294339,0.03234197495512656,0.11312957602750129,0.0023933471184732977,0.597620137557809,0.0018088240193185195,0.3961851479201264,0.514112500247107,0.7733247129313476,False
GUT_GENOME009343_1,GUT_GENOME009343_00120,146561,0.036930839020507054,0.03423571193654871,0.03438699765924099,0.0014907306527926127,0.3266024013947185,0.03245071205648693,0.09699193866894129,0.0026951270839583458,0.7496139249769348,0.0019362856027540579,0.4158073464754847,0.7348167859023094,0.6925267642360594,False
GUT_GENOME009343_1,GUT_GENOME009343_00120,146572,0.037355542608616336,0.034037977340502915,0.03424164736207205,0.001485491269116503,0.2916698045944585,0.03254323992961771,0.12645070413092552,0.003317565268113422,1.0631096763995076,0.0016984074324543422,0.3791869580902504,1.273984933240003,0.5288806607496663,False
GUT_GENOME009343_1,GUT_GENOME009343_00122,147417,0.0380166540313125,0.034241607707850355,0.03446715099917906,0.0014708753314192193,0.2705486026462297,0.032574993794643466,0.09914900087984341,0.003775046323462143,1.2935235084217531,0.0018921572045355953,0.40901395690324144,1.840495483781368,0.3984203234525536,False
GUT_GENOME009343_1,GUT_GENOME009343_00122,147438,0.03791164858274964,0.034196828818385455,0.03443617901909595,0.0015114260416320517,0.27379346168569196,0.03254454019099476,0.1053653056101696,0.003714819764364184,1.2631899413613707,0.0018916388281011928,0.40893415493430224,1.7628759710283752,0.4141868885021047,False
GUT_GENOME009343_1,GUT_GENOME009343_00126,151774,0.03830552286031538,0.03401076176195535,0.034293065825044,0.0015231050690970656,0.24670559315721852,0.032560426071296986,0.12764988612037947,0.0042947610983600296,1.5552818292149932,0.0017326397537470173,0.38445688638794334,2.566708665777447,0.277106233219709,False
GUT_GENOME009343_1,GUT_GENOME009343_00126,151791,0.0381064685948518,0.034311901306422296,0.03454875139429267,0.001525919088142003,0.2699536527429647,0.03252728897745519,0.09262692161519959,0.003794567288429501,1.3033553917102805,0.002021462416837483,0.4289199747138045,1.8827076218087493,0.39009935694609565,False
GUT_GENOME009343_1,GUT_GENOME009343_00126,151793,0.03828400707686285,0.034303355446762586,0.03455274043421201,0.001519322265447362,0.2617671404988221,0.03250712625058981,0.08908691491823678,0.003980651630100265,1.3970781934359484,0.002045614183622202,0.4326380421545102,2.1390031540935412,0.34317952335004176,False
GUT_GENOME009343_1,GUT_GENOME009343_00126,151891,0.037832475111730504,0.03450896102435212,0.034718416069817376,0.0015294139482083134,0.2964731749650786,0.032519996163859366,0.07529844333608991,0.003323514087378382,1.0661058447147231,0.00219841990595801,0.4561618690461207,1.3446653229065435,0.5105163260123271,False
GUT_GENOME009343_1,GUT_GENOME009343_00126,151906,0.03787341241518667,0.03462269851657061,0.034817915580123676,0.0015327880051698207,0.3000119617781175,0.03252618224925255,0.06743889697575974,0.003250713898616059,1.0294394729195386,0.0022917333308711263,0.4705270958240517,1.2811413763094737,0.5269915903518414,False
GUT_GENOME009343_1,GUT_GENOME009343_00126,152079,0.037622904206798154,0.03455057831462758,0.034742685825218875,0.001524102350213023,0.3098839587654706,0.03253935056157534,0.07413615998577763,0.0030723258921705743,0.9395929892862838,0.0022033352636435313,0.45691856860904967,1.0916095638556773,0.5793753248754558,False
GUT_GENOME009343_1,GUT_GENOME009343_00127,153057,0.03747405869710968,0.03454285192184483,0.03472398542616037,0.0015260403853635143,0.317439301101755,0.03252110985430246,0.07443649057731437,0.002931206775264851,0.8685172668761889,0.0022028755718579082,0.4568478009059611,0.9630321560546978,0.6178459786774118,False
GUT_GENOME009343_1,GUT_GENOME009343_00130,156249,0.03736550741581981,0.03457889785234529,0.034751357942244536,0.0015263338501376137,0.32475195260803624,0.032539950042158,0.07369165078604141,0.0027866095634745194,0.7956897753794187,0.0022114079000865386,0.458161318548917,0.8430340124578319,0.6560508313480684,False
GUT_GENOME009343_1,GUT_GENOME009343_00134,160848,0.03730796327375467,0.03465060940206103,0.03481387446214408,0.0015452044722883724,0.33268107460510765,0.032546467995384694,0.0711359752373038,0.002657353871693642,0.7305891577566491,0.0022674064667593877,0.466782072853494,0.7516460209689745,0.6867238652112186,False
GUT_GENOME009343_1,GUT_GENOME009343_00134,161274,0.03726539053537535,0.03450059489672167,0.034669347532442225,0.0015275924838136768,0.32478777391613944,0.03254389973492258,0.08205648529419174,0.002764795638653679,0.784703025325728,0.002125447797519643,0.44492810619627415,0.8137198576387532,0.6657374343993849,False
GUT_GENOME009343_1,GUT_GENOME009343_00135,162290,0.036994772718535636,0.034520441247473665,0.03466703217743519,0.0015381056329563845,0.3417136266240247,0.03253274078597221,0.08262785456340321,0.0024743314710619704,0.6384085260509084,0.0021342913914629835,0.4462895419451635,0.6067398013841172,0.7383259385773242,False
GUT_GENOME009343_1,GUT_GENOME009343_00137,163619,0.03700494995830391,0.035016770210966316,0.03512246995170827,0.001628909762019158,0.37181513545241096,0.032541907709567615,0.05657107630204632,0.0019881797473375942,0.39355449264800024,0.0025805622421406563,0.5149911460319712,0.42010101917474796,0.8105433047283627,False
GUT_GENOME009343_1,GUT_GENOME009343_00137,163865,0.03731244011577921,0.0349662402416022,0.03509924632411235,0.0016441106601611383,0.35100455380458484,0.032511227311261,0.05773044948111038,0.0023461998741770088,0.57387406741876,0.002588019012851349,0.5161390859172542,0.5957310012672503,0.7424011855220758,False
GUT_GENOME009343_1,GUT_GENOME009343_00140,166728,0.037414865161746004,0.03487165167538492,0.035019046350243443,0.0016490074039680481,0.3393411426326346,0.03248666417644761,0.06230587567961273,0.002543213486361086,0.673101479817892,0.0025323821737958316,0.5075740181257341,0.7106969860093392,0.7009291317414454,False
GUT_GENOME009343_1,GUT_GENOME009343_00142,168193,0.037722450313975545,0.034806727320368984,0.03497983360678607,0.0016498151474337028,0.32004543781340244,0.03246017706232359,0.06335120954737833,0.0029157229936065607,0.8607187418348341,0.002519656544462477,0.505614958628821,0.9964832389349642,0.6075981096335902,False
GUT_GENOME009343_1,GUT_GENOME009343_00142,168293,0.037796336097587695,0.034945909889027356,0.035086141717052974,0.0017030881282983005,0.3246243414813643,0.032475981516144045,0.06268668980505114,0.002850426208560339,0.8278315167020592,0.0026101602009089286,0.5195476328425878,0.9552347628375681,0.6202594743858028,False
GUT_GENOME009343_1,GUT_GENOME009343_00143,169867,0.038399589508298776,0.034862045409263305,0.03505977519644725,0.0017034715689355439,0.28917203735381647,0.03244627479397304,0.06248775129582699,0.003537544099035471,1.1739036968379861,0.0026135004024742114,0.5200618434506966,1.6485142104632273,0.4385606759074595,False
GUT_GENOME009343_1,GUT_GENOME009343_00147,173390,0.03840358209418359,0.03500983613948796,0.0351940790443345,0.0017530733189397667,0.2969509140054475,0.03245172090119255,0.058871855522437636,0.0033937459546956317,1.1014786617733665,0.00274235814314195,0.5398989748013828,1.5047461453336306,0.4712469215944537,False
GUT_GENOME009343_1,GUT_GENOME009343_00147,173531,0.03847210525985085,0.035136430570669654,0.03532778993796962,0.0017601492677362088,0.3007766202533807,0.032441956884869144,0.05055054640662744,0.003335674689181195,1.0722306248085065,0.0028858330531004728,0.5619863606241243,1.4655071823047885,0.48058383506371527,False
GUT_GENOME009343_1,GUT_GENOME009343_00147,173548,0.03831290355260598,0.03561600918241592,0.03570701796530495,0.0017750013244763464,0.3357675544843615,0.032444893743941376,0.03304482853714598,0.0026968943701900575,0.7505040322025082,0.0032621242213635715,0.6199148738221455,0.94755075313815,0.6226470979882253,False
GUT_GENOME009343_1,GUT_GENOME009343_00147,173569,0.0383502900064125,0.03590041330453885,0.03589669964537408,0.0018209812117733046,0.34971470435357765,0.032420184259717724,0.028121757906549878,0.002449876701873646,0.6260916945361996,0.0034765153856563535,0.6529195320170199,0.8182947252565341,0.6642163444436313,False
GUT_GENOME009343_1,GUT_GENOME009343_00147,173580,0.03823987296815424,0.035907017538814305,0.03590350886898864,0.001812276181112028,0.35626594443871656,0.03242080334537513,0.027319869538433066,0.0023328554293399334,0.5671530357275651,0.0034827055236135093,0.6538724788799608,0.7492117845716175,0.6875601981798285,False
GUT_GENOME009343_1,GUT_GENOME009343_00147,173885,0.03814662230019335,0.03585448871955417,0.035846470960428256,0.0018102367769561069,0.358023013199228,0.03241994045198599,0.029188034683135036,0.0022921335806391774,0.546643165217148,0.0034265305084422645,0.6452245610381282,0.7151334842454673,0.6993760195448719,False
GUT_GENOME009343_1,GUT_GENOME009343_00147,173934,0.038133680602937675,0.03575927637997384,0.035796109838081,0.001795487482439278,0.3532122971162911,0.032405337022916016,0.02947962674058571,0.0023744042229638385,0.5880794033724241,0.0033907728151649844,0.6397198078532343,0.7550788172306454,0.6855461846260704,False
GUT_GENOME009343_1,GUT_GENOME009343_00147,173949,0.037997803927093725,0.035918970446376715,0.03586845056624684,0.001808751288948726,0.37059077864052464,0.03239006969963851,0.02723474365625707,0.00207883348071701,0.43921293872103395,0.00347838086660833,0.6532067153129927,0.6195870184699558,0.733598421884975,False
GUT_GENOME009343_1,GUT_GENOME009343_00147,174020,0.038373466477293276,0.035722640584256914,0.03578857752239082,0.0017950088968288049,0.33818116122596165,0.032397467839084974,0.029433305543757896,0.0026508258930363626,0.727301291384485,0.0033911096833058457,0.6397716673497884,0.9382749547930678,0.6255415794168991,False
GUT_GENOME009343_1,GUT_GENOME009343_00147,174021,0.03848126519941962,0.03578120985482778,0.03585845510408937,0.0018074464749038154,0.3355023954537339,0.03240041010618257,0.027859867326914794,0.002700055344591841,0.7520960811328928,0.003458044997906806,0.6500760900477041,0.9882474381071655,0.6101052967713257,False
GUT_GENOME009343_1,GUT_GENOME009343_00147,174273,0.038571819207253104,0.03557898591565109,0.035739667860750716,0.0017826721685973085,0.31837272652096527,0.03240305329820684,0.030624562002464332,0.0029928332916020137,0.8995559331059922,0.0033366145625438742,0.6313823625014737,1.2078445644641347,0.5466632579919252,False
GUT_GENOME009343_1,GUT_GENOME009343_00147,174337,0.0383557141077682,0.035358625133683624,0.03553573633915436,0.0017595485431977735,0.31807954394908733,0.03241379734482317,0.0380080850409298,0.002997088974084579,0.901699340132826,0.0031219389943311915,0.5983339214660305,1.1710651815728919,0.5568092313614319,False
GUT_GENOME009343_1,GUT_GENOME009343_00148,175978,0.038162212178858575,0.03522895870615873,0.03536207270195577,0.0017795583072514312,0.3215860696357044,0.03230448126165992,0.04288240917616551,0.0029332534726998413,0.8695481016910355,0.0030575914402958537,0.5884278741080702,1.1023612641818263,0.5762690468642078,False
GUT_GENOME009343_1,GUT_GENOME009343_00148,176357,0.03717775972842873,0.0335256672128824,0.03369486236077648,0.0017511690977014462,0.2763821984152818,0.031724906043485865,0.13030769570885126,0.0036520925155463305,1.2315968828000334,0.0019699563172906123,0.42099081766993435,1.6940641502851592,0.42868535167227906,False
GUT_GENOME009343_1,GUT_GENOME009343_00149,177393,0.037270983305152286,0.03304935056450725,0.03345493284847778,0.0018167754606370529,0.25145298705393826,0.03164735413357389,0.1598832404031439,0.004221632740645034,1.5184501726171882,0.0018075787149038902,0.39599343830984934,2.462501729905625,0.2919271877138658,False
GUT_GENOME009343_1,GUT_GENOME009343_00149,177403,0.03773647602169719,0.034235614765791934,0.034447800463565076,0.0016983004984031341,0.2916000070918603,0.031490354550816176,0.04080543295179718,0.0035008612559052563,1.155428102370668,0.0029574459127489003,0.5730108725850095,1.663355559848517,0.43531830496735113,False
GUT_GENOME009343_1,GUT_GENOME009343_00149,177529,0.03763619723182607,0.03445100835061573,0.0346250621161843,0.0017348897406208794,0.30624993973953285,0.03148079353298683,0.03496423487809194,0.0031851888812103393,0.996437296813541,0.003144268583197475,0.6017714719387603,1.355016190920419,0.5078810077976126,False
GUT_GENOME009343_1,GUT_GENOME009343_00149,177542,0.037554008561286226,0.034546311297410835,0.03472649485345023,0.0017585156818095353,0.3158943154437751,0.031505180716890215,0.033487852542504054,0.0030076972638753904,0.9070422864107658,0.003221314136560016,0.61363232526522,1.1992703399476705,0.5490118955856986,False
GUT_GENOME009343_1,GUT_GENOME009343_00149,177547,0.037783610933310036,0.03468978354128416,0.03488736221805527,0.0017165286098004655,0.31100913017116066,0.03153882783431513,0.02554283462086939,0.0030938273920258774,0.9504223841168734,0.003348534383740144,0.633217371073887,1.3042669472601265,0.5209331931185549,False
GUT_GENOME009343_1,GUT_GENOME009343_00149,177552,0.03760722302765379,0.03452369663432597,0.034708489365742994,0.001722119077025483,0.31135985381519815,0.03151589267249864,0.03187839014892892,0.003083526393327818,0.9452342073477461,0.0031925966932443567,0.6092113902701115,1.264606224775164,0.531366593669147,False
GUT_GENOME009343_1,GUT_GENOME009343_00149,177817,0.03738340317591985,0.034511673230802994,0.03468388328819345,0.0017246903755192048,0.3222769765780728,0.03146320221630896,0.030923106929473903,0.0028717299451168563,0.8385613065348598,0.0032206810718844875,0.6135348675024433,1.0796100984586918,0.5828618706695146,False
GUT_GENOME009343_1,GUT_GENOME009343_00149,177938,0.037607044023494275,0.03449338623038218,0.03470466962956926,0.0017103446705880314,0.30874885494533666,0.03145914907810583,0.028875533968778202,0.0031136577931120957,0.9604101172730163,0.0032455205514634253,0.6173588055641903,1.3035194881680128,0.52112791762923,False
GUT_GENOME009343_1,GUT_GENOME009343_00150,178230,0.03802619064465881,0.03451012607324272,0.03475740242746331,0.001710569386963601,0.28744181724370566,0.031458752121754634,0.02690312097978108,0.0035160645714160874,1.1630853684920457,0.003298650305708674,0.6255379177240897,1.7440652609108676,0.41810084045049,False
GUT_GENOME009343_1,GUT_GENOME009343_00150,178303,0.03823281538810042,0.034492567857914144,0.03476224664318951,0.001708387025774808,0.27629440300057284,0.0314848298525185,0.027528408247487052,0.003740247530186279,1.275996830071477,0.003277416790671013,0.6222691034126162,2.015386747414399,0.36506006630961374,False
GUT_GENOME009343_1,GUT_GENOME009343_00150,178953,0.03870230427606754,0.03445673879137202,0.03477801105165404,0.0017061647297135127,0.25199321934184304,0.03149632263935952,0.02721303537358662,0.00424556548469552,1.5305040821791402,0.003281688412294523,0.6229267023957032,2.7304804221245975,0.25531933809192364,False
GUT_GENOME009343_1,GUT_GENOME009343_00151,179726,0.03893154834988652,0.03456200466938812,0.03489783571090968,0.001713684510273031,0.2465216154395436,0.03148855244766396,0.023325983195564393,0.004369543680498397,1.5929466485939838,0.003409283263245723,0.6425694169495515,2.9503744808656913,0.22873589442746875,False
GUT_GENOME009343_1,GUT_GENOME009343_00151,179761,0.03974920072162553,0.034592699478829626,0.03501274859259248,0.0017137416464981406,0.21389505799725095,0.03151351052200043,0.02058220214979912,0.005156501242795902,1.9893038429473868,0.003499238070592048,0.6564175980499477,4.388213842594904,0.1114580578869758,False
GUT_GENOME009343_1,GUT_GENOME009343_00151,179778,0.04025615414744944,0.03471762421902354,0.03518035248894337,0.0017314791034195747,0.19833100407067633,0.03151891403822361,0.017230727782279076,0.005538529928425899,2.1817155119537266,0.003661438450719763,0.6813876947554404,5.224171765663645,0.07338131918049444,False
GUT_GENOME009343_1,GUT_GENOME009343_00151,179789,0.04072811812096481,0.03468427407716326,0.03517558199121671,0.001724019910223294,0.17988355734564637,0.03152448835313046,0.017096882606506072,0.006043844043801545,2.436220830452396,0.0036510936380862516,0.6797951524219663,6.3972933839865656,0.04081740513904313,False
GUT_GENOME009343_1,GUT_GENOME009343_00151,180053,0.04063519270105772,0.034551145012692915,0.035059558461433375,0.0017261786420455652,0.17749572572372074,0.03151885239001051,0.02012462682773452,0.006084047688364805,2.4564697034860994,0.0035407060714228653,0.6628014301353821,6.473549139934593,0.03929041944045217,False
GUT_GENOME009343_1,GUT_GENOME009343_00151,180074,0.04036170562451561,0.03433033316259853,0.0348338165121695,0.0017151501426812005,0.1784667850721144,0.031532623664059144,0.027131867708727202,0.006031372461917081,2.4299394228623306,0.003301192848110354,0.625929331909419,6.2963931273250875,0.042929477677436045,False
GUT_GENOME009343_1,GUT_GENOME009343_00151,180077,0.03998261157853248,0.03432558560529564,0.034803264771453686,0.001720111803068258,0.18972233199722283,0.03153702878157206,0.028792035776033002,0.005657025973236841,2.241396951097817,0.0032662359898816273,0.6205478640620303,5.408939943982537,0.06690577638577486,False
GUT_GENOME009343_1,GUT_GENOME009343_00151,180172,0.03993422994437702,0.03445325651450356,0.034912982169975834,0.001751902867702031,0.1969549317716629,0.03154485579542469,0.027268096362166816,0.005480973429873463,2.1527267413058566,0.003368126374551146,0.6362334793272625,5.039025462950207,0.08049882173676562,False
GUT_GENOME009343_1,GUT_GENOME009343_00151,180173,0.039996667843107674,0.034583488863016924,0.03503543207679049,0.0017635003247930766,0.20062633415315206,0.03154671107861975,0.023947810390239146,0.005413178980090749,2.1185815482281507,0.003488720998170741,0.6547985370143822,4.917148900568963,0.08555682958874504,False
GUT_GENOME009343_1,GUT_GENOME009343_00151,180182,0.03997222569864655,0.034570349440160866,0.0350419813010929,0.0017600799630632924,0.2016455850240529,0.03157657296607241,0.02448271535226087,0.005401876258485684,2.1128888460564323,0.0034654083350204937,0.6512096462061985,4.8883732791016845,0.08679670320461139,False
GUT_GENOME009343_1,GUT_GENOME009343_00151,180209,0.04031950713510235,0.03439523731983095,0.0348982203611106,0.0017360948260310583,0.17955453913071656,0.03159942007168275,0.028708241369753924,0.005924269815271402,2.375996355832933,0.0032988002894278473,0.625561007114935,6.03668525655403,0.048882167183987926,False
GUT_GENOME009343_1,GUT_GENOME009343_00152,180578,0.040425268521571835,0.03442927736575026,0.034932199218183156,0.0017318803276462336,0.17759558502754036,0.03162537011006638,0.028106118399399804,0.005995991155821577,2.4121193574757913,0.0033068291081167767,0.6267970114876472,6.21119428831927,0.044797759849999376,False
GUT_GENOME009343_1,GUT_GENOME009343_00153,181187,0.04033642665117843,0.034652160258633505,0.035139603029917026,0.00174939561957544,0.1906757070875944,0.03168154602384305,0.024036912804703672,0.0056842663925449274,2.255116796598052,0.003458057006073975,0.6500779386567839,5.508153092626913,0.06366778678266011,False
GUT_GENOME009343_1,GUT_GENOME009343_00153,181280,0.04039672078375589,0.03478309281292669,0.035255372785316215,0.0017465660935148892,0.1940989280682408,0.031743725549296234,0.02218381820106578,0.005613627970829198,2.2195392153075697,0.003511647236019981,0.6583279392003566,5.359750003819931,0.06857172495324954,False
GUT_GENOME009343_1,GUT_GENOME009343_00153,181571,0.040498445546383564,0.03514577542246713,0.035597300268621346,0.0018122012192069718,0.20624348428953188,0.031803197268948986,0.018145882206812097,0.0053526701239164365,2.088105800086452,0.0037941029996723594,0.7018108689436177,4.852724328122077,0.08835767937605504,False
GUT_GENOME009343_1,GUT_GENOME009343_00156,183284,0.04056738543818086,0.03452854951749309,0.03508728354036107,0.0018422807646844297,0.17693764560935832,0.031827855784740344,0.038427326151726025,0.006038835920687768,2.4336984509475115,0.003259427755620728,0.6194997637569974,6.306668107439292,0.0427094934798769,False
GUT_GENOME009343_1,GUT_GENOME009343_00156,183422,0.04018695867038749,0.03474512404813266,0.03523599918127262,0.0018717577897777336,0.2008549191360104,0.03184094623353882,0.03485184764777216,0.0054418346222548306,2.1330141815424444,0.003395052947733797,0.6403787170621488,4.959834399927347,0.08375015982139034,False
GUT_GENOME009343_1,GUT_GENOME009343_00158,185247,0.040605389333064956,0.0346593947450771,0.03524346841089881,0.001885565042255108,0.1803490645325686,0.03185203221346671,0.036038515819505776,0.005945994587987856,2.3869382037474765,0.003391436197432096,0.6398219328874016,6.106846094313,0.04719708970157735,False
GUT_GENOME009343_1,GUT_GENOME009343_00158,185282,0.04030479545508428,0.034667190208333545,0.035224863788290615,0.0018958817769559571,0.19275190589979413,0.03185633203675329,0.037803657510195356,0.005637605246750735,2.2316155536869258,0.0033685317515373264,0.6362958854852452,5.384980433342856,0.06771211142119855,False
GUT_GENOME009343_1,GUT_GENOME009343_00158,186214,0.040124842475957295,0.0347166484331328,0.03523075943901431,0.0019000162770671247,0.20190727787007418,0.031873561640309835,0.03861988621220754,0.005408194042824492,2.1160708464526787,0.003357197798704477,0.6345510689930217,4.880410886367143,0.08714294669844293,False
GUT_GENOME009343_1,GUT_GENOME009343_00163,190265,0.04016970636709346,0.034779097522203456,0.03525772467577101,0.0018992530671033535,0.20342365417356623,0.031899616845899294,0.03852040042285621,0.005390608844890003,2.1072139270336514,0.003358107829871719,0.6346911646341857,4.843183408749281,0.08878019311460873,False
GUT_GENOME009343_1,GUT_GENOME009343_00163,190778,0.040066606496963614,0.034916563746786346,0.035362215537904904,0.0019155995465649802,0.21301669744756824,0.03189041041788157,0.03496331465875743,0.005150042750177268,1.986050973749967,0.003471805120023333,0.6521944055513947,4.36975601296573,0.11249145604562182,False
GUT_GENOME009343_1,GUT_GENOME009343_00163,190808,0.04051505411133191,0.035173615895835786,0.03566197902985428,0.0019439408009551322,0.2073863612001463,0.03193826589182689,0.02771128679449242,0.005341438215496125,2.0824487635167643,0.0037237131380273916,0.6909746326106502,4.814038795583924,0.09008339759330819,False
GUT_GENOME009343_1,GUT_GENOME009343_00166,193293,0.04068189008778505,0.03529756625783814,0.03579128416928952,0.0019418831384530571,0.20629279936338746,0.031970702161542346,0.02456496484517246,0.005384323829946906,2.104048431194152,0.003820582007747174,0.7058872058287288,4.925296548163262,0.0852089951295625,False
GUT_GENOME009343_1,GUT_GENOME009343_00167,193687,0.04078646687261936,0.03514791329681653,0.03567581895028328,0.0018923922914649307,0.1961183072057806,0.03199300297535183,0.025820369951086358,0.005638553575802827,2.232093186866171,0.003682815974931454,0.6846786787005436,5.451024887921501,0.06551262256699901,False
GUT_GENOME009343_1,GUT_GENOME009343_00168,195971,0.04111847344615828,0.0353472455246687,0.035905320225624746,0.0019019460811937055,0.1919920690189213,0.03202886583808581,0.020767388665232277,0.005771227921489583,2.2989156356721154,0.003876454387538933,0.714488534170054,5.795506965398199,0.05514696962294095,False
GUT_GENOME009343_1,GUT_GENOME009343_00169,196449,0.04129190519520335,0.035772159153820454,0.0363105250776845,0.0019605924382453633,0.20397799791572696,0.03209122450210112,0.015696555260447498,0.005519746041382896,2.172254863598458,0.004219300575583382,0.7672683270647355,5.307391878143875,0.07039057243423191,False
GUT_GENOME009343_1,GUT_GENOME009343_00169,197643,0.04088460185304177,0.0359618902843192,0.03645844131695132,0.0019733207471801795,0.22873486601568832,0.032207391586102044,0.015609818909028527,0.004922711568722565,1.8715538857400715,0.004251049730849277,0.7721559819314064,4.098938807661215,0.12880322795923696,False
GUT_GENOME009343_1,GUT_GENOME009343_00170,198324,0.04133156250311371,0.036317873388469646,0.03679657282885888,0.0019972905882808686,0.22551229174219595,0.032271995939826416,0.011745380060662253,0.005013689114644067,1.917375422476219,0.004524576889032461,0.8142643887429986,4.3393550054908685,0.11421444481695323,False
GUT_GENOME009343_1,GUT_GENOME009343_00173,200085,0.0412089125365503,0.03695934632828623,0.03740414122504526,0.002078468964991538,0.26210615360877415,0.032340924583670494,0.007424688057035496,0.004249566208264069,1.5325190771991821,0.005063216641374768,0.8971858140492754,3.153557106910694,0.20663970589759867,False
GUT_GENOME009343_1,GUT_GENOME009343_00173,200145,0.04163924524648569,0.03703258259623516,0.03749618607591234,0.0019986191979685093,0.25021170857888714,0.0323554889722932,0.005053829012278404,0.0046066626502505315,1.7123734310300553,0.005140697103619141,0.9091136198503771,3.7587103410950995,0.1526885320819145,False
GUT_GENOME009343_1,GUT_GENOME009343_00173,200224,0.041229107998699645,0.03686781162257566,0.03732231997395763,0.0019789535668066744,0.2593379243775922,0.0323302385568226,0.005824765887743552,0.004361296376123987,1.5887928306761834,0.00499208141713503,0.8862348321401421,3.309674836506505,0.191123126311359,False
GUT_GENOME009343_1,GUT_GENOME009343_00173,200284,0.04146339107206505,0.03751667765699149,0.03791721566444851,0.0019779346055136962,0.2790653522702866,0.03219606733276538,0.0019110305355424756,0.003946713415073563,1.379984951901965,0.005721148331683128,0.9984717538212554,2.901304310654762,0.23441736170207259,False
GUT_GENOME009343_1,GUT_GENOME009343_00173,200706,0.042169161121302264,0.037866473383558676,0.03835539736098596,0.001982383271449849,0.26173359462445656,0.03207119995631843,0.0007621385402956148,0.004302687737743588,1.5592741417579288,0.006284197404667534,1.0851508959495808,3.6088883161351033,0.1645659037896803,False
GUT_GENOME009343_1,GUT_GENOME009343_00173,201091,0.042808674800001986,0.03773557644585881,0.03845318439322761,0.002014847690437622,0.2252950595679415,0.03203961224573838,0.0007283984709941382,0.005073098354143178,1.947297340270352,0.0064135721474892285,1.1050676177042542,5.0131413711225425,0.08154741199912206,False
GUT_GENOME009343_1,GUT_GENOME009343_00173,201857,0.04222009276403563,0.03810812504490988,0.03868374068996651,0.002022410385396969,0.27088643286874997,0.03200229198745383,0.0004770797177662659,0.004111967719125746,1.4632165458874429,0.0066814487025126795,1.146306136866805,3.455020419577277,0.177726360912707,False
GUT_GENOME009343_1,GUT_GENOME009343_00173,202038,0.04189990589327025,0.03821714848261461,0.038780406256298625,0.0019984858651671813,0.28792126429781073,0.0320095908871607,0.00035205647897325267,0.003682757410655643,1.2470414917255572,0.006770815369137928,1.1600637760666819,2.900860446627192,0.23446939219262347,False
GUT_GENOME009343_1,GUT_GENOME009343_00173,202174,0.04325101384583209,0.038810886076537425,0.039305810614154675,0.0019837082282578894,0.2573459943357925,0.03196301583194377,0.00010714329601917335,0.004440127769294665,1.6284968646940785,0.007342794782210907,1.2481177081643589,4.209799851751896,0.12185786847835457,False
GUT_GENOME009343_1,GUT_GENOME009343_00173,202185,0.04221876642023227,0.03862993417475725,0.03901479195195777,0.001959530339449447,0.2975811787804046,0.031940576741133486,0.0001530049469083092,0.0035888322454750224,1.1997353640082191,0.007074215210824283,1.206770962457825,2.895661099483319,0.23507972906952238,False
GUT_GENOME009343_1,GUT_GENOME009343_00173,202188,0.04163107519039689,0.03817327066244337,0.03856532913403175,0.001926985658578406,0.3017146830997575,0.031953833651273675,0.00030067587809871926,0.003457804527953516,1.1337422520699656,0.0066114954827580785,1.1355371197981792,2.5748160445682218,0.2759852043073166,False
GUT_GENOME009343_1,GUT_GENOME009343_00173,202305,0.04136978711345706,0.03803182812916153,0.038514629486777835,0.0019587874264502566,0.3074685124639161,0.031866246339760776,0.00034423245832700876,0.003337958984295529,1.0733811275115357,0.006648383147017059,1.1412158274748272,2.4545206097769903,0.2930944681932414,False
GUT_GENOME009343_1,GUT_GENOME009343_00173,202330,0.04135150178673611,0.037924897604913264,0.038332136956439215,0.0019651615020123436,0.30302089636448604,0.031826055599580017,0.0004652966953805692,0.003426604181822848,1.1180279591427804,0.006506081356859199,1.1193090387311222,2.5028392416101592,0.28609835725313215,False
GUT_GENOME009343_1,GUT_GENOME009343_00173,202379,0.04068810172051785,0.03800076314039261,0.03831665204960157,0.0019813994143669357,0.34238358604210906,0.03177985331091279,0.00048500821043364283,0.002687338580125244,0.7456911854603508,0.00653679873868878,1.1240378562235367,1.8195164462968676,0.40262155683913753,False
GUT_GENOME009343_1,GUT_GENOME009343_00173,202470,0.03981682230160423,0.03783148673137373,0.03808680257052575,0.001968002896733846,0.380442578340206,0.03179975246175446,0.0007000399517915934,0.0019853355702304995,0.39212200109773027,0.006287050108771286,1.0855900582825344,1.332265438386765,0.5136913300066541,False
GUT_GENOME009343_1,GUT_GENOME009343_00173,202479,0.03945426085904376,0.03711912114853833,0.03741412720840934,0.0019502611444302085,0.35972243527344844,0.031830719434040554,0.002098897662843618,0.0023351397105054253,0.5683035314051534,0.005583407774368783,0.9772671485441315,1.2780199834311459,0.527814706400439,False
GUT_GENOME009343_1,GUT_GENOME009343_00173,202765,0.03870554900702505,0.036601791958892,0.03686984186061851,0.0019310209215758845,0.3721517087266408,0.03179730151132846,0.004308716258093415,0.002103757048133051,0.4517658840481738,0.005072540349290049,0.8986211614147687,1.0116124057322557,0.6030192235778769,False
GUT_GENOME009343_1,GUT_GENOME009343_00174,203531,0.038374904050834054,0.035711184642803394,0.03605772928423274,0.001980707871064479,0.33912254606527986,0.03179071843457025,0.015608882708168972,0.0026637194080306598,0.7337952088119678,0.004267010849662488,0.7746131320316708,1.138480912791314,0.5659551430985504,False
GUT_GENOME009343_1,GUT_GENOME009343_00174,203579,0.037800402274495576,0.036052068933992064,0.03626043349396361,0.0018881054759749714,0.39271678898825135,0.031766513995483546,0.008653476964625095,0.001748333340503512,0.27275401566807017,0.004493919498480062,0.8095448066666266,0.7297575470639638,0.6942808109871881,False
GUT_GENOME009343_1,GUT_GENOME009343_00175,205927,0.03753437685537987,0.03605186851761494,0.03623123166138564,0.0018777540409185415,0.4088589235929838,0.031764923494812095,0.008690737397084109,0.0014825083377649345,0.1388692201946685,0.004466308166573549,0.8052941530779593,0.6677833332990231,0.7161313589345635,False
GUT_GENOME009343_1,GUT_GENOME009343_00181,212090,0.03698287490379278,0.03575963823456749,0.035904833366096116,0.0018203894862043625,0.4234018263906797,0.03176154009957945,0.011421578015569965,0.0012232366692252958,0.008285061605889084,0.004143293266516669,0.755567307275351,0.5709505980691382,0.751656907600325,False
GUT_GENOME009343_1,GUT_GENOME009343_00181,212264,0.03704297515123144,0.03589649176684734,0.03602763950145711,0.001807964010711095,0.4280727085531938,0.03175719993543792,0.009087933674699915,0.0011464833843841046,-0.030372317259937647,0.004270439566019191,0.775140969136215,0.6017659996891689,0.740164367026812,False
GUT_GENOME009343_1,GUT_GENOME009343_00181,212542,0.036410307312056654,0.03563691144177849,0.03574115217026609,0.001785144438073077,0.45073853536821273,0.03173525688364075,0.012415639005151621,0.0007733958702781651,-0.21828069685234586,0.004005895286625344,0.7344154404158263,0.5870125017395178,0.7456445619224898,False
GUT_GENOME009343_1,GUT_GENOME009343_00181,212550,0.03671786463101725,0.035539037776190587,0.035669997220694416,0.0017782673954944094,0.42592588671813597,0.031729843379580534,0.013355126198803628,0.0011788268548266617,-0.014082281031252454,0.003940153841113882,0.7242948090665807,0.5248012810798378,0.769202788145518,False
GUT_GENOME009343_1,GUT_GENOME009343_00181,212568,0.03623856021366956,0.03557476779635878,0.03566411027732058,0.001792981184248469,0.45735913362390895,0.031654362037883174,0.012664157257281126,0.0006637924173107795,-0.273483314110092,0.004009748239437408,0.7350085870178452,0.6150307460866086,0.7352715640993215,False
GUT_GENOME009343_1,GUT_GENOME009343_00181,212879,0.036635207857591875,0.035458931603983786,0.035616249330666316,0.0017995104986331786,0.4248793224002515,0.03166040351823699,0.013964225691630179,0.0011762762536080898,-0.015366910840204407,0.003955845812429325,0.7267105249911545,0.5283443290816902,0.7678413332258263,False
GUT_GENOME009343_1,GUT_GENOME009343_00181,213211,0.03668268920600315,0.035308926041878144,0.03550045173887873,0.0017900235685845273,0.4119621096415682,0.03164007032331464,0.015518060950625554,0.0013737631641250053,0.08409888188371709,0.003860381415564093,0.7120141647250477,0.5140367927031988,0.7733539867427359,False
GUT_GENOME009343_1,GUT_GENOME009343_00181,213582,0.036363200562075745,0.03509581179277001,0.03522201163756126,0.0017500672792449532,0.41754215172017695,0.03162858932741192,0.020021491623652913,0.0012673887693057384,0.03052260445585424,0.0035934223101493357,0.6709168832429108,0.4510610936031501,0.7980926808967725,False
GUT_GENOME009343_1,GUT_GENOME009343_00184,216513,0.03558318335908243,0.03495311808102161,0.035044086524269644,0.00173657238936957,0.45800091718703784,0.031616386397870455,0.02420049080647813,0.0006300652780608165,-0.29047024571496066,0.0034277001263991885,0.6454046190223935,0.5009200859011506,0.7784425836611246,False
GUT_GENOME009343_1,GUT_GENOME009343_00186,217393,0.03567426544113589,0.03469207732660056,0.034803993133605306,0.0017195827662728836,0.43467278536965237,0.031598129954025715,0.031137955848653396,0.0009821881145353276,-0.11312088633484589,0.0032058631795795905,0.611253712528987,0.38642743600565055,0.824305786326154,False
GUT_GENOME009343_1,GUT_GENOME009343_00186,217453,0.03573594646418563,0.034943364044299714,0.03504304625592298,0.0017464942861750126,0.44754081308522475,0.031555507484555136,0.022919133136025362,0.0007925824198859177,-0.20861724441705903,0.003487538771367843,0.6546165379489487,0.47204396642443436,0.7897633122074766,False
GUT_GENOME009343_1,GUT_GENOME009343_00186,217777,0.035572218585617404,0.03469240512394619,0.03479584474750073,0.0017509646140784815,0.44156506141050134,0.03157315413597125,0.03284574674121361,0.0008798134616712153,-0.16468266313975982,0.00322269061152948,0.6138442280552946,0.4039251158556041,0.8171255222422746,False
GUT_GENOME009343_1,GUT_GENOME009343_00187,218244,0.03544554233918871,0.03465575941505191,0.03474392856934671,0.0017490417256238635,0.4476162043976232,0.03160414648327255,0.03631536511971642,0.0007897829241367976,-0.21002723185969327,0.0031397820860741624,0.601080793735973,0.40540955872091267,0.8165192591850472,False
GUT_GENOME009343_1,GUT_GENOME009343_00187,218689,0.035659264426415926,0.034077663334529364,0.03422890274900612,0.0017798444978468656,0.3975981032008189,0.03165565566548368,0.07412075881401117,0.0015816010918865628,0.18877804360025902,0.0025732470835224397,0.5138650067592453,0.2996943949172205,0.8608395048399321,False
GUT_GENOME009343_1,GUT_GENOME009343_00188,218906,0.0352359512059786,0.03426731161032809,0.034370726796018825,0.0017869536229925874,0.43610256136360787,0.03175600742140086,0.07170259271655827,0.0009686395956505084,-0.11994470148080277,0.002614719374617963,0.5202494993136904,0.2850462729494644,0.8671674908614164,False
GUT_GENOME009343_1,GUT_GENOME009343_00188,218949,0.03476807803603721,0.033633296589485814,0.03377600025449002,0.0017694371566204918,0.42472391916833496,0.03192301043027053,0.14749908172418552,0.0011347814465513945,-0.036266087737636565,0.0018529898242194906,0.40298429610082,0.16371157202366732,0.9214048285803158,False
GUT_GENOME009343_1,GUT_GENOME009343_00188,219195,0.035755526201528366,0.03520219039742738,0.03528486667321153,0.0018245995321386282,0.4639097510667345,0.03195933567031558,0.03418133761251237,0.0005533358041009892,-0.32911563204829947,0.003325531002895954,0.6296760930338452,0.5048090813969193,0.7769303745304437,False
GUT_GENOME009343_1,GUT_GENOME009343_00188,219205,0.036582247978740434,0.03529077471044809,0.03543022905811065,0.001862605594531636,0.4180001239966511,0.032037764671173787,0.0342765217504237,0.001291473268292341,0.04265294655189774,0.0033924643869368623,0.6399802185297988,0.4113939539590081,0.8140797238079271,False
GUT_GENOME009343_1,GUT_GENOME009343_00188,219214,0.037052778032951005,0.036254178690401956,0.03640067094759201,0.00200409517623676,0.4495356392527834,0.03212416665830339,0.01642618659725424,0.0007985993425490487,-0.20558677530454747,0.004276504289288621,0.7760746089119694,0.6445577207779888,0.7244961288854197,False
GUT_GENOME009343_1,GUT_GENOME009343_00188,220556,0.03813349925666066,0.037638548711665276,0.03771942535132199,0.0020318563364838784,0.4693491017021988,0.03216573465192632,0.003135076288700355,0.0004949505449953831,-0.35852181428655594,0.005553690699395673,0.9726923242724581,1.0746682490178805,0.5843038592632972,False
GUT_GENOME009343_1,GUT_GENOME009343_00189,221073,0.03844563318285189,0.03753120774573256,0.037647605977069676,0.0020392358429574854,0.44375169603997294,0.032213311445905016,0.0038509263128997844,0.0009144254371193303,-0.14725007701708218,0.00543429453116466,0.9543117639763219,0.9323935280451358,0.6273838253364554,False
GUT_GENOME009343_1,GUT_GENOME009343_00189,221744,0.03887167051654725,0.03827465876296116,0.03835064911840916,0.0020215962608888987,0.4634727630705887,0.032272417694281484,0.001320720581877881,0.0005970117535860908,-0.30711790608694534,0.006078231424127674,1.0534432609361957,1.2040641122511155,0.5476975523708123,False
GUT_GENOME009343_1,GUT_GENOME009343_00189,221745,0.03889006547538005,0.03785102939697481,0.03795599500220405,0.0019892152974187688,0.4363310146858643,0.032269796589198416,0.002128156231586166,0.0010390360784052408,-0.08448897459820733,0.005686198413005633,0.9930913542898918,0.9933688247939879,0.6085450027689263,False
GUT_GENOME009343_1,GUT_GENOME009343_00189,221844,0.03892419712914275,0.03834213224505016,0.038424741463233845,0.002045585320623766,0.4643615255113125,0.0322491271968795,0.0012680686513445595,0.000582064884092591,-0.31464601121057384,0.006175614266354344,1.0684349581562702,1.2405553721811153,0.537795078645273,False
GUT_GENOME009343_1,GUT_GENOME009343_00189,221865,0.03868709467772648,0.038566566599074203,0.0386297922037588,0.0020480521825495517,0.49256581665076593,0.032208170754503704,0.0008578730718839572,0.00012052807865227388,-0.5471025527819978,0.006421621449255094,1.1063067753643478,1.5232358844776404,0.46691038152785913,False
GUT_GENOME009343_1,GUT_GENOME009343_00190,222045,0.03874421356188331,0.038478871870539284,0.03854418384116689,0.002047446348514067,0.48371698934162444,0.03219266343295369,0.0009605478867722472,0.00026534169134402597,-0.47416606931634403,0.006351520408213199,1.0955150018025748,1.4249865804654074,0.49041991266835816,False
GUT_GENOME009343_1,GUT_GENOME009343_00191,222556,0.03960740310469398,0.038601284620951234,0.03871467708944013,0.0020286093358720864,0.44005886474832234,0.032194363953593014,0.0006540909073550688,0.0010061184837427475,-0.10106817288076474,0.006520313135847118,1.1214999639147731,1.2679769446302935,0.5304718039385079,False
GUT_GENOME009343_1,GUT_GENOME009343_00192,222914,0.03973189763901156,0.03894587781609703,0.039033874518065156,0.002011765622770985,0.4530950173860376,0.03216758478087,0.00032118139456299905,0.000786019822914534,-0.21192254656785842,0.006866289737195157,1.1747616713577267,1.4249761502350056,0.49042247027136854,False
GUT_GENOME009343_1,GUT_GENOME009343_00192,222923,0.040049294632717204,0.03882235088784418,0.038904649555735284,0.0019345063538597173,0.42815526248415947,0.03216441987679591,0.0002467944496996822,0.0012269437448730255,0.010152158604995779,0.00674022967893937,1.1553552319716505,1.3349487783686074,0.5130025879002111,False
GUT_GENOME009343_1,GUT_GENOME009343_00194,224367,0.03968792226634328,0.03882731823570227,0.03890714608445408,0.0019236484339979043,0.44914874893122814,0.03217584105303063,0.00023329434459727736,0.0008606040306410115,-0.17435763997844533,0.006731305031423447,1.1539813183509822,1.3620734697219241,0.5060920370352135,False
GUT_GENOME009343_1,GUT_GENOME009343_00194,224423,0.03973132873017303,0.03870491815118191,0.038782530033164515,0.001922406382519627,0.4401437448406696,0.032109243380780236,0.0002589537471221361,0.0010264105789911174,-0.09084790392913948,0.006673286652384279,1.1450496220493875,1.3193919786037633,0.5170084867134896,False
GUT_GENOME009343_1,GUT_GENOME009343_00194,224564,0.039742427870854545,0.038314703368158246,0.03841646737731042,0.0018838140712461174,0.4164920200665768,0.032099282710732834,0.0003991243051581347,0.0014277245026962995,0.11127692271381033,0.006317184666577588,1.0902291523586898,1.2009821581814024,0.5485421923393189,False
GUT_GENOME009343_1,GUT_GENOME009343_00194,224581,0.0392522464290615,0.03772855498717619,0.03784980909146503,0.0018560188295893294,0.41035948437438485,0.03205177364242907,0.0008923257205666712,0.0015236914418853068,0.15961140552453498,0.005798035449035961,1.0103082165607085,1.046198493223597,0.5926808345116923,False
GUT_GENOME009343_1,GUT_GENOME009343_00195,225170,0.038899517259704586,0.037445984043320835,0.03756375500945366,0.0018366779559734019,0.4133201749748652,0.03197534548442054,0.0011724368555007935,0.001453533216383751,0.12427567872952719,0.005588409525033117,0.9780371479589716,0.9720011071114039,0.6150814668315813,False
GUT_GENOME009343_1,GUT_GENOME009343_00195,225334,0.03860466470215518,0.03732278954844139,0.03743218173928322,0.0018321450991693902,0.4235951872070253,0.031943373622752895,0.0013684633578829402,0.0012818751537137865,0.03781878274472642,0.005488808116530325,0.9627039113761737,0.9282290813072767,0.6286915396029793,False
GUT_GENOME009343_1,GUT_GENOME009343_00195,226153,0.037838891475802834,0.037111584649417204,0.0371798166498085,0.0018232144883384058,0.45557469884035273,0.03194248891856533,0.0020356810757797632,0.0007273068263856305,-0.24149379626566572,0.00523732773124317,0.9239895166552095,0.9120758805235304,0.6337897904918293,False
GUT_GENOME009343_1,GUT_GENOME009343_00195,226495,0.037571470005469544,0.036979280541856695,0.037045946655714146,0.001814187267170291,0.4635792648723134,0.03193651608978151,0.0024284515236871604,0.0005921894636128494,-0.3095466893094769,0.005109430565932639,0.9043002620206165,0.9135781167530135,0.63331391823976,False
GUT_GENOME009343_1,GUT_GENOME009343_00195,227335,0.037031608869103734,0.036885282460156384,0.036917290595890925,0.0017929721192585463,0.49088979442807085,0.03194038762242958,0.002753440666815405,0.00014632640894735038,-0.5341090264412556,0.004976902973461345,0.8838981717323651,1.0665484301178434,0.5866809020473951,False
GUT_GENOME009343_1,GUT_GENOME009343_00219,242205,0.02936503995672171,0.030412825172088785,0.030385680303857642,0.0014166652155337518,0.5810583688996857,0.030237850211498853,0.4584454984211095,-0.0010477852153670739,-1.1355324777596172,0.00014783009235878886,0.14048180770129726,1.3091691463419197,0.5196578975846989,False
GUT_GENOME009343_1,GUT_GENOME009343_00219,242327,0.028004626412963432,0.028823367654933558,0.028798846340546008,0.0012632353322046186,0.5669961794331735,0.029757019712945625,0.7759263635757974,-0.0008187412419701258,-1.0201727289897722,-0.0009581733723996178,-0.029782981135091455,1.0416394229397323,0.5940334123405603,False
GUT_GENOME009343_1,GUT_GENOME009343_00221,242987,0.029033039950107142,0.02883701236180946,0.02884940766761929,0.0013240554266177765,0.48417267586825763,0.029889781305153424,0.7839923730426567,0.0001960275882976828,-0.5090766473815246,-0.0010403736375341338,-0.042437381624226236,0.26095996426833334,0.8776740619345084,False
GUT_GENOME009343_1,GUT_GENOME009343_00221,243016,0.03142243654217276,0.02888321145137468,0.029000977885161684,0.0013621357653902527,0.31775014057974027,0.029739838547363423,0.7062381735104211,0.0025392250907980835,0.6710926938921199,-0.0007388606622017388,0.003979329274247745,0.45038123885685544,0.7983640205605945,False
GUT_GENOME009343_1,GUT_GENOME009343_00222,243970,0.0312737607867848,0.02952490149256365,0.029577654072732277,0.0013878913646201197,0.37095995641073476,0.029617367267473774,0.511413797331814,0.0017488592942211528,0.27301891628008695,-3.971319474149748e-05,0.11161027230987093,0.08699618153183666,0.9574343820555751,False
GUT_GENOME009343_1,GUT_GENOME009343_00222,244385,0.030858198392689107,0.029640542949878574,0.02953370789760115,0.001446069057831625,0.40815728156630987,0.02986639817078672,0.5909794755441983,0.0012176554428105328,0.005474034240768907,-0.00033269027318557146,0.06650762843517127,0.004453229690939913,0.9977758622225319,False
GUT_GENOME009343_1,GUT_GENOME009343_00223,244533,0.030717296840426893,0.029279705136516707,0.029371842674191965,0.0013956359479310283,0.3899137449842255,0.029962304049578663,0.6638804339824003,0.0014375917039101856,0.11624661406265316,-0.0005904613753866979,0.026824803125048872,0.014232845343729062,0.992908839103946,False
GUT_GENOME009343_1,GUT_GENOME009343_00223,245410,0.030889401716375157,0.02947923910430459,0.02943415263141006,0.0014055681982419574,0.3919119446225696,0.030096762346395543,0.6813287575998033,0.0014101626120705674,0.10243174219907623,-0.000662609714985482,0.015717856177675238,0.0107393128127601,0.994644734429112,False
GUT_GENOME009343_1,GUT_GENOME009343_00223,245616,0.030560587361008813,0.02900664991811521,0.029233996518863322,0.0014157423363298435,0.38030269638371084,0.029841998354500382,0.6662050142542649,0.001553937442893602,0.17484503523267167,-0.0006080018356370599,0.024124519757244656,0.031152778799031885,0.9845442951315824,False
GUT_GENOME009343_1,GUT_GENOME009343_00223,245698,0.030679859851907475,0.028437130407398117,0.028710591192224237,0.001429324429212948,0.3281152976228413,0.03018789337334912,0.8493306209654532,0.0022427294445093587,0.5217603942470079,-0.0014773021811248822,-0.10970077507780826,0.28426816905746505,0.8675049296976054,False
GUT_GENOME009343_1,GUT_GENOME009343_00224,246201,0.02984148024504429,0.028198657225543006,0.028405497534338086,0.0013832622192685327,0.3701117903127341,0.029987579768803917,0.8736327463645878,0.0016428230195012841,0.21961293562599257,-0.0015820822344658307,-0.12583124322264283,0.06406334326522226,0.9684759083802942,False
GUT_GENOME009343_1,GUT_GENOME009343_00224,246267,0.029685949799994935,0.028231884186565394,0.028502147860581334,0.0013952791077049922,0.3831967239940841,0.029961788713845416,0.8522490817767703,0.0014540656134295407,0.12454382457304021,-0.0014596408532640825,-0.1069818846270933,0.026956287877644917,0.9866122795404284,False
GUT_GENOME009343_1,GUT_GENOME009343_00224,246651,0.029140241373343555,0.02788085562194474,0.028096322188200806,0.0013865498743554803,0.3964173029841708,0.03007220128729895,0.9229261451417623,0.0012593857513988164,0.026491823285536887,-0.0019758790990981427,-0.1864546880286668,0.03546716738885958,0.9824227309308522,False
GUT_GENOME009343_1,GUT_GENOME009343_00224,246809,0.029549862431097106,0.027736577865240423,0.02797328415187626,0.0013709661845278324,0.35505654129183506,0.0299839817889548,0.9287613847815355,0.0018132845658566828,0.3054671970188404,-0.0020106976370785415,-0.19181486202967624,0.1301031497500108,0.9370191354863713,False
GUT_GENOME009343_1,GUT_GENOME009343_00225,246992,0.028817551289320342,0.027984121110815226,0.02813267992405249,0.001397318530573425,0.43028046437470957,0.029979895518563417,0.9069112175106127,0.0008334301785051165,-0.18804395841334692,-0.0018472155945109259,-0.16664745854202362,0.06313190573427603,0.9689270508293335,False
GUT_GENOME009343_1,GUT_GENOME009343_00225,247366,0.02880778992497656,0.027661648912645474,0.02784356406740294,0.0013834225040926015,0.4043272636067632,0.030234999463223968,0.9580629628317009,0.0011461410123310874,-0.03054475556266233,-0.0023914353958210295,-0.2504279099630208,0.06364712018082963,0.9686774803691683,False
GUT_GENOME009343_1,GUT_GENOME009343_00225,247505,0.02922883892779399,0.02733310207204935,0.027579231916456007,0.001349998840374881,0.344909905537366,0.029821494743408408,0.9516369352318712,0.0018957368557446404,0.3469949233584847,-0.0022422628269524007,-0.22746339244756542,0.17214507174031582,0.9175276751380185,False
GUT_GENOME009343_1,GUT_GENOME009343_00226,247596,0.02825148998355303,0.027781417155036108,0.027911226740688376,0.0013646654125664573,0.45986487877984483,0.030124934182706134,0.9476155939479162,0.0004700728285169202,-0.37105166643834875,-0.002213707442017758,-0.2230674056889699,0.18743840664748312,0.910538402504648,False
GUT_GENOME009343_1,GUT_GENOME009343_00226,247617,0.028092144197560273,0.027685693814482243,0.027761014679085788,0.0014065123899109702,0.46528765601687816,0.030269967026882075,0.9627728135633671,0.0004064503830780303,-0.40309559762370994,-0.0025089523477962866,-0.26851917246836376,0.2345886068067108,0.889323423735195,False
GUT_GENOME009343_1,GUT_GENOME009343_00226,248061,0.02816895907477235,0.027908092530646477,0.027951585715571218,0.0013962813597130103,0.4777948813938758,0.03002138382620291,0.9308783509268994,0.0002608665441258713,-0.4764200114355706,-0.0020697981106316925,-0.2009131424332154,0.2673421180986587,0.8748778004120825,False
GUT_GENOME009343_1,GUT_GENOME009343_00226,248247,0.027585610460852072,0.027854251306264708,0.027845810392287753,0.0013935542414943022,0.523214342339097,0.029999843856911085,0.9389129268217842,-0.0002686408454126363,-0.7431104574796427,-0.0021540334646233325,-0.21388083667373747,0.5979581643118618,0.7415749214213432,False
GUT_GENOME009343_1,GUT_GENOME009343_00226,248275,0.027137420116277507,0.027332224293362465,0.02729835230390488,0.001395909512644184,0.5169675397940751,0.030131353216440927,0.978796398685628,-0.00019480417708495762,-0.7059220548250943,-0.002833000912536049,-0.31840514679503784,0.599707784994053,0.7409264676897563,False
GUT_GENOME009343_1,GUT_GENOME009343_00226,248332,0.02720244253784775,0.0272908882695417,0.02724961635073186,0.001395494662638766,0.5076507578566185,0.030126191947789364,0.9803642359497237,-8.844573169395145e-05,-0.6523538104487451,-0.0028765755970575034,-0.3251132943687693,0.5312641481823113,0.7667211721961726,False
GUT_GENOME009343_1,GUT_GENOME009343_00226,248425,0.027225829768290497,0.027136475533809944,0.027144900212288704,0.001390292287201796,0.4921668678037669,0.03029699491685155,0.9883115222819767,8.935423448055285e-05,-0.5628034977948909,-0.0031520947045628467,-0.3675283537737005,0.4518248679577701,0.7977879577242725,False
GUT_GENOME009343_1,GUT_GENOME009343_00226,249026,0.0271401862773592,0.02688845000535867,0.0269557284494922,0.001382868289594701,0.47821730714744587,0.030148394466862637,0.9895206456950969,0.00025173627200052867,-0.48101854281344913,-0.0031926660173704387,-0.37377414434137174,0.3710859495084986,0.8306531376994153,False
GUT_GENOME009343_1,GUT_GENOME009343_00226,249537,0.02702824904397291,0.026838016167196235,0.026855188554931898,0.0013583921602521997,0.48334827852067475,0.03027207272620363,0.994054937875682,0.00019023287677667408,-0.5119951981529905,-0.0034168841712717314,-0.40829162809593456,0.428841136504949,0.8070089113141904,False
GUT_GENOME009343_1,GUT_GENOME009343_00226,249723,0.02713734323165195,0.0271317928344739,0.027082900796735535,0.0013939946837519177,0.499511451827527,0.030348265694715305,0.9904212374070115,5.550397178047395e-06,-0.6050119413255637,-0.00326536489797977,-0.38496584486492613,0.5142381508590936,0.7732761300957571,False
GUT_GENOME009343_1,GUT_GENOME009343_00226,250002,0.027153834614881064,0.02689967946623568,0.02696162218639139,0.0013930671775867103,0.4779040393153455,0.030249063636937547,0.9908590471013483,0.00025415514864538316,-0.4798002570933876,-0.003287441450546158,-0.38836444141613363,0.3810352260633463,0.8265311998806504,False
GUT_GENOME009343_1,GUT_GENOME009343_00226,250020,0.027303620830287513,0.026989618517594103,0.026999263952304002,0.0014010582579511638,0.47276519674798256,0.030305626023230874,0.990860151488009,0.0003140023126934101,-0.44965777525125206,-0.003306362070926872,-0.39127719488972196,0.355289958084675,0.8372396083397672,False
GUT_GENOME009343_1,GUT_GENOME009343_00228,250529,0.02723008700597504,0.027092914783536398,0.027069542119835522,0.0014100312323402785,0.4881148212445027,0.03010574592301936,0.9843519874693508,0.0001371722224386418,-0.5387196024811969,-0.0030362038031838366,-0.3496874152232357,0.41250009846300645,0.813629603387805,False
GUT_GENOME009343_1,GUT_GENOME009343_00228,250652,0.02754410390961918,0.027164398304666337,0.02716559681310613,0.0014091676956403208,0.4670257363948434,0.03016833366003816,0.9834495960373004,0.0003797056049528423,-0.41656580965186035,-0.0030027368469320304,-0.3445353117979041,0.2922316548465889,0.8640576158211054,False
GUT_GENOME009343_1,GUT_GENOME009343_00228,250687,0.028131184789110954,0.026936411119086342,0.026969884020022494,0.001394360524073772,0.3994949030184123,0.030490293727116206,0.9942109450097891,0.0011947736700246119,-0.006050545606690592,-0.003520409707093712,-0.42422896831010276,0.1800068266555928,0.9139280657298335,False
GUT_GENOME009343_1,GUT_GENOME009343_00228,250690,0.028368783807894416,0.026843695665804475,0.026953098750158055,0.0013918277068409835,0.37378952356626177,0.030315629999037527,0.9921520417646464,0.0015250881420899413,0.16031486426358768,-0.003362531248879471,-0.39992421411520135,0.18564023273951397,0.9113574238339662,False
GUT_GENOME009343_1,GUT_GENOME009343_00228,250724,0.028862117407138062,0.02764267587088734,0.027682416788063113,0.0014153380474096879,0.3995844461562112,0.03016337641367702,0.9601912357376056,0.0012194415362507226,0.0063736138607167,-0.0024809596256139058,-0.2642098053793738,0.06984744421225209,0.9656790734142026,False
GUT_GENOME009343_1,GUT_GENOME009343_00228,250727,0.029053342047139726,0.02792818971631342,0.028022075172701194,0.0014481101467355463,0.40784974591143086,0.030415199986253864,0.9507923029100267,0.0011251523308263046,-0.04111586550933552,-0.0023931248135526696,-0.25068798903374684,0.06453498224236574,0.9682475498136442,False
GUT_GENOME009343_1,GUT_GENOME009343_00228,250747,0.029359151834921316,0.027848865812402354,0.02794247697510415,0.001429160493784829,0.37736114002519416,0.030253502928396462,0.9470664050449121,0.001510286022518962,0.15285966354538297,-0.002311025953292311,-0.238049199417485,0.08003349808251323,0.9607733469851325,False
GUT_GENOME009343_1,GUT_GENOME009343_00228,251068,0.028769305201768063,0.027839009537613115,0.027884044506960814,0.0014151693156181917,0.4225307687728742,0.030122957208000994,0.9431844771121485,0.0009302956641549474,-0.13925691580617214,-0.00223891270104018,-0.22694765402612732,0.0708977262678101,0.9651720888439353,False
GUT_GENOME009343_1,GUT_GENOME009343_00228,251104,0.02915819111581525,0.027898445239730587,0.02800042412168753,0.0014279801523814323,0.3985290635112232,0.030245351078980718,0.9420362672580307,0.0012597458760846628,0.026673202837545668,-0.002244926957293187,-0.22787352460750912,0.05263780296666192,0.9740244222421865,False
GUT_GENOME009343_1,GUT_GENOME009343_00230,253960,0.02932624291437697,0.02808614253523139,0.02815703377380361,0.001433068014380572,0.3998815219000825,0.03011762031142871,0.9143602872525968,0.0012401003791455804,0.016778598069125718,-0.001960586537625101,-0.18410045964427044,0.03417450059439692,0.9830579087982745,False
GUT_GENOME009343_1,GUT_GENOME009343_00230,253996,0.029612229080847194,0.02827877623154684,0.028346950801318285,0.0014593133957477096,0.39295355671879656,0.03025704372742473,0.9047156107036027,0.0013334528493003546,0.0637962835571242,-0.0019100929261064437,-0.17632717106357979,0.03516123705098592,0.9825730188839744,False
GUT_GENOME009343_1,GUT_GENOME009343_00230,254047,0.02953125694909631,0.0281087397741209,0.028165912344579304,0.0014256808719501416,0.3862826680709101,0.029980577826536868,0.8984628172058944,0.0014225171749754108,0.10865421228517619,-0.0018146654819575642,-0.16163649951965797,0.037932095824280525,0.9812126758962498,False
GUT_GENOME009343_1,GUT_GENOME009343_00230,254503,0.0298747513926562,0.028516655297957196,0.02858186574733895,0.0014497869364947958,0.3932866507571195,0.030237581969465566,0.873281525358055,0.0013580960946990052,0.0762080425564983,-0.0016557162221266172,-0.13716689971896645,0.024622424128806053,0.9877642608682589,False
GUT_GENOME009343_1,GUT_GENOME009343_00231,255089,0.03003719480755412,0.02858508477757209,0.02865621066684557,0.001451062798776803,0.3850248252358227,0.030476547019308686,0.8951670924044706,0.0014521100299820303,0.12355888001476405,-0.0018203363524631165,-0.16250950724514215,0.04167613677556177,0.9793775439142658,False
GUT_GENOME009343_1,GUT_GENOME009343_00231,255725,0.029762512574410205,0.028091744549679644,0.028177129683039447,0.001460409778328731,0.36797561413325675,0.029940879211629048,0.8864203260737307,0.001670768024730561,0.23368765121361662,-0.0017637495285896011,-0.1537981931084811,0.07826380253317058,0.9616238613755658,False
GUT_GENOME009343_1,GUT_GENOME009343_00236,261109,0.029838371453537665,0.028537262256733878,0.02852529280343957,0.001441875535835694,0.3957698011926856,0.03030724691629817,0.8917444142333298,0.0013011091968037868,0.04750615563554427,-0.0017819541128585997,-0.15660071570011908,0.026780618981058074,0.9866989418915955,False
GUT_GENOME009343_1,GUT_GENOME009343_00237,264059,0.029995669137308244,0.02853816415621584,0.028550918066368797,0.0014235638713354292,0.384854672786433,0.030333452401361986,0.894744804257039,0.0014575049810924036,0.12627608839832485,-0.0017825343349931883,-0.15669003856607003,0.04049741868701806,0.9799549190514456,False
GUT_GENOME009343_1,GUT_GENOME009343_00237,264427,0.0301180472085541,0.028969035254823257,0.02895898888976616,0.0014169874903034489,0.40850510217576147,0.030537135459256307,0.8673032534804772,0.0011490119537308427,-0.029098783971719198,-0.001578146569490145,-0.12522536341541973,0.016528130871156725,0.991769988081785,False
GUT_GENOME009343_1,GUT_GENOME009343_00237,264652,0.030548394970634704,0.028928881539278556,0.02896921141152978,0.001415643662425501,0.3734238409728784,0.030566789010524432,0.8704491285725082,0.0016195134313561482,0.20787288330123116,-0.0015975775989946518,-0.12821669232249613,0.059650655802088906,0.9706150581119498,False
GUT_GENOME009343_1,GUT_GENOME009343_00237,264772,0.03099577957160702,0.0289326683961254,0.029003382174249293,0.0014223760627221486,0.3451072879355088,0.030382001429388496,0.8337864785466583,0.0020631111754816182,0.4312942794560101,-0.0013786192551392025,-0.09450893518752457,0.19494669432175865,0.907126518730771,False
GUT_GENOME009343_1,GUT_GENOME009343_00237,264799,0.031161690919462002,0.028947958980705835,0.029006544886920126,0.001416006986378576,0.3345324162810429,0.03046414181870213,0.8483473814730991,0.0022137319387561666,0.5071555787217245,-0.0014575969317820042,-0.10666723112858889,0.26858467922520707,0.8743344246513239,False
GUT_GENOME009343_1,GUT_GENOME009343_00238,266443,0.029938491841613766,0.028275607615485195,0.0282784800370282,0.0014096892518752969,0.37208023562557635,0.030008345229975482,0.8901122295364751,0.0016628842261285706,0.22971691575793415,-0.0017298651929472803,-0.14858183580325215,0.0748464233160024,0.9632683826629673,False
GUT_GENOME009343_1,GUT_GENOME009343_00239,267452,0.03084470690704544,0.02860425568418936,0.028695275584708985,0.0014280488169735389,0.331044172505479,0.03045638150419603,0.8912541391867167,0.0022404512228560783,0.520612950489084,-0.0017611059194870445,-0.1533912201106966,0.29456671062399753,0.863049393135766,False
GUT_GENOME009343_1,GUT_GENOME009343_00240,268779,0.030051072885455412,0.028326082288791476,0.028362770221988385,0.0014076887010846387,0.36667188867804323,0.03041416798486759,0.9274805622813089,0.0017249905966639362,0.26099726422425246,-0.002051397762879204,-0.1980804828399854,0.107355449614666,0.9477374895725109,False
GUT_GENOME009343_1,GUT_GENOME009343_00240,269295,0.029923816337381063,0.02835571690824493,0.028373224476934862,0.001405908050059324,0.3788005470022344,0.03043800432412075,0.9290354505603449,0.0015680994291361328,0.18197782790471023,-0.0020647798471858866,-0.20014060094202563,0.07317218999435149,0.9640750882811884,False
GUT_GENOME009343_1,GUT_GENOME009343_00241,269562,0.030415245283013433,0.02800927355861289,0.028073363620197415,0.0013927863227427215,0.3205119176254586,0.03036101664966016,0.9497568980069347,0.002405971724400543,0.6039786168772422,-0.0022876530294627453,-0.23445103171988263,0.4197574559194639,0.8106825531363399,False
GUT_GENOME009343_1,GUT_GENOME009343_00241,270068,0.030063002704382547,0.027788003516449594,0.027890062488698335,0.001376419246862099,0.3266233296165192,0.030332229597299195,0.9619924152908612,0.0022749991879329537,0.5380132972987801,-0.0024421671086008595,-0.25823785327604004,0.35614509693492313,0.8368817068010683,False
GUT_GENOME009343_1,GUT_GENOME009343_00241,270084,0.02908949385671584,0.02770953102953977,0.027807550131961917,0.001390820802202767,0.38790467325224254,0.030246437533504394,0.9602470149689765,0.0013799628271760726,0.08722138959008377,-0.002438887401542477,-0.2577329555541666,0.07403384718071118,0.9636598266269049,False
GUT_GENOME009343_1,GUT_GENOME009343_00241,270107,0.029093630719360455,0.027635000272141195,0.027720967095045842,0.0013702878031695953,0.3836370140997472,0.03005114696894355,0.9554819165392967,0.0014586304472192606,0.1268429380198959,-0.0023301798738977093,-0.24099786852312788,0.07416910355820999,0.9635946582618935,False
GUT_GENOME009343_1,GUT_GENOME009343_00241,270228,0.02906342236921248,0.02812747532814617,0.028128163229301298,0.0013915945694001899,0.42391549470684264,0.030312350393836215,0.9417409095256994,0.0009359470410663095,-0.13641055660697776,-0.0021841871645349176,-0.21852287760007702,0.06636008798844373,0.9673643757630463,False
GUT_GENOME009343_1,GUT_GENOME009343_00241,270504,0.028633499643280203,0.028009084213863878,0.027978860336744463,0.0013798033965698247,0.44856884523614193,0.030300523370824214,0.9537741340274081,0.0006244154294163251,-0.2933158351908585,-0.002321663034079751,-0.23968673525875356,0.1434839102327107,0.9307710455313137,False
GUT_GENOME009343_1,GUT_GENOME009343_00241,270580,0.028422661465463687,0.02715428384106953,0.027194577976375776,0.0013430848541652219,0.39624554258362293,0.030130819760389907,0.98559923079081,0.0012683776243941555,0.031020648883209174,-0.0029362417840141306,-0.33429866407740916,0.1127178774610758,0.9451998061762175,False
GUT_GENOME009343_1,GUT_GENOME009343_00245,275739,0.028567709495599346,0.02784875391048576,0.027828218645387457,0.001385905012325012,0.4417757956816587,0.030427159731946297,0.969621957496813,0.0007189555851135863,-0.24569996279679618,-0.0025989410865588404,-0.28237257717393227,0.14010274405819537,0.932345922173814,False
GUT_GENOME009343_1,GUT_GENOME009343_00245,275817,0.02843175137518315,0.02694626823255784,0.026965995551353015,0.0013360591728563442,0.38090243041247657,0.030358144949987884,0.9944402619831639,0.0014854831426253101,0.1403675034118283,-0.0033921493986348687,-0.4044838092471469,0.18331018795715193,0.9124197943616671,False
GUT_GENOME009343_1,GUT_GENOME009343_00245,276096,0.028296045519757614,0.02775052409377147,0.027700790992703266,0.0014566785477966402,0.45525306503161833,0.030518383485228086,0.9734593079004656,0.0005455214259861459,-0.333051403344751,-0.0028175924925248202,-0.3160330824542744,0.21080014647545822,0.8999643988822391,False
GUT_GENOME009343_1,GUT_GENOME009343_00245,277193,0.0275619613475063,0.02734732147292551,0.027313818749757135,0.0014243123086227936,0.4820978531817707,0.03035123679609774,0.9835191946540752,0.0002146398745807923,-0.4997024270612594,-0.003037418046340605,-0.3498743430776872,0.3721145715549564,0.8302260334758365,False
GUT_GENOME009343_1,GUT_GENOME009343_00245,277486,0.027496413580442317,0.027460101846716132,0.02738774508609407,0.0014498240743433938,0.4969190107927313,0.030374074563873348,0.9802905690421367,3.631173372618465e-05,-0.589518758931859,-0.0029863294777792773,-0.3420094632511598,0.4645028400859057,0.7927467858180726,False
GUT_GENOME009343_1,GUT_GENOME009343_00245,277513,0.027653778701634622,0.027640831585944933,0.027567324762594814,0.0014615772142825743,0.498900302368742,0.030310186899766264,0.9697166438327355,1.2947115689689731e-05,-0.6012865274822335,-0.00274286213717145,-0.30452864455751855,0.45428318348768226,0.7968079528749172,False
GUT_GENOME009343_1,GUT_GENOME009343_00245,277535,0.02758500064005059,0.02767762537359099,0.027604470100549207,0.0014561823638680762,0.5077052221791422,0.030280586039999054,0.9669512241983671,-9.262473354039805e-05,-0.6544585966867977,-0.0026761159394498475,-0.2942533356431989,0.5149010803144016,0.7730198588086862,False
GUT_GENOME009343_1,GUT_GENOME009343_00245,277763,0.02824206454048628,0.027954941383491305,0.027869356321477006,0.0015010976898388667,0.4765985273947483,0.030202644429587002,0.9399540429097011,0.0002871231569949763,-0.46319566757179365,-0.002333288108109996,-0.24147636868942224,0.27286106309270935,0.8724669270827476,False
GUT_GENOME009343_1,GUT_GENOME009343_00245,278030,0.027400724711367626,0.028036900688779866,0.027798242796822734,0.0015318382092620504,0.5536827647276333,0.030145024425039812,0.9372392249531734,-0.0006361759774122407,-0.9282223373634515,-0.0023467816282170782,-0.24355364188512038,0.9209150840559746,0.6309948727753939,False
GUT_GENOME009343_1,GUT_GENOME009343_00245,278360,0.027111907298191646,0.027564168268809273,0.02735966881781704,0.0014912080846502904,0.5380904544301541,0.030148582646583856,0.969274603350659,-0.0004522609706176274,-0.8355921377377162,-0.002788913828766816,-0.31161811741622814,0.7953200717511207,0.671890407473435,False
GUT_GENOME009343_1,GUT_GENOME009343_00245,278708,0.026451107399078872,0.02693208795517095,0.026694765096681148,0.0015754058187698126,0.541394503677356,0.030161150328859927,0.9861076371097296,-0.00048098055609207754,-0.850056976589271,-0.0034663852321787786,-0.4159121174986117,0.8955797529302715,0.639038947047982,False
GUT_GENOME009343_1,GUT_GENOME009343_00246,279420,0.026072055966510247,0.026819115819706394,0.026546005258361594,0.0015354312628616995,0.5659692421724382,0.030146412561794976,0.9904834850198635,-0.000747059853196147,-0.9840698493645187,-0.0036004073034333825,-0.43654427678987134,1.1589643740262983,0.5601883642867396,False
GUT_GENOME009343_1,GUT_GENOME009343_00247,280929,0.026224328864346596,0.02733923248388266,0.02707351310122551,0.0015360657846411284,0.5970125557240338,0.03012803842856154,0.9766238948514014,-0.0011149036195360652,-1.1693371752940467,-0.0030545253273360287,-0.35250794023995907,1.4916112774568786,0.4743519896248388,False
GUT_GENOME009343_1,GUT_GENOME009343_00247,280947,0.026644196769798893,0.02740754031566314,0.027172405226275245,0.0015593711640338453,0.5663714820139127,0.030163815013307883,0.9724662751291817,-0.0007633435458642458,-0.9922712557031247,-0.0029914097870326374,-0.34279155644508646,1.1021082960647008,0.5763419403219123,False
GUT_GENOME009343_1,GUT_GENOME009343_00247,280960,0.026663777562523264,0.027055153911074784,0.026892628553533922,0.0015324428926180654,0.5343781230103409,0.030128132249977038,0.9826283309192418,-0.0003913763485515198,-0.8049271322310194,-0.0032355036964431157,-0.38036883288797907,0.7925881372342164,0.6728088148857372,False
GUT_GENOME009343_1,GUT_GENOME009343_00248,281147,0.02672627420598614,0.026750493737262827,0.02665112597718504,0.0014820023506290244,0.5021208705734271,0.030133388175447414,0.9906057480427461,-2.4219531276688244e-05,-0.6200057934514294,-0.003482262198262375,-0.4183563126243264,0.5594291882259597,0.7559994773695367,False
GUT_GENOME009343_1,GUT_GENOME009343_00248,281545,0.02662206115248217,0.026699195681872977,0.02659914715804738,0.001466752564785536,0.5067824499998024,0.030123713150287383,0.9918687935434511,-7.713452939080503e-05,-0.6466568369085836,-0.0035245659922400023,-0.42486881170601065,0.598678571881092,0.7413078514307698,False
GUT_GENOME009343_1,GUT_GENOME009343_00248,282044,0.02639775393719053,0.0266971156757631,0.0265560590150723,0.0014803887582714192,0.5263184981859946,0.0301297638915684,0.992111447654424,-0.00029936173857256915,-0.7585832702515954,-0.0035737048764960984,-0.43243354546870966,0.7624473491522437,0.6830250971835519,False
GUT_GENOME009343_1,GUT_GENOME009343_00248,282215,0.025891168090071557,0.026447187477925575,0.026289384586632346,0.0014894937584392681,0.5492275839831832,0.03019704056199474,0.9956481627317956,-0.0005560193878540176,-0.8878508580507922,-0.0039076559753623945,-0.4838439751300401,1.022384138411167,0.5997801730160022,False
GUT_GENOME009343_1,GUT_GENOME009343_00248,282239,0.02567412302348801,0.02609453286965706,0.02615248884233808,0.0015033917787004613,0.5376779755960844,0.030028973668747412,0.9950383811327593,-0.0004204098461690481,-0.8195500753340165,-0.003876484826409333,-0.4790453020124654,0.9011467273602063,0.6372626635870171,False
GUT_GENOME009343_1,GUT_GENOME009343_00255,288102,0.026414849284712768,0.026852952033362493,0.026769216824200713,0.0014558584546108225,0.5387859034252148,0.030134256594386993,0.989594018226604,-0.0004381027486497248,-0.8284612409713806,-0.0033650397701862796,-0.4003103908896915,0.8465964368460976,0.6548833057214275,False
GUT_GENOME009343_1,GUT_GENOME009343_00255,288174,0.025962931888701545,0.02632124982908199,0.026249101150024615,0.0014413749560024597,0.5320080054753542,0.03021326257267299,0.997022635148287,-0.000358317940380444,-0.7882770121480209,-0.003964161422648375,-0.49254276166806854,0.8639790199526189,0.6492161869426087,False
GUT_GENOME009343_1,GUT_GENOME009343_00255,288175,0.02567134093559714,0.025779426936318923,0.025736302453544944,0.0014511456662623784,0.5096263216817243,0.030212805352201184,0.9989815752769508,-0.00010808600072178404,-0.6622457821396847,-0.00447650289865624,-0.5714156730143797,0.7650853473282792,0.6821247815915237,False
GUT_GENOME009343_1,GUT_GENOME009343_00255,289395,0.0266495217998873,0.026786429634435092,0.026761758097213102,0.0014443328475701382,0.5121455913630566,0.030155097374857994,0.9905985669899691,-0.0001369078345477906,-0.6767621191554248,-0.003393339277644892,-0.40466698633911624,0.621762335756524,0.732800950987387,False
GUT_GENOME009343_1,GUT_GENOME009343_00255,289637,0.026192431183701733,0.026049204905040854,0.025989217401445375,0.0014007645393912418,0.4873196079498566,0.030167831430099552,0.9985732540713667,0.00014322627866087886,-0.5356704307676701,-0.004178614028654177,-0.5255568785677539,0.563152843008702,0.7545932463206638,False
GUT_GENOME009343_1,GUT_GENOME009343_00255,289900,0.026970468426771477,0.026444953801206296,0.026517838448298744,0.0013782205424993873,0.45642817514353257,0.030225489709917494,0.9964292473476384,0.0005255146255651807,-0.3431279813748181,-0.0037076512616187503,-0.4530540531841061,0.3229947867089043,0.8508687493757201,False
GUT_GENOME009343_1,GUT_GENOME009343_00255,289918,0.025664341843580626,0.02728147925170559,0.027065584773209382,0.0013112532526520792,0.6427390088484056,0.030165382431761947,0.9909605000958583,-0.0016171374081249655,-1.4222910636503816,-0.0030997976585525645,-0.35947743370026963,2.1521358950794656,0.3409334617607221,False
GUT_GENOME009343_1,GUT_GENOME009343_00255,289970,0.025888995872555224,0.026896194026415677,0.026828788818566287,0.0013442382339863633,0.5869391705474309,0.030258211160277847,0.9946323850782552,-0.001007198153860453,-1.1150904938502844,-0.0034294223417115598,-0.4102218290495078,1.4117087585039947,0.4936865984314269,False
GUT_GENOME009343_1,GUT_GENOME009343_00256,291070,0.025812137173273943,0.027675244416890822,0.027499342716410455,0.0013294913767728986,0.657495932944986,0.03025750098990374,0.9809880306814143,-0.0018631072436168794,-1.5461756523015378,-0.0027581582734932837,-0.3068834232755206,2.484836583251388,0.28868524800540846,False
GUT_GENOME009343_1,GUT_GENOME009343_00256,291322,0.025543005025031366,0.02714674569092348,0.027074368998772965,0.0013474034593090808,0.6382579978817148,0.03023189604343369,0.9904459719500229,-0.001603740665892115,-1.4155436919758708,-0.0031575270446607233,-0.3683646407014765,2.1394564524118067,0.34310175081351574,False
GUT_GENOME009343_1,GUT_GENOME009343_00259,294520,0.026887331540956978,0.027682481199995255,0.02762508806150718,0.0013464284247785567,0.564205562725202,0.03029945175581688,0.9764980482256367,-0.0007951496590382773,-1.0082906478341835,-0.002674363694309699,-0.29398358454540996,1.1030763784920459,0.5760630345760118,False
GUT_GENOME009343_1,GUT_GENOME009343_00259,294522,0.02688077870443633,0.028881776852575904,0.02870802812229022,0.0013645890515429201,0.6618772764197076,0.030273355598249355,0.8743309697527852,-0.002000998148139574,-1.6156254608578047,-0.001565327475959135,-0.12325191548087089,2.6254366644416973,0.2690875918236288,False
GUT_GENOME009343_1,GUT_GENOME009343_00259,295167,0.026953189175667754,0.027874270653593627,0.027801853927599724,0.0013216480914860081,0.5756547648169558,0.0302205735114995,0.9663808895310801,-0.0009210814779258732,-1.0717171714555915,-0.0024187195838997755,-0.254628201074057,1.2134132163749842,0.5451432863240657,False
GUT_GENOME009343_1,GUT_GENOME009343_00260,297445,0.026827064124995234,0.0283748615406858,0.028224492970695753,0.001353106258454952,0.6281971184966376,0.030302947799999664,0.9377383874669641,-0.0015477974156905654,-1.387367446196922,-0.0020784548293039107,-0.20224580948508872,1.9656917982212483,0.37424451973711176,False
GUT_GENOME009343_1,GUT_GENOME009343_00260,297986,0.02803333280467698,0.029134298042636366,0.029018098140107588,0.0013611069414116482,0.5887014894223584,0.03033143673650452,0.8327037469438516,-0.0011009652379593872,-1.1623170028219372,-0.0013133385963969325,-0.08445924010968782,1.358114178288877,0.5070949123098457,False
GUT_GENOME009343_1,GUT_GENOME009343_00260,298692,0.02784090602150446,0.02958275571563531,0.029414141951640563,0.0013823216553435177,0.6383541622025294,0.030290376034370414,0.7369223267253183,-0.0017418496941308502,-1.4851033602097794,-0.0008762340827298508,-0.01716875677000407,2.2058267567154055,0.3319027155832236,False
GUT_GENOME009343_1,GUT_GENOME009343_00260,298712,0.027422600036977298,0.029714340516633065,0.029514255882838115,0.0013936943432572499,0.6813460067178774,0.030317411120084563,0.7177863179421444,-0.002291740479655767,-1.7620600595203946,-0.000803155237246448,-0.005918562181005543,3.104890682735307,0.2117295891482084,False
GUT_GENOME009343_1,GUT_GENOME009343_00260,298757,0.027279191188080663,0.029878087911501018,0.029668007747067487,0.0014130837333270973,0.7055585961279903,0.03041636730017422,0.7018029991245813,-0.0025988967234203547,-1.916761650609035,-0.0007483595531067311,0.0025170131914751745,3.6739815606008785,0.15929606243394026,False
GUT_GENOME009343_1,GUT_GENOME009343_00260,298877,0.027452914207530883,0.029945164922638576,0.029748861607775783,0.0014075549699042716,0.6977325938992682,0.03033463193752647,0.6613541219878494,-0.0024922507151076932,-1.8630485729681134,-0.0005857703297506879,0.027546970749371433,3.4717088208359903,0.17624954648673186,False
GUT_GENOME009343_1,GUT_GENOME009343_00338,406496,0.02814737476490045,0.029631825536930684,0.02948637122027907,0.0013412469884881684,0.617339025896213,0.030229653933495675,0.7102697334079187,-0.0014844507720302332,-1.355462424686471,-0.0007432827132166052,0.00329857229087389,1.8372892653160853,0.3990595469872293,False
GUT_GENOME009343_1,GUT_GENOME009343_00338,406517,0.028338487320310482,0.03025693312757011,0.03010709937905212,0.001430852799423332,0.6503864383461415,0.03034774753752575,0.5667811790316428,-0.0019184458072596285,-1.5740473430709256,-0.0002406481584736296,0.08067714211649298,2.484133839488725,0.2887867017070578,False
GUT_GENOME009343_1,GUT_GENOME009343_00338,406616,0.028270680528102415,0.0298498138357789,0.029713781439767984,0.0014055448317401025,0.6234614701007077,0.0303351918103549,0.6707964686738314,-0.001579133307676485,-1.403150007830665,-0.0006214103705869146,0.022060329684982047,1.969316602621005,0.373566852434603,False
GUT_GENOME009343_1,GUT_GENOME009343_00338,406649,0.02842815578023381,0.03000642119396108,0.029816569735729624,0.0014217158572459266,0.6224357597737176,0.03039767460592455,0.6586328857224254,-0.00157826541372727,-1.4027128864060956,-0.0005811048701949255,0.02826519949945959,1.9684023631924643,0.3737376562433687,False
GUT_GENOME009343_1,GUT_GENOME009343_00338,406674,0.02790933654790275,0.029682243106831544,0.02951726552203168,0.0013585228434345603,0.638773242672297,0.03028258668879935,0.7134010406147573,-0.0017729065589287933,-1.5007453876664927,-0.000765321166767672,-9.415907002885762e-05,2.252236727468182,0.32428959076450614,False
GUT_GENOME009343_1,GUT_GENOME009343_00338,406714,0.027462388194667148,0.028794304599682487,0.028668407533734244,0.0013442724575480145,0.6054516422241757,0.030308548544593687,0.8887856959485476,-0.0013319164050153397,-1.278637324263026,-0.001640141010859443,-0.13476915853461416,1.6530761330906387,0.43756147597341755,False
GUT_GENOME009343_1,GUT_GENOME009343_00338,406740,0.026760567398252107,0.028705483442379408,0.02849317758958841,0.0013799475688172223,0.6550497327173056,0.03033078981876602,0.9085129881710428,-0.0019449160441273004,-1.587379280295228,-0.0018376122291776098,-0.16516905904084944,2.5470537975750354,0.2798429016548272,False
GUT_GENOME009343_1,GUT_GENOME009343_00338,406754,0.02752667886628366,0.028404564141504284,0.0283060111319766,0.0014112142173903358,0.569209943175057,0.030257810600233283,0.9166773663821944,-0.0008778852752206225,-1.049961073628678,-0.001951799468256684,-0.182747725626542,1.13581498735716,0.5667100432189216,False
GUT_GENOME009343_1,GUT_GENOME009343_00338,406781,0.02813659257620434,0.029544461881510758,0.029432144926487408,0.001384404980758856,0.607533108079401,0.03042587477962776,0.7635605748364509,-0.0014078693053064181,-1.316891583329406,-0.0009937298531403523,-0.03525675845857273,1.735446481260836,0.4199064877829142,False
GUT_GENOME009343_1,GUT_GENOME009343_00338,406782,0.027981644755934468,0.02934566254972907,0.029239197574020433,0.001385499756638996,0.604306570778782,0.03031507698462872,0.7812813643617076,-0.0013640177937946016,-1.294805434210721,-0.0010758794106082853,-0.04790335270620985,1.678815843662109,0.43196620548972,False
GUT_GENOME009343_1,GUT_GENOME009343_00338,406809,0.02769429973058164,0.028475895353830195,0.028370691944443888,0.0013496797747277666,0.5607033478734372,0.030342670271601133,0.9280020565943969,-0.0007815956232485564,-1.0014640540568835,-0.001971978327157245,-0.18585417986392885,1.0374720277409422,0.5952724888178372,False
GUT_GENOME009343_1,GUT_GENOME009343_00338,406898,0.02818789495983393,0.029022140466761832,0.028884772285098476,0.0013524231669305284,0.5642557293152389,0.030371605860469355,0.8641998875635031,-0.0008342455069279033,-1.0279815706015556,-0.0014868335753708793,-0.11116809491931125,1.06910445482443,0.585931595520624,False
GUT_GENOME009343_1,GUT_GENOME009343_00338,406920,0.02716799159908574,0.029506764293813582,0.02928284733163713,0.001341098180377821,0.6795761867434394,0.03042294361474029,0.802371206742412,-0.002338772694727844,-1.785748194311006,-0.0011400962831031591,-0.05778928216616988,3.1922362146183,0.2026817817809424,False
GUT_GENOME009343_1,GUT_GENOME009343_00338,406932,0.027957462786382364,0.02976858529577401,0.029586806217811477,0.0013274139722969011,0.6388428634728163,0.03036830566979984,0.7219815810609027,-0.0018111225093916453,-1.5199931433660285,-0.0007814994519883614,-0.0025847410660240207,2.3103858367661183,0.3149967623752737,False
GUT_GENOME009343_1,GUT_GENOME009343_00338,406952,0.02724350705237289,0.029191598257509464,0.028995312316049734,0.0013216878785051588,0.6511514236609334,0.03038003819909739,0.8526104416636711,-0.0019480912051365734,-1.5889784744189641,-0.0013847258830476557,-0.09544902601405945,2.533963108733851,0.2816805773793587,False
GUT_GENOME009343_1,GUT_GENOME009343_00338,406954,0.02836423228061828,0.029674560016654253,0.02949336419371149,0.0013677112062882191,0.6006716691580765,0.03039254046861973,0.7445482121905731,-0.0013103277360359718,-1.2677640260364924,-0.0008991762749082401,-0.02070061506083734,1.6076541411761531,0.44761263680201535,False
GUT_GENOME009343_1,GUT_GENOME009343_00338,406968,0.02819816148100795,0.029960893587798642,0.02971781746080576,0.0013814721847125097,0.6358854630159612,0.0304310343707015,0.6971681549631978,-0.0017627321067906904,-1.4956209470400272,-0.0007132169098957412,0.007927081890291385,2.236944855852203,0.32677859140260423,False
GUT_GENOME009343_1,GUT_GENOME009343_00338,407034,0.027107033925265412,0.029003403748299756,0.02873250732483375,0.0013233397283979843,0.6482778284760002,0.030402190115760112,0.8964750292668012,-0.001896369823034344,-1.5629286047941393,-0.0016696827909263613,-0.13931699685991597,2.4621550492978206,0.2919777948473027,False
GUT_GENOME009343_1,GUT_GENOME009343_00338,407041,0.027427679679018335,0.02920283513793365,0.028952135347368558,0.00131161282301064,0.6399558192870972,0.030395805992279493,0.8644827937124813,-0.001775155458915316,-1.5018780633427224,-0.0014436706449109347,-0.10452333522868268,2.266562844757414,0.32197498513270706,False
GUT_GENOME009343_1,GUT_GENOME009343_00338,407044,0.027489708044508013,0.029381481874957788,0.029147070093309052,0.0013185769964507805,0.6491388611389988,0.030391792451797236,0.827412399801538,-0.0018917738304497743,-1.5606137979819767,-0.0012447223584881838,-0.07389604602346267,2.4409760520696318,0.2950861220679712,False
GUT_GENOME009343_1,GUT_GENOME009343_00338,407045,0.02631816659664506,0.02834896115693634,0.02813388951072207,0.0012775427806929688,0.6632544744178247,0.030304149906674793,0.9553194032367616,-0.002030794560291281,-1.630632651700179,-0.0021702603959527222,-0.21637890754267877,2.7057826764201205,0.2584917919342155,False
GUT_GENOME009343_1,GUT_GENOME009343_00338,407061,0.02662286361655359,0.02859986575900423,0.02837293289058267,0.0012816462135288062,0.6584695830769612,0.030431307524253094,0.9458674005802954,-0.00197700214245064,-1.603539689087867,-0.0020583746336704234,-0.19915454406118163,2.6110020669002303,0.27103670256593904,False
GUT_GENOME009343_1,GUT_GENOME009343_00338,407064,0.02679657997183886,0.028916314735019443,0.028643054718793134,0.0012960746955049643,0.6688720548782934,0.03036468186489575,0.9079670033720613,-0.002119734763180583,-1.6754280650379811,-0.001721627146102616,-0.14731362159676462,2.8287605042248685,0.24307621274649097,False
GUT_GENOME009343_1,GUT_GENOME009343_00338,407086,0.026901896701592966,0.028903741377142272,0.028589538598416703,0.0012919377862022812,0.6600804582049355,0.030343201684606847,0.9126712955643215,-0.0020018446755493066,-1.6160518208613674,-0.0017536630861901444,-0.1522454258342583,2.6348021573967957,0.2678304685428663,False
GUT_GENOME009343_1,GUT_GENOME009343_00338,407106,0.02723299057309925,0.02899099208387796,0.028729058976902082,0.0013012531166298198,0.6407419375094721,0.030375947633144634,0.8971749628977874,-0.0017580015107787096,-1.493238346182296,-0.0016468886562425525,-0.13580793142539252,2.2482045527472825,0.32494404640777164,False
GUT_GENOME009343_1,GUT_GENOME009343_00338,407112,0.02726799566784154,0.029093464535871926,0.028787948419339803,0.001312984087996357,0.6461814815824096,0.030313860456818893,0.8774169951285741,-0.0018254688680303874,-1.5272187966053703,-0.00152591203747909,-0.11718406712095235,2.3461293582917633,0.3094172222084457,False
GUT_GENOME009343_1,GUT_GENOME009343_00338,407143,0.02731307778301974,0.029024224719696918,0.028782307741496913,0.0013067463953692544,0.6373089351258168,0.030301129626692576,0.8774417184177341,-0.001711146936677177,-1.4696396816249735,-0.0015188218851956634,-0.11609256666926146,2.173318277842611,0.3373416247112655,False
GUT_GENOME009343_1,GUT_GENOME009343_00338,407146,0.0272847379311483,0.028978421920039542,0.028726799468724785,0.0013066812716643022,0.6355116162218479,0.03027739349088064,0.8823202718127828,-0.0016936839888912411,-1.4608443344281485,-0.001550594022155856,-0.12098375947541572,2.1487032394876255,0.3415191177827882,False
GUT_GENOME009343_1,GUT_GENOME009343_00338,407147,0.02722375747826119,0.02875923741451767,0.028689641597115897,0.001292716234934911,0.6237299615132247,0.030272603312757784,0.8896226413970367,-0.0015354799362564814,-1.3811636534844587,-0.0015829617156418868,-0.12596663581543138,1.9234806310451955,0.3822271110394208,False
GUT_GENOME009343_1,GUT_GENOME009343_00338,407172,0.027022715484606746,0.02855510802677144,0.028451126088518183,0.001277520024438813,0.6242324546297118,0.03031392777873475,0.927598874563756,-0.001532392542164692,-1.3796086638398937,-0.0018628016902165687,-0.16904687534193819,1.9318969114049696,0.38062202535701994,False
GUT_GENOME009343_1,GUT_GENOME009343_00338,407173,0.02692580526089386,0.028235177316369937,0.02813517467400174,0.0012591890544801918,0.6071447984856109,0.030302961045877184,0.9574265866863126,-0.0013093720554760782,-1.267282690214124,-0.002167786371875445,-0.21599804147804508,1.6526605708386988,0.43765240243565073,False
GUT_GENOME009343_1,GUT_GENOME009343_00338,407233,0.028302775672310886,0.029308438492571334,0.02917004763384677,0.0012563126706419965,0.5799803917125783,0.030324176360289723,0.8208642239185624,-0.0010056628202604473,-1.1143172113414817,-0.0011541287264429517,-0.05994952042783778,1.245296792491384,0.5365216324732585,False
GUT_GENOME009343_1,GUT_GENOME009343_00338,407250,0.028022918915873166,0.0287121597529364,0.028608028688944936,0.001222193806970228,0.5553764779590459,0.030228359022174175,0.9075396746109788,-0.0006892408370632354,-0.9549488597296908,-0.001620330333229239,-0.13171938432423294,0.9292773209057917,0.6283621162556381,False
GUT_GENOME009343_1,GUT_GENOME009343_00338,407251,0.027087678600050805,0.028588221834150593,0.028424890628496555,0.001238003300911003,0.6216279954841646,0.030259992338764686,0.9308707674093056,-0.0015005432340997882,-1.3635675162717225,-0.0018351017102681312,-0.16478257474345576,1.8864696683705167,0.3893662606755546,False
GUT_GENOME009343_1,GUT_GENOME009343_00338,407264,0.02794744383238655,0.029276876718803416,0.029141842636754137,0.001265200938557381,0.6072030954935274,0.03035497838906813,0.8311824101929082,-0.0013294328864168654,-1.2773864811286872,-0.001213135752313993,-0.06903341493624311,1.6364818345480896,0.44120709205084185,False
GUT_GENOME009343_1,GUT_GENOME009343_00338,407328,0.0276518980052592,0.028721864439719032,0.02858895628435536,0.0012132556024689195,0.5865611383150559,0.030278109733639137,0.9180764391902869,-0.0010699664344598313,-1.146704218382169,-0.0016891534492837756,-0.1423144264696458,1.3351839604368452,0.5129422669420658,False
GUT_GENOME009343_1,GUT_GENOME009343_00338,407372,0.027731656748864943,0.028374307786641597,0.02825739641339047,0.001165513082546979,0.552823528672044,0.030365003658671223,0.9647207522410332,-0.0006426510377766544,-0.9314835510327316,-0.002107607245280755,-0.2067337067734143,0.9104004313608236,0.6343209542321326,False
GUT_GENOME009343_1,GUT_GENOME009343_00338,407440,0.02843780150496952,0.028754126389384495,0.02865538501634434,0.0011961536184416763,0.5251617570050281,0.030270384941861045,0.9115178220950491,-0.00031632488441497505,-0.7671268883774249,-0.0016149999255167038,-0.13089878947755684,0.6056181559583199,0.7387401246648273,False
GUT_GENOME009343_1,GUT_GENOME009343_00338,407441,0.02774856265139255,0.02839129927580118,0.028288052317685025,0.0011887859916304977,0.5517632566737081,0.03026724418720894,0.9520321412434645,-0.0006427366244086304,-0.9315266573944332,-0.0019791918695239163,-0.18696467572308237,0.902697703404683,0.6367686655939058,False
GUT_GENOME009343_1,GUT_GENOME009343_00338,407460,0.028622980599995355,0.02921774426871607,0.02912758792894411,0.0011935950004215445,0.5465086547131968,0.030140822479549766,0.8020296084693705,-0.0005947636687207158,-0.9073647113985275,-0.0010132345506056566,-0.038259428252173336,0.8247745033415163,0.6620678395255788,False
GUT_GENOME009343_1,GUT_GENOME009343_00338,407463,0.028796407120980378,0.02871730951498955,0.028657768371665983,0.001173285310964758,0.4939707351340571,0.030216450660606676,0.907989674842842,7.909760599082716e-05,-0.5679693271692785,-0.001558682288940693,-0.12222891564359598,0.33752906442453223,0.8447077814430054,False
GUT_GENOME009343_1,GUT_GENOME009343_00338,407526,0.029236130086543424,0.029022249648163526,0.02887882047494373,0.0012091945858095185,0.48388782468474334,0.030147620572830634,0.8529784866344398,0.00021388043837989798,-0.500084922911478,-0.001268800097886904,-0.07760271724557877,0.25610711184727614,0.8798062590460491,False
GUT_GENOME009343_1,GUT_GENOME009343_00338,407528,0.029859905853895207,0.02942612512443203,0.029121335033035895,0.001217372345436005,0.4678667495179038,0.03013874441868705,0.7983500122915572,0.00043378072946317556,-0.3893304596634146,-0.0010174093856511537,-0.0389021273305199,0.1530915823325657,0.9263104964796751,False
GUT_GENOME009343_1,GUT_GENOME009343_00338,407530,0.02957959432427912,0.02914001316218487,0.02871637756757783,0.0012220997707121748,0.46745261803056215,0.030114959076517366,0.8737728919539098,0.0004395811620942526,-0.3864090274111117,-0.0013985815089395358,-0.09758204394017625,0.15883419176434377,0.9236545915636037,False
GUT_GENOME009343_1,GUT_GENOME009343_00338,407541,0.03038688164765604,0.028944687952746843,0.02888672964685604,0.0012088169056650396,0.3963996555285241,0.030173516945635345,0.8564491916769547,0.0014421936949091975,0.11856444202212123,-0.0012867872987793044,-0.0803717745399619,0.020517149054719415,0.9897938651762463,False
GUT_GENOME009343_1,GUT_GENOME009343_00338,407601,0.03042990646170088,0.029188903101925408,0.029190042309863017,0.001213282291430976,0.4094599031082969,0.030057189582494405,0.762606453622896,0.0012410033597754708,0.017233391168735703,-0.0008671472726313884,-0.015769878871417172,0.0005456788507938275,0.9997271977918942,False
GUT_GENOME009343_1,GUT_GENOME009343_00338,407693,0.030815549370275003,0.02941751764446148,0.02946531290448433,0.0012556015018022131,0.39810905461583923,0.0300907915117748,0.6908110413002893,0.0013980317258135214,0.09632192856716237,-0.0006254786072904667,0.021434040993003996,0.009737332036187308,0.9951431667252904,False
GUT_GENOME009343_1,GUT_GENOME009343_00338,407760,0.03070054239094981,0.02949827984412703,0.029524475191330994,0.0012416483762635027,0.41142498660107035,0.030157496272265046,0.6949123156540159,0.0012022625468227806,-0.0022787155375892103,-0.0006330210809340521,0.02027290748560615,0.0004161833224211963,0.9997919299883574,False
GUT_GENOME009343_1,GUT_GENOME009343_00341,411574,0.030912150783474916,0.03005536448967277,0.03005250419734324,0.0011789362673355857,0.43716495271351563,0.03020240129291839,0.5505875997241402,0.0008567862938021475,-0.17628047233272634,-0.0001498970955751515,0.09464790355932665,0.04003303057402469,0.9801824851780127,False
GUT_GENOME009343_1,GUT_GENOME009343_00342,412353,0.031034428281572452,0.030132299500020464,0.030126822402684515,0.0011811878821754022,0.4352486518901314,0.030071189512213752,0.481217120872502,0.0009021287815519884,-0.15344338162981458,5.5632890470763e-05,0.1262884189724476,0.039493636132553384,0.98044687332085,False
GUT_GENOME009343_1,GUT_GENOME009343_00342,412366,0.031160249674939935,0.03004413569130447,0.030066758598649948,0.0011685179276472706,0.41978242548064143,0.03004730556962272,0.4933588718455644,0.0011161139836354632,-0.045668098190974796,1.9453029027227675e-05,0.12071867469487525,0.016658573612467628,0.9917053055931505,False
GUT_GENOME009343_2,GUT_GENOME009343_00513,89166,0.04569224402054457,0.04296578161458443,0.04325754293714171,0.0022134772986453994,0.3505638079374573,0.02992005425750908,8.425114733820902e-10,0.0027264624059601394,0.7653961995338138,0.013337488679632626,2.1709767435167064,5.2989713631512085,0.07068755962706573,False
GUT_GENOME009343_2,GUT_GENOME009343_00513,89348,0.0456451552867466,0.042200840505975834,0.042569596537951254,0.002226090701804597,0.31396877526037537,0.03001601451047801,8.537392827466382e-09,0.0034443147807707644,1.1269480377412,0.012553582027473243,2.0502974646081964,5.473731573147539,0.06477304161967658,False
GUT_GENOME009343_2,GUT_GENOME009343_00514,90000,0.0451302100000831,0.04213056572369345,0.042468508910373785,0.002229706330956959,0.33573639695551594,0.030021944571821228,1.1877887246434853e-08,0.00299964427638965,0.902986337679944,0.012446564338552558,2.033822521457979,4.9518183748263285,0.08408650510085365,False
GUT_GENOME009343_2,GUT_GENOME009343_00514,90014,0.04423677916621115,0.04199871919665368,0.042294383419120334,0.0022410708298832953,0.373445854148322,0.030021568553678612,2.1713439910892665e-08,0.0022380599695574696,0.5194085774786031,0.012272814865441722,2.007074488298686,4.298133271937779,0.11659293065100605,False
GUT_GENOME009343_2,GUT_GENOME009343_00514,90113,0.04402336812274357,0.041982356056810895,0.04224971103564935,0.0022810899372248954,0.3835768030297352,0.03003142882947752,4.246345695576757e-08,0.0020410120659326778,0.4201638939331181,0.012218282206171827,1.9986794045479281,4.171257059929101,0.12422901396456351,False
GUT_GENOME009343_2,GUT_GENOME009343_00514,90601,0.043503603833008664,0.041861630463383134,0.041898235826019876,0.002352619268930593,0.4053762515666716,0.03011782642360945,2.759096548989132e-07,0.0016419733696255295,0.21918500296853946,0.011780409402410427,1.931270646035659,3.7778483737653104,0.15123442132461834,False
GUT_GENOME009343_2,GUT_GENOME009343_00515,91472,0.043228157097358444,0.04172135403123738,0.04154327452668774,0.0023402142989494626,0.4127078083925919,0.03011708691527433,5.236425543201465e-07,0.001506803066121061,0.15110544592036018,0.01142618761141341,1.876739624780198,3.5449844750069093,0.1699090071135993,False
GUT_GENOME009343_2,GUT_GENOME009343_00515,91653,0.04457692392160205,0.04243158358760535,0.04266934692185549,0.0023530181086809793,0.37887901746673536,0.030092974440266793,4.526258141132145e-08,0.002145340333996701,0.47270962397335287,0.012576372481588698,2.0538059634340127,4.441573324034142,0.10852370376120163,False
GUT_GENOME009343_2,GUT_GENOME009343_00517,93238,0.043476955352124855,0.04118242369131945,0.04147681284271197,0.002258116452384007,0.368774379808528,0.03015453029198234,2.66496744213911e-07,0.002294531660805406,0.5478509766317126,0.011322282550729632,1.8607438582387068,3.7625083985693895,0.1523988473185614,False
GUT_GENOME009343_2,GUT_GENOME009343_00517,93303,0.0426805672146817,0.04050301596014369,0.040737457640122064,0.0022126270614327113,0.3738167550127174,0.030157980620967625,8.703499295004629e-07,0.0021775512545380085,0.4889329004306246,0.010579477019154439,1.7463919316760008,3.2889401601465367,0.19311487110210718,False
GUT_GENOME009343_2,GUT_GENOME009343_00518,94452,0.04240250170363268,0.040409426572357715,0.04064515383508234,0.0021763593068862075,0.3829584861180463,0.030141296252097233,6.953128982969356e-07,0.001993075131274967,0.3960200902045382,0.010503857582985106,1.73475062336047,3.1661916370951495,0.20533842269993716,False
GUT_GENOME009343_2,GUT_GENOME009343_00519,95860,0.04250536420136074,0.040413920409626214,0.040638747821320716,0.002176411951225027,0.3784469714564019,0.030099910013633813,6.417266138001158e-07,0.0020914437917345235,0.44556421829986326,0.010538837807686902,1.7401356883824874,3.2265996866115616,0.1992291033585617,False
GUT_GENOME009343_2,GUT_GENOME009343_00523,99868,0.042393939317300365,0.04081910390152695,0.0409719125830149,0.002192827934703717,0.4071300689600373,0.030109830253678884,3.645294297494319e-07,0.0015748354157734124,0.18537045908670124,0.010862082329336015,1.7898978835064674,3.238096640482946,0.19808712491607539,False
GUT_GENOME009343_2,GUT_GENOME009343_00526,101857,0.0429622133771567,0.041594816869682354,0.04175797337148095,0.002148795085247783,0.4206981748901323,0.030082582468475283,2.7635928541974925e-08,0.0013673965074743472,0.08089226657386596,0.011675390903005664,1.915103470077515,3.6741648598943963,0.15928146367508386,False
GUT_GENOME009343_2,GUT_GENOME009343_00528,103468,0.04303148643824995,0.04159087788133007,0.04175527117812801,0.0021355293839599174,0.41653786102500756,0.03003929426659784,2.0531659253407815e-08,0.0014406085569198812,0.11776607515177291,0.01171597691153017,1.921351522991749,3.7054605233593665,0.15680845321959963,False
GUT_GENOME009343_2,GUT_GENOME009343_00551,128143,0.04280124102535008,0.041333974974380586,0.041497959463365576,0.002109141474607236,0.4137118693943489,0.03003540598838301,2.7444182509416582e-08,0.0014672660509694943,0.13119232588777233,0.011462553474982567,1.8823380033375454,3.56040778518062,0.16860376670501404,False
GUT_GENOME009343_2,GUT_GENOME009343_00552,128702,0.042280605369177444,0.04120830633160767,0.041342491819871215,0.0021015877568540224,0.436334017786392,0.030052601678890577,3.891754242652399e-08,0.0010722990375697725,-0.06773583084309154,0.011289890140980637,1.8557571769293322,3.4484228425047285,0.17831361066852291,False
GUT_GENOME009343_2,GUT_GENOME009343_00552,128720,0.04228714418319522,0.041149671156054175,0.04129093411399191,0.0020907684973721836,0.43238486799311104,0.030000317265839373,3.3278990274123373e-08,0.0011374730271410463,-0.03491045259032836,0.011290616848152534,1.855869050578115,3.4454686725937753,0.17857718963653962,False
GUT_GENOME009343_2,GUT_GENOME009343_00556,131607,0.04228412819967288,0.04105884426376683,0.041188096766010165,0.0020956218966514434,0.4268104696287258,0.029944607899843358,4.042355822589224e-08,0.0012252839359060477,0.009316183125716707,0.011243488866166808,1.8486138871389681,3.4174600949910774,0.18109562949349625,False
GUT_GENOME009343_2,GUT_GENOME009343_00556,131611,0.04217583376182622,0.040944004590003136,0.04107603325606043,0.0020927052255486516,0.42600294380602954,0.029949645679227938,5.281893093751142e-08,0.0012318291718230873,0.012612741248730424,0.01112638757683249,1.8305866142268243,3.351206433428236,0.1871952261285029,False
GUT_GENOME009343_2,GUT_GENOME009343_00556,131618,0.041857263256519464,0.04083915969354763,0.040959868770982066,0.002082549539679142,0.4385176176305143,0.029982940490676065,6.787503049111463e-08,0.0010181035629718352,-0.09503179607351249,0.010976928280306001,1.8075779561406793,3.276369109790673,0.19433252226628447,False
GUT_GENOME009343_2,GUT_GENOME009343_00556,131622,0.041746709558559664,0.040747519717261454,0.04084189984716096,0.0021300069229463307,0.4394601084218158,0.02997008984399625,1.661690586537099e-07,0.0009991898412982092,-0.1045578366333788,0.01087181000316471,1.7913954198009616,3.220029891285316,0.19988462664861736,False
GUT_GENOME009343_2,GUT_GENOME009343_00556,131856,0.04174764970301355,0.04068977388656751,0.04080477407582291,0.0021372987426562,0.4361451288279208,0.029990880866342027,2.1005994770268118e-07,0.0010578758164460356,-0.07500019646079165,0.010813893209480886,1.782479362156593,3.1828577059833325,0.20363444008408982,False
GUT_GENOME009343_2,GUT_GENOME009343_00559,136807,0.041447042139561754,0.040708350187252544,0.040748460135154166,0.0021417693162508237,0.4552420500862003,0.029962333876208187,2.3757833011290178e-07,0.0007386919523092103,-0.23575959052875672,0.01078612625894598,1.7782047517054504,3.21759472351413,0.20012815117468613,False
GUT_GENOME009343_2,GUT_GENOME009343_00559,136825,0.04148689241202586,0.04061118547136448,0.04071605879098442,0.002149445697456163,0.4473992905658123,0.02998186205405184,2.9580327474608833e-07,0.000875706940661379,-0.16675094385017084,0.010734196736932582,1.7702104104744154,3.161450774626921,0.20582574065934034,False
GUT_GENOME009343_2,GUT_GENOME009343_00559,136855,0.041938682297047135,0.04075361727561948,0.04088875781030904,0.0021673501568692495,0.4297247087049416,0.029957726220785835,2.285457920601635e-07,0.0011850650214276573,-0.01094038071751612,0.010931031589523205,1.8005123450341818,3.241964396550733,0.197704418749201,False
GUT_GENOME009343_2,GUT_GENOME009343_00561,137727,0.04229461522224394,0.040701799868540264,0.04090715481155885,0.002230648832839712,0.406961868275287,0.02997203592197956,4.7381157686712524e-07,0.0015928153537036749,0.1944261923232961,0.01093511888957929,1.8011415684526746,3.281912493869496,0.19379463813025702,False
GUT_GENOME009343_2,GUT_GENOME009343_00563,138767,0.042470116598069214,0.040345830181106934,0.04066441005323947,0.002260771430965719,0.3770420211694397,0.02995231522559081,1.0778715311932811e-06,0.00212428641696228,0.4621056576533017,0.010712094827648663,1.766807910358442,3.3351518309403545,0.18870394597289508,False
GUT_GENOME009343_2,GUT_GENOME009343_00564,139717,0.04240133123869769,0.04024422632044065,0.04056508612439626,0.002251381912843128,0.3747216552474063,0.02998843373245748,1.3145780756162468e-06,0.00215710491825704,0.4786349468034032,0.010576652391938779,1.7459570916671399,3.277457578244274,0.19422678863082807,False
GUT_GENOME009343_2,GUT_GENOME009343_00568,145897,0.042214578397427725,0.040382297122787285,0.040615615751593975,0.002263628133712185,0.3930747844818407,0.029972658202980604,1.2898623654924968e-06,0.0018322812746404404,0.3150350346713521,0.010642957548613372,1.756164504084631,3.183360838477198,0.20358321897527284,False
GUT_GENOME009343_2,GUT_GENOME009343_00568,145978,0.04230824269839544,0.04044968211940209,0.04068358609563041,0.002262468058751393,0.3917282478225961,0.02993785217581335,1.019284891726829e-06,0.0018585605789933485,0.32827080727447505,0.010745733919817056,1.7719865134163904,3.247697926638211,0.19713845825801876,False
GUT_GENOME009343_2,GUT_GENOME009343_00568,146654,0.04189883354733761,0.03993845381071303,0.04017271110055881,0.002176025717729825,0.3844780162761662,0.02995368516596146,1.3253077812878548e-06,0.001960379736624579,0.37955280465730823,0.01021902593459735,1.6909019357098798,3.0032096877106476,0.22277235826684766,False
GUT_GENOME009343_2,GUT_GENOME009343_00568,146655,0.04274818064815644,0.041325217686591545,0.04147967993989678,0.0021434413138834074,0.41680406719106294,0.029971450182138017,3.957765300445445e-08,0.001422962961564897,0.10887873611003566,0.01150822975775876,1.8893696835171534,3.5815723801706274,0.1668289588220973,False
GUT_GENOME009343_2,GUT_GENOME009343_00568,146851,0.043089822520542935,0.04146185193270964,0.04164195818092972,0.002141971067399393,0.4050227688640643,0.02998587848786155,2.6379244756721483e-08,0.0016279705878332953,0.2121323948353773,0.011656079693068172,1.912130586911276,3.7012435343402528,0.15713943179289697,False
GUT_GENOME009343_2,GUT_GENOME009343_00568,147569,0.0434742268892252,0.04254930354312841,0.04260957796457033,0.002122281256377647,0.44596583613575935,0.02996588642803634,1.2798870381147465e-09,0.0009249233460967912,-0.141962724879902,0.01264369153653399,2.0641694614158466,4.280948980697112,0.11759903017667978,False
GUT_GENOME009343_2,GUT_GENOME009343_00568,147575,0.04369400695417993,0.04264082051565315,0.04271528023881183,0.0021231509477015785,0.43848289413642927,0.030073978664222824,1.3081048541492175e-09,0.001053186438526782,-0.07736203751091361,0.012641301574589009,2.0638015363786697,4.265261666406798,0.11852506364682272,False
GUT_GENOME009343_2,GUT_GENOME009343_00571,152024,0.043963908773561745,0.04253241825757898,0.04266018954447568,0.002136408750234871,0.41711530091416693,0.030051130469214662,1.7957351023363358e-09,0.001431490515982764,0.11317370410537969,0.012609059075261018,2.0588379331761817,4.251621922386104,0.1193361520266971,False
GUT_GENOME009343_2,GUT_GENOME009343_00571,152879,0.043547643496335,0.043415044759531965,0.043385646924400174,0.0021027339541629113,0.49222929001163296,0.030034583407442028,1.0809000528604615e-10,0.0001325987368030329,-0.5410230734963979,0.013351063516958146,2.173066535171403,5.0149241323373355,0.08147475460498961,False
GUT_GENOME009343_2,GUT_GENOME009343_00571,152935,0.04369115214411635,0.04391254032344318,0.04386688366566915,0.0021563444058647027,0.5129119839652612,0.02999874187472619,6.325009116372157e-11,-0.00022138817932683408,-0.719311290850113,0.013868141790942957,2.2526686575310646,5.591924813767265,0.06105608525088446,False
GUT_GENOME009343_2,GUT_GENOME009343_00572,153944,0.044057137470052264,0.04426986840210926,0.04420615751412176,0.002146608559925056,0.5124005753435533,0.030013363151399467,1.8992828586257236e-11,-0.00021273093205699534,-0.714951002058073,0.014192794362722295,2.3026476163142306,5.813340980261451,0.05465740963387376,False
GUT_GENOME009343_2,GUT_GENOME009343_00572,154312,0.04442359141733793,0.04430606000407291,0.04427700511336094,0.002134788964445713,0.49320674097567907,0.030068908730357065,1.4116548731455265e-11,0.00011753141326502348,-0.5486118462206921,0.014208096383003875,2.3050033008441906,5.6140151747162905,0.06038542039559279,False
GUT_GENOME009343_2,GUT_GENOME009343_00573,156565,0.04497815030161064,0.04430331411374329,0.04433695410243473,0.002136664467106769,0.461361534657061,0.03009535918882609,1.3202676415493315e-11,0.0006748361878673517,-0.267921034614224,0.014241594913608643,2.310160265014277,5.408622130839591,0.06691640899808567,False
GUT_GENOME009343_2,GUT_GENOME009343_00573,156748,0.045136681937129365,0.044478365541227305,0.044493929982222964,0.0021512702753717678,0.46245630134422555,0.030105629967956613,1.1290365497448303e-11,0.0006583163959020602,-0.27624135416938383,0.014388300014266352,2.332744925714379,5.518008174199518,0.0633548328463846,False
GUT_GENOME009343_2,GUT_GENOME009343_00575,159330,0.04525282545855469,0.04424281690724052,0.044340210270175144,0.0021633780445196164,0.4421730376050124,0.030122579969051513,2.4828885505621254e-11,0.0010100085513141677,-0.09910891059989686,0.014217630301123631,2.3064710092259166,5.329631092559916,0.06961219257700903,False
GUT_GENOME009343_2,GUT_GENOME009343_00575,159394,0.04482267793613566,0.04411284037691424,0.04418646088720936,0.002138252643697544,0.4589251983377775,0.030097067074137215,2.2108781429801934e-11,0.0007098375592214171,-0.2502923262656863,0.014089393813072143,2.286729517218949,5.291778133507895,0.07094225329468506,False
GUT_GENOME009343_2,GUT_GENOME009343_00575,159467,0.04468712865356317,0.04400746443887522,0.044075757100051606,0.0021317992127678413,0.46067765672901306,0.03010887521922567,2.8445282240440918e-11,0.0006796642146879514,-0.26548936198464906,0.013966881880825937,2.26786929757362,5.213715752204081,0.0737659617920021,False
GUT_GENOME009343_2,GUT_GENOME009343_00575,159586,0.04470815744328396,0.0438282746867654,0.04389628384251978,0.0021279245736505626,0.4493657139833736,0.030132157793670653,4.954477117180145e-11,0.0008798827565185616,-0.16464776225997524,0.013764126048849124,2.236655852031278,5.029738286042979,0.08087349437542883,False
GUT_GENOME009343_2,GUT_GENOME009343_00576,160408,0.045051029817985054,0.04440373977301158,0.04440124129251993,0.002172863366453004,0.46271062170148275,0.030129829275910368,2.5494192016546828e-11,0.0006472900449734711,-0.281794860136405,0.014271412016609565,2.3147504881988614,5.437478165816164,0.06595786941973085,False
GUT_GENOME009343_2,GUT_GENOME009343_00576,160528,0.04490047151391493,0.044069491681563884,0.04413586127701295,0.0021527704354249106,0.4518670504828358,0.0301239086306177,3.7876698444715196e-11,0.0008309798323510448,-0.1892780939923826,0.014011952646395254,2.274807760812549,5.210576545518392,0.07388183600670681,False
GUT_GENOME009343_2,GUT_GENOME009343_00576,160546,0.04458180361883564,0.04392079572101964,0.04399116072229475,0.002158443993896207,0.4615554030022686,0.030106053286622452,6.258588243730558e-11,0.0006610078978160003,-0.27488575864769954,0.013885107435672301,2.25528045035935,5.161852090080395,0.07570386636257267,False
GUT_GENOME009343_2,GUT_GENOME009343_00577,161353,0.044377182714413176,0.043668959055786986,0.043754193520259846,0.002150591923768362,0.45877589715266903,0.030068198728198697,9.839393825485324e-11,0.0007082236586261892,-0.2511051796424584,0.01368599479206115,2.2246278590254582,5.012022922395466,0.0815930280523108,False
GUT_GENOME009343_2,GUT_GENOME009343_00578,163483,0.04409345479884853,0.04343019762709296,0.043505546497414505,0.0021237343699240132,0.4612883336721316,0.03002155556413326,1.0822647621515348e-10,0.0006632571717555755,-0.273752894627155,0.013483990933281245,2.193530176734916,4.886515283563458,0.08687737461423277,False
GUT_GENOME009343_2,GUT_GENOME009343_00578,163765,0.04414787834527132,0.04308094571585115,0.04318650453782639,0.0020948466827552603,0.4377409462586947,0.030043235924148808,1.7583605629180904e-10,0.0010669326294201684,-0.07043866334618426,0.01314326861367758,2.1410773448517584,4.5891738019314525,0.10080302630124573,False
GUT_GENOME009343_2,GUT_GENOME009343_00578,164035,0.044001573266974604,0.04267063163709098,0.04278201945891352,0.0020762849358133217,0.4227253942591539,0.030058014738509522,4.44238957512053e-10,0.0013309416298836266,0.06253148869383547,0.012724004720404001,2.0765333533276977,4.31590095456064,0.11556172487342589,False
GUT_GENOME009343_2,GUT_GENOME009343_00579,164277,0.043847478721952854,0.04263336699739742,0.042732101738710636,0.002061700465292102,0.42895091733873475,0.030055038654954784,3.902621461234212e-10,0.0012141117245554334,0.003689213441703813,0.012677063083755852,2.0693068770044274,4.282044561513635,0.11753462819693201,False
GUT_GENOME009343_2,GUT_GENOME009343_00579,164693,0.04368853300807356,0.042268602195713253,0.04238927200337689,0.0020095349928786637,0.4167508907934546,0.030041552911949935,4.009138631929282e-10,0.0014199308123603038,0.10735157097538117,0.012347719091426953,2.018605692880504,4.086293303120462,0.12962019889197582,False
GUT_GENOME009343_2,GUT_GENOME009343_00581,165797,0.04343220929062394,0.04157819604052462,0.041723288808028745,0.0020214585753873643,0.39116103848190403,0.030028093751002422,3.6143536988969807e-09,0.0018540132500993178,0.3259805103021985,0.011695195057026323,1.9181522400044222,3.785571308930864,0.15065156058245346,False
GUT_GENOME009343_2,GUT_GENOME009343_00582,166332,0.041960798243133854,0.040475363610290666,0.040613490194228954,0.001955384353664676,0.4092634786486433,0.029837440447657924,1.784384306042747e-08,0.0014854346328431883,0.1403430710890937,0.01077604974657103,1.7766535131185959,3.176193883279367,0.20431406358053797,False
GUT_GENOME009343_2,GUT_GENOME009343_00584,167511,0.04116106754737163,0.040068648964928524,0.04015706069741126,0.0019726001559295745,0.4322351751664757,0.029859824142809757,8.939700266825617e-08,0.0010924185824431054,-0.05760246820739846,0.010297236554601505,1.7029421463639025,2.90332999820608,0.23418005373460202,False
GUT_GENOME009343_2,GUT_GENOME009343_00586,169117,0.04066180112292766,0.04013413667962009,0.040004085423077165,0.0019398262220262472,0.46668290468790774,0.02973421467917962,5.97620673947527e-08,0.0005276644433075683,-0.3420452092285587,0.010269870743897545,1.6987292897777218,3.0026761251049314,0.22283179769513844,False
GUT_GENOME009343_2,GUT_GENOME009343_00586,169237,0.0404667524510893,0.03972802685358738,0.03982067800113834,0.0019162695054525498,0.4534341276772689,0.029725751047989368,6.89552911849134e-08,0.0007387255975019186,-0.23574264487015426,0.01009492695314897,1.67179739621756,2.850481128610189,0.2404506124157179,False
GUT_GENOME009343_2,GUT_GENOME009343_00586,169248,0.040828438240387496,0.039718283841311444,0.039833243202452275,0.0019323508851946656,0.4307409320483007,0.02975394983705874,9.137551393661664e-08,0.001110154399076052,-0.048669688529066064,0.010079293365393534,1.6693906682074304,2.789233941679567,0.2479279818293019,False
GUT_GENOME009343_2,GUT_GENOME009343_00587,170256,0.040964013685279355,0.03978779669462089,0.03991996194238922,0.0019398725158029108,0.4269271417181309,0.02970620822617364,7.003080061564437e-08,0.0011762169906584657,-0.015396759077984242,0.010213753716215579,1.6900902988768363,2.8566422785476995,0.2397110260384147,False
GUT_GENOME009343_2,GUT_GENOME009343_00587,170400,0.040856528280438426,0.03968706672653551,0.039773288548778055,0.0019369908958030884,0.4277346192721184,0.02973941053419271,1.1086155875793719e-07,0.0011694615539029132,-0.018799186460784344,0.010033878014585346,1.6623991574557206,2.7639243681210774,0.25108539362598814,False
GUT_GENOME009343_2,GUT_GENOME009343_00587,170407,0.04050370175935805,0.039455134347706866,0.03956688451653299,0.0019348997500997058,0.4345049023234637,0.0296323001349865,1.4150911934070374e-07,0.0010485674116511856,-0.0796884457199019,0.009934584381546485,1.6471133016687747,2.7193324769154654,0.25674645474749236,False
GUT_GENOME009343_2,GUT_GENOME009343_00587,170579,0.04049787089669979,0.03924039075590533,0.03936812748980092,0.001924208835349984,0.42185493889835324,0.029729552343311042,2.734105188155672e-07,0.0012574801407944577,0.025532047931871537,0.009638575146489876,1.6015438694685384,2.5655946513038543,0.2772606263920392,False
GUT_GENOME009343_2,GUT_GENOME009343_00587,170672,0.04045099155685649,0.03939151000057752,0.03950950252803539,0.0019268716603977518,0.4339297206214474,0.02978487435128394,2.24579328238181e-07,0.0010594815562789683,-0.07419145331435736,0.00972462817675145,1.6147913876663398,2.6130555974262797,0.2707585543156566,False
GUT_GENOME009343_2,GUT_GENOME009343_00587,170895,0.040933365328966693,0.03937244009708672,0.0395142527702498,0.0019294345586069169,0.40503285877462647,0.029780871936919404,2.2713994368144869e-07,0.0015609252318799713,0.17836448859339035,0.009733380833330398,1.61613882397342,2.643718589145371,0.26663908020290017,False
GUT_GENOME009343_2,GUT_GENOME009343_00587,171083,0.04136801336072543,0.0393057919798305,0.039471662157608375,0.0019312660347783493,0.37623617262100617,0.0298117424746631,2.839011119393811e-07,0.0020622213808949297,0.43084612760789637,0.009659919682945276,1.6048297750811247,2.7611069926616527,0.2514393437831892,False
GUT_GENOME009343_2,GUT_GENOME009343_00587,171147,0.04080282727199374,0.03902295477803007,0.03916054765821121,0.0019005778506539855,0.39204226102016837,0.029789764407081,4.1011458253202903e-07,0.0017798724939636704,0.28863895149771523,0.009370783251130211,1.560318383321016,2.5179059016512095,0.2839511817549652,False
GUT_GENOME009343_2,GUT_GENOME009343_00587,171153,0.04069859207769591,0.038949316449472214,0.03908224212399783,0.0018802700665790201,0.39308077590777246,0.029790832870522702,3.8756121869680735e-07,0.0017492756282236968,0.27322860608430016,0.009291409253475127,1.5480990753527584,2.471264618290835,0.2906509230155781,False
GUT_GENOME009343_2,GUT_GENOME009343_00587,171296,0.04008879107205145,0.038954314080892116,0.03904280649337236,0.001885100401902002,0.4297810104798965,0.029780998672974474,4.480907904795104e-07,0.0011344769911593305,-0.03641942902411194,0.009261807820397889,1.5435420536862383,2.3838484463083724,0.3036364373154292,False
GUT_GENOME009343_2,GUT_GENOME009343_00587,171323,0.03938490352222452,0.03734018415224859,0.03751060452653016,0.0019084716817288274,0.37370948061870163,0.029801512927440488,2.6793390848514177e-05,0.0020447193699759322,0.4220311059653774,0.007709091599089675,1.304507631129861,1.879850414078401,0.390657052663509,False
GUT_GENOME009343_2,GUT_GENOME009343_00587,171425,0.03879472900556262,0.03695845249146947,0.03712272596516756,0.0019038995767073443,0.38438222633138486,0.029810500949785924,6.1352761692201e-05,0.0018362765140931478,0.3170472675745114,0.0073122250153816355,1.2434116154080397,1.6465914152080947,0.43898250984340215,False
GUT_GENOME009343_2,GUT_GENOME009343_00588,172179,0.03866036151878291,0.036307041130474255,0.03650278952620348,0.0018306365575504458,0.35256875954338884,0.029767589434565034,0.00011700289467888058,0.002353320388308655,0.5774603688138867,0.006735200091638444,1.1545809472184705,1.6665176412305707,0.43463059280735883,False
GUT_GENOME009343_2,GUT_GENOME009343_00588,173094,0.038191594512886125,0.03559369263802811,0.03583286687063715,0.0018581915875907915,0.33692436649618607,0.029811114090022513,0.0005962828094225806,0.002597901874858012,0.7006457049030004,0.006021752780614637,1.044748600731299,1.5824040425290293,0.453299591926296,False
GUT_GENOME009343_2,GUT_GENOME009343_00589,173791,0.037874817529061036,0.035480483568472554,0.03569298759308929,0.0018544447910146418,0.3492275367746164,0.029808190908942787,0.0007534616950505707,0.0023943339605884822,0.5981171681358015,0.005884796684146501,1.0236647600490303,1.4056336877850293,0.495188468768026,False
GUT_GENOME009343_2,GUT_GENOME009343_00589,174453,0.03754347153561839,0.035079346610251555,0.035287682953619344,0.0017991481941138944,0.34446716652245635,0.029795866270682373,0.0011348934650159182,0.002464124925366837,0.6332679212590153,0.005491816682936971,0.9631670680843127,1.3287190611378454,0.5146030096806438,False
GUT_GENOME009343_2,GUT_GENOME009343_00589,174459,0.03725336639697277,0.034843343618623526,0.03504894967706545,0.0017699349310273608,0.346199602029114,0.029777040906526525,0.0014478944420509884,0.002410022778349244,0.606018961178139,0.005271908770538923,0.9293131286881251,1.2308818724595425,0.5404025597005424,False
GUT_GENOME009343_2,GUT_GENOME009343_00589,174462,0.03716164256164671,0.03497780205012232,0.03516686086127526,0.0017831972884044393,0.35976502490045725,0.029789447022189726,0.0012823470469647434,0.0021838405115243917,0.492100532807665,0.005377413839085535,0.94555521001034,1.136237589567286,0.5665903094109275,False
GUT_GENOME009343_2,GUT_GENOME009343_00591,176350,0.03706222661864912,0.034960254053056423,0.03513895134045276,0.0017807158122164534,0.3644218169803558,0.029819551073279674,0.0014076084103710094,0.0021019725655926982,0.450867115770248,0.005319400267173084,0.9366242537465858,1.0805461487893309,0.582589140473412,False
GUT_GENOME009343_2,GUT_GENOME009343_00592,176708,0.037045892854491225,0.03489059846030973,0.03507704713529798,0.0017796257445066093,0.3607947146347485,0.029874094991399966,0.001729925673883986,0.002155294394181495,0.47772306250713037,0.005202952143898015,0.9186975331244633,1.072224481820166,0.5850182469260825,False
GUT_GENOME009343_2,GUT_GENOME009343_00592,177091,0.03691186167290796,0.03462389322521587,0.03480386900208024,0.0017265393196348323,0.35309537490431925,0.029891303746129496,0.0022183074647672716,0.002287968447692093,0.5445453641563188,0.004912565255950744,0.8739936386678593,1.0603945340560226,0.5884888687771304,False
GUT_GENOME009343_2,GUT_GENOME009343_00593,179403,0.036753301479599924,0.0347245624317989,0.034887572805690936,0.0017258669643275477,0.36891274717708267,0.02991061121371883,0.0019648792064955426,0.0020287390478010217,0.41398249449563146,0.004976961591972105,0.8839071958165335,0.9526734365650733,0.6210543266899429,False
GUT_GENOME009343_2,GUT_GENOME009343_00595,183672,0.03640614695826827,0.03453887568845949,0.034685900614356086,0.0016754871031567317,0.3784598870451357,0.029907861014020338,0.0021740895573149287,0.0018672712698087832,0.33265801331695344,0.004778039600335748,0.8532839545880111,0.8387548609813373,0.6574560044910118,False
GUT_GENOME009343_2,GUT_GENOME009343_00595,183726,0.03569872536990126,0.034000963599682375,0.03413811129796132,0.0016426466416549939,0.3872490085948778,0.029863465074728975,0.004630148390230745,0.0016977617702188877,0.24728325755814054,0.004274646223232346,0.7757885671093926,0.6629969103262102,0.7178472651728189,False
GUT_GENOME009343_2,GUT_GENOME009343_00596,184172,0.03605703523382548,0.03428564250233401,0.03443051481610441,0.0016285905202327098,0.38322410563027365,0.029910383188175935,0.002755956128556977,0.0017713927314914682,0.28436805428128475,0.004520131627928473,0.8135800586596761,0.7427777021444056,0.6897756693945865,False
GUT_GENOME009343_2,GUT_GENOME009343_00597,186302,0.03607260587616687,0.034476254339466134,0.03461231621497891,0.0016023756457593478,0.39492946465588685,0.029885786506647652,0.0015904058435028399,0.0015963515367007353,0.19620721793202545,0.004726529708331255,0.8453542137105303,0.7531210190067743,0.6862175937446722,False
GUT_GENOME009343_2,GUT_GENOME009343_00598,187934,0.03624441839258385,0.03453734386470482,0.03468207137216217,0.0016036236510116252,0.38794013522970056,0.029887673679240934,0.0013961322413802082,0.001707074527879028,0.251973699171142,0.004794397692921237,0.8558022172052469,0.7958881800474056,0.6716995813198583,False
GUT_GENOME009343_2,GUT_GENOME009343_00598,189363,0.03657824996884354,0.034680328597335226,0.03484100661830245,0.0016103097014858237,0.3777784732240515,0.029907853155589085,0.001093889832159007,0.001897921371508314,0.34809517142851104,0.004933153462713367,0.8771631103636135,0.8905853705546133,0.6406367436467063,False
GUT_GENOME009343_2,GUT_GENOME009343_00598,189378,0.03673005727065206,0.03460507023011706,0.03477763575749307,0.0016160832250039824,0.36424128834358555,0.029983789433787357,0.0015068537771757162,0.0021249870405350008,0.46245853207358256,0.0047938463237057125,0.8557173361302381,0.9461200532414838,0.6230926679078097,False
GUT_GENOME009343_2,GUT_GENOME009343_00599,190152,0.03665511826580401,0.03452277620478148,0.03470120179469526,0.0016232262919113585,0.3628952979657251,0.03002019769981682,0.001964755793042663,0.0021323420610225297,0.46616294438819056,0.004681004094878441,0.8383457284677795,0.9201314511608392,0.6312421553864118,False
GUT_GENOME009343_2,GUT_GENOME009343_00599,190179,0.0363389593803699,0.03457914341792007,0.034726925231102365,0.001617348645385771,0.3851531688668676,0.029971599457637017,0.0016400111581200102,0.001759815962449826,0.2785373260224108,0.0047553257734653485,0.8497872522186387,0.7997214160210191,0.6704134227516103,False
GUT_GENOME009343_2,GUT_GENOME009343_00599,190297,0.035650480516128416,0.03463034773830989,0.034734816229971634,0.0016200083029508986,0.43157504213390446,0.02999978322437379,0.0017342462181518822,0.0010201327778185248,-0.09400976649795817,0.004735033005597845,0.8466632621535433,0.7256765156774801,0.6956989482511365,False
GUT_GENOME009343_2,GUT_GENOME009343_00599,190462,0.035604758014562025,0.034295232422402684,0.03441974145168382,0.0015990593097777153,0.4131272762501433,0.030016505261107183,0.0029468137096467415,0.0013095255921593413,0.05174513751908767,0.004403236190576636,0.7955844758330024,0.6356322174433425,0.7277366005245356,False
GUT_GENOME009343_2,GUT_GENOME009343_00603,192515,0.0351643491278161,0.0338610171305937,0.03397176282531824,0.0015965675394747387,0.41194829234280717,0.029955905828668056,0.005946444045126052,0.0013033319972223997,0.048625686064805135,0.004015856996650184,0.7359490056422239,0.5439853962510511,0.76185982407433,False
GUT_GENOME009343_2,GUT_GENOME009343_00603,192620,0.034963026168786236,0.03358313923161891,0.03370544366098575,0.001577813175735903,0.40591082995308236,0.029887061202485004,0.007759244968017844,0.0013798869371673267,0.08718316700682505,0.003818382458500743,0.7055485940613049,0.505399723191224,0.7767009646316482,False
GUT_GENOME009343_2,GUT_GENOME009343_00603,192924,0.03474239928042112,0.03328076728037577,0.033414775593941896,0.001574894894956327,0.40019691052263706,0.029883279898675664,0.012468762616927384,0.00146163200004535,0.12835469305453728,0.0035314956952662326,0.6613835297387,0.4539031006387463,0.7969593937828762,False
GUT_GENOME009343_2,GUT_GENOME009343_00604,193889,0.034482525158907096,0.03309876403791085,0.03322443296571086,0.0015723973490829209,0.4049076306500896,0.029921072314354143,0.017827356004339965,0.001383761120996245,0.0891344293193141,0.0033033606513567133,0.6262630565077056,0.4001503624364535,0.8186692022163291,False
GUT_GENOME009343_2,GUT_GENOME009343_00604,194822,0.0341721517321394,0.03289015864836852,0.033016550758436417,0.001573861374633258,0.41115742275249195,0.02984347747527683,0.02189438253726314,0.0012819930837708812,0.03787817911982895,0.003173073283159588,0.6062058397439426,0.36892027659309246,0.831553086361297,False
GUT_GENOME009343_2,GUT_GENOME009343_00608,199657,0.0340598334405877,0.03278102123173492,0.03290027321067951,0.0015624218813655487,0.4112358573848056,0.029890606378220597,0.027034518532841514,0.0012788122088527795,0.0362761071422154,0.003009666832458912,0.5810500733204333,0.33893514365507443,0.8441141271150302,False
GUT_GENOME009343_2,GUT_GENOME009343_00612,206263,0.03427233913823843,0.03240708826974898,0.032562101500963864,0.001536661632588259,0.3720920597433549,0.02988538526942773,0.040762668250625717,0.0018652508684894459,0.33164042274184985,0.002676716231536133,0.5297936662969266,0.39066669884473204,0.8225604123104227,False
GUT_GENOME009343_2,GUT_GENOME009343_00614,207780,0.03394237993125348,0.032353429281474146,0.03248270068650917,0.0015342577571602857,0.3892927156441397,0.029860379444151378,0.043708892543785904,0.0015889506497793332,0.19247970463724276,0.002622321242357794,0.5214197763035252,0.3089270198176585,0.856874759009706,False
GUT_GENOME009343_2,GUT_GENOME009343_00614,207957,0.03378078099132491,0.032216980271849174,0.032348671335766487,0.0015435303735452813,0.3904448726819766,0.029792125789718214,0.04883079017417259,0.001563800719475733,0.17981274991071827,0.002556545546048273,0.5112938721815582,0.2937540487608661,0.8634001480561269,False
GUT_GENOME009343_2,GUT_GENOME009343_00614,208006,0.033703977999137005,0.03215488826512062,0.032283173365237464,0.0015343212912331723,0.391480548766735,0.02985751239834443,0.0569465444741386,0.0015490897340163859,0.17240344958476722,0.002425660966893034,0.4911447171907334,0.27094608265309283,0.8733027056936059,False
GUT_GENOME009343_2,GUT_GENOME009343_00614,208018,0.033416429346731,0.03214538040373533,0.03226752182003953,0.001531744935432561,0.4102022755442461,0.02977773539880237,0.0520325473869011,0.0012710489429956714,0.03236607892524317,0.0024897864212371605,0.501016573193757,0.2520651696798104,0.8815861199728073,False
GUT_GENOME009343_2,GUT_GENOME009343_00614,208221,0.0333307399927264,0.03222091138900346,0.0323220389874038,0.0015439135902117688,0.42142256121485255,0.029846082597353257,0.054391371700891006,0.00110982860372294,-0.04883377785011652,0.0024759563900505453,0.4988874954696614,0.25127347099510594,0.881935164338559,False
GUT_GENOME009343_2,GUT_GENOME009343_00614,208433,0.033088959421800436,0.032310315366886805,0.03240003597019184,0.0015471653433756162,0.44422863772087046,0.029832500962765574,0.04850662157677268,0.0007786440549136311,-0.2156374085262397,0.0025675350074262637,0.5129856555986725,0.3096537748059122,0.8565634465723887,False
GUT_GENOME009343_2,GUT_GENOME009343_00614,208488,0.033546584744102166,0.032352221567274464,0.032468166230073016,0.0015471020237033779,0.4159473499862124,0.029881112539062865,0.04724310227440307,0.0011943631768277022,-0.00625729364447967,0.0025870536910101508,0.5159904784990246,0.2662853276254056,0.8753402038295736,False
GUT_GENOME009343_2,GUT_GENOME009343_00615,209810,0.03378927673791053,0.03255140780517556,0.03266846120258793,0.0015613797069573647,0.41348410003424935,0.02987954423766355,0.03703444959198999,0.0012378689327349687,0.015654713019876178,0.002788916964924379,0.5470665183144476,0.2995268455004265,0.8609116244392837,False
GUT_GENOME009343_2,GUT_GENOME009343_00615,210919,0.03484204832905479,0.03249005715169116,0.032687821291206495,0.0015483741743117856,0.34492023970677177,0.029854194839475746,0.03362005831708554,0.0023519911773636284,0.5767909015565463,0.002833626451730749,0.5539493641396483,0.6395476421491342,0.72631329525777,False
GUT_GENOME009343_2,GUT_GENOME009343_00616,213015,0.035330995351969555,0.03280722039303859,0.03301724472264294,0.0015787473489804762,0.33526144996373997,0.029908923483160113,0.024484994840386343,0.002523774958930962,0.6633111168254173,0.0031083212394828266,0.596237522831159,0.7954808213360194,0.6718364065915696,False
GUT_GENOME009343_3,GUT_GENOME009343_00763,34610,0.031076349796101056,0.03252577063751063,0.03285324860896016,0.001377387481729618,0.6127275622339529,0.03649445604613077,0.9958980474715948,-0.0014494208414095738,-1.3378193322449121,-0.0036412074371706057,-0.4428252934201241,1.9858548062208414,0.37049052685683975,False
GUT_GENOME009343_3,GUT_GENOME009343_00767,36979,0.031271968027765114,0.032492644912115426,0.03291982194460367,0.001380039556966768,0.5960258018092033,0.03652271864123128,0.9954824065042608,-0.0012206768843503121,-1.2226106889978583,-0.003602896696627611,-0.4369275088682977,1.6856825448576742,0.43048565713504816,False
GUT_GENOME009343_3,GUT_GENOME009343_00768,39294,0.031471545989240714,0.032614709910589484,0.03299632019880184,0.001379943154391582,0.5902853850168365,0.03653764447846072,0.9948602498371327,-0.0011431639213487707,-1.1835706924170828,-0.003541324279658878,-0.4274486827096315,1.583551960298852,0.45303949124867104,False
GUT_GENOME009343_3,GUT_GENOME009343_00769,39753,0.03154699553624527,0.03265170740570473,0.033096721178109585,0.0013656182438509703,0.5855960119023274,0.03656942476655017,0.9945040059832837,-0.001104711869459457,-1.1642040224285706,-0.0034727035884405816,-0.4168848030542975,1.5291639448564842,0.465528494051067,False
GUT_GENOME009343_3,GUT_GENOME009343_00769,39762,0.0312919446989616,0.03310775255263642,0.03344807690232309,0.0014120470666070537,0.6386236839241962,0.03656977408488701,0.986473769664559,-0.001815807853674821,-1.5223529528444932,-0.003121697182563922,-0.3628487774168335,2.449217748307239,0.2938726190250749,False
GUT_GENOME009343_3,GUT_GENOME009343_00769,39774,0.03115813598752871,0.032950674373594516,0.033218384427915346,0.0013732743122168982,0.6389111607594145,0.03657498722544955,0.9927419818030031,-0.001792538386065804,-1.510633107534562,-0.0033566027975342055,-0.3990115528545525,2.441222604890929,0.295049747152141,False
GUT_GENOME009343_3,GUT_GENOME009343_00769,39784,0.03098474641311193,0.03316914289319257,0.03351761634757187,0.0014259663077102387,0.6685975545473146,0.03660333458447067,0.9847658646745543,-0.0021843964800806366,-1.7079954332423806,-0.0030857182368988004,-0.3573099633159519,3.044918809861674,0.2181746467753809,False
GUT_GENOME009343_3,GUT_GENOME009343_00769,39811,0.03089525752348417,0.033240445197240884,0.033511184467898074,0.0014208828515300989,0.6790358906009843,0.036656542195924846,0.9865740618144504,-0.002345187673756712,-1.7889791475561785,-0.003145357728026772,-0.3664912233090496,3.334762207153395,0.18874071132696502,False
GUT_GENOME009343_3,GUT_GENOME009343_00769,39825,0.030496560551370424,0.03323254040742095,0.03343831697485805,0.0014061923562222294,0.7070153264399832,0.03669001109184045,0.9896224667469818,-0.002735979856050525,-1.9858046186743563,-0.0032516941169824023,-0.38286128306750555,4.090002745620502,0.1293800123630419,False
GUT_GENOME009343_3,GUT_GENOME009343_00769,39955,0.030660390502694743,0.03328842233745261,0.0335244936300066,0.001398180748589332,0.702914836541665,0.036715900579004535,0.9887713336684767,-0.00262803183475787,-1.9314357722391744,-0.0031914069489979366,-0.3735803158250917,3.8700063946571115,0.1444238070524413,False
GUT_GENOME009343_3,GUT_GENOME009343_00769,39963,0.030370375860253998,0.033368446856800474,0.03359675868420097,0.0014083790714826485,0.73049543056222,0.036881778491153656,0.990162343780768,-0.002998070996546476,-2.117808825875286,-0.0032850198069526854,-0.38799163911648654,4.635651734979556,0.09848747783249043,False
GUT_GENOME009343_3,GUT_GENOME009343_00769,40235,0.03086037172647517,0.03370816550413508,0.03394758175651983,0.0014487063224767145,0.7132018333352341,0.03690793334840521,0.9794957932713151,-0.00284779377765991,-2.042120555367767,-0.002960351591885381,-0.3380102721120016,4.284507306708787,0.11738998834755375,False
GUT_GENOME009343_3,GUT_GENOME009343_00769,40265,0.030847592654479318,0.03387945166850481,0.03393600320014401,0.0013473706303126346,0.7271834351963148,0.03690628027649213,0.9862553614893754,-0.003031859014025494,-2.1348264192657727,-0.0029702770763481157,-0.33953826055868835,4.6727700707783395,0.09667648939615232,False
GUT_GENOME009343_3,GUT_GENOME009343_00769,40275,0.030333608234517834,0.033878800496852615,0.03386412717392108,0.0013432602268290206,0.7634449228325868,0.036896969121349175,0.988021607831572,-0.0035451922623347815,-2.3933706353912028,-0.0030328419474280957,-0.349169871039525,5.850142597194648,0.05366086583186963,False
GUT_GENOME009343_3,GUT_GENOME009343_00769,40287,0.029957092316156477,0.033562592578067985,0.033605662847941864,0.0013543286014619134,0.7693669511728782,0.03682150028884877,0.9912133538220224,-0.0036055002619115074,-2.4237452205715164,-0.0032158374409069074,-0.37734129187859683,6.016927344799877,0.04936746512843308,False
GUT_GENOME009343_3,GUT_GENOME009343_00769,40309,0.029996131183328105,0.03334221187791582,0.03337925559639211,0.0013430763119224533,0.7522084971142782,0.03670673158118138,0.9933847405943369,-0.003346080694587715,-2.2930865716290714,-0.0033274759847892674,-0.39452759708089025,5.413898049843989,0.0667401188464875,False
GUT_GENOME009343_3,GUT_GENOME009343_00769,40471,0.030179613318899887,0.03342421076988764,0.03344102247818418,0.001361449792149691,0.7445064098431583,0.03664947522916203,0.9907795467385792,-0.003244597450987756,-2.241973759916924,-0.00320845275097785,-0.3762044485399841,5.167976127257302,0.07547241425272444,False
GUT_GENOME009343_3,GUT_GENOME009343_00769,40480,0.029873473325229875,0.03331026089448913,0.03331038570524048,0.0013962459560982233,0.7596122177410503,0.036619454003655,0.9911053609351856,-0.0034367875692592545,-2.3387717827202703,-0.0033090682984145206,-0.39169380773625434,5.623277490667477,0.06010641253772241,False
GUT_GENOME009343_3,GUT_GENOME009343_00769,40521,0.029742565407246315,0.03315377700336725,0.033141424731321735,0.0013982359405547266,0.7570608431428151,0.03647857599091941,0.99149951596569,-0.003411211596120938,-2.325890248261963,-0.0033371512595976732,-0.3960170667567805,5.566594964122739,0.061834273426122126,False
GUT_GENOME009343_3,GUT_GENOME009343_00769,40552,0.029732138789087474,0.0330288361288529,0.033060430402478955,0.0014187366840103116,0.7482239411496932,0.036414968238745696,0.9909716687925207,-0.0032966973397654253,-2.268214267323389,-0.003354537836266741,-0.39869366036563797,5.30375259730513,0.07051877457049642,False
GUT_GENOME009343_3,GUT_GENOME009343_00769,40553,0.02968494855277581,0.03306433687357874,0.03302252221442786,0.001459722542504907,0.7548053309085658,0.03642133675852429,0.9900545009531465,-0.0033793883208029264,-2.3098622122858443,-0.0033988145440964276,-0.40550988160653506,5.499901703826601,0.06393100321598391,False
GUT_GENOME009343_3,GUT_GENOME009343_00769,40753,0.030318155244959507,0.03335252268287367,0.03334930649641086,0.0014533829377067996,0.7275439957539197,0.03638440014435022,0.9816144250181973,-0.003034367437914163,-2.1360898061399762,-0.0030350936479393575,-0.3495165112845956,4.685041451555676,0.09608512844842676,False
GUT_GENOME009343_3,GUT_GENOME009343_00769,40788,0.030325977518358315,0.03332247346782335,0.03331637764335739,0.0014725400524524196,0.7253466357416876,0.03628606867733493,0.9781372767710704,-0.0029964959494650327,-2.1170155413678566,-0.0029696910339775395,-0.3394480416907962,4.596979775400755,0.10041036021051761,False
GUT_GENOME009343_3,GUT_GENOME009343_00769,40855,0.030488444920511892,0.03338474630411859,0.033253917828263556,0.0014739631594731914,0.7188965703029805,0.036244885515728686,0.9787810949954566,-0.002896301383606699,-2.066551782055187,-0.0029909676874651306,-0.3427234969932812,4.388095663306772,0.1114646440985312,False
GUT_GENOME009343_3,GUT_GENOME009343_00769,40876,0.030590241734492887,0.03344405477390553,0.033298863990008816,0.0014707191131128317,0.715198389082071,0.036232241674223814,0.9769523345766221,-0.0028538130394126435,-2.0451522025806446,-0.002933377684214998,-0.33385774742294627,4.294108527234785,0.11682779527931048,False
GUT_GENOME009343_3,GUT_GENOME009343_00769,40879,0.030528260024087397,0.033549484790362426,0.03329565316713556,0.0014680559124358359,0.7284148956477996,0.03622810249743657,0.9771148353463636,-0.003021224766275029,-2.1294703990629453,-0.0029324493303010124,-0.3337148310685525,4.646009768960412,0.09797872806045738,False
GUT_GENOME009343_3,GUT_GENOME009343_00769,41007,0.030760875494207744,0.03361005175626503,0.03334747954547877,0.0014854807704573819,0.7129352601538352,0.03619238364774593,0.9722626938166669,-0.0028491762620572875,-2.042816854206782,-0.0028449041022671553,-0.32023759502022403,4.275652817095629,0.11791085471449911,False
GUT_GENOME009343_3,GUT_GENOME009343_00769,41140,0.03071280220979393,0.03300284082652359,0.033152194459202346,0.0014339504438107688,0.6757647061533284,0.03620452962146477,0.9833571313212742,-0.0022900386167296616,-1.7612029032430014,-0.003052335162262422,-0.3521707731282304,3.2258599198373124,0.19930280852444368,False
GUT_GENOME009343_3,GUT_GENOME009343_00773,44162,0.03079251050266463,0.033109605373776,0.03325607862148731,0.0014434649326843813,0.6774013185720997,0.0362114496425516,0.9796912976405534,-0.0023170948711113658,-1.7748299926696993,-0.0029553710210642944,-0.33724353324891654,3.263754703598138,0.1955620904444391,False
GUT_GENOME009343_3,GUT_GENOME009343_00773,44178,0.03096242349985983,0.03313637659901004,0.033293508594491504,0.0014545236630605835,0.6664162474455166,0.03622970645175076,0.9782390409717484,-0.002173953099150208,-1.7027355445730807,-0.002936197857259258,-0.33429190173001977,3.011059410314859,0.22189972126851382,False
GUT_GENOME009343_3,GUT_GENOME009343_00773,44208,0.03116688278674601,0.033298032911402126,0.0333400691589006,0.001448884297643949,0.6617902676415098,0.036218022370044796,0.976501303351107,-0.002131150124656117,-1.6811774991418524,-0.002877953211144195,-0.32532537252136334,2.932194381627017,0.23082459386606355,False
GUT_GENOME009343_3,GUT_GENOME009343_00773,44908,0.03131121732386821,0.03326929356386305,0.033326869949389756,0.0013807396877396699,0.648199788935587,0.0362381286472591,0.9825051506690092,-0.0019580762399948395,-1.5940075135839085,-0.0029112586978693455,-0.33045261836194456,2.650058886344219,0.26579513312186603,False
GUT_GENOME009343_3,GUT_GENOME009343_00773,44918,0.031186298641311092,0.03333865797959704,0.033353984144799634,0.0013870882689045398,0.6621762492694024,0.03626167276026484,0.9819701446095067,-0.002152359338285951,-1.6918596817797835,-0.002907688615465205,-0.3299030185224881,2.9712251844622393,0.22636362959324371,False
GUT_GENOME009343_3,GUT_GENOME009343_00773,44951,0.031137806669431962,0.03333413756601993,0.03334945021187826,0.001380906501943737,0.6645355550360581,0.0362681319194461,0.9827252066565829,-0.0021963308965879703,-1.7140062933823883,-0.002918681707567837,-0.3315953608750706,3.047773057108302,0.21786350665347654,False
GUT_GENOME009343_3,GUT_GENOME009343_00773,45010,0.031156636555936354,0.033338308338433716,0.03334825512132607,0.0013776457859097486,0.6636887639355783,0.03628855424627133,0.9835905792614229,-0.0021816717824973617,-1.7066231184679783,-0.002940299124945263,-0.33492327540900874,3.024736068900066,0.22038747441857212,False
GUT_GENOME009343_3,GUT_GENOME009343_00773,45032,0.031238944165994334,0.03335835824833158,0.03336071655383863,0.0013666154458543585,0.6589046411487924,0.03629338382539152,0.9840608986982318,-0.002119414082337248,-1.6752665516788925,-0.0029326672715528843,-0.33374838224846387,2.917906001827554,0.23247955323114938,False
GUT_GENOME009343_3,GUT_GENOME009343_00773,45205,0.031311955301571354,0.033319121899672725,0.03330291466287279,0.0013048954224615518,0.6516333613231406,0.03627245478258561,0.988567775798848,-0.0020071665981013717,-1.6187322478530648,-0.0029695401197128227,-0.33942480904620403,2.7355032912354877,0.25467892479821064,False
GUT_GENOME009343_3,GUT_GENOME009343_00773,45307,0.03126501456904201,0.033276867128485745,0.033256725020902794,0.001301662771631361,0.6527921775871293,0.036235760969597526,0.9889498267709246,-0.002011852559443736,-1.6210923681181089,-0.002979035948694732,-0.3408866537582226,2.7441441766812567,0.2535809726185313,False
GUT_GENOME009343_3,GUT_GENOME009343_00773,45617,0.03095747137168955,0.033112447883502455,0.03307487532920127,0.0013000768332752108,0.6642383295061367,0.036132674172555744,0.9906639625810615,-0.002154976511812904,-1.6931778412409502,-0.003057798843354477,-0.35301188487611385,2.9914685929331513,0.2240840002141007,False
GUT_GENOME009343_3,GUT_GENOME009343_00773,45638,0.030187025924337973,0.03268224660966604,0.03258440439045608,0.0013206559377410944,0.6905496241125647,0.03569466551968569,0.9907408435382051,-0.0024952206853280645,-1.8645444211818631,-0.0031102611292296092,-0.36108824296270886,3.6069106177663057,0.16472871513408838,False
GUT_GENOME009343_3,GUT_GENOME009343_00773,45651,0.029704003298998645,0.03215303347482586,0.03207581629076266,0.001295153221436578,0.6892446321205767,0.03539214674641103,0.9947749692257932,-0.0024490301758272118,-1.8412802178389758,-0.0033163304556483725,-0.39281178765884756,3.5446139411288855,0.1699404885514025,False
GUT_GENOME009343_3,GUT_GENOME009343_00773,45663,0.02967240382428537,0.03204802358688817,0.031996056887959035,0.0012898595908836265,0.6856659713247317,0.035309557795798883,0.9948986839954228,-0.0023756197626028028,-1.8043065018268907,-0.003313500907839849,-0.392376190144489,3.4094810271270957,0.18181955976429015,False
GUT_GENOME009343_3,GUT_GENOME009343_00773,45758,0.029435641743776213,0.0319922039117656,0.031944607917869884,0.0012873978450341208,0.7025501138809801,0.03529353314418374,0.9953566210062716,-0.0025565621679893846,-1.8954395280210898,-0.003348925226313859,-0.3978296216181127,3.7509594122216225,0.15328141917225407,False
GUT_GENOME009343_3,GUT_GENOME009343_00773,45861,0.029609708140914504,0.03196566012524199,0.03195258470084299,0.0012710057043816448,0.686735248713513,0.035278646915765155,0.9955630498770195,-0.002355951984327486,-1.794400674893084,-0.003326062214922168,-0.3943099528911973,3.375354121005814,0.18494864990705961,False
GUT_GENOME009343_3,GUT_GENOME009343_00773,45978,0.029487403681212908,0.031847457353271894,0.03183229200796501,0.0012597786213237585,0.6863708323961542,0.03523348633732555,0.9965313056583637,-0.0023600536720589857,-1.7964665212858995,-0.003401194329360542,-0.40587623998458855,3.3920274842850886,0.18341320106004042,False
GUT_GENOME009343_3,GUT_GENOME009343_00773,46115,0.02929039076865194,0.03184094977696035,0.03178017895597427,0.0012607225976666457,0.7017054251358196,0.035208608857448705,0.9967301403220262,-0.0025505590083084104,-1.892415990739791,-0.0034284299014744335,-0.4100690468632025,3.7493949052029607,0.15340137101057333,False
GUT_GENOME009343_3,GUT_GENOME009343_00773,46175,0.02900988403184696,0.0313699631641239,0.03132237818867084,0.0012217988486757081,0.6897328005582648,0.03490831967904761,0.9983320938160329,-0.002360079132276944,-1.796479344519376,-0.003585941490376769,-0.4343173230018297,3.4159695723442427,0.18123064336605738,False
GUT_GENOME009343_3,GUT_GENOME009343_00773,46208,0.028575296914151053,0.030866642250862407,0.03082875481334175,0.0011963057956550505,0.6889341356911851,0.034614189899347704,0.999222638764151,-0.0022913453367113534,-1.7618610427546633,-0.0037854350860059525,-0.46502856036801143,3.3204058959344946,0.19010039569746007,False
GUT_GENOME009343_3,GUT_GENOME009343_00773,46209,0.028239196703167723,0.03049022213914739,0.03044232913609559,0.0011778039658763351,0.6868129231399663,0.03436723034909839,0.9995694812529076,-0.002251025435979666,-1.7415536164126848,-0.003924901213002797,-0.48649881016341673,3.269690091130521,0.19498258237428787,False
GUT_GENOME009343_3,GUT_GENOME009343_00773,46258,0.02768696955123362,0.02991568461271999,0.029875308925679783,0.0011322272970006307,0.68778487630842,0.03411014223689006,0.9999080878550608,-0.0022287150614863707,-1.7303168256849617,-0.004234833311210277,-0.5342116111955929,3.2793783627846738,0.19404034426855407,False
GUT_GENOME009343_3,GUT_GENOME009343_00773,46364,0.02732169197744225,0.029608811707344713,0.02956852963273205,0.001133372461667307,0.6939904563750339,0.0339385587067889,0.9999423181928387,-0.002287119729902462,-1.759732783570873,-0.004370029074056848,-0.5550244555908628,3.4047116158780266,0.18225366328994763,False
GUT_GENOME009343_3,GUT_GENOME009343_00773,46593,0.026996096186131264,0.029372498398265213,0.029328539358266296,0.001127935728781304,0.7039561093188208,0.033814612194978444,0.9999651403317101,-0.002376402212133949,-1.8047005885168803,-0.004486072836712148,-0.5728889265205271,3.5851459363230163,0.16653113864451605,False
GUT_GENOME009343_3,GUT_GENOME009343_00776,49489,0.02700575342045111,0.02911801762688421,0.029085776341104624,0.001124494057198348,0.6839437414340194,0.03365102590891031,0.9999754452906577,-0.0021122642064331024,-1.671665462002508,-0.004565249567805685,-0.585077866094366,3.136781526245595,0.20838024586256046,False
GUT_GENOME009343_3,GUT_GENOME009343_00776,49494,0.02709663077511288,0.028799625027614302,0.028793695606244247,0.0010668468602469767,0.6497567575086258,0.033630582804599046,0.999997103623065,-0.0017029942525014219,-1.465533519893815,-0.004836887198354799,-0.6268953877199106,2.5407863250768523,0.28072123100727087,False
GUT_GENOME009343_3,GUT_GENOME009343_00776,49498,0.02689342402255223,0.02874879256854388,0.028723470001212368,0.001030952355834691,0.6638336142454495,0.033585116090053144,0.9999987955028408,-0.0018553685459916508,-1.5422779980624324,-0.004861646088840776,-0.6307069194146497,2.7764126415049817,0.24952246674947118,False
GUT_GENOME009343_3,GUT_GENOME009343_00782,55124,0.026917425548221952,0.028525747006044856,0.02850537145524436,0.001013677751598735,0.642970744721584,0.0334696287612222,0.9999995141225682,-0.001608321457822904,-1.4178508428625125,-0.0049642573059778365,-0.6465035039415371,2.4282677932146224,0.29696710716250163,False
GUT_GENOME009343_3,GUT_GENOME009343_00782,55126,0.02681087658472108,0.027798305256048803,0.02782124758728251,0.0009952067361258335,0.589367637845956,0.03333285859244995,0.9999999847164277,-0.000987428671327721,-1.1051334427894677,-0.005511611005167439,-0.7307664063472644,1.755339467017397,0.4157505934421406,False
GUT_GENOME009343_3,GUT_GENOME009343_00782,55130,0.026579669002847365,0.027710830120942043,0.02772962019103518,0.0009933714372994925,0.6033736644453991,0.03324436632058036,0.9999999858422012,-0.0011311611180946785,-1.177525388769096,-0.005514746129545178,-0.7312490461464699,1.9212912086859326,0.3826457684436946,False
GUT_GENOME009343_3,GUT_GENOME009343_00782,55160,0.026548314041296796,0.027770910851141736,0.027795645931938926,0.0009899039058873919,0.6124115850058693,0.03318614409550186,0.9999999741665146,-0.0012225968098449405,-1.2235776741554782,-0.005390498163562931,-0.7121215710838678,2.004259456694686,0.36709679160847974,False
GUT_GENOME009343_3,GUT_GENOME009343_00782,55254,0.026309364102620657,0.02782744410812327,0.027831893040791682,0.0009918966582434686,0.6397605631822698,0.0332021742916857,0.9999999692104226,-0.0015180800055026138,-1.3724000452977454,-0.005370281250894015,-0.7090092586217647,2.386176013144638,0.30328327580615455,False
GUT_GENOME009343_3,GUT_GENOME009343_00782,55513,0.026400622169892557,0.027742881968675342,0.027757163156254774,0.0009889844888765049,0.6241541572237546,0.03320678224423951,0.9999999820907061,-0.0013422597987827849,-1.2838468536330572,-0.005449619087984733,-0.7212229998164523,2.1684253590477427,0.3381679276453454,False
GUT_GENOME009343_3,GUT_GENOME009343_00782,55620,0.026470177562563636,0.027756117159893533,0.027770506645678684,0.0009796257502596045,0.6192391688905402,0.033173462330698546,0.9999999825933303,-0.0012859395973298972,-1.2554807534737122,-0.005402955685019861,-0.7140393564506182,2.0860841249033335,0.35238108454555234,False
GUT_GENOME009343_3,GUT_GENOME009343_00782,55712,0.02651177754397771,0.027651233011367595,0.027670728900300028,0.0009882196357585307,0.6063339061970628,0.03318165095802624,0.9999999877379245,-0.0011394554673898848,-1.1817029012210218,-0.005510922057726214,-0.7306603456572781,1.9302862874701932,0.38092866828412875,False
GUT_GENOME009343_3,GUT_GENOME009343_00782,55970,0.026537286411634026,0.02752819072302257,0.02755707555383354,0.0009851418644266125,0.5933660047748398,0.03315249297169432,0.9999999932577298,-0.0009909043113885442,-1.106883975485371,-0.0055954174178607825,-0.7436680667986486,1.7782343287623386,0.41101845435734363,False
GUT_GENOME009343_3,GUT_GENOME009343_00782,55985,0.026337057011087697,0.02749775385238909,0.027524885102433554,0.000978306645985136,0.6092352783515889,0.03318309888583025,0.9999999963458314,-0.0011606968413013924,-1.1924012816307572,-0.005658213783396697,-0.7533353149206974,1.9893349131413387,0.3698464140914359,False
GUT_GENOME009343_3,GUT_GENOME009343_00782,56097,0.026340752081895846,0.0272671185789678,0.027290782611771845,0.0010004415089735668,0.5876429063444008,0.03318424301277121,0.9999999980790399,-0.0009263664970719544,-1.0743790117646537,-0.005893460400999365,-0.7895505863433258,1.7776803893154831,0.4111323097914966,False
GUT_GENOME009343_3,GUT_GENOME009343_00782,56265,0.026262173576589713,0.027105262441432947,0.02713764930567511,0.0009998194249516493,0.5799864782921209,0.03314001599289592,0.9999999990341631,-0.000843088864843234,-1.032435595443442,-0.00600236668722081,-0.8063162714585166,1.716069188357419,0.4239945853728768,False
GUT_GENOME009343_3,GUT_GENOME009343_00782,56370,0.02622878281941101,0.027093386751292234,0.027108798130014634,0.0010044243478621341,0.5817058602824404,0.03318086941688776,0.9999999992544528,-0.0008646039318812235,-1.043271823489344,-0.006072071286873128,-0.8170470144614956,1.7559819215272245,0.4156170644680015,False
GUT_GENOME009343_3,GUT_GENOME009343_00782,57395,0.026161428391141477,0.02712933842153735,0.027154046345880454,0.0010151149200070793,0.5924978991808411,0.03317125884612618,0.9999999984631887,-0.0009679100303958722,-1.095302730019197,-0.006017212500245724,-0.808601724714618,1.8535248195989609,0.39583318368539144,False
GUT_GENOME009343_3,GUT_GENOME009343_00787,59872,0.02620817013695955,0.02721350986186336,0.02724563829097897,0.0010172380352097318,0.5957037694009286,0.033262923350056296,0.9999999983438111,-0.001005339724903808,-1.1141544818943026,-0.006017285059077327,-0.8086128948551599,1.8951950232512036,0.3876712812866168,False
GUT_GENOME009343_3,GUT_GENOME009343_00787,60009,0.026129411094417975,0.02739674828738408,0.02741891171134534,0.001009896452072356,0.6202800423161173,0.03325751032708182,0.9999999962955595,-0.0012673371929661052,-1.2461115102576814,-0.005838598615736476,-0.7811048349685652,2.162918659207949,0.33910030527374907,False
GUT_GENOME009343_3,GUT_GENOME009343_00787,60021,0.02616442751155414,0.027378149581984406,0.02738698493281795,0.001020297683776115,0.6151425283368335,0.03326530632697179,0.9999999958285206,-0.0012137220704302662,-1.2191078437814638,-0.00587832139415384,-0.787219997076764,2.1059392585670302,0.3489001051954221,False
GUT_GENOME009343_3,GUT_GENOME009343_00788,61426,0.026078769325785497,0.02692489352617252,0.026945205076704636,0.001028328019444318,0.5810523794139113,0.03327863690673038,0.9999999996338804,-0.0008461242003870231,-1.0339643654021995,-0.006333431830025743,-0.857282419781645,1.8040154561882455,0.4057541972998714,False
GUT_GENOME009343_3,GUT_GENOME009343_00788,61592,0.02603936966754327,0.026796237134228424,0.026836339443803786,0.0010244880346718809,0.5727865521200858,0.033194539503674576,0.9999999997286323,-0.0007568674666851537,-0.9890095289000407,-0.00635820005987079,-0.8610953892331822,1.719625117613726,0.42324140775754415,False
GUT_GENOME009343_3,GUT_GENOME009343_00789,61686,0.026002930359324855,0.02669546836332347,0.026738955002240272,0.0010168777394514816,0.5669202642426499,0.0330675397799241,0.999999999756978,-0.0006925380039986134,-0.9566095030711258,-0.006328584777683825,-0.8565362355518733,1.6487560641793604,0.4385076453493245,False
GUT_GENOME009343_3,GUT_GENOME009343_00792,65287,0.025937695650352643,0.02674751590028329,0.026791993781651396,0.0010296638321432433,0.5780537971426944,0.03304691121269781,0.9999999993789711,-0.0008098202499306449,-1.0156796031275659,-0.006254917431046413,-0.8451954435751537,1.7459603940495705,0.4177048497148822,False
GUT_GENOME009343_3,GUT_GENOME009343_00793,65575,0.02581646179528122,0.026706957503914712,0.02673942107639054,0.0010311665233218648,0.5862365680657176,0.033048507420940156,0.9999999995273938,-0.0008904957086334903,-1.0563124148528635,-0.0063090863445496165,-0.8535345301268711,1.8443171118911867,0.39765974319388286,False
GUT_GENOME009343_3,GUT_GENOME009343_00794,66703,0.025757521914328795,0.02691130451787535,0.02692865626191719,0.001049753452936845,0.6116994868027521,0.03306916556076631,0.9999999975344035,-0.0011537826035465555,-1.1889188729102684,-0.006140509298849121,-0.8275827713815883,2.0984213298498533,0.35021407629364254,False
GUT_GENOME009343_3,GUT_GENOME009343_00795,68050,0.02579067671607884,0.026584028102720036,0.026605475056858573,0.0010134440769885183,0.5772788426230102,0.03308479603113956,0.9999999999188645,-0.0007933513866411959,-1.0073849341894612,-0.0064793209742809894,-0.8797414672725739,1.7887694548708062,0.40885908104315594,False
GUT_GENOME009343_3,GUT_GENOME009343_00797,71119,0.026101443461504472,0.026651775754956974,0.02667237267072875,0.0010333917073696247,0.5529802050751536,0.033080104693344284,0.9999999997189026,-0.0005503322934525025,-0.8849865094645398,-0.006407732022615534,-0.8687206358495911,1.537876665085148,0.46350489525034866,False
GUT_GENOME009343_3,GUT_GENOME009343_00799,71788,0.026166808079434455,0.026694356845935362,0.026715484236522355,0.0010463357731953415,0.5506958603535029,0.033070686597796745,0.99999999937529,-0.0005275487665009071,-0.873511411882854,-0.00635520236127439,-0.8606339055807573,1.5037129061247647,0.47149043989042483,False
GUT_GENOME009343_3,GUT_GENOME009343_00799,71893,0.026168428243297515,0.02662788957897578,0.026664113987489673,0.0010371361980401972,0.5444362671304612,0.03308757343933403,0.9999999997057081,-0.00045946133567826425,-0.8392186566638732,-0.0064234594518443565,-0.8711418103774392,1.463176007480398,0.48114432411840713,False
GUT_GENOME009343_3,GUT_GENOME009343_00799,72311,0.02624599648410208,0.026643676300841218,0.0266848888071583,0.0010328422440514383,0.5379684831790952,0.03308550570463197,0.9999999997124179,-0.0003976798167391396,-0.80810192218824,-0.006400616897473673,-0.8676252909266997,1.4058023620999687,0.49514670774118597,False
GUT_GENOME009343_3,GUT_GENOME009343_00799,72326,0.026121456829615756,0.026661660960547506,0.026701873956373308,0.0010314965967995456,0.5515465610588148,0.0330994037078369,0.999999999721572,-0.0005402041309317505,-0.879885382957844,-0.006397529751463592,-0.8671500372043903,1.5261474741664474,0.46623115033222884,False
GUT_GENOME009343_3,GUT_GENOME009343_00799,72417,0.02607739400042936,0.02682059304658782,0.02685356923565267,0.0010477413352852271,0.5712806633754787,0.033119132111550424,0.9999999988847674,-0.0007431990461584589,-0.9821253243752289,-0.0062655628758977525,-0.8468342670304481,1.6816984285961447,0.4313440643031434,False
GUT_GENOME009343_3,GUT_GENOME009343_00799,72452,0.026081911723614477,0.02680893680373758,0.026815725118677722,0.001046925177100095,0.569097680999082,0.03311409054129364,0.9999999991064371,-0.0007270250801231018,-0.9739791826943159,-0.006298365422615918,-0.8518840872780584,1.6743419464794584,0.4329335732571852,False
GUT_GENOME009343_3,GUT_GENOME009343_00801,74805,0.025956068954103146,0.026812373951724082,0.026797785376802042,0.0010402117703846832,0.5816369362151499,0.03308313355473098,0.9999999992406836,-0.000856304997620936,-1.0390920017846923,-0.006285348177928935,-0.8498801347693338,1.80200843164846,0.40616158098849986,False
GUT_GENOME009343_3,GUT_GENOME009343_00804,79681,0.02609252156841504,0.026885602670598197,0.026858798717278826,0.001043346395805241,0.5753029606971451,0.03313942250222336,0.9999999991262528,-0.0007930811021831553,-1.007248803355222,-0.0062806237849445355,-0.8491528334547356,1.7356106864247325,0.41987201379131167,False
GUT_GENOME009343_3,GUT_GENOME009343_00804,80351,0.026215392698322782,0.02698066761575082,0.02695806669635277,0.0010505711778192174,0.5722991694462949,0.03310833678435001,0.999999997603666,-0.0007652749174280396,-0.9932440057610114,-0.006150270087997241,-0.8290854056464313,1.6739162648360875,0.4330257290015568,False
GUT_GENOME009343_3,GUT_GENOME009343_00804,81472,0.026219011398904993,0.027021406749009592,0.027018099645771666,0.0010438331537343992,0.5749931174244993,0.03310794239670694,0.9999999972961606,-0.000802395350104599,-1.0119399955497255,-0.006089842750935274,-0.8197828599378169,1.6960664920410047,0.42825637915562,False
GUT_GENOME009343_3,GUT_GENOME009343_00805,81612,0.02631939854364075,0.027105666521943076,0.027063320621924958,0.0010381000148652756,0.5740690578682625,0.033103667240298534,0.9999999970338616,-0.0007862679783023248,-1.0038173214106247,-0.0060403466183735766,-0.8121631292341014,1.6672581632513293,0.43446969583370065,False
GUT_GENOME009343_3,GUT_GENOME009343_00805,81614,0.026521182396865656,0.02696145437598086,0.026962120837019644,0.001029134762742189,0.5414915695176807,0.03309436344412392,0.9999999987282643,-0.0004402719791152046,-0.8295537904840804,-0.006132242607104276,-0.8263101474078297,1.3709479510156548,0.5038513597659635,False
GUT_GENOME009343_3,GUT_GENOME009343_00805,81620,0.026776217448502244,0.027243692207820937,0.027204045544791652,0.0010435293365489821,0.5436068477355495,0.03309690393360921,0.9999999918386018,-0.0004674747593186937,-0.8432546787614474,-0.005892858388817555,-0.78945790898717,1.3343222433154667,0.5131633201268261,False
GUT_GENOME009343_3,GUT_GENOME009343_00805,81621,0.02668129290502239,0.02703168691055999,0.02706559301661601,0.0010344490687749829,0.5326728848413418,0.033123847101451165,0.9999999976364249,-0.000350394005537602,-0.7842860617676995,-0.006058254084835155,-0.8149199117332786,1.2791990892224625,0.5275036234208555,False
GUT_GENOME009343_3,GUT_GENOME009343_00805,81622,0.02665747065063092,0.026785476818410647,0.026845825286502915,0.0010081232483751495,0.5120638457621042,0.033111343904179774,0.9999999997434297,-0.00012800616777972756,-0.6722787266139545,-0.006265518617676859,-0.8468274536551966,1.1690754225218243,0.5573634651175354,False
GUT_GENOME009343_3,GUT_GENOME009343_00805,81636,0.026681370384580554,0.026755941614515267,0.02682060215905664,0.0010064592420914761,0.5069525308869687,0.03306988355590898,0.9999999997336823,-7.45712299347126e-05,-0.6453658115351971,-0.0062492813968523415,-0.8443277987598297,1.129386462457103,0.5685345286475931,False
GUT_GENOME009343_3,GUT_GENOME009343_00805,81640,0.026633319660143113,0.026567067355759026,0.026645826580771838,0.0010041324304402002,0.4938106201717686,0.03304657112278393,0.9999999999081614,6.625230438408666e-05,-0.574438961555416,-0.006400744542012095,-0.86764494129044,1.0827878646997557,0.5819365066239397,False
GUT_GENOME009343_3,GUT_GENOME009343_00805,81646,0.026707169965593813,0.026682068380533268,0.02675180643830456,0.0010136939340908845,0.4976531406067878,0.03303269719041046,0.9999999997104976,2.5101585060544745e-05,-0.5951648360347026,-0.006280890752105899,-0.8491939319763987,1.075351516157751,0.5841042755441206,False
GUT_GENOME009343_3,GUT_GENOME009343_00805,81647,0.026608844018475696,0.026510587445501502,0.026594008230664212,0.0010071768195212395,0.49077742637813676,0.03307128311775158,0.9999999999366664,9.825657297419382e-05,-0.5583197669336963,-0.006477274887087367,-0.8794264803714803,1.0851118965274666,0.5812606798791518,False
GUT_GENOME009343_3,GUT_GENOME009343_00805,81698,0.02634042780661638,0.02650904633575129,0.026572057669691472,0.0010033956662076115,0.5160462852907391,0.03301786181014045,0.9999999999336262,-0.00016861852913490835,-0.6927334529854899,-0.006445804140448978,-0.8745816853942067,1.244772761312171,0.5366622279234232,False
GUT_GENOME009343_3,GUT_GENOME009343_00805,81700,0.026246905644686208,0.02672945368839295,0.026756300904047656,0.001000890625966957,0.5455946219762444,0.03304428445387627,0.9999999998332946,-0.0004825480437067424,-0.8508464537134484,-0.006287983549828614,-0.850285839682837,1.4469256969618984,0.48506962168501033,False
GUT_GENOME009343_3,GUT_GENOME009343_00805,81709,0.02611375618358438,0.026529451409327002,0.026572147005179177,0.0009844069747882325,0.5397005650851688,0.03305302827808112,0.9999999999770309,-0.00041569522574262316,-0.8171755207021206,-0.0064808812729019415,-0.8799816689750849,1.4421435693669578,0.4862308418191432,False
GUT_GENOME009343_3,GUT_GENOME009343_00805,81725,0.026081285139390748,0.026692144972092543,0.026710639015937267,0.0010021844399470449,0.5584562689326982,0.03304143916178433,0.9999999998666561,-0.0006108598327017947,-0.9154716674798273,-0.006330800145847061,-0.8568772825779697,1.5723270513565013,0.45558930342614845,False
GUT_GENOME009343_3,GUT_GENOME009343_00805,81731,0.02556114201063704,0.02644228431694656,0.026446464913910697,0.0009839407493110843,0.5856563289307908,0.03301561308319386,0.999999999987753,-0.0008811423063095208,-1.0516015022441025,-0.006569148169283164,-0.8935700029654084,1.9043330697216532,0.38590404254662275,False
GUT_GENOME009343_3,GUT_GENOME009343_00806,82510,0.025810186584693945,0.026516105256855427,0.02653916077444536,0.0009919225849004392,0.5689611582550723,0.03302667922498086,0.999999999969312,-0.0007059186721614825,-0.9633487789173673,-0.0064875184505354955,-0.8810034357997427,1.7042079237325338,0.4265166125770633,False
GUT_GENOME009343_3,GUT_GENOME009343_00807,82859,0.025645633501940393,0.02654381073045848,0.026553599288081542,0.0009888783042011182,0.5867678696610147,0.03302576305316811,0.9999999999702432,-0.0008981772285180864,-1.060181271085644,-0.0064721637650865665,-0.8786396436789087,1.8959919510049712,0.387516839056787,False
GUT_GENOME009343_3,GUT_GENOME009343_00807,82882,0.025674082249324128,0.026476158496519898,0.026476943422369104,0.000988938294930935,0.5775224118893635,0.03300918429494185,0.9999999999801653,-0.0008020762471957696,-1.0117792769294172,-0.006532240872572748,-0.8878882729517565,1.8120428904690673,0.4041288786899364,False
GUT_GENOME009343_3,GUT_GENOME009343_00807,82928,0.025321341651114573,0.026265492880797728,0.026276699371667177,0.0009616072051649518,0.5921580245415005,0.03295214343888705,0.9999999999980665,-0.0009441512296831552,-1.083336428349509,-0.006675444067219871,-0.9099338292942176,2.0015973906831093,0.36758573488206076,False
GUT_GENOME009343_3,GUT_GENOME009343_00807,82937,0.02507362620727772,0.025934694177997986,0.02595437576454059,0.0009310305366244396,0.5843603678707419,0.032964110961532685,0.9999999999999745,-0.0008610679707202647,-1.0414909096100637,-0.007009735196992096,-0.9613966053470745,2.0089867475732763,0.3662301295955618,False
GUT_GENOME009343_3,GUT_GENOME009343_00807,83257,0.02489110910038765,0.025688405342474394,0.02568714870960739,0.0009176300697148302,0.5794483799250068,0.03275318928576354,0.9999999999999932,-0.0007972962420867424,-1.0093717908021123,-0.00706604057615615,-0.9700645922017219,1.9598567251105559,0.375337986142554,False
GUT_GENOME009343_3,GUT_GENOME009343_00807,83849,0.024741267696707283,0.02548009459860613,0.02549401054691747,0.0009214898966723302,0.5726391700711603,0.032662694808361495,0.9999999999999963,-0.0007388269018988487,-0.9799232604837681,-0.007168684261444024,-0.9858661750699512,1.9321817115841946,0.38056782860540334,False
GUT_GENOME009343_3,GUT_GENOME009343_00808,84979,0.02457897707717444,0.02514921679784576,0.025159357710796762,0.000908463508661738,0.5568021529799851,0.032453064540620954,0.9999999999999996,-0.0005702397206713214,-0.8950130374214091,-0.0072937068298241925,-1.005112897058912,1.8113002729884558,0.404278963136913,False
GUT_GENOME009343_3,GUT_GENOME009343_00810,85965,0.024178572668227444,0.02514492010132133,0.02513885717174549,0.0009465342640692315,0.5970158985486551,0.0323681918480517,0.9999999999999889,-0.0009663474330938865,-1.0945157159383982,-0.007229334676306213,-0.995203062709454,2.188393788462422,0.3348083855512131,False
GUT_GENOME009343_3,GUT_GENOME009343_00814,89873,0.023848762362387057,0.02512229623356943,0.025072498806989387,0.0009632493755170936,0.6279872240550488,0.03233957372296172,0.9999999999999772,-0.001273533871182373,-1.2492325146291754,-0.0072670749159723345,-1.0010130209438892,2.562608943705944,0.27767484507849133,False
GUT_GENOME009343_3,GUT_GENOME009343_00815,90524,0.0237700126765327,0.025141152713148433,0.025029146755805566,0.0009696686525243681,0.6353573114493707,0.032370991256169435,0.9999999999999816,-0.0013711400366157311,-1.2983926062735256,-0.0073418445003638685,-1.0125234979934252,2.7110271940146005,0.2578148475084423,False
GUT_GENOME009343_3,GUT_GENOME009343_00815,90525,0.023645538928486313,0.0251019473540263,0.02494787808534688,0.0009627231435417865,0.6462934535281991,0.03227879925841428,0.9999999999999868,-0.001456408425539988,-1.3413386824283624,-0.007330921173067401,-1.0108418956523963,2.820990798984785,0.24402236464884766,False
GUT_GENOME009343_3,GUT_GENOME009343_00816,91635,0.02386358620486981,0.025083651590331824,0.02505966781981501,0.0009542396140885493,0.6193630650609201,0.03228211506193324,0.9999999999999811,-0.0012200653854620123,-1.2223027029064495,-0.007222447242118235,-0.9941427698939186,2.4823437444647647,0.28904529523539724,False
GUT_GENOME009343_3,GUT_GENOME009343_00816,91799,0.02352513114503532,0.02524911833462233,0.025174166500919047,0.0009678952047215352,0.6697188711626034,0.032278575396392506,0.9999999999998932,-0.0017239871895870125,-1.476106773196306,-0.007104408895473459,-0.9759712407744693,3.1314110686948675,0.2089405464258973,False
GUT_GENOME009343_3,GUT_GENOME009343_00816,92129,0.023736029669670474,0.025249073022660835,0.02521358289681805,0.0009652582953711612,0.6477734281028399,0.03228862120711713,0.9999999999998846,-0.0015130433529903613,-1.3698632967431457,-0.007075038310299084,-0.9714497572149141,2.820240082556915,0.24411397764057127,False
GUT_GENOME009343_3,GUT_GENOME009343_00817,92899,0.023538817627266662,0.02527375468936977,0.025228587160167373,0.0009687396417692128,0.6688272758615517,0.03228652644886053,0.99999999999984,-0.0017349370621031063,-1.4816217602260202,-0.007057939288693155,-0.968817431552464,3.1338102560551637,0.20869005294211707,False
GUT_GENOME009343_3,GUT_GENOME009343_00817,92923,0.023331412503452244,0.0250659001304275,0.025025320768313326,0.0009578774877598943,0.668977660419746,0.03227701439355424,0.9999999999999815,-0.0017344876269752563,-1.4813953987869124,-0.007251693625240911,-0.9986451330467305,3.1918244293049574,0.2027235167677684,False
GUT_GENOME009343_3,GUT_GENOME009343_00818,93170,0.023377437392999165,0.02515505592229245,0.025143799920973226,0.0009678019372823251,0.6726645343961171,0.032288904864845536,0.9999999999999225,-0.0017776185292932845,-1.5031186075744296,-0.0071451049438723095,-0.9822362338851548,3.2241535675933846,0.1994729214795538,False
GUT_GENOME009343_3,GUT_GENOME009343_00818,93172,0.023369610660120717,0.025336532328182587,0.02524636524338384,0.0009743078911506237,0.6893213885224849,0.03230552336321414,0.9999999999997843,-0.0019669216680618697,-1.5984625810735293,-0.007059158119830301,-0.9690050657080574,3.4940534404601262,0.17429139087782927,False
GUT_GENOME009343_3,GUT_GENOME009343_00818,93182,0.02316354850909217,0.024822145158346336,0.024810578045088894,0.0009793647390300571,0.6629420733006675,0.032300545981350584,0.9999999999999898,-0.001658596649254166,-1.4431723274964476,-0.00748996793626169,-1.0353265057040493,3.1546473402648703,0.20652709384390808,False
GUT_GENOME009343_3,GUT_GENOME009343_00818,93330,0.02308246468288994,0.02489657474368002,0.024850230258617635,0.0009364748578598281,0.6759436421223364,0.032311058830637465,0.9999999999999992,-0.001814110060790082,-1.5214978464745594,-0.00746082857201983,-1.0308406176778753,3.377588075881225,0.18474218176957133,False
GUT_GENOME009343_3,GUT_GENOME009343_00818,93409,0.022892260456887876,0.025022931434856406,0.024947797855219143,0.0009378785555095118,0.7037366171667528,0.03225691186038245,0.9999999999999968,-0.0021306709779685302,-1.68093617324847,-0.007309114005163309,-1.0074847697874056,3.840571979888792,0.1465650400083408,False
GUT_GENOME009343_3,GUT_GENOME009343_00819,93591,0.022605233729966003,0.025138841041744964,0.02504329288466503,0.0009425000436321891,0.7386061542011633,0.032266338072772995,0.999999999999991,-0.0025336073117789605,-1.8838781391479882,-0.007223045188107964,-0.9942348212761437,4.537499722997692,0.10344141538123992,False
GUT_GENOME009343_3,GUT_GENOME009343_00819,93593,0.02334875732644006,0.025389884656105158,0.025324772335697424,0.000943540534675423,0.6899527884277531,0.032261179749399335,0.999999999999902,-0.0020411273296650975,-1.6358368300131112,-0.006936407413701912,-0.9501080877830984,3.5786675128982006,0.16707144286674835,False
GUT_GENOME009343_3,GUT_GENOME009343_00820,94710,0.023370526790226154,0.02553104439191305,0.025465298730239394,0.0009391583219649243,0.7030097933106574,0.032287211578962124,0.9999999999998119,-0.0021605176016868954,-1.6959686535303746,-0.00682191284872273,-0.932482109610098,3.7458325585005308,0.15367484892814412,False
GUT_GENOME009343_3,GUT_GENOME009343_00820,94719,0.02351987962796681,0.025373537060066828,0.025299264600166772,0.0009390877622846875,0.6728707508666932,0.03225628063173781,0.999999999999936,-0.001853657432100017,-1.5414161824655062,-0.006957016031571041,-0.9532807016866757,3.2847079437747757,0.19352395574268616,False
GUT_GENOME009343_3,GUT_GENOME009343_00820,94780,0.023394798190190854,0.02517305610806876,0.025120373034521908,0.0009172163521574818,0.6684287562937328,0.032195192444508726,0.9999999999999939,-0.0017782579178779075,-1.5034406405246727,-0.007074819409986818,-0.9714160583915092,3.203982918082134,0.20149484943452622,False
GUT_GENOME009343_3,GUT_GENOME009343_00820,94848,0.023193849900516175,0.025095623961936896,0.02502647636576255,0.0009122133170449938,0.6803240820175933,0.03215207788469707,0.9999999999999972,-0.0019017740614207211,-1.565650490785282,-0.007125601518934516,-0.9792337599920506,3.410160216004363,0.18175782533588683,False
GUT_GENOME009343_3,GUT_GENOME009343_00820,95278,0.023231747673181306,0.023867633271381233,0.02385638641909798,0.0009150674685604678,0.5627801263524355,0.03202357775911033,1.0,-0.0006358855981999263,-0.9280760856525518,-0.008167191340012349,-1.1395823272351815,2.1599731013069148,0.33960009301356187,False
GUT_GENOME009343_3,GUT_GENOME009343_00820,95320,0.022821827459212594,0.02362694426357499,0.023599192352907077,0.0008951921067550377,0.580116610729885,0.031921329260165957,1.0,-0.0008051168043623942,-1.013310676798447,-0.00832213690725888,-1.1634355746516605,2.3803808640787665,0.30416333610680896,False
GUT_GENOME009343_3,GUT_GENOME009343_00820,95358,0.022614134069003103,0.023665088704545457,0.02361546684830821,0.0009126091540175008,0.6050732802319522,0.031923787647516334,1.0,-0.0010509546355423546,-1.137128780468411,-0.008308320799208124,-1.1613086403383792,2.6416996214941504,0.26690838394765815,False
GUT_GENOME009343_3,GUT_GENOME009343_00820,95424,0.02255843911965575,0.023330310340434902,0.02331555048336446,0.0009000715821557155,0.5773732113455181,0.031879586601667474,1.0,-0.0007718712207791523,-0.9965662843877241,-0.008564036118303014,-1.2006749861006247,2.4347647814260895,0.2960039764744393,False
GUT_GENOME009343_3,GUT_GENOME009343_00822,97446,0.022339106495024658,0.022987162067826482,0.0229711636058853,0.0008822789428360425,0.5662211646901903,0.03180616875505755,1.0,-0.0006480555728018249,-0.9342055864282711,-0.008835005149172247,-1.242389579492273,2.4162719449447767,0.2987536457473735,False
GUT_GENOME009343_3,GUT_GENOME009343_00830,102010,0.022415425046337242,0.022378756138429375,0.022383647164386112,0.0008900707764410901,0.49624949255162526,0.031788793216571756,1.0,3.666890790786706e-05,-0.5893388654238357,-0.009405146052185644,-1.3301604803544769,2.1166472017959066,0.3470370956363435,False
GUT_GENOME009343_3,GUT_GENOME009343_00830,102067,0.02253463000568181,0.02209631445067975,0.022111961205637746,0.0008901016241629171,0.4552797579433397,0.031801016249832746,1.0,0.0004383155550020598,-0.38704646010157445,-0.009689055044195,-1.3738671287633806,2.037315849773695,0.36107921055914227,False
GUT_GENOME009343_3,GUT_GENOME009343_00830,102140,0.022445954262114303,0.021548131657560515,0.021594190431298562,0.0009107009702687053,0.40745060761589846,0.031837131214122245,1.0,0.0008978226045537885,-0.1556122206055946,-0.010242940782823683,-1.4591356123912327,2.153291898550142,0.3407364585677679,False
GUT_GENOME009343_3,GUT_GENOME009343_00831,102532,0.022329205764175686,0.021396648462265678,0.021442317198112057,0.0009127246009306641,0.4053270926984631,0.031691618558476894,1.0,0.0009325573019100079,-0.13811782465540862,-0.010249301360364838,-1.460114797743205,2.1510117560762225,0.34112514392596327,False
GUT_GENOME009343_3,GUT_GENOME009343_00832,103752,0.022271029713810533,0.02137955726109597,0.021427589148868265,0.0009081661869577094,0.4091961650316335,0.03157838409310623,1.0,0.0008914724527145611,-0.15881052314095134,-0.010150794944237967,-1.444950130836366,2.113101662864334,0.34765285804411644,False
GUT_GENOME009343_3,GUT_GENOME009343_00832,103762,0.021985883903121627,0.021079800175050418,0.02114796229119749,0.0009032687217247753,0.4059921636682444,0.03149240522168054,1.0,0.0009060837280712095,-0.15145144257073784,-0.010344442930483054,-1.4747614601289138,2.197858903738324,0.3332276290299595,False
GUT_GENOME009343_3,GUT_GENOME009343_00832,104583,0.021999660973608958,0.020921123763284682,0.02097961787037323,0.000917066747200427,0.38971307201022914,0.03144155410636949,1.0,0.0010785372103242763,-0.0645939274300937,-0.010461936235996262,-1.4928490823564495,2.232770758153338,0.3274613064678433,False
GUT_GENOME009343_3,GUT_GENOME009343_00834,106106,0.021852410443321063,0.020708530205474182,0.020772016616540306,0.0009300171127637471,0.3822416254511135,0.03141079453749846,1.0,0.001143880237846881,-0.031683411920458475,-0.010638777920958156,-1.5200731491039123,2.3116262172176065,0.31480146502912,False
GUT_GENOME009343_3,GUT_GENOME009343_00835,107824,0.021835952838759057,0.020743875226226803,0.020801284622992935,0.0009312503283141887,0.3864998326452279,0.031418266794842484,1.0,0.0010920776125322544,-0.05777420031049851,-0.010616982171849549,-1.516717781116599,2.3037706857767772,0.3160403628897302,False
GUT_GENOME009343_3,GUT_GENOME009343_00841,115927,0.021716621601168964,0.020355901187446936,0.020433612418906726,0.0009405954373559169,0.35948910466793793,0.03142125600851472,1.0,0.0013607204137220281,0.07752980090140434,-0.010987643589607993,-1.5737796168480302,2.4827931524341444,0.28898035290247587,False
GUT_GENOME009343_3,GUT_GENOME009343_00842,118156,0.021590270965678008,0.02026864082840561,0.02033706098733566,0.0009481953611649958,0.3623384803732615,0.03138135014217586,1.0,0.001321630137272399,0.05784168423239317,-0.011044289154840195,-1.5824999739808043,2.5076518280840863,0.2854107483370953,False
GUT_GENOME009343_3,GUT_GENOME009343_00842,118582,0.02157336876229945,0.02018016643820571,0.0202477029312622,0.0009547459434358668,0.3529956347362275,0.03138046629467287,1.0,0.0013932023240937376,0.09388956345909907,-0.011132763363410673,-1.5961202228495632,2.5564150159158796,0.27853612703943353,False
GUT_GENOME009343_3,GUT_GENOME009343_00844,119610,0.021472483010237416,0.020259213342546524,0.020313372364662068,0.0009590477743760438,0.37162357403791896,0.031386897756952484,1.0,0.0012132696676908916,0.0032651050624140825,-0.011073525392290416,-1.587000775248113,2.5185821215491804,0.2838551912639721,False
GUT_GENOME009343_3,GUT_GENOME009343_00845,122239,0.021400277032075057,0.02004909321219563,0.020123436081745584,0.0009610903755848913,0.35808269853982533,0.03141984797855834,1.0,0.001351183819879427,0.07272662248336363,-0.011296411896812755,-1.6213132569321251,2.6339458387216927,0.26794516721175454,False
GUT_GENOME009343_3,GUT_GENOME009343_00845,122240,0.021428326272511143,0.019703043131443113,0.01980829911253728,0.0009670613950264663,0.32018799385986463,0.03145620529939539,1.0,0.0017252831410680299,0.26114460645054965,-0.011647906186858112,-1.6754243903767585,2.8752433933475454,0.23749191536060232,False
GUT_GENOME009343_3,GUT_GENOME009343_00845,122254,0.0213931124703091,0.019740277634571313,0.01983066688075532,0.0009686238781080221,0.32658381320852614,0.03163598671651014,1.0,0.0016528348357377869,0.2246554634368911,-0.011805319835754821,-1.6996575890450993,2.939305997250644,0.23000528349041693,False
GUT_GENOME009343_3,GUT_GENOME009343_00845,122255,0.021638635407318873,0.01888807748725578,0.019078506168983253,0.0010117202584211176,0.2307881463390996,0.03179610194054873,1.0,0.0027505579200630924,0.777532089477443,-0.012717595771565476,-1.8400988033095138,3.990519756108263,0.13597831179562123,False
GUT_GENOME009343_3,GUT_GENOME009343_00849,125222,0.021563441143988362,0.019250517561403467,0.019330322199156445,0.0010152833690210935,0.26554432490219243,0.03179511581411839,1.0,0.002312923582584895,0.5571142086845354,-0.012464793614961944,-1.8011809272060366,3.5546289740489936,0.1690916358534437,False
GUT_GENOME009343_3,GUT_GENOME009343_00851,127935,0.021166364203047437,0.019168117810290583,0.01923579976876439,0.0010070136270441932,0.2928320779974102,0.03179107307315485,1.0,0.0019982463927568535,0.3986246355960894,-0.012555273304390463,-1.815109911793706,3.45352559199587,0.1778592456995997,False
GUT_GENOME009343_3,GUT_GENOME009343_00851,127988,0.020846973692628397,0.019159750358213167,0.01916735534378224,0.0009971003342293366,0.3162973928501243,0.031825189974350424,1.0,0.0016872233344152297,0.24197549377502534,-0.012657834630568184,-1.8308988158078938,3.410742613314415,0.18170490540708858,False
GUT_GENOME009343_3,GUT_GENOME009343_00851,127996,0.020802917320610268,0.01911709372067807,0.019174591601010562,0.0009918814489126909,0.31579759529872653,0.03182499905676086,1.0,0.0016858235999321972,0.24127050679845347,-0.012650407455750298,-1.829755432091375,3.406216398718677,0.18211658877067802,False
GUT_GENOME009343_3,GUT_GENOME009343_00851,127999,0.02080560708168512,0.01929212496252312,0.019348974825147962,0.0009929735541516999,0.33470700507186496,0.0318061535731566,1.0,0.0015134821191619997,0.15446940206116572,-0.01245717874800864,-1.800008649039526,3.2638919327902336,0.1955486724909399,False
GUT_GENOME009343_3,GUT_GENOME009343_00851,128017,0.020753433328636817,0.019358816472488643,0.019387327452675945,0.0010026603871334807,0.34582784023469215,0.03179108788212862,1.0,0.0013946168561481745,0.09460200334567025,-0.012403760429452678,-1.7917851135636107,3.2194434322251753,0.19994324731799346,False
GUT_GENOME009343_3,GUT_GENOME009343_00851,128025,0.020829920501577892,0.019461040839703767,0.01948014073399094,0.0010302728695187923,0.3499189582157255,0.03177429102082108,1.0,0.0013688796618741249,0.08163926862944386,-0.012294150286830136,-1.774911072583974,3.156974285763544,0.20628694492867053,False
GUT_GENOME009343_3,GUT_GENOME009343_00851,128034,0.02094928988536929,0.01948304951165591,0.019494014025614178,0.00104474236599056,0.33998296366757563,0.031767410844136854,1.0,0.0014662403737133803,0.1306757356940666,-0.012273396818522676,-1.7717161595375088,3.1560542978655253,0.2063818575030287,False
GUT_GENOME009343_3,GUT_GENOME009343_00851,128092,0.020998830495405407,0.01943476042175053,0.01947148259373547,0.0010420795720580405,0.33089813756620207,0.031742646772905794,1.0,0.001564070073654878,0.17994841220287744,-0.012271164179170325,-1.7713724536812538,3.1701418007150823,0.20493326276009782,False
GUT_GENOME009343_3,GUT_GENOME009343_00851,128107,0.020917357270347967,0.019381661718697544,0.019425073829928318,0.0010294874117098484,0.33325949285076917,0.03172170040916344,1.0,0.0015356955516504234,0.16565736720679047,-0.01229662657923512,-1.7752922878485426,3.179105070604398,0.2040168816649551,False
GUT_GENOME009343_3,GUT_GENOME009343_00851,128127,0.020903841022037593,0.019372527550510464,0.019412616812220816,0.0010424696642090997,0.33330023470636905,0.03172743066949768,1.0,0.0015313134715271293,0.1634502990416026,-0.012314813857276865,-1.7780921462160415,3.188327680691958,0.20307826338037363,False
GUT_GENOME009343_3,GUT_GENOME009343_00851,128149,0.020990077095640765,0.019425099977914126,0.019475954701388406,0.0010407632955816363,0.32989506971437,0.03172775697682016,1.0,0.0015649771177266396,0.18040525188606021,-0.012251802275431756,-1.7683917664080562,3.159755494407878,0.2060002807758464,False
GUT_GENOME009343_3,GUT_GENOME009343_00851,128173,0.02103280492311684,0.01944494412906292,0.019500704781831586,0.001051369482056668,0.32769539915422563,0.03174037765610137,1.0,0.0015878607940539198,0.19193079046668227,-0.012239672874269782,-1.7665244938421365,3.1574462156733825,0.2062382741815311,False
GUT_GENOME009343_3,GUT_GENOME009343_00851,128185,0.021096937741085686,0.019387943982724556,0.019450414479981307,0.0010583963298578314,0.3147540199625507,0.03176241434750768,1.0,0.0017089937583611298,0.2529403342803879,-0.01231199986752637,-1.7776589438021952,3.2240501331858105,0.1994832379280506,False
GUT_GENOME009343_3,GUT_GENOME009343_00851,128187,0.02118916594502682,0.019452781506852913,0.01952748176473498,0.0010145635189968115,0.31185065391441613,0.031736897914620574,1.0,0.0017363844381739074,0.26673585963289825,-0.012209416149885594,-1.7618665927122519,3.1753219093295812,0.2044031612723517,False
GUT_GENOME009343_3,GUT_GENOME009343_00851,128215,0.021381412160596004,0.02001521155068805,0.02002456949185974,0.0011119761463791098,0.35092392536302647,0.031780912195538656,1.0,0.0013662006099079554,0.08028994361916274,-0.011756342703678917,-1.6921177563805267,2.869708976504636,0.23815001511846492,False
GUT_GENOME009343_3,GUT_GENOME009343_00852,129926,0.021485368197250467,0.0197311834920383,0.019818548226091474,0.0011074332323282579,0.3113277425859765,0.03186736858928888,1.0,0.0017541847052121688,0.27570110025073913,-0.012048820363197408,-1.7371435167185878,3.093678694356891,0.21291987725147116,False
GUT_GENOME009343_3,GUT_GENOME009343_00854,131144,0.02158621337233183,0.019808437937950014,0.019917393128158645,0.0010922261623264795,0.3096365638170831,0.031827078078926124,1.0,0.001777775434381814,0.28758275140246503,-0.011909684950767479,-1.7157241791017563,3.0264132976586073,0.22020273178825372,False
GUT_GENOME009343_3,GUT_GENOME009343_00855,131306,0.021776464924175468,0.019874523012003698,0.019999248170351504,0.001090647053379274,0.29721780224313765,0.03186015602053792,1.0,0.0019019419121717694,0.35012014747994963,-0.011860907850186415,-1.7082151404819719,3.0405830838432246,0.2186481325624035,False
GUT_GENOME009343_3,GUT_GENOME009343_00855,131312,0.021925539884449164,0.020105238890217994,0.020179278979160373,0.001103223449933418,0.307247934763006,0.03199174745475613,1.0,0.00182030099423117,0.30900107482639877,-0.011812468475595757,-1.7007580934212319,2.988059756581693,0.22446625872859588,False
GUT_GENOME009343_3,GUT_GENOME009343_00855,131377,0.022058810077444688,0.020264175807724168,0.020310084502169784,0.0011104276416506243,0.3084053841400829,0.03203154840618203,1.0,0.00179463426972052,0.29607383274541216,-0.011721463904012248,-1.6867483053350827,2.9327795599873316,0.2307570669666859,False
GUT_GENOME009343_3,GUT_GENOME009343_00855,131390,0.021988985388678123,0.020161943179287004,0.020246918243251203,0.0010948424181836634,0.3039651751053778,0.0320296227169905,1.0,0.00182704220939112,0.31239633939381684,-0.0117827044737393,-1.6961760449444465,2.974604648310042,0.2259814587160067,False
GUT_GENOME009343_3,GUT_GENOME009343_00855,131391,0.022173676176564586,0.02058461685315446,0.02060418173294579,0.0011329322857248434,0.3279653087938351,0.03207177364055858,1.0,0.0015890593234101254,0.19253443894245134,-0.011467591907612793,-1.6476657316942598,2.751871873578465,0.25260306463163784,False
GUT_GENOME009343_3,GUT_GENOME009343_00855,131430,0.022381319101924,0.020664710664062044,0.020727178661881205,0.00111560175582498,0.3161566638628831,0.03214640515477324,1.0,0.0017166084378619564,0.2567755258427343,-0.011419226492892034,-1.6402200704582768,2.756255550205967,0.2520500058854971,False
GUT_GENOME009343_3,GUT_GENOME009343_00855,131431,0.02256836282360734,0.02070741023664235,0.02078590289951657,0.001127663016769849,0.3035688201332978,0.03229633739362369,1.0,0.0018609525869649896,0.3294755603817998,-0.01151043449410712,-1.6542611757187091,2.845134182379147,0.24109431073529727,False
GUT_GENOME009343_3,GUT_GENOME009343_00856,132935,0.022811289980044218,0.021072872670156437,0.021150423336931595,0.0011235513668594948,0.3167690530905633,0.032308842482684265,1.0,0.0017384173098877811,0.267759731017575,-0.01115841914575267,-1.6000698274413052,2.631918726242652,0.2682168823838744,False
GUT_GENOME009343_3,GUT_GENOME009343_00856,132976,0.022772985923704223,0.020951121269460582,0.021053193249959884,0.0011380100061588192,0.3073439068595669,0.03233959308456054,1.0,0.0018218646542436413,0.30978862414946057,-0.011286399834600655,-1.6197719401888433,2.7196301298755454,0.25670824691960836,False
GUT_GENOME009343_3,GUT_GENOME009343_00856,132981,0.022844777578281798,0.020937421470915124,0.02104916489335868,0.0011389248837576382,0.3007664214492362,0.0323640509101001,1.0,0.0019073561073666735,0.35284704829384966,-0.011314886016741417,-1.6241572734554177,2.762387888407819,0.2512783615461221,False
GUT_GENOME009343_3,GUT_GENOME009343_00856,132987,0.02304164598500514,0.021238620317215472,0.02127359480745254,0.0011379470049542632,0.3117166114226788,0.03235549503406693,1.0,0.001803025667789667,0.3003002245544946,-0.01108190022661439,-1.5882900473373487,2.6128454993383574,0.270786998736935,False
GUT_GENOME009343_3,GUT_GENOME009343_00856,133029,0.02296527631264985,0.021225925370842412,0.021277066550353125,0.0011457251077583018,0.31906257660638015,0.03237690445699095,1.0,0.0017393509418074382,0.26822996187367565,-0.011099837906637825,-1.5910514810929584,2.6033921279348498,0.27206995344532436,False
GUT_GENOME009343_3,GUT_GENOME009343_00856,133042,0.023129959485433508,0.02146446659303551,0.021504710075426873,0.001149083385422722,0.3264944668249834,0.03240587575891477,1.0,0.0016654928923979968,0.23103079047378985,-0.010901165683487899,-1.5604666907192075,2.4884315189910993,0.28816681162357105,False
GUT_GENOME009343_3,GUT_GENOME009343_00856,133050,0.02308008171996175,0.021550710918111057,0.021580820220565542,0.0011323594236517306,0.33856777932453386,0.0324447978279591,1.0,0.0015293708018506921,0.16247185860288305,-0.01086397760739356,-1.5547417358477347,2.443618970024702,0.29469643539700086,False
GUT_GENOME009343_3,GUT_GENOME009343_00856,133062,0.023350702088082223,0.021620199743734827,0.02166529220785253,0.0011212741985363762,0.32088712080460047,0.03252797637551605,1.0,0.0017305023443473962,0.26377329809502703,-0.01086268416766352,-1.5545426159990858,2.486179097745209,0.288491530964866,False
GUT_GENOME009343_3,GUT_GENOME009343_00856,133105,0.023934222442581258,0.022156968294015925,0.022210891237820045,0.0011531035454170574,0.32172584799108755,0.03284884173213991,1.0,0.0017772541485653326,0.287320201814564,-0.010637950494319863,-1.5199457700980272,2.392788042409647,0.30228227243616473,False
GUT_GENOME009343_3,GUT_GENOME009343_00856,133123,0.02409685963630564,0.02231000418241077,0.022396939811541505,0.0011810331322224062,0.32124544924436776,0.032869235797949606,1.0,0.00178685545389487,0.29215597266786847,-0.0104722959864081,-1.4944439243008685,2.318717755245288,0.3136872283292829,False
GUT_GENOME009343_3,GUT_GENOME009343_00856,133145,0.024278102228174468,0.022317913623447865,0.02239658816373612,0.0011834361596522094,0.30709011991750346,0.03286933369454096,1.0,0.0019601886047266037,0.3794565396152496,-0.01047274553080484,-1.4945131298542165,2.3775567607634254,0.3045931338266388,False
GUT_GENOME009343_3,GUT_GENOME009343_00856,133264,0.024407319839125856,0.022448901570223407,0.022530042236983773,0.001192175949842957,0.306077813421664,0.03288339544698923,1.0,0.001958418268902449,0.37856489643912106,-0.01035335321000546,-1.476133161854719,2.322280492343173,0.3131289331788785,False
GUT_GENOME009343_3,GUT_GENOME009343_00856,133287,0.024547732929381717,0.022468008427404446,0.022559480212882777,0.0011949073900519996,0.2959995549983435,0.03284701583671417,1.0,0.0020797245019772703,0.4396617083926728,-0.010287535623831393,-1.466000808956443,2.3424607896877085,0.3099853022127565,False
GUT_GENOME009343_3,GUT_GENOME009343_00861,142300,0.02461027320004136,0.022504329238669143,0.02264754030183181,0.0012014735757137247,0.2943638319427416,0.032889587722965505,1.0,0.002105943961372217,0.45286733962506615,-0.010242047421133695,-1.458998082949104,2.333764233348246,0.31133613931463155,False
GUT_GENOME009343_3,GUT_GENOME009343_00861,142325,0.024792251282362312,0.0225013593873937,0.022658776578428116,0.0012012473952325708,0.27899113362183453,0.03287048327369821,1.0,0.002290891894968613,0.5460177807336226,-0.010211706695270092,-1.4543272501290303,2.4132031673451375,0.29921240186042836,False
GUT_GENOME009343_3,GUT_GENOME009343_00861,142394,0.024885924670983297,0.022515900276262886,0.022671646329813947,0.0012048977273866565,0.2717105929467103,0.032851236555024546,1.0,0.002370024394720411,0.5858734693837518,-0.010179590225210599,-1.4493830486259687,2.443958943772061,0.29464634512872795,False
GUT_GENOME009343_3,GUT_GENOME009343_00861,142634,0.025015723020847983,0.022531456205097288,0.022738062780830782,0.0012051588685629629,0.26319219336764055,0.03288259533204259,1.0,0.002484266815750695,0.6434125383819673,-0.010144532551211807,-1.4439860605959147,2.4990754377424356,0.2866372732393899,False
GUT_GENOME009343_3,GUT_GENOME009343_00861,142673,0.025083085690961203,0.02255440390633841,0.022757779934724814,0.0012144304203535032,0.2596562350137729,0.032869483605472385,1.0,0.0025286817846227917,0.6657824771090861,-0.010111703670747572,-1.438932186373921,2.5137921438083435,0.28453583603083415,False
GUT_GENOME009343_3,GUT_GENOME009343_00861,142674,0.025230231743667394,0.022691582123869417,0.02290742174075554,0.0012006417502127705,0.2584547510591314,0.03289359816839297,1.0,0.0025386496197979773,0.6708028535221158,-0.009986176427637428,-1.4196077717383564,2.4652626938733544,0.2915244655299428,False
GUT_GENOME009343_3,GUT_GENOME009343_00861,142678,0.025515428292056903,0.022684748206953688,0.022936017758301647,0.0012074154838777316,0.23872650106919285,0.03287867722221306,0.9999999999999999,0.0028306800851032148,0.8178862306183062,-0.009942659463911416,-1.4129085100491277,2.665248344004267,0.2637841373115557,False
GUT_GENOME009343_3,GUT_GENOME009343_00861,142695,0.02553353102813589,0.022868449091153598,0.023109403887431598,0.0012030047398634042,0.25189965565028544,0.032884432395848366,0.9999999999999998,0.0026650819369822935,0.7344814569381287,-0.009775028508416769,-1.3871023980890962,2.4635160733704775,0.2917791680352019,False
GUT_GENOME009343_3,GUT_GENOME009343_00861,142839,0.025694030621219048,0.022998070330053817,0.023251076087963486,0.0012146654053039451,0.25035957589161334,0.03288063527124575,0.9999999999999989,0.0026959602911652315,0.7500335761584701,-0.009629559183282267,-1.3647079800647293,2.424978236217417,0.2974559541874864,False
GUT_GENOME009343_3,GUT_GENOME009343_00861,143038,0.025813172836248444,0.02312091840065356,0.02339744749269985,0.0012118592821316588,0.25178288720900954,0.032900799028048947,0.9999999999999978,0.0026922544355948846,0.7481670936606676,-0.009503351535349095,-1.3452788198409205,2.3695291031492296,0.305818175430574,False
GUT_GENOME009343_3,GUT_GENOME009343_00861,143150,0.026040764974974057,0.023628481792366048,0.023823822499720454,0.0012189697471719574,0.2765792797835244,0.03295375716204648,0.9999999999999656,0.0024122831826080098,0.6071574310690608,-0.009129934662326027,-1.2877927928445172,2.027050423404663,0.36293729100160693,False
GUT_GENOME009343_3,GUT_GENOME009343_00861,143168,0.025986436991796372,0.02365378941451243,0.023877021149010143,0.0012279162339914086,0.2846855709090275,0.032928780680682175,0.9999999999999157,0.002332647577283943,0.5670483494500582,-0.009051759531672032,-1.2757580456333346,1.949102421612221,0.37736167140662114,False
GUT_GENOME009343_3,GUT_GENOME009343_00861,143398,0.026075180147716974,0.02372586821450606,0.023960760595642755,0.0012287000624832606,0.28361428463729016,0.0329691848216058,0.9999999999998863,0.0023493119332109146,0.5754414797500425,-0.009008424225963048,-1.26908674946582,1.9417140742866394,0.37875828904022407,False
GUT_GENOME009343_3,GUT_GENOME009343_00861,143414,0.026136622629666505,0.023908210353008982,0.02411428980909425,0.001247969130066127,0.29364168569165583,0.03301332080801617,0.9999999999995011,0.0022284122766575223,0.5145494431707219,-0.008899030998921916,-1.252246101768249,1.8328814288610755,0.3999400114761754,False
GUT_GENOME009343_3,GUT_GENOME009343_00861,143439,0.026140446771776533,0.023970210199310626,0.024178915199810122,0.001246562806860697,0.29825839929559916,0.03302171088511585,0.9999999999993473,0.002170236572465907,0.48524880486742666,-0.00884279568530573,-1.2435889012231316,1.7819797578706218,0.4102494543992985,False
GUT_GENOME009343_3,GUT_GENOME009343_00861,143441,0.026304571863531506,0.02406842770625915,0.02429791834337688,0.0012674075313284033,0.2954521590267061,0.033024039133996805,0.999999999997111,0.002236144157272354,0.5184436639704091,-0.008726120790619924,-1.2256272700536253,1.7709460378101647,0.41251899783716917,False
GUT_GENOME009343_3,GUT_GENOME009343_00864,146453,0.026459764087338085,0.024222449492833354,0.024428064263227568,0.0012903746190140574,0.29590236621070337,0.03305495545227336,0.9999999999884988,0.002237314594504731,0.519033163633183,-0.008626891189045794,-1.210351271653359,1.7343456257439738,0.4201376795910924,False
GUT_GENOME009343_3,GUT_GENOME009343_00868,151045,0.02660100619694283,0.024175334021529403,0.024428084725240717,0.0012819304088995977,0.2816164864907666,0.03308890752872367,0.9999999999929112,0.002425672175413427,0.6139008996851828,-0.008660822803482952,-1.2155749073390598,1.854496669986641,0.39564088509402967,False
GUT_GENOME009343_3,GUT_GENOME009343_00868,152191,0.02697975136015743,0.024334998409231857,0.024578646037234347,0.0012913016708708933,0.2654678852293221,0.0331607395451635,0.9999999999849498,0.0026447529509255746,0.7242426076487634,-0.008582093507929153,-1.203454848668508,1.972830927517622,0.37291101116814396,False
GUT_GENOME009343_3,GUT_GENOME009343_00868,152363,0.027185410953464204,0.024413767394827406,0.024696414222090308,0.0012810022482313216,0.2561442364250135,0.03326797788639968,0.9999999999889397,0.0027716435586367973,0.7881520325933388,-0.008571563664309372,-1.2018338215582594,2.0655881611223412,0.3560108466197755,False
GUT_GENOME009343_3,GUT_GENOME009343_00871,153773,0.02740542735336538,0.02456876477036693,0.02485159118078306,0.0012886646102022014,0.2512302571587838,0.03339770182680373,0.9999999999834143,0.002836662582998452,0.8208993614332114,-0.00854611064602067,-1.1979154316776985,2.108877143053021,0.3483879673348744,False
GUT_GENOME009343_3,GUT_GENOME009343_00871,154409,0.02732573015095229,0.024760891601233775,0.02496858123746058,0.0012785719209307785,0.2704849304935447,0.03357732114168581,0.9999999999916951,0.0025648385497185136,0.6839931083512543,-0.00860873990422523,-1.2075569542976197,1.926040370144554,0.38173822312205474,False
GUT_GENOME009343_3,GUT_GENOME009343_00872,154781,0.02749305448072149,0.02531279649615142,0.025406923312925402,0.001357089469509267,0.30253344820876876,0.0338111738999625,0.999999999704569,0.0021802579845700693,0.4902961657104544,-0.008404250587037098,-1.1760766456731433,1.6235466066081656,0.44406989698235955,False
GUT_GENOME009343_3,GUT_GENOME009343_00872,154793,0.02752973772425625,0.025349959615459217,0.025503702446253322,0.001356970990155109,0.3027422502313173,0.03386191941337638,0.9999999996350473,0.002179778108797034,0.49005447260761026,-0.008358216967123057,-1.1689899548771512,1.606690900726407,0.4478282680228186,False
GUT_GENOME009343_3,GUT_GENOME009343_00872,154817,0.027482606832517673,0.02537878662850809,0.025511668234899764,0.0013479400312024434,0.3091838567281976,0.03389397829614911,0.999999999749207,0.002103820204009583,0.4517976929883612,-0.008382310061249346,-1.1726989898978724,1.5793440762970956,0.45399366347189785,False
GUT_GENOME009343_3,GUT_GENOME009343_00872,154859,0.027647594937985027,0.02540661097303401,0.02554491868616217,0.001358356757352016,0.2992826829827293,0.033910281195615184,0.9999999996326816,0.002240983964951017,0.5208812701192395,-0.008365362509453016,-1.1700899824039164,1.6404278644830295,0.44033744205281666,False
GUT_GENOME009343_3,GUT_GENOME009343_00872,154870,0.027663027557494994,0.02549092263638369,0.025593025047222242,0.001355707694007902,0.30465949235480333,0.03395653956231081,0.9999999996566302,0.002172104921111303,0.48618981295050695,-0.008363514515088568,-1.1698054910978224,1.6048254212194664,0.4482461701177817,False
GUT_GENOME009343_3,GUT_GENOME009343_00873,155328,0.027673332529331077,0.025628667855294017,0.025706632996593978,0.0013515262069468115,0.31469475517204704,0.03394032952414087,0.999999999442969,0.0020446646740370604,0.4220035579374882,-0.00823369652754689,-1.1498205335997218,1.500174262399448,0.47232539666957984,False
GUT_GENOME009343_3,GUT_GENOME009343_00873,155371,0.027751534788625836,0.02560388112183432,0.02571242226289935,0.001348882155310614,0.3067972115016016,0.03393872340042504,0.9999999994650136,0.002147653666791517,0.47387475172621696,-0.008226301137525687,-1.1486820430249225,1.5440277162914937,0.4620815639456688,False
GUT_GENOME009343_3,GUT_GENOME009343_00873,155397,0.027611177025476958,0.025581025071818763,0.025716855563587347,0.0013418558944832762,0.3150965996659698,0.03396697789575676,0.9999999996083921,0.002030151953658195,0.4146941153355148,-0.008250122332169416,-1.1523492202129533,1.4998799346193066,0.4723949110272091,False
GUT_GENOME009343_3,GUT_GENOME009343_00873,155443,0.027755632871212646,0.025580900313037468,0.02573638048665952,0.0013355157313553081,0.30449664704681967,0.0339592987835649,0.9999999996295799,0.0021747325581751784,0.4875132424520624,-0.008222918296905378,-1.1481612683056408,1.5559434596033412,0.45933672610816734,False
GUT_GENOME009343_3,GUT_GENOME009343_00874,155513,0.027523799314789012,0.025569005818894396,0.02571441553147064,0.001333572375681863,0.3228237855203539,0.03396294716912641,0.9999999996900576,0.001954793495894617,0.376739251793992,-0.008248531637655768,-1.15210433918491,1.469276872210995,0.47967886218235667,False
GUT_GENOME009343_3,GUT_GENOME009343_00874,155541,0.027648730953598585,0.02554686123085684,0.025699781537392708,0.0013207508067303734,0.3117585308470286,0.03396199309374881,0.9999999998021227,0.002101869722741744,0.45081531818189463,-0.008262211556356102,-1.1542103076949817,1.5354358854967871,0.46407089719531547,False
GUT_GENOME009343_3,GUT_GENOME009343_00877,159888,0.02764799018828453,0.025558625779446363,0.02570425878701076,0.0013158250919135855,0.3127090783699068,0.03399582821431323,0.9999999998525366,0.002089364408838168,0.4445169212024445,-0.008291569427302473,-1.1587298339502288,1.5402501213216249,0.46295516721159047,False
GUT_GENOME009343_3,GUT_GENOME009343_00877,159947,0.02749360557952851,0.025605366361719003,0.025734686260434618,0.0013074346253684709,0.3292820720440841,0.033996073107614336,0.9999999998681787,0.0018882392178095064,0.3432186806757517,-0.008261386847179718,-1.154083347031437,1.4497074346600876,0.484395422428626,False
GUT_GENOME009343_3,GUT_GENOME009343_00877,159948,0.027415872928538768,0.02562890712801725,0.025744133898312947,0.0012993288067630663,0.3376247056575524,0.03397784571096603,0.9999999998827801,0.0017869658005215186,0.29221154959023404,-0.008233711812653081,-1.1498228866803957,1.407480260447964,0.4947314790219691,False
GUT_GENOME009343_3,GUT_GENOME009343_00877,161105,0.027427292356702028,0.025716773269263915,0.025806140210204012,0.0013043087140725722,0.34482121036112856,0.03397500170825381,0.9999999998111574,0.001710519087438113,0.25370857793466284,-0.008168861498049795,-1.1398394413533832,1.3636019945824216,0.5057053976708492,False
GUT_GENOME009343_3,GUT_GENOME009343_00877,161577,0.027314078619276014,0.025785733233744862,0.02589291301382884,0.0013268451082950453,0.3605573524692236,0.03397536822407767,0.9999999994406548,0.0015283453855311525,0.16195539983187848,-0.008082455210248831,-1.1265375405769864,1.2953163818639488,0.5232697408807381,False
GUT_GENOME009343_3,GUT_GENOME009343_00877,163419,0.027456587896225144,0.02584473142366379,0.025945175286138888,0.001325295721864068,0.354446717555541,0.03396765814647508,0.9999999992906925,0.001611856472561353,0.204016397449155,-0.008022482860336192,-1.1173050383116088,1.2899932390646371,0.5246643157143581,False
GUT_GENOME009343_3,GUT_GENOME009343_00881,167304,0.027126213103288655,0.025994792446972816,0.026017965231226153,0.0013239304745623686,0.3950917116674261,0.033994273997572634,0.9999999991529803,0.0011314206563158395,-0.037958775440752233,-0.00797630876634648,-1.1101967220961735,1.2339776303860497,0.5395667289959587,False
GUT_GENOME009343_3,GUT_GENOME009343_00882,168173,0.02723151096449771,0.025858899500247078,0.025942696437016133,0.0013260261266035015,0.3740894880329364,0.03401959286055007,0.9999999994391506,0.0013726114642506337,0.08351881943459291,-0.008076896423533937,-1.1256817877006564,1.2741348803606938,0.5288410101699234,False
GUT_GENOME009343_3,GUT_GENOME009343_00882,168389,0.02697864555364783,0.025136312480613692,0.025278653370271496,0.0013239230640944828,0.33160662674585745,0.03405203499040026,0.9999999999828486,0.0018423330730341393,0.32009769980147806,-0.008773381620128761,-1.2329028848350965,1.6225120608529002,0.4442996617162508,False
GUT_GENOME009343_3,GUT_GENOME009343_00882,168599,0.026879734714074767,0.025171087500110916,0.025334358240274968,0.0013163595379860065,0.34337761151054635,0.03408384058273172,0.9999999999850159,0.0017086472139638507,0.25276579454456866,-0.008749482342456753,-1.229223687078645,1.5748814197669656,0.4550078033841197,False
GUT_GENOME009343_3,GUT_GENOME009343_00882,168784,0.02703301139339274,0.02509412469320437,0.02525373635344048,0.0013121546381933292,0.325205507087156,0.034142937934636554,0.9999999999937584,0.0019388867001883699,0.3687276724924676,-0.008889201581196073,-1.2507329024096547,1.7002928896317915,0.4273523438306709,False
GUT_GENOME009343_3,GUT_GENOME009343_00882,168992,0.027051088520645212,0.02517145164290805,0.025306131223167067,0.0013038082609747492,0.3311550154705125,0.03444083154119197,0.9999999999987753,0.0018796368777371612,0.33888604631362124,-0.009134700318024904,-1.2885264463881916,1.775144155427859,0.41165400435463706,False
GUT_GENOME009343_3,GUT_GENOME009343_00884,171208,0.026598599011414554,0.02523962525038982,0.025333571085388352,0.001305924229377154,0.37400200679884904,0.03458604785765916,0.9999999999993048,0.0013589737610247322,0.0766500859132303,-0.009252476772270809,-1.3066576582252702,1.7132294714692529,0.4245970252536302,False
GUT_GENOME009343_3,GUT_GENOME009343_00885,174779,0.026959107920020906,0.024833714452448544,0.02500527675963556,0.0013547403728307855,0.3097679893568944,0.034729640324315934,0.9999999999996464,0.0021253934675723625,0.46266323215902017,-0.009724363564680375,-1.3793027336019972,2.116533297313773,0.34705686073950137,False
GUT_GENOME009343_3,GUT_GENOME009343_00886,175497,0.02723251899852919,0.024767376580897744,0.02499521848796348,0.0013416598732453478,0.2846141443545739,0.034727542907096814,0.9999999999997976,0.002465142417631447,0.633780389019157,-0.009732324419133333,-1.3805282751537014,2.307535900004128,0.3154459427596905,False
GUT_GENOME009343_3,GUT_GENOME009343_00886,175859,0.027587219552350883,0.024924854601483547,0.02518239903358962,0.0013362581561211138,0.2715453069072592,0.03481346357193649,0.999999999999715,0.0026623649508673367,0.733113026103717,-0.009631064538346869,-1.3649397234275353,2.400515157633386,0.3011166406542883,False
GUT_GENOME009343_3,GUT_GENOME009343_00886,175905,0.027753527961732895,0.025105474158021286,0.0253469125879336,0.0013385964902293177,0.27281112167910193,0.0348741069501446,0.9999999999994497,0.0026480538037116086,0.7259051073970679,-0.009527194362210997,-1.348949327222008,2.346602512357857,0.30934402985819787,False
GUT_GENOME009343_3,GUT_GENOME009343_00886,176155,0.02799967337715165,0.024701483085224154,0.025070095559915007,0.0013526800317532942,0.22872225710786875,0.03498564423334991,0.9999999999998852,0.0032981902919274955,1.0533513214771686,-0.009915548673434905,-1.4087349128021434,3.09408306100536,0.2128768327544793,False
GUT_GENOME009343_3,GUT_GENOME009343_00887,177409,0.027720767606829923,0.024768238785253627,0.025063352021510683,0.001328582759578144,0.25088904373581755,0.03509380630139557,0.9999999999999782,0.002952528821576296,0.879256278557079,-0.01003045427988489,-1.4264241691577713,2.807777513739482,0.24563987046207436,False
GUT_GENOME009343_3,GUT_GENOME009343_00887,178049,0.02836207338787553,0.024904590035410137,0.025247779628619828,0.0013135402166918743,0.22008488407180643,0.03529570513916134,0.9999999999999899,0.003457483352465391,1.1335804895792454,-0.010047925510541511,-1.4291137949078236,3.327370965150563,0.189439515926711,False
GUT_GENOME009343_3,GUT_GENOME009343_00887,178067,0.028918601201614304,0.02554682836750393,0.025969615820822505,0.0013455163863541888,0.2293415521336889,0.03566802161141099,0.999999999999716,0.003371772834110373,1.0904117315555086,-0.009698405790588487,-1.3753066385939374,3.0804660944744375,0.21433114632475384,False
GUT_GENOME009343_3,GUT_GENOME009343_00887,178362,0.028760334813145542,0.026343076391733587,0.026545036496604366,0.0013511178384989718,0.2983286252689091,0.03637331420193,0.9999999999998257,0.002417258421411956,0.6096632481398228,-0.009828277705325631,-1.3952998979670692,2.318551081399313,0.3137133711469883,False
GUT_GENOME009343_3,GUT_GENOME009343_00887,179174,0.02928964517535334,0.026395043026234466,0.026633711770188917,0.0013357061438297108,0.2629332195805132,0.036940609304553285,0.999999999999994,0.002894602149118873,0.8500810669911306,-0.010306897534364368,-1.468981497275612,2.8805444597948777,0.23686326864113216,False
GUT_GENOME009343_3,GUT_GENOME009343_00887,179260,0.029086607862578995,0.025972819929370297,0.02623420708542083,0.0012778481210872158,0.2467744199002324,0.03701708233484134,1.0,0.0031137879332086976,0.9604756633278905,-0.010782875249420513,-1.5422563537540808,3.301068160539984,0.19194736593915498,False
GUT_GENOME009343_3,GUT_GENOME009343_00887,179287,0.028959385675304677,0.026152513982974756,0.026388160087049337,0.0012795696546207447,0.2674967557412242,0.03720266423913156,1.0,0.0028068716923299215,0.8058949515280637,-0.010814504152082221,-1.5471254962155816,3.0430639739387297,0.21837707971700185,False
GUT_GENOME009343_3,GUT_GENOME009343_00887,179444,0.029197549127098696,0.02633139632159474,0.026574101486454702,0.0012920195994371908,0.26735045092255505,0.03734529164482415,1.0,0.0028661528055039555,0.8357523375187506,-0.010771190158369446,-1.5404574809442397,3.071491220265128,0.21529510509802807,False
GUT_GENOME009343_3,GUT_GENOME009343_00887,179484,0.029199094828377646,0.026456697334657848,0.02669587088411933,0.0013057745842355824,0.27707404295056937,0.037405355475410886,0.9999999999999999,0.0027423974937197983,0.7734220283443969,-0.010709484591291556,-1.530958156861343,2.942014511988642,0.2296940079615044,False
GUT_GENOME009343_3,GUT_GENOME009343_00887,179489,0.029074092825403325,0.026453990312924343,0.026677083492613805,0.0013037387651512191,0.2852758807319742,0.037383961923573,0.9999999999999999,0.002620102512478982,0.7118272258157858,-0.010706878430959198,-1.5305569489512398,2.8493025733955255,0.2405923463334943,False
GUT_GENOME009343_3,GUT_GENOME009343_00887,179689,0.02866456764437789,0.026085651527811917,0.026308938085557138,0.0012633298441225038,0.2847584271948558,0.03705710486451385,1.0,0.0025789161165659727,0.6910833825493843,-0.010748166778956712,-1.5369131242049363,2.8396981929892764,0.24175049514175959,False
GUT_GENOME009343_3,GUT_GENOME009343_00887,180007,0.02858257601051968,0.025970052563772217,0.026193949959147287,0.0012586760504211484,0.2824945271694071,0.036957653131872194,1.0,0.002612523446747464,0.708009971400701,-0.010763703172724907,-1.539304889591312,2.8707376627225427,0.2380275557950459,False
GUT_GENOME009343_3,GUT_GENOME009343_00887,180751,0.028686862761768024,0.026014898035852,0.02625783948535236,0.0012938641792235794,0.2790072888847176,0.036954803580212164,0.9999999999999999,0.002671964725916024,0.7379480262193688,-0.010696964094859804,-1.5290306767502888,2.8825020998445083,0.23663153556163402,False
GUT_GENOME009343_3,GUT_GENOME009343_00887,180855,0.028224331070344447,0.025907304375414875,0.026120777837460783,0.0013190868668423049,0.3016652282326038,0.036811693523289446,0.9999999999999998,0.002317026694929572,0.5591807725946719,-0.010690915685828663,-1.528099548485959,2.6477713665225657,0.26609931286075894,False
GUT_GENOME009343_3,GUT_GENOME009343_00887,181241,0.027739787746686874,0.025847178944109383,0.02604210031214145,0.0013308512340940934,0.3332468846819976,0.036516105452240835,0.9999999999999982,0.001892608802577491,0.34541945545968217,-0.010474005140099385,-1.4947070416432713,2.353463740548043,0.30828460814170766,False
GUT_GENOME009343_3,GUT_GENOME009343_00888,182007,0.02685204665753356,0.02546555388492905,0.025604590375665478,0.00128509434200302,0.37397221367658084,0.03569609879080228,0.999999999999998,0.0013864927726045112,0.09051024654158263,-0.010091508415136802,-1.4358232079288893,2.0697803891562248,0.3552653888491761,False
GUT_GENOME009343_3,GUT_GENOME009343_00889,183453,0.026439402492376363,0.02482919652366422,0.024996913321631314,0.0012570365053888935,0.35283562914067607,0.03516203129311706,0.9999999999999997,0.0016102059687121417,0.20318510856359812,-0.010165117971485747,-1.447155103322934,2.135542081415613,0.34377392215201086,False
GUT_GENOME009343_3,GUT_GENOME009343_00890,183912,0.02625215940351697,0.02459986261862497,0.02475754255278079,0.0012379749039635802,0.3507504920679241,0.03481639316132561,0.9999999999999998,0.0016522967848919996,0.22438447001377296,-0.010058850608544816,-1.4307956698420543,2.0975246392221347,0.35037112833773965,False
GUT_GENOME009343_3,GUT_GENOME009343_00891,184236,0.026476626683037366,0.024705914038958575,0.02487543774899189,0.001251533065025726,0.3416788592979234,0.0347631185891607,0.9999999999999986,0.001770712644078791,0.28402552305505596,-0.009887680840168812,-1.40444477185994,2.053135614951417,0.3582343823593658,False
GUT_GENOME009343_3,GUT_GENOME009343_00891,184260,0.026685519260579323,0.02513348881228506,0.02525897717861838,0.0012725972788066933,0.360605835891444,0.03469608005871531,0.9999999999999395,0.0015520304482942622,0.17388456281935027,-0.009437102880096929,-1.3350801055903563,1.8126747295300334,0.4040012266492744,False
GUT_GENOME009343_3,GUT_GENOME009343_00891,184284,0.027144758920569174,0.025176742768329635,0.02534061647160509,0.0012770364482284392,0.33090958918452473,0.03457429080163218,0.9999999999997595,0.00196801615223954,0.3833989437797609,-0.009233674330027086,-1.3037630978009636,1.8467929652790012,0.39716777415632004,False
GUT_GENOME009343_3,GUT_GENOME009343_00891,184413,0.027400738493265214,0.025059465651250477,0.02525445488128506,0.0012803457778025097,0.3013511293738915,0.03435888616382372,0.9999999999994236,0.0023412728420147376,0.5713925299917284,-0.009104431282538655,-1.2838666500136178,1.9748029983475375,0.37254348892925365,False
GUT_GENOME009343_3,GUT_GENOME009343_00891,184416,0.027755173447530503,0.025109009982324595,0.025298725618173624,0.0012840958107937827,0.2817021162853325,0.034301613780273854,0.9999999999988175,0.0026461634652059085,0.7249530239526824,-0.00900288816210023,-1.2682344946812536,2.1339756204375533,0.3440432818407642,False
GUT_GENOME009343_3,GUT_GENOME009343_00891,184418,0.02769537878496003,0.025538200115076706,0.025705469495371044,0.0012899321019834986,0.3175912784930953,0.03432646081371121,0.9999999999883182,0.002157178669883325,0.47867209237398267,-0.008620991318340168,-1.2094430102673293,1.6918793671021857,0.4291538998182731,False
GUT_GENOME009343_3,GUT_GENOME009343_00891,184420,0.027883421079712437,0.025692314348375708,0.025849378421625366,0.0012848167404837614,0.31480425854542615,0.03422430596220763,0.9999999999644653,0.002191106731336729,0.49576021998312714,-0.008374927540582264,-1.1715624805084233,1.6183368414527681,0.445228154828193,False
GUT_GENOME009343_3,GUT_GENOME009343_00891,184430,0.02803333240913476,0.025612341041583307,0.025786686735900146,0.0012742778587371498,0.2991589605340721,0.0341496280864625,0.999999999973612,0.002420991367551452,0.6115433750099469,-0.008362941350562352,-1.169717254722319,1.742223755513675,0.4184859852119497,False
GUT_GENOME009343_3,GUT_GENOME009343_00891,184607,0.02813256614381395,0.0256346787550254,0.025815859952957473,0.0012737914206383883,0.2946014766368872,0.03405766176715241,0.999999999951093,0.0024978873887885507,0.6502726441531209,-0.008241801814194934,-1.151068309907447,1.747812765807078,0.41731815648413695,False
GUT_GENOME009343_3,GUT_GENOME009343_00891,184613,0.028294079522346027,0.025645916768676356,0.025833160643303193,0.0012775919831280083,0.2838285815592467,0.034089394065742476,0.9999999999484518,0.002648162753669671,0.7259599808766193,-0.008256233422439283,-1.1532899980020954,1.8570957133260548,0.3951270751163365,False
GUT_GENOME009343_3,GUT_GENOME009343_00891,184616,0.028550305943262015,0.025917005543670765,0.026109537537149,0.00131951764914042,0.288133460394937,0.034089533905419314,0.9999999992651843,0.0026333003995912506,0.7184744425881104,-0.007979996368270313,-1.110764413593425,1.7500031071578412,0.41686137205096496,False
GUT_GENOME009343_3,GUT_GENOME009343_00891,184674,0.028641334211672576,0.026079986514444316,0.026269331215880487,0.0013419099329937969,0.2923215862496708,0.03396231281493649,0.999999995062439,0.0025613476972282598,0.6822349137989341,-0.007692981599056001,-1.0665796432646317,1.603036613032748,0.4486472626698397,False
GUT_GENOME009343_3,GUT_GENOME009343_00891,184676,0.0285385027274278,0.02616271246029653,0.026346272755068654,0.00135321306446522,0.30620894300115076,0.03391904538036167,0.999999989041297,0.0023757902671312676,0.5887774951168484,-0.007572772625293014,-1.0480739548231721,1.445117953534755,0.48550826060195573,False
GUT_GENOME009343_3,GUT_GENOME009343_00891,184691,0.028502924408170094,0.025992023035038943,0.026171114952019858,0.0013469048028366295,0.29534274181853337,0.03370346202282721,0.9999999887984,0.0025109013731311504,0.6568272368891418,-0.007532347070807351,-1.0418506031634205,1.5168746984314079,0.46839779760845857,False
GUT_GENOME009343_3,GUT_GENOME009343_00891,184693,0.028720921939034354,0.02604551767197709,0.026237788394818752,0.0013523449123603948,0.2845610089620224,0.03370328341320707,0.9999999830892816,0.0026754042670572645,0.7396803774183649,-0.007465495018388321,-1.0315589983438174,1.6112410278018745,0.44681058834099385,False
GUT_GENOME009343_3,GUT_GENOME009343_00891,184710,0.02873701892214527,0.026059974898322496,0.026255948278765553,0.001354965510249429,0.2832611950417354,0.03368120682092805,0.9999999787379256,0.0026770440238227736,0.740506253453029,-0.0074252585421624995,-1.025364754522342,1.5997223912197045,0.44939133727879577,False
GUT_GENOME009343_3,GUT_GENOME009343_00891,184813,0.02892838025618116,0.0263983101093532,0.026581212268712434,0.001348339210627881,0.294828056950597,0.03373299434203062,0.9999999433977858,0.0025300701468279584,0.6664817363509437,-0.007151782073318187,-0.9832641511307703,1.411006295788283,0.4938600271007598,False
GUT_GENOME009343_3,GUT_GENOME009343_00891,184876,0.029277103832526838,0.026650479583771567,0.02683814602030401,0.0013680856730979405,0.2935646409609085,0.03364626905546549,0.9999996760887873,0.002626624248755271,0.7151119481650267,-0.006808123035161484,-0.9303592232278102,1.3769533826534341,0.5023407064839205,False
GUT_GENOME009343_3,GUT_GENOME009343_00891,184892,0.029604022290477497,0.026509670755237868,0.026752531601149945,0.0013707581483051066,0.26285496527820607,0.033654600891901504,0.9999997613502379,0.003094351535239629,0.950686372854761,-0.0069020692907515585,-0.9448218717453783,1.7964929488601817,0.4072832154711732,False
GUT_GENOME009343_3,GUT_GENOME009343_00892,185190,0.02989436038650368,0.027651510608957,0.0279003840156312,0.0014991816223363335,0.32588723336279785,0.03365083175774165,0.9999374026677642,0.0022428497775466814,0.5218210009014786,-0.005750447742110452,-0.7675343622151578,0.86140615416285,0.6500518974288612,False
GUT_GENOME009343_3,GUT_GENOME009343_00892,185209,0.030377419808462907,0.027735601341416834,0.027929471575543416,0.0015007901278310718,0.3014317940326142,0.0336230983251558,0.9999258062964502,0.0026418184670460726,0.7227646324019672,-0.005693626749612386,-0.7587869987597725,1.0981464233380138,0.5774847685905381,False
GUT_GENOME009343_3,GUT_GENOME009343_00892,185346,0.03041874764445994,0.02785330796968646,0.028031121510965935,0.0015221930714789114,0.30741553843547564,0.03334367775947096,0.9997585505311585,0.0025654396747734794,0.6842958695821727,-0.005312556248505025,-0.7001227264765075,0.9584326692561205,0.6192685009798344,False
GUT_GENOME009343_3,GUT_GENOME009343_00892,185463,0.030987477796233738,0.027897808807531947,0.028119546824144137,0.0015084742012490668,0.27510791863007067,0.033294547125147844,0.9996988971484316,0.003089668988701791,0.9483279724821305,-0.005175000301003707,-0.6789465411382298,1.3602943491156345,0.5065424367202371,False
GUT_GENOME009343_3,GUT_GENOME009343_00892,185469,0.03178480507353565,0.02809744088971301,0.028375002545616233,0.0015239769590664116,0.2440666691570424,0.03331064189238989,0.9993995314488038,0.0036873641838226397,1.2493617282605014,-0.0049356393467736605,-0.6420978841256066,1.973194420840648,0.37284324199541957,False
GUT_GENOME009343_3,GUT_GENOME009343_00892,185521,0.03186408918001279,0.028097437456139695,0.028438678021493483,0.0015242423058421856,0.23909153694852325,0.03330642134816053,0.9992973239091747,0.0037666517238730927,1.2892955041426883,-0.004867743326667048,-0.6316455646757677,2.0612590163771185,0.3567822924867146,False
GUT_GENOME009343_3,GUT_GENOME009343_00892,185587,0.032295131396587164,0.028046494912603897,0.02841883012862359,0.0015187026654368222,0.2176545001025494,0.03332174983563223,0.9993774901848086,0.004248636483983267,1.5320508144552736,-0.004902919707008638,-0.6370608270702645,2.7530261954605164,0.2524573140739596,False
GUT_GENOME009343_3,GUT_GENOME009343_00895,186137,0.03296224298689965,0.028396446401119466,0.02876860585547312,0.0015390556685026227,0.2066627983760727,0.03334209415542437,0.9985188336267987,0.004565796585780182,1.6917909251444208,-0.004573488299951252,-0.5863461858001735,3.2059583840034267,0.20129592458882548,False
GUT_GENOME009343_3,GUT_GENOME009343_00895,186156,0.03274015153403847,0.028508338155486538,0.028820768802810804,0.0015458698000350574,0.2245417611273579,0.03334092276831506,0.9982722863899574,0.00423181337855193,1.5235777287534105,-0.004520153965504255,-0.5781355793403368,2.655529843652588,0.26506904975436557,False
GUT_GENOME009343_3,GUT_GENOME009343_00895,186170,0.032641292882825176,0.02865463948856138,0.02894288384470573,0.0015571405110947883,0.23993891593752953,0.033525406516693904,0.9983742795979595,0.003986653394263795,1.400101027854214,-0.004582522671988172,-0.5877369910699125,2.305717658870341,0.31573285155157743,False
GUT_GENOME009343_3,GUT_GENOME009343_00895,186174,0.03304557175112319,0.028923350006077694,0.02921443717400536,0.0015682409608299413,0.23615052908013795,0.033579741357677086,0.9973117642585189,0.004122221745045493,1.468381064457558,-0.004365304183671724,-0.5542970777034218,2.463388200808064,0.29179782390652675,False
GUT_GENOME009343_3,GUT_GENOME009343_00895,186175,0.03344511843972391,0.029346337918943078,0.0296285657789993,0.0016102704985890967,0.23858539026859404,0.03358503549194909,0.992995290673449,0.004098780520780835,1.4565747125945379,-0.00395646971294979,-0.4913586538697205,2.3630432201025244,0.30681153572437597,False
GUT_GENOME009343_3,GUT_GENOME009343_00895,186193,0.03335294738601308,0.02930455376133417,0.029586661786763908,0.001614507739832595,0.24055013083417587,0.033565467095935955,0.9931380047643051,0.004048393624678914,1.431196967048986,-0.0039788053091720475,-0.4947971291507615,2.2931489575060513,0.31772327522212074,False
GUT_GENOME009343_3,GUT_GENOME009343_00895,186195,0.03368930066954256,0.029446356004180677,0.02973604579855583,0.0016201742704449386,0.23204565053783466,0.03355243365466619,0.9907521364497556,0.004242944665361882,1.5291840864795563,-0.003816387856110357,-0.4697936149394082,2.559110010980152,0.2781610530580225,False
GUT_GENOME009343_3,GUT_GENOME009343_00895,186198,0.03327515898909039,0.029197117954471358,0.02949755690752095,0.0016064135382225495,0.2385167357996536,0.033484261498816295,0.9934629123861087,0.004078041034619034,1.4461291117880297,-0.003986704591295347,-0.4960131918897479,2.337318494489492,0.3107833456824332,False
GUT_GENOME009343_3,GUT_GENOME009343_00895,186201,0.03303037419469916,0.02919621002505479,0.029490573399501945,0.0016124112612119074,0.25004958304283287,0.03342934777994045,0.9927127957474756,0.0038341641696443725,1.3232986637434656,-0.003938774380438506,-0.48863452853971384,1.98988305594647,0.36974506365525456,False
GUT_GENOME009343_3,GUT_GENOME009343_00895,186203,0.03268481051728063,0.02922039929995912,0.029484494738100452,0.0016175373600024977,0.26673989504189144,0.03340800459298306,0.9923585939154249,0.0034644112173215086,1.1370697616935048,-0.003923509854882604,-0.4862846161720966,1.5294003708833672,0.46547346577753534,False
GUT_GENOME009343_3,GUT_GENOME009343_00895,186204,0.03267930632172067,0.02937380449453618,0.029629315759527278,0.0016355343538302365,0.27609218450717565,0.03339448424896489,0.9893353169400755,0.00330550182718449,1.0570338321228734,-0.0037651684894376147,-0.46190859926925115,1.3306800763312485,0.5140986848079555,False
GUT_GENOME009343_3,GUT_GENOME009343_00895,186298,0.03276823579034733,0.029488382370766182,0.029741136946181822,0.0016216113021643368,0.2787567203009133,0.03338919264652878,0.9877643716718685,0.003279853419581147,1.0441158154923267,-0.0036480557003469583,-0.4438795560158316,1.2872068964100183,0.5253957723994054,False
GUT_GENOME009343_3,GUT_GENOME009343_00895,186312,0.03261090019417647,0.029590341480381414,0.029826707000892513,0.0016277310157383567,0.293657238406171,0.033395867720758934,0.9858362729860507,0.0030205587137950574,0.9135200540181997,-0.0035691607198664217,-0.4317339908166269,1.0209131279198658,0.6002214767502041,False
GUT_GENOME009343_3,GUT_GENOME009343_00895,186419,0.03253969266020492,0.029952145683053336,0.0301444565890233,0.0016370561969184848,0.3203204008181446,0.03337384137041636,0.9757338712817596,0.002587546977151585,0.6954303814861267,-0.0032293847813930597,-0.37942685050537134,0.6275881503783651,0.7306694756420002,False
GUT_GENOME009343_3,GUT_GENOME009343_00895,186458,0.0326180482599608,0.030735177161837636,0.030876678962387837,0.001680539905197166,0.36744663779640474,0.03338845198125026,0.9324935252175244,0.0018828710981231636,0.34051498614409187,-0.002511773018862424,-0.26895340344390384,0.1882863890127704,0.9101524240820338,False
GUT_GENOME009343_3,GUT_GENOME009343_00895,186676,0.03302347827588327,0.03183937174381424,0.031921443090352324,0.0017653713082364652,0.41671699068674595,0.033393047180297585,0.7977452812240811,0.001184106532069032,-0.011423131212845524,-0.001471604089945261,-0.10882357683893959,0.011973058802726476,0.994031354161153,False
GUT_GENOME009343_3,GUT_GENOME009343_00895,187367,0.03319522220025078,0.03245878947661662,0.032511968995938834,0.001808337143377723,0.4480595741566843,0.03339641515972358,0.6876122917588152,0.0007364327236341547,-0.23689746832795278,-0.0008844461637847467,-0.018432973647502363,0.05646018501768291,0.9721646532607533,False
GUT_GENOME009343_3,GUT_GENOME009343_00895,187520,0.033373296556720104,0.03242050157491524,0.03250059213426217,0.0017852790875628507,0.43342991316511026,0.03340992160359305,0.6947460639328987,0.0009527949818048664,-0.12792496241271,-0.0009093294693308801,-0.02226365854078089,0.016860466499913757,0.9916052015219896,False
GUT_GENOME009343_3,GUT_GENOME009343_00896,188539,0.03357059274530195,0.03274226360672815,0.032830787033877755,0.0018144626724903835,0.4420857538865062,0.03342302508900638,0.6279385973282066,0.0008283291385738009,-0.1906131361839477,-0.0005922380551286258,0.026551290418508375,0.037038338708768166,0.9816512567906065,False
GUT_GENOME009343_3,GUT_GENOME009343_00896,188735,0.03390379378836223,0.032942552880907146,0.03305205712885186,0.0018301362007825854,0.433378073737018,0.0335169050366618,0.6002508095149679,0.0009612409074550854,-0.12367110737043177,-0.00046484790780993573,0.04616249167074961,0.01742551843548089,0.9913250868744645,False
GUT_GENOME009343_3,GUT_GENOME009343_00896,189203,0.03442599363759319,0.033374014787298435,0.033520724279185926,0.0018681921843939514,0.428045225408744,0.03366805931773846,0.5314300119569227,0.0010519788502947533,-0.07797024855876694,-0.0001473350385525346,0.09504232194212796,0.015112402620466996,0.992472275009478,False
GUT_GENOME009343_3,GUT_GENOME009343_00896,189206,0.03472196921691313,0.03345553228989362,0.033617067681237345,0.001862872279403027,0.4137073257510141,0.03376441319965379,0.5315218189120487,0.0012664369270195125,0.03004320180937099,-0.00014734551841644183,0.09504070860919361,0.009935330267896243,0.995044653308087,False
GUT_GENOME009343_3,GUT_GENOME009343_00896,189245,0.03519078721665908,0.034797855434232985,0.03489071797302743,0.0019678357179363152,0.4732724466793519,0.03393870008470026,0.3142677004897079,0.0003929317824260953,-0.40990434422288097,0.0009520178883271682,0.2642832871978073,0.23786722730486878,0.887866741035576,False
GUT_GENOME009343_3,GUT_GENOME009343_00896,189267,0.035618778836803054,0.03576135731731048,0.035917644022248285,0.0021035514847185066,0.5096477808711213,0.033999819753558556,0.18096128187473298,-0.0001425784805074229,-0.6796181833581367,0.0019178242686897287,0.4129652982846251,0.6324212127383233,0.7289059217715174,False
GUT_GENOME009343_3,GUT_GENOME009343_00896,189341,0.035911544473145755,0.036159117014133414,0.03636522669567496,0.0021584407423574123,0.5166396531325633,0.034021807266259474,0.13880583801081942,-0.0002475725409876589,-0.7324992448403129,0.0023434194294154886,0.4784839629902454,0.7655020465304793,0.6819826759697174,False
GUT_GENOME009343_3,GUT_GENOME009343_00897,189455,0.035441163955749394,0.03628382590132946,0.03641196903113216,0.002167078223897661,0.5572191439623637,0.03399851906787484,0.132706435470195,-0.0008426619455800671,-1.0322205742917674,0.002413449963257319,0.48926488225190745,1.304859438996199,0.5207788916692825,False
GUT_GENOME009343_3,GUT_GENOME009343_00897,189483,0.035374087686227185,0.03661612907696379,0.03666541305644157,0.0022068225598713105,0.5838843652725815,0.03402226658373621,0.11551381823685342,-0.001242041390736602,-1.2333710860201492,0.00264314647270536,0.5246257368276833,1.7964363995725119,0.4072947314218347,False
GUT_GENOME009343_3,GUT_GENOME009343_00897,189522,0.03561561199298558,0.03676063756529478,0.03685886775430742,0.002215530241025134,0.577208586216714,0.034052317893879344,0.10262017414729091,-0.001145025572309201,-1.1845083271599108,0.0028065498604280745,0.5497810317180442,1.7053191599481274,0.426279698046936,False
GUT_GENOME009343_3,GUT_GENOME009343_00897,189534,0.03568083135405867,0.036629694708429306,0.03673390905711907,0.0021940320899893656,0.5645502802244624,0.03404211662341406,0.10993570360167404,-0.0009488633543706382,-1.0857097259834012,0.002691792433705008,0.5321145870359035,1.4619115428313423,0.48144861529410055,False
GUT_GENOME009343_3,GUT_GENOME009343_00897,189561,0.03569687708436807,0.03670547816380186,0.03678940220714899,0.0021739303736974997,0.5685265940484658,0.0340269925681391,0.1019179995828528,-0.0010086010794337907,-1.1157970880438919,0.002762409639009894,0.5429858220117169,1.5398367445929686,0.46305086454728117,False
GUT_GENOME009343_3,GUT_GENOME009343_00898,189599,0.03557473783021386,0.03679097734889253,0.03681891941309015,0.0021686924013487514,0.5824417024533278,0.03405902229337004,0.10157844018872941,-0.0012162395186786704,-1.22037577584346,0.002759897119720113,0.5425990297638144,1.7837307413661594,0.4098904415667628,False
GUT_GENOME009343_3,GUT_GENOME009343_00898,189614,0.03588830620301507,0.036621215400957634,0.036619097460187135,0.002126190861924708,0.5496469373265439,0.03408627000274319,0.11677748874893262,-0.000732909197942562,-0.9769427636317141,0.0025328274574439452,0.5076425677539533,1.2121181400081982,0.5454964017328974,False
GUT_GENOME009343_3,GUT_GENOME009343_00898,189841,0.035888484819812244,0.03679886655285966,0.036834526490341184,0.0021383430679802772,0.561462285862951,0.03406583599879252,0.09769752973931112,-0.0009103817330474162,-1.0663281631233748,0.002768690491548667,0.5439527340199539,1.4329403283178532,0.4884734474934317,False
GUT_GENOME009343_3,GUT_GENOME009343_00898,190442,0.03615198855729198,0.03686586354155541,0.03692195090671826,0.0021420083514413495,0.5479714436383021,0.0340539688205374,0.09029803490653443,-0.0007138749842634309,-0.9673560363518363,0.002867982086180859,0.5592382760023846,1.2485251504124546,0.5356562891396427,False
GUT_GENOME009343_3,GUT_GENOME009343_00898,190545,0.03599569766129179,0.03702687135411909,0.03702045587318126,0.0021333662758571074,0.569951705411371,0.03408608559828671,0.08449369153641872,-0.0010311736928272988,-1.1271659573991273,0.00293437027489455,0.5694584708686241,1.5947860455635228,0.4505018827119026,False
GUT_GENOME009343_3,GUT_GENOME009343_00898,190774,0.03649558035691737,0.037093226335651,0.03719082397397064,0.0021252912286255426,0.5401881242136632,0.0340718804062268,0.07111501241740108,-0.0005976459787336297,-0.9088164088784271,0.003118943567743837,0.597872787580268,1.1833991351756805,0.553385968190446,False
GUT_GENOME009343_3,GUT_GENOME009343_00898,190925,0.03651556431634196,0.03685188003231772,0.03697254121154997,0.002092431634341198,0.5226541032625077,0.034104286066652376,0.08522239146971589,-0.00033631571597576154,-0.7771954235689444,0.002868255144897594,0.5592803122945178,0.9168271941367643,0.6322859105207208,False
GUT_GENOME009343_3,GUT_GENOME009343_00898,190972,0.03652244243656427,0.037575630339604746,0.03743925599369597,0.0020427644996154387,0.5712101632239825,0.03436150279013274,0.06594881161528086,-0.0010531879030404728,-1.1382535827223097,0.0030777532035632313,0.5915316965414286,1.6455309665933546,0.43921533075883123,False
GUT_GENOME009343_3,GUT_GENOME009343_00899,191476,0.037555120690772895,0.038105459886622395,0.0380230932248143,0.002082031623021217,0.5361402935976631,0.03472268434011246,0.05646195815356488,-0.0005503391958495002,-0.8849899859095725,0.0033004088847018373,0.6258086438930973,1.1748437339315427,0.5557582580462259,False
GUT_GENOME009343_3,GUT_GENOME009343_00899,191677,0.03778520667147802,0.0390431868164937,0.03885894601483157,0.002178983389935607,0.5817555824017697,0.03469271988713169,0.027937806057735964,-0.0012579801450156788,-1.241398761501276,0.0041662261276998805,0.7590977290969739,2.1173002473770848,0.3469237986134751,False
GUT_GENOME009343_3,GUT_GENOME009343_00899,192085,0.038271199721015295,0.039197019426321277,0.039044700336377136,0.002186134852442316,0.5589744775710676,0.034787150151146466,0.02573597010895273,-0.0009258197053059816,-1.0741036159102397,0.00425755018523067,0.7731567007608273,1.7514698616428195,0.41655576748284495,False
GUT_GENOME009343_3,GUT_GENOME009343_00899,192606,0.03940972921314382,0.0393852951027135,0.0392834918384241,0.0021921783722116594,0.4984624631715343,0.03485994588769971,0.021802045196309357,2.44341104303214e-05,-0.5955010147365948,0.004423545950724389,0.7987110817913574,0.9925608507286345,0.6087908967244857,False
GUT_GENOME009343_3,GUT_GENOME009343_00899,192642,0.03850412474553871,0.03996159983418597,0.039770452646997995,0.002223000928828637,0.5924748408023334,0.034945726666827506,0.014989559285976319,-0.0014574750886472629,-1.3418759154594364,0.004824725980170488,0.8604711351506271,2.5410415469175094,0.2806854101982382,False
GUT_GENOME009343_3,GUT_GENOME009343_00899,192649,0.039639799621481626,0.04035560613910456,0.04018226382749221,0.0022575932506740904,0.5441959202623176,0.035213119480697545,0.013865164848442076,-0.000715806517622937,-0.9683288678993708,0.004969144346794664,0.8827037623356899,1.7168267284488592,0.42383401933511256,False
GUT_GENOME009343_3,GUT_GENOME009343_00899,192927,0.04004795639999,0.041138421243772115,0.04091689185193897,0.0023255099447499444,0.566606511577275,0.03558139516557353,0.010885658631024498,-0.001090464843782113,-1.157028398994866,0.005335496686365439,0.939102232796504,2.2206277197240016,0.3294555419755459,False
GUT_GENOME009343_3,GUT_GENOME009343_00899,193279,0.04046991272706532,0.04133597138057945,0.04110835792260686,0.002338488796838428,0.5530307942282418,0.03580075387294815,0.011613726208837313,-0.0008660586535141276,-1.0440045051644522,0.005307604049658708,0.9348082734642889,1.9638119149409574,0.37459645311731754,False
GUT_GENOME009343_6,GUT_GENOME009343_01254,52828,0.03163831294426023,0.0296858626635108,0.030124443665486146,0.0016968868375278386,0.34642359850282134,0.03285500410478738,0.946209192022768,0.0019524502807494286,0.3755590735668437,-0.002730560439301234,-0.30263484760575327,0.23263246872374344,0.8901936689543959,False
GUT_GENOME009343_6,GUT_GENOME009343_01254,52952,0.03247640415049001,0.02981912856170792,0.030234804859809596,0.0017347387809576293,0.3000961999036994,0.03287165531055434,0.9357479532810576,0.0026572755887820897,0.7305497299695927,-0.0026368504507447432,-0.28820857144854733,0.6167670886150571,0.7346334994707336,False
GUT_GENOME009343_6,GUT_GENOME009343_01254,53448,0.03322855659333302,0.03082289572101667,0.03111192466265657,0.0017709583648633093,0.31993044097896434,0.03291957362102211,0.846305951712698,0.0024056608723163515,0.6038220538478594,-0.0018076489583655382,-0.16055633390912546,0.39037940907138574,0.8226785773943327,False
GUT_GENOME009343_6,GUT_GENOME009343_01254,53609,0.03256983389687534,0.029931322117696616,0.030325700081740674,0.0017250662996016162,0.30040496226780433,0.03292815216683601,0.9343007477050403,0.002638511779178721,0.7210991937703344,-0.0026024520850953387,-0.2829130812893984,0.600023858820888,0.7408093832098119,False
GUT_GENOME009343_6,GUT_GENOME009343_01256,55551,0.032699874637138464,0.03041042715078194,0.030619155939349142,0.0017219760558433441,0.3249681074369289,0.03292414702909688,0.9096451807476884,0.0022894474863565245,0.5452902932903153,-0.0023049910897477363,-0.2371201564263784,0.3535674725403083,0.8379609854968773,False
GUT_GENOME009343_6,GUT_GENOME009343_01257,56778,0.03229053439026739,0.03074517313601953,0.03043821591814758,0.0017423203216505845,0.3790011868656161,0.0328846521410763,0.9198592447699608,0.001545361254247861,0.17052557223653822,-0.002446436222928717,-0.25889506627103714,0.09610562612608352,0.953083450491947,False
GUT_GENOME009343_6,GUT_GENOME009343_01258,56856,0.03203412595408447,0.030913532925563297,0.030718735509973647,0.0017608771080457038,0.41118365020649517,0.032895183695500804,0.8917711487962774,0.0011205930285211711,-0.04341219298167837,-0.002176448185527157,-0.21733149288153691,0.04911759629759602,0.9757403155074392,False
GUT_GENOME009343_6,GUT_GENOME009343_01261,59982,0.03209986624761374,0.030428023449220794,0.030346916725982186,0.0017405268738832661,0.36912433942171197,0.03289255929776981,0.9282074757194919,0.0016718427983929453,0.23422896918779545,-0.002545642571787625,-0.27416748500923777,0.13003101984306784,0.9370529296472833,False
GUT_GENOME009343_6,GUT_GENOME009343_01261,60270,0.03234730175402273,0.030619908623564982,0.030521813342452717,0.001755086557293365,0.3660877254918093,0.03290872316567891,0.9130843263273727,0.001727393130457746,0.2622073187424066,-0.0023869098232261916,-0.24973121624842004,0.13111835837099714,0.9365436212309369,False
