contig,gene_id,site_pos,r2N,r2S,r2L,rL_std,rNrS_pval,r2G,r2G_pval,rNrS,rNrS_trans,r_rg,r_rg_transform,iLDS,iLDS_pval,significance
GUT_GENOME001635_1,GUT_GENOME001635_00043,50352,0.055305342570554666,0.048442095610595856,0.05024343790452977,0.0034065087259478365,0.21865151168566205,0.05811034005505843,0.9895385774140525,0.00686324695995881,-0.17530170275334264,-0.007866902150528661,-0.41614480794064557,0.20390718816417808,0.903071458556479,False
GUT_GENOME001635_1,GUT_GENOME001635_00043,50355,0.06031674326149995,0.05941483590188344,0.060001490456761196,0.004021423111721322,0.4644418064906385,0.06474541440879418,0.8809328573906785,0.0009019073596165106,-0.3347573807485022,-0.004743923952032984,-0.38862727258569624,0.2630936609629947,0.8767382161035898,False
GUT_GENOME001635_1,GUT_GENOME001635_00043,50372,0.06789874101251762,0.06918730282797705,0.06936007511001853,0.00472260385984165,0.5490410640558031,0.07083022534771165,0.6222140106001536,-0.0012885618154594297,-0.3933486992869019,-0.0014701502376931186,-0.35978103088863755,0.2841655894179883,0.8675494250101402,False
GUT_GENOME001635_1,GUT_GENOME001635_00043,50376,0.07853397052113625,0.08668541964881354,0.08556766434560945,0.006194889493333439,0.7432014381231892,0.07915438306702396,0.1502752604374334,-0.00815144912767729,-0.5769192426109631,0.006413281278585481,-0.29031765596914133,0.41712015386222395,0.8117522656526673,False
GUT_GENOME001635_1,GUT_GENOME001635_00043,50741,0.08811121520482983,0.07798974289668427,0.08020659575954646,0.006988578846999092,0.22345980101845725,0.0849729822516916,0.752388473972514,0.010121472308145557,-0.08814972571678854,-0.0047663864921451415,-0.3888251970355038,0.15895540799364338,0.9235986122966375,False
GUT_GENOME001635_1,GUT_GENOME001635_00043,50868,0.09292126696194353,0.0751375107931843,0.07907908969180502,0.007095889226025636,0.11416673566587127,0.08995444257320044,0.9373161329388727,0.017783756168759227,0.11680331334768049,-0.01087535288139542,-0.4426532060428566,0.20958487482901605,0.90051141566729,False
GUT_GENOME001635_1,GUT_GENOME001635_00043,50955,0.07861564188312162,0.059013324602436336,0.06359732318765314,0.005062281818711923,0.039839687494871705,0.09260715633891711,0.999999994995739,0.01960231728068528,0.16544672481532272,-0.029009833151263972,-0.6024417701161224,0.390308705132764,0.8227076612162356,False
GUT_GENOME001635_1,GUT_GENOME001635_00044,52096,0.07291234622765855,0.05072411275920875,0.057644757448678696,0.004990245722912929,0.016144569791891862,0.09497213575236749,0.9999999999999628,0.022188233468449794,0.2346155772214115,-0.03732737830368879,-0.6757302557381122,0.5116558475948305,0.7742751916644138,False
GUT_GENOME001635_1,GUT_GENOME001635_00044,52099,0.07130990823524003,0.049743364270929756,0.05844271135851983,0.00551005189430299,0.017125612186021273,0.0940771517105409,0.9999999999500723,0.02156654396431027,0.2179864421559725,-0.03563444035202107,-0.6608132512066069,0.48419224193406535,0.7849807208194134,False
GUT_GENOME001635_1,GUT_GENOME001635_00045,53263,0.06256071055232192,0.050109060591093914,0.056413000901327205,0.005559688571968966,0.062331682806922147,0.09264573122435463,0.9999999999641466,0.012451649961228002,-0.02582144341257355,-0.03623273032302742,-0.6660849708227122,0.4443359352958022,0.8007808477622764,False
GUT_GENOME001635_1,GUT_GENOME001635_00051,57924,0.06316912769609255,0.0496651651924836,0.05544530857750644,0.00434952990679983,0.0480897484708689,0.09236078485848652,1.0,0.013503962503608948,0.002326124274818198,-0.03691547628098008,-0.6721008584922006,0.45172497484009494,0.7978278054825637,False
GUT_GENOME001635_1,GUT_GENOME001635_00059,65259,0.05793232650422009,0.04794480922091843,0.05249182776630074,0.003964910083190743,0.09584582282903831,0.09576517216316495,1.0,0.009987517283301661,-0.09173279441264263,-0.043273344396864206,-0.7281220182765438,0.5385765790698598,0.7639229928956571,False
GUT_GENOME001635_1,GUT_GENOME001635_00059,65289,0.05553856484906738,0.052661729570352075,0.05592368301236787,0.004485105772364065,0.35399110429070124,0.09881120584386612,1.0,0.002876835278715302,-0.2819314235905867,-0.04288752283149824,-0.72472242407804,0.6047079195693652,0.7390764152567317,False
GUT_GENOME001635_1,GUT_GENOME001635_00059,65358,0.07132977027858688,0.0678973361774837,0.07276869214869043,0.0038438858230677012,0.36294343063234047,0.09868670099221907,0.9999999999922242,0.0034324341011031795,-0.26707010166353456,-0.025918008843528642,-0.5751987414134626,0.4021800313262021,0.8178388099375735,False
GUT_GENOME001635_1,GUT_GENOME001635_00059,65359,0.08757789663385376,0.06111514327244354,0.068820994459606,0.003736180657923868,0.013468272049638162,0.0988221644151251,0.9999999999999996,0.026462753361410227,0.34895170187310315,-0.030001169955519102,-0.6111767480205131,0.49530430756106486,0.7806314357502051,False
GUT_GENOME001635_1,GUT_GENOME001635_00059,65374,0.08442676149481497,0.0790409561017759,0.0815627505856604,0.005038641534792731,0.35036652281811287,0.1003466645880576,0.9999034865488984,0.005385805393039067,-0.2148207475562744,-0.018783914002397206,-0.5123380057506397,0.3086381857171791,0.856998515270869,False
GUT_GENOME001635_1,GUT_GENOME001635_00059,65384,0.14173381665371115,0.10858092217188435,0.11420414299417073,0.0063255423865656605,0.04497224668034661,0.10247352930671474,0.03183501264988839,0.0331528944818268,0.5279015788735792,0.011730613687455982,-0.24346498097269287,0.3379552739372515,0.8445277893763098,False
GUT_GENOME001635_1,GUT_GENOME001635_00059,65409,0.11640630972997111,0.07158880411826135,0.09227591403184154,0.004693206923918212,3.4209209681974184e-06,0.09730559810693755,0.8580713653127282,0.04481750561170976,0.8399100536396487,-0.005029684075096005,-0.3911451941943738,0.8584434611463119,0.651015563122495,False
GUT_GENOME001635_1,GUT_GENOME001635_00059,65426,0.10296203752269316,0.10892215338488696,0.10989150708796808,0.006021912028971603,0.6442793073895419,0.11142273689814697,0.600358965243772,-0.005960115862193804,-0.5183048111263094,-0.0015312298101788913,-0.36031922206017764,0.39846981902273093,0.8193573958785698,False
GUT_GENOME001635_1,GUT_GENOME001635_00059,65430,0.270790130751107,0.2013142617052592,0.2076796812206374,0.00918752615333968,0.022998001287279368,0.10717898147353111,3.758573098415295e-28,0.06947586904584782,1.4994792651329456,0.10050069974710629,0.5387159458057827,2.538652936829058,0.281020834459052,False
GUT_GENOME001635_1,GUT_GENOME001635_00059,65449,0.6835849613671179,0.6088776754143985,0.6196815696805372,0.011959911297540718,0.002210257987519587,0.1118467098260054,0.0,0.07470728595271936,1.639410754644572,0.5078348598545318,4.127864329049033,19.726931541479708,5.204167225837691e-05,True
GUT_GENOME001635_1,GUT_GENOME001635_00059,65450,0.22267923794359076,0.15144507463994789,0.15987909477798448,0.007807990652067652,0.01394895470463232,0.13424162709106569,0.0005126494403070133,0.07123416330364288,1.546510640929018,0.025637467686918797,-0.12092735109404922,2.4063185867493053,0.3002441525823197,False
GUT_GENOME001635_1,GUT_GENOME001635_00059,65454,0.3312575854355654,0.18549948867998436,0.19898515495962818,0.00891228288873685,1.747334512433945e-06,0.13957606608452192,1.3145359755899592e-11,0.14575809675558102,3.539898894596468,0.059409088875106264,0.17664494079308268,12.562087619073088,0.0018714461410323012,True
GUT_GENOME001635_1,GUT_GENOME001635_00059,65474,0.8256372472138692,0.7719143009542677,0.7791721477292909,0.013639921297059685,0.08324792312012963,0.5035143231325067,4.02710486856878e-91,0.0537229462596015,1.0781154188018167,0.27565782459678423,2.0820800262992063,5.49739009217232,0.0640113385746055,False
GUT_GENOME001635_1,GUT_GENOME001635_00059,65531,0.8306746329988446,0.876037071610782,0.8659601097462835,0.012258799105761614,0.8700231212002341,0.5340844527211316,1.0395238242391275e-161,-0.04536243861193745,-1.572249815078728,0.33187565702515187,2.5774328892078855,9.115129779385603,0.010487566254948696,False
GUT_GENOME001635_1,GUT_GENOME001635_00059,65535,0.8961998876026908,0.8747321946498604,0.8725997898867046,0.01188470510027115,0.2551647346304452,0.5303231815676316,1.0800458070064018e-182,0.021467692952830353,0.21534234601101665,0.34227660831907303,2.669078916417889,7.170354588052021,0.02773175052060816,False
GUT_GENOME001635_1,GUT_GENOME001635_00059,65858,0.9072425875060197,0.8794219786078981,0.8772752505948375,0.013518061579076672,0.19613255925360734,0.5332880314808025,3.860073610868062e-143,0.027820608898121657,0.38527202410627537,0.34398721911403496,2.6841516418860323,7.353104569198429,0.02531008655594127,False
GUT_GENOME001635_1,GUT_GENOME001635_00059,65891,0.9079557109123482,0.881034165399834,0.8774109616488025,0.013574407978323686,0.18711226758179522,0.529886510713354,7.350393975841313e-145,0.026921545512514133,0.3612236102725056,0.3475244509354485,2.7153192951700946,7.503441371341322,0.023477314002939283,False
GUT_GENOME001635_1,GUT_GENOME001635_00059,65894,0.9032419290349584,0.8750536425481154,0.8717782567581771,0.01467664885339461,0.18019697314701405,0.5292749651101373,9.423680919207925e-121,0.028188286486843017,0.39510677319351467,0.34250329164803983,2.671076293960334,7.2907579303802645,0.026111512624337616,False
GUT_GENOME001635_1,GUT_GENOME001635_00059,65915,0.9023609461129781,0.8894026521149593,0.8828656407462976,0.013980544605511248,0.33636220996287736,0.5314630744190904,1.0279824054447977e-139,0.012958293998018844,-0.012269578596140437,0.35140256632720723,2.7494905799567446,7.559848991829803,0.02282441469658471,False
GUT_GENOME001635_1,GUT_GENOME001635_00059,65916,0.899618083500482,0.8776197753578237,0.8738166119487933,0.015864356085142493,0.23963836264209343,0.5373841854040621,4.1312771227425863e-100,0.02199830814265835,0.22953539833162184,0.33643242654473127,2.6175840072719763,6.9044325342132735,0.03167535747556051,False
GUT_GENOME001635_1,GUT_GENOME001635_00059,65930,0.8983816679901714,0.8594692883729178,0.8588007979533503,0.0183961181661033,0.07616449441285433,0.5381958643666834,2.5355139449205997e-68,0.03891237961725358,0.6819579938310137,0.32060493358666686,2.4781230282412734,6.60616044844972,0.03676973376572326,False
GUT_GENOME001635_1,GUT_GENOME001635_00059,65972,0.8870122577941413,0.8477854962291056,0.8500745126853311,0.019197895889920456,0.10448193293246111,0.53576285852179,1.5106447774435368e-60,0.039226761565035684,0.6903671753227301,0.3143116541635411,2.422670979582126,6.345941512072503,0.04187900062711994,False
GUT_GENOME001635_1,GUT_GENOME001635_00059,66024,0.88952776179408,0.8489887801210965,0.849877247166694,0.020066808299220393,0.09594275508640865,0.5397896611690187,3.614009599544136e-54,0.04053898167298353,0.7254668275854013,0.3100875859976753,2.385451396956823,6.216680485170086,0.04467504357385409,False
GUT_GENOME001635_1,GUT_GENOME001635_00059,66035,0.8936879828150194,0.845130485680426,0.8484197457317757,0.02001563751647755,0.05873421939082641,0.5436044163959145,1.137631567143607e-52,0.04855749713459334,0.9399484550659502,0.3048153293358612,2.3389958984324597,6.354404911064735,0.041702155722416236,False
GUT_GENOME001635_1,GUT_GENOME001635_00059,66039,0.8943935039899609,0.8680824175319054,0.8628646090871162,0.01809068247367883,0.2086549966916405,0.5365321491683941,4.8393917355948476e-73,0.026311086458055466,0.3448948706027506,0.32633245991872206,2.528590049885757,6.512720112149344,0.038528384250179,False
GUT_GENOME001635_1,GUT_GENOME001635_00059,66068,0.9057741516572894,0.7930319856007348,0.8323804678445492,0.022380135255643727,8.28862113384576e-06,0.5581438854620235,8.037879191162539e-35,0.11274216605655452,2.656778997526322,0.2742365823825257,2.0695570176859395,11.341540891150089,0.003445209906597994,True
GUT_GENOME001635_1,GUT_GENOME001635_00059,66108,0.883758615234407,0.825637821914171,0.8441506459737667,0.020955047239162895,0.02356745803721196,0.6193329299827667,3.737144827070121e-27,0.05812079332023601,1.1957503350767138,0.22481771599099998,1.6341119659768442,4.1001407811847805,0.128725842180602,False
GUT_GENOME001635_1,GUT_GENOME001635_00059,66109,0.8632726949683326,0.8386461408672402,0.8508724291389181,0.02144227842297005,0.23678036474029235,0.6488216181648883,2.1916849848116042e-21,0.02462655410109238,0.29983649998603384,0.20205081097402988,1.4335056620234499,2.144840409777164,0.34217937028571677,False
GUT_GENOME001635_1,GUT_GENOME001635_00059,66113,0.8573714374629303,0.9452938196478766,0.8949660692350846,0.021215680726226864,0.995683232752542,0.660472438648989,1.0618794770516667e-28,-0.0879223821849463,-2.710655796425636,0.23449363058609562,1.7193694686037502,10.303886216262642,0.005788146797589713,False
GUT_GENOME001635_1,GUT_GENOME001635_00059,66114,0.8086982221798306,0.906996787892407,0.844956341923455,0.02951297862288549,0.9908464555751215,0.6630449150651003,3.551491683260134e-10,-0.09829856571257645,-2.988201027921166,0.1819114268583547,1.2560512645841895,10.507010162532653,0.005229157617559317,False
GUT_GENOME001635_1,GUT_GENOME001635_00059,66117,0.8597445102431109,0.9368846545590163,0.8847104779069125,0.024132032592359895,0.9892411870160328,0.6671074128247766,9.648988357356275e-20,-0.07714014431590532,-2.422249303090767,0.2176030650821359,1.5705414256657029,8.333892056055765,0.015499523026289317,False
GUT_GENOME001635_1,GUT_GENOME001635_00059,66120,0.8060013485736816,0.8665171654605603,0.8214273114644319,0.03547047160708976,0.9162470698485228,0.6716718068306009,1.2108457460793924e-05,-0.06051581688687879,-1.977576867174393,0.14975550463383103,0.9727154004047469,4.856985515767853,0.08816962545457162,False
GUT_GENOME001635_1,GUT_GENOME001635_00059,66125,0.8338874637869049,0.9048126449870324,0.8602111732763831,0.026575095928150518,0.9779817224579489,0.6861131366564308,2.8543541641139797e-11,-0.07092518120012747,-2.2560096281552267,0.17409803661995227,1.1872050452187062,6.4990352617218345,0.0387929158246889,False
GUT_GENOME001635_1,GUT_GENOME001635_00059,66129,0.8141409351070231,0.9136059045076885,0.8378966429655065,0.033040330904396724,0.993018852452397,0.7034214899495421,2.350349619887964e-05,-0.0994649694006654,-3.01940033937955,0.13447515301596435,0.8380754544444308,9.819148876787581,0.007375626447027479,False
GUT_GENOME001635_1,GUT_GENOME001635_00059,66130,0.8174236561398608,0.8484681464705001,0.8307188772947409,0.03509020456050477,0.7849999684734715,0.7167804387908046,0.0005831101682022739,-0.031044490330639274,-1.1892690919937796,0.11393843850393637,0.6571200549057958,1.8461677397311052,0.3972919532849014,False
GUT_GENOME001635_1,GUT_GENOME001635_00059,66132,0.7573803888546891,1.0000000000000002,0.7844452882363024,0.04277460512864256,0.9999999308242208,0.731270939980923,0.1069101669727105,-0.24261961114531116,-6.8485431139726884,0.05317434825537948,0.12170869579626763,46.91735579057516,6.486727249543782e-11,False
GUT_GENOME001635_1,GUT_GENOME001635_00059,66134,0.783095986478431,1.0000000000000004,0.8063223850143463,0.03973024077967504,0.9999997575743886,0.7425702460481275,0.05428817436194828,-0.2169040135215694,-6.160694689113785,0.06375213896621879,0.2149129102870971,38.00034661148286,5.60182552488138e-09,False
GUT_GENOME001635_1,GUT_GENOME001635_00059,66135,0.8688533892065204,1.0000000000000004,0.8866159133994457,0.034018072525346825,0.9996975396012122,0.7521172412961397,3.846923251283126e-05,-0.13114661079348,-3.8668302707326787,0.13449867210330602,0.8382826884615469,15.655094208428881,0.00039860201132917085,False
GUT_GENOME001635_1,GUT_GENOME001635_00059,66142,0.8644634673472243,1.0000000000000004,0.8712724624770637,0.03422313174997441,0.9999348191691919,0.7572562869053591,0.0004318143420281166,-0.1355365326527761,-3.9842532013739116,0.11401617557170463,0.6578050204658288,16.30698101760831,0.00028772928319414855,False
GUT_GENOME001635_1,GUT_GENOME001635_00059,66164,0.3517889478430494,0.2314825028994125,0.3406342686486822,0.030851951407713688,0.00012420438666596554,0.6668561887687595,1.0,0.12030644494363693,2.85911057051957,-0.32622192012007734,-3.2212702060693945,18.5510949949671,9.368733929027799e-05,False
GUT_GENOME001635_1,GUT_GENOME001635_00059,66165,0.23416797761400104,0.2076347293638466,0.24640388514414757,0.022583182877333033,0.14874225374812045,0.5656786223978905,1.0,0.026533248250154434,0.35083732004510854,-0.3192747372537429,-3.16005641013776,10.109043340389183,0.006380417976619777,False
GUT_GENOME001635_1,GUT_GENOME001635_00059,66173,0.06516913405054721,0.10417726939472512,0.09956938713977116,0.00956132222842572,0.9999995680902453,0.28214226140343485,1.0,-0.03900813534417791,-1.4022830284710206,-0.1825728742636637,-1.9555336409013513,5.7905095126347526,0.05528493911302636,False
GUT_GENOME001635_1,GUT_GENOME001635_00059,66183,0.23920955037495248,0.1928599938342792,0.2471112500845867,0.023516833717060488,0.04952484793719672,0.10223996151438673,3.629838835738692e-10,0.04634955654067327,0.8808898058394669,0.14487128857019999,0.9296790486694324,1.6402699835667944,0.44037220386425724,False
GUT_GENOME001635_1,GUT_GENOME001635_00059,66188,0.17122082287603857,0.1722887345648517,0.19474013975667379,0.018312543207918097,0.5259651480888726,0.0965778865473072,4.1522749495890314e-08,-0.0010679116888131224,-0.3874466843199833,0.09816225320936658,0.5181111637074295,0.41855411114881563,0.8111704652087172,False
GUT_GENOME001635_1,GUT_GENOME001635_00059,66190,0.030661198496429887,0.06479419450853979,0.04102444589836711,0.004751701128092281,1.0,0.06916423806714724,0.9999999984101957,-0.03413299601210991,-1.2718813570964966,-0.028139792168780126,-0.594775567544716,1.971440162277765,0.37317041718685556,False
GUT_GENOME001635_1,GUT_GENOME001635_00059,66218,0.03618980492372802,0.05380103981062641,0.04957687896620687,0.004957368626270162,0.9991359134300661,0.09777136790791185,1.0,-0.01761123488689839,-0.8299523950653113,-0.048194488941704985,-0.7714837583824152,1.2840081675225035,0.5262367440474929,False
GUT_GENOME001635_1,GUT_GENOME001635_00059,66219,0.033744510315550286,0.04718983273300724,0.03936600791915032,0.004297561222207236,0.997579255283888,0.06780701526167664,0.9999999999817882,-0.013445322417456954,-0.7185213339586547,-0.028441007342526317,-0.5974296684273288,0.8731951160709126,0.6462314497401549,False
GUT_GENOME001635_1,GUT_GENOME001635_00059,66227,0.02958161456743898,0.035338688892762725,0.03394655926956676,0.0033842112450347527,0.9041558627342831,0.07017407937225245,1.0,-0.0057570743253237446,-0.512873795936211,-0.03622752010268569,-0.666039061945561,0.706647562595341,0.7023497488449859,False
GUT_GENOME001635_1,GUT_GENOME001635_00059,66234,0.0362229286073329,0.046723606718334934,0.04350736935531476,0.004159185721398657,0.9708315523054509,0.06351435954457224,0.9999992465339224,-0.010500678111002033,-0.639757115541473,-0.02000699018925748,-0.5231149116636993,0.6829383776908655,0.710725365551599,False
GUT_GENOME001635_1,GUT_GENOME001635_00059,66235,0.03283331816846595,0.04098574263260732,0.03772545927251289,0.004011499620247182,0.9285117193632495,0.06155393703941319,0.999999998575258,-0.00815242446414137,-0.5769453311996997,-0.0238284777669003,-0.5567872311108667,0.6428779359212369,0.7251048833067874,False
GUT_GENOME001635_1,GUT_GENOME001635_00060,66424,0.031441121588625526,0.03714730170626996,0.03612714716778772,0.003288580623471413,0.8500057985484379,0.06493727346482918,1.0,-0.005706180117644434,-0.5115124625890779,-0.02881012629704146,-0.60068209070999,0.6224639734836674,0.7325439156795908,False
GUT_GENOME001635_1,GUT_GENOME001635_00060,66430,0.02975550974379166,0.03531453182824171,0.03399468314560246,0.0029015023707429583,0.881656272316488,0.061593165257801216,1.0,-0.005559022084450048,-0.5075762359137685,-0.027598482112198758,-0.5900059157337805,0.6057406158652465,0.7386948930261523,False
GUT_GENOME001635_1,GUT_GENOME001635_00061,67763,0.03613510651345723,0.03744561670506419,0.03719428711367344,0.0031838743337048144,0.5840765359158733,0.05602877269149439,0.9999999983465296,-0.0013105101916069603,-0.3939357809554746,-0.01883448557782095,-0.5127836076813059,0.4181324278236551,0.8113415117694747,False
GUT_GENOME001635_1,GUT_GENOME001635_00081,95941,0.030866423631880784,0.029857020436051523,0.030449834960079396,0.0027824015112331985,0.4272775580743133,0.050045733179841755,0.999999999999058,0.0010094031958292615,-0.3318820502701016,-0.019595898219762358,-0.5194926520494096,0.3800183108248152,0.8269515628261053,False
GUT_GENOME001635_1,GUT_GENOME001635_00081,96226,0.02633299529404982,0.026979455759060033,0.026899518356812414,0.0021589992064464515,0.5532530198753457,0.044066941180594184,0.9999999999999991,-0.0006464604650102124,-0.37617358210827173,-0.01716742282378177,-0.4980945975898204,0.38960479202433373,0.8229972695315865,False
GUT_GENOME001635_1,GUT_GENOME001635_00081,96384,0.024204466729190154,0.027094020440332017,0.026493107755653552,0.002074928835834469,0.7501526557663201,0.045990369406326635,1.0,-0.0028895537111418637,-0.43617250489196085,-0.019497261650673083,-0.5186235344620654,0.4592168245216528,0.7948447930456597,False
GUT_GENOME001635_1,GUT_GENOME001635_00081,97678,0.02501692097119433,0.027095577287528663,0.026481894552356524,0.0021632393171211344,0.6675914728144536,0.04198640255129389,0.9999999999996174,-0.002078656316334332,-0.41448238110399227,-0.015504507998937368,-0.48344213619672866,0.4055119432960914,0.8164774607661962,False
GUT_GENOME001635_1,GUT_GENOME001635_00082,99933,0.026164305501369844,0.02856678533238813,0.028091560453419914,0.002174924388533724,0.6749948702008183,0.04217483867806332,0.9999999999526867,-0.002402479831018288,-0.42314410842476774,-0.014083278224643406,-0.47091923719587125,0.4008158644557328,0.8183968345305551,False
GUT_GENOME001635_1,GUT_GENOME001635_00084,102747,0.027669070132089378,0.02969107634998263,0.029179799064654628,0.00234871545543564,0.6386424442097943,0.041885348090620195,0.9999999684125008,-0.002022006217893252,-0.4129670874852734,-0.012705549025965567,-0.4587796353400449,0.381020569148814,0.8265372571014229,False
GUT_GENOME001635_1,GUT_GENOME001635_00086,105782,0.028882412059269835,0.028512411205571925,0.028406889577306423,0.002269996004125771,0.47456093247688724,0.04221710608048885,0.999999999413189,0.0003700008536979098,-0.3489849735745202,-0.013810216503182426,-0.468513205165931,0.3412951351956623,0.843118663452351,False
GUT_GENOME001635_1,GUT_GENOME001635_00087,106984,0.02903108269779197,0.02832121503381233,0.028218498773838772,0.002249140484699148,0.4495473633615455,0.04223830237722824,0.999999999771798,0.0007098676639796381,-0.3398941154294124,-0.014019803603389468,-0.4703599425023193,0.33676648521432784,0.8450299211497765,False
GUT_GENOME001635_1,GUT_GENOME001635_00090,112021,0.028360888804630374,0.02803263266600831,0.027856454326042744,0.00215680346210297,0.4757813388008704,0.04208133975199028,0.9999999999787881,0.0003282561386220642,-0.35010157358247,-0.014224885425947534,-0.4721669824315821,0.3455127711234677,0.8413425530741104,False
GUT_GENOME001635_1,GUT_GENOME001635_00090,113815,0.02924108922892377,0.02876906698131444,0.028307193327333363,0.0022314079352008425,0.46735023573685325,0.0419754032664009,0.9999999995476481,0.00047202224760933137,-0.3462560751008914,-0.01366820993906754,-0.4672619410198833,0.33822699106994303,0.8444130608352101,False
GUT_GENOME001635_1,GUT_GENOME001635_00127,161696,0.0373531333566795,0.034007776698458565,0.034044582563758155,0.002664352154309409,0.32037861406265344,0.04747420155056283,0.9999997678195574,0.003345356658220937,-0.26939927490709137,-0.013429618986804677,-0.4651596416930974,0.2889494615805174,0.8654767820411231,False
GUT_GENOME001635_1,GUT_GENOME001635_00127,161983,0.04347771990986553,0.03971445167974953,0.03990286250205215,0.0029279431978423264,0.30930922366105573,0.04779479264473076,0.9964846183415791,0.003763268230115996,-0.25822085235342185,-0.00789193014267861,-0.41636533738884385,0.24003810276905344,0.8869035398158283,False
GUT_GENOME001635_1,GUT_GENOME001635_00128,162221,0.03653458464745927,0.03575759618225861,0.03582864288527494,0.0028069058530844045,0.4512365387630362,0.04763768010680566,0.9999870686766557,0.000776988465200662,-0.33809874835023074,-0.011809037221530726,-0.4508801900968637,0.3176037094577766,0.8531653929100217,False
GUT_GENOME001635_1,GUT_GENOME001635_00128,162593,0.03518140628141789,0.03500793689839298,0.03492257299291647,0.0027778106854963506,0.4893389315356652,0.04756232957526428,0.999997320997007,0.00017346938302490594,-0.354241855585025,-0.01263975658234781,-0.4581999175904262,0.3354344567281951,0.8455929105717557,False
GUT_GENOME001635_1,GUT_GENOME001635_00128,163208,0.04846318569385904,0.0411953622679422,0.04223635284975235,0.0033659463971676597,0.1822730225918492,0.04791717519201658,0.9542688537156272,0.007267823425916836,-0.16447997156451413,-0.005680822342264233,-0.39688257663796345,0.1845694406846523,0.9118454916213751,False
GUT_GENOME001635_1,GUT_GENOME001635_00129,163792,0.06308806535415477,0.047094073959799455,0.049783884847025374,0.003806244796524666,0.045198403284814094,0.04814199522405215,0.33310065348159335,0.01599399139435532,0.0689301548485334,0.0016418896229732222,-0.3323598766413399,0.11521445384848948,0.9440206605273841,False
GUT_GENOME001635_1,GUT_GENOME001635_00129,163878,0.04126699857629855,0.03720035676471334,0.03808948900033318,0.0029484907243117558,0.2875791133151637,0.04871815542928867,0.9998437924992587,0.0040666418115852115,-0.250106125905659,-0.010628666428955491,-0.44047957473801025,0.2565753299769157,0.8796003125334346,False
GUT_GENOME001635_1,GUT_GENOME001635_00131,165695,0.058539037695484734,0.046687167038448614,0.04810243254119652,0.004008960889081831,0.11321135253449344,0.05071962577390174,0.7430689328915716,0.01185187065703612,-0.041864517957746254,-0.00261719323270522,-0.3698879846240484,0.13856975903307472,0.9330608322939019,False
GUT_GENOME001635_1,GUT_GENOME001635_00131,165699,0.06925205865979812,0.051112985040940806,0.053728272912506224,0.004188688082797893,0.035808246920195845,0.050590334523055086,0.22688464443465617,0.018139073618857318,0.12630744978467348,0.003137938389451138,-0.3191777241549362,0.11782799146783238,0.9427878494474888,False
GUT_GENOME001635_1,GUT_GENOME001635_00131,165707,0.04841615697397296,0.051435766659757354,0.050332519642636464,0.003976936493483651,0.6321185003303091,0.05273874714357685,0.7274256151980482,-0.003019609685784394,-0.43965128063772696,-0.0024062275009403833,-0.36802909973483655,0.32873866681802766,0.848428610976014,False
GUT_GENOME001635_1,GUT_GENOME001635_00131,165752,0.08255779220179525,0.0578598127850019,0.06126154684539113,0.004157140431805683,0.014642146281694813,0.053626264926543855,0.03312954778655417,0.02469797941679335,0.3017470054939675,0.007635281918847277,-0.2795502270327586,0.16919958475864333,0.9188799535844586,False
GUT_GENOME001635_1,GUT_GENOME001635_00131,165832,0.09495537275998679,0.07518227231562566,0.07798175887923309,0.004437645941499183,0.0338699955883719,0.05426698943903071,4.545937588550584e-08,0.019773100444361133,0.17001488348095678,0.023714769440202378,-0.13786884527623838,0.04791287910284667,0.976328238127636,False
GUT_GENOME001635_1,GUT_GENOME001635_00131,166036,0.1762884188048819,0.14913874162212995,0.1536493981604517,0.009253553975759794,0.07368790470279075,0.16228414772085623,0.8246230370600925,0.027149677182751963,0.36732574378421706,-0.008634749560404525,-0.42291055105682973,0.3137815362418197,0.8547974248472764,False
GUT_GENOME001635_1,GUT_GENOME001635_00131,166143,0.18735001835684242,0.1577681120839987,0.16133216086823673,0.010473601888705062,0.08726156909148985,0.17191474654192415,0.8438494895303794,0.02958190627284371,0.4323837281637448,-0.010582585673687417,-0.4400735428249848,0.3806204114753129,0.8267026462592381,False
GUT_GENOME001635_1,GUT_GENOME001635_00131,166270,0.17860097348984003,0.14609265803662744,0.15048693018813733,0.00900733347778824,0.044701149137902275,0.1790476951199554,0.9992399917624425,0.03250831545321259,0.5106601880252472,-0.028560764931818083,-0.5984848899139685,0.6189579910893158,0.7338291849190195,False
GUT_GENOME001635_1,GUT_GENOME001635_00131,166310,0.1925588747156578,0.15265949517173635,0.1582043927394853,0.009660345700283544,0.04091419798710234,0.18603523046414794,0.9980175193066704,0.03989937954392145,0.7083585603209619,-0.027830837724662633,-0.592053273536014,0.852298928684696,0.6530187318109357,False
GUT_GENOME001635_1,GUT_GENOME001635_00131,166420,0.21529260312246848,0.16253477410718783,0.1703491416791954,0.01046149782733931,0.021539307339402822,0.1979019343130312,0.9957774072213172,0.052757829015280644,1.0523001767831996,-0.02755279263383581,-0.5896033314836543,1.4549677505545773,0.4831230599493479,False
GUT_GENOME001635_1,GUT_GENOME001635_00131,166429,0.21997254775421435,0.1892073393447313,0.19385391334255367,0.01149694961983795,0.1310012357593754,0.20598196570814525,0.854262881692015,0.030765208409483047,0.4640350443310224,-0.012128052365591585,-0.453691132071959,0.4211641656880296,0.8101125560815933,False
GUT_GENOME001635_1,GUT_GENOME001635_00131,166431,0.21780239426885076,0.18307213238705186,0.18830771444312652,0.010651227289251651,0.09778467257596812,0.20492037183254513,0.9405839178799041,0.034730261881798896,0.5700934694673595,-0.01661265738941861,-0.493206386246832,0.5682591033639903,0.7526691288380335,False
GUT_GENOME001635_1,GUT_GENOME001635_00131,166453,0.2120603236005237,0.17732226976257767,0.1825415394501452,0.010280325528968825,0.08975047312704348,0.19797000744548443,0.9332932732017034,0.03473805383794604,0.5703018910191663,-0.015428467995339229,-0.48277212399862546,0.5583131706101812,0.7564214494577901,False
GUT_GENOME001635_1,GUT_GENOME001635_00131,166525,0.20964596309600927,0.17553936211741153,0.18181756038467087,0.010519580017238206,0.0879171537477269,0.1943648498983038,0.8835174769093964,0.034106600978597745,0.5534116028356878,-0.012547289513632931,-0.4573851613959206,0.5154655880183374,0.772801701765171,False
GUT_GENOME001635_1,GUT_GENOME001635_00131,166571,0.18342435565764506,0.15908147622864993,0.16303346152267603,0.00954283889125182,0.13027533456566576,0.18080623079201974,0.9687280089298174,0.02434287942899513,0.2922486858030062,-0.017772769269343708,-0.5034284940050331,0.3388495429297599,0.84415025627896,False
GUT_GENOME001635_1,GUT_GENOME001635_00131,166819,0.1736514157987176,0.14353735582214083,0.14788553363219487,0.008543636784229666,0.07779266760246357,0.17298625096748885,0.9983480108421061,0.030114059976576762,0.44661793311014925,-0.02510071733529398,-0.5679973309188329,0.5220885461064999,0.7702468176818115,False
GUT_GENOME001635_1,GUT_GENOME001635_00131,167492,0.15096817252440173,0.14487202253316192,0.14577016660055336,0.00765612673464787,0.37654069876984064,0.16854921269342174,0.9985363473213094,0.006096149991239808,-0.19582023976607998,-0.022779046092868377,-0.5475403611818075,0.33814601342514927,0.8444472508178111,False
GUT_GENOME001635_1,GUT_GENOME001635_00132,168114,0.1401155964253484,0.14011814884188406,0.14024543313905286,0.007735769400080693,0.5000546564499494,0.163147109242604,0.9984642547895293,-2.552416535656077e-06,-0.35895013883552895,-0.02290167610355115,-0.5486208924695912,0.42983008582417626,0.8066099645001368,False
GUT_GENOME001635_1,GUT_GENOME001635_00132,168193,0.1270504480935521,0.13836933347310718,0.13735050204016258,0.007011000689990453,0.7349822835968614,0.1587252857963791,0.9988510193703463,-0.011318885379555083,-0.6616427659983272,-0.021374783756216514,-0.5351669675682834,0.7241748329741492,0.6962215039434552,False
GUT_GENOME001635_1,GUT_GENOME001635_00132,168295,0.11545241741149016,0.13587470226525727,0.1335529376614916,0.00694514889532712,0.8861972186735847,0.15622619492270245,0.999451940790548,-0.02042228485376711,-0.9051431925027841,-0.02267325726121086,-0.5466082227772882,1.1180647481418775,0.5717620480476877,False
GUT_GENOME001635_1,GUT_GENOME001635_00133,168910,0.10603519938040823,0.14886401310966973,0.14500915318434074,0.006975669658518043,0.9987038121004005,0.15141599605852482,0.8208098036403734,-0.042828813729261506,-1.5044796659952397,-0.006406842874184082,-0.4032797700814358,2.426093638350084,0.2972901089349844,False
GUT_GENOME001635_1,GUT_GENOME001635_00133,168912,0.1150120909046711,0.1429137477999199,0.13996313380608286,0.006823186727251718,0.9662526185676051,0.1430678486713412,0.6754540741419187,-0.02790165689524879,-1.1052036520317163,-0.0031047148652583456,-0.3741836898475256,1.3614885462121524,0.5062400712466161,False
GUT_GENOME001635_1,GUT_GENOME001635_00133,169036,0.1178513813609954,0.14028087026763345,0.13761167943585814,0.006565654284762987,0.9281065880851682,0.13831013888237043,0.5423598804211961,-0.02242948890663804,-0.9588324812503649,-0.000698459446512284,-0.3529814225405434,1.043955611759477,0.5933458637663753,False
GUT_GENOME001635_1,GUT_GENOME001635_00133,169778,0.1149893869834215,0.13688650737342373,0.1341832115773566,0.006373073908959169,0.925350086274849,0.13658441126569668,0.646828701234659,-0.02189712039000223,-0.9445925304247877,-0.002401199688340072,-0.3679847981092108,1.0276678601737803,0.5981977284590936,False
GUT_GENOME001635_1,GUT_GENOME001635_00134,170316,0.11263407160366194,0.13621965985214182,0.13330655712272155,0.006291049610854646,0.9441026826966317,0.13623413504793225,0.6791617447785703,-0.02358558824847988,-0.9897561690021185,-0.0029275779252107004,-0.37262288099757057,1.1184650855206797,0.5716476106416557,False
GUT_GENOME001635_1,GUT_GENOME001635_00135,170685,0.113271298145098,0.1350691136543942,0.1321460744617836,0.00633797798590503,0.9241145486652916,0.1365180151281192,0.7548401869182014,-0.0217978155092962,-0.9419362940512889,-0.004371940666335589,-0.3853496117872446,1.0357383053556561,0.5957887311603405,False
GUT_GENOME001635_1,GUT_GENOME001635_00135,170995,0.11915070059995235,0.1377220085737909,0.13509276691000383,0.0065431335368119296,0.864308265938535,0.13704921453652014,0.6175329332615919,-0.01857130797383856,-0.8556327144677087,-0.001956447626516311,-0.3640659489186154,0.8646513572293915,0.6489979775006665,False
GUT_GENOME001635_1,GUT_GENOME001635_00136,171457,0.10971207682717711,0.13638311166525707,0.13350335387725282,0.006187236175181658,0.9513460238287805,0.12977721488831973,0.27351053800629543,-0.026671034838079963,-1.0722866086090626,0.003726138988933092,-0.31399490513947087,1.24839137145587,0.5356921201077112,False
GUT_GENOME001635_1,GUT_GENOME001635_00136,171459,0.09054416191791922,0.1183997355119393,0.11546538377827315,0.005082437541081475,0.985802142675559,0.09507699200440593,3.0162221104793915e-05,-0.027855573594020078,-1.1039710022358118,0.020388391773867212,-0.16717859680808808,1.246700657008264,0.5361451627756451,False
GUT_GENOME001635_1,GUT_GENOME001635_00137,172592,0.07126837014177509,0.0947982357179611,0.09274234871848078,0.004800848013552435,0.9794848037194462,0.0849369831926599,0.05199285021744232,-0.023529865576186013,-0.9882656824527848,0.0078053655258208815,-0.27805156730133684,1.0539817331925982,0.590378828104013,False
GUT_GENOME001635_1,GUT_GENOME001635_00137,173246,0.0619353004187611,0.09344393230188282,0.0908306640680874,0.004098583246284027,0.9991521932557371,0.07797137306602986,0.000851986250505634,-0.03150863188312172,-1.2016840877663009,0.012859291002057543,-0.23351985297793504,1.498576168525563,0.4727029576554147,False
GUT_GENOME001635_1,GUT_GENOME001635_00138,173628,0.06040991337809694,0.0882223856028873,0.0858701975487103,0.003861764086512577,0.9986494855884445,0.06898352182164227,6.133491109480561e-06,-0.027812472224790358,-1.102818114040573,0.01688667572706802,-0.1980333095202055,1.2554249843355318,0.5338115034306473,False
GUT_GENOME001635_1,GUT_GENOME001635_00138,173643,0.08655361207090699,0.09940501475269578,0.09819420095024936,0.0038549824527078958,0.8120690894288407,0.0680271578728535,2.528852642998941e-15,-0.01285140268178879,-0.7026349928885646,0.030167043077395858,-0.08101584898673357,0.5002595010185544,0.7786997398285238,False
GUT_GENOME001635_1,GUT_GENOME001635_00138,174038,0.09020367396108685,0.11118751511337129,0.10770436323686268,0.00507357021991166,0.9719328913761279,0.06951436914261491,2.5911508097070347e-14,-0.020983841152284438,-0.9201638667665671,0.03818999409424777,-0.010323124214081028,0.8468081085963401,0.6548139992412849,False
GUT_GENOME001635_1,GUT_GENOME001635_00138,174234,0.09448196570562234,0.09516212198592598,0.09456491757256867,0.003776390409912749,0.5254299068931758,0.06907218532325937,7.364019180620867e-12,-0.0006801562803036426,-0.3770748877599251,0.0254927322493093,-0.12220266019593531,0.15711896113812332,0.9244470716583129,False
GUT_GENOME001635_1,GUT_GENOME001635_00138,174327,0.10033204162764177,0.08750111210437635,0.08791600226135926,0.003442063331565227,0.2021121572220963,0.06631683658782311,1.7474591280156405e-10,0.012830929523265422,-0.015676361305372123,0.021599165673536147,-0.1565100901860954,0.024741156633836286,0.9877056227463027,False
GUT_GENOME001635_1,GUT_GENOME001635_00138,174344,0.09195199398520228,0.08505658603608672,0.08521991940023883,0.0032595232513236024,0.3104695355291473,0.06524014386270813,4.403300486748456e-10,0.006895407949115556,-0.1744414510859675,0.019979775537530706,-0.17077904196502589,0.059595301031470066,0.9706419225706675,False
GUT_GENOME001635_1,GUT_GENOME001635_00138,174345,0.08603813672329313,0.0794702339940329,0.07922937334469858,0.003155124416726749,0.29511497391617314,0.06497353885259244,3.116738715308003e-06,0.006567902729260236,-0.1832016577475684,0.014255834492106143,-0.2212144725303072,0.08249869025831924,0.9595898310646662,False
GUT_GENOME001635_1,GUT_GENOME001635_00138,174386,0.07492261315677709,0.07196851097792764,0.0719330632567431,0.0027300299076732227,0.3884270630709082,0.06320939507982244,0.0006980700770155714,0.0029541021788494493,-0.2798646656513532,0.008723668176920663,-0.26996011610889686,0.1512026953696728,0.9271857576421615,False
GUT_GENOME001635_1,GUT_GENOME001635_00148,187468,0.07443482179637802,0.07143727330555227,0.07146355813674553,0.002744967065020958,0.3812349723692657,0.06282408007626888,0.0008236793123119323,0.002997548490825744,-0.2787025508253212,0.008639478060476644,-0.2707019414943259,0.1509546529653382,0.9273007554653934,False
GUT_GENOME001635_1,GUT_GENOME001635_00149,188825,0.07770819619215005,0.07114278567627408,0.07142995361974178,0.0027327174482303434,0.256906712366867,0.06265352049274732,0.0006599583619917882,0.006565410515875975,-0.18326832020962194,0.008776433126994457,-0.26949518766980074,0.10621493336963764,0.9482780987026744,False
GUT_GENOME001635_1,GUT_GENOME001635_00155,198844,0.09027748551955377,0.07183998481129193,0.07246122534258559,0.002903076758856248,0.06594479198075712,0.06466678159070946,0.0036276765828549854,0.018437500708261834,0.13428986599702727,0.007794443751876129,-0.27814780245943316,0.09539996812251139,0.953419785305252,False
GUT_GENOME001635_1,GUT_GENOME001635_00157,200838,0.09441326667330822,0.07366112130282089,0.07440072682996805,0.0029074220595536803,0.04578857511835973,0.06583601582304134,0.0016105544979653356,0.020752145370487335,0.1962026672593227,0.008564711006926712,-0.27136073733236177,0.11213213640523553,0.9454766678827804,False
GUT_GENOME001635_1,GUT_GENOME001635_00159,201625,0.09687139061058997,0.07732007746008751,0.07804090904887201,0.003009902808801508,0.08030011898666056,0.06542855979186495,1.3930241923768799e-05,0.01955131315050246,0.1640824512284953,0.012612349257007063,-0.23569573374563066,0.08247552970704275,0.9596009434437517,False
GUT_GENOME001635_1,GUT_GENOME001635_00159,201645,0.09652507371275316,0.06951593010010884,0.07155666317090752,0.0033699849666673984,0.031297004837729604,0.06517810445803063,0.029195173610916583,0.027009143612644324,0.363566710210403,0.006378558712876889,-0.29062360732991643,0.2166428339106686,0.8973391300628404,False
GUT_GENOME001635_1,GUT_GENOME001635_00159,201933,0.08598734181838515,0.06922041425537766,0.07064563176501196,0.003364238601524026,0.12617992658270388,0.06535852630117854,0.058026223300191554,0.01676692756300749,0.08960488051125792,0.005287105463833416,-0.30024074246819416,0.0981735380492893,0.9520985134549131,False
GUT_GENOME001635_1,GUT_GENOME001635_00159,201954,0.07405539384537684,0.05466542276410951,0.06040036570118802,0.004559065454938279,0.05736737777963834,0.06343626229078828,0.7472635345186506,0.019389971081267325,0.15976682575438994,-0.0030358965896002538,-0.3735773105476636,0.16508544556765906,0.9207720990691345,False
GUT_GENOME001635_1,GUT_GENOME001635_00163,208374,0.0697783959774547,0.05835570672107866,0.061708711556077,0.003945877449329983,0.1335657775471254,0.06474000602403111,0.7788211883307166,0.011422689256376031,-0.05334438923051139,-0.00303129446795411,-0.37353675981786133,0.14237533479760292,0.9312871034987905,False
GUT_GENOME001635_1,GUT_GENOME001635_00163,208584,0.07037013856793492,0.05491359303286534,0.06169685206100056,0.00488317703779662,0.07698785969528986,0.0645259707602423,0.7188269422823241,0.015456545535069581,0.05455439375732203,-0.0028291186992417394,-0.37175532603579503,0.1411782043142092,0.9318447064532108,False
GUT_GENOME001635_1,GUT_GENOME001635_00163,208589,0.06160660763885656,0.0531534823017979,0.05517653775993415,0.004250866106474872,0.21465330049280362,0.06960858711384688,0.9996569628070814,0.008453125337058658,-0.1327751648363041,-0.014432049353912728,-0.4739923684412566,0.24229800973785967,0.8859019460544333,False
GUT_GENOME001635_1,GUT_GENOME001635_00163,208608,0.05284588807225126,0.05814908943822447,0.0566539310508266,0.004085135257305657,0.7086923805149686,0.07750401191582154,0.9999998336291074,-0.0053032013659732105,-0.5007334675354009,-0.020850080864994944,-0.5305436466731877,0.5322105665353106,0.7663584385328908,False
GUT_GENOME001635_1,GUT_GENOME001635_00164,209124,0.0488542584624417,0.052653108145087606,0.05207279462121174,0.0032656301578439626,0.6608704263746531,0.07763113601304684,0.9999999999999974,-0.003798849682645905,-0.4604946229652407,-0.025558341391835104,-0.5720295992712701,0.5392731602223491,0.7636569720452218,False
GUT_GENOME001635_1,GUT_GENOME001635_00164,209125,0.04853379693318928,0.05400348260110503,0.053734758796566716,0.0028425777879410863,0.7537370799752772,0.10362604920865377,1.0,-0.005469685667915752,-0.505186638973625,-0.04989129041208706,-0.786434805582828,0.8736932436295682,0.6460705169350602,False
GUT_GENOME001635_1,GUT_GENOME001635_00164,209151,0.05697813727848069,0.05690248792313882,0.057164396023863404,0.00303494706789915,0.4965516282435181,0.1132952081638245,1.0,7.564935534187106e-05,-0.35685837466989784,-0.0561308121399611,-0.8414131784153549,0.8353240363830711,0.6585847804885709,False
GUT_GENOME001635_1,GUT_GENOME001635_00164,209182,0.05197253988761343,0.05824369507981536,0.05759482688122781,0.0031225333979240694,0.786174996034283,0.11869232229596975,1.0,-0.0062711551922019285,-0.5266245832873784,-0.061097495414741944,-0.8851761744799611,1.0608703115895834,0.5883488905361588,False
GUT_GENOME001635_1,GUT_GENOME001635_00164,209586,0.055608194652135644,0.055614072216506355,0.0558740315904896,0.0032467662651579693,0.5002647371203136,0.12521986466275187,1.0,-5.877564370711241e-06,-0.35903908087507364,-0.06934583307226228,-0.9578548512698626,1.0463949776968282,0.5926226110809576,False
GUT_GENOME001635_1,GUT_GENOME001635_00164,209763,0.05897258812459335,0.06022571028912771,0.06137234112806796,0.004152955116788779,0.5579389297233324,0.12426891220674856,1.0,-0.0012531221645343607,-0.39240074900306904,-0.0628965710786806,-0.9010283915119301,0.9658305101287457,0.616982107267082,False
GUT_GENOME001635_1,GUT_GENOME001635_00164,209767,0.05637442788298237,0.059465385582475064,0.05915315136045155,0.00364291790447287,0.6370812438124778,0.12761801445060253,1.0,-0.0030909576994926913,-0.44155971844905567,-0.06846486309015098,-0.9500923498726149,1.0976504582432767,0.5776279924922996,False
GUT_GENOME001635_1,GUT_GENOME001635_00164,209809,0.05017477876175526,0.06284837945614061,0.06115345262478776,0.004131760814236894,0.9507728657613195,0.13941569658986439,1.0,-0.012673600694385348,-0.6978790926461635,-0.07826224396507662,-1.036420129791647,1.5612019133899673,0.4581306119035544,False
GUT_GENOME001635_1,GUT_GENOME001635_00164,209868,0.053079337711109335,0.06500073010708102,0.0635930822907984,0.0038779101144742196,0.9304373514841657,0.13510809450921502,1.0,-0.011921392395971682,-0.677758802198317,-0.07151501221841662,-0.9769681655652596,1.4138237904852458,0.4931647929166959,False
GUT_GENOME001635_1,GUT_GENOME001635_00164,210039,0.051673340855306026,0.0622508946016961,0.05914199883301693,0.005280405711664965,0.9015719935384051,0.13224598674703486,1.0,-0.010577553746390071,-0.6418134078153446,-0.07310398791401793,-0.9909691262197164,1.3939442595722142,0.4980911782871945,False
GUT_GENOME001635_1,GUT_GENOME001635_00164,210141,0.05531476726886014,0.07000164785468102,0.06531486181732697,0.005610889614321472,0.9652004899915663,0.11671202915966548,1.0,-0.014686880585820877,-0.751730899723962,-0.05139716734233851,-0.7997035570868755,1.2046251248171989,0.5475439413116066,False
GUT_GENOME001635_1,GUT_GENOME001635_00164,210423,0.04652034480210701,0.05179114112793226,0.05026087935596786,0.003797029323603742,0.7517960157631421,0.08474228531294944,1.0,-0.00527079632582525,-0.49986668791979966,-0.034481405956981584,-0.6506535053760868,0.6732166897500997,0.7141885007203366,False
GUT_GENOME001635_1,GUT_GENOME001635_00164,210466,0.03627897672300517,0.043664054458550705,0.042029330729513065,0.0030647867245260055,0.8685442885940295,0.04234215813163612,0.5406500418326486,-0.007385077735545538,-0.5564201135357723,-0.0003128274021230587,-0.3495834982705009,0.43181196501020297,0.8058110586492885,False
GUT_GENOME001635_1,GUT_GENOME001635_00164,210582,0.03079426842727329,0.031114609110976625,0.02986887449124134,0.0024530828610187967,0.5223420042960579,0.04096922403132565,0.9999969810953306,-0.0003203406837033358,-0.36745043356747475,-0.01110034954008431,-0.44463572180719957,0.33272074623593456,0.8467410364927481,False
GUT_GENOME001635_1,GUT_GENOME001635_00164,210583,0.029994679345296843,0.03968403787216921,0.036687351170526204,0.0027011381097133713,0.9538187364745433,0.042610053260426634,0.9858343859972218,-0.009689358526872367,-0.6180556989084198,-0.005922702089900429,-0.39901385456697086,0.5412049030895671,0.7629197336868965,False
GUT_GENOME001635_1,GUT_GENOME001635_00164,210733,0.03473518220145692,0.028715853350443906,0.029961132975406427,0.002263736565662946,0.16666966879581752,0.03914251077644047,0.9999750239321861,0.006019328851013011,-0.19787507438723154,-0.009181377801034046,-0.42772706304682123,0.22210498552641178,0.8948917723541756,False
GUT_GENOME001635_1,GUT_GENOME001635_00164,210753,0.03078896522986504,0.030303536651985995,0.02948464683479585,0.0021787117931753117,0.4669819607811022,0.03943616025523462,0.9999975334572611,0.00048542857787904625,-0.3458974786064958,-0.009951513420438773,-0.43451296829114333,0.3084465853195113,0.8570806198317862,False
GUT_GENOME001635_1,GUT_GENOME001635_00164,210757,0.027505977117973954,0.03467187926336675,0.03200687479868038,0.002306035925308799,0.9051144363327468,0.040248133835054156,0.999824065942012,-0.007165902145392793,-0.5505575399078937,-0.008241259036373773,-0.41944338327062186,0.47904635651893773,0.7870030317700831,False
GUT_GENOME001635_1,GUT_GENOME001635_00164,210811,0.03256460200784647,0.04096166423001118,0.03889087655408219,0.0028423540675839845,0.932452700832807,0.04029639505823103,0.6895202694157648,-0.008397062222164707,-0.5834889744383079,-0.0014055185041488422,-0.35921154051764714,0.46949231413212966,0.7907715559255488,False
GUT_GENOME001635_1,GUT_GENOME001635_00164,210965,0.03230892195380072,0.029964817704564668,0.03196166047615589,0.0024371965468782102,0.33151946785514297,0.039907501913105194,0.999443406713795,0.002344104249236055,-0.296181071017114,-0.007945841436949305,-0.4168403666243472,0.2614791180763649,0.8774462675851316,False
GUT_GENOME001635_1,GUT_GENOME001635_00171,217616,0.030008932638972106,0.029629160864022456,0.029137913851230966,0.002009504607482962,0.4721568932715679,0.039272821549500105,0.9999997714364954,0.00037977177494965056,-0.3487236180777214,-0.010134907698269139,-0.43612891249674923,0.31181659012081364,0.8556376529725389,False
GUT_GENOME001635_1,GUT_GENOME001635_00178,225550,0.029070780268812803,0.03151908092851557,0.029903899266367988,0.0022774117066571013,0.6796124314096911,0.03904121387201831,0.9999699157213091,-0.002448300659702765,-0.42436973752728757,-0.009137314605650322,-0.4273388084834664,0.3627081313650477,0.834139966068273,False
GUT_GENOME001635_1,GUT_GENOME001635_00178,225912,0.027762839258895094,0.02981129643983095,0.027982183010718014,0.002213773629336312,0.6567365333401634,0.04034040495301581,0.9999999881405028,-0.0020484571809358566,-0.4136746056822473,-0.012358221942297794,-0.4557192280310335,0.3788066941835639,0.827452688741418,False
GUT_GENOME001635_1,GUT_GENOME001635_00257,318419,0.02594827977566496,0.03185910711207617,0.029616126048684573,0.002220642937569374,0.878473400829318,0.04101356356522017,0.9999998570364067,-0.005910827336411212,-0.5169864270343187,-0.011397437516535599,-0.4472534566666572,0.4673106202379844,0.7916346373224304,False
GUT_GENOME001635_1,GUT_GENOME001635_00258,320003,0.02481968795971621,0.03293854656233365,0.030294131075603033,0.0023806655694735487,0.9553308465482043,0.04160156521523418,0.9999989813790809,-0.008118858602617442,-0.5760475015899787,-0.011307434139631145,-0.4464604088294274,0.531157620740196,0.76676201170644,False
GUT_GENOME001635_1,GUT_GENOME001635_00259,320998,0.025062714371538713,0.03269506327197903,0.03036701644571922,0.0023910925541578065,0.9438865243833039,0.039570148955657025,0.9999406809952143,-0.00763234890044032,-0.5630341959216653,-0.009203132509937807,-0.42791875057499046,0.500121962870817,0.7787532921298035,False
GUT_GENOME001635_1,GUT_GENOME001635_00259,321099,0.026022484016587393,0.03217419285521595,0.03055214579021096,0.0024069618723318474,0.8962257644870576,0.04019930087347658,0.9999693852343858,-0.006151708838628558,-0.5234295968296369,-0.009647155083265625,-0.43183117201482935,0.4604567039609373,0.794352189895406,False
GUT_GENOME001635_1,GUT_GENOME001635_00259,321422,0.026575561501565266,0.03075825048555133,0.030437975054287903,0.0020995830054718664,0.8149747378680321,0.039885817619164855,0.999996600187336,-0.004182688983986063,-0.470761670330378,-0.009447842564876952,-0.4300749672247715,0.4065810276856358,0.8160411357397943,False
GUT_GENOME001635_1,GUT_GENOME001635_00259,321731,0.027956142825407388,0.029916425376532666,0.029923709802436756,0.0020805923901675957,0.6529492134088322,0.04007019170517646,0.9999994606983295,-0.001960282551125278,-0.4113160845576312,-0.010146481902739701,-0.4362308964237832,0.35947831641051786,0.8354881132100229,False
GUT_GENOME001635_1,GUT_GENOME001635_00260,323767,0.03166661823135363,0.03438173186163574,0.033954399344260075,0.00219584162758041,0.678520685111828,0.041936100011335534,0.9998609645850387,-0.0027151136302821094,-0.4315065299219347,-0.007981700667075459,-0.4171563334899734,0.36021729193606744,0.8351794676001474,False
GUT_GENOME001635_1,GUT_GENOME001635_00267,333615,0.0376446449136913,0.03837966592506961,0.03833313928206286,0.0021386981333299604,0.546522665231299,0.041699077195015574,0.9422361151919927,-0.0007350210113783104,-0.37854242584331677,-0.003365937912952713,-0.37648540762894334,0.28503563032087464,0.8671721053444591,False
GUT_GENOME001635_1,GUT_GENOME001635_00267,333663,0.03513565012571268,0.03731637519982319,0.03720539525744322,0.001843719325150863,0.6557039510961574,0.0410846874925101,0.9823133022272849,-0.002180725074110511,-0.41721254648030964,-0.003879292235066875,-0.3810087327405938,0.3192339633651778,0.8524702381604732,False
GUT_GENOME001635_1,GUT_GENOME001635_00267,333672,0.040770511122332695,0.03670047819764682,0.03740599416668676,0.0020397931531023032,0.25550941941980554,0.04337064599514022,0.9982729833412337,0.004070032924685878,-0.25001541940764405,-0.00596465182845346,-0.3993834868027386,0.22201487947229342,0.8949320908456387,False
GUT_GENOME001635_1,GUT_GENOME001635_00267,333821,0.04090388206855538,0.04028199087267576,0.040238379110520084,0.002151637092213777,0.4611684536271862,0.042873112307585295,0.8896228606746541,0.0006218911958796175,-0.34224733606587854,-0.0026347331970652116,-0.3700425347229358,0.25406471654836554,0.8807051740365817,False
GUT_GENOME001635_1,GUT_GENOME001635_00267,333918,0.04720625561386251,0.03348830697933595,0.03855131819794967,0.002641113328831426,0.01855820539111269,0.043339328693773604,0.9650745119112584,0.013717948634526564,0.00804988870942116,-0.004788010495823933,-0.3890157328791524,0.15139804113573813,0.9270952011586341,False
GUT_GENOME001635_1,GUT_GENOME001635_00274,340339,0.05170378128560767,0.05787143422351768,0.05758932879818233,0.0027747581355029786,0.789100827309626,0.07176532114662149,0.999999837989533,-0.006167652937910016,-0.5238560743215082,-0.014175992348439158,-0.4717361702697818,0.49696020094434207,0.7799853820215159,False
GUT_GENOME001635_1,GUT_GENOME001635_00277,344173,0.052293457535895135,0.05773154681479731,0.057418924976090205,0.002981449850890508,0.762806082910464,0.07278511240062621,0.9999998724592234,-0.005438089278902172,-0.5043414893981722,-0.015366187424536007,-0.4822233504561686,0.4868996976535395,0.7839187894934669,False
GUT_GENOME001635_1,GUT_GENOME001635_00277,344179,0.05034035588945937,0.0601209804414069,0.059783980988987295,0.00278488448336799,0.9155579011063711,0.07392175705612014,0.9999998078871273,-0.009780624551947531,-0.620496909589564,-0.014137776067132846,-0.4713994346907478,0.6072338418369562,0.738143579660903,False
GUT_GENOME001635_1,GUT_GENOME001635_00278,345271,0.052255655892109176,0.06331414090123007,0.06182286323694619,0.002824237910961079,0.9414623223498918,0.07385518264645025,0.9999897959004228,-0.011058485009120891,-0.6546774997324377,-0.012032319409504055,-0.45284759912477374,0.6336735766889877,0.7284496368951832,False
GUT_GENOME001635_1,GUT_GENOME001635_00278,346070,0.05116554826629335,0.06732492908761427,0.06574260560915038,0.0028570706403526253,0.9774170281680067,0.07570337232719888,0.999755175972538,-0.016159380821320922,-0.7911177723299463,-0.009960766718048505,-0.4345945019836451,0.8147397108507093,0.665398043708515,False
GUT_GENOME001635_1,GUT_GENOME001635_00279,346326,0.05276454450274058,0.07216274339550029,0.07073805211965324,0.0028110242909809425,0.9882935977319959,0.07610945103957606,0.9719869988046967,-0.019398198892759705,-0.8777506377776039,-0.005371398919922818,-0.39415615031579737,0.9258052529507599,0.6294539216710826,False
GUT_GENOME001635_1,GUT_GENOME001635_00279,346359,0.07209675380214027,0.10319090495491383,0.09913328472569694,0.004205406979332033,0.9988118400027735,0.09346793708142205,0.08896467618801102,-0.031094151152773558,-1.190597434378898,0.005665347644274885,-0.2969079325952194,1.505676571187582,0.47102774242117584,False
GUT_GENOME001635_1,GUT_GENOME001635_00279,346756,0.08044413781744277,0.09796363091846245,0.09601900794226698,0.004278362676512379,0.9129763495134797,0.09701237791234917,0.5918026847498521,-0.01751949310101969,-0.8274984585932245,-0.000993369970082189,-0.35557997118324297,0.8111908148808382,0.6665798061042231,False
GUT_GENOME001635_1,GUT_GENOME001635_00279,347331,0.08283212716818207,0.09889145647811426,0.09927180770175033,0.0047152540636012,0.9179774637338199,0.09843080613937484,0.42922105914919095,-0.016059329309932188,-0.7884415648577173,0.0008410015623754874,-0.3394167512405513,0.7368438322179764,0.6918252278948036,False
GUT_GENOME001635_1,GUT_GENOME001635_00279,347348,0.08589288537650602,0.1312863118849325,0.12596733335181326,0.004878918315035169,0.9999643553574511,0.09842871555435068,8.287408490320651e-09,-0.04539342650842648,-1.5730786885158359,0.027538617797462583,-0.10417572426323933,2.485429141788473,0.28859972922063726,False
GUT_GENOME001635_1,GUT_GENOME001635_00279,347360,0.09235818465375643,0.12570272350277298,0.12273671973910513,0.00492622535471924,0.9959451259541415,0.099839641184838,1.6758724256164468e-06,-0.033344538849016545,-1.2507914712755355,0.022897078554267133,-0.14507377481240405,1.5855257047539388,0.4525926196956076,False
GUT_GENOME001635_1,GUT_GENOME001635_00279,347365,0.11486956361083485,0.14281634835806473,0.13880985441458876,0.005784819764005605,0.9628794531203565,0.11573397342905654,3.317053169846709e-05,-0.027946784747229877,-1.1064107451880425,0.02307588098553222,-0.1434982907996569,1.2447364965299825,0.5366719589810488,False
GUT_GENOME001635_1,GUT_GENOME001635_00279,347408,0.15243864836053958,0.1645413334079147,0.16076273171581135,0.006841564942214608,0.7370329177964929,0.14681872201900723,0.020768386885501935,-0.012102685047375134,-0.6826080717556858,0.013944009696804122,-0.22396205809891812,0.5161127830939187,0.772551665495022,False
GUT_GENOME001635_1,GUT_GENOME001635_00279,347610,0.18605999043237062,0.20669999635632308,0.20046401889697407,0.00784628617897802,0.7828561301348951,0.17292869805398123,0.00022460636709767474,-0.02064000592395246,-0.9109668601995955,0.027535320842992844,-0.1042047747578052,0.8407192554642342,0.6568105700408834,False
GUT_GENOME001635_1,GUT_GENOME001635_00279,347879,0.21872981505837624,0.21215447919652458,0.2108631026024169,0.007055186957656942,0.41042135040915295,0.19673280598157974,0.022598100121194873,0.006575335861851661,-0.18300283411455048,0.014130296620837146,-0.22232062588504203,0.08291649798787451,0.9593893899775433,False
GUT_GENOME001635_1,GUT_GENOME001635_00279,348121,0.21889546846779534,0.18718518316005078,0.18829558089769793,0.005832812106847938,0.14684929543939484,0.20227160872632444,0.9917148192344878,0.03171028530774456,0.4893142412352213,-0.013976027828626503,-0.46997422049173637,0.4603041946024156,0.7944127652764154,False
GUT_GENOME001635_1,GUT_GENOME001635_00279,348410,0.2527570073504292,0.2303366049287478,0.2299725613163806,0.007033235236873191,0.249755444588856,0.22534331060579424,0.2552059416087694,0.022420402421681418,0.24082570117490165,0.004629250710586369,-0.3060373059663374,0.15165585098951662,0.926975701721708,False
GUT_GENOME001635_1,GUT_GENOME001635_00279,348548,0.2620983430862147,0.22687840046455807,0.2275305613757233,0.006715071116674752,0.15187125874004853,0.22939490154354655,0.6093537990059958,0.03521994262165665,0.5831915949911437,-0.0018643401678232474,-0.36325436136021944,0.4720661675155351,0.7897545454525133,False
GUT_GENOME001635_1,GUT_GENOME001635_00279,348565,0.24840396581300178,0.22456368802406096,0.22490752401012237,0.006593392507015638,0.24666402450040842,0.23864698096637485,0.9814118234051084,0.023840277788940822,0.2788049482122579,-0.013739456956252477,-0.46788972071916696,0.2966529899022998,0.862149581499427,False
GUT_GENOME001635_1,GUT_GENOME001635_00279,348611,0.23753343019139184,0.223726453404715,0.22386539162575517,0.006457324356462326,0.34230026194366275,0.24280416735177565,0.998321014462931,0.013806976786676833,0.010431240102480921,-0.018938775726020485,-0.51370254071825,0.26399911111046087,0.8763413845646315,False
GUT_GENOME001635_1,GUT_GENOME001635_00279,348644,0.22372193355990205,0.19842683010435122,0.19861317946628612,0.006796779483116959,0.21821044105557202,0.24499971753480132,0.9999999999955971,0.025295103455550833,0.31771905621253665,-0.0463865380685152,-0.7555533391124454,0.6718062469245509,0.7146923393818267,False
GUT_GENOME001635_1,GUT_GENOME001635_00279,348650,0.20415580787056667,0.17084452593926222,0.17151006587001816,0.006718646248977858,0.12725978653359504,0.24950557109202243,1.0,0.03331128193130445,0.5321381733029473,-0.07799550522200427,-1.034069811497218,1.3524714105360895,0.508527641908931,False
GUT_GENOME001635_1,GUT_GENOME001635_00279,349184,0.19946234312189826,0.17273701848402065,0.1725587883790377,0.006663351594487596,0.1745724923235289,0.2522891792705941,1.0,0.026725324637877607,0.3559750361768151,-0.07973039089155637,-1.049356430459749,1.2278671445283107,0.5412177572913444,False
GUT_GENOME001635_1,GUT_GENOME001635_00279,349358,0.1924830270356515,0.17037924798516263,0.17145187021575256,0.0056477570072679855,0.2209129111862495,0.2597736644792537,1.0,0.02210377905048888,0.23235656542566163,-0.08832179426350115,-1.1250579663046039,1.319745001041861,0.51691723696878,False
GUT_GENOME001635_1,GUT_GENOME001635_00280,349548,0.19090404009267878,0.17102612542129444,0.17199316122524289,0.0056358530345515905,0.2501908103274113,0.26289663932142376,1.0,0.019877914671384334,0.1728184854821854,-0.09090347809618088,-1.1478059881048477,1.347324815253702,0.509837920035103,False
GUT_GENOME001635_1,GUT_GENOME001635_00280,349564,0.19430733846987527,0.17009095741646976,0.1711700173215852,0.005455518924961858,0.2185984788386468,0.28379956224103753,1.0,0.02421638105340551,0.2888650697708361,-0.11262954491945232,-1.3392411419657821,1.8770098648675222,0.3912122871542325,False
GUT_GENOME001635_1,GUT_GENOME001635_00280,349567,0.1899657408278431,0.17099006327926095,0.1718729617563336,0.005911611302844844,0.2662984865857433,0.2919888111970028,1.0,0.01897567754858215,0.1486851795855437,-0.12011584944066922,-1.405205307018146,1.9967092375003477,0.36848524135560196,False
GUT_GENOME001635_1,GUT_GENOME001635_00280,349575,0.1979405596070251,0.1776912854408104,0.17890086828267793,0.006457123019968494,0.25637491624652675,0.308357126765802,1.0,0.02024927416621472,0.18275171928499023,-0.1294562584831241,-1.4875065655345354,2.246073973409969,0.3252903903888799,False
GUT_GENOME001635_1,GUT_GENOME001635_00280,349775,0.18741249806252894,0.15002044091860775,0.1528095429374485,0.006063382025751606,0.09182685080712405,0.31807957860689995,1.0,0.03739205714392119,0.641291957837598,-0.16527003566945145,-1.8030729311254816,3.6623273701446153,0.16022700547189386,False
GUT_GENOME001635_1,GUT_GENOME001635_00280,349806,0.18242454168157143,0.15200693500261606,0.15491906543561867,0.00659707970351182,0.11102834706220549,0.33033568761834464,1.0,0.030417606678955378,0.45473729024729304,-0.17541662218272597,-1.8924776708849769,3.7882577379396776,0.15044933906500968,False
GUT_GENOME001635_1,GUT_GENOME001635_00280,349823,0.19047933641935785,0.15245995752520958,0.15649220458722202,0.006956652977151264,0.06935967861004541,0.3462324469723935,1.0,0.038019378894148276,0.6580717458902409,-0.1897402423851715,-2.0186875578196735,4.508157878834987,0.10497018312210266,False
GUT_GENOME001635_1,GUT_GENOME001635_00280,349835,0.19256553282582065,0.1566910521667397,0.15987885611372668,0.007139124480406908,0.08912767778051928,0.35450603253856905,1.0,0.03587448065908094,0.600699372358016,-0.19462717642484237,-2.061747858489952,4.611643967939218,0.09967683421082008,False
GUT_GENOME001635_1,GUT_GENOME001635_00280,349836,0.19999532732218786,0.15441578140343462,0.158685205739957,0.006841211854519198,0.03630752264035748,0.36110146105410984,1.0,0.04557954591875324,0.8602933335675831,-0.20241625531415283,-2.1303798629728314,5.278622980340964,0.0714104194100596,False
GUT_GENOME001635_1,GUT_GENOME001635_00280,349849,0.22463320558185823,0.1651074532895984,0.1712070261220735,0.007503892830295383,0.009247346799742893,0.38663457032391607,1.0,0.05952575229225984,1.2333305939545305,-0.21542754420184257,-2.245026389212729,6.561247842245779,0.03760478706533189,False
GUT_GENOME001635_1,GUT_GENOME001635_00280,349899,0.25768317598442575,0.19053850190659696,0.19789573767617655,0.008385873154329593,0.005153392052362584,0.4329107127529209,1.0,0.06714467407782879,1.4371237713873728,-0.23501497507674438,-2.4176173544241952,7.910198406699711,0.019156768039814618,False
GUT_GENOME001635_1,GUT_GENOME001635_00280,349916,0.29060387255773695,0.18565988473491996,0.20201564144428494,0.009836535229919055,0.00012918421798449256,0.47043236581505277,1.0,0.104943987822817,2.4481910155035713,-0.2684167243707678,-2.711930589642484,13.348206771431038,0.0012632046856057,False
GUT_GENOME001635_1,GUT_GENOME001635_00280,350066,0.30260978254323695,0.1915357828969525,0.20991520859885698,0.010040381681832328,7.73299262998036e-06,0.47622375030523284,1.0,0.11107399964628445,2.612158388101036,-0.26630854170637586,-2.693354734380337,14.077531169735579,0.0008772087339315533,False
GUT_GENOME001635_1,GUT_GENOME001635_00280,350128,0.33910530917492104,0.22138914289058864,0.2491529175411501,0.011639967063550144,2.6511397346718964e-06,0.49310243675258386,1.0,0.1177161662843324,2.789825029432114,-0.24394951921143376,-2.4963424105981704,14.014849125796982,0.0009051367118110939,False
GUT_GENOME001635_1,GUT_GENOME001635_00280,350264,0.35003681359801114,0.22872985354527167,0.2570251686253726,0.012239195798247587,5.234892797626603e-06,0.5076906719725649,1.0,0.12130696005273947,2.8858726451138756,-0.2506655033471923,-2.5555190423748617,14.858938499757087,0.0005935024298153442,False
GUT_GENOME001635_1,GUT_GENOME001635_00280,350303,0.3643799194398746,0.23112992033863544,0.2622217601661396,0.012661492479855707,4.571252482015602e-06,0.5143569100867882,1.0,0.13324999910123914,3.2053285923462442,-0.2521351499206486,-2.568468556900402,16.87116211269839,0.00021700697624432835,False
GUT_GENOME001635_1,GUT_GENOME001635_00280,350324,0.37286244855504314,0.24421627114454328,0.272346610401703,0.012916937423061412,1.0727243770612546e-05,0.5152952883862946,1.0,0.12864617741049986,3.082184205634321,-0.24294867798459158,-2.4875236862607455,15.687633567169918,0.0003921693549313236,False
GUT_GENOME001635_1,GUT_GENOME001635_00280,350325,0.3877064090141913,0.38811287267114036,0.3826627043368572,0.017299499495733915,0.5050351496129575,0.5276965008153517,1.0,-0.00040646365694907427,-0.36975407637438173,-0.14503379647849451,-1.6247651133966863,2.7765797507064187,0.24950161887037184,False
GUT_GENOME001635_1,GUT_GENOME001635_00280,350408,0.43410617546272867,0.3965092122074307,0.4007246002355171,0.017797471030342148,0.12124957761671534,0.5293309311541137,0.9999999999997514,0.03759696325529799,0.6467728472190826,-0.12860633091859658,-1.480017588564636,2.608767178360559,0.27133974025846985,False
GUT_GENOME001635_1,GUT_GENOME001635_00280,350409,0.4871240807867636,0.397615883625684,0.41510915942851623,0.017944716835851596,0.0027605279975814316,0.5319269487386515,0.9999999999623923,0.0895081971610796,2.035309913206135,-0.11681778931013531,-1.376145070130027,6.036261696838342,0.048892520538682545,False
GUT_GENOME001635_1,GUT_GENOME001635_00280,350410,0.5061534326763982,0.41197376956346465,0.4339961811238308,0.018091677276208636,0.0014676396030320997,0.5327620008723026,0.9999999760837909,0.09417966311293358,2.1602636686575787,-0.09876581974847182,-1.217083533652179,6.148031446009176,0.04623511415194926,False
GUT_GENOME001635_1,GUT_GENOME001635_00280,350435,0.5386176010085906,0.47244063070979037,0.4895102366690746,0.018378190633515937,0.021017043368602883,0.535409141222078,0.9937457753934563,0.06617697029880021,1.4112393439719946,-0.04589890455300344,-0.7512566480533094,2.5559830372187995,0.27859629437357514,False
GUT_GENOME001635_1,GUT_GENOME001635_00280,350447,0.6087029250566559,0.5056240352071476,0.5305695601899753,0.01749912576474081,0.0018203433502825184,0.5425175985225501,0.752626798845774,0.1030788898495083,2.398302822278636,-0.01194803833257485,-0.45210497225812774,5.956255333290192,0.05088802406802154,False
GUT_GENOME001635_1,GUT_GENOME001635_00280,350490,0.7015218460347971,0.5679496507403065,0.6003616905148922,0.017700969798249967,5.31421740680201e-05,0.5662310366422868,0.02691637776920447,0.1335721952944906,3.213946791591163,0.03413065387260539,-0.046091237523555574,10.331578381355582,0.005708555921710932,True
GUT_GENOME001635_1,GUT_GENOME001635_00280,350495,0.7915163585222611,0.6248751326948104,0.6585493113930309,0.016164863161783536,5.731964579880741e-09,0.5925101282369591,2.2004864023604303e-05,0.16664122582745067,4.0984870187530245,0.06603918315607171,0.23506477025939032,16.852851289104155,0.0002190028872264893,True
GUT_GENOME001635_1,GUT_GENOME001635_00280,350496,0.8641304868829328,0.6892827562060522,0.7263224779126873,0.016107246171378074,6.404047128280711e-15,0.6058823888780666,3.790788515874719e-14,0.17484773067688064,4.317997042080883,0.12044008903462078,0.7144081264106861,19.15547742650088,6.925337253263213e-05,True
GUT_GENOME001635_1,GUT_GENOME001635_00280,350498,0.8205516315094155,0.7030072387591301,0.7300006923116859,0.016949570864365646,0.00048070657917100387,0.610358627050942,8.402911993518215e-13,0.11754439275028539,2.785230380046342,0.11964206526074384,0.7073764899355013,8.25788976844656,0.01609985707720626,True
GUT_GENOME001635_1,GUT_GENOME001635_00280,350499,0.8457837876473911,0.727038762152146,0.7552574704409462,0.01887600431582324,0.0006025032467261054,0.6165563050531303,1.005858631189327e-13,0.11874502549524513,2.8173452604600917,0.13870116538781585,0.8753121680753145,8.70360570821765,0.012883564443184161,True
GUT_GENOME001635_1,GUT_GENOME001635_00280,350516,0.8473111120902156,0.7151013233983217,0.7485021957095035,0.021372705429616716,0.00010491152030773465,0.6141155695351419,1.6103073469185038e-10,0.13220978869189393,3.1775047360991957,0.1343866261743616,0.8372954168204603,10.797599962961367,0.004522004176727672,True
GUT_GENOME001635_1,GUT_GENOME001635_00280,350528,0.8170960012017118,0.7110505381506179,0.7355566757679645,0.02197367382822414,0.001903766267336331,0.6076047450342542,2.890635576397196e-09,0.10604546305109386,2.477653601280378,0.12795193073371025,0.7805973075055291,6.748099524422508,0.03425064911429673,True
GUT_GENOME001635_1,GUT_GENOME001635_00280,350642,0.7999462453120794,0.7253452565029342,0.7403367730912586,0.02068237049438092,0.023938231112534795,0.5992921080241985,4.565990662228038e-12,0.07460098880914512,1.636567487152043,0.14104466506706004,0.8959614749801714,3.481100104651797,0.17542388176003926,False
GUT_GENOME001635_1,GUT_GENOME001635_00280,350649,0.7885025738875181,0.72381733352448,0.7402573113364916,0.020108540936314846,0.04194800941477659,0.595347881332075,2.873320318252954e-13,0.06468524036303813,1.371338109645576,0.1449094300044167,0.9300151247474058,2.745496343225234,0.25340958870627545,False
GUT_GENOME001635_1,GUT_GENOME001635_00280,350654,0.8185104834671101,0.7281556808832144,0.7524432419318144,0.01946000038156604,0.005086900778720282,0.5920091368433881,8.306408215834996e-17,0.09035480258389572,2.0579551659076873,0.16043410508842637,1.0668078810029948,5.373258519856237,0.06811013443570459,False
GUT_GENOME001635_1,GUT_GENOME001635_00280,350657,0.8263657764517119,0.7339223871215715,0.7596773932409835,0.019066095031225843,0.004739013508159473,0.5916056590967012,5.972759808707554e-19,0.0924433893301404,2.113821303051598,0.16807173414428234,1.134105413747137,5.754435590725321,0.056291158693365255,False
GUT_GENOME001635_1,GUT_GENOME001635_00280,350688,0.8231551332161194,0.7364038828945673,0.7615890483777521,0.018780615140936936,0.0063969862413434065,0.5925763273050445,1.1356245251321706e-19,0.08675125032155218,1.9615662822497275,0.1690127210727076,1.1423967431851585,5.152812598499074,0.07604680300332571,False
GUT_GENOME001635_1,GUT_GENOME001635_00280,350708,0.8240920642976372,0.7428080131493872,0.7649158797134893,0.018118916928372374,0.009481776657245188,0.5930921895249651,1.234070250146784e-21,0.08128405114824999,1.8153280188125267,0.17182369018852417,1.1671650691579152,4.657690114548214,0.09740818302092656,False
GUT_GENOME001635_1,GUT_GENOME001635_00280,350717,0.8212426729303753,0.7740959550654241,0.7855084437290833,0.015877772700371093,0.08469010056154475,0.5958654120491231,3.4921015711662774e-33,0.04714671786495128,0.9022125131428674,0.18964303167996022,1.3241768471231612,2.5674317413286047,0.27700606695658686,False
GUT_GENOME001635_1,GUT_GENOME001635_00280,350798,0.8195985332081434,0.7681461234248952,0.7787982524787522,0.01493619612431011,0.06564706703510528,0.5951023980905183,4.601953851540246e-35,0.051452409783248165,1.0173824363646355,0.18369585438823388,1.271774412336373,2.6524771776967686,0.2654739423082514,False
GUT_GENOME001635_1,GUT_GENOME001635_00280,350838,0.821252249686944,0.7682119475719855,0.779567566293142,0.014801400277871203,0.056523457566035586,0.5889907278155581,3.0880556937919706e-38,0.05304030211495847,1.0598558509511227,0.1905768384775839,1.3324049101883082,2.898597269489242,0.2347348652514145,False
GUT_GENOME001635_1,GUT_GENOME001635_00280,350853,0.8197113800215805,0.7714875065303461,0.7806106880670972,0.01415652379315977,0.07236749364688311,0.5871722823978126,8.299255647488732e-43,0.04822387349123436,0.9310245909995636,0.1934384056692846,1.3576190715955565,2.7099363326058854,0.25795550599855527,False
GUT_GENOME001635_1,GUT_GENOME001635_00281,350934,0.8204425577900454,0.7810418526902116,0.7860441884506042,0.012614240098874479,0.11848938619070704,0.5794053583174392,1.2986208769845854e-60,0.03940070509983373,0.6950198685315694,0.20663883013316497,1.4739321304123418,2.655528542715505,0.2650692221734999,False
GUT_GENOME001635_1,GUT_GENOME001635_00281,350950,0.8204657597441123,0.7806089994126411,0.7854645409051616,0.012682964124029306,0.11839541664470715,0.576629412837749,3.2302395910244375e-61,0.03985676033147123,0.7072185689981259,0.20883512806741256,1.4932843968113747,2.730056394096068,0.25537347510841213,False
GUT_GENOME001635_1,GUT_GENOME001635_00281,350956,0.8208359546401384,0.7923728839388328,0.7958708698449386,0.011929832576188189,0.20513236436842208,0.5818988196538959,3.0937919375221353e-72,0.028463070701305604,0.40245678278145747,0.2139720501910427,1.5385474204920089,2.5290996271094155,0.28236638505068057,False
GUT_GENOME001635_1,GUT_GENOME001635_00281,351027,0.8006221534454132,0.7879195608702125,0.7896647418186358,0.013617107887486725,0.36145089330019586,0.5866594885555358,1.459635678356203e-50,0.012702592575200677,-0.019109156018882217,0.20300525326309993,1.4419155508425248,2.0794856156052557,0.3535455994362365,False
GUT_GENOME001635_1,GUT_GENOME001635_00281,351067,0.805313871660811,0.7875145615898644,0.7900907716118076,0.013714048148107328,0.312364293197949,0.5854239791344629,1.1523850115748058e-50,0.017799310070946595,0.11721935373206234,0.20466679247734476,1.4565558913013985,2.135295441374174,0.34381631897334836,False
GUT_GENOME001635_1,GUT_GENOME001635_00281,351072,0.8069502281647396,0.7867952667420137,0.7898980538283084,0.01375056451466027,0.2905505458391908,0.5843341515130231,7.847535108708688e-51,0.02015496142272588,0.18022901407696404,0.2055639023152852,1.4644606060043992,2.1771273640539266,0.33669975447445794,False
GUT_GENOME001635_1,GUT_GENOME001635_00281,351081,0.8071306889615412,0.7891884040437392,0.791720892063043,0.012760582256280026,0.3119746625542227,0.5836678230599059,4.595162974378816e-60,0.01794228491780192,0.12104368729968211,0.20805306900313703,1.4863934303738804,2.2240170040937346,0.3288977055161746,False
GUT_GENOME001635_1,GUT_GENOME001635_00281,351085,0.8064210037470034,0.7743926057948571,0.7796144129686101,0.013389963723530483,0.18710293616933887,0.5852645577776254,4.8969617220080663e-48,0.03202839795214629,0.4978232125055377,0.1943498551909847,1.3656501377265065,2.11282824958176,0.3477003877474125,False
GUT_GENOME001635_1,GUT_GENOME001635_00281,351093,0.7991524847276272,0.7827501025553315,0.7858857254898792,0.012883728168001327,0.32271091168677096,0.585394073073355,6.63509904531885e-55,0.016402382172295726,0.07985391238446027,0.20049165241652422,1.4197674294764533,2.022116201125281,0.3638338030779828,False
GUT_GENOME001635_1,GUT_GENOME001635_00281,351121,0.7997707351242883,0.7869947459367745,0.7895606596187581,0.01259485012755944,0.3571166122819356,0.5877304884815542,4.287131787198752e-58,0.01277598918751377,-0.0171459216850657,0.20183017113720392,1.4315615355759794,2.0496624127710867,0.35885703306977546,False
GUT_GENOME001635_1,GUT_GENOME001635_00281,351185,0.8110049291807221,0.7967064063846577,0.7999269951102055,0.01510216420836255,0.336918790012259,0.6019575217196519,1.4682801131410509e-39,0.014298522796064361,0.023579258408333314,0.1979694733905536,1.3975437230951246,1.9536844393896695,0.3764981220405125,False
GUT_GENOME001635_1,GUT_GENOME001635_00281,351189,0.8107385823915754,0.7933958657494663,0.7971120865651191,0.01569961837345806,0.30715702446794246,0.6051067077553457,1.0754973339312105e-34,0.01734271664210907,0.10500625740732991,0.19200537880977342,1.344992224795862,1.8200303988560167,0.402518105942167,False
GUT_GENOME001635_1,GUT_GENOME001635_00281,351252,0.8720604911246262,0.7875409699250258,0.808724876144848,0.014859616903964352,7.5153106927295e-06,0.6054494978223867,6.7105501531323e-43,0.08451952119960049,1.9018713304268329,0.20327537832246134,1.444295707026393,5.7031046468344,0.05775459743890503,False
GUT_GENOME001635_1,GUT_GENOME001635_00281,351309,0.8729138226558787,0.8411295562368246,0.847626426459682,0.01172865703130494,0.05227467236366503,0.6098101785144361,1.0366215792188135e-91,0.031784266419054075,0.49129310992138325,0.23781624794524592,1.748646086895683,3.2991320570718092,0.19213327088789187,False
GUT_GENOME001635_1,GUT_GENOME001635_00281,351318,0.8668193120120367,0.8506085771445129,0.8516845772842202,0.011283822836167275,0.20830893139610301,0.611400326543336,6.372387238347973e-101,0.01621073486752378,0.07472767349067186,0.24028425074088422,1.7703924296072027,3.1398735799958226,0.2080583333090633,False
GUT_GENOME001635_1,GUT_GENOME001635_00281,351336,0.8933580154120867,0.8559535817374438,0.8637696289594429,0.010598302063926675,0.011457336512620958,0.610215442843586,8.610109093207876e-127,0.037404433674642856,0.6416230089485494,0.2535541861158569,1.8873179707507806,3.9736492083310346,0.1371301774195748,False
GUT_GENOME001635_1,GUT_GENOME001635_00281,351337,0.9058976614132179,0.8597836379656314,0.8708200596596042,0.010391540457014166,0.0009365641450096421,0.6141289239075719,5.0976991055506173e-135,0.04611402344758653,0.8745896968763259,0.2566911357520323,1.914958612802567,4.431973626628956,0.10904585323667826,False
GUT_GENOME001635_1,GUT_GENOME001635_00281,351339,0.9102739903394375,0.862397001219074,0.8747742505683118,0.010879898103421892,0.0006016276596801886,0.6158220557843269,1.6314711928510776e-125,0.04787698912036342,0.9217460250644887,0.2589521947839849,1.9348815094405756,4.593382190297225,0.10059114016265494,False
GUT_GENOME001635_1,GUT_GENOME001635_00281,351346,0.915089592837841,0.8594634968446324,0.8749740886821429,0.011238141552060828,5.552722156183898e-05,0.6170755990433272,7.625915213160304e-117,0.05562609599320856,1.1290214317860787,0.2578984896388157,1.925596984623895,4.982613140624924,0.08280170961230593,False
GUT_GENOME001635_1,GUT_GENOME001635_00281,351396,0.911922905440385,0.8558304891764813,0.8719914523218977,0.011525764089157418,6.44993215704288e-05,0.6192973441405445,7.621093277904006e-107,0.05609241626390371,1.1414947045589154,0.2526941081813532,1.8797395557038494,4.836430957813751,0.08908044163177206,False
GUT_GENOME001635_1,GUT_GENOME001635_00281,351427,0.8869915174590122,0.8521875519651368,0.8622160107355615,0.01253488915306407,0.04593568205510753,0.6255168099620034,7.835096093941737e-80,0.03480396549387532,0.5720649155218107,0.2366992007735581,1.7388034357190363,3.3506956556393015,0.18724303981563586,False
GUT_GENOME001635_1,GUT_GENOME001635_00281,351469,0.8880654905047615,0.8484225872591756,0.8602134343529526,0.012927611908096551,0.0265121168050797,0.6323552170177831,7.820943149171783e-70,0.03964290324558584,0.7014982562982812,0.22785821733516953,1.6609027720334664,3.250697821737982,0.1968429825649852,False
GUT_GENOME001635_1,GUT_GENOME001635_00281,351477,0.8880440617722496,0.8518958035079665,0.8641996106733184,0.013391452057937065,0.03759570686408666,0.6378635974196125,2.1919556523010608e-64,0.03614825826428314,0.6080224568632001,0.2263360132537059,1.647490156905605,3.083915125150817,0.21396184749773395,False
GUT_GENOME001635_1,GUT_GENOME001635_00281,351478,0.8878590139222442,0.8745336366739,0.8784642734361894,0.01360163066815022,0.2586495068463158,0.641151959941923,1.8031151124930272e-68,0.01332537724834415,-0.0024507270484232747,0.2373123134942664,1.7442057632078376,3.0422597504705013,0.21846490936069934,False
GUT_GENOME001635_1,GUT_GENOME001635_00281,351489,0.8756568897905231,0.8717777020298761,0.872150057798569,0.014017634095904157,0.4271558956581242,0.6432314512317752,2.981880068794889e-60,0.003879187760646996,-0.2551202024034274,0.22891860656679386,1.6702461924215066,2.8548086609729064,0.23993089598747244,False
GUT_GENOME001635_1,GUT_GENOME001635_00281,351492,0.8748975398290926,0.867185838010025,0.870604839523777,0.013922623810852594,0.3564405951816057,0.6442521993049104,9.817501458044653e-60,0.007711701819067551,-0.15260698078184087,0.22635264021886659,1.6476366622836687,2.7379954614846174,0.25436177081994477,False
GUT_GENOME001635_1,GUT_GENOME001635_00281,351493,0.8734871673899217,0.8836734119392403,0.879756161333239,0.015757178789415217,0.6857851637325874,0.6459072167731598,3.9906642512910804e-50,-0.010186244549318602,-0.6313465534658306,0.2338489445600792,1.7136889388702112,3.3353282497792933,0.18868730124149105,False
GUT_GENOME001635_1,GUT_GENOME001635_00281,351517,0.8710330165315553,0.8617380247671409,0.8653265330899147,0.01562018527514555,0.33108823754334227,0.6446444544373676,1.2763435234629982e-45,0.009294991764414395,-0.11025667218950641,0.22068207865254708,1.5976715749645265,2.564710995211935,0.27738315497910954,False
GUT_GENOME001635_1,GUT_GENOME001635_00281,351540,0.8722124849558609,0.8844076096277494,0.8784201731862726,0.014880940298124597,0.7156622509076991,0.6417183419777112,2.861595640357371e-57,-0.012195124671888546,-0.6850806742223459,0.23670183120856148,1.7388266133026131,3.4928535213223793,0.17439599004005532,False
GUT_GENOME001635_1,GUT_GENOME001635_00281,351564,0.8966611039462946,0.8787483497273657,0.8876531920105292,0.013873811219040941,0.15008726420218443,0.6365756615684142,1.6755578440373914e-73,0.017912754218928906,0.12025379141618017,0.251077530442115,1.8654953848303741,3.4945340051733917,0.17424951676269537,False
GUT_GENOME001635_1,GUT_GENOME001635_00281,351574,0.8980215680653506,0.8779772627225733,0.8878392925390043,0.013891109442785422,0.12272663326769945,0.6338555499973656,5.55856149124114e-75,0.020044305342777347,0.1772691524627277,0.2539837425416387,1.8911029264507884,3.6076946308455895,0.16466415305569435,False
GUT_GENOME001635_1,GUT_GENOME001635_00281,351585,0.8969885489144749,0.8519290153616785,0.869809145918123,0.014476714355495952,0.004124902249139792,0.631398174891587,3.0849390958767374e-61,0.04505953355279635,0.846383888721535,0.23841097102653597,1.7538863775335385,3.7924831123851055,0.15013182219372137,False
GUT_GENOME001635_1,GUT_GENOME001635_00281,351586,0.8977277989823115,0.8387161894194024,0.8671661671840859,0.01589455919438048,0.0002755596307046098,0.6291515238446507,5.380782825896947e-51,0.05901160956290907,1.2195781518876163,0.23801464333943523,1.7503942106182544,4.551250761127516,0.10273264134452582,False
GUT_GENOME001635_1,GUT_GENOME001635_00281,351601,0.897355070273102,0.8392310217307745,0.8671484274647865,0.015799961427459958,0.00028044874533655407,0.6299174387950243,2.943315033311736e-51,0.058124048542327555,1.1958374067217519,0.23723098866976222,1.7434891848037337,4.4697816408425926,0.10700381184648239,False
GUT_GENOME001635_1,GUT_GENOME001635_00281,351603,0.904051892862358,0.8266357736526914,0.8683421190178108,0.01651823751537168,1.7480240196993098e-06,0.6285742186586497,4.843522653170776e-48,0.07741611920966662,1.7118674292379068,0.23976790035916107,1.7658427052794912,6.0486905550743915,0.04858962357604632,True
GUT_GENOME001635_1,GUT_GENOME001635_00281,351640,0.9036482615827703,0.8279551155711322,0.86866342733066,0.016404277228187856,3.700528317639511e-06,0.6252233254205493,4.0354950299194473e-50,0.07569314601163812,1.6657808316142204,0.24344010191011078,1.7981996189644582,6.008347648617287,0.0495796989544485,True
GUT_GENOME001635_1,GUT_GENOME001635_00281,351708,0.9035545870823064,0.8286166681054264,0.868451222124945,0.016399623611107302,6.214126277192588e-06,0.6239389877327577,1.4267580822175011e-50,0.07493791897687996,1.6455797951121693,0.24451223439218728,1.807646512796423,5.975518777306478,0.05040023764923968,False
GUT_GENOME001635_1,GUT_GENOME001635_00282,351742,0.9052395771431009,0.8365013591030479,0.870850030689363,0.015597775719049205,3.159532603668517e-05,0.6239723172590337,1.001255894448002e-56,0.06873821804005298,1.4797483574614427,0.24687771343032927,1.8284894866906432,5.53302900434805,0.06288079409686287,False
GUT_GENOME001635_1,GUT_GENOME001635_00282,351765,0.9064218711879859,0.8364473382205742,0.8715439387143326,0.015656404708297506,2.6887727388158497e-05,0.6227169876048991,3.543738912294653e-57,0.06997453296741174,1.5128176754627536,0.24882695110943343,1.8456648280925734,5.695095976850517,0.057986329851833524,False
GUT_GENOME001635_1,GUT_GENOME001635_00282,351769,0.9072980683927715,0.8461793381137218,0.8741907731679847,0.014806207930558186,0.00022362115448372653,0.6220839200272662,2.5849813294232156e-65,0.06111873027904968,1.2759400411499817,0.25210685314071846,1.8745650683024253,5.142017183909493,0.0764583912036482,False
GUT_GENOME001635_1,GUT_GENOME001635_00282,351799,0.9146782248063032,0.85844210416749,0.883096816949568,0.014732209335663042,0.0005429989902761173,0.6208397452327705,3.4331954447030465e-71,0.056236120638813225,1.1453385517590902,0.26225707171679746,1.9640018113005864,5.169103512937594,0.07542988298159435,False
GUT_GENOME001635_1,GUT_GENOME001635_00282,351836,0.9161212069082404,0.857659410077913,0.8833504720019311,0.014439894519195211,0.00034094346530360236,0.623115728307784,6.554675398472832e-73,0.05846179683032737,1.2048715980051379,0.2602347436941471,1.9461824480756391,5.2393416888771425,0.07282683023891019,False
GUT_GENOME001635_1,GUT_GENOME001635_00282,351841,0.9198693001174925,0.8656946613745516,0.8883842024231334,0.015440973258373918,0.0008949921336072826,0.62461629921665,1.0045472836542014e-65,0.05417463874294082,1.0901974231841962,0.26376790320648347,1.9773142189737591,5.0983019420732685,0.0781479877476538,False
GUT_GENOME001635_1,GUT_GENOME001635_00282,351850,0.9199613750941957,0.8714398604470819,0.8892723743501592,0.015806141978689382,0.0028981929343479774,0.6252120022277284,5.907606259168738e-63,0.04852151464711385,0.9389859848291153,0.2640603721224307,1.9798912538498523,4.8016640567766435,0.09064250476895329,False
GUT_GENOME001635_1,GUT_GENOME001635_00282,351895,0.9216911117062409,0.8744908604360613,0.890217146430631,0.015714468563439693,0.0032000221637916663,0.627641791519953,5.62167765668847e-63,0.04720025127017957,0.9036444405280437,0.26257535491067796,1.9668063038342554,4.684900311699407,0.09609190940829933,False
GUT_GENOME001635_1,GUT_GENOME001635_00282,351896,0.931882312447678,0.8697159237216548,0.8939088480653838,0.015679284163960236,0.0001390941064714857,0.6312298418205915,2.680662457747191e-63,0.0621663887260232,1.3039631197143915,0.26267900624479235,1.9677196080809691,5.5722402736016114,0.061659982718142776,False
GUT_GENOME001635_1,GUT_GENOME001635_00282,351920,0.9665779207839268,0.8683615534896281,0.9126382553352312,0.013583950900289831,3.23516164527903e-32,0.635804537201582,1.2719770287992662e-92,0.09821636729429872,2.268238628189915,0.2768337181336492,2.09244119116098,9.523216612880049,0.0085518443449198,True
GUT_GENOME001635_1,GUT_GENOME001635_00282,351954,0.9406931322205606,0.87129522978277,0.8999337117048227,0.014908114436908008,1.4369582049187897e-05,0.6396880501059533,1.5321082605256537e-68,0.06939790243779065,1.497393791198861,0.2602456615988694,1.946278649140809,6.0301887460222705,0.04904120710223892,True
GUT_GENOME001635_1,GUT_GENOME001635_00282,351956,0.9459198900993445,0.8799860548838963,0.9054892866166744,0.014274995066624527,2.8620702737650603e-05,0.6455823547575689,2.2647202875647688e-74,0.06593383521544827,1.4047358947207444,0.2599069318591055,1.943293995711523,5.749674487685347,0.05642532232511426,False
GUT_GENOME001635_1,GUT_GENOME001635_00282,351959,0.9506788399319651,0.8968182768561838,0.9160844980480697,0.013465593641113613,0.0005360935158149364,0.65098063912989,1.3799222462284035e-86,0.053860563075781354,1.0817964341773263,0.26510385891817967,1.9890857416014083,5.126745612440803,0.07704444574241466,False
GUT_GENOME001635_1,GUT_GENOME001635_00282,351982,0.9669178520328346,0.8982497150426425,0.9232396821782867,0.013343550314126845,3.1354066805224954e-06,0.6528071692679168,1.259992849230417e-91,0.06866813699019214,1.4778738087745116,0.27043251291036985,2.036038174601106,6.3295624430946855,0.04222337836907557,True
GUT_GENOME001635_1,GUT_GENOME001635_00282,351989,0.9666482131982744,0.8785575456282727,0.9182808370124211,0.014475239699677074,4.043833758332948e-09,0.6546680958513463,2.099798017819607e-74,0.08809066757000172,1.9973934116851435,0.2636127411610748,1.97594703777719,7.893947137143669,0.019313063078675478,True
GUT_GENOME001635_1,GUT_GENOME001635_00282,352009,0.9678804373475041,0.8837484059438212,0.921429248677668,0.014285859334198526,3.3658558069754227e-09,0.6572557280456761,1.1984405817543061e-76,0.08413203140368286,1.8915066385510833,0.26417352063199184,1.9808882406727857,7.501715585718543,0.02349758115135393,True
GUT_GENOME001635_1,GUT_GENOME001635_00282,352016,0.9320820536172892,0.9067600605598308,0.9241930661243896,0.015466072244158068,0.12820410062348475,0.6584665906991,1.8345507312968841e-66,0.025321993057458414,0.3184383072518412,0.2657264754252896,1.9945718099176153,4.079719660443449,0.13004693825143276,False
GUT_GENOME001635_1,GUT_GENOME001635_00282,352022,0.9315671497470412,0.947283307393045,0.9411705357435793,0.01261772763909258,0.7553988522690951,0.6586674394965377,2.497452615986754e-111,-0.01571615764600376,-0.7792623075080282,0.2825030962470416,2.142395850707114,5.1971097250297955,0.07438099134103832,False
GUT_GENOME001635_1,GUT_GENOME001635_00282,352030,0.9288317893577063,0.9439210734036687,0.9383776393981835,0.012929473492162738,0.7409335813347748,0.6546251719132854,4.710264884557522e-107,-0.015089284045962437,-0.7624945067093426,0.28375246748489813,2.153404450519221,5.218548600277913,0.07358792713905929,False
GUT_GENOME001635_1,GUT_GENOME001635_00282,352042,0.9279399036462107,0.940514799214076,0.936495481200553,0.013117602382775118,0.7048378563779789,0.6507438343340637,1.651300272397502e-105,-0.012574895567865285,-0.6952388986753402,0.28575164686648935,2.171019843844836,5.196684288599356,0.07439681521571616,False
GUT_GENOME001635_1,GUT_GENOME001635_00282,352054,0.9156404026809064,0.9323209271491489,0.9271930319852749,0.013960652886887772,0.7539381060127995,0.647235282586432,9.436510513080208e-90,-0.01668052446824253,-0.805057477014441,0.2799577493988429,2.1199680054151884,5.142381885280909,0.07644445023469532,False
GUT_GENOME001635_1,GUT_GENOME001635_00282,352067,0.9127216421674648,0.9377267374602553,0.9286508180212463,0.013578925311029692,0.8505281479267206,0.6455000122784341,7.274859559979976e-97,-0.02500509529279049,-1.027725564028105,0.28315080574281215,2.1481030211760554,5.670566424542583,0.05870189838146439,False
GUT_GENOME001635_1,GUT_GENOME001635_00282,352073,0.908874861139189,0.9333519004760958,0.9240963742428795,0.014289972466327313,0.8477336387778072,0.6444977544624181,1.5050551412074336e-85,-0.024477039336906814,-1.0136009668553523,0.2795986197804614,2.116803602290126,5.508244410678559,0.06366487983990389,False
GUT_GENOME001635_1,GUT_GENOME001635_00282,352076,0.9064714456724061,0.9377985222118709,0.9236870980742617,0.014500569112498788,0.9056089647021535,0.6440099248895024,3.4317631968539444e-83,-0.03132707653946476,-1.196827791638699,0.2796771731847594,2.11749576084604,5.916185060039714,0.05191785453165921,False
GUT_GENOME001635_1,GUT_GENOME001635_00282,352096,0.8872805795752735,0.9380649383845818,0.914155230560744,0.01534390995926689,0.9775970245519531,0.6406520798101931,2.2658453669875607e-71,-0.050784358809308316,-1.7172769430514034,0.27350315075055087,2.0630945227274324,7.205399108843905,0.027250060044104032,False
GUT_GENOME001635_1,GUT_GENOME001635_00282,352162,0.866964489375635,0.9165354790390787,0.8953250224476796,0.01588151687400697,0.9686805828331128,0.6406208794783004,3.480366974639055e-58,-0.049570989663443754,-1.6848213856124123,0.25470414296937927,1.8974505994027229,6.438941878590681,0.03997620250473312,False
GUT_GENOME001635_1,GUT_GENOME001635_00282,352182,0.8489968987220426,0.8713782738812336,0.8622148780155544,0.017244686878573813,0.7958994237421271,0.63969751351888,2.1496604663011554e-38,-0.02238137515919092,-0.9575455204773823,0.22251736449667436,1.6138428511926275,3.52138217213185,0.17192600708979502,False
GUT_GENOME001635_1,GUT_GENOME001635_00282,352185,0.8329036033490257,0.8439970172537026,0.8395135835059457,0.01596211972069692,0.6594290365141732,0.6384646293958769,1.119404051322954e-36,-0.011093413904676885,-0.6556117881803201,0.20104895411006884,1.4246779885904663,2.4595341879751738,0.2923606623079367,False
GUT_GENOME001635_1,GUT_GENOME001635_00282,352193,0.8195260016418134,0.8278766006664927,0.82499493248294,0.017133829252235524,0.6194136362095986,0.6377162790948847,4.12673230708841e-28,-0.008350599024679273,-0.5822461630647641,0.18727865338805527,1.3033435722474964,2.037715061722505,0.36100714418416,False
GUT_GENOME001635_1,GUT_GENOME001635_00282,352228,0.8064531334089639,0.8058162053980717,0.8077991711841475,0.016927075095045475,0.49073952603189075,0.6361691566202826,1.8472200293164818e-24,0.0006369280108921016,-0.3418451268824652,0.17163001456386484,1.1654585327973597,1.4751516824434632,0.4782719184319515,False
GUT_GENOME001635_1,GUT_GENOME001635_00282,352273,0.8072546494540289,0.795918396580158,0.8032458429040191,0.01774743571927113,0.3424979623657426,0.6352221096306199,1.4331944829907697e-21,0.011336252873870967,-0.05565641520115104,0.16802373327339926,1.1336824630963032,1.2883335636851436,0.5250998826379325,False
GUT_GENOME001635_1,GUT_GENOME001635_00282,352285,0.8047732392844515,0.7969936842807832,0.801641715378947,0.017702199669982266,0.39053796291843235,0.6350017752468633,2.3990601786483462e-21,0.007779555003668337,-0.15079202369500963,0.16663994013208372,1.1214894299497928,1.2804767758991478,0.5271667388647663,False
GUT_GENOME001635_1,GUT_GENOME001635_00282,352292,0.8020098220314176,0.7903119709101093,0.7970383661589978,0.017985651667323622,0.33781559475105327,0.6352122724100949,1.154466372398371e-19,0.011697851121308278,-0.045984278135906984,0.1618260937489029,1.0790731274260412,1.1665133681686979,0.5580779203841773,False
GUT_GENOME001635_1,GUT_GENOME001635_00282,352303,0.8001458865989013,0.7985186432851273,0.8004808151057772,0.017328453686780546,0.4767678062183567,0.635021601902192,6.584979677235135e-22,0.0016272433137739517,-0.3153558797271882,0.16545921320358514,1.1110856765661954,1.3339607115490688,0.5132560909322597,False
GUT_GENOME001635_1,GUT_GENOME001635_00282,352324,0.79931720850079,0.7925255581551455,0.796782544483886,0.016900235301258396,0.4033937133086691,0.6356692667425679,7.625607486845505e-22,0.006791650345644551,-0.17721679020734082,0.16111327774131812,1.0727922831666301,1.1822890735532638,0.5536931997068737,False
GUT_GENOME001635_1,GUT_GENOME001635_00282,352326,0.7995712589784446,0.8125554590900507,0.8097517877376944,0.014487408976128692,0.6800148986948349,0.6360255645231655,1.9677994923684484e-33,-0.012984200111606059,-0.7061870978896471,0.1737262232145289,1.1839288812883562,1.9003878131745005,0.38666603909270925,False
GUT_GENOME001635_1,GUT_GENOME001635_00282,352357,0.826348902989882,0.8130417334461558,0.818273714688963,0.014209430107667348,0.3030191437372821,0.6309976395915406,5.742067038903049e-40,0.013307169543726127,-0.002937752126550971,0.1872760750974224,1.3033208541242383,1.698653879182691,0.4277027048508989,False
GUT_GENOME001635_1,GUT_GENOME001635_00282,352358,0.82513491201172,0.805835372253497,0.8149409590173309,0.014889990118869509,0.22714472650825113,0.6308929202080733,2.1368830428377177e-35,0.01929953975822296,0.15734794193049065,0.18404803880925757,1.2748776191604392,1.6500713186659508,0.43821936557605534,False
GUT_GENOME001635_1,GUT_GENOME001635_00282,352372,0.823197237094204,0.8032685658640935,0.8146686051692152,0.016089292768640462,0.2189214965351335,0.6334606320636802,1.0032367028458328e-29,0.01992867123011055,0.1741761369543353,0.18120797310553505,1.2498529140727734,1.592469633500539,0.45102395898724223,False
GUT_GENOME001635_1,GUT_GENOME001635_00282,352408,0.8228927997951013,0.8061467760447096,0.8157716425285093,0.01588266342437839,0.2591071176402787,0.6337600850808603,1.0504453882729647e-30,0.016746023750391692,0.0890457391375398,0.18201155744764896,1.2569335464497318,1.5878110838492507,0.45207574221122704,False
GUT_GENOME001635_1,GUT_GENOME001635_00282,352446,0.8213458634903633,0.7910397862405348,0.8052785193319151,0.015636264088571883,0.12249345670980077,0.6334913541083296,2.2200427316679435e-28,0.030306077249828478,0.4517540680304574,0.1717871652235855,1.16684323629513,1.5656048760697598,0.45712315526559644,False
GUT_GENOME001635_1,GUT_GENOME001635_00282,352450,0.7949034959550143,0.795624800538477,0.7973777635602048,0.015650871096138254,0.5103907696126699,0.6321716980077995,2.3900449624607355e-26,-0.0007213045834626453,-0.3781755347652043,0.16520606555240536,1.1088551136231952,1.3725763981032575,0.5034412790975886,False
GUT_GENOME001635_1,GUT_GENOME001635_00282,352480,0.8297751284193848,0.7849922952200128,0.8054303118753069,0.015753371249252364,0.03247781254194519,0.6324547704555984,2.378719538716491e-28,0.04478283319937204,0.8389826256808857,0.1729755414197085,1.1773143897625307,2.089961018536313,0.3516986741758123,False
GUT_GENOME001635_1,GUT_GENOME001635_00282,352488,0.8275091055282909,0.824938564592459,0.8287855250372538,0.014288064533223366,0.4572879524864581,0.6316772178912524,1.3598694791811198e-43,0.0025705409358319775,-0.2901242754300857,0.19710830714600136,1.3899557186087759,2.0161489948870708,0.36492095976324185,False
GUT_GENOME001635_1,GUT_GENOME001635_00282,352493,0.8303396447755562,0.8262591034989484,0.8282633564788733,0.014231813428220002,0.4330574547797287,0.6288208924755617,6.413172966352824e-45,0.004080541276607841,-0.24973433889677496,0.19944246400331156,1.410522702994376,2.0519415356867703,0.3584483263434589,False
GUT_GENOME001635_1,GUT_GENOME001635_00282,352495,0.8064853597514252,0.8196247988706976,0.8134505458456175,0.014619261163305784,0.7003866963240247,0.6282757999040012,4.534019975707244e-37,-0.0131394391192724,-0.7103394768645525,0.18517474594161631,1.284805387264709,2.1553070555366247,0.3403933127424591,False
GUT_GENOME001635_1,GUT_GENOME001635_00282,352514,0.8213683038227663,0.8067804710308821,0.8133424660129772,0.01423519647633241,0.27586838758042753,0.6288559674259292,1.0327949278273684e-38,0.014587832791884137,0.03131780790005664,0.18448649858704802,1.2787410250730658,1.6361594142965799,0.441278224835144,False
GUT_GENOME001635_1,GUT_GENOME001635_00282,352535,0.8265139770615623,0.7987747100649782,0.8110909320293826,0.014457175240567544,0.12965050240922799,0.6285808030710738,7.766562769928183e-37,0.027739266996584022,0.38309626682206455,0.18251012895830887,1.2613266155970486,1.7377075808665072,0.4194320308350814,False
GUT_GENOME001635_1,GUT_GENOME001635_00282,352628,0.831516423437146,0.7972678638867433,0.8098854124409621,0.014061408336227505,0.08325954612786046,0.6282788601118623,1.8463023711679486e-38,0.034248559550402735,0.5572087527771354,0.18160655232909984,1.2533649199783785,1.881405216803858,0.390353473355182,False
GUT_GENOME001635_1,GUT_GENOME001635_00282,352633,0.8302910755305035,0.8012471575946708,0.8127350972680697,0.014689620782840173,0.11976584755163328,0.6290524380035479,3.538322079217862e-36,0.02904391793583272,0.41799345671760035,0.18368265926452176,1.2716581459841338,1.791832970106533,0.40823328743555565,False
GUT_GENOME001635_1,GUT_GENOME001635_00282,352639,0.8431839763413287,0.8014139557880057,0.8172891252127321,0.014819025458418844,0.04626579449965463,0.6281396242749197,1.3029808579391125e-37,0.04177002055332302,0.75839502031773,0.18914950093781246,1.319828193760052,2.3171094678866515,0.31393957938087985,False
GUT_GENOME001635_1,GUT_GENOME001635_00282,352648,0.8509768503303843,0.8033696972108068,0.8221684121232433,0.015252991268855138,0.025993222222405278,0.628346193926793,2.697895175495138e-37,0.04760715311957753,0.9145283717621425,0.1938222181964503,1.3610009635316072,2.6886857654918783,0.26071096926062637,False
GUT_GENOME001635_1,GUT_GENOME001635_00282,352657,0.8635290023669207,0.8155598924217556,0.8365938630515359,0.01573681433162202,0.024719561344023578,0.6306016476392867,1.8822612225997907e-39,0.04796910994516501,0.9242101001819953,0.2059922154122492,1.4682346063462435,3.0098771685511223,0.22203092960360912,False
GUT_GENOME001635_1,GUT_GENOME001635_00282,352671,0.8862604609844921,0.889463053432396,0.8845138717844016,0.015798563787997284,0.5536970270344154,0.6316171943312978,5.6568007956653916e-58,-0.0032025924479038848,-0.44454575777731403,0.25289667745310374,1.8815244567639682,3.7377552121587523,0.15429674639254523,False
GUT_GENOME001635_1,GUT_GENOME001635_00282,352700,0.9082588635545259,0.8611024591650891,0.8834748571803136,0.01566503093890296,0.0175759435619846,0.6310649907872564,1.0345567899768959e-58,0.0471564043894368,0.9024716111699562,0.2524098663930572,1.877235012616563,4.338466301561204,0.11426520750733521,False
GUT_GENOME001635_1,GUT_GENOME001635_00282,352704,0.9301179021670126,0.8460033985587717,0.8690565012956482,0.015301428066299468,5.295956604513788e-06,0.6351704003998003,4.794966273522812e-53,0.08411450360824091,1.8910377998850567,0.23388610089584783,1.7140163349383828,6.513875957029722,0.03850612426522858,True
GUT_GENOME001635_1,GUT_GENOME001635_00282,352773,0.9334559885553524,0.844424574173028,0.8686086291716159,0.015307511652174012,1.6118612439126815e-06,0.6292137681265948,1.9730125088951024e-55,0.08903141438232443,2.022556786167632,0.23939486104502106,1.762555739484924,7.197338688063988,0.02736010512267885,True
GUT_GENOME001635_1,GUT_GENOME001635_00282,352779,0.9341385525283423,0.8444168849260235,0.8688870318079369,0.015301448196145467,1.5495865603807912e-06,0.6295590707600562,1.9172681439578285e-55,0.08972166760231881,2.041019883820419,0.23932796104788068,1.761966262735633,7.27028727716889,0.026380144908600845,True
GUT_GENOME001635_1,GUT_GENOME001635_00282,352786,0.9328156102913422,0.8497648112354129,0.8712630812838701,0.01473966747343079,1.116973838051497e-05,0.6330879828828816,4.924285057249644e-59,0.08305079905592927,1.8625855153405473,0.2381750984009885,1.7518080302316286,6.53805617674043,0.038043383920139805,True
GUT_GENOME001635_1,GUT_GENOME001635_00282,352815,0.8994588482154785,0.8591210647920252,0.8713649381561552,0.015747846915153678,0.05089802612662124,0.6305399908625259,4.285451405842867e-53,0.04033778342345329,0.7200851171912405,0.24082494729362935,1.7751566756444086,3.6697037990852306,0.15963714235128207,False
GUT_GENOME001635_1,GUT_GENOME001635_00282,352817,0.9010957044449945,0.8482841752575349,0.8624581872842031,0.014760121820416472,0.015370190236627715,0.6321376894252037,3.4057490907796024e-55,0.05281152918745968,1.0537365649001884,0.23032049785899944,1.682598694022589,3.941499113334171,0.139352364564803,False
GUT_GENOME001635_1,GUT_GENOME001635_00282,352829,0.9018325172524937,0.8343379921975155,0.8544124112848042,0.016412304580087494,0.002906506603603887,0.6341007739532355,2.2001272824730277e-41,0.06749452505497822,1.4464816889862004,0.22031163733156867,1.5944075008983458,4.63444455549328,0.09854694180805518,False
GUT_GENOME001635_1,GUT_GENOME001635_00282,352833,0.9018178981107472,0.845925051161845,0.860248857912392,0.015042953432203672,0.011308098133537054,0.6280892751499302,4.901372595512268e-54,0.055892846948902175,1.1361565653881873,0.23215958276246185,1.698803444947894,4.176784885641514,0.12388612986491893,False
GUT_GENOME001635_1,GUT_GENOME001635_00282,352837,0.9031970690327583,0.8549318365886279,0.8659101999619735,0.0138171580671631,0.023430197910393788,0.6192152038341578,1.339270367209043e-71,0.04826523244413039,0.9321308725264251,0.24669499612781565,1.8268795075257864,4.206356698534535,0.12206783682074489,False
GUT_GENOME001635_1,GUT_GENOME001635_00282,352841,0.8986655858466688,0.8578359611522913,0.8668314784774895,0.01355834312519409,0.0456779255105333,0.6113898757147362,1.7688577976573545e-79,0.04082962469437745,0.7332410332401619,0.2554416027627533,1.9039485877482063,4.162662637615489,0.12476400092207567,False
GUT_GENOME001635_1,GUT_GENOME001635_00282,352873,0.8977290405558859,0.8607425864629162,0.8682551006185211,0.013307158578120398,0.0647843733379833,0.6068342195308011,3.1815807193954294e-86,0.036986454092969634,0.630442767249182,0.26142088108772,1.9566338747552077,4.225874202616384,0.12088240066551781,False
GUT_GENOME001635_1,GUT_GENOME001635_00282,352889,0.8334764837413741,0.7461547245642594,0.7618042861828731,0.015621003841345555,0.001360965654170518,0.5603129790657057,2.2875071444453672e-38,0.08732175917711471,1.976826422162029,0.20149130711716745,1.428575698961313,5.948671231020732,0.05108136039637881,False
GUT_GENOME001635_1,GUT_GENOME001635_00282,352896,0.5057666060803988,0.47155286183453765,0.47909973109893833,0.011099646112663434,0.043865579645666355,0.19491767589564837,7.098702671743338e-145,0.034213744245861155,0.5562775026953641,0.28418205520329,2.15718968194818,4.962911983908681,0.08362138485059724,False
GUT_GENOME001635_1,GUT_GENOME001635_00282,352991,0.2952741573701014,0.17692433063700289,0.1925077937141568,0.011490103430024847,0.00017939295723903696,0.18231425476429158,0.18749687908483165,0.11834982673309849,2.8067743668714558,0.010193538949865216,-0.25700862609171016,7.944035780412209,0.018835387018625395,False
GUT_GENOME001635_1,GUT_GENOME001635_00282,352993,0.09519342036768376,0.07480613447391132,0.07712185914413833,0.003891467975370969,0.05396118914801123,0.15985907278006006,1.0,0.020387285893772436,0.1864432978670484,-0.08273721363592174,-1.0758504838649232,1.1922153669519304,0.5509519473760975,False
GUT_GENOME001635_1,GUT_GENOME001635_00282,352994,0.2669883583922712,0.12842440731875288,0.15012863433132093,0.009820557572312129,4.905332027036161e-07,0.1652139768188655,0.9377428720958815,0.13856395107351832,3.3474677542428153,-0.015085342487544562,-0.47974873808562973,11.435699217390193,0.003286771152580272,False
GUT_GENOME001635_1,GUT_GENOME001635_00282,353077,0.14871826234746394,0.07205898695520559,0.07995937094659297,0.0048415514343613545,0.0008061589417557403,0.15832188478230802,1.0,0.07665927539225835,1.6916231465544724,-0.07836251383571505,-1.0373036389085724,3.9375877092518197,0.13962516293784324,False
GUT_GENOME001635_1,GUT_GENOME001635_00282,353081,0.11599427692157775,0.08486629562412502,0.0927119444296268,0.004665174936428962,0.000504046243879901,0.13963367675742278,1.0,0.031127981297452728,0.4737386010292763,-0.04692173232779598,-0.7602691027250824,0.8024373706635777,0.6695036344034162,False
GUT_GENOME001635_1,GUT_GENOME001635_00282,353119,0.18855732478922071,0.08041307585167472,0.09699378121446454,0.006942643215790722,2.744087369544696e-06,0.15290145187098333,0.9999999999999996,0.108144248937546,2.533792548048598,-0.05590767065651879,-0.839447009178971,7.1247759577661265,0.02837099442219355,False
GUT_GENOME001635_1,GUT_GENOME001635_00282,353141,0.091225278524754,0.05999582142235764,0.06373960319366793,0.003658004378352446,0.013602195061471752,0.1395099976918265,1.0,0.031229457102396357,0.4764529059275347,-0.07577039449815857,-1.0144636666187186,1.2561439024562868,0.5336196545321836,False
GUT_GENOME001635_1,GUT_GENOME001635_00282,353217,0.06523593243464604,0.0631561110569771,0.06362464504805619,0.0035213639040426203,0.38389096776043674,0.09675875877898318,1.0,0.0020798213776689334,-0.30325018757370525,-0.03313411373092699,-0.6387820931831473,0.5000032388349305,0.7787995218688359,False
GUT_GENOME001635_1,GUT_GENOME001635_00282,353252,0.10043183769807322,0.06994837515896458,0.07418861947709283,0.00473847469051168,0.00843130059663292,0.1058195526734856,0.9999999999876671,0.030483462539108636,0.4564988223079878,-0.03163093319639276,-0.625537100463108,0.5996878388243722,0.7409338570491265,False
GUT_GENOME001635_1,GUT_GENOME001635_00282,353258,0.06626363553347375,0.0498994409451365,0.05060571310851031,0.003062781615601515,0.05022987812639123,0.10363406440663796,1.0,0.016364194588337252,0.07883245957362797,-0.05302835129812765,-0.8140764278918894,0.6689349871316462,0.715719109925903,False
GUT_GENOME001635_1,GUT_GENOME001635_00285,357478,0.053439451381257,0.052873656689894875,0.0528720039031846,0.002735863468066491,0.465811462220485,0.09495659651878323,1.0,0.0005657946913621217,-0.3437478219902977,-0.04208459261559863,-0.7176475554112598,0.6331805789108307,0.728629221054166,False
GUT_GENOME001635_1,GUT_GENOME001635_00285,358514,0.055044141450277376,0.05764366381799619,0.057566544714145816,0.002888048973819565,0.6509383504726599,0.09475159425905316,1.0,-0.0025995223677188137,-0.42841466058080735,-0.037185049544907346,-0.6744761526343246,0.6384572018729691,0.7267094038662842,False
GUT_GENOME001635_1,GUT_GENOME001635_00285,358700,0.059183677386050855,0.05783060902225583,0.05789096879537735,0.0033851944473817113,0.43887431787310527,0.0959460326643717,1.0,0.0013530683637950278,-0.3226895925281949,-0.03805506386899435,-0.6821421203102784,0.5694464454274148,0.7522224235908805,False
GUT_GENOME001635_1,GUT_GENOME001635_00285,359087,0.053225996799301255,0.045602770633697984,0.04626622938290469,0.0029514167326025937,0.20688440141255704,0.0972288422889603,1.0,0.007623226165603271,-0.15497355377634056,-0.0509626129060556,-0.795874562356837,0.657433121376755,0.7198470207783714,False
GUT_GENOME001635_1,GUT_GENOME001635_00285,359173,0.046378747778739085,0.046995050902598506,0.04685948782033556,0.0026607371440657977,0.533536746234031,0.0947378981019432,1.0,-0.0006163031238594213,-0.3753669246114476,-0.04787841028160764,-0.7686986906837796,0.7317980051512133,0.6935728467436373,False
GUT_GENOME001635_1,GUT_GENOME001635_00285,359638,0.04506848676449223,0.04833918587592392,0.04797605311070719,0.002608723726030923,0.68825126529987,0.08998120866339131,1.0,-0.003270699111431692,-0.4463674949935919,-0.042005155552684116,-0.7169476106635518,0.7132578170230301,0.7000322255408047,False
GUT_GENOME001635_1,GUT_GENOME001635_00285,359738,0.04704718889811231,0.05027380629907306,0.049887668428277916,0.0028272300101789627,0.6869272042225438,0.08974129999272437,1.0,-0.0032266174009607518,-0.4451883843403544,-0.039853631564446455,-0.6979898614734134,0.6853825442712499,0.709857330472059,False
GUT_GENOME001635_1,GUT_GENOME001635_00294,367371,0.04625190587013331,0.05093279955137512,0.050461669963914504,0.0028054567073769743,0.7590073587471485,0.08966249245748542,1.0,-0.004680893681241811,-0.4840877971923214,-0.039200822493570917,-0.6922377570570257,0.7135341076858559,0.6999355260364539,False
GUT_GENOME001635_1,GUT_GENOME001635_00294,367468,0.045674875413590624,0.047268161623199585,0.047168655499196264,0.0030214325645580627,0.5922063846183686,0.08982739848119288,1.0,-0.0015932862096089614,-0.40149955767248824,-0.042658742981996615,-0.722706573438995,0.6835066861031373,0.7105234386401195,False
GUT_GENOME001635_1,GUT_GENOME001635_00294,367889,0.04711723655436689,0.0474374500600929,0.04730366004130795,0.00307880616064124,0.5172378275590379,0.09108996622637835,1.0,-0.00032021350572600943,-0.36744703177325394,-0.04378630618507041,-0.7326418846494508,0.6717814523016739,0.7147011997002627,False
GUT_GENOME001635_1,GUT_GENOME001635_00295,368252,0.044342436056046666,0.04926453624900422,0.04854233076911908,0.0029961475535602807,0.7475865562196031,0.08978492432758997,1.0,-0.004922100192957551,-0.49053966043800407,-0.04124259355847089,-0.7102284389939542,0.7450535940184212,0.6889911884072816,False
GUT_GENOME001635_1,GUT_GENOME001635_00297,369515,0.0393127416054851,0.047321921305820025,0.04614967580656757,0.0028561231447044423,0.876987137551362,0.08263148309443129,1.0,-0.008009179700334927,-0.5731137778134943,-0.03648180728786372,-0.6682796656781831,0.7750571138785994,0.6787322514589534,False
GUT_GENOME001635_1,GUT_GENOME001635_00297,369523,0.03318608093772782,0.03880342886436619,0.03826680726769751,0.0023626554334798353,0.8254868937627468,0.06626709343079663,1.0,-0.005617347926638372,-0.5091363528227674,-0.028000286163099124,-0.5935463365992666,0.6115170794560794,0.7365644490380275,False
GUT_GENOME001635_1,GUT_GENOME001635_00297,369905,0.034489630429214095,0.03868810499647644,0.03840055217373126,0.002592794614208507,0.744514472727559,0.05748979299964579,0.9999999999999097,-0.004198474567262342,-0.47118390778917396,-0.019089240825914525,-0.5150283356623244,0.4872684614945807,0.783774262366032,False
GUT_GENOME001635_1,GUT_GENOME001635_00300,373161,0.03747702367834936,0.04083248527366616,0.04024248204424545,0.0027502162880332437,0.7066940905553653,0.05624767758396964,0.9999999970508051,-0.0033554615953168,-0.44863474702796313,-0.01600519553972419,-0.48785385034574846,0.43927451553801644,0.8028099582265334,False
GUT_GENOME001635_1,GUT_GENOME001635_00300,373248,0.03916433553717553,0.04047407337244038,0.04078037990127085,0.0028607831099157267,0.5858679414913813,0.05503502482176737,0.9999996866095084,-0.0013097378352648556,-0.39391512173918414,-0.014254644920496523,-0.4724292026237665,0.37835847462652406,0.8276381497612654,False
GUT_GENOME001635_1,GUT_GENOME001635_00300,373306,0.043979830626064406,0.041486207879755946,0.04228909343144424,0.0031482283095908216,0.360787398556326,0.05434630165787755,0.9999358864923165,0.0024936227463084604,-0.2921817059545819,-0.01205720822643331,-0.4530669022566763,0.29063976721499046,0.8647456309112675,False
GUT_GENOME001635_1,GUT_GENOME001635_00301,374429,0.048005276001391206,0.04031268314536018,0.04189838930664056,0.003145289748371221,0.16307103558648967,0.05406047594367073,0.9999448549993937,0.007692592856031029,-0.15311811298719252,-0.012162086637030167,-0.45399101865715585,0.22955300154612068,0.8915653858152917,False
GUT_GENOME001635_1,GUT_GENOME001635_00302,376103,0.04755602983103275,0.04453946790762964,0.04490536226205215,0.0031802565604722643,0.34115951674026235,0.05507625207038002,0.9993084024408604,0.003016561923403112,-0.278193973896997,-0.010170889808327872,-0.43644596209580305,0.2678769649423342,0.8746438688777863,False
GUT_GENOME001635_1,GUT_GENOME001635_00302,376106,0.0520584072722903,0.04650654696156411,0.048273369228968466,0.00348352000972961,0.22742505942901237,0.05603403848056992,0.9870538709086539,0.0055518603107261935,-0.2103790614153421,-0.007760669251601453,-0.4152087567208528,0.21665766113967658,0.8973324775611103,False
GUT_GENOME001635_1,GUT_GENOME001635_00302,376129,0.058877122714582945,0.05223523109285259,0.05424806498217889,0.003948138581747667,0.19644009394326295,0.054866723703110014,0.5622578997105728,0.006641891621730359,-0.181222580928617,-0.0006186587209311215,-0.35227827344760765,0.15694160578165656,0.924529053113186,False
GUT_GENOME001635_1,GUT_GENOME001635_00302,376168,0.06159071117754443,0.051009390761778746,0.05398208373806497,0.004007776678811316,0.10242696838011,0.05440476028461453,0.541996221058372,0.010581320415765684,-0.07584957227960672,-0.0004226765465495594,-0.3505514133577478,0.12863945102211385,0.9377051433412716,False
GUT_GENOME001635_1,GUT_GENOME001635_00308,385211,0.06180770573931523,0.05146447741062264,0.05555111747260536,0.004240853543795776,0.10236952144267336,0.053821842892913585,0.34172285178983575,0.01034322832869259,-0.08221812997213322,0.0017292745796917766,-0.33158990052138115,0.11671168302389404,0.9433142173496474,False
GUT_GENOME001635_1,GUT_GENOME001635_00331,417577,0.06072755131287727,0.054176610486492256,0.05655495988876033,0.004128707870112741,0.19436943371814352,0.05491347653773568,0.34547064593972265,0.006550940826385014,-0.18365535975154437,0.001641483351024653,-0.3323634564302459,0.14419475833572915,0.9304402858987298,False
GUT_GENOME001635_1,GUT_GENOME001635_00331,417940,0.06719464263756729,0.05535017329995549,0.05861661413924061,0.004303424733773592,0.07760821039104224,0.056656115649739644,0.3243506727266017,0.011844469337611803,-0.04206249064274402,0.0019604984895009656,-0.3295525145043578,0.11037411293521589,0.9463081183428473,False
GUT_GENOME001635_1,GUT_GENOME001635_00331,417942,0.06710358736777756,0.06607411300997473,0.07011373581493388,0.005129881933565371,0.44668244977222554,0.05728439601280687,0.006193845971964045,0.0010294743578028315,-0.331345180882479,0.012829339802127013,-0.23378376234605314,0.16444447643071858,0.9210672396094323,False
GUT_GENOME001635_1,GUT_GENOME001635_00331,418290,0.06856828462285515,0.058040205452357864,0.06151599768222085,0.004248344395746147,0.0974954535970447,0.056731818896600054,0.13005571136308564,0.010528079170497286,-0.07727368488360795,0.004784178785620798,-0.3046721863557401,0.09879636351427797,0.9518020640166949,False
GUT_GENOME001635_1,GUT_GENOME001635_00332,420028,0.0867104495135077,0.06380288510088496,0.06952495465867604,0.005134018264406009,0.012966221469737266,0.05469209330374704,0.0019315285099654855,0.022907564412622747,0.2538564544563555,0.014832861354929006,-0.21613010879503294,0.11115532339690448,0.9459385576227062,False
GUT_GENOME001635_1,GUT_GENOME001635_00333,420606,0.09083714863339357,0.06488639048038723,0.07038918235042381,0.004953546615877666,0.004959344521427291,0.05505045431248458,0.0009790520154833026,0.025950758153006334,0.33525670233279375,0.015338728037939231,-0.21167275960785958,0.1572024136190662,0.9244084987622543,False
GUT_GENOME001635_1,GUT_GENOME001635_00333,420607,0.09243377254102575,0.06550706401737935,0.07188038988329552,0.005345380109436439,0.004380933710558026,0.05489703388043971,0.0007435153754266492,0.026926708523646398,0.3613617120240892,0.01698335600285581,-0.1971814294435536,0.16946280303438388,0.9187590285435558,False
GUT_GENOME001635_1,GUT_GENOME001635_00333,420616,0.0957413184812043,0.06574435340735055,0.07197046968024243,0.005823887634452264,0.003035047683114986,0.05857340846057829,0.010713804435653068,0.029996965073853757,0.44348584395649626,0.013397061219664136,-0.22878139179272525,0.24902061902042222,0.8829291587522887,False
GUT_GENOME001635_1,GUT_GENOME001635_00333,420685,0.0917638043930752,0.06765459718069641,0.06877601796117042,0.005499076050439475,0.012851929328766045,0.057463463241936664,0.019834759386297224,0.02410920721237879,0.2859983521150796,0.011312554719233751,-0.24714862898664644,0.1428775022225201,0.9310533018286031,False
GUT_GENOME001635_1,GUT_GENOME001635_00333,420687,0.09227862816448565,0.06057101957365911,0.0678183382643334,0.0050149449995607375,0.0012566354539439546,0.05671404072882684,0.01340609758984223,0.03170760859082654,0.48924264361797787,0.011104297535506555,-0.2489836480139633,0.3013512213126489,0.8601266693349454,False
GUT_GENOME001635_1,GUT_GENOME001635_00333,420708,0.10248499338274816,0.063168202480873,0.07033198918717684,0.004828744112430482,0.00019834399653346092,0.058315995084520934,0.006415415720539724,0.03931679090187516,0.6927753067005112,0.012015994102655907,-0.24095040508847546,0.5379947232862878,0.764145271733456,False
GUT_GENOME001635_1,GUT_GENOME001635_00333,420709,0.09374111848875785,0.0563151853313264,0.06288043627386529,0.004002127201113831,3.703958611705624e-05,0.06459338530745541,0.665677950008342,0.03742593315743145,0.6421980834845485,-0.001712949033590122,-0.36192040683863724,0.5434047593174719,0.7620810381600771,False
GUT_GENOME001635_1,GUT_GENOME001635_00333,420720,0.13846521128375297,0.062044748833778196,0.07557023359454264,0.005397762114037537,3.657444863398572e-09,0.08576894563795195,0.9705831107538632,0.07642046244997477,1.685235307213184,-0.010198712043409316,-0.43669111249034503,3.03071716840597,0.21972937923505684,False
GUT_GENOME001635_1,GUT_GENOME001635_00333,421047,0.1364266914816011,0.05475762508300342,0.06989327456334243,0.005764012007050488,1.480320841213686e-10,0.08799363969617419,0.999155944649731,0.0816690663985977,1.8256265208101554,-0.018100365132831753,-0.5063150433764023,3.589267116634641,0.166188339525129,False
GUT_GENOME001635_1,GUT_GENOME001635_00333,421074,0.17099556232937907,0.049548972597715214,0.06494954043589897,0.005453927934826979,1.7802340441156768e-09,0.0878156832505479,0.9999862112781507,0.12144658973166386,2.889607501138494,-0.022866142814648924,-0.5483077975737909,8.650472951516074,0.013230421052736417,False
GUT_GENOME001635_1,GUT_GENOME001635_00342,430211,0.10777631940006123,0.03796277879816531,0.04381234766492927,0.003128901597669135,1.5725383663936022e-05,0.07547177646166141,1.0,0.06981354060189593,1.508511403967351,-0.031659428796732135,-0.6257881840890445,2.6672175072450126,0.2635245481125605,False
GUT_GENOME001635_1,GUT_GENOME001635_00345,434528,0.07628076242558215,0.03796011324168938,0.04105416186160466,0.0025086092214832417,0.0037683132249899795,0.07580024892557509,1.0,0.038320649183892774,0.6661302128677384,-0.03474608706397043,-0.6529856931969499,0.8701197760151196,0.6472259048474673,False
GUT_GENOME001635_1,GUT_GENOME001635_00345,434918,0.05162695254462019,0.03762507416093907,0.040414858996961234,0.002465553732006989,0.041329210659120465,0.07934096006516735,1.0,0.014001878383681124,0.01564452576915792,-0.03892610106820611,-0.6898171008581193,0.4760923838228426,0.7881662833457597,False
GUT_GENOME001635_1,GUT_GENOME001635_00346,434947,0.06032088873876441,0.03921215876516819,0.04330787228342409,0.0026845109329214256,0.00961692841189299,0.0787958798325193,1.0,0.021108729973596217,0.20574069788051008,-0.035488007549095216,-0.6595229860892975,0.47729980394450305,0.7876906030318398,False
GUT_GENOME001635_1,GUT_GENOME001635_00346,435012,0.07311596447642331,0.038589250073621,0.04399648173722475,0.002835506025037567,0.0008536459206147528,0.08079317100771248,1.0,0.03452671440280231,0.5646489211873484,-0.03679668927048773,-0.6710541890782077,0.7691421288774474,0.6807425682856985,False
GUT_GENOME001635_1,GUT_GENOME001635_00346,435055,0.07355702599621221,0.04034223242616537,0.04604700357801337,0.002893698528266491,0.0006999911272940712,0.08068654842520165,1.0,0.033214793570046836,0.529557274026199,-0.03463954484718828,-0.6520469164810223,0.7055960877664681,0.7027190974676616,False
GUT_GENOME001635_1,GUT_GENOME001635_00346,435294,0.07570075632823295,0.04530590583483333,0.05270296574973069,0.0033115963426779433,0.00026971622400616505,0.07859896766447019,0.9999999999999973,0.03039485049339962,0.45412860105331243,-0.0258960019147395,-0.5750048314971844,0.536863342539744,0.7645776636458974,False
GUT_GENOME001635_1,GUT_GENOME001635_00346,435315,0.0737729689606965,0.0453169518596641,0.0522673518351152,0.003122445386410529,0.0006717014410952224,0.07881584388846098,1.0,0.028456017101032405,0.4022681109913442,-0.02654849205334578,-0.5807541257018327,0.4990949876402445,0.7791532749850082,False
GUT_GENOME001635_1,GUT_GENOME001635_00346,436069,0.0676182648046094,0.04689197491565185,0.05380846740622076,0.003408067321148664,0.009308396260016031,0.07836833825044888,0.9999999999997128,0.020726289888957555,0.19551107717829702,-0.024559870844228122,-0.5632317637282984,0.3554546009719078,0.837170688403389,False
GUT_GENOME001635_1,GUT_GENOME001635_00354,447282,0.06299795116575149,0.052378795905318305,0.0561826213156755,0.003238588494328034,0.10265141626895374,0.07833754565080683,0.9999999999960657,0.010619155260433187,-0.07483755464384716,-0.022154924335131332,-0.5420410296326488,0.29940913739029285,0.8609622940704781,False
GUT_GENOME001635_1,GUT_GENOME001635_00354,447751,0.06786657121735935,0.05591317074315043,0.05891972207205147,0.003111120167384323,0.09514782952142087,0.0900399557369536,1.0,0.011953400474208925,-0.039148768324377844,-0.03112023366490213,-0.621037167540003,0.38721978952742564,0.8239792802110848,False
GUT_GENOME001635_1,GUT_GENOME001635_00354,447792,0.07857484105606945,0.06213748000418086,0.06392847052796616,0.003062752764040567,0.05045575865108236,0.09483265004769449,1.0,0.016437361051888588,0.08078953782017116,-0.030904179519728334,-0.6191334470525314,0.3898531746803465,0.8228950667542184,False
GUT_GENOME001635_1,GUT_GENOME001635_00354,447883,0.07824785365966745,0.06261059124283369,0.06388362780625174,0.0029973369308689242,0.06045313670623203,0.10194261861577252,1.0,0.01563726241683376,0.059388262457777174,-0.03805899080952077,-0.6821767218085613,0.468892045495229,0.7910089292276916,False
GUT_GENOME001635_1,GUT_GENOME001635_00354,448387,0.07741424066311081,0.0660390745924111,0.06768534865088145,0.003222878314669747,0.12481121256482641,0.1068364875592422,1.0,0.011375166070699716,-0.05461555348226305,-0.03915113890836075,-0.6917999794852068,0.4815700702979065,0.786010572874636,False
GUT_GENOME001635_1,GUT_GENOME001635_00354,448461,0.07788705965930617,0.06585546943897487,0.06774638592992294,0.003608656841268078,0.11214433449466532,0.10357960003128253,1.0,0.012031590220331304,-0.03705732582720869,-0.03583321410135959,-0.6625647087344544,0.4403652386578363,0.8023722558992642,False
GUT_GENOME001635_1,GUT_GENOME001635_00354,448462,0.09857803069460032,0.07420335441361406,0.07734406635598907,0.003525953810882481,0.010831849569506242,0.10442478032211541,0.9999999999999921,0.02437467628098626,0.2930991974215804,-0.027080713966126338,-0.5854436990420091,0.4286514642771651,0.8070854485324043,False
GUT_GENOME001635_1,GUT_GENOME001635_00354,448465,0.09762290380409563,0.07445904036185377,0.07777943303678209,0.003638450809882799,0.012788373646815305,0.10719518807001652,0.9999999999999997,0.02316386344224186,0.260712016842882,-0.02941575503323443,-0.6060184744760346,0.4352291471325434,0.8044354326033245,False
GUT_GENOME001635_1,GUT_GENOME001635_00354,448471,0.08550311399302218,0.07511307860134911,0.0769231939710038,0.0034735044931432776,0.1380567717639235,0.10707591652260551,1.0,0.010390035391673075,-0.08096612078243921,-0.0301527225516017,-0.6125121252328312,0.38172661627179594,0.826245521473021,False
GUT_GENOME001635_1,GUT_GENOME001635_00354,448485,0.09932043335752348,0.08071599204053793,0.08036262720608564,0.003430359798820943,0.029952649581128355,0.10265594348132963,0.9999999999595258,0.018604441316985548,0.1387552428642395,-0.022293316275243988,-0.5432604441987589,0.3143849276533469,0.8545395750329488,False
GUT_GENOME001635_1,GUT_GENOME001635_00354,448500,0.10519813135614212,0.08982084825954842,0.09118399765254025,0.004355334162602417,0.06513797238762474,0.1103921866912897,0.9999948378516673,0.015377283096593697,0.05243425856723892,-0.01920818903874945,-0.5160764254804568,0.2690842284081816,0.8741160653990151,False
GUT_GENOME001635_1,GUT_GENOME001635_00354,448519,0.0921974825001036,0.07290414065620845,0.07613163207886942,0.003871822434737873,0.006552781711598422,0.11024285105961529,1.0,0.01929334184389514,0.15718215828158696,-0.03411121898074587,-0.6473916724207961,0.4438222084018532,0.8009865655106576,False
GUT_GENOME001635_1,GUT_GENOME001635_00354,448531,0.315057882673392,0.21671636313502013,0.2262214271554227,0.008176802120106097,0.00014444938467804332,0.3811453864095143,1.0,0.09834151953837189,2.2715862374974196,-0.15492395925409158,-1.7119104235928289,8.090741332793462,0.01750321559937357,False
GUT_GENOME001635_1,GUT_GENOME001635_00354,448569,0.2435123948916789,0.2367222961563437,0.24639510895563227,0.008106621149931678,0.3262632879684628,0.42221773960161235,1.0,0.006790098735335204,-0.17725829313964267,-0.17582263064598008,-1.896055138139595,3.626445589352338,0.16312756209872775,False
GUT_GENOME001635_1,GUT_GENOME001635_00354,448570,0.3657563368133506,0.2801839658510039,0.28648756692565863,0.010403987105511795,0.002127138466646802,0.43037755803931027,1.0,0.08557237096234671,1.9300332678437353,-0.14388999111365164,-1.6146866874309187,6.332241513550201,0.04216685653126337,False
GUT_GENOME001635_1,GUT_GENOME001635_00354,448594,0.5548296679278325,0.33535762982038797,0.3582260680064944,0.01160794722202761,2.5815832203903558e-26,0.500642521056744,1.0,0.21947203810744453,5.511621239567707,-0.14241645305024958,-1.601702883773224,32.94342081634133,7.021454117144272e-08,False
GUT_GENOME001635_1,GUT_GENOME001635_00354,448599,0.8260591161720712,0.7199094450886175,0.7607288044557865,0.01782022000295326,7.685033722128265e-06,0.6718823287552131,3.0867103447500847e-07,0.10614967108345363,2.480440988607132,0.08884647570057336,0.436026941319793,6.34270699151902,0.04194678466870846,True
GUT_GENOME001635_1,GUT_GENOME001635_00354,448603,0.8649792519221258,0.8637581818034216,0.8697009642393578,0.013747059883924476,0.4786681950956365,0.6893110545274541,1.2305631465471603e-39,0.001221070118704204,-0.3262203206994133,0.18038990971190372,1.242644702255066,1.6505855536798095,0.4381067061892613,False
GUT_GENOME001635_1,GUT_GENOME001635_00354,448606,0.8821477068909802,0.91482959315394,0.9056656551541202,0.011881035534026604,0.9551275250707835,0.6925071321930752,2.8178288847533953e-72,-0.03268188626295976,-1.233066643557473,0.21315852296104498,1.5313791782274746,3.865575534962748,0.14474412255247612,False
GUT_GENOME001635_1,GUT_GENOME001635_00354,448609,0.8878691791129314,0.9062283613993917,0.9006462114332775,0.011132088207396805,0.8143495642867364,0.6932506182638271,9.102742149730895e-78,-0.018359182286460274,-0.8499587137281516,0.20739559316945044,1.480600205654217,2.9146067840257235,0.2328633700582303,False
GUT_GENOME001635_1,GUT_GENOME001635_00354,448620,0.886479925137619,0.9095871062532366,0.9016067402306761,0.009855429030327625,0.8682171012113655,0.6964249575206789,1.4510537863124845e-96,-0.023107181115617603,-0.9769595932586573,0.2051817827099972,1.4610936309312472,3.0892446452079767,0.21339244951031813,False
GUT_GENOME001635_1,GUT_GENOME001635_00354,448623,0.8801716632675021,0.9079454280926842,0.8995296761529821,0.009602509977672332,0.9102521502063186,0.6880332516594417,8.273723335407651e-108,-0.027773764825182123,-1.1017827570467178,0.21149642449354034,1.5167339100136275,3.5144069975106937,0.1725266608578838,False
GUT_GENOME001635_1,GUT_GENOME001635_00354,448624,0.8700800815896489,0.900356811512696,0.8899044159046423,0.008880209871559366,0.9328602543044853,0.6690394683669552,7.552393493935669e-137,-0.030276729923047085,-1.1687328091214833,0.22086494753768715,1.5992828897712024,3.9236421406319213,0.14060214125442427,False
GUT_GENOME001635_1,GUT_GENOME001635_00354,448626,0.8543807121999698,0.8969390079047529,0.8830041539213139,0.008643698026632956,0.9859609140036723,0.6611031874093106,1.2012249851248954e-145,-0.04255829570478309,-1.4972437697210803,0.2219009665120033,1.6084115762179652,4.82872670448055,0.08942425255291586,False
GUT_GENOME001635_1,GUT_GENOME001635_00354,448627,0.8449451439319265,0.89523595672141,0.8793239346876325,0.008301804962041252,0.9968977167847328,0.6544540330799594,7.030157361141868e-162,-0.05029081278948344,-1.704075427873763,0.22486990160767306,1.63457178972858,5.575697999659642,0.06155347315040806,False
GUT_GENOME001635_1,GUT_GENOME001635_00354,448639,0.8440067105266408,0.8869132767820185,0.8732889797649527,0.007679122478948319,0.9930553770058745,0.6501748821085335,6.723668060125279e-186,-0.0429065662553777,-1.5065594136021339,0.2231140976564192,1.6191008532589433,4.891208839737043,0.08667373174102756,False
GUT_GENOME001635_1,GUT_GENOME001635_00354,448641,0.8696993837590866,0.8812055094979837,0.8758014032014071,0.007021359134615796,0.8088344561034682,0.6441182010665185,4.496566113057274e-239,-0.011506125738897088,-0.6666511266099625,0.23168320213488858,1.694605906595569,3.3161129032789223,0.19050888375094818,False
GUT_GENOME001635_1,GUT_GENOME001635_00354,448642,0.8631959727232312,0.8890356964157025,0.879965123178007,0.0071441283096700765,0.96958107387562,0.6413182632045983,5.874666841838687e-245,-0.025839723692471228,-1.0500504517659996,0.23864685997340873,1.7559648686477383,4.186018571179049,0.12331548538364316,False
GUT_GENOME001635_1,GUT_GENOME001635_00354,448645,0.8837942452954343,0.8930550282473407,0.8913414601697057,0.007188324427065038,0.8013741250906081,0.6375689398666703,2.6009239424598794e-273,-0.009260782951906465,-0.606592032440831,0.25377252030303543,1.8892417813997866,3.9371884024073376,0.13965304236247342,False
GUT_GENOME001635_1,GUT_GENOME001635_00354,448663,0.8864747930794897,0.9115634450481623,0.903110692747182,0.007812000659903267,0.9889885238474706,0.6335713765327378,3.586479492164887e-261,-0.025088651968672604,-1.029960562752727,0.26953931621444427,2.0281679398133976,5.174283952912836,0.0752347558112761,False
GUT_GENOME001635_1,GUT_GENOME001635_00354,448699,0.8856498424079342,0.9116513280577974,0.9041297798419942,0.007840041676477533,0.990251846889184,0.6318250544612792,1.2707739162156093e-264,-0.026001485649863154,-1.054377308532937,0.27230472538071493,2.052534822854851,5.3246107077809555,0.06978715207215824,False
GUT_GENOME001635_1,GUT_GENOME001635_00354,448700,0.8859606925526812,0.9150382178351268,0.9057190684261947,0.007800224581371897,0.9953712798518818,0.6304815684829188,4.841140625308327e-273,-0.02907752528244567,-1.136656128066262,0.27523749994327584,2.0783764146252452,5.611635674341076,0.06045730671573899,False
GUT_GENOME001635_1,GUT_GENOME001635_00354,448747,0.8854458462871384,0.919509707978523,0.9089052446714503,0.008010240959181111,0.9986530015947577,0.6299736373231828,5.675434287326063e-266,-0.034063861691384645,-1.2700321318010028,0.2789316073482675,2.1109263476253552,6.068991660905922,0.04809890676760372,False
GUT_GENOME001635_1,GUT_GENOME001635_00354,448842,0.8866064327803553,0.9221447651732105,0.9104821608099047,0.008027603339460145,0.9992100159127356,0.6289190825584321,8.291777764276356e-270,-0.0355383323928552,-1.3094717110146221,0.28156307825147264,2.1341130588388206,6.269154709853949,0.04351814267163959,False
GUT_GENOME001635_1,GUT_GENOME001635_00354,448848,0.8877852169024142,0.9182735481416889,0.9103765847395627,0.009817885093351651,0.9962563770274647,0.6284766484202926,1.3167187328061432e-181,-0.030488331239274746,-1.1743927838261305,0.28189993631927013,2.137081220382402,5.946314553214025,0.051141587027292566,False
GUT_GENOME001635_1,GUT_GENOME001635_00354,448866,0.8603866763579195,0.8503050240425736,0.8552096341292069,0.0116294143416915,0.26906178659179114,0.5977571476733597,6.800612660346726e-109,0.010081652315345968,-0.08921484268299129,0.2574524864558472,1.9216671114145119,3.700763775247145,0.15717713084997678,False
GUT_GENOME001635_1,GUT_GENOME001635_00354,448888,0.8823527698070702,0.8342491206564709,0.8437205391092086,0.013395175307205553,0.0003678072724783284,0.17573608609556826,0.0,0.04810364915059928,0.9278087947133754,0.6679844530136404,5.538992365088259,31.541265580053505,1.4154717403366558e-07,True
GUT_GENOME001635_1,GUT_GENOME001635_00354,448912,0.8485221160212715,0.8421833712511574,0.8422835457922009,0.011939168937733146,0.36929064414642176,0.17008133950523457,0.0,0.006338744770114091,-0.18933124273909238,0.6722022062869664,5.576156305224987,31.129365459777507,1.7391785795964436e-07,False
GUT_GENOME001635_1,GUT_GENOME001635_00354,448935,0.09739678605372123,0.08446898563439559,0.08612061747494543,0.003762220002211079,0.031570475163821055,0.1532224752067731,1.0,0.012927800419325647,-0.013085229874377177,-0.06710185773182767,-0.938082484368362,0.8801699707195834,0.643981689741891,False
GUT_GENOME001635_1,GUT_GENOME001635_00354,448939,0.2836107675036563,0.06617456231945586,0.12061149661009395,0.011685567687592843,6.383926691933354e-14,0.15395695483636138,0.9978383758413893,0.21743620518420048,5.457166177312554,-0.03334545822626743,-0.6406443154764075,30.191087825756348,2.780280266976401e-07,False
GUT_GENOME001635_1,GUT_GENOME001635_00354,448957,0.08172285521382916,0.055751321005915455,0.06171839193519406,0.004711381577230214,0.01794545576218722,0.10689775849577567,1.0,0.025971534207913705,0.3358124264054719,-0.04517936656058161,-0.74491657428807,0.6676706883774042,0.7161716943508458,False
GUT_GENOME001635_1,GUT_GENOME001635_00354,448962,0.3089324315040596,0.09673528940545782,0.15348650085592347,0.013426871001486804,7.666549902987758e-17,0.08840084579737002,6.253937873006039e-07,0.21219714209860174,5.317030165546744,0.06508565505855345,0.2266629366673289,28.322185868192694,7.078080229150828e-07,True
GUT_GENOME001635_1,GUT_GENOME001635_00354,448974,0.06747290950993602,0.045637177471662294,0.04689191616342416,0.004190442444669187,0.008641488395514438,0.07682919011333351,0.9999999999995474,0.021835732038273728,0.22518676451968914,-0.029937273949909353,-0.6106137403779194,0.4235582188531591,0.8091434099796393,False
GUT_GENOME001635_1,GUT_GENOME001635_00354,448975,0.04709151390368259,0.04024025987506168,0.042146009710329606,0.002606696943188593,0.08696907823073169,0.06586856717818866,1.0,0.006851254028620905,-0.17562249323431528,-0.023722557467859055,-0.5558539343062082,0.33981685641352755,0.8437420760338684,False
GUT_GENOME001635_1,GUT_GENOME001635_00354,448986,0.08885822741245085,0.04962527321248516,0.061030558930028025,0.005121569701124727,6.547937836339109e-05,0.0774435249969517,0.9993239245348172,0.03923295419996569,0.6905328177567367,-0.016412966066923676,-0.49144684369559744,0.7183555725774236,0.6982502010039571,False
GUT_GENOME001635_1,GUT_GENOME001635_00354,448991,0.06532539034480071,0.04505473697152984,0.04936161335385535,0.004782440103039238,0.020491238945167155,0.07822240648143049,0.9999999992039167,0.020270653373270872,0.18332357665005997,-0.028860793127575134,-0.6011285319631519,0.3949630456959445,0.8207953064472746,False
GUT_GENOME001635_1,GUT_GENOME001635_00354,448999,0.04087301805264215,0.02932995150733666,0.033718876049597606,0.0033606537155662646,0.03566640953524984,0.07416007756012194,1.0,0.011543066545305493,-0.05012450183802592,-0.040441201510524334,-0.7031671236049556,0.4969564694033771,0.7799868372965759,False
GUT_GENOME001635_1,GUT_GENOME001635_00358,455248,0.04613373195847774,0.0319268423569571,0.03757646055287216,0.0035849955629919873,0.015234993480609863,0.06424569327000684,0.9999999999999494,0.01420688960152064,0.02112822656945056,-0.026669232717134686,-0.5818180093646106,0.3389585979789681,0.8441042281100036,False
GUT_GENOME001635_1,GUT_GENOME001635_00358,455516,0.04711046676782781,0.03284957536743152,0.03798251199757551,0.003738075532197039,0.024575867382178426,0.06598774536542346,0.999999999999966,0.01426089140039629,0.022572682686693196,-0.028005233367847944,-0.5935899279639612,0.35285852858393474,0.8382580718363302,False
GUT_GENOME001635_1,GUT_GENOME001635_00358,456533,0.046205817167686,0.03807658127946599,0.040552921381237984,0.0036231696011647823,0.13862232110004014,0.06838417199717135,0.9999999999999921,0.00812923588822001,-0.1414386557833858,-0.02783125061593337,-0.5920569116498329,0.3705362799821491,0.8308814614320075,False
GUT_GENOME001635_1,GUT_GENOME001635_00358,457065,0.044817759588017425,0.03713089830097309,0.04038574088549088,0.0033248712820405043,0.12364176836801077,0.07195751084190068,1.0,0.007686861287044336,-0.15327142269273197,-0.0315717699564098,-0.6250157946951941,0.41413687263271914,0.8129640118214552,False
GUT_GENOME001635_1,GUT_GENOME001635_00371,471132,0.045381920985976064,0.0404241752476954,0.04181013879457008,0.003466676432248722,0.22635156201598333,0.06352889237394131,0.9999999998135962,0.004957745738280665,-0.22627061403728405,-0.021718753579371232,-0.5381977930073643,0.34085525517480725,0.8433041193738234,False
GUT_GENOME001635_1,GUT_GENOME001635_00375,479682,0.04785003029037922,0.03778018430732413,0.04057282435356305,0.003369565296495317,0.07845410386065194,0.060356687912732736,0.9999999978385669,0.01006984598305509,-0.08953064195736413,-0.01978386355916969,-0.5211488733048567,0.2796118839962193,0.8695269576913203,False
GUT_GENOME001635_1,GUT_GENOME001635_00375,480344,0.04701503664972503,0.04231553483356876,0.043038594036970385,0.0032705946562853537,0.2612111548557938,0.05921032008287002,0.9999996184644574,0.004699501816156269,-0.23317819898482006,-0.016171726045899636,-0.48932120259738054,0.2938073117931511,0.8633771547073217,False
GUT_GENOME001635_1,GUT_GENOME001635_00376,481102,0.042962516276378905,0.0406916171575663,0.04077945219848985,0.0029529941593390324,0.3779104913407718,0.05594473113015619,0.9999998593475066,0.0022708991188126054,-0.29813918353660956,-0.015165278931666339,-0.48045308303697437,0.31972213775960995,0.852262186481739,False
GUT_GENOME001635_1,GUT_GENOME001635_00377,482210,0.04083336505514033,0.0414375744924463,0.0408535597419947,0.0028365615015669464,0.5342983628207041,0.054970896390297355,0.9999996769781913,-0.0006042094373059637,-0.37504343910011523,-0.014117336648302656,-0.47121933659382054,0.36270524439196217,0.8341411701389578,False
GUT_GENOME001635_1,GUT_GENOME001635_00377,482409,0.03879028893099471,0.039521124117192316,0.039179939549887896,0.0027489756870276464,0.5434242649955985,0.05025398159769081,0.999971924101537,-0.0007308351861976051,-0.37843046215110904,-0.011074042047802914,-0.4444039182841067,0.34070445727016896,0.8433677060180635,False
GUT_GENOME001635_1,GUT_GENOME001635_00377,482541,0.03574875868344131,0.03959972281930482,0.038716576275740155,0.0028250832197241698,0.7261616032489557,0.05025854488849302,0.999978012054537,-0.0038509641358635133,-0.461888595801595,-0.011541968612752862,-0.44852696525277674,0.41451751349043486,0.8128093028846818,False
GUT_GENOME001635_1,GUT_GENOME001635_00377,482577,0.03573200006366471,0.03928764676346773,0.03877992798897347,0.002635022861401877,0.7129672440583561,0.05010413004676735,0.9999913660645255,-0.0035556466998030167,-0.4539893575182879,-0.01132420205779388,-0.4466081561883728,0.40556518191384583,0.8164557269897472,False
GUT_GENOME001635_1,GUT_GENOME001635_00377,482922,0.0380681474228287,0.040358936576559395,0.040043701028593705,0.0025377565061812865,0.6307003593611716,0.05366113372283569,0.9999999597341984,-0.0022907891537306962,-0.4201565730943516,-0.013617432694241982,-0.4668145268719436,0.3944473484130658,0.8210069746899535,False
GUT_GENOME001635_1,GUT_GENOME001635_00379,483967,0.03727260899635264,0.04207262431499191,0.04128949495583864,0.00257886509798769,0.75820219713847,0.05436715028395669,0.9999998022274987,-0.0048000153186392724,-0.48727409804557514,-0.013077655328118047,-0.4620583800748665,0.45093399322353855,0.7981434014497593,False
GUT_GENOME001635_1,GUT_GENOME001635_00380,486035,0.04321809909871885,0.04558561402724276,0.045193466930942436,0.0025713856905547495,0.6210362577112496,0.058280700891257434,0.9999998205568458,-0.0023675149285239117,-0.4222088568526286,-0.013087233960314998,-0.46214278039192874,0.3918362682731859,0.8220795321741559,False
GUT_GENOME001635_1,GUT_GENOME001635_00392,498012,0.04520961969251162,0.04696687153496807,0.04672269622221062,0.002574197996457179,0.5891641278046258,0.057905595680541724,0.9999930116411747,-0.0017572518424564532,-0.4058853590034678,-0.011182899458331105,-0.44536309489452963,0.3630912109474077,0.833980210373632,False
GUT_GENOME001635_1,GUT_GENOME001635_00407,521670,0.044607871831956414,0.04739899580458074,0.04694664326776802,0.002590742224563547,0.6445383940789823,0.0569909862270257,0.9999471267853953,-0.002791123972624328,-0.4335396770810274,-0.010044342959257678,-0.4353309183228353,0.37746966005132465,0.8280060399269954,False
GUT_GENOME001635_1,GUT_GENOME001635_00407,521759,0.04421308955085892,0.047907380201843895,0.04717584888914365,0.002637209425356039,0.6790190033651887,0.05807580538064724,0.9999821079912926,-0.003694290650984977,-0.4576978470051774,-0.01089995649150359,-0.4428699961284669,0.40562115262400306,0.8164328785060344,False
GUT_GENOME001635_1,GUT_GENOME001635_00407,521920,0.04624320769916038,0.045729930010589934,0.04524195998672315,0.002391210924717283,0.4721978046362278,0.057928665620362384,0.9999999438352413,0.0005132776885704432,-0.3451525623419361,-0.012686705633639231,-0.45861360033064363,0.3294567256994394,0.8481240548019242,False
GUT_GENOME001635_1,GUT_GENOME001635_00408,523235,0.044462239303150276,0.045977628877893174,0.045337952558755314,0.0023727240165719397,0.58473416283251,0.056864797564314874,0.999999407304362,-0.001515389574742898,-0.3994159554020529,-0.01152684500555956,-0.44839370643084947,0.3605900213965295,0.8350238341067211,False
GUT_GENOME001635_1,GUT_GENOME001635_00408,523437,0.03955991642636564,0.04444497019270466,0.04375995466033091,0.0023113125631662405,0.7694094293161464,0.058646445253048386,0.9999999999405415,-0.00488505376633902,-0.4895487316418293,-0.014886490592717475,-0.4779965919934992,0.46813870260952356,0.7913069358241371,False
GUT_GENOME001635_1,GUT_GENOME001635_00408,523589,0.04031168471763256,0.04629566012969461,0.04560390440862595,0.0023772667241893407,0.798030954985522,0.060473499001808595,0.9999999998011302,-0.005983975412062054,-0.5189430134358511,-0.014869594593182642,-0.47784771606961957,0.49764029094683376,0.7797201969812935,False
GUT_GENOME001635_1,GUT_GENOME001635_00409,523756,0.03485980714383043,0.04492365028237755,0.04337854662397185,0.0024222612211806374,0.946035001328358,0.06014262077317308,0.9999999999977551,-0.010063843138547114,-0.6280725242625604,-0.01676407414920123,-0.4945405665631266,0.6390454677101228,0.7264956861406179,False
GUT_GENOME001635_1,GUT_GENOME001635_00409,523810,0.03413030067987368,0.04478202673858535,0.04332362496093086,0.002347784278749141,0.9673688341413665,0.058844453382506344,0.9999999999808928,-0.010651726058711668,-0.643797390802831,-0.015520828421575483,-0.4835859405329767,0.6483304422856968,0.7231307560193394,False
GUT_GENOME001635_1,GUT_GENOME001635_00409,523990,0.03796246887690152,0.04582442678594893,0.04510959972302097,0.002277069449906219,0.8729509376590411,0.06039800998508696,0.9999999999905367,-0.00786195790904741,-0.5691758457178181,-0.01528841026206599,-0.48153803160920794,0.555840019234664,0.7573574003997137,False
GUT_GENOME001635_1,GUT_GENOME001635_00409,524002,0.03703367416959811,0.048178498321103394,0.04694348113948129,0.002237760936277051,0.9522633377131013,0.05949748937350891,0.999999989888093,-0.011144824151505285,-0.6569869246955171,-0.012554008234027622,-0.45744436213772854,0.6408871636724665,0.7258270019801862,False
GUT_GENOME001635_1,GUT_GENOME001635_00410,525005,0.03855367863171113,0.04624353452651657,0.045597055765738664,0.002037227069876971,0.8673933344493768,0.06367163136750548,1.0,-0.0076898558948054405,-0.5645724100464616,-0.018074575601766812,-0.5060878037712047,0.5748668713116314,0.7501865007814916,False
GUT_GENOME001635_1,GUT_GENOME001635_00410,525050,0.05048693481854296,0.05445785966360665,0.05425317462763491,0.0024283703286906186,0.6857359585904257,0.07306098751911141,0.9999999999999952,-0.003970924845063693,-0.4650973403960477,-0.018807812891476504,-0.5125485863193738,0.4790215893814657,0.7870127777365674,False
GUT_GENOME001635_1,GUT_GENOME001635_00410,525187,0.05701986136875197,0.0626784492676161,0.06224209026146804,0.003216710395921744,0.734459322804775,0.11176843352542142,1.0,-0.005658587898864122,-0.5102394518194058,-0.049526343263953373,-0.7832191423879026,0.8737765231958092,0.6460436152589484,False
GUT_GENOME001635_1,GUT_GENOME001635_00410,525191,0.05530941619676195,0.05757730085547398,0.05726099828971295,0.00312530915143006,0.6035275774263978,0.117297953886532,1.0,-0.002267884658712034,-0.41954391687491266,-0.06003695559681905,-0.8758314272290574,0.9430977871088312,0.6240349556234218,False
GUT_GENOME001635_1,GUT_GENOME001635_00410,525285,0.05243423469139873,0.05681631505691852,0.05648177688212339,0.0029516904531002347,0.7069063565920967,0.11012834046531954,1.0,-0.004382080365519785,-0.47609505008398667,-0.053646563583196145,-0.819523689233461,0.8982855739292961,0.6381749691211109,False
GUT_GENOME001635_1,GUT_GENOME001635_00410,525343,0.0513099250633659,0.0591859245906852,0.05837761356702025,0.0032994030226959977,0.846919132429484,0.10589892519518258,1.0,-0.007875999527319301,-0.5695514350839339,-0.04752131162816233,-0.765552183024482,0.9104589821397187,0.6343023845109819,False
GUT_GENOME001635_1,GUT_GENOME001635_00410,525429,0.04417421657864576,0.052446181426169,0.050646613351931005,0.003321548106777299,0.8906298489793527,0.09313011309458778,1.0,-0.008271964847523239,-0.5801428327946203,-0.04248349974265678,-0.7211624505768589,0.8566409865649872,0.6516025470909727,False
GUT_GENOME001635_1,GUT_GENOME001635_00410,525431,0.04327768566788199,0.049722940673564475,0.048954289239571395,0.0032619088380434593,0.8324535380590851,0.09203057858003512,1.0,-0.006445255005682486,-0.5312814566847233,-0.04307628934046372,-0.726385704688449,0.809896178192776,0.6670114351260952,False
GUT_GENOME001635_1,GUT_GENOME001635_00410,525630,0.04611260838628227,0.05158343488124072,0.051211467471578405,0.003630055428919991,0.7775793386529458,0.0910175646701984,1.0,-0.005470826494958447,-0.5052171541533941,-0.03980609719862,-0.6975710213441949,0.7418497026700376,0.6900957993882744,False
GUT_GENOME001635_1,GUT_GENOME001635_00410,525908,0.04530972351352271,0.05161906012329771,0.050686515817291035,0.003389305393096618,0.8057587076585786,0.09060710957802172,1.0,-0.006309336609775,-0.5276458711579067,-0.039920593760730684,-0.6985798862787687,0.7664240228632437,0.6816683624793839,False
GUT_GENOME001635_1,GUT_GENOME001635_00410,526268,0.04803370496740955,0.04917914077767517,0.04921756943110593,0.0032365276896967267,0.5562013443666272,0.08810025656214808,1.0,-0.0011454358102656187,-0.3895203224912556,-0.03888268713104215,-0.6894345671115238,0.627046103961946,0.7308675308649981,False
GUT_GENOME001635_10,GUT_GENOME001635_02317,44618,0.03395696614298721,0.03503234662133939,0.03480769862669042,0.0017713462797400307,0.5600614319032051,0.04177146937347758,0.9999577637678453,-0.001075380478352178,-0.38764646171560174,-0.006963770746787161,-0.4081870353424914,0.31688643510231784,0.8534714246125642,False
GUT_GENOME001635_10,GUT_GENOME001635_02319,45833,0.034157988181292995,0.034879756808560466,0.03473473389689077,0.0016880711629094968,0.5404185825926576,0.04233953555472454,0.9999966817330629,-0.0007217686272674717,-0.37818794714639353,-0.007604801657833775,-0.4138353587175433,0.3142858274916811,0.8545819185870211,False
GUT_GENOME001635_10,GUT_GENOME001635_02319,45918,0.03370242127324642,0.03562182972339109,0.035445846675790815,0.0017603027335665875,0.6104522895896421,0.04192028200152563,0.999882475977896,-0.001919408450144669,-0.4102227719934667,-0.006474435325734815,-0.4038753482625998,0.33139801959624005,0.8473012251793997,False
GUT_GENOME001635_10,GUT_GENOME001635_02322,48366,0.036269329479952386,0.03322883500488076,0.033191233359103685,0.001764378288256562,0.33697909531521886,0.04204583946849937,0.9999997396741089,0.0030404944750716256,-0.27755381891367115,-0.008854606109395688,-0.4248477757107821,0.25753175491996194,0.8791797772546472,False
GUT_GENOME001635_10,GUT_GENOME001635_02323,50329,0.036928659591642356,0.03236390660266905,0.032539076727714306,0.0016088380477969103,0.26692672598839384,0.04128402808993763,0.9999999726891877,0.004564752988973304,-0.2367825005408459,-0.008744951362223322,-0.42388157351839817,0.2357415409308089,0.8888109058129465,False
GUT_GENOME001635_10,GUT_GENOME001635_02323,50440,0.03639280642735533,0.03073169778760453,0.03100609991082423,0.0015260942354768687,0.219550860186479,0.04125788526297667,0.9999999999907668,0.0056611086397508024,-0.20745685473994033,-0.010251785352152439,-0.4371587579738923,0.23414612625186487,0.8895201996627586,False
GUT_GENOME001635_10,GUT_GENOME001635_02328,55488,0.036397440088370495,0.030092587501446975,0.03043437018992944,0.0014339755084524554,0.1956173510155652,0.04144325763202525,0.9999999999999919,0.00630485258692352,-0.19023780089744294,-0.01100888744209581,-0.44382982072334026,0.23317533065360752,0.8899520756172948,False
GUT_GENOME001635_10,GUT_GENOME001635_02380,116952,0.03622529952335325,0.030232175277196377,0.03055176082708718,0.0014508762681556065,0.20565381462506555,0.04093212196045992,0.9999999999995802,0.005993124246156875,-0.19857600292243702,-0.010380361133372741,-0.4382916793011126,0.23153202508124107,0.8906836077113314,False
GUT_GENOME001635_10,GUT_GENOME001635_02402,138441,0.03635312187987865,0.029912125434056414,0.03036700341396864,0.0014338889069571772,0.19240615886593238,0.039401074703488075,0.9999999998515592,0.006440996445822238,-0.1865961846197315,-0.009034071289519434,-0.42642909941051726,0.21665991293870573,0.8973314672554782,False
GUT_GENOME001635_10,GUT_GENOME001635_02410,144496,0.03895369848579387,0.02849780870109631,0.02909198964917084,0.0013127523824528315,0.09199951361198788,0.03957917646666555,0.9999999999999993,0.010455889784697563,-0.0792046279649395,-0.010487186817494706,-0.4392329537362204,0.19919896073890922,0.9051998957692132,False
GUT_GENOME001635_10,GUT_GENOME001635_02412,146153,0.03335985831127082,0.02873875079965329,0.028993469642565165,0.001298393533702591,0.2238958726226638,0.039150601830799915,0.9999999999999974,0.004621107511617532,-0.2352751130711213,-0.01015713218823475,-0.43632473941243793,0.24573365705396077,0.8843814290966994,False
GUT_GENOME001635_10,GUT_GENOME001635_02412,146727,0.0340380786207623,0.03154779252823903,0.03167784364552978,0.0015137607326747135,0.3521292549645574,0.03960199071412494,0.9999999173923158,0.002490286092523275,-0.29227095575868994,-0.007924147068595164,-0.4166492107755885,0.25901887642001886,0.8785262966614301,False
GUT_GENOME001635_10,GUT_GENOME001635_02438,173480,0.032982737174234965,0.03387352350080015,0.03375185486594826,0.0016469724985330603,0.555371737831963,0.039608237989449034,0.9998116187427492,-0.0008907863265651822,-0.382708882647728,-0.005856383123500772,-0.39842949746083245,0.3052121533043639,0.8584678257334142,False
GUT_GENOME001635_10,GUT_GENOME001635_02438,173481,0.034966883291279456,0.035794336843311424,0.035631089981765625,0.0018716797310401965,0.5472405547004933,0.038948664628679054,0.9618451913928208,-0.0008274535520319676,-0.38101483882879705,-0.0033175746469134293,-0.37605926380131177,0.2865928772985188,0.8664971675696878,False
GUT_GENOME001635_10,GUT_GENOME001635_02438,174099,0.03427976492470545,0.03276508016118537,0.032900497399445026,0.0017245674784698278,0.4121894232829363,0.0399003730196026,0.9999753495452316,0.0015146847635200758,-0.31836662918086023,-0.006999875620157574,-0.4085051666473897,0.26823378175359497,0.8744878389785821,False
GUT_GENOME001635_11,GUT_GENOME001635_02463,11412,0.07152217523850411,0.06523913761894438,0.0696328009308559,0.007631297190211521,0.30290804921874337,0.11496322315669233,0.9999999985754784,0.006283037619559728,-0.1908213141083387,-0.04533042222583643,-0.7462475728878094,0.5932982139589796,0.7433047870691463,False
GUT_GENOME001635_11,GUT_GENOME001635_02464,11504,0.07486133007484262,0.056443169455884505,0.06692963145291757,0.007214013309125923,0.0703491395085756,0.1007650623256905,0.9999986355549209,0.018418160618958117,0.13377255155779721,-0.03383543087277294,-0.6449616173485975,0.43387058340320217,0.8049820566388687,False
GUT_GENOME001635_11,GUT_GENOME001635_02464,12014,0.07217708195566439,0.07215464448953272,0.06990991857506618,0.0072371499909024825,0.49927359558021844,0.08449035458747223,0.9780301424579675,2.24374661316612e-05,-0.35828170204935633,-0.01458043601240605,-0.4752998495896231,0.3542757250433021,0.837664294050398,False
GUT_GENOME001635_11,GUT_GENOME001635_02464,12081,0.07039152088869322,0.06802473181611801,0.06858027696552182,0.006934401653141811,0.422887201389961,0.08051554240055786,0.9573897659674274,0.002366789072575204,-0.2955742906408481,-0.011935265435036035,-0.4519924262724469,0.2916613146954939,0.8643040543334611,False
GUT_GENOME001635_11,GUT_GENOME001635_02464,12372,0.06685996247029148,0.07617709486822935,0.07142250427761286,0.0074661845262366565,0.7715443435719098,0.0735536318488386,0.6123454338065286,-0.009317132397937869,-0.6080992841198116,-0.002131127571225744,-0.36560510841600086,0.5034518346469031,0.7774577965835795,False
GUT_GENOME001635_11,GUT_GENOME001635_02465,12665,0.07208840178359639,0.0809064119318338,0.07185875221518044,0.007542259684857929,0.7433064343521529,0.06003996601804357,0.05855633440722597,-0.00881801014823741,-0.5947486142932031,0.011818786197136874,-0.24268806547784655,0.4126234113290649,0.8135794394351342,False
GUT_GENOME001635_11,GUT_GENOME001635_02465,12675,0.0652233486048017,0.08488133346119857,0.07625972246368445,0.007343799960620939,0.9446939138883135,0.06070987429204329,0.01711245981343011,-0.019657984856396873,-0.8846994697084356,0.015549848171641165,-0.20981251423500266,0.8267144428320004,0.6614259651016519,False
GUT_GENOME001635_11,GUT_GENOME001635_02465,12871,0.06819822409937555,0.08504816595841713,0.07686227848614499,0.007554181093942844,0.903235090819269,0.05932710150141675,0.01013655571516888,-0.01684994185904158,-0.8095891035824833,0.017535176984728243,-0.19231916259020446,0.6924211769388863,0.7073635088218352,False
GUT_GENOME001635_11,GUT_GENOME001635_02465,12998,0.0713161882400532,0.06753250921900039,0.0657958378262039,0.006373882250368291,0.3795006448910211,0.058334055345475026,0.12086352412908025,0.0037836790210528104,-0.25767489846965713,0.0074617824807288805,-0.2810789847182226,0.14540174895157493,0.9298789389540484,False
GUT_GENOME001635_11,GUT_GENOME001635_02465,13027,0.0629946512135585,0.06601047765187322,0.060811760886912,0.0060967265740709655,0.6083462585201944,0.05863445891541242,0.3604985933356396,-0.003015826438314717,-0.439550085213419,0.0021773019714995817,-0.32764219137631073,0.30055368298099494,0.8604697297257885,False
GUT_GENOME001635_11,GUT_GENOME001635_02474,19059,0.0587833333320605,0.06382757291138139,0.05866753695356023,0.006547258383185813,0.6893165308232517,0.057320103007776034,0.418473083179861,-0.005044239579320889,-0.49380668093476626,0.001347433945784196,-0.3349544174906541,0.35603949993231343,0.8369258940674573,False
GUT_GENOME001635_11,GUT_GENOME001635_02474,19310,0.05843007118042457,0.06215007569373478,0.05921050379508695,0.006632203513903155,0.6302443340920082,0.057706920624372625,0.410324841556437,-0.003720004513310206,-0.4583856490137575,0.0015035831707143274,-0.33357853794729625,0.32139204420081946,0.8515508844176345,False
GUT_GENOME001635_11,GUT_GENOME001635_02481,27926,0.05711292193675308,0.0507029670282333,0.05199597853211326,0.006102007041563447,0.27034343505724845,0.05275343196331394,0.549394560284804,0.006409954908519783,-0.18742649285721066,-0.0007574534312006775,-0.35350123694724467,0.16009181474798606,0.923073969511996,False
GUT_GENOME001635_11,GUT_GENOME001635_02482,28409,0.05851644885893935,0.04613808643026115,0.04977702335060276,0.005614338886533217,0.11801008475631919,0.05094207632149332,0.5821957039102558,0.012378362428678201,-0.027781760048560845,-0.0011650529708905621,-0.3570927236727941,0.1282870394914503,0.9378703869517205,False
GUT_GENOME001635_11,GUT_GENOME001635_02484,31169,0.05491325006509532,0.04294683815044237,0.04531800190416721,0.004602311824072202,0.1063321272883222,0.0515110328077241,0.9107898369095488,0.011966411914652954,-0.0388007344600469,-0.006193030903556891,-0.40139580609350933,0.1626240901440972,0.9219059703410294,False
GUT_GENOME001635_11,GUT_GENOME001635_02505,51044,0.05433372456597275,0.042683291231244806,0.043908000164898535,0.004174749795778515,0.11763677756729518,0.05061983610853717,0.9460519308586431,0.011650433334727942,-0.0472526231414093,-0.006711835943638632,-0.4059671591819337,0.16704214472799356,0.9198717025956556,False
GUT_GENOME001635_11,GUT_GENOME001635_02505,51248,0.050402960200088436,0.034566410810058415,0.0368582828891497,0.002953923662421986,0.04373158081942802,0.05128103154768995,0.9999994764483898,0.01583654939003002,0.06471884946623885,-0.01442274865854025,-0.473910417112278,0.228779612923767,0.8919102157456178,False
GUT_GENOME001635_11,GUT_GENOME001635_02505,51658,0.05613972387463305,0.03499706822767129,0.03781497157673749,0.0033770020904054484,0.016413222195987228,0.0516400022532372,0.9999787890154709,0.021142655646961758,0.206648151843984,-0.013825030676499712,-0.46864373746942545,0.262330411329846,0.8770728650155974,False
GUT_GENOME001635_11,GUT_GENOME001635_02506,52443,0.05256917731900113,0.036088987035473814,0.03844496435994313,0.0035462816022321154,0.05211385995640144,0.05309342234322901,0.9999819132707507,0.01648019028352732,0.08193514679849095,-0.01464845798328588,-0.4758992123996167,0.23319342864346573,0.8899440224819118,False
GUT_GENOME001635_11,GUT_GENOME001635_02507,53568,0.056551816363009585,0.03649736167936515,0.039625128590583175,0.0034577136223984074,0.03294349641873002,0.053620599815418175,0.9999741282063798,0.020054454683644432,0.17754063003952472,-0.013995471224835,-0.47014554232255973,0.2525575062806052,0.8813691281253526,False
GUT_GENOME001635_11,GUT_GENOME001635_02508,53759,0.0575427499234979,0.03620292332767657,0.03979617329775221,0.0033195008313234597,0.026695930947691102,0.05360442427491696,0.9999840692985086,0.02133982659582133,0.2119221388065027,-0.013808250977164753,-0.4684958863028955,0.2643993883990582,0.8761660123379471,False
GUT_GENOME001635_11,GUT_GENOME001635_02521,69982,0.056276410834273906,0.036171944189131,0.03965864554971318,0.0033294069290262596,0.033065610167888115,0.05298933386844838,0.9999688496488525,0.020104466645142906,0.17887836480440023,-0.013330688318735205,-0.46428793270787244,0.247560753853246,0.8835738727845263,False
GUT_GENOME001635_11,GUT_GENOME001635_02522,71051,0.055680384772189326,0.03674439011450708,0.04000681887961685,0.0033180237165131884,0.040375479800239915,0.053433355932548623,0.9999740105916309,0.018935994657682247,0.14762372986157754,-0.013426537052931772,-0.4651324858121021,0.2381409949759894,0.8877452147482785,False
GUT_GENOME001635_11,GUT_GENOME001635_02522,71067,0.05662164302306204,0.03625012734980444,0.039963090785785305,0.0033589681431194078,0.029875794870886346,0.05289217097606669,0.999940729165263,0.020371515673257595,0.18602147133594746,-0.012929080190281383,-0.46074923817619545,0.24689384827793523,0.883868552083592,False
GUT_GENOME001635_11,GUT_GENOME001635_02522,71142,0.0634657344334044,0.03558042820147023,0.040067735963092516,0.003457178978528515,0.011526979263750478,0.05253287973931214,0.9998442731955415,0.02788530623193418,0.38700256756113277,-0.012465143776219621,-0.456661349672029,0.35831057558318824,0.835976072438911,False
GUT_GENOME001635_11,GUT_GENOME001635_02522,72003,0.06483059463772119,0.03534109830948509,0.04210559225185286,0.004207437085618557,0.010398232793856044,0.05269223668864759,0.9940681727194871,0.029489496328236095,0.4299119195839994,-0.010586644436794725,-0.4401093058531598,0.3785204596989493,0.8275711199629432,False
GUT_GENOME001635_11,GUT_GENOME001635_02523,73411,0.06869447115101959,0.03554177346368255,0.041562352161678584,0.0036876369173247684,0.004645255089434128,0.05202912058978314,0.9977325596098561,0.03315269768733704,0.5278963149562562,-0.010466768428104553,-0.439053040936251,0.4714420920997642,0.790001017102893,False
GUT_GENOME001635_11,GUT_GENOME001635_02524,75057,0.06018579721108328,0.035264102240694706,0.04129421403543929,0.0037843248059202333,0.012618905157751036,0.052879515534955575,0.9988984475463812,0.024921694970388576,0.30773101540921216,-0.011585301499516282,-0.44890878483900337,0.2962174749504154,0.8623373414585044,False
GUT_GENOME001635_11,GUT_GENOME001635_02527,76681,0.06756598441207108,0.038957517911193826,0.04694060609191914,0.004352662067926162,0.009041947751027372,0.05308597334352584,0.9210050078758398,0.028608466500877255,0.40634587270967004,-0.0061453672516066996,-0.4009758267839141,0.32589858193322685,0.849634271454869,False
GUT_GENOME001635_11,GUT_GENOME001635_02555,104192,0.06393934261810416,0.043045918757485646,0.04618094521599051,0.0033386005731837966,0.03391213930905441,0.05325276874402113,0.9829209307884761,0.020893423860618515,0.19998162617464876,-0.007071823528030617,-0.40913912211322184,0.2073874720510348,0.9015013525334075,False
GUT_GENOME001635_11,GUT_GENOME001635_02555,104275,0.0787793729370718,0.042565374226452284,0.047497048760094564,0.0035371613215089692,0.002729635651357935,0.05377018288011189,0.9619265512818261,0.03621399871061951,0.6097809018009233,-0.006273134120017329,-0.40210162052796716,0.5335184614323645,0.7658574442171863,False
GUT_GENOME001635_11,GUT_GENOME001635_02555,104531,0.06600700513703518,0.04160242495111975,0.044068801784628533,0.003306277706382561,0.021370426467781273,0.056273475430267304,0.9998884725597118,0.02440458018591543,0.29389907593125464,-0.01220467364563877,-0.4543662660782276,0.2928253705831161,0.8638011515878121,False
GUT_GENOME001635_11,GUT_GENOME001635_02556,106081,0.05418253876521302,0.04018188028401161,0.04227010260676274,0.0032848616129604576,0.07867234492812514,0.05926217512681625,0.9999998847204684,0.014000658481201411,0.015611895456169311,-0.01699207252005351,-0.4965495313499511,0.24680516836359045,0.8839077436462073,False
GUT_GENOME001635_12,GUT_GENOME001635_02711,118721,0.10942991227549294,0.13199721470943163,0.11993360528579605,0.00700046845028984,0.9412345579464594,0.04193042149547398,3.892168821543701e-29,-0.022567302433938688,-0.9625187583132196,0.07800318379032208,0.3404833129178707,1.0423712464803507,0.5938160882861672,False
GUT_GENOME001635_12,GUT_GENOME001635_02711,118754,0.12575871832209165,0.12983811455874775,0.12803925338552033,0.006883025840522114,0.6194244985483206,0.042031254524685445,3.941616729221754e-36,-0.0040793962366560965,-0.46799876531880363,0.08600799886083488,0.41101623620845645,0.3879571907668903,0.823675534538874,False
GUT_GENOME001635_12,GUT_GENOME001635_02711,118759,0.23064113053377433,0.251463670091855,0.24531182330398538,0.012741490570921733,0.8374072907224059,0.10767984316645125,1.686238824014963e-27,-0.020822539558080666,-0.9158493239305936,0.13763198013753414,0.8658912432223042,1.5885476292331928,0.45190928571324074,False
GUT_GENOME001635_12,GUT_GENOME001635_02711,118795,0.23929921476532545,0.21976450815497753,0.22530677010190608,0.01165727520399726,0.18026280555777568,0.11130227403009858,6.881815044188869e-23,0.019534706610347924,0.16363825457186745,0.1140044960718075,0.6577021087479367,0.45934954221081004,0.7947920498135832,False
GUT_GENOME001635_12,GUT_GENOME001635_02711,118823,0.21626641599075597,0.2083856284758068,0.21046443444051072,0.012122171880039823,0.3536993651222044,0.11085501588159571,1.0421867340699736e-16,0.007880787514949167,-0.1480842264877325,0.099609418558915,0.5308625891544079,0.3037440266981917,0.8590982268100059,False
GUT_GENOME001635_12,GUT_GENOME001635_02712,118920,0.21419819285218417,0.18504427092787978,0.19200323288064178,0.011798054841630278,0.10917458879537478,0.11043485685035838,2.3606340971856183e-12,0.029153921924304382,0.4209358759957964,0.0815683760302834,0.37189733417411375,0.3154946388661609,0.8540655604758234,False
GUT_GENOME001635_12,GUT_GENOME001635_02712,119163,0.25395605936122534,0.1914391429823732,0.20595436578257503,0.011800239108746209,0.005715578092910543,0.10913502442363159,1.1542730798321847e-16,0.06251691637885215,1.313339137234796,0.09681934135894345,0.5062783483709665,1.981177455421872,0.3713579979089676,False
GUT_GENOME001635_12,GUT_GENOME001635_02712,119177,0.25410407025347614,0.1998916940610022,0.21292990147868543,0.012173223349322578,0.018644563294224977,0.10534896428906287,4.893939238270378e-19,0.05421237619247393,1.0912068356660427,0.10758093718962256,0.60110212712454,1.5520561254379446,0.46023039199571825,False
GUT_GENOME001635_12,GUT_GENOME001635_02714,120054,0.2570195217221533,0.19949635889366682,0.21461039762498177,0.013587942450864691,0.01764677846008965,0.10304072978713612,1.0973932604098457e-16,0.05752316282848649,1.17976473760345,0.11156966783784565,0.6362480774506487,1.7966564521521837,0.4072499207588871,False
GUT_GENOME001635_12,GUT_GENOME001635_02714,121503,0.25344351298093043,0.18804441338401973,0.20370702652063083,0.013430513618152824,0.009941174650958277,0.1045261169704381,7.637329698984396e-14,0.0653990995969107,1.3904326279521189,0.09918090955019274,0.5270868625729321,2.2111234535708126,0.33102488446266576,False
GUT_GENOME001635_12,GUT_GENOME001635_02714,121750,0.23173888901988574,0.1914963639538998,0.1992831625136474,0.012893294253157817,0.07008982639948659,0.1045161255488829,9.902730722027104e-14,0.04024252506598594,0.7175371184203284,0.09476703696476449,0.4881948539830964,0.7531937317665253,0.6861926458106677,False
GUT_GENOME001635_12,GUT_GENOME001635_02716,126870,0.22510763156785887,0.1828222210073382,0.19144562387421085,0.013037648092255938,0.0570500140682855,0.10298631824146577,5.807831760481956e-12,0.04228541056052068,0.7721808249420655,0.08845930563274508,0.432615465045327,0.7834193670045934,0.6759003104906417,False
GUT_GENOME001635_12,GUT_GENOME001635_02717,128133,0.21783277458710892,0.18534235375226654,0.19291478606756152,0.014614418190424581,0.11447186827322803,0.10116754770711711,1.7163488555815648e-10,0.03249042083484238,0.5101815374708446,0.0917472383604444,0.4615864662270653,0.4733472669801045,0.7892488303749734,False
GUT_GENOME001635_17,GUT_GENOME001635_03233,52568,0.06557468677103362,0.051444569214157146,0.05324245920270375,0.003646511240794945,0.1176179570169753,0.05985821742145977,0.9651819639635028,0.014130117556876473,0.019074705171490403,-0.00661575821875602,-0.4051205883693184,0.16448653549808204,0.9210478701985594,False
GUT_GENOME001635_17,GUT_GENOME001635_03233,53227,0.08092139456314155,0.07666042261780848,0.0774212276707524,0.005642679802812909,0.38165967297458736,0.07357064173257725,0.24749183807984687,0.004260971945333078,-0.24490812590749136,0.0038505859381751384,-0.3128983642391107,0.15788537647903084,0.924092884317512,False
GUT_GENOME001635_17,GUT_GENOME001635_03234,53475,0.11404546940194378,0.09942735776774468,0.10061998270336034,0.007093743817046697,0.2314545458466004,0.08833838871300385,0.04169668162092947,0.014618111634199099,0.03212771534602125,0.012281593990356485,-0.23861012160407846,0.05796698022526808,0.9714325025754119,False
GUT_GENOME001635_17,GUT_GENOME001635_03234,55338,0.12425924365866202,0.11426967209729573,0.1145069712930302,0.008523876409261798,0.3237120962308785,0.09796435689848029,0.026145007138623513,0.00998957156136629,-0.09167784597428039,0.016542614394549904,-0.20106494127684052,0.0488319380531432,0.9758796895933264,False
GUT_GENOME001635_17,GUT_GENOME001635_03234,55353,0.12837814055879815,0.11618874190975077,0.11705236043312801,0.008922708903454545,0.2916470460491405,0.09941284228311807,0.02402510585684816,0.012189398649047375,-0.03283621921673692,0.017639518150009942,-0.19139978002583088,0.03771209308638606,0.9813206165705289,False
GUT_GENOME001635_17,GUT_GENOME001635_03234,55467,0.12058977392930363,0.11173038293950645,0.11187626753019886,0.008423643376668719,0.3344712935228592,0.09785120457350172,0.04795996932220481,0.008859390989797183,-0.121908250778959,0.014025062956697143,-0.22324787253533832,0.06470123419954023,0.9681670666337192,False
GUT_GENOME001635_17,GUT_GENOME001635_03234,55602,0.12341470630189942,0.11096994702757185,0.1122572100353132,0.008349138535310057,0.274306013184674,0.0972552001241616,0.03618104629426615,0.012444759274327574,-0.026005757547520165,0.01500200991115161,-0.2146396880875377,0.046746495127935876,0.9768977909964306,False
GUT_GENOME001635_17,GUT_GENOME001635_03234,55619,0.11814996757918922,0.1166127499818656,0.11703249306657496,0.008000851406626392,0.4696491964150612,0.09361723070610711,0.0017134668008671036,0.0015372175973236146,-0.31776391426572786,0.023415262360467842,-0.1405078956095461,0.12071637393809996,0.9414272662064012,False
GUT_GENOME001635_17,GUT_GENOME001635_03234,55887,0.10174643038023695,0.10641034326595328,0.10493427312536831,0.008454267256827675,0.6102458720270221,0.08201078761810843,0.0033492879204908917,-0.004663912885716326,-0.4836335898421383,0.02292348550725988,-0.1448410949099493,0.2548803919983066,0.8803460624766313,False
GUT_GENOME001635_17,GUT_GENOME001635_03235,56771,0.10115199904735213,0.10819901315335945,0.10317331453592211,0.008274370856139092,0.6602537620749921,0.07280818890510524,0.0001213793677888163,-0.007047014106007318,-0.5473774874034805,0.030365125630816878,-0.07927048180178584,0.3059059230012347,0.8581700878951559,False
GUT_GENOME001635_17,GUT_GENOME001635_03235,56980,0.09241860802129809,0.10220342426737455,0.09587540602211476,0.007223395005943869,0.7290066586208424,0.0682368203537684,6.505249914926847e-05,-0.009784816246076466,-0.620609030266138,0.02763858566834637,-0.10329487616038394,0.3958253998888652,0.820441474597829,False
GUT_GENOME001635_17,GUT_GENOME001635_03235,57453,0.07622207640427735,0.09455014132538588,0.08754006773697513,0.006814364084359757,0.9044638401682197,0.06681966435349014,0.0011801636392421715,-0.018328064921108528,-0.8491263772195418,0.020720403383484992,-0.16425313891974555,0.7479946981349727,0.687978735611761,False
GUT_GENOME001635_17,GUT_GENOME001635_03237,59411,0.07612854912705283,0.07500233195127097,0.07409202483640333,0.005894576966495264,0.4691318057825637,0.06610749773390781,0.0877797327302321,0.00112621717578186,-0.3287574753219498,0.007984527102495517,-0.27647291874632374,0.1845187523801738,0.9118686018651869,False
GUT_GENOME001635_17,GUT_GENOME001635_03237,59460,0.07361259880112284,0.08065958865849031,0.0789323141295936,0.005868877215133557,0.6902735067175467,0.06503351009233797,0.008936904067678199,-0.007046989857367472,-0.5473768387936769,0.01389880403725563,-0.2243603792705064,0.34995898343416443,0.8394742367678213,False
GUT_GENOME001635_2,GUT_GENOME001635_00531,116496,0.03368337427490328,0.03819165078420983,0.03378956749012928,0.003430936868172772,0.7813135500704467,0.0480922598198533,0.9999846857610103,-0.004508276509306547,-0.4794705819303417,-0.014302692329724025,-0.47285256333847414,0.4534815855923862,0.797127376671992,False
GUT_GENOME001635_2,GUT_GENOME001635_00531,116535,0.03837677340042055,0.03446173407798444,0.03409932330083395,0.0026359034557550303,0.2634754489585207,0.046983001414523655,0.9999994900656075,0.003915039322436108,-0.25416123420575254,-0.012883678113689706,-0.46034918631275257,0.27651930631180477,0.8708725375834758,False
GUT_GENOME001635_2,GUT_GENOME001635_00531,116937,0.03258336557838255,0.031097813023433875,0.029206845322100303,0.0024434918161732383,0.3886057134018686,0.04602093113377036,0.9999999999970319,0.0014855525549486784,-0.3191458661277005,-0.016814085811670054,-0.49498123492604007,0.34686050679530783,0.8407757903716279,False
GUT_GENOME001635_2,GUT_GENOME001635_00531,116949,0.03376789433933732,0.03269534270771242,0.03121566265903105,0.002553498069103534,0.42688079438568444,0.04581068815366839,0.9999999945372902,0.0010725516316249031,-0.3301929371983434,-0.014595025494637343,-0.47542840206984965,0.3350595412703598,0.8457514383565253,False
GUT_GENOME001635_2,GUT_GENOME001635_00533,117980,0.03612116195543323,0.03203164761928684,0.031238696034412195,0.0024988128254269967,0.25456553432973794,0.04573891992847673,0.9999999967400501,0.004089514336146391,-0.24949432484148976,-0.014500223894064534,-0.47459307558671093,0.2874860055229643,0.8661103074166678,False
GUT_GENOME001635_2,GUT_GENOME001635_00533,118030,0.03693444359890919,0.031235461634452292,0.03178783857656599,0.0018582592128300465,0.1721654892761248,0.050995843671465826,1.0,0.0056989819644568986,-0.2064438078287067,-0.019208005094899838,-0.5160748046938028,0.30895224983056274,0.856863949597273,False
GUT_GENOME001635_2,GUT_GENOME001635_00533,118050,0.0346048596706012,0.03499729043335985,0.03442953658124994,0.002100021462871679,0.528170622356857,0.053179170243476695,1.0,-0.0003924307627586471,-0.36937872036258185,-0.018749633662226754,-0.5120359509770667,0.3986214541496874,0.8192952765520942,False
GUT_GENOME001635_2,GUT_GENOME001635_00533,118173,0.0327545834011405,0.03300030646680407,0.03336431767556579,0.0020396081166907244,0.5188583998129934,0.05313833455957914,1.0,-0.0002457230656635681,-0.36545453941069295,-0.019774016884013354,-0.5210621111776431,0.40506274408078424,0.8166608618786803,False
GUT_GENOME001635_2,GUT_GENOME001635_00533,118176,0.03582872065756734,0.02988115560542771,0.030397852376033815,0.0016323451765640738,0.16197219589468226,0.05543300509942398,1.0,0.005947565052139631,-0.19979463374335443,-0.02503515272339017,-0.5674196206655349,0.36188292158886065,0.8344842073085524,False
GUT_GENOME001635_2,GUT_GENOME001635_00533,118309,0.03582106217636794,0.02830868208166708,0.02903592778752608,0.0016392525352053858,0.10864098453609589,0.0556465792844011,1.0,0.007512380094700861,-0.1579384973249061,-0.026610651496875023,-0.5813018319540838,0.36285638877042325,0.8340781346464982,False
GUT_GENOME001635_2,GUT_GENOME001635_00533,118315,0.040973138567008245,0.028409600269639613,0.029732512826886475,0.0017400996006556502,0.031926056871082374,0.05660861085630312,1.0,0.012563538297368632,-0.02282862104458934,-0.026876098029416647,-0.5836407641783246,0.34115768754945613,0.8431766077812881,False
GUT_GENOME001635_2,GUT_GENOME001635_00533,118318,0.048584148886665214,0.04207190733546346,0.04584797976585609,0.0034091838938288713,0.21093615003836208,0.07063416871448115,0.9999999999998208,0.006512241551201753,-0.18469049943087312,-0.02478618894862506,-0.5652259231630994,0.3535909247956033,0.8379511595170083,False
GUT_GENOME001635_2,GUT_GENOME001635_00533,118369,0.049187635627132825,0.04347178909792294,0.045249522690495286,0.0031996101816331693,0.2447820858095806,0.07196345754423072,1.0,0.005715846529209888,-0.20599270945366585,-0.026713934853735438,-0.5822118938383946,0.3814036856749524,0.8263789422238361,False
GUT_GENOME001635_2,GUT_GENOME001635_00533,118434,0.047489673203262625,0.04097809126884745,0.043790700079408294,0.0032675976343575085,0.20604274759975444,0.07100003347758935,1.0,0.006511581934415173,-0.18470814305612726,-0.027209333398181053,-0.5865770049903517,0.37818968089469385,0.8277080027748632,False
GUT_GENOME001635_2,GUT_GENOME001635_00541,125836,0.04384097915798302,0.039143566053626594,0.04048205884803905,0.0024890165558441473,0.2655916868978556,0.06990882999551405,1.0,0.004697413104356424,-0.23323406846693473,-0.029426771147475002,-0.6061155408959138,0.42177417960918495,0.8098655037913863,False
GUT_GENOME001635_2,GUT_GENOME001635_00541,125839,0.0516920127649277,0.04238862850668723,0.04307079422875716,0.002509694089360316,0.12297410493722655,0.07112550870947482,1.0,0.009303384258240469,-0.11003218727792213,-0.028054714480717655,-0.594025921488812,0.3649738776377959,0.8331955263749249,False
GUT_GENOME001635_2,GUT_GENOME001635_00541,125980,0.052644958563950864,0.04377593412035425,0.04407623159702643,0.0025952349390032377,0.1331395448447289,0.07214387074232821,1.0,0.008869024443596614,-0.1216505723023067,-0.028067639145301783,-0.5941398047412842,0.36780096931949013,0.8320185983208526,False
GUT_GENOME001635_2,GUT_GENOME001635_00542,126637,0.05024893041528618,0.04167173778459504,0.042133899630739255,0.002435308524965623,0.14665244702595415,0.07236280946852909,1.0,0.008577192630691136,-0.1294565761046614,-0.030228909837789836,-0.6131834351837907,0.39275293028053604,0.8217028339699011,False
GUT_GENOME001635_2,GUT_GENOME001635_00544,127924,0.04693710805785725,0.04011998041115743,0.04102484957705729,0.002263059721744083,0.17462554359868182,0.06792072187770985,1.0,0.006817127646699825,-0.17653531580970339,-0.02689587230065256,-0.5838150014522557,0.3720046736487291,0.8302716547806337,False
GUT_GENOME001635_2,GUT_GENOME001635_00552,141401,0.05035906395445018,0.03842335587421364,0.03937840476394279,0.0020279309902705308,0.0741573639040726,0.06594088301008663,1.0,0.011935708080236543,-0.03962200972066765,-0.026562478246143842,-0.5808773624106215,0.3389884138154252,0.8440916443669936,False
GUT_GENOME001635_2,GUT_GENOME001635_00552,141978,0.048629959251220524,0.037662409680297826,0.03853786975604014,0.0020591491925227878,0.08895696118216923,0.06397679051658532,1.0,0.010967549570922698,-0.06551860039645431,-0.02543892076054518,-0.5709773468267241,0.3303078175871954,0.8477632158327231,False
GUT_GENOME001635_3,GUT_GENOME001635_00991,281450,0.032105325835743846,0.02893154925724285,0.029113287798671027,0.0011566829747973746,0.3117975688762707,0.0515620690155105,1.0,0.003173776578500997,-0.2739887497192017,-0.02244878121683947,-0.5446302943081415,0.3716919924508641,0.8304014700958564,False
GUT_GENOME001635_3,GUT_GENOME001635_00996,287071,0.03092792869870914,0.02816678982819255,0.02838026634988322,0.0012530535920526522,0.31458401955853454,0.0516634924490434,1.0,0.002761138870516589,-0.28502610539832524,-0.023283226099160177,-0.5519828485341292,0.3859249458343886,0.8245129151229824,False
GUT_GENOME001635_3,GUT_GENOME001635_01001,292664,0.030277966231521982,0.028021000953229624,0.028186216933079225,0.0012628266358615731,0.3474739287258757,0.051723150278044194,1.0,0.0022569652782923576,-0.29851189003148954,-0.02353693334496497,-0.5542183422399779,0.3962673193654014,0.820260210091154,False
GUT_GENOME001635_3,GUT_GENOME001635_01001,294722,0.03083835331571222,0.02801857333225277,0.028104999551624054,0.0013341801044642867,0.32701834485271647,0.0520194877190952,1.0,0.0028197799834594507,-0.28345755553376834,-0.02391448816747115,-0.5575450955877118,0.39120471940309004,0.8223391648645183,False
GUT_GENOME001635_3,GUT_GENOME001635_01001,294800,0.02936859103864848,0.029841402529731716,0.029519831810141072,0.0014709443795474367,0.5320468732989346,0.0537161266274377,1.0,-0.00047281149108323664,-0.37152876790089123,-0.02419629481729663,-0.5600281819101101,0.4516651899114976,0.7978516548782125,False
GUT_GENOME001635_3,GUT_GENOME001635_01001,294812,0.029662992857149944,0.02977502463503296,0.02962506012871369,0.0014496067858911273,0.5077088877161932,0.05368026820220069,1.0,-0.00011203177788301696,-0.3618785252319554,-0.024055208073487,-0.5587850225877791,0.44319676849247974,0.8012370891629598,False
GUT_GENOME001635_3,GUT_GENOME001635_01003,296704,0.031541601390091274,0.031205962216675334,0.031173224800723754,0.0014365450932072121,0.47808548468421036,0.05360812694883911,1.0,0.00033563917341594,-0.3499040899801851,-0.022434902148115356,-0.5445080015029936,0.4189218358856456,0.8110213351959146,False
GUT_GENOME001635_3,GUT_GENOME001635_01003,296709,0.032718254740222795,0.03216985350770755,0.03216841167116177,0.0015291795760993827,0.46429875566626705,0.05513658740579244,1.0,0.0005484012325152471,-0.3442130673812749,-0.02296817573463067,-0.5492068414685959,0.4201107904719375,0.8105393447082785,False
GUT_GENOME001635_3,GUT_GENOME001635_01003,296774,0.03503312246861407,0.03516890584648932,0.03504723238641004,0.001711394837157648,0.5082427190478374,0.06206676240144476,1.0,-0.00013578337787525235,-0.3625138400662276,-0.027019530015034716,-0.5849045881580043,0.47352966148784703,0.7891768563309894,False
GUT_GENOME001635_3,GUT_GENOME001635_01003,296881,0.03623775291724425,0.033342094463396095,0.03336188607715903,0.0018129635928256429,0.3334910833070629,0.06468807093974803,1.0,0.002895658453848156,-0.2814279357247623,-0.031326184862589,-0.6228518678047926,0.46714613223421986,0.7916997472004441,False
GUT_GENOME001635_3,GUT_GENOME001635_01003,296892,0.03763483662483586,0.038633414768519815,0.03844668191507077,0.0021826273014396496,0.5571611307814902,0.07141340134342884,1.0,-0.0009985781436839536,-0.38559213011110305,-0.03296671942835807,-0.6373071297519661,0.5548416684363072,0.7577355489557549,False
GUT_GENOME001635_3,GUT_GENOME001635_01003,297388,0.04714225807900017,0.05692617304242632,0.05594428269117194,0.0033471810196515103,0.8530391499685155,0.08319506927385731,0.9999999999999998,-0.009783914963426156,-0.6205849224907544,-0.02725078658268537,-0.5869422619334589,0.7296268648664206,0.6943261775403682,False
GUT_GENOME001635_3,GUT_GENOME001635_01003,297457,0.04822928162597783,0.060055065145420514,0.058946515558070005,0.0036849152151963204,0.8936315903872312,0.08629548569219576,0.9999999999999423,-0.011825783519442683,-0.6752014276396839,-0.02734897013412576,-0.5878073878409458,0.8014144930870634,0.669846132106769,False
GUT_GENOME001635_3,GUT_GENOME001635_01004,297916,0.05415536949308763,0.0622286383953324,0.061343391348142595,0.0037662467968266056,0.7809494531291032,0.08631596339495314,0.9999999999832866,-0.008073268902244773,-0.5748280547760274,-0.02497257204681054,-0.5668682027974414,0.6517668519003927,0.7218893360902636,False
GUT_GENOME001635_3,GUT_GENOME001635_01004,297946,0.056815929865142244,0.06820898775200772,0.06690756454993818,0.004205533016485604,0.8677049283137221,0.08519610116177823,0.9999931521741187,-0.011393057886865475,-0.6636267542014318,-0.018288536611840045,-0.5079730809921942,0.6984371199046299,0.7052389764275812,False
GUT_GENOME001635_3,GUT_GENOME001635_01005,298266,0.05770456659078065,0.08074613932614934,0.07796633583104551,0.0046673423584687795,0.9896388979262067,0.08330803731685472,0.8737886410258471,-0.023041572735368686,-0.9752046808637728,-0.0053417014858092166,-0.3938944769574736,1.1061770285562147,0.5751706415618039,False
GUT_GENOME001635_3,GUT_GENOME001635_01005,298318,0.059143155190853766,0.09731199030073737,0.09181542558690149,0.005429852567378889,0.99991311903245,0.08231513603503272,0.04009018982161002,-0.0381688351098836,-1.3798331771166017,0.009500289551868768,-0.2631170628487627,1.973170185433855,0.3728477600266135,False
GUT_GENOME001635_4,GUT_GENOME001635_01069,42810,0.04081591152607526,0.050361901755442744,0.04927244853347803,0.0026719509306059597,0.9087450606681425,0.06365195455536114,0.9999999630970174,-0.00954599022936748,-0.6142208412062449,-0.014379506021883114,-0.4735293927478981,0.6014973275683002,0.7402638044708199,False
GUT_GENOME001635_4,GUT_GENOME001635_01069,43062,0.044464030702474795,0.05443308329446902,0.052991138801311476,0.0032033962753726408,0.8967670119324391,0.06854467495885992,0.9999993990585259,-0.009969052591994224,-0.6255370386366023,-0.015553536157548446,-0.4838741386002735,0.6254307687124067,0.7314580673541731,False
GUT_GENOME001635_4,GUT_GENOME001635_01070,43142,0.045771268478324974,0.059654018319346795,0.058600184288086034,0.003689128078170115,0.9495527745700193,0.07387089978299118,0.9999825879723037,-0.013882749841021821,-0.7302217722954015,-0.015270715494905142,-0.4813821174945398,0.7649525797777641,0.6821700651127511,False
GUT_GENOME001635_4,GUT_GENOME001635_01070,43537,0.05963784685932355,0.08108387212635493,0.07809311009326268,0.004888557727376509,0.9799349707128149,0.09249513595043439,0.9983907943340501,-0.021446025267031377,-0.9325265044145438,-0.014402025857171707,-0.4737278220433828,1.0940237308135752,0.5786763924124676,False
GUT_GENOME001635_4,GUT_GENOME001635_01070,43852,0.059893057085494424,0.07982158213347917,0.07705444725056765,0.005193422976091603,0.9690402293002117,0.09631232077734578,0.999895601155835,-0.01992852504798475,-0.8919359589150071,-0.01925787352677813,-0.5165142110072916,1.0623366849781182,0.5879176790566073,False
GUT_GENOME001635_4,GUT_GENOME001635_01071,44756,0.06378864497049813,0.08559509981305283,0.0810333800629763,0.0059714823503459686,0.9734243837774167,0.1019298211135471,0.9997668227005059,-0.021806454842554696,-0.942167381497151,-0.0208964410505708,-0.5309521407338442,1.16958955050705,0.5572202054540953,False
GUT_GENOME001635_4,GUT_GENOME001635_01073,46252,0.06626715005110004,0.0869106719387574,0.08181711115286577,0.006627464968360418,0.9627437669256197,0.10096730450999558,0.9980708484098637,-0.020643521887657362,-0.9110609062385663,-0.019150193357129808,-0.51556540743359,1.0958396642184014,0.5781512119759392,False
GUT_GENOME001635_4,GUT_GENOME001635_01073,46545,0.06581166470614971,0.08671551351547468,0.0818529942277798,0.006306589293544485,0.9627455220039596,0.09760576762078291,0.9937521542939001,-0.02090384880932497,-0.918024207875084,-0.015752773393003114,-0.4856296800489096,1.0786046323890817,0.5831549682553747,False
GUT_GENOME001635_4,GUT_GENOME001635_01074,47570,0.06078382530424534,0.08427172062719059,0.07864525935266614,0.006325505496578559,0.9853703963657293,0.09822457407458937,0.9990169186348304,-0.02348789532294525,-0.987143049683172,-0.01957931472192323,-0.5193465296754792,1.244172218423757,0.5368233964615972,False
GUT_GENOME001635_4,GUT_GENOME001635_01075,48297,0.06298615905303076,0.08429372856753163,0.07929504491808112,0.006184231825776641,0.9713316421997081,0.09775887829938647,0.998585029861853,-0.02130756951450087,-0.9288230489209474,-0.018463833381305347,-0.5095176755249685,1.1223205178791718,0.5705466977585072,False
GUT_GENOME001635_4,GUT_GENOME001635_01076,48880,0.06359099933346998,0.08387535641750307,0.07920000331307463,0.0061997264951922084,0.9616829885349855,0.09522918337599053,0.9951376222751438,-0.02028435708403309,-0.9014538596494711,-0.0160291800629159,-0.4880651854633671,1.0508266863383193,0.5913108995251912,False
GUT_GENOME001635_4,GUT_GENOME001635_01076,48881,0.06288487039841192,0.08717640860266765,0.08118558800470567,0.0063450473564340805,0.9842412144229891,0.09026441722457419,0.9237638065622897,-0.024291538204255725,-1.0086391275945843,-0.009078829219868523,-0.42682347550042676,1.1995311689530275,0.5489403011409497,False
GUT_GENOME001635_4,GUT_GENOME001635_01077,49618,0.06617856518747417,0.08759951636341182,0.08213096121111678,0.0064222003383416154,0.9696940856082424,0.08891560350940643,0.8546154194237578,-0.021420951175937647,-0.9318558151964302,-0.00678464229828965,-0.40660867869018374,1.0336858779015807,0.5964004515589222,False
GUT_GENOME001635_4,GUT_GENOME001635_01082,55368,0.06700903700430882,0.08542109226160662,0.08070515845391986,0.005907824178336788,0.9533030140322155,0.08707901993808974,0.8596804487795886,-0.01841205525729779,-0.8513729756185545,-0.006373861484169879,-0.4029891607629947,0.8872362073060546,0.6417104409114028,False
GUT_GENOME001635_4,GUT_GENOME001635_01082,55372,0.07020463551425611,0.07635189234215585,0.0750915063233889,0.005315531117699947,0.7015793436233706,0.08755063902738433,0.9904586418857853,-0.006147256827899739,-0.5233105131275165,-0.01245913270399543,-0.4566083842390554,0.4823451097071855,0.785706037300171,False
GUT_GENOME001635_4,GUT_GENOME001635_01082,55561,0.07337122261417943,0.06999236418654832,0.07283793280809893,0.005397314168236265,0.39019781067219256,0.08260531812778082,0.9648269107204894,0.0033788584276311096,-0.2685031596522198,-0.009767385319681895,-0.43289055814276073,0.25948818207237634,0.8783201721678394,False
GUT_GENOME001635_4,GUT_GENOME001635_01082,55662,0.0755262659723993,0.07491409179063376,0.07534729108337851,0.005169418498892044,0.4794130434811276,0.07364901300242267,0.3712577477031227,0.0006121741817655402,-0.34250724963858625,0.0016982780809558368,-0.3318630203434333,0.22744428032645486,0.8925059129794528,False
GUT_GENOME001635_4,GUT_GENOME001635_01082,55666,0.08160206010701578,0.06050113252144781,0.06584214602032734,0.005093096198357087,0.0412035134421836,0.06901740845449703,0.733503744139437,0.021100927585567968,0.20553199729365634,-0.0031752624341696845,-0.37480530648982513,0.18272241968445133,0.9126879794706664,False
GUT_GENOME001635_4,GUT_GENOME001635_01082,55945,0.07503266361624583,0.056698007267588044,0.062379329249259215,0.005387289403154811,0.061141436157544915,0.06280131327767974,0.5312170493609409,0.018334656348657788,0.13153895459320464,-0.00042198402842052313,-0.35054531136442973,0.14018451189505815,0.932307804998377,False
GUT_GENOME001635_4,GUT_GENOME001635_01087,61802,0.08738194846954496,0.05595462585004471,0.0654110153491935,0.00607908815031945,0.017809174482950194,0.06273292957698005,0.3297727692529623,0.03142732261950025,0.4817454714072555,0.0026780857722134427,-0.3232296290510382,0.33655609231787054,0.8451188199719667,False
GUT_GENOME001635_4,GUT_GENOME001635_01089,63183,0.08939493423351688,0.05237291713123753,0.06403109173366564,0.006070740625219967,0.005731220543443114,0.061679234363827294,0.3492268542006316,0.03702201710227935,0.6313940171596389,0.0023518573698383463,-0.3261041292958588,0.5050023080487966,0.776855316328807,False
GUT_GENOME001635_4,GUT_GENOME001635_01089,63331,0.0930266179684776,0.06517364759575286,0.07172723652351469,0.005288178395087207,0.01520159302073035,0.06112502530554347,0.022487452176257347,0.02785297037272473,0.3861376384177734,0.010602211217971218,-0.253407687221368,0.2133177317457378,0.8988322430492477,False
GUT_GENOME001635_4,GUT_GENOME001635_01090,63590,0.10453269607351956,0.06967158007995099,0.07713954132695336,0.0051433375860769626,0.005805630954702268,0.0634778608971724,0.003951456962186657,0.03486111599356857,0.5735935940214932,0.013661680429780956,-0.22644974936451492,0.38028910008974526,0.8268396056025646,False
GUT_GENOME001635_4,GUT_GENOME001635_01090,63683,0.10905913674611187,0.06726329043820604,0.07495953981518491,0.004539099134470834,0.0009082014984318483,0.06146399933805793,0.001473677109836962,0.04179584630790582,0.7590858152535698,0.013495540477126984,-0.2279136603272067,0.628155911482922,0.7304620822265934,False
GUT_GENOME001635_4,GUT_GENOME001635_01090,63971,0.10612222604761877,0.07109272338785384,0.07534970245999684,0.00428314041491123,0.002982837652798808,0.05929682117143781,8.915241769360223e-05,0.03502950265976493,0.5780976504624554,0.01605288128855903,-0.20538013248281323,0.3763778922888692,0.8284581584686357,False
GUT_GENOME001635_4,GUT_GENOME001635_01090,63987,0.09267325025445104,0.07512107719505537,0.07761231865279267,0.005248408226903416,0.08423804424986425,0.05847576824454454,0.00013309272918513035,0.017552173059395673,0.11060885971956103,0.019136550408248125,-0.1782089616866532,0.04399275387389656,0.9782437792836819,False
GUT_GENOME001635_4,GUT_GENOME001635_01094,66625,0.09281438899685501,0.07424051146122114,0.07782612130043436,0.005820911203352785,0.07754930102579559,0.0543004186777233,2.6545657902216074e-05,0.018573877535633873,0.1379377137844925,0.02352570262271106,-0.13953477199877243,0.03849676548084198,0.9809356844878947,False
GUT_GENOME001635_4,GUT_GENOME001635_01111,91724,0.09080902639043438,0.07258259736382429,0.07690419440953881,0.005420192066168057,0.07493158412173012,0.05353416010199242,8.101612238879801e-06,0.01822642902661009,0.12864405811494917,0.023370034307546396,-0.14090641409613078,0.0364039112217127,0.981962699454947,False
GUT_GENOME001635_4,GUT_GENOME001635_01111,91797,0.0953150440401264,0.08218092818372914,0.08517774962145153,0.005693665869624861,0.15564191051638976,0.05161582302722174,1.8778630326735826e-09,0.01313411585639726,-0.007566643431619777,0.03356192659422979,-0.05110247103058523,0.0026687166382530774,0.9986665315410939,False
GUT_GENOME001635_4,GUT_GENOME001635_01111,92199,0.09299720351696289,0.0818948165106295,0.08345575028062106,0.005447723067643225,0.20067525218254967,0.0494571237892397,2.1754762924463296e-10,0.011102387006333383,-0.06191192872129847,0.03399862649138136,-0.04725457197539501,0.00606608149056893,0.9969715542759939,False
GUT_GENOME001635_4,GUT_GENOME001635_01111,92397,0.08931427130041926,0.07209076705301357,0.07425780766950706,0.004628069485714369,0.09220298424349482,0.04789634098466213,6.132676709496831e-09,0.017223504247405694,0.10181752895076594,0.026361466684844924,-0.11454797001736518,0.023488046636739254,0.9883246685541999,False
GUT_GENOME001635_4,GUT_GENOME001635_01112,93344,0.09105564484293405,0.06883992566562581,0.07212136607564197,0.004252340595656574,0.039070558814576106,0.04805673227500148,7.606222193696128e-09,0.022215719177308232,0.23535077310606603,0.024064633800640493,-0.13478608122990915,0.07355727409493865,0.9638894811562153,False
GUT_GENOME001635_4,GUT_GENOME001635_01112,94139,0.08837072233030377,0.06644988760140991,0.06943233960962525,0.0043063184262698475,0.043529948324242736,0.048217691660281746,4.1879181026526574e-07,0.021920834728893862,0.2274631165046132,0.021214647949343503,-0.15989819583318976,0.07730690240070034,0.962084060458096,False
GUT_GENOME001635_4,GUT_GENOME001635_01112,94140,0.07349476706074186,0.053415943988030755,0.057050254260327136,0.003565510162422725,0.037298557693194845,0.04466168863653855,0.0002558495324266414,0.020078823072711104,0.17819244293071665,0.012388565623788587,-0.23766756116405924,0.08823841634728855,0.956839887538684,False
GUT_GENOME001635_4,GUT_GENOME001635_01112,96004,0.0523734675941947,0.04724238685496433,0.04927939402515062,0.002839103101143586,0.26406872362501754,0.040758131976125316,0.0013437406538337282,0.0051310807392303676,-0.22163419807213097,0.008521262049025306,-0.2717435796576023,0.12296629084020425,0.9403687951268518,False
GUT_GENOME001635_4,GUT_GENOME001635_01123,115894,0.04967738669158465,0.04640024816011453,0.04757407979054232,0.002606763051118752,0.34000657410930735,0.03987241941633966,0.0015659217674841434,0.003277138531470117,-0.27122399357468535,0.007701660374202654,-0.2789653457508693,0.151384118820503,0.9271016548369184,False
GUT_GENOME001635_4,GUT_GENOME001635_01123,117158,0.04903472123210646,0.04702635943476718,0.04791367055874996,0.002258380381279543,0.4038900852986268,0.03929310101794371,6.750191387199082e-05,0.002008361797339285,-0.30516160960207944,0.008620569540806249,-0.27086855036107704,0.16649337954964327,0.9201241340049309,False
GUT_GENOME001635_4,GUT_GENOME001635_01124,120374,0.04513287720722005,0.04527909181947896,0.04595416744734128,0.002001534047286431,0.5073157326067603,0.037975989971217795,3.35938181350975e-05,-0.00014621461225890892,-0.36279285781433185,0.007978177476123484,-0.27652886728553133,0.208086872123309,0.9011861525937761,False
GUT_GENOME001635_4,GUT_GENOME001635_01138,135527,0.040082929878702184,0.045130312019364745,0.045256695911638264,0.0018917170382426521,0.7708638514490723,0.03747621278455241,1.9534187819017446e-05,-0.005047382140662561,-0.49389073909668496,0.0077804831270858535,-0.2782708138805275,0.3213627080232009,0.85156337513324,False
GUT_GENOME001635_4,GUT_GENOME001635_01138,135604,0.038634772138736104,0.0457076922359429,0.04537756866692853,0.0019284953484595224,0.865574957129035,0.0376574749025027,3.1249744839706756e-05,-0.007072920097206795,-0.5480704285321174,0.0077200937644258324,-0.27880292339792995,0.3781122647266108,0.8277400423858884,False
GUT_GENOME001635_4,GUT_GENOME001635_01138,136046,0.03774309943875962,0.049074472864071274,0.0479545126152121,0.0021583016218143895,0.9677347974051805,0.0369803526675348,1.8417405496065032e-07,-0.011331373425311653,-0.6619767999464743,0.010974159947677302,-0.2501303309065382,0.5007784661067888,0.7784977070520527,False
GUT_GENOME001635_4,GUT_GENOME001635_01138,137171,0.039214452204453035,0.05233413520968007,0.05062804752399018,0.0023423012391469373,0.9749406478647871,0.03770315141263149,1.7140729370842328e-08,-0.013119683005227034,-0.7098110344722632,0.012924896111358691,-0.23294178588943304,0.558093580271943,0.7565045054382479,False
GUT_GENOME001635_4,GUT_GENOME001635_01139,138848,0.04243895704520709,0.04960330940489935,0.0481193038598391,0.0025013868186523373,0.8387088776150792,0.03791202518592946,2.2455178586270193e-05,-0.007164352359692261,-0.550516085780769,0.010207278673909637,-0.2568875610960142,0.36905917974923746,0.8314953356926589,False
GUT_GENOME001635_4,GUT_GENOME001635_01171,183573,0.04912552030509368,0.05440156188097566,0.05287623898704951,0.002745490077896412,0.74748047638312,0.03827006466923169,5.18662713182962e-08,-0.005276041575881983,-0.5000069894225025,0.01460617431781782,-0.21812751901109545,0.2975866040212904,0.861747217908831,False
GUT_GENOME001635_4,GUT_GENOME001635_01190,207757,0.057138074314431686,0.06314518211279728,0.06131653029801331,0.00297263517047139,0.7616518985523991,0.038504671345190554,8.338839994673153e-15,-0.0060071077983655935,-0.519561765358903,0.022811858952822756,-0.14582467131139656,0.29120926278593656,0.8644994315618914,False
GUT_GENOME001635_4,GUT_GENOME001635_01241,271473,0.044386057546657184,0.04815146691768389,0.046686609266644266,0.0023438901569919784,0.6964094279677879,0.03871057795234284,0.0003333694906788095,-0.0037654093710267067,-0.45960015160157225,0.007976031314301427,-0.2765477777870021,0.28771097275111734,0.866012889678153,False
GUT_GENOME001635_4,GUT_GENOME001635_01241,271634,0.047275080139766695,0.05000549257220115,0.04858325130464781,0.0027352472964585106,0.6203104659488837,0.039776679527984346,0.000641709112326772,-0.002730412432434458,-0.4319157468149929,0.008806571776663462,-0.26922962662354794,0.25903580419860806,0.8785188609435803,False
GUT_GENOME001635_4,GUT_GENOME001635_01241,271820,0.06114914277207854,0.05895090743436398,0.05813452308997937,0.0032600352329506237,0.40900045269612945,0.038642572595293176,1.122135501228942e-09,0.0021982353377145575,-0.3000828158839457,0.019491950494686196,-0.17507742063125212,0.12070179960373044,0.9414341265692786,False
GUT_GENOME001635_4,GUT_GENOME001635_01241,271821,0.05362091205208878,0.06475419853381109,0.06133507301951533,0.0029207072323755015,0.9508783806386136,0.03763488698045205,2.4382081587448267e-16,-0.011133286481722314,-0.6566783116855114,0.02370018603906328,-0.13799734417406415,0.4502696720372288,0.7984085572701269,False
GUT_GENOME001635_4,GUT_GENOME001635_01241,272232,0.043729370263248274,0.043440646158936044,0.041310402467373115,0.0025419849832136474,0.4838227575355212,0.04238535266043894,0.663807958363951,0.0002887241043122296,-0.3511589881496657,-0.0010749501930658253,-0.35629879998304,0.25026146982765135,0.8823815369694058,False
GUT_GENOME001635_4,GUT_GENOME001635_01241,272441,0.07952694174248996,0.07035568668917884,0.06920441250918913,0.00433269429220783,0.2256600272550977,0.0424221345310467,3.176030043685361e-10,0.009171255053311123,-0.1135664184017052,0.02678227797814243,-0.11084007040837851,0.025182852596725473,0.9874875140385782,False
GUT_GENOME001635_4,GUT_GENOME001635_01242,272527,0.10802423633710576,0.08481675082718976,0.086376292418697,0.004589617108741167,0.02250991645963091,0.04101141343122026,2.436314689172591e-23,0.023207485509915998,0.26187883283439684,0.045364878987476744,0.05289702532529898,0.07137861837497128,0.9649400449222872,False
GUT_GENOME001635_4,GUT_GENOME001635_01242,272545,0.06827780365680239,0.06224100275817526,0.0605714933673729,0.003196082691271837,0.3041670835892514,0.04267018920723353,1.0655071131662884e-08,0.006036800898627126,-0.19740772688062203,0.017901304160139367,-0.18909310180673938,0.07472601178306816,0.9633263787200901,False
GUT_GENOME001635_4,GUT_GENOME001635_01242,272645,0.09536463438076,0.08224792786966922,0.08167881559083479,0.003391094669537577,0.11961663542266054,0.042131177841923655,9.94140501300075e-32,0.013116706511090773,-0.008032313758325952,0.03954763774891113,0.0016394976462372401,6.720601684420983e-05,0.9999663975561527,False
GUT_GENOME001635_4,GUT_GENOME001635_01242,272652,0.0658700489678121,0.06199506055633694,0.06121486675335486,0.0019430005298106457,0.2985069612959278,0.04427960387402893,1.440556635208321e-18,0.0038749884114751554,-0.25523252783935724,0.016935262879325924,-0.19760519296124357,0.10419145555251857,0.9492379940511225,False
GUT_GENOME001635_4,GUT_GENOME001635_01242,272654,0.12341954811286615,0.08836038330831178,0.09062419532474367,0.004014275393372323,0.012808716504060373,0.050097277427306255,2.885905950765788e-24,0.03505916480455437,0.5788910623002779,0.04052691789743741,0.010268240595020035,0.3352202987760614,0.845683460642707,False
GUT_GENOME001635_4,GUT_GENOME001635_01242,272677,0.17559569535499012,0.10404350504894487,0.10977729830009475,0.004106627629370193,0.0001205082759071067,0.051717241270511166,1.1053237915200924e-45,0.07155219030604525,1.5550173214217593,0.058060057029583584,0.16475820027020474,2.44522413447798,0.29446001216293094,False
GUT_GENOME001635_4,GUT_GENOME001635_01242,272752,0.43639116024859664,0.3998906747559144,0.40270504425008613,0.009418688744892746,0.09988502417216838,0.22643718897296694,1.8789510114901708e-78,0.036500485492682255,0.6174439351345457,0.1762678552771192,1.2063239944451787,1.8364545926086047,0.3992261238003563,False
GUT_GENOME001635_4,GUT_GENOME001635_01242,272816,0.44229079380669833,0.4199127313874634,0.42391088054443077,0.010671057751183977,0.2206141077631089,0.2439133690288174,3.880219980200822e-64,0.022378062419234956,0.23969317824397693,0.17999751151561336,1.2391871593094124,1.5930376354940297,0.450895885920634,False
GUT_GENOME001635_4,GUT_GENOME001635_01242,272831,0.37570401198037046,0.3451761282894097,0.3488419096309846,0.00951677403560117,0.14622811654936907,0.21465050732201468,1.885077285801803e-45,0.030527883690960766,0.457687012439867,0.13419140230896992,0.835575238427722,0.9076633804296754,0.635189632880196,False
GUT_GENOME001635_4,GUT_GENOME001635_01242,273206,0.2205686477860799,0.1813082400474601,0.18863999740713983,0.007825748761976834,0.056812913133334385,0.10990227950702335,4.092754888246754e-24,0.0392604077386198,0.6912671531432337,0.07873771790011648,0.34695552215244685,0.598228411366828,0.7414747239717365,False
GUT_GENOME001635_4,GUT_GENOME001635_01243,273511,0.20574709430492957,0.1293620527492513,0.1447609666890694,0.007801916732753644,0.001161836951934094,0.10287492874838558,3.9656273666247237e-08,0.07638504155567827,1.6842878586372096,0.04188603794068382,0.02224387137581403,2.837320380566501,0.24203808473168895,False
GUT_GENOME001635_4,GUT_GENOME001635_01243,273634,0.16975762089435711,0.12873305805614105,0.13818100876669406,0.006892014549718168,0.007016044691384734,0.10155753328312343,5.365178645735731e-08,0.041024562838216067,0.7384552964723923,0.03662347548357063,-0.024126208486093727,0.5458982988240433,0.7611314906287181,False
GUT_GENOME001635_4,GUT_GENOME001635_01243,273709,0.19369579751788474,0.12042442434469854,0.14642265604375332,0.010814241287916346,0.0007039633846492682,0.10407640666816666,4.505516682686822e-05,0.0732713731731862,1.6010025341517775,0.04234624937558666,0.026298937926323714,2.5639007484964664,0.2774955521400537,False
GUT_GENOME001635_4,GUT_GENOME001635_01243,273710,0.17565864052408403,0.10003377027193626,0.12158507078674613,0.00876666056304223,0.00023621944405421267,0.10138095659401034,0.01059299597135727,0.07562487025214777,1.6639545713690327,0.020204114192735795,-0.1688023240746924,2.7972390401929186,0.2469376211757349,False
GUT_GENOME001635_4,GUT_GENOME001635_01243,273820,0.14987797185684268,0.10368162463470791,0.1177267174568719,0.0069501307307961255,0.0015299352537141973,0.10070052950053054,0.00714747115236076,0.04619634722213477,0.8767917175907567,0.01702618795634135,-0.19680402373674216,0.8074955397947214,0.6678125424537165,False
GUT_GENOME001635_4,GUT_GENOME001635_01243,274045,0.17514704007624685,0.14699629971701375,0.15947065366655128,0.012470355733557453,0.06404246732777268,0.09962814160547857,7.981692428322778e-07,0.028150740359233095,0.3941024782471591,0.0598425120610727,0.1804639677236041,0.18788400700709856,0.9103355569826966,False
GUT_GENOME001635_4,GUT_GENOME001635_01243,274067,0.1639340547457891,0.15143047403526988,0.1529226242353186,0.0123903334961394,0.24581634937121588,0.09931142184717973,7.562601076011572e-06,0.012503580710519213,-0.024432384343274556,0.05361120238813888,0.12555795386952381,0.016361741184598957,0.9918525016628167,False
GUT_GENOME001635_4,GUT_GENOME001635_01243,274123,0.15769389479058654,0.09636516732138206,0.1222020406521024,0.009642553943164966,0.0005463300950355204,0.10132344462794582,0.015184049931938299,0.06132872746920448,1.2815571082151243,0.02087859602415658,-0.16285925420269243,1.6689117582961688,0.43411062582517035,False
GUT_GENOME001635_4,GUT_GENOME001635_01244,275325,0.14822973562302907,0.0908404163492835,0.10999227328196151,0.00803706264868196,0.0007849215107869877,0.10117658912334593,0.13634717437236954,0.057389319273745576,1.1761846505429394,0.008815684158615583,-0.26914933458287466,1.4558516964792207,0.48290957979907845,False
GUT_GENOME001635_4,GUT_GENOME001635_01244,275504,0.14114003107949177,0.08535256941306728,0.10302966411335862,0.007540291939031821,0.0007718851197014914,0.10276380962755256,0.48593706642847234,0.055787461666424495,1.1333376886264566,0.00026585448580605797,-0.3444845515926058,1.4031239227471177,0.4958102621783156,False
GUT_GENOME001635_4,GUT_GENOME001635_01251,286460,0.13320793558142782,0.0827182174268922,0.10092131786905412,0.007581192975679285,0.0009350803412473783,0.10374233635307119,0.6450935799570807,0.05048971815453562,0.9916320754310278,-0.002821018484017071,-0.3716839525119789,1.1214831335785747,0.5707856311985247,False
GUT_GENOME001635_4,GUT_GENOME001635_01251,286562,0.12832082590351668,0.09253143075511315,0.1079608455157375,0.007779604904680833,0.00812760577528408,0.10483535056896401,0.34393218191596014,0.03578939514840353,0.5984234799072902,0.0031254949467734855,-0.3192873672110371,0.4600550841649066,0.7945117196946924,False
GUT_GENOME001635_4,GUT_GENOME001635_01251,286658,0.1254670191103012,0.18614112256076532,0.13920150491640018,0.010022924463397444,0.9999939440046176,0.10324090198587928,0.00016671735128683042,-0.06067410345046412,-1.9818107630780204,0.035960602930520905,-0.029966985383978503,3.9284719208648893,0.14026301217768838,False
GUT_GENOME001635_4,GUT_GENOME001635_01251,286660,0.1189512772482906,0.1627363742850682,0.1461723207880756,0.00798295327806168,0.9997816761261293,0.12101935156614511,0.0008140219531359871,-0.043785097036777604,-1.5300586152546776,0.025152969221930485,-0.12519641824480826,2.3567535092563903,0.30777793243885126,False
GUT_GENOME001635_4,GUT_GENOME001635_01251,286670,0.10787792563385334,0.15764131880093515,0.1426230117745757,0.008038412056212115,0.9999707652832234,0.12820773333019234,0.036462542316366184,-0.04976339316708181,-1.6899678515375358,0.014415278444383367,-0.21980956211625605,2.9043075828281353,0.23406561629528916,False
GUT_GENOME001635_4,GUT_GENOME001635_01251,286685,0.10287521169321157,0.1083515543881281,0.10788513272916404,0.00666613952595996,0.6762041463829179,0.13114429905888172,0.9997577211839486,-0.005476342694916536,-0.5053647031043418,-0.02325916632971768,-0.5517708503983161,0.5598445544930204,0.7558424853319925,False
GUT_GENOME001635_4,GUT_GENOME001635_01251,286718,0.09351016164568791,0.06857037395534891,0.0786401514743173,0.005415540498221279,0.009090712211759952,0.10560931507406766,0.9999996820094403,0.024939787690339,0.30821496484338057,-0.026969163599750365,-0.5844607939573413,0.4365908842266521,0.8038879042377023,False
GUT_GENOME001635_4,GUT_GENOME001635_01251,286754,0.08339883132963927,0.07255194759428764,0.0772877282500886,0.007619762776828455,0.1118645561324168,0.11129559896521646,0.9999959611495367,0.010846883735351628,-0.06874620592000685,-0.034007870715127855,-0.6464810386051688,0.42266377410441375,0.8095053579462402,False
GUT_GENOME001635_4,GUT_GENOME001635_01251,286761,0.0722249120212536,0.056218478010226676,0.06217030193104081,0.004933303811814973,0.04434727609380694,0.11491379864555447,1.0,0.016006434011026922,0.06926297364605512,-0.05274349671451366,-0.8115664852738483,0.6634375195380415,0.7176891375327208,False
GUT_GENOME001635_4,GUT_GENOME001635_01251,286773,0.10263882517551826,0.07962134671573229,0.09100390686790344,0.005920292914189291,0.008874108638044095,0.11131537636646144,0.9996991220261361,0.023017478459785967,0.25679646795778344,-0.020311469498558,-0.525797773863174,0.34240772495506233,0.8426497712901395,False
GUT_GENOME001635_5,GUT_GENOME001635_01297,61514,0.13328330721102707,0.10798627484096754,0.1105145837937442,0.0051898204277693654,0.06651831658796398,0.09732188246763619,0.0055104685270692365,0.025297032370059536,0.3177706513893594,0.013192701326108003,-0.23058207058029198,0.15414627815751253,0.9258221373519553,False
GUT_GENOME001635_5,GUT_GENOME001635_01299,64996,0.12443545041392085,0.10984552892194976,0.11127018077712728,0.005239775652590261,0.18204244615908877,0.09686104847867671,0.002980198430411191,0.01458992149197108,0.03137367706887117,0.014409132298450561,-0.2198637177258226,0.04932436198504202,0.9756394459130695,False
GUT_GENOME001635_5,GUT_GENOME001635_01300,65795,0.12938985528318528,0.10674535074868134,0.10886029372046431,0.00504769236670642,0.07660530569995339,0.0968275425035367,0.008567169301665982,0.022644504534503937,0.24682005089089679,0.012032751216927609,-0.24080275292598496,0.11890610333851784,0.9422797710151256,False
GUT_GENOME001635_5,GUT_GENOME001635_01301,66478,0.1230878456239842,0.10347353182548238,0.10504310937074433,0.004735558801308921,0.10776529229620019,0.09501025629425026,0.01706126590267442,0.019614313798501815,0.16576761122848838,0.01003285307649407,-0.2584244794600306,0.09426211251658705,0.9539623666591799,False
GUT_GENOME001635_5,GUT_GENOME001635_01302,68138,0.12150444268785655,0.11034938385963569,0.11114285312907646,0.0051729712190317035,0.22932882304866936,0.09257622947641607,0.00016587231738816026,0.011155058828220862,-0.060503047222612176,0.01856662365266039,-0.18323076416166614,0.03723413165848976,0.9815551612968059,False
GUT_GENOME001635_5,GUT_GENOME001635_01304,69999,0.10147216213216961,0.0917950564733931,0.09263740859076351,0.005034109379807416,0.22849383478149077,0.0819841463705133,0.017163225540068834,0.00967710565877651,-0.10003577652146171,0.010653262220250218,-0.2529578609110868,0.07399483598096457,0.9636786235732192,False
GUT_GENOME001635_5,GUT_GENOME001635_01304,70652,0.0939710833081941,0.08147209644434729,0.082057907792524,0.004524644026741507,0.1368166721030794,0.07659423588973499,0.11361283725850257,0.012498986863846817,-0.024555261915240205,0.0054636719027890135,-0.2986849604813719,0.08981566650548473,0.956085597071972,False
GUT_GENOME001635_5,GUT_GENOME001635_01305,71235,0.08800347978105716,0.07664316846814552,0.07768721140156637,0.0038156586051302094,0.13773140843234927,0.07291714118396411,0.10562598691665337,0.011360311312911639,-0.05501289294509381,0.004770070217602257,-0.30479650135078074,0.09592732562586484,0.9531684219074885,False
GUT_GENOME001635_5,GUT_GENOME001635_01305,71361,0.08656657595899873,0.07482497465955693,0.07602342131831495,0.003473076057235557,0.14751751112799877,0.07095297634586431,0.07215477357666573,0.011741601299441809,-0.04481403540786468,0.005070444972450641,-0.30214980566130833,0.09330280283070373,0.9544200490843531,False
GUT_GENOME001635_5,GUT_GENOME001635_01307,74208,0.07560423982025524,0.06833515760087416,0.06927048999236289,0.003266864818493035,0.23472017580393778,0.06917060761748045,0.48780448615748967,0.007269082219381079,-0.1644463009839478,9.988237488244012e-05,-0.3459469836494406,0.14672190140344948,0.9292653505032978,False
GUT_GENOME001635_5,GUT_GENOME001635_01307,74243,0.06260285918669947,0.06452328061314037,0.06494626929322733,0.002975811993928375,0.5845455839155529,0.06256279011201922,0.21158004672416975,-0.001920421426440902,-0.4102498673835866,0.002383479181208112,-0.3258254996490767,0.2744672099098209,0.8717665533571616,False
GUT_GENOME001635_5,GUT_GENOME001635_01307,74391,0.06188378934817386,0.06426867029912771,0.06449086172703496,0.0030190151686607866,0.603946587911995,0.06218420260442429,0.22242063974255488,-0.0023848809509538493,-0.4226733683661961,0.0023066591226106672,-0.32650238515517555,0.2852565838380447,0.8670763082728977,False
GUT_GENOME001635_5,GUT_GENOME001635_01307,74979,0.05761840915879567,0.05904579336520241,0.059341644821554455,0.0027256966923697953,0.5678066200187218,0.05987808351772405,0.5780110734060991,-0.0014273842064067357,-0.39706196173350716,-0.0005364386961695944,-0.35155380715471135,0.2812482807806331,0.8688158031049997,False
GUT_GENOME001635_5,GUT_GENOME001635_01308,75732,0.060167433889619745,0.05854997050428986,0.05901403035332853,0.0025981641093094014,0.4226850405128567,0.05730153566827764,0.25491025175982307,0.0016174633853298856,-0.3156174761510362,0.001712494685050886,-0.3317377534088126,0.20966432828867607,0.9004756420041611,False
GUT_GENOME001635_5,GUT_GENOME001635_01308,75752,0.056503759294520214,0.06380370765576734,0.06312835246958515,0.0030626120801302923,0.8147293116229264,0.05725036451725743,0.027474911500626167,-0.00729994836124713,-0.5541430478079152,0.005877987952327718,-0.29503429249182395,0.3941197511799966,0.8211414655109774,False
GUT_GENOME001635_5,GUT_GENOME001635_01319,89189,0.053776407372380285,0.06197413868731319,0.06103772795375792,0.0031822230193281928,0.8500451470210697,0.05706281613167215,0.10581441991113155,-0.008197731314932906,-0.5781572122692458,0.003974911822085772,-0.3118028900831611,0.43148680436315756,0.8059420783222235,False
GUT_GENOME001635_5,GUT_GENOME001635_01323,93926,0.0521200902447448,0.06084199641931008,0.05982035766830176,0.0030903251806356185,0.8651352522811062,0.0569039916905921,0.17265932807916368,-0.00872190617456528,-0.5921779967294867,0.0029163659777096604,-0.32113006781097403,0.4537993002628287,0.7970007571985842,False
GUT_GENOME001635_5,GUT_GENOME001635_01323,94342,0.047610285549952884,0.05567388162041586,0.05449412511846865,0.0029322283779332804,0.8789979359173505,0.05692478764783048,0.7964328598854686,-0.008063596070462975,-0.5745693230054348,-0.0024306625293618322,-0.36824440439460343,0.46573384830685993,0.7922589970462308,False
GUT_GENOME001635_5,GUT_GENOME001635_01323,94343,0.04623376781011778,0.06852995988931132,0.06641636823718997,0.0032839293686115012,0.9998956751612258,0.05772019037806689,0.004047262468051024,-0.02229619207919354,-0.9552670182135758,0.008696177859123078,-0.27020234187668424,0.9855443816423008,0.6109304287736663,False
GUT_GENOME001635_5,GUT_GENOME001635_01323,94450,0.04625660232191448,0.07395479075859461,0.07159606693961218,0.003392863600224634,0.9999999329174476,0.05783230096815801,2.4887474809540203e-05,-0.027698188436680128,-1.0997612174135252,0.013763765971454171,-0.22555024180356717,1.2603476469045265,0.532499232106955,False
GUT_GENOME001635_5,GUT_GENOME001635_01340,116565,0.06445000848956199,0.07351811477587446,0.07179900653989033,0.003314848345159495,0.8171220898070795,0.058006369733829104,1.585221608742267e-05,-0.009068106286312466,-0.6014382598987713,0.013792636806061222,-0.22529585187141551,0.4124862013405288,0.8136352569625719,False
GUT_GENOME001635_5,GUT_GENOME001635_01340,116718,0.08091090555510272,0.07432989351057778,0.0730991926480989,0.003287718763988209,0.28066125073851395,0.05800847528478069,2.215945105312877e-06,0.0065810120445249365,-0.18285100589853348,0.015090717363318212,-0.21385805904753422,0.07916975977768416,0.9611883649664389,False
GUT_GENOME001635_5,GUT_GENOME001635_01340,116812,0.09372110332818986,0.07602988093625476,0.07551093024133558,0.0033884052747077302,0.05896572022534723,0.05741761723629219,4.653166756109674e-08,0.017691222391935102,0.11432819246711594,0.01809331300504339,-0.18740125196268523,0.04819016482997974,0.9761928865679019,False
GUT_GENOME001635_5,GUT_GENOME001635_01340,117054,0.07021073181880869,0.08011431915754513,0.0803889116436731,0.003746468422169583,0.8939434341059636,0.05866951532688082,3.369580923895468e-09,-0.009903587338736447,-0.623785954644886,0.021719396316792275,-0.15545070047337106,0.41327383748989344,0.8133148957783342,False
GUT_GENOME001635_5,GUT_GENOME001635_01340,117066,0.07684304832314436,0.08477155622923696,0.08376350976186112,0.0036847746782472115,0.8117969998042467,0.05858987101217759,4.192824197309318e-12,-0.007928507906092605,-0.5709559447577736,0.02517363874968353,-0.12501429258636196,0.3416192642051103,0.8429820349153522,False
GUT_GENOME001635_5,GUT_GENOME001635_01342,118403,0.09262519417377978,0.09291665490924966,0.09313669152798913,0.0038256431399408273,0.5115906695361614,0.05900401041948396,2.288127815070394e-19,-0.0002914607354698867,-0.3666779441548995,0.034132681108505175,-0.04607337491549379,0.13657547060576727,0.9339916925276294,False
GUT_GENOME001635_5,GUT_GENOME001635_01342,118430,0.09173164154228146,0.09050269478303044,0.09094412244430368,0.003491830321261629,0.44875739843184514,0.05871220379790025,1.3447745265956426e-20,0.0012289467592510178,-0.32600963398419175,0.03223191864640343,-0.06282158605492476,0.11022883312496298,0.9463768605714684,False
GUT_GENOME001635_5,GUT_GENOME001635_01342,118540,0.09006784203442333,0.08842665581501222,0.08910188857523164,0.0033173981866065215,0.43055947442480075,0.05814033469363194,5.141743864844428e-21,0.001641186219411117,-0.31498293075587497,0.030961553881599706,-0.07401516638347368,0.1046924915223336,0.9490002226459053,False
GUT_GENOME001635_5,GUT_GENOME001635_01342,118627,0.09288432410328176,0.08699368449399623,0.08826620218235863,0.0034841921667183137,0.2743766068125941,0.0587525076715761,1.2191690833676088e-17,0.005890639609285528,-0.20131729235601836,0.029513694510782527,-0.08677270706840318,0.04805815489353747,0.9762573222748725,False
GUT_GENOME001635_5,GUT_GENOME001635_01342,118666,0.0922797483529689,0.0869947605983688,0.08802206037373748,0.003553685903333078,0.29454996927803784,0.05837975730396481,3.6744107854279547e-17,0.005284987754600096,-0.21751744762184924,0.029642303069772676,-0.08563949692602524,0.05464796345366661,0.973045941346981,False
GUT_GENOME001635_5,GUT_GENOME001635_01342,118727,0.09119708501482508,0.08259894439101789,0.08394739824284728,0.0032365805502315007,0.18627079893579845,0.05666823124809837,1.7522491171984375e-17,0.00859814062380719,-0.12889625297783153,0.02727916699474891,-0.10646182624114701,0.02794836447832532,0.9861230034220698,False
GUT_GENOME001635_5,GUT_GENOME001635_01345,123817,0.07291935090208884,0.06928418826971482,0.07018694060279468,0.0026862295272219432,0.33131246920852253,0.05006152523884085,3.389828528856677e-14,0.0036351626323740255,-0.2616474588399485,0.020125415363953826,-0.16949576401111083,0.09718820673511272,0.9525676952600484,False
GUT_GENOME001635_5,GUT_GENOME001635_01346,124032,0.07099855717994721,0.06288719297330413,0.06407087678362096,0.0024870262602795534,0.16018088754132315,0.04889256373540185,5.204899762303473e-10,0.008111364206643087,-0.14191669281764535,0.015178313048219108,-0.21308622613580833,0.06554608746909876,0.9677581734476237,False
GUT_GENOME001635_5,GUT_GENOME001635_01346,124094,0.07567483747735493,0.06242364170445645,0.06408448709573102,0.003130905083756275,0.05685185538212573,0.049039952776374116,7.730964780131825e-07,0.013251195772898475,-0.004434955133867737,0.0150445343193569,-0.21426499225815246,0.04592915573442555,0.9772971011078515,False
GUT_GENOME001635_5,GUT_GENOME001635_01346,124104,0.06381126164182582,0.057046280573731865,0.058456631469245075,0.0030576652825764173,0.19789135527383228,0.04824745586603825,0.0004205853842364208,0.006764981068093957,-0.17793014794546178,0.010209175603206826,-0.2568708466600868,0.09764176941176374,0.9523516951765915,False
GUT_GENOME001635_5,GUT_GENOME001635_01346,124388,0.07198554611074323,0.05824153262284913,0.06023072675711322,0.003189199006290297,0.039518644618077095,0.04689888449510901,1.4555562689858407e-05,0.0137440134878941,0.008747079130400728,0.013331842262004207,-0.2293560563786274,0.05268071199086961,0.9740035252475984,False
GUT_GENOME001635_5,GUT_GENOME001635_01346,124548,0.07151697020893719,0.0486149790317732,0.05153510144797332,0.0028806064350986884,0.0054025686144601685,0.0472556458000301,0.06869124968392898,0.02290199117716399,0.253707379902936,0.004279455647943221,-0.3091194594081725,0.1599222748020135,0.9231522217841306,False
GUT_GENOME001635_5,GUT_GENOME001635_01347,125247,0.06315183715242066,0.04892536207879038,0.05010474710719076,0.0027742496212233405,0.06994355792087031,0.04660076081046604,0.10328752840990485,0.014226475073630285,0.021652104580681373,0.0035039862967247218,-0.31595236182776465,0.10029470857731547,0.9510892670921676,False
GUT_GENOME001635_5,GUT_GENOME001635_01380,161817,0.05365049740541381,0.04180103770104378,0.04390145799813428,0.0025904638950416635,0.07935864328314773,0.04257988776408185,0.30496709400963506,0.011849459704370034,-0.0419290068340322,0.0013215702340524313,-0.3351823107248534,0.11410522303694048,0.944544374145478,False
GUT_GENOME001635_5,GUT_GENOME001635_01381,161919,0.062019020137602555,0.048412257060572,0.05033976033270339,0.0029662785046493797,0.03936115805247101,0.042816275630660545,0.005600928899056997,0.013606763077030556,0.00507586447285902,0.007523484702042844,-0.2805353071935752,0.07872582298234045,0.9614017420882842,False
GUT_GENOME001635_5,GUT_GENOME001635_01381,162382,0.06130220651153982,0.041866252217080895,0.043831229937017,0.002713375135124731,0.012554245434679456,0.04333248309749115,0.42708105944846414,0.019435954294458928,0.16099679836582143,0.000498746839525846,-0.34243246439568953,0.14317996175615014,0.930912509501139,False
GUT_GENOME001635_5,GUT_GENOME001635_01387,168111,0.055387080802394115,0.03902029614068321,0.040643808163605834,0.0026591577897956136,0.03388836821215139,0.04343650335701154,0.8531910364410571,0.016366784661710904,0.07890173962367394,-0.002792695193405706,-0.3714343871608208,0.14418898848117653,0.9304429701551616,False
GUT_GENOME001635_5,GUT_GENOME001635_01401,185310,0.04946152272205627,0.03592156362847811,0.03730143217318037,0.0022355246565896785,0.058901020332804366,0.04340106736495632,0.9968188720951644,0.013539959093578156,0.0032889717292266625,-0.006099635191775948,-0.4005728673351886,0.16046943938017028,0.9228996982306881,False
GUT_GENOME001635_5,GUT_GENOME001635_01401,187362,0.042165660332014084,0.035228887808744246,0.03590446252071855,0.0021337094716525574,0.19019143809870043,0.04351517030273954,0.9998193787461085,0.006936772523269838,-0.17333501920002473,-0.007610707782020991,-0.41388739942061664,0.201347808280234,0.9042278497721702,False
GUT_GENOME001635_5,GUT_GENOME001635_01401,187870,0.0352160006713398,0.030720356806233733,0.031248895963602315,0.0022187913391641164,0.24112850129327318,0.043365376777756905,0.999999976306632,0.004495643865106067,-0.2386310518633153,-0.01211648081415459,-0.4535891715216316,0.26268791543507236,0.8769161004520958,False
GUT_GENOME001635_5,GUT_GENOME001635_01401,188997,0.03987285817395474,0.03464296764307632,0.03463235789830781,0.0024296666821335207,0.2460969732127622,0.04345497310409155,0.999858948921142,0.0052298905308784185,-0.2189912044874515,-0.008822615205783736,-0.424565893877088,0.22821334588651554,0.8921627811764824,False
GUT_GENOME001635_5,GUT_GENOME001635_01403,190338,0.03704576679270308,0.03558659245901418,0.0352316192646434,0.002391358771691707,0.4198215362804955,0.04356080388620416,0.9997521175777896,0.0014591743336888965,-0.3198514386059138,-0.008329184621560758,-0.4202181230367057,0.2788882137067646,0.8698416400320327,False
GUT_GENOME001635_5,GUT_GENOME001635_01416,216068,0.03548182389341849,0.033950009386011185,0.03411477769320602,0.0022376812723312995,0.4118748557329305,0.04407722881824763,0.9999957488951896,0.001531814507407303,-0.3179084377157633,-0.009962451125041613,-0.4346093438192388,0.2899510565058667,0.8650434619765238,False
GUT_GENOME001635_5,GUT_GENOME001635_01416,216258,0.03617686262383918,0.037417777026238074,0.03741414230270531,0.002417354132937014,0.5701291951093389,0.04909206143295336,0.9999993203050248,-0.0012409144023988947,-0.39207421216426813,-0.01167791913024805,-0.4497248676824189,0.35597464445620075,0.8369530341211656,False
GUT_GENOME001635_6,GUT_GENOME001635_01530,62041,0.09998939093383576,0.10501554356837654,0.11050346372309576,0.0087165756260141,0.6268246782647398,0.07244926016370268,6.334985643441822e-06,-0.005026152634540787,-0.4933228859765649,0.03805420355939308,-0.011519616986759105,0.24350017140376845,0.8853696073800977,False
GUT_GENOME001635_6,GUT_GENOME001635_01530,62058,0.1112374993996141,0.11289903357002322,0.11696083494719647,0.007883933520297952,0.5405703411298333,0.07327448068987204,1.5021362002299604e-08,-0.0016615341704091235,-0.4033250743500739,0.043686354257324436,0.038107020185854885,0.1641232605869378,0.9212151821847641,False
GUT_GENOME001635_6,GUT_GENOME001635_01530,62169,0.10468827895752547,0.11599479356420989,0.11765615889918114,0.008132942334511433,0.759869070806771,0.0742556355281947,4.7408598948765524e-08,-0.011306514606684415,-0.6613118689000804,0.043400523370986446,0.035588475059881594,0.438599927505205,0.8030807868936312,False
GUT_GENOME001635_6,GUT_GENOME001635_01531,62246,0.1083254778315332,0.12353053143428495,0.12173904938430086,0.008334587277120432,0.8031235104546149,0.07778521747778351,6.686248885517933e-08,-0.015205053602751747,-0.7655911451172566,0.043953831906517346,0.04046384921266976,0.5877671245750579,0.7453632747854396,False
GUT_GENOME001635_6,GUT_GENOME001635_01532,63575,0.11982271674986714,0.13099420797909347,0.1296933737094589,0.008301293005469067,0.7199974277002454,0.07914794020943178,5.685778653639414e-10,-0.011171491229226338,-0.6577002235919457,0.05054543350002713,0.09854450759911575,0.4422806040908476,0.8016042056904928,False
GUT_GENOME001635_6,GUT_GENOME001635_01532,63865,0.12453095089034283,0.1439825629704231,0.14137448903165878,0.00869063680331966,0.8420477726661536,0.08184938364199838,3.70963613045702e-12,-0.019451612080080283,-0.8791793495385638,0.059525105389660396,0.17766719850289925,0.8045219620789208,0.6688061771804839,False
GUT_GENOME001635_6,GUT_GENOME001635_01534,65738,0.1294118153053558,0.14249484260755482,0.14075226933709692,0.008317265176687464,0.7405740224047,0.0779638925601171,2.190349511369799e-14,-0.013083027302199013,-0.7088305568664602,0.06278837677697982,0.20642090091958976,0.5450503466840713,0.7614542605853913,False
GUT_GENOME001635_6,GUT_GENOME001635_01534,65775,0.12895381634298836,0.139855090664464,0.1384158891037465,0.007271042551453172,0.7123177442118122,0.0741984853638008,5.14383083842884e-19,-0.01090127432147564,-0.650472381677241,0.0642174037399457,0.21901250338275494,0.4710807959628435,0.7901437421518285,False
GUT_GENOME001635_6,GUT_GENOME001635_01534,65984,0.12270706025647381,0.13874786187216862,0.13668615378714086,0.007357493527339423,0.8051472051422253,0.06784008989679276,4.0911194751887635e-21,-0.016040801615694808,-0.787945980602437,0.0688460638903481,0.2597970722267182,0.6883533870851107,0.708803675951738,False
GUT_GENOME001635_6,GUT_GENOME001635_01535,66132,0.10982814124184648,0.11815703084974774,0.11718446024103031,0.005846233627930821,0.6911965668175313,0.05786323889570691,1.710062371744611e-24,-0.008328889607901263,-0.5816654731522118,0.0593212213453234,0.17587071257127931,0.369265230197716,0.8314096751119213,False
GUT_GENOME001635_6,GUT_GENOME001635_01535,66302,0.09591293053172364,0.10276216719441203,0.10215039835280959,0.005539025865845677,0.6690312015263983,0.04941034081221132,8.531552853438686e-22,-0.006849236662688385,-0.5420872777474564,0.05274005754059827,0.11788202479866837,0.30775478846628174,0.8573771339485949,False
GUT_GENOME001635_6,GUT_GENOME001635_01541,72639,0.0830203340253047,0.0791161995797332,0.07966360674323579,0.004438605408907555,0.3872727012560663,0.04620811535434451,2.3973896154360976e-14,0.0039041344455715,-0.25445292108327916,0.03345549138889128,-0.05204030483529274,0.06745448237516367,0.9668351814916869,False
GUT_GENOME001635_6,GUT_GENOME001635_01541,72745,0.07520824747665582,0.07630653133300538,0.07639592981042119,0.004216220724568627,0.5354486714269392,0.04539125527503368,9.64223874780301e-14,-0.0010982838563495662,-0.3882590880566247,0.031004674535387508,-0.07363521684821726,0.1561672646188458,0.9248870728670918,False
GUT_GENOME001635_6,GUT_GENOME001635_01541,73001,0.0696927185233656,0.0759794811464974,0.07541762811265616,0.004296553311933178,0.6996442123013206,0.04530747983039748,1.208939703393536e-12,-0.0062867626231317975,-0.5270420554744254,0.030110148282258685,-0.08151716677929899,0.28441837671843134,0.8674397792009786,False
GUT_GENOME001635_6,GUT_GENOME001635_01547,78044,0.06532604081864665,0.07178203187688033,0.07141907778014889,0.004119527179123717,0.7256890813206588,0.044566826244463294,3.555792755121069e-11,-0.006455991058233676,-0.5315686277994914,0.026852251535685594,-0.11022351155935,0.2947144285611084,0.8629856515517493,False
GUT_GENOME001635_6,GUT_GENOME001635_01547,78127,0.057428929587606106,0.06806481555225126,0.067194520192137,0.003839181531520197,0.8732887607209847,0.044731744279944835,2.4441845250878626e-09,-0.010635885964645153,-0.6433736952732662,0.02246277591219216,-0.14890055090511028,0.43610108582942286,0.8040847998500309,False
GUT_GENOME001635_6,GUT_GENOME001635_01547,78148,0.0557435863543351,0.07110257818363078,0.06970313188841819,0.004081242094962852,0.9510245100788719,0.04490011011932249,6.110316288191593e-10,-0.015358991829295676,-0.7697087304132738,0.0248030217690957,-0.1282799144441715,0.6089072661242177,0.737526224274449,False
GUT_GENOME001635_6,GUT_GENOME001635_01547,78834,0.056521927899912616,0.05125046127501106,0.05317283548754847,0.0034341545364753464,0.27497591272869526,0.04379235379904087,0.0031520903223305015,0.0052714666249015565,-0.2178791148053825,0.009380481688507601,-0.26417272731591457,0.11725853852590559,0.9430563243238674,False
GUT_GENOME001635_6,GUT_GENOME001635_01564,96626,0.05604524414894604,0.044540544477864034,0.04846825965333788,0.003547496828923776,0.10343509955323243,0.043794768133668074,0.09385138399316939,0.011504699671082003,-0.051150750357991194,0.004673491519669809,-0.30564748639325434,0.09603678520070014,0.9531162566298946,False
GUT_GENOME001635_6,GUT_GENOME001635_01564,97256,0.05711309092653379,0.04585982074264883,0.05002531580067949,0.003680436312071629,0.11604556698641405,0.043546060964358785,0.03916506173333673,0.011253270183884966,-0.05787606078094995,0.006479254836320704,-0.28973634236652146,0.08729678649945034,0.9572904881039501,False
GUT_GENOME001635_6,GUT_GENOME001635_01587,126047,0.056942712526021934,0.04709991144932305,0.0497843131743377,0.003513308066390905,0.1482490049393544,0.043473982921214765,0.03623755039025125,0.009842801076698882,-0.09560370638675812,0.006310330253122935,-0.2912247895778096,0.09395194673952495,0.9541103213708768,False
GUT_GENOME001635_6,GUT_GENOME001635_01607,147167,0.053358783718448204,0.04749831116726269,0.04933035208547561,0.0035437112747475053,0.2585393556654195,0.04390735844648571,0.06296941931260584,0.005860472551185512,-0.2021242097646795,0.005422993638989897,-0.2990433893563507,0.13028114489073014,0.936935746770684,False
GUT_GENOME001635_6,GUT_GENOME001635_01607,147276,0.050589749261719615,0.04731067390838399,0.04795410783140045,0.003313308615173081,0.35616040822727446,0.043590425999607586,0.09391656129799858,0.003279075353335624,-0.2711721868895398,0.004363681831792865,-0.30837731622157855,0.16863092410247896,0.9191412561694939,False
GUT_GENOME001635_6,GUT_GENOME001635_01607,147337,0.05287709757050889,0.047563801718172045,0.048201762221107204,0.0028359531049331785,0.28107195509006166,0.043574572788122046,0.05138009230932759,0.005313295852336843,-0.21676025423580106,0.0046271894329851584,-0.30605546852645227,0.14065495763131533,0.9320885306726855,False
GUT_GENOME001635_6,GUT_GENOME001635_01607,147469,0.051501604917293754,0.049635479177867536,0.04917767788525591,0.003351692802997152,0.41745888757813426,0.043944418357636635,0.05921729047375335,0.001866125739426218,-0.308966181824166,0.005233259527619279,-0.3007151958134678,0.18588973050413587,0.9112437401050636,False
GUT_GENOME001635_6,GUT_GENOME001635_01607,147470,0.046191001085313425,0.04121853045227835,0.04214752926461685,0.0027715351132915544,0.26357693741090427,0.04374682481501376,0.7180448708089592,0.004972470633035075,-0.22587674818935669,-0.0015992955503969092,-0.3609189705354671,0.18128280866497942,0.913345173804635,False
GUT_GENOME001635_7,GUT_GENOME001635_01762,83243,0.033039698176165595,0.029208536209226855,0.030023455280316916,0.001708433177187613,0.2240837163778977,0.04925480712768079,1.0,0.0038311619669387405,-0.25640481056374187,-0.01923135184736387,-0.5162805202145394,0.3322890024332238,0.8469238438210243,False
GUT_GENOME001635_7,GUT_GENOME001635_01767,89113,0.03463968736208237,0.0324649810841571,0.03319567716948402,0.0016672797423976065,0.33997477361702494,0.0491621184230402,1.0,0.0021747062779252715,-0.30071217814693,-0.01596644125355618,-0.4875123742380069,0.32809612912104946,0.8487012284482932,False
GUT_GENOME001635_7,GUT_GENOME001635_01768,89592,0.044377717128587776,0.03559003188662923,0.03708854936168836,0.0018621056058450733,0.07247904878880507,0.049645890604568255,0.9999999999922758,0.008787685241958547,-0.12382625736880389,-0.012557341242879896,-0.4574737303187088,0.22461515594567996,0.8937693114658456,False
GUT_GENOME001635_7,GUT_GENOME001635_01768,89709,0.043730064808672996,0.035594974714802906,0.03728422428786997,0.001950159099245084,0.07946203684285602,0.0503123037352176,0.9999999999880953,0.00813509009387009,-0.1412820657560364,-0.013028079447347629,-0.4616215515204725,0.23305507893246127,0.8900055863603837,False
GUT_GENOME001635_7,GUT_GENOME001635_01768,90395,0.0479209438723098,0.03694227855102103,0.038461136564701376,0.0019916898802722236,0.04885799699557518,0.05041493846644706,0.9999999990245242,0.010978665321288772,-0.06522127301202792,-0.011953801901745685,-0.45215575686447096,0.20869864291899204,0.9009105350647985,False
GUT_GENOME001635_7,GUT_GENOME001635_01768,90422,0.04842317744359136,0.036899135536141436,0.03821281084211698,0.0018770709200369119,0.04393713730779792,0.050909671468643405,0.999999999993297,0.011524041907449926,-0.05063337848845153,-0.012696860626526425,-0.45870307914158676,0.21297225383112758,0.8989875198044905,False
GUT_GENOME001635_7,GUT_GENOME001635_01769,90519,0.04699055108324555,0.03683983218815282,0.038378429128595896,0.0019152029873915819,0.06134538727072002,0.0511026693220663,0.9999999999847159,0.010150718895092725,-0.08736742934326248,-0.012724240193470404,-0.4589443290490459,0.2182629648763289,0.8966125209473994,False
GUT_GENOME001635_7,GUT_GENOME001635_01769,91227,0.047511888898835286,0.03902693936818853,0.04050680366786197,0.0021337491393322383,0.09460313581973312,0.05168759090702503,0.9999999196998229,0.008484949530646754,-0.13192392187659285,-0.011180787239163062,-0.4453444834723743,0.21573563012257724,0.8977462571216601,False
GUT_GENOME001635_7,GUT_GENOME001635_01771,92403,0.045737476263169353,0.045856904080731405,0.04585397049460378,0.0028126771623480287,0.5061042782507553,0.054485054600505865,0.9989248100601718,-0.00011942781756205112,-0.36207635669276195,-0.008631084105902083,-0.4228782535934944,0.30992530543818797,0.8564471628590989,False
GUT_GENOME001635_7,GUT_GENOME001635_01771,92528,0.05778394062575535,0.05110798420600645,0.05143025743647093,0.0031277605123292795,0.2491470745743804,0.057731492906221114,0.9780275350195059,0.006675956419748899,-0.18031140561770156,-0.0063012354697501854,-0.4023492302887936,0.19439710610981598,0.9073758260040042,False
GUT_GENOME001635_7,GUT_GENOME001635_01771,92975,0.06439821544342308,0.057405620880012484,0.05781724037525762,0.0036125647822100233,0.25352076395206014,0.06023442428917496,0.7482856397713209,0.006992594563410601,-0.1718418747300792,-0.002417183913917341,-0.3681256401082539,0.1650461168158599,0.9207902056558352,False
GUT_GENOME001635_7,GUT_GENOME001635_01771,93162,0.05872359868906402,0.059587189774592146,0.05940580925712364,0.003614993074207173,0.5357948714066074,0.06005110940669621,0.5708374337239074,-0.0008635910855281231,-0.3819814562824263,-0.000645300149572571,-0.3525130193881655,0.2701752617818043,0.8736393505389077,False
GUT_GENOME001635_7,GUT_GENOME001635_01785,118477,0.05186495970685436,0.05870388697546118,0.058080791435086584,0.003842495703292574,0.7773236642250916,0.059517344304754805,0.6457455121326668,-0.006838927268606819,-0.5418115190198541,-0.00143655286966822,-0.3594849939957436,0.42278918305072155,0.8094545999306489,False
GUT_GENOME001635_7,GUT_GENOME001635_01785,118722,0.05425108122674511,0.06008645864830046,0.05978857983085756,0.0037247578363969556,0.7325263670496983,0.0607415209826236,0.6009627144458377,-0.005835377421555349,-0.5149682703556877,-0.000952941151766043,-0.35522374025024794,0.3913762251105043,0.8222686499578865,False
GUT_GENOME001635_7,GUT_GENOME001635_01791,124139,0.047723598980463466,0.05870211371670203,0.05781463810851289,0.0037952096734271373,0.9012585164732188,0.06091231003124876,0.792808762989964,-0.010978514736238565,-0.6525384311779174,-0.00309767192273587,-0.3741216322833843,0.5657733999065215,0.7536051665235126,False
GUT_GENOME001635_7,GUT_GENOME001635_01791,124279,0.04972216188068639,0.05886304831258728,0.058023965578531664,0.003518585206267934,0.8418634570369081,0.059794977602943375,0.6926341141651976,-0.009140886431900884,-0.603385004797975,-0.0017710120244117111,-0.36243201796788455,0.49543043166332523,0.7805822090828736,False
GUT_GENOME001635_7,GUT_GENOME001635_01791,124397,0.046163548955572675,0.05809431430602894,0.05666159387428812,0.003538753413387478,0.9099617968425043,0.056307013497028637,0.46009307752478146,-0.011930765350456264,-0.6780095127621089,0.00035458037725948077,-0.34370276007829265,0.5778284866813487,0.7490764409414721,False
GUT_GENOME001635_7,GUT_GENOME001635_01792,125481,0.043881339825191705,0.05225676214552686,0.05111767980496185,0.003038968204096652,0.8301281922065187,0.05025963846562383,0.3888390046287776,-0.008375422320335155,-0.5829101439321945,0.0008580413393380268,-0.33926660844889395,0.45488606750746685,0.796567797682355,False
GUT_GENOME001635_7,GUT_GENOME001635_01795,129482,0.04327454080802868,0.050736199266252606,0.04977733229286209,0.0029543539953914865,0.8083019244573848,0.05077028440985804,0.6316014717795488,-0.007461658458223927,-0.5584685173971025,-0.000992952116995953,-0.35557628934931945,0.4383215824711487,0.8031925614459124,False
GUT_GENOME001635_7,GUT_GENOME001635_01795,129633,0.04268652726302938,0.04937184289003473,0.048902837858249,0.0027594962203217124,0.8032884694487219,0.05180443104692457,0.8534840740911189,-0.006685315627005355,-0.5377026693146462,-0.002901593188675576,-0.3723939213760661,0.42780139326593936,0.8074285614165078,False
GUT_GENOME001635_7,GUT_GENOME001635_01795,129709,0.0444762874794511,0.05227202579013039,0.0515834171510826,0.0030799860222750853,0.8303051405835508,0.0561066876896664,0.9290294776595208,-0.007795738310679291,-0.5674045842795754,-0.004523270538583805,-0.38668302651036246,0.4714717252526915,0.7899893120791313,False
GUT_GENOME001635_7,GUT_GENOME001635_01797,131047,0.04256130788216869,0.04697856641830872,0.04664616609575671,0.0028341600183328392,0.7093502290459626,0.05642710275914189,0.9997208346329292,-0.0044172585361400285,-0.4770360062151486,-0.009780936663385177,-0.43300996326049157,0.41506097950855153,0.8125884657727438,False
GUT_GENOME001635_7,GUT_GENOME001635_01797,131461,0.044884676111250355,0.050060390677281685,0.04944282595262037,0.0029683207559562043,0.7256603977388155,0.058443394848630356,0.9987861447334538,-0.005175714566031331,-0.497323412835783,-0.009000568896009989,-0.42613389936771334,0.4289206771449631,0.8069768169497445,False
GUT_GENOME001635_7,GUT_GENOME001635_01798,133112,0.045382325765198066,0.050745111516721515,0.05024448499594272,0.0028881655372819163,0.7252880406749086,0.0602227182490433,0.9997247197553485,-0.0053627857515234495,-0.5023272483351549,-0.009978233253100578,-0.4347484050739886,0.4413388401343452,0.8019817555483787,False
GUT_GENOME001635_7,GUT_GENOME001635_01818,156516,0.04483301995249903,0.05450290681369245,0.053174383875912466,0.003293977350558095,0.8475787549562434,0.057959821714249044,0.9268581425654139,-0.009669886861193418,-0.6175348650253185,-0.004785437838336577,-0.38899306439129727,0.5326649136663704,0.7661843619274854,False
GUT_GENOME001635_7,GUT_GENOME001635_01819,157256,0.04129286742118688,0.051244742902988215,0.05038779767414052,0.002822176634899278,0.8767464573379622,0.05738144313230311,0.9933958565618097,-0.009951875481801334,-0.6250775802035267,-0.006993645458162591,-0.40845027074608414,0.5575536049456458,0.7567087798963835,False
GUT_GENOME001635_7,GUT_GENOME001635_01821,159282,0.043764195857578576,0.051759068898983615,0.050967424748432334,0.003104236734967203,0.8184072820680697,0.057522492204507815,0.9826418420396729,-0.007994873041405039,-0.5727310990613258,-0.006555067456075481,-0.40458582312229074,0.49171060010353573,0.7820353772173134,False
GUT_GENOME001635_7,GUT_GENOME001635_01825,163362,0.044562470476638937,0.04904215761562615,0.04891425588672587,0.0033828917393135226,0.6913274636185595,0.05731777369745818,0.9935064455770982,-0.004479687138987214,-0.4787058649819125,-0.008403517810732307,-0.42087309596032696,0.4062934680713116,0.816158474412191,False
GUT_GENOME001635_7,GUT_GENOME001635_01829,167516,0.0443501048121404,0.048865644943793946,0.04868894908118337,0.0033146180493900065,0.6939440806966534,0.057987872461910034,0.9974875122568178,-0.004515540131653548,-0.47966487145311526,-0.009298923380726666,-0.42876279382668,0.41391592227619367,0.8130538291267824,False
GUT_GENOME001635_7,GUT_GENOME001635_01832,169642,0.04490215523298887,0.049330149169887746,0.04901840751512597,0.0032266311084292116,0.6906358979553572,0.05853560343596519,0.9984089520874,-0.004427993936898876,-0.477323159895582,-0.009517195920839223,-0.43068606128415216,0.4133278823571598,0.8132929183274835,False
GUT_GENOME001635_7,GUT_GENOME001635_01834,172527,0.048831523240429706,0.05089615421575354,0.05092626323766283,0.003341830358881531,0.5894095926989386,0.05833615072844124,0.9866991816258208,-0.0020646309753238334,-0.4141072271268872,-0.007409887490778408,-0.4121179091734798,0.3413259666202399,0.8431056662777905,False
GUT_GENOME001635_9,GUT_GENOME001635_02109,19570,0.06653382329841062,0.054797854488074636,0.05725801342109145,0.003589185722790768,0.1522146006995727,0.0667664592899117,0.9959657885776196,0.011735968810335985,-0.04496469489539294,-0.009508445868820256,-0.430608961845576,0.1874459018087605,0.910534990194954,False
GUT_GENOME001635_9,GUT_GENOME001635_02109,19795,0.07173502151593453,0.05878712660258442,0.0625877944192238,0.0042891866184919135,0.13543369869133787,0.06659555844010485,0.8249480780923779,0.012947894913350105,-0.01254773639414402,-0.004007764020881058,-0.38214073773184165,0.1461889891228531,0.9295129919532331,False
GUT_GENOME001635_9,GUT_GENOME001635_02110,21528,0.0763129165292472,0.05822491510634863,0.0627386045410441,0.004253357756695456,0.06944903612687667,0.06623245699528386,0.7943004333795265,0.018088001422898563,0.12494135555430329,-0.0034938524542397625,-0.37761250256478823,0.15820154442098902,0.9239468115909881,False
GUT_GENOME001635_9,GUT_GENOME001635_02127,42971,0.0791588559596243,0.05729029521805047,0.06233120876006573,0.004197606666460312,0.042993239192087404,0.06544699857499592,0.7710404494706693,0.021868560741573825,0.2260648764028166,-0.0031157898149301866,-0.374281274684748,0.19119180092266053,0.9088312001429584,False
GUT_GENOME001635_9,GUT_GENOME001635_02128,43199,0.08070327794790633,0.0639045219680702,0.06736242911318388,0.0043314722323053905,0.09459956152774168,0.0649844165089711,0.2915000038712846,0.016798755979836127,0.09045623643545854,0.002378012604212776,-0.3258736673646926,0.11437597779178188,0.9444165128602067,False
GUT_GENOME001635_9,GUT_GENOME001635_02128,43216,0.08602912245322779,0.06880016857017335,0.07211033595126476,0.004356664903853398,0.08693142533228115,0.06511023412158416,0.05405384220144877,0.01722895388305444,0.1019632974198442,0.007000101829680597,-0.28514699699062235,0.0917053239134976,0.9551826865714195,False
GUT_GENOME001635_9,GUT_GENOME001635_02128,44311,0.09178755225538321,0.07248389093003892,0.07685818981021222,0.004638749435889223,0.06579363049219542,0.06517289319910825,0.005883399717816895,0.019303661325344293,0.15745818682908638,0.01168529661110397,-0.2438642838725018,0.08426286954815163,0.9587437600214296,False
GUT_GENOME001635_9,GUT_GENOME001635_02131,45043,0.09417345660635718,0.07621748972602231,0.08142676019567067,0.00511392844370371,0.06986235579505803,0.06444493260180217,0.00044895828994822174,0.017955966880334864,0.12140965648752534,0.0169818275938685,-0.19719489673204296,0.053626131985579986,0.9735432128494624,False
GUT_GENOME001635_9,GUT_GENOME001635_02131,45297,0.0977558199700437,0.06845696717153854,0.07565185651947623,0.004573606210057473,0.00965733130984049,0.0634450684451281,0.003804285815060417,0.029298852798505165,0.42481252996243,0.012206788074348135,-0.2392692598713615,0.2377154643324696,0.887934116239666,False
GUT_GENOME001635_9,GUT_GENOME001635_02134,48501,0.09296501083029007,0.06522513999468255,0.07286048608721075,0.004429760498750703,0.015054550153460845,0.06387633606750273,0.021273262185958392,0.027739870835607527,0.3831124184871848,0.008984150019708023,-0.2676649293151894,0.2184196395844052,0.8965422854459785,False
GUT_GENOME001635_9,GUT_GENOME001635_02134,48623,0.0960076803945567,0.0664754203854602,0.07290916421854503,0.004310590402381214,0.010858902803593752,0.0652929624804965,0.03862599451789362,0.029532260009096506,0.4310557751906777,0.007616201738048528,-0.27971834845927424,0.26405143579002005,0.8763184577234768,False
GUT_GENOME001635_9,GUT_GENOME001635_02136,50905,0.094715374746662,0.06546393966847341,0.07054314143963282,0.003977067025634845,0.009343818038581801,0.06267817240015923,0.023988041878722895,0.029251435078188587,0.42354418672937033,0.00786496903947359,-0.2775263821447425,0.25641057089859337,0.8796727765865638,False
GUT_GENOME001635_9,GUT_GENOME001635_02138,54079,0.07542899550915656,0.044331798102785605,0.05516882933350328,0.0037635111871457422,0.0005779034292854413,0.04909728786535155,0.05334345643496407,0.031097197406370958,0.47291518438924945,0.006071541468151732,-0.29332883207031746,0.30969057534965433,0.8565476857170994,False
GUT_GENOME001635_9,GUT_GENOME001635_02140,55138,0.07061846129604556,0.044282446924258194,0.047996563737035106,0.0026793789506302907,0.002644793585142139,0.04775856348141859,0.4646098389788463,0.026336014371787363,0.345561649825477,0.00023800025561651617,-0.3447299839060286,0.2382516156339563,0.8876961146262818,False
GUT_GENOME001635_9,GUT_GENOME001635_02140,55245,0.06422139591790892,0.04486279907413389,0.0472441806122765,0.002527609402094851,0.01421349436012643,0.04727130462377934,0.5042810045390482,0.019358596843775028,0.15892761835365268,-2.7124011502843715e-05,-0.34706607654907884,0.14571284936673534,0.9297343073411,False
GUT_GENOME001635_9,GUT_GENOME001635_02140,55297,0.06768560963123196,0.04588341182742812,0.04762169629005801,0.0023642540131921376,0.020064133882843116,0.04752258463215328,0.4832808773148075,0.021802197803803845,0.22428978087978094,9.911165790472964e-05,-0.3459537746772144,0.16998992002051297,0.9185169137056158,False
GUT_GENOME001635_9,GUT_GENOME001635_02141,55399,0.053610076340515886,0.041010220991224075,0.042269294221333596,0.002113235923593963,0.04858729838545089,0.04663693947779685,0.9806237045555565,0.01259985534929181,-0.021857201778882125,-0.004367645256463257,-0.3853117635905832,0.14894289243088826,0.9282339782736168,False
GUT_GENOME001635_9,GUT_GENOME001635_02141,55768,0.04660094103910492,0.03727980936173251,0.03816205972243849,0.0018933609745031587,0.0783575386324188,0.046119657799244776,0.9999868238793616,0.009321131677372411,-0.10955747405236026,-0.007957598076806287,-0.41694395804649537,0.1858451042722113,0.9112640730191509,False
GUT_GENOME001635_9,GUT_GENOME001635_02141,56291,0.07062133978705332,0.04820644644918323,0.05032399773322283,0.0025166721647966366,0.005605894923312803,0.04539222675239592,0.025018952005913215,0.022414893337870084,0.2406783425687558,0.004931770980826915,-0.3033717054712897,0.14996045626220234,0.9277618297324774,False
GUT_GENOME001635_9,GUT_GENOME001635_02141,56628,0.057015640981970955,0.04091249216403573,0.04268224567649771,0.0024293242989553232,0.02584655930604651,0.04583687280073125,0.9029527795212149,0.016103148817935224,0.07184992995816468,-0.0031546271242335402,-0.37462348233524034,0.1455051659519753,0.9298308575518667,False
GUT_GENOME001635_9,GUT_GENOME001635_02141,56645,0.05530710045041218,0.04047758573026848,0.04117440206630159,0.0025005438572552477,0.050143548013948706,0.04893952581006662,0.9990498069870978,0.014829514720143697,0.03778238772832089,-0.0077651237437650344,-0.41524800664122,0.17385841584195988,0.9167419914075686,False
GUT_GENOME001635_9,GUT_GENOME001635_02143,59117,0.041175451076692134,0.0458803147689538,0.04483237265276308,0.002681860733123082,0.7730055904617776,0.05000856749888282,0.9732012847682947,-0.004704863692261668,-0.48472895414947637,-0.005176194846119739,-0.3924361463129216,0.388968287923782,0.823259231782787,False
GUT_GENOME001635_9,GUT_GENOME001635_02143,59487,0.04568103735386627,0.04686610822777578,0.04617559283223498,0.002891780898877734,0.5717780494656944,0.04938287763751374,0.8663072688796021,-0.0011850708739095106,-0.3905804929176066,-0.003207284805278765,-0.37508746559345507,0.2932437282930819,0.8636204815488248,False
GUT_GENOME001635_9,GUT_GENOME001635_02199,123557,0.05570526461143266,0.04451841096052211,0.04541582632480403,0.0027165820699500214,0.0803301504702918,0.047298056500396084,0.7558035018840878,0.011186853650910551,-0.059652589884394244,-0.0018822301755920534,-0.36341199580080424,0.1356267101718395,0.9344348648171457,False
GUT_GENOME001635_9,GUT_GENOME001635_02199,123696,0.05850135656850828,0.04678180754454003,0.04820991939346398,0.003183192601142004,0.08528733243573366,0.047991738757383245,0.472677312708961,0.011719549023968247,-0.04540389620639577,0.00021818063608073507,-0.3449046207579798,0.12102071121092702,0.9412840214019798,False
GUT_GENOME001635_9,GUT_GENOME001635_02199,123884,0.06399676028195013,0.04729979622249661,0.04955934904964585,0.0035744641551607383,0.038733198095121955,0.048850867536645706,0.4214418075883158,0.01669696405945352,0.08773347598777226,0.0007084815130001462,-0.3405844267451969,0.1236949145502514,0.9400262700234592,False
GUT_GENOME001635_9,GUT_GENOME001635_02199,124166,0.052934781277146487,0.04395060345137069,0.04509461616141308,0.003620695130372343,0.1455948634688083,0.043360378466677466,0.3159767092788881,0.008984177825775798,-0.11857041551543901,0.0017342376947356158,-0.3315461689661128,0.12398180559161007,0.9398914371365215,False
GUT_GENOME001635_9,GUT_GENOME001635_02199,124175,0.051793751940604864,0.04929073919058141,0.04883053903352385,0.004105373912685729,0.3834751491116184,0.04276709167636912,0.06984401891878401,0.002503012750023452,-0.2919305393529233,0.006063447357154729,-0.29340015180787893,0.1713070888877751,0.9179121919162584,False
GUT_GENOME001635_9,GUT_GENOME001635_02199,124368,0.06317359405436679,0.04944976370822047,0.0516431205416019,0.0031249388661372993,0.06744587116804998,0.04451134910412796,0.011238428044670935,0.01372383034614632,0.008207214474597541,0.007131771437473941,-0.283986814992115,0.08071586945879779,0.9604456007839286,False
GUT_GENOME001635_9,GUT_GENOME001635_02199,124400,0.058994693015961934,0.050473006993398385,0.05197697435685754,0.0031247673233577235,0.1756921391451517,0.044897759548363,0.011740473092560296,0.008521686022563549,-0.1309412833056549,0.0070792148084945355,-0.28444990784904695,0.09805736974906308,0.9521538168940022,False
GUT_GENOME001635_9,GUT_GENOME001635_02199,124481,0.05401630065730282,0.04764413918728912,0.0490557787940219,0.0029763030087077338,0.23256699487701027,0.04556674592001563,0.12054419138661132,0.006372161470013703,-0.18843740294869568,0.003489032874006266,-0.3160841211011822,0.13541782644235595,0.9345324640335402,False
GUT_GENOME001635_9,GUT_GENOME001635_02199,124483,0.04677726604891845,0.045055985070216124,0.0458718590921247,0.0030587557810731517,0.413473397320073,0.04517708394485899,0.4101562510543507,0.0017212809787023262,-0.31284053240200405,0.0006947751472657082,-0.340705197810415,0.21394923052860335,0.8985484821165332,False
GUT_GENOME001635_9,GUT_GENOME001635_02199,124514,0.041677410825331024,0.044331906632724724,0.04453744132834448,0.0030279060688087594,0.6391211421366111,0.046503365830902865,0.7419176290349425,-0.0026544958073937003,-0.4298851064340484,-0.0019659245025583846,-0.36414945263044657,0.317406028584867,0.853249724317433,False
GUT_GENOME001635_9,GUT_GENOME001635_02199,124536,0.03921980235561773,0.04396111595491262,0.043990973055582076,0.003043521700346127,0.7483533749142615,0.046734574277543635,0.816327069207408,-0.004741313599294895,-0.4857039270630326,-0.0027436012219615585,-0.37100180485986844,0.3735506439737316,0.8296301150929164,False
GUT_GENOME001635_9,GUT_GENOME001635_02216,144644,0.037219055651322226,0.038506721479526065,0.04169884311533196,0.0037039149049902386,0.5761201784288884,0.04836047743957568,0.9639541597558311,-0.0012876658282038392,-0.39332473315430533,-0.006661634324243722,-0.4055248170492731,0.3191547229537519,0.8525040138757692,False
GUT_GENOME001635_9,GUT_GENOME001635_02216,145328,0.03606057371594702,0.03962220810028911,0.040320720183954634,0.0032289046909743284,0.7062688881667889,0.04696591983120133,0.9802066247447883,-0.003561634384342087,-0.45414951787851027,-0.006645199647246698,-0.4053800059822184,0.37058473383942675,0.8308613319699725,False
GUT_GENOME001635_9,GUT_GENOME001635_02217,147307,0.034691380112153704,0.040517589188220585,0.03964150496239352,0.0031598362354860834,0.8289280559761087,0.04593469085373625,0.9767934920963001,-0.005826209076066881,-0.5147230327339501,-0.0062931858913427285,-0.4022783029417739,0.4267676334445487,0.8078460128960734,False
GUT_GENOME001635_9,GUT_GENOME001635_02217,147534,0.031317736351000595,0.03782569378914584,0.03679735172423204,0.0032305665237875756,0.8745700436587882,0.04530607569044594,0.9957784622884075,-0.006507957438145244,-0.5329586399271812,-0.008508723966213896,-0.42180010022325054,0.46196023642137496,0.7937552471529534,False
GUT_GENOME001635_9,GUT_GENOME001635_02234,163381,0.029741461347665792,0.039571264075814225,0.03621687855061613,0.003100814339714724,0.9642269141762059,0.04518974369749385,0.9980964169723091,-0.009829802728148433,-0.6218123420182466,-0.008972865146877722,-0.42588979298984014,0.5680327044591458,0.7527543353938498,False
GUT_GENOME001635_9,GUT_GENOME001635_02234,163395,0.027327510849078345,0.03834723071859103,0.03344165943392412,0.003137550982935161,0.9904198861316734,0.04491609167269345,0.999872472544592,-0.011019719869512685,-0.6536405982919548,-0.01147443223876933,-0.4479318811885549,0.6278890019205823,0.7305595723890492,False
GUT_GENOME001635_9,GUT_GENOME001635_02234,163532,0.028891805050931134,0.03762320636780516,0.03453183393884279,0.003093049672803632,0.9654539039198019,0.045678763374757465,0.9998432392428034,-0.008731401316874027,-0.592431975609404,-0.011146929435914672,-0.44504615180346374,0.5490417229595331,0.7599361506909275,False
