contig,gene_id,site_pos,r2N,r2S,r2L,rL_std,rNrS_pval,r2G,r2G_pval,rNrS,rNrS_trans,r_rg,r_rg_transform,iLDS,iLDS_pval,significance
GUT_GENOME025761_1,GUT_GENOME025761_00007,6831,0.06889166079699986,0.07601306298870285,0.07605523346693037,0.0035037671561482966,0.7271614914130015,0.06593863519002326,0.0019425157327269374,-0.007121402191702986,-0.45144500480630995,0.010116598276907113,0.004352142051574923,0.20382153350500629,0.9031101355236839,False
GUT_GENOME025761_1,GUT_GENOME025761_00007,6837,0.07015688204187778,0.07565875599665707,0.07608298615891133,0.0035646864371903105,0.680033187376574,0.06605929209024004,0.0024621636018568064,-0.005501873954779288,-0.383466846477252,0.01002369406867129,0.0031874751922601253,0.14705698234530962,0.9291096739902779,False
GUT_GENOME025761_1,GUT_GENOME025761_00007,6890,0.06924869630578251,0.07436411603247464,0.07472713353410881,0.003663924181732759,0.6707916482461853,0.06635988148345569,0.011194998186142856,-0.005115419726692133,-0.36724579759097675,0.008367252050653126,-0.017578033274970036,0.13517846310204862,0.934644317132898,False
GUT_GENOME025761_1,GUT_GENOME025761_00007,7040,0.06525790089748133,0.07472256670476476,0.07437436368270292,0.003537179066844816,0.8010807190463913,0.06653105267636092,0.013298173006231992,-0.009464665807283432,-0.5498012677197754,0.007843311006342002,-0.024146269333717947,0.30286447630900865,0.8594761199878069,False
GUT_GENOME025761_1,GUT_GENOME025761_00007,7128,0.06181775720200164,0.07540648927755517,0.07451225509934371,0.0034651278175917145,0.9015606215741911,0.06689575595058071,0.013973029082454822,-0.013588732075553528,-0.7229050292673427,0.007616499148763001,-0.026989630886849778,0.523320121515426,0.7697726551687873,False
GUT_GENOME025761_1,GUT_GENOME025761_00007,7424,0.06250216078509235,0.0754550439455246,0.07465472566798911,0.003429213681948258,0.8883997591409135,0.06709511631360733,0.013745544467100872,-0.01295288316043225,-0.6962158754508103,0.007559609354381783,-0.02770281341546951,0.48548399110087054,0.7844738854170463,False
GUT_GENOME025761_1,GUT_GENOME025761_00008,8058,0.06508826571678962,0.0796983784559243,0.07859231683477697,0.0037804817346233015,0.8987250681807588,0.0674822311040001,0.0016474196215107845,-0.014610112739134679,-0.7657765117646428,0.011110085730776861,0.016806711490776973,0.5866961315215583,0.7457625211182258,False
GUT_GENOME025761_1,GUT_GENOME025761_00008,8130,0.0679879163682525,0.08566098151295683,0.08393411004060054,0.004406573185048262,0.9320304056990841,0.06769786936761654,0.00011455337761869751,-0.017673065144704334,-0.8943410275496138,0.016236240672984,0.08106927709756709,0.8064181012476211,0.6681724028646213,False
GUT_GENOME025761_1,GUT_GENOME025761_00008,8665,0.06921557256022247,0.08593329008201026,0.08423172853840731,0.004414337478494311,0.9159610943795502,0.06772753686605458,9.246147881213703e-05,-0.016717717521787787,-0.8542412191675943,0.01650419167235273,0.08442836765773731,0.736856209790288,0.6918209463496598,False
GUT_GENOME025761_1,GUT_GENOME025761_00008,8772,0.07455705540684447,0.08002153761013252,0.07968679201621612,0.004377964730921455,0.6657124703023848,0.06781292689400323,0.003342029635371916,-0.005464482203288046,-0.3818973632505189,0.01187386512221289,0.02638161193850688,0.14654158550617272,0.9293491349378996,False
GUT_GENOME025761_1,GUT_GENOME025761_00008,8934,0.07402715028525503,0.08060485364987152,0.07974130439822416,0.0044772850028035,0.6962441816417945,0.06785461328339555,0.003966734882926676,-0.006577703364616494,-0.4286237633432937,0.01188669111482861,0.026542401302315107,0.184422829569461,0.9119123374136335,False
GUT_GENOME025761_1,GUT_GENOME025761_00008,9096,0.07525263951349971,0.07623549711167797,0.07650859864295412,0.004668034308392212,0.5300719763943257,0.0679528510993018,0.033413382843897645,-0.0009828575981782606,-0.19378543038527654,0.00855574754365232,-0.015215013795065391,0.03778428967439089,0.9812851932097667,False
GUT_GENOME025761_1,GUT_GENOME025761_00008,9124,0.07312742660664416,0.0779496036167474,0.07714446437125418,0.004989125108942492,0.6516644480285421,0.06802655347468523,0.033808026402370475,-0.004822177010103235,-0.3549372132991782,0.009117910896568951,-0.008167614768733287,0.12604713531559678,0.938921345251412,False
GUT_GENOME025761_1,GUT_GENOME025761_00009,9446,0.07494160653238556,0.07979473820555544,0.07900048188497606,0.005444813413920171,0.6526513804706056,0.06813158119176715,0.022956436871034755,-0.004853131673169878,-0.35623650585795685,0.010868900693208908,0.013783164704769492,0.12709442373516494,0.9384298132307084,False
GUT_GENOME025761_1,GUT_GENOME025761_00009,9449,0.07439544069708108,0.07315205940096864,0.07427081978257666,0.005002479336098931,0.45963811270264465,0.06817820784313333,0.11162747982812993,0.0012433812961124419,-0.10034116891203225,0.0060926119394433265,-0.0460934041575206,0.012192952085461523,0.9939220697601854,False
GUT_GENOME025761_1,GUT_GENOME025761_00009,9467,0.08185192297340099,0.07537804922781452,0.07795330099751534,0.0049507243059771526,0.31363480496344825,0.06852717408835851,0.028455778299816444,0.0064738737455864726,0.11920377989643959,0.009426126909156826,-0.0043037534626871035,0.014228063435466405,0.992911213106275,False
GUT_GENOME025761_1,GUT_GENOME025761_00009,9519,0.09114433528395338,0.08939071728862043,0.09076235549829371,0.006384207858135797,0.45229602233167926,0.06921236526267185,0.0003683882002833344,0.001753617995332954,-0.07892446845931762,0.02154999023562186,0.14768356865466947,0.028039508172164294,0.9860780649994852,False
GUT_GENOME025761_1,GUT_GENOME025761_00009,9618,0.09600769019416854,0.09676305227528885,0.09724284984428468,0.005637927935488939,0.5201212242246659,0.0729044014995209,7.91129920577375e-06,-0.0007553620811203143,-0.18423652229887522,0.02433844834476377,0.1826402709394747,0.06730056471762867,0.9669095908580578,False
GUT_GENOME025761_1,GUT_GENOME025761_00009,9729,0.09785623519876686,0.10679210802795774,0.10611558220644987,0.006101667588726839,0.7172549064265743,0.07429274417846904,9.16942074010742e-08,-0.00893587282919088,-0.5276056850997712,0.03182283802798083,0.2764661674383099,0.35480130068762655,0.8374441949958038,False
GUT_GENOME025761_1,GUT_GENOME025761_00009,9740,0.10236776505290207,0.11294290950207356,0.11214224637904209,0.0064571155137247045,0.7433834265493204,0.07474218522795023,3.476220125812357e-09,-0.010575144449171486,-0.5964125531658964,0.03740006115109186,0.34638341943192835,0.47568940683121835,0.7883251057845506,False
GUT_GENOME025761_1,GUT_GENOME025761_00009,9785,0.10327476358604526,0.11482633977849908,0.11381865989417903,0.006947703786014713,0.7595257389321541,0.0749719991605174,1.1269120722557292e-08,-0.011551576192453825,-0.6373973474591076,0.03884666073366162,0.36451829862104984,0.5391489685774913,0.763704393425274,False
GUT_GENOME025761_1,GUT_GENOME025761_00009,9870,0.10368161042800898,0.1324835657336415,0.12698576368516287,0.008974307522934218,0.9618313846728721,0.07552863061948131,4.909453986138808e-09,-0.028801955305632523,-1.3614656136718593,0.05145713306568156,0.522605854441226,2.126705496307136,0.3452961763183556,False
GUT_GENOME025761_1,GUT_GENOME025761_00009,9911,0.1092861132879664,0.13283633003373735,0.12849069518000783,0.009032857353193412,0.9210978290647344,0.07569020216994779,2.527050235602428e-09,-0.023550216745770944,-1.1410288795750092,0.05280049301006004,0.5394464996289788,1.5929494299861586,0.45091577210945577,False
GUT_GENOME025761_1,GUT_GENOME025761_00009,9914,0.11530443019734236,0.13650000006726923,0.132603324503568,0.00920047005212197,0.8932030816122019,0.07610647202754411,4.1092635385245145e-10,-0.021195569869926864,-1.0421948151321476,0.05649685247602387,0.5857848458876865,1.429313918359992,0.4893599534461245,False
GUT_GENOME025761_1,GUT_GENOME025761_00009,9918,0.12032682030804318,0.1419963990658504,0.13866279876860366,0.0094289507329768,0.8897218978250525,0.07677808981688912,2.6320961434550835e-11,-0.02166957875780723,-1.0620908876396074,0.06188470895171454,0.6533281574248058,1.5548747348911807,0.45958224395527014,False
GUT_GENOME025761_1,GUT_GENOME025761_00009,9921,0.12981478158345466,0.1507940657637725,0.14583319246405244,0.010414912514312667,0.8609454663985712,0.0775997864622098,2.847904042911562e-11,-0.02097928418031783,-1.0331164288975982,0.06823340600184263,0.7329167701961998,1.6044965476929554,0.4483198843276345,False
GUT_GENOME025761_1,GUT_GENOME025761_00009,9962,0.14474083808134072,0.1609518475719318,0.1560089380389787,0.011306782596336464,0.7806637630390711,0.07940123584488076,6.204161096221246e-12,-0.016211009490591066,-0.8329726312010612,0.07660770219409793,0.8378987234404357,1.395917675073131,0.49759995025025405,False
GUT_GENOME025761_1,GUT_GENOME025761_00009,10002,0.1528680298106145,0.16313988629711523,0.15883603987950265,0.012072329407975976,0.6767814550854362,0.08103155649061398,5.7853255678396525e-11,-0.010271856486500724,-0.5836823292181543,0.07780448338888866,0.8529018263341805,1.0681265868057106,0.5862181474516162,False
GUT_GENOME025761_1,GUT_GENOME025761_00009,10010,0.1676445765220911,0.1852749714605787,0.17840780251802119,0.014153994290596819,0.7751026737057298,0.0842559971038563,1.4460754943528055e-11,-0.017630394938487587,-0.8925499862031255,0.09415180541416489,1.057835322490331,1.915661047379422,0.38372446473966726,False
GUT_GENOME025761_1,GUT_GENOME025761_00009,10095,0.16730382705163288,0.1926509648402971,0.1834078363486868,0.01490761489602384,0.8719588471640001,0.08560664603909986,2.6816447739295547e-11,-0.02534713778866421,-1.2164529323168383,0.09780119030958694,1.1035847855694771,2.697657115482663,0.25954412358655643,False
GUT_GENOME025761_1,GUT_GENOME025761_00009,10128,0.175466559298158,0.17645795808960116,0.1761568051231854,0.01583504999372795,0.51713835161616,0.08711212336813184,9.3690828893033e-09,-0.0009913987914431655,-0.19414393885388076,0.08904468175505356,0.9938113370849421,1.0253528427122598,0.5988905484477439,False
GUT_GENOME025761_1,GUT_GENOME025761_00010,10307,0.18477551153878297,0.18073913801704672,0.18394475774736396,0.016581290373698664,0.43430077247106225,0.08821677818850016,3.887784518881202e-09,0.004036373521736247,0.016892024925901545,0.09572797955886381,1.077594575872912,1.1614954104568183,0.5594798840996037,False
GUT_GENOME025761_1,GUT_GENOME025761_00010,10318,0.18990721362317006,0.15617532175240242,0.1720020446819638,0.015910871086168267,0.08593986780364826,0.0892255189424236,9.830539920588636e-08,0.03373189187076764,1.263333181042038,0.08277652573954021,0.9152324038061349,2.4336610792985507,0.2961673716644947,False
GUT_GENOME025761_1,GUT_GENOME025761_00010,10374,0.1961773708333915,0.14988831628661411,0.17172779291984733,0.016507237154663283,0.033909372439017746,0.08968932136344202,3.3502578636001443e-07,0.0462890545467774,1.7904081483639849,0.08203847155640531,0.9059800000259536,4.02636109817518,0.13356319410143114,False
GUT_GENOME025761_1,GUT_GENOME025761_00010,10396,0.19558777044830067,0.15013856988173754,0.1746150236463156,0.0171643636411083,0.035908964436758756,0.09128923671426036,6.032089408977796e-07,0.045449200566563125,1.7551560758538192,0.08332578693205524,0.9221180586131398,3.930874564627043,0.14009461232352088,False
GUT_GENOME025761_1,GUT_GENOME025761_00010,10401,0.199078738083524,0.13598518753998326,0.17081904056337627,0.017147736808071374,0.007341187687644761,0.09199120090859507,2.1432718521694517e-06,0.06309355054354074,2.495760894592033,0.0788278396547812,0.8657308375360392,6.9783123260356765,0.030526620797437384,True
GUT_GENOME025761_1,GUT_GENOME025761_00010,10407,0.20613267892016995,0.13654983679741572,0.1744883696328822,0.017402253597469164,0.003983718189705778,0.09203012794344256,1.0772436697604526e-06,0.06958284212275423,2.7681427403405987,0.08245824168943963,0.9112423274464109,8.49297681023031,0.014314412171131056,True
GUT_GENOME025761_1,GUT_GENOME025761_00010,10447,0.20457062748601887,0.13771328707801556,0.1729544622296973,0.01717882722092194,0.0047832839314482555,0.0926580050401444,1.4758501750029957e-06,0.06685734040800331,2.653742396544564,0.08029645718955289,0.8841417384439452,7.824055320876768,0.01999990690001193,True
GUT_GENOME025761_1,GUT_GENOME025761_00010,10452,0.21498091008306414,0.1406656631189893,0.17339815665679972,0.016421753487881274,0.0019401621438045091,0.09347718945295255,5.671723443707715e-07,0.07431524696407485,2.96678093524578,0.07992096720384717,0.8794345163421651,9.575194186271801,0.008332455459960827,True
GUT_GENOME025761_1,GUT_GENOME025761_00010,10471,0.20576490020967528,0.13721768523800676,0.16662325217760454,0.01540034526024524,0.0025679833506991024,0.09379247632029358,1.1272248168916798e-06,0.06854721497166852,2.724673275072058,0.07283077585731096,0.7905503738009529,8.048814349408723,0.01787401718261648,True
GUT_GENOME025761_1,GUT_GENOME025761_00010,10539,0.20265283799733602,0.14082021440460077,0.16898981330167628,0.015546273252381075,0.005834242214888228,0.09394880958302117,6.932174503399016e-07,0.06183262359273525,2.4428346843852577,0.07504100371865512,0.8182582590574272,6.6369878737513135,0.036207321222781995,True
GUT_GENOME025761_1,GUT_GENOME025761_00010,10545,0.20554557717194596,0.1411031667056746,0.17053252535443186,0.01557381535715318,0.0038755557257199045,0.09407411326998483,4.567290511440867e-07,0.06444241046627136,2.552378007712132,0.07645841208444704,0.8360271909615998,7.213574958279695,0.02713889122977058,True
GUT_GENOME025761_1,GUT_GENOME025761_00010,10553,0.19827499901617715,0.14461377782976148,0.16568095606798772,0.014603640830490632,0.012151459909308153,0.09409501101700886,4.7451151593591044e-07,0.05366122118641567,2.0998478355715755,0.07158594505097886,0.7749449107856609,5.009900547307226,0.08167965951535193,False
GUT_GENOME025761_1,GUT_GENOME025761_00010,10564,0.1992298611653194,0.14671540500520747,0.16804151347512322,0.014578827005057499,0.01277128693372561,0.09382919143550075,1.7863761341932762e-07,0.05251445616011194,2.05171346363103,0.07421232203962247,0.8078697297666892,4.862181637118141,0.08794085272932953,False
GUT_GENOME025761_1,GUT_GENOME025761_00010,10572,0.19931858121372936,0.1420589101286755,0.16606291888171557,0.01449599090685799,0.009003915053091885,0.09304484365879939,2.3629175054664804e-07,0.057259671085053865,2.250889349619802,0.07301807522291617,0.7928983983741494,5.695190734376146,0.0579835825963463,False
GUT_GENOME025761_1,GUT_GENOME025761_00010,10596,0.19732567516126073,0.13775372923703597,0.16397421685270194,0.014396391957675106,0.006348589234427275,0.0919327348455339,2.805678130115516e-07,0.05957194592422477,2.347944888099346,0.07204148200716805,0.7806556186872876,6.122268392539882,0.04683454551775851,True
GUT_GENOME025761_1,GUT_GENOME025761_00010,10747,0.19509462216644352,0.13585896762056837,0.16147889611894,0.014464727153322227,0.0074767158707875455,0.09097091420162183,5.454850719202161e-07,0.05923565454587515,2.333829377149336,0.07050798191731818,0.7614313363074099,6.026537241556145,0.04913082598165811,True
GUT_GENOME025761_1,GUT_GENOME025761_00010,10754,0.2066701760298695,0.13581477814506152,0.16749986065035732,0.014873990758371463,0.002187892972440697,0.09011885612793696,9.834585745902493e-08,0.07085539788480799,2.8215570588459458,0.07738100452242036,0.8475930054447769,8.679598139202295,0.013039147901428978,True
GUT_GENOME025761_1,GUT_GENOME025761_00010,10791,0.2168494192138488,0.13400781557719543,0.17215016757355697,0.015299202102044487,0.0005882878662357742,0.08938111683387168,3.150814951630759e-08,0.08284160363665335,3.324666651989766,0.0827690507396853,0.9151386956225152,11.890887179078517,0.0026177408883020325,True
GUT_GENOME025761_1,GUT_GENOME025761_00010,10899,0.20766642502164837,0.1393409843720975,0.16789233743696627,0.014637626623577666,0.00399057185943308,0.0894608980084776,4.2025858998002174e-08,0.06832544064955087,2.7153645087050884,0.07843143942848867,0.8607614802232261,8.114114740971305,0.017299851341613316,True
GUT_GENOME025761_1,GUT_GENOME025761_00010,10978,0.19665724902620743,0.13156377341379202,0.15881176542494174,0.014002979765264002,0.004522034990509008,0.08884573087234776,2.9188508595895074e-07,0.06509347561241541,2.5797058483623077,0.06996603455259398,0.7546373691968449,7.224359823063029,0.02699294046211963,True
GUT_GENOME025761_1,GUT_GENOME025761_00010,10981,0.18703446720464453,0.13586534284039747,0.15327688321856303,0.012883623397325728,0.01622748390656672,0.08850824002880815,2.488373805362918e-07,0.05116912436424706,1.995244440282518,0.06476864318975488,0.6894817687118535,4.456385485864325,0.1077229373604884,False
GUT_GENOME025761_1,GUT_GENOME025761_00010,11061,0.1738840914566241,0.1293560892592343,0.14491313177811313,0.01200939800670932,0.028387813135189042,0.08568643748727221,4.0759458856591227e-07,0.04452800219738978,1.7164896499376614,0.05922669429084092,0.6200067218743899,3.3307450535125422,0.18912019252579604,False
GUT_GENOME025761_1,GUT_GENOME025761_00010,11076,0.11550107967890041,0.10698998618163728,0.11182093848725755,0.008701265452374719,0.3054312427792605,0.0761779606427652,2.0990456934457083e-05,0.00851109349726313,0.20471414252748313,0.03564297784449234,0.32435625042514643,0.14711485734062296,0.9290827882702686,False
GUT_GENOME025761_1,GUT_GENOME025761_00010,11104,0.11048145468944319,0.09816254893216204,0.10335138955119749,0.007677288851091584,0.2074435729172483,0.07506615355319725,0.00011467769270431539,0.012318905757281146,0.364543442688693,0.028285235998000244,0.2321180380693488,0.18677070520448805,0.9108424371555452,False
GUT_GENOME025761_1,GUT_GENOME025761_00010,11105,0.10850538415014618,0.09288965661084957,0.09846200503164582,0.007624547387921519,0.15572195990741827,0.07390172530590385,0.000638249542111775,0.015615727539296617,0.5029244032493044,0.02456027972574197,0.1854211961815858,0.28731397537707914,0.8661848091620272,False
GUT_GENOME025761_1,GUT_GENOME025761_00010,11107,0.10366875719874398,0.0873085268575643,0.09379419893677104,0.00733359443446281,0.13284510540199634,0.07339704518178695,0.0027068252122484362,0.016360230341179685,0.5341742006835055,0.02039715375498409,0.1332313660181671,0.3030926735669288,0.8593780605352234,False
GUT_GENOME025761_1,GUT_GENOME025761_00010,11117,0.10207095509292473,0.08155798521053907,0.08824885430963318,0.006668186439200751,0.09012167320831271,0.07284815751173905,0.0104557639712336,0.020512969882385657,0.7084814956076503,0.015400696797894131,0.07059472186159219,0.5069296443731686,0.7761070461937961,False
GUT_GENOME025761_1,GUT_GENOME025761_00010,11130,0.09930666927275936,0.07914520388371901,0.08461429765228705,0.006243002580676497,0.08110204772618274,0.07200017172150144,0.021664619727633415,0.020161465389040345,0.6937274286162708,0.012614125930785605,0.03566167844319923,0.4825295005239292,0.7856336021503474,False
GUT_GENOME025761_1,GUT_GENOME025761_00010,11131,0.09409721688899006,0.06958128124766581,0.07575128898960452,0.00516789678643191,0.04301973664999939,0.07157066803663763,0.20926912365668343,0.024515935641324246,0.8765021783861164,0.004180620952966896,-0.07006252869497162,0.7731648266427412,0.6793747335391853,False
GUT_GENOME025761_1,GUT_GENOME025761_00010,11172,0.0931779614478835,0.06870537187591699,0.07337631614443624,0.004211032796086941,0.040455686909166094,0.07033754041707156,0.23526332188836907,0.024472589571966505,0.8746827683267154,0.003038775727364676,-0.0843769426271164,0.7721894136547862,0.6797061498189434,False
GUT_GENOME025761_1,GUT_GENOME025761_00010,11191,0.07966429188940992,0.0676143076874489,0.07016505594949111,0.0033773110684548685,0.14858227991963957,0.06577871360124339,0.09701184045457256,0.012049984201961017,0.35325571602307293,0.004386342348247724,-0.06748356165047131,0.1293436319960069,0.9373750443964997,False
GUT_GENOME025761_1,GUT_GENOME025761_00010,11338,0.0768792592237672,0.0658407888376949,0.0691027834130797,0.0036187212847616826,0.16040727566089136,0.06434015817421776,0.09406902766544745,0.011038470386072308,0.31079838507889385,0.004762625238861937,-0.06276639952458421,0.1005352570769281,0.9509748824229723,False
GUT_GENOME025761_1,GUT_GENOME025761_00010,11350,0.07130999599215918,0.06351352931341148,0.06941019506226054,0.0040231712627309514,0.2349019328625379,0.06409159658467445,0.09308547971145265,0.007796466678747699,0.174718361097016,0.0053185984775860895,-0.05579660108268477,0.03363976639680753,0.9833207812794574,False
GUT_GENOME025761_1,GUT_GENOME025761_00010,11706,0.07248609071676837,0.06669657980231973,0.06908806382355281,0.003695766224334798,0.2971165964925444,0.06388850788061738,0.0797292262796847,0.0057895109144486395,0.09047830056921388,0.005199555942935433,-0.05728894354584344,0.011468345926491846,0.9942822360275616,False
GUT_GENOME025761_1,GUT_GENOME025761_00010,11766,0.07356589642344834,0.06508949856937073,0.06718840879464698,0.0034233204838537423,0.22397012365138802,0.06392501407063178,0.17022324003729422,0.00847639785407761,0.20325782588414146,0.003263394724015198,-0.08156107124368715,0.04796595212556577,0.9763023301260099,False
GUT_GENOME025761_1,GUT_GENOME025761_00010,11791,0.07270890854998566,0.06587996830938725,0.06789096334353525,0.0035319254160105663,0.27004896369683684,0.06365469351657468,0.11518190573947051,0.006828940240598408,0.13410735852197372,0.00423626982696057,-0.06936490260752785,0.022796273323493023,0.9886665759966666,False
GUT_GENOME025761_1,GUT_GENOME025761_00010,11889,0.07418213612846271,0.06497981865510388,0.06682356652912862,0.003514114368702699,0.21059426569847933,0.06356648755991075,0.1770005798732615,0.009202317473358826,0.23372761189256708,0.003257078969217869,-0.08164024688539044,0.06129372647250997,0.969817990999052,False
GUT_GENOME025761_1,GUT_GENOME025761_00010,11934,0.07101536893656418,0.0649912448204514,0.06641646668923555,0.0035903576035599765,0.2933579199924693,0.06321474425635698,0.1862619026649538,0.006024124116112778,0.10032596670136258,0.0032017224328785704,-0.08233420816599449,0.016844221428884226,0.9916132559031665,False
GUT_GENOME025761_1,GUT_GENOME025761_00010,11938,0.07031107181194471,0.06314601203548427,0.06463081613383498,0.003405229312433018,0.26176233869246945,0.06305961333146042,0.32225266623987275,0.007165059776460439,0.14821565654690969,0.0015712028023745633,-0.10277474808524004,0.03253052968961604,0.9838663002956729,False
GUT_GENOME025761_1,GUT_GENOME025761_00010,11943,0.06709377991651838,0.06315788826973291,0.06410791735166896,0.0030711113374545813,0.35612843608408495,0.0630241650366712,0.36208693884735493,0.003935891646785469,0.012674393736229113,0.0010837523149977574,-0.10888553078265623,0.01201669907040174,0.9940096645006029,False
GUT_GENOME025761_1,GUT_GENOME025761_00010,12104,0.06675043256357205,0.06157031798140458,0.06256460413626955,0.003053316999784611,0.3135963746877906,0.06282787733122297,0.534356343133481,0.0051801145821674666,0.06489946877332929,-0.00026327319495342283,-0.12577212827789044,0.020030569298610475,0.9900347013003119,False
GUT_GENOME025761_1,GUT_GENOME025761_00010,12168,0.06755719597746192,0.06256188771495005,0.06340488318292505,0.0030138350571713487,0.3224786790824794,0.06278274215473921,0.4182281598870573,0.004995308262511863,0.05714239917037986,0.0006221410281858353,-0.11467238778132773,0.01641501030241823,0.9918260844607384,False
GUT_GENOME025761_1,GUT_GENOME025761_00012,14244,0.06594122512044102,0.06182899745042678,0.06260840770378669,0.003054977679620048,0.34736063290410235,0.06246276940073335,0.4809886412002861,0.0041122276700142416,0.020075930697962666,0.00014563830305333592,-0.12064592700924211,0.014958482697308774,0.9925486585768315,False
GUT_GENOME025761_1,GUT_GENOME025761_00012,14285,0.06664407373476021,0.06132537263047917,0.062074225574296704,0.002969261033600088,0.3062954152503032,0.06239791849685748,0.5434045607386045,0.005318701104281037,0.070716506307917,-0.0003236929225607782,-0.1265295627981276,0.02101055452628298,0.9895497104399064,False
GUT_GENOME025761_1,GUT_GENOME025761_00012,14438,0.06946581682302885,0.06170554904568503,0.06226701214298845,0.0026537247923472673,0.24103371016867503,0.06231563781207938,0.5073096313109818,0.0077602677773438225,0.1731989466188561,-4.862566909093202e-05,-0.12308126136719688,0.0451468720096216,0.9776794376851449,False
GUT_GENOME025761_1,GUT_GENOME025761_00013,14989,0.06694805223064168,0.0607849205494193,0.061302875311971754,0.002459358564961628,0.2894444598924186,0.062222121653206494,0.6457140781794247,0.006163131681222379,0.10616067711549322,-0.0009192463412347404,-0.13399554677078632,0.02922489592002199,0.9854937957346552,False
GUT_GENOME025761_1,GUT_GENOME025761_00013,15064,0.06543335923130823,0.0603612470339684,0.06064500355928056,0.0023922877596018848,0.3198480670461231,0.062247384576370524,0.7485109078147006,0.005072112197339836,0.060366171330072396,-0.0016023810170899613,-0.1425594679593483,0.023967276545904106,0.9880878795538574,False
GUT_GENOME025761_1,GUT_GENOME025761_00013,15185,0.06769062744223235,0.060160136075446013,0.060500695277048974,0.0023102642505223175,0.25164488027429477,0.06228026743033247,0.7794358901551948,0.007530491366786338,0.1635543001958773,-0.001779572153283497,-0.14478077362469674,0.04771148152392883,0.9764265581496006,False
GUT_GENOME025761_1,GUT_GENOME025761_00014,15752,0.06600221074010731,0.05970092356593499,0.059971096660015856,0.0023314764402621517,0.2859137596325396,0.06217241224037431,0.8274592078547776,0.006301287174172325,0.11195962261064542,-0.002201315580358451,-0.15006783867778067,0.03505531330053855,0.9826250591716622,False
GUT_GENOME025761_1,GUT_GENOME025761_00014,15753,0.06391906306592528,0.05965666089281612,0.05984154276395767,0.0023169179495895974,0.3482023530174164,0.06207935847244159,0.8329425923485838,0.004262402173109157,0.026379362719478425,-0.0022378157084839145,-0.15052541202559463,0.02335377044296084,0.9883910250190537,False
GUT_GENOME025761_1,GUT_GENOME025761_00017,19649,0.062201973274749474,0.05920675008902513,0.05925666113011664,0.002316555621700854,0.3885846611609345,0.062021194702588135,0.8836399128028773,0.002995223185724344,-0.026809270779943925,-0.0027645335724714934,-0.15712845888476668,0.025408089591254165,0.9873763109405602,False
GUT_GENOME025761_1,GUT_GENOME025761_00018,21841,0.06134338780583531,0.05851195798219607,0.058590192627414196,0.002317593605948208,0.3929282587030851,0.061986966384306064,0.9286277389252174,0.0028314298236392366,-0.033684341462391514,-0.0033967737568918674,-0.16505435593404116,0.02837757527255614,0.9859113988098738,False
GUT_GENOME025761_1,GUT_GENOME025761_00019,22147,0.06074394326875187,0.058287528396080084,0.05833894049456873,0.002290572219868017,0.4061417725137298,0.06197617193902098,0.9438470939455904,0.002456414872671786,-0.0494252375649831,-0.0036372314444522505,-0.16806878450608367,0.030689970433707407,0.9847721491616631,False
GUT_GENOME025761_1,GUT_GENOME025761_00019,22176,0.059287073863198765,0.058425688497901446,0.05837793306872211,0.0023735590701501465,0.46627587821769434,0.06200492591312982,0.9367539075761401,0.0008613853652973194,-0.1163750850080748,-0.003626992844407706,-0.16794043124433056,0.041747148857168355,0.9793427707125628,False
GUT_GENOME025761_1,GUT_GENOME025761_00019,22200,0.05852491627128714,0.058330115235725656,0.058242745744911346,0.002381741919196411,0.49222680199115465,0.06199617912060616,0.9424778141226371,0.0001948010355614857,-0.14435432863801242,-0.003753433375694816,-0.16952551656242998,0.04957707296229001,0.9755161763022203,False
GUT_GENOME025761_1,GUT_GENOME025761_00019,22492,0.058778390155303804,0.05640604410480667,0.057266291079406735,0.0025542057725648306,0.4083565664931675,0.062009799080933514,0.9683541104175994,0.0023723460504971317,-0.052953946465533946,-0.004743508001526779,-0.18193730206549363,0.03590530232914531,0.9822075376403618,False
GUT_GENOME025761_1,GUT_GENOME025761_00020,23623,0.05926357310780809,0.0566941907663773,0.05752284163557922,0.002687938294933424,0.4009980210279918,0.06199201061226335,0.9518112891020205,0.0025693823414307884,-0.04468353544318541,-0.004469168976684132,-0.17849812986308985,0.0338582007043229,0.9832133916469971,False
GUT_GENOME025761_1,GUT_GENOME025761_00020,24094,0.05886590657656157,0.05631804047602464,0.0569768557639256,0.0027041899370266,0.4020958598286497,0.06195113931368845,0.9670771547387843,0.002547866100536929,-0.04558665920279779,-0.004974283549762849,-0.1848303532853965,0.0362404029928765,0.9820429822275112,False
GUT_GENOME025761_1,GUT_GENOME025761_00020,24154,0.058264532444602064,0.056428074060039954,0.056646372336219206,0.002509920724384087,0.42815574026243686,0.06200593786727748,0.9836338868399757,0.0018364583845621105,-0.0754473218639874,-0.005359565531058277,-0.18966032992075957,0.04166333912209948,0.979383810801524,False
GUT_GENOME025761_1,GUT_GENOME025761_00020,24327,0.057298491921651665,0.057363963045247476,0.057248466761184814,0.0025323294140355717,0.5026066829412346,0.062048156643740825,0.9709780039805306,-6.547112359581164e-05,-0.15527900512123827,-0.00479968988255601,-0.1826416100421853,0.05746952715024322,0.9716741536694787,False
GUT_GENOME025761_1,GUT_GENOME025761_00020,24456,0.05634725562888582,0.057618066404950916,0.05754439811645129,0.0024838246061544846,0.5514040847938102,0.062074146865866965,0.9659012140401674,-0.0012708107760650983,-0.20587199131793973,-0.0045297487494156755,-0.17925757074294923,0.0745165534778773,0.9634272723585667,False
GUT_GENOME025761_1,GUT_GENOME025761_00021,26211,0.05649784282461442,0.057792945609024926,0.05770365033674416,0.002386403980334657,0.5510128174664973,0.062173416321819275,0.9694667139443911,-0.0012951027844105081,-0.20689162527787103,-0.004469765985075112,-0.17850561408690396,0.07466839887066168,0.9633541291389218,False
GUT_GENOME025761_1,GUT_GENOME025761_00021,26212,0.05693916809424451,0.05724073937638864,0.0571576410230528,0.0023414174883751144,0.5121859628841849,0.06234644801572516,0.986657551461895,-0.000301571282144128,-0.16518908485519807,-0.005188806992672365,-0.18751966466587372,0.06245105839169955,0.9692569526832014,False
GUT_GENOME025761_1,GUT_GENOME025761_00021,26244,0.05619438093045895,0.05765883124436786,0.057427411662647844,0.002374915796872162,0.5597709265462696,0.062438011128621476,0.9825622451808798,-0.0014644503139089118,-0.21399982685806965,-0.005010599465973632,-0.1852856173135769,0.08012668587855706,0.96072858185268,False
GUT_GENOME025761_1,GUT_GENOME025761_00021,26245,0.05526369722601357,0.056895872590325476,0.05641550044929709,0.0026411351076807738,0.5683714792512902,0.0624802195277845,0.9891693405887174,-0.0016321753643119066,-0.22103992642045917,-0.006064719078487407,-0.19850028435354816,0.08826101196040148,0.9568290774077945,False
GUT_GENOME025761_1,GUT_GENOME025761_00021,26273,0.05525291218648195,0.057351682205923835,0.05672271857649831,0.002623899129117804,0.585985804782625,0.06250144489417461,0.9861794614226512,-0.0020987700194418854,-0.2406247935556978,-0.0057787263176763,-0.19491501844530046,0.095892155689254,0.9531851834913531,False
GUT_GENOME025761_1,GUT_GENOME025761_00022,27165,0.05618412875547578,0.0572657833755052,0.056753365840995454,0.002723495368953401,0.5444339492258407,0.06255296402665968,0.9833922497391582,-0.001081654620029418,-0.1979323414676017,-0.005799598185664223,-0.1951766726092951,0.07727114532968324,0.9621012612658953,False
GUT_GENOME025761_1,GUT_GENOME025761_00023,27906,0.053155467815293726,0.055829726962723814,0.055307777798564876,0.0027346068249999417,0.6167226324988148,0.06258375529319976,0.9961011185589579,-0.0026742591474300872,-0.2647804026813179,-0.007275977494634885,-0.21368487676482228,0.11576988820207816,0.9437585261759978,False
GUT_GENOME025761_1,GUT_GENOME025761_00023,27970,0.05232002057180726,0.05537868156791168,0.05526303288631409,0.0024217735409697272,0.6308965929898378,0.0628020720758238,0.9990740952528209,-0.003058660996104419,-0.28091530489259525,-0.007539039189509718,-0.21698267396684146,0.12599488932470038,0.9389458730098081,False
GUT_GENOME025761_1,GUT_GENOME025761_00024,28517,0.0514276634769483,0.056205429719062734,0.05598897427795854,0.0024310271876773447,0.6975915990900985,0.062954578080955,0.9979168784742213,-0.004777766242114435,-0.3530731135267703,-0.006965603802996462,-0.20979396633655734,0.16867413180671217,0.9191213993922136,False
GUT_GENOME025761_1,GUT_GENOME025761_00024,28529,0.056614949200691184,0.05679180979934365,0.056890038293117715,0.0025639306850478347,0.5071586734935876,0.06376323094892507,0.9963268551884805,-0.00017686059865246878,-0.15995447245731587,-0.006873192655807353,-0.20863548059510179,0.0691141970222473,0.9660331790554915,False
GUT_GENOME025761_1,GUT_GENOME025761_00024,28754,0.05805341104598339,0.057908071181899445,0.05803877036998221,0.002604626886625964,0.4942818230985773,0.06501335569040068,0.9962942681574045,0.00014533986408394456,-0.14643041429628265,-0.006974585320418468,-0.20990656054392862,0.06550263039036294,0.9677792016476493,False
GUT_GENOME025761_1,GUT_GENOME025761_00025,28777,0.05852467444956441,0.05819767328051055,0.05814544755105314,0.003171490731825372,0.48710426005714497,0.06596474877165254,0.9931588359743991,0.00032700116905386156,-0.13880535369532315,-0.0078193012205994,-0.22049609823182054,0.06788545554994041,0.9666268639234873,False
GUT_GENOME025761_1,GUT_GENOME025761_00025,29073,0.05900451467403569,0.05526177667176984,0.05556866161401983,0.004374933882350349,0.35686566367872813,0.06627722229879163,0.9928115942887573,0.0037427380022658496,0.0045669531065243634,-0.010708560684771794,-0.2567164676831337,0.06592420184038264,0.967575229104986,False
GUT_GENOME025761_1,GUT_GENOME025761_00025,29277,0.058080910413768415,0.05496613781983781,0.055270458531339,0.004342193182879083,0.3785232749365398,0.06635509791325138,0.9946565646359053,0.003114772593930608,-0.02179129800620125,-0.011084639381912377,-0.2614310699963262,0.06882106502821908,0.9661747770480005,False
GUT_GENOME025761_1,GUT_GENOME025761_00025,29338,0.0583414193200411,0.05556550488607916,0.0555660319527153,0.004149269194477733,0.3917977576994283,0.06667384215944912,0.9962863468324172,0.00277591443396194,-0.03601454717485937,-0.01110781020673382,-0.2617215443707918,0.06979521439604253,0.9657042923637573,False
GUT_GENOME025761_1,GUT_GENOME025761_00025,29575,0.05844658307273557,0.05480537701883572,0.05558836890982665,0.004087138926465917,0.3575025047765222,0.06723044909976039,0.9978034792670464,0.003641206053899851,0.0003052460833779802,-0.011642080189933741,-0.26841926619820516,0.07204899564155434,0.9646166621875576,False
GUT_GENOME025761_1,GUT_GENOME025761_00025,29628,0.05878527006011612,0.05568501336903958,0.05590907220388811,0.004039085351316685,0.38136584948035485,0.06753009204034327,0.9979935215883304,0.003100256691076539,-0.022400589230649106,-0.011621019836455158,-0.2681552491401221,0.07240902403928123,0.9644430331202212,False
GUT_GENOME025761_1,GUT_GENOME025761_00025,29629,0.05851991082304585,0.0570982203532684,0.05745101559321581,0.0032316290583236013,0.44469653765845296,0.06784012374343332,0.9993473699956914,0.0014216904697774493,-0.09285681083628329,-0.010389108150217506,-0.25271174295446386,0.07248561234576831,0.9644061012980572,False
GUT_GENOME025761_1,GUT_GENOME025761_00025,29641,0.058254069273178374,0.05643538293833078,0.05711567458309774,0.003253013326930213,0.42813484810642455,0.06817407579732127,0.9996623715293034,0.001818686334847594,-0.07619328675782593,-0.011058401214223523,-0.261102142761095,0.07397974590139553,0.9636858945942036,False
GUT_GENOME025761_1,GUT_GENOME025761_00025,29719,0.05642613547844828,0.056651582711815786,0.05689180423050648,0.003226215691129381,0.5089312405867665,0.06842129763158186,0.9998240069071995,-0.00022544723336750255,-0.16199385026625632,-0.011529493401075383,-0.2670078543335547,0.09753520179989503,0.9524024414514638,False
GUT_GENOME025761_1,GUT_GENOME025761_00026,30316,0.05812311085862519,0.05663605860576033,0.056887190009378794,0.0032651387051450807,0.4431093533527368,0.06870595979272359,0.9998525184015449,0.0014870522528648636,-0.09011331211975233,-0.011818769783344799,-0.2706342844168559,0.08136332492301555,0.9601347282295213,False
GUT_GENOME025761_1,GUT_GENOME025761_00026,30328,0.05663520610040606,0.05649103585848211,0.05660629471998011,0.003138351212306247,0.494312528631915,0.06903224212648562,0.9999624288268554,0.00014417024192395211,-0.14647950807468332,-0.01242594740650551,-0.2782459918824402,0.0988770782844442,0.9517636525493729,False
GUT_GENOME025761_1,GUT_GENOME025761_00026,30332,0.05573696833937653,0.054897955619806864,0.0551008704721595,0.0032936749512487446,0.46614314481887986,0.06912169976267855,0.999989635729744,0.0008390127195696678,-0.11731415554654412,-0.014020829290519052,-0.29823976945295827,0.10270957117495245,0.9499415851560884,False
GUT_GENOME025761_1,GUT_GENOME025761_00026,30333,0.054576145517519256,0.05507934653432428,0.055124168554366096,0.0031923479302981552,0.5209222262084222,0.0685555086764293,0.9999870811296311,-0.0005032010168050244,-0.17365230131177542,-0.013431340122063207,-0.29084980820725403,0.1147487326850721,0.9442405113238383,False
GUT_GENOME025761_1,GUT_GENOME025761_00026,30418,0.05302857318057227,0.05449259508244258,0.054487004175707794,0.003256913428272298,0.5618284504331047,0.06827725069050908,0.9999885288996833,-0.0014640219018703104,-0.21398184466996933,-0.013790246514801284,-0.2953491348702316,0.13301934131695717,0.9356538674235727,False
GUT_GENOME025761_1,GUT_GENOME025761_00026,30421,0.05452305752454047,0.05444928574130673,0.05451983070107297,0.0029936542248581504,0.4969558400661921,0.06801220636310627,0.9999967123445201,7.3771783233742e-05,-0.1494344164621128,-0.013492375662033304,-0.2916149626818836,0.10736993128332853,0.9477306271872041,False
GUT_GENOME025761_1,GUT_GENOME025761_00026,30473,0.05375043250493049,0.054183533406963615,0.05416059508496849,0.0029776362862516084,0.5180830289564798,0.06767155386536695,0.999997153449998,-0.0004331009020331275,-0.17070991562673124,-0.013510958780398465,-0.29184792459516623,0.11431708638379154,0.9444443222787244,False
GUT_GENOME025761_1,GUT_GENOME025761_00026,30580,0.052849973801749876,0.05321226909479925,0.05326254273494766,0.0032535068897616634,0.5153374137554395,0.06761921186165386,0.9999948949441321,-0.000362295293049375,-0.16773791749274028,-0.014356669126706197,-0.30244992887062455,0.11961196843864719,0.9419472684916,False
GUT_GENOME025761_1,GUT_GENOME025761_00026,30610,0.05267965262427155,0.051427076900271,0.05176413215070522,0.0034424979688979663,0.4470331625964336,0.06746658983504572,0.9999974587798942,0.0012525757240005528,-0.09995524154104035,-0.015702457684340504,-0.31932101966925835,0.1119569639141426,0.9455594822610194,False
GUT_GENOME025761_1,GUT_GENOME025761_00026,30955,0.05191835308129524,0.051703084979222776,0.0519242491536249,0.003415325967672286,0.4908343521885015,0.06700974455221378,0.9999949959925502,0.00021526810207246616,-0.143495242975846,-0.015085495398588881,-0.3115866495981192,0.11767712496447821,0.9428589696829959,False
GUT_GENOME025761_1,GUT_GENOME025761_00026,31159,0.05355964374811714,0.052780555307209605,0.05292087811123872,0.0029832157736670827,0.46757334263550293,0.06684076461372805,0.9999984649064378,0.0007790884409075369,-0.11982942018335381,-0.013919886502489334,-0.2969743292523741,0.10255284217637627,0.9500160297696314,False
GUT_GENOME025761_1,GUT_GENOME025761_00026,31215,0.05326246359251852,0.052045580751397945,0.05227720717069203,0.0027999281590808584,0.4493263302352967,0.06601285973209756,0.9999995345644879,0.0012168828411205784,-0.10145341637264703,-0.013735652561405527,-0.29466473349115074,0.09712010085709258,0.9526001335419844,False
GUT_GENOME025761_1,GUT_GENOME025761_00026,31321,0.05427749825286181,0.05230535121181499,0.052540187561723226,0.0028793762624635118,0.41681272965262867,0.06466347069675203,0.9999872532165811,0.001972147041046819,-0.06975191948465287,-0.012123283135028806,-0.27445172838048126,0.08018908148282695,0.9606986097000131,False
GUT_GENOME025761_1,GUT_GENOME025761_00026,31444,0.05240754698848083,0.052092100037516895,0.052121007669162465,0.002815870557417576,0.486396771488062,0.06406823826528027,0.9999889635532222,0.00031544695096393655,-0.1392903310169766,-0.011947230596117804,-0.27224469641216176,0.09351897103936904,0.9543168970228402,False
GUT_GENOME025761_1,GUT_GENOME025761_00026,31475,0.05144446391139809,0.05155324785855323,0.05108611310074503,0.003012367680406039,0.5048168376236023,0.06370298459724828,0.9999859509412775,-0.00010878394715514023,-0.1570970197198521,-0.01261687149650325,-0.28063945676942115,0.1034379783006954,0.9495956760407445,False
GUT_GENOME025761_1,GUT_GENOME025761_00026,31478,0.052912937762537665,0.050811050946576515,0.050860248700308086,0.002658800262860426,0.40948456172444103,0.06370323781948677,0.9999993186022789,0.00210188681596115,-0.06430621575462384,-0.01284298911917868,-0.2834741152465554,0.08449286339949762,0.9586335137756301,False
GUT_GENOME025761_1,GUT_GENOME025761_00026,31579,0.05280630376263662,0.05136398664758893,0.05138206648016482,0.0026617761336989337,0.4383235489403979,0.06337394508050462,0.9999966847396177,0.0014423171150476921,-0.09199102700738179,-0.011991878600339796,-0.2728044132628765,0.08288459694557516,0.959404692860343,False
GUT_GENOME025761_1,GUT_GENOME025761_00026,31595,0.05344073478018377,0.05092024300577248,0.05096838528887068,0.00234299676545647,0.3941352122947823,0.06333516036206865,0.9999999347658575,0.0025204917744112917,-0.04673567052170787,-0.012366775073197972,-0.2775041949617164,0.07919280112046394,0.9611772914949294,False
GUT_GENOME025761_1,GUT_GENOME025761_00027,31867,0.053753438963932546,0.051021739021049624,0.051145615439626806,0.0023780754850772122,0.38349229136191926,0.0629957132660078,0.9999996870707368,0.0027316999428829217,-0.037870408410547014,-0.011850097826380988,-0.2710270194089977,0.07488981308290685,0.9632474848943604,False
GUT_GENOME025761_1,GUT_GENOME025761_00029,34012,0.05340615706154918,0.05097126842581867,0.051093306316460106,0.0024397714400978734,0.3960723739100246,0.06272994813484122,0.9999990768666877,0.002434888635730506,-0.05032878089918437,-0.011636641818381109,-0.2683510896189493,0.07454529348647548,0.963413428003993,False
GUT_GENOME025761_1,GUT_GENOME025761_00029,34165,0.051779901512598786,0.051109909959997424,0.05103588930132316,0.002339082627345735,0.47112800088821627,0.06265300847948675,0.9999996591887831,0.0006699915526013622,-0.12440865836976038,-0.01161711917816359,-0.2681063496604541,0.08735852900561743,0.9572609358031781,False
GUT_GENOME025761_1,GUT_GENOME025761_00029,34234,0.05172133189687568,0.05138060072857707,0.05142228662853225,0.0024272816329836094,0.4851977011704042,0.06244548971254299,0.9999972056120433,0.00034073116829860806,-0.1382290500278489,-0.011023203084010738,-0.26066089153526656,0.08705137064756155,0.9574079624416404,False
GUT_GENOME025761_1,GUT_GENOME025761_00029,34318,0.05142472768327766,0.05175364050636375,0.051867136249173634,0.002545963552045684,0.5142776911496186,0.06234689032428046,0.99998074342667,-0.000328912823086093,-0.16633672004718691,-0.010479754075106824,-0.2538480994947677,0.09210676205316173,0.9549909824310332,False
GUT_GENOME025761_1,GUT_GENOME025761_00030,35545,0.05113262900092908,0.051660465193338743,0.05170440448762513,0.002172290846503444,0.5232919786748621,0.062268868621895915,0.9999994227256976,-0.0005278361924096614,-0.1746863393912208,-0.010564464134270785,-0.2549100427633485,0.09549444707151694,0.9533747473194073,False
GUT_GENOME025761_1,GUT_GENOME025761_00030,35752,0.051238432170326045,0.05143301031905907,0.051395172261118754,0.0018892774941929968,0.5085490165668664,0.06222024155302589,0.999999994970773,-0.0001945781487330267,-0.1606981497808227,-0.010825069291907137,-0.25817704429351745,0.0924792815431166,0.9548131226187656,False
GUT_GENOME025761_1,GUT_GENOME025761_00030,35839,0.050872246858047025,0.0513840733618307,0.05135880270036593,0.0018434594549940856,0.5218909706514492,0.06210027532764334,0.9999999971750154,-0.0005118265037836744,-0.1740143479288901,-0.010741472627277412,-0.2571290587749675,0.0963963461516175,0.9529449203380318,False
GUT_GENOME025761_1,GUT_GENOME025761_00030,35857,0.05160933762026718,0.05104997993470497,0.05106476327209454,0.0018563814906853793,0.4762772103434131,0.06204671842633086,0.9999999983485253,0.0005593576855622145,-0.12905240977753374,-0.01098195515423632,-0.2601437987389783,0.08432932049173454,0.9587119058368639,False
GUT_GENOME025761_1,GUT_GENOME025761_00030,36850,0.05056443808917021,0.05111333025387691,0.0510335656123472,0.0016982319397569872,0.5246732873870278,0.06180061024075702,0.9999999998852289,-0.0005488921647067019,-0.17557014381398242,-0.01076704462840982,-0.257449634804954,0.09710518986006664,0.9526072356773384,False
GUT_GENOME025761_1,GUT_GENOME025761_00030,36851,0.05045138032024893,0.051056116601652574,0.05099291703554497,0.0016974739525718499,0.5267567346737168,0.061696138920752444,0.9999999998562581,-0.000604736281403645,-0.17791414753063392,-0.010703221885207476,-0.2566495393594425,0.0975224299449662,0.9524085234437913,False
GUT_GENOME025761_1,GUT_GENOME025761_00030,37279,0.051224162956321824,0.051014438600741605,0.05098536828624824,0.0016757954693336111,0.49108529431442316,0.06162797150629867,0.9999999998928849,0.00020972435558021946,-0.1437279364653414,-0.010642603220050437,-0.2558896109158881,0.0861372126952698,0.9578456735195122,False
GUT_GENOME025761_1,GUT_GENOME025761_00031,38080,0.04956710687752501,0.05098295639865923,0.050933786664112114,0.001703520150164405,0.5608584187354935,0.06149173732516411,0.9999999997135758,-0.001415849521134216,-0.21195985477803256,-0.010557950661051994,-0.2548283884815779,0.10986448761364265,0.9465492803566686,False
GUT_GENOME025761_1,GUT_GENOME025761_00031,38221,0.049709206312830594,0.05116579456074105,0.051079869835682544,0.0017319561785564368,0.5623939265908434,0.061455824592730746,0.9999999989565056,-0.0014565882479104578,-0.2136698241109415,-0.010375954757048202,-0.2525468492278746,0.1094347047905275,0.946752707524226,False
GUT_GENOME025761_1,GUT_GENOME025761_00033,41407,0.05083087851743906,0.05102683191510235,0.05099823858076211,0.0017903024908706663,0.5084845761582789,0.06139181966254528,0.9999999967910755,-0.0001959533976632899,-0.16075587454745036,-0.01039358108178317,-0.2527678165732744,0.08973402029673609,0.9561246282507736,False
GUT_GENOME025761_1,GUT_GENOME025761_00033,42050,0.051521387344380803,0.05097897071811935,0.05102822118222966,0.0016523785423148154,0.47693323750041977,0.06133729787282542,0.9999999997797152,0.0005424166262614563,-0.12976349463863898,-0.010309076690595761,-0.25170845160206956,0.08019570914874348,0.9606954261105722,False
GUT_GENOME025761_1,GUT_GENOME025761_00033,42096,0.052256693478864566,0.05071277602515044,0.050744509774080925,0.0012879957128464994,0.4358206501431563,0.061305903384543364,0.9999999999999999,0.0015439174537141276,-0.08772644936638185,-0.01056139361046244,-0.25487155002563266,0.07265543693090093,0.9643242148416636,False
GUT_GENOME025761_1,GUT_GENOME025761_00033,42741,0.054090999918089876,0.0506565156494406,0.050709246865904285,0.0012455520421817475,0.36246447710666424,0.06118188787507046,1.0,0.003434484268649278,-0.008371704356536476,-0.010472641009166173,-0.253758928591463,0.06446367927372047,0.9682820698913293,False
GUT_GENOME025761_1,GUT_GENOME025761_00033,42750,0.05439675691555887,0.05063388308712537,0.050684122033847145,0.0012178013895992367,0.3490537136647819,0.060887125308641876,1.0,0.0037628738284335023,0.005412135270134623,-0.01020300327479473,-0.2503786927635443,0.06271878099816354,0.9691272153679454,False
GUT_GENOME025761_1,GUT_GENOME025761_00034,43528,0.0545854532636433,0.05076225722327488,0.050809929957336235,0.0011833201079888634,0.3454724156906177,0.06081355996453736,1.0,0.003823196040368418,0.007944102777820553,-0.010003630007201128,-0.24787930719416126,0.06150725970400194,0.9697144523415978,False
GUT_GENOME025761_1,GUT_GENOME025761_00035,44593,0.054159653243152195,0.05086308101528806,0.05089711587462274,0.0011080810760204789,0.36266232946992394,0.06019028188212081,1.0,0.003296572227864135,-0.01416043117848052,-0.00929316600749807,-0.23897277980532616,0.05730850729904539,0.9717523862325037,False
GUT_GENOME025761_1,GUT_GENOME025761_00036,45330,0.05381201134204567,0.051643295091931316,0.051670820964706085,0.0010865394196925026,0.41002079328861957,0.0591200732512527,0.9999999999964578,0.002168716250114354,-0.06150111377965785,-0.007449252286546616,-0.21585708630760217,0.05037666870534603,0.975126244963347,False
GUT_GENOME025761_1,GUT_GENOME025761_00036,45738,0.05665275322526234,0.052002117797961066,0.052080595460566974,0.0011555723168291732,0.33057369297234396,0.05872680590646934,0.9999999955758025,0.004650635427301271,0.04267508453548545,-0.006646210445902363,-0.20578998346907984,0.044170680136314984,0.9781567555250013,False
GUT_GENOME025761_10,GUT_GENOME025761_00501,13332,0.06834840303842167,0.06214783304988555,0.062353852095399,0.004507319109309938,0.2973396732322382,0.06269273791762418,0.5299665084493229,0.006200569988536124,0.10773211447862303,-0.0003388858222251809,-0.12672002421071626,0.027664173025999654,0.9862631372422996,False
GUT_GENOME025761_10,GUT_GENOME025761_00501,13389,0.06809083105308555,0.05891727112463678,0.05963076310779664,0.004372770664048419,0.20480572802998254,0.06270227819592271,0.7587908998145136,0.009173559928448774,0.23252054127997696,-0.003071515088126066,-0.16097684427542167,0.07997934651000682,0.960799361031087,False
GUT_GENOME025761_10,GUT_GENOME025761_00501,13411,0.06778053812356011,0.06163326606178463,0.06178190371714641,0.004073234283234194,0.2873143796739887,0.06276214956281498,0.5950888975276908,0.006147272061775476,0.10549498466430875,-0.0009802458456685675,-0.1347602494962901,0.02928951663362509,0.9854619545928914,False
GUT_GENOME025761_10,GUT_GENOME025761_00501,13415,0.06675709884617143,0.061326922706565305,0.06210611648948484,0.003996613704617129,0.30644973191913294,0.06293067602828407,0.5817273912432896,0.00543017613960612,0.07539556495493387,-0.0008245595387992369,-0.13280853293249822,0.023322597634556116,0.9884064306011382,False
GUT_GENOME025761_10,GUT_GENOME025761_00501,13421,0.06771838824851341,0.06132115947688433,0.06225864212494579,0.0038440133019889576,0.2787042548974352,0.06302189672371677,0.5786952365304205,0.006397228771629078,0.11598667996819192,-0.0007632545987709821,-0.13204000120160017,0.030887471847362347,0.9846749070173136,False
GUT_GENOME025761_10,GUT_GENOME025761_00501,13528,0.0691872195024524,0.06153683721468394,0.06264809308267172,0.0038850327667308534,0.24634358520670974,0.06311761443862239,0.5480966209805351,0.007650382287768452,0.16858660764376696,-0.00046952135595067224,-0.12835769896913818,0.04489714316148532,0.9778015226869328,False
GUT_GENOME025761_10,GUT_GENOME025761_00501,13537,0.07349729468239677,0.06345958067924377,0.06519703990330114,0.004209959314462791,0.18895691245506424,0.06350606749405358,0.34396711995340123,0.010037714003152995,0.268792587158305,0.0016909724092475653,-0.1012732908904909,0.08250573435904499,0.9595864513469052,False
GUT_GENOME025761_10,GUT_GENOME025761_00501,13562,0.0738122429424488,0.06457088031688188,0.06620018186854142,0.004308057080048204,0.20578147070892516,0.06371176626182644,0.2817606894224222,0.00924136262556692,0.23536649504277737,0.0024884156067149776,-0.09127637383029891,0.06372876340833022,0.9686379381983092,False
GUT_GENOME025761_10,GUT_GENOME025761_00501,13591,0.07187549471694853,0.06470239400001285,0.0662284609891221,0.004746333290376445,0.2624238640168437,0.06394094541576768,0.31491921788851995,0.007173100716935679,0.14855316738017474,0.0022875155733544233,-0.09379489925916162,0.03086552666571849,0.9846857115114375,False
GUT_GENOME025761_10,GUT_GENOME025761_00501,13642,0.07213651386873486,0.06451615597873245,0.06596879286743954,0.004775029912788205,0.24573781867382682,0.0639844423264286,0.33886300357695365,0.007620357890002413,0.16732636208673282,0.00198435054101094,-0.09759544040555729,0.0375229814371351,0.9814134105376867,False
GUT_GENOME025761_10,GUT_GENOME025761_00501,13736,0.07476741386433967,0.06411819198800547,0.06640606922469199,0.0049995738535963,0.18385458082868622,0.06398834855967754,0.31434008741468433,0.0106492218763342,0.2944600488763781,0.0024177206650144445,-0.09216262061376868,0.09520066902267645,0.9535147978916421,False
GUT_GENOME025761_10,GUT_GENOME025761_00501,13855,0.07453954549982196,0.06465635690466173,0.06935631682650857,0.00572256241532744,0.18880625998874584,0.06413265261593144,0.1806688485037612,0.009883188595160228,0.2623065300393827,0.005223664210577128,-0.05698671718935266,0.07205220163732083,0.9646151159103293,False
GUT_GENOME025761_10,GUT_GENOME025761_00501,13857,0.07218840204085725,0.06608583899074524,0.06792372820838113,0.0054470551575532536,0.28683676241343553,0.0642567464398304,0.2504086154417427,0.006102563050112003,0.10361836639714701,0.0036669817685507367,-0.07650161845306419,0.016589263480751616,0.9917396738013404,False
GUT_GENOME025761_10,GUT_GENOME025761_00501,13868,0.07117007227349689,0.06670168538391802,0.06833499916647834,0.005423873625243217,0.33795824910419237,0.06445704663995339,0.23731119288996777,0.004468386889578874,0.035025375397924975,0.0038779525265249526,-0.07385684428445607,0.00668161036942396,0.996664769095673,False
GUT_GENOME025761_10,GUT_GENOME025761_00501,14383,0.07366891277578297,0.06679739483096052,0.0683851652712902,0.005441293953278176,0.26560190658383154,0.0647376871325193,0.2513228120261488,0.00687151794482245,0.13589451718524445,0.0036474781387708932,-0.07674612009268066,0.02435728675029086,0.9878952161617116,False
GUT_GENOME025761_10,GUT_GENOME025761_00501,14385,0.0721368229261879,0.0661328819968111,0.06789852823347844,0.005152330457617444,0.29247088652346476,0.06498153483874845,0.28564580871969625,0.006003940929376797,0.09947879662291456,0.0029169933947299914,-0.0859036317789107,0.01727546493034987,0.9913994655666305,False
GUT_GENOME025761_10,GUT_GENOME025761_00501,14443,0.07126920308420993,0.06525768270595635,0.06735018196891536,0.005166687912873097,0.28911681325780497,0.06540514251738838,0.3532883282428667,0.0060115203782535875,0.0997969367849979,0.001945039451526978,-0.09808825256116291,0.01958073388217135,0.9902574026801894,False
GUT_GENOME025761_10,GUT_GENOME025761_00501,14576,0.07377889797492446,0.06330687553024159,0.06666001478962365,0.006096452668906979,0.16835746820343223,0.06571121037275537,0.4381614662316906,0.010472022444682871,0.2870222711668064,0.0009488044168682735,-0.11057726625589388,0.09460911595837859,0.953796866904556,False
GUT_GENOME025761_10,GUT_GENOME025761_00502,15589,0.07349141201919146,0.06551747833456117,0.06901228675540699,0.0064857253027453534,0.24669733075982864,0.06798078924290614,0.43681820837152857,0.007973933684630286,0.18216736998060654,0.0010314975125008535,-0.109540608069938,0.04518409550198295,0.9776612415329362,False
GUT_GENOME025761_10,GUT_GENOME025761_00502,15871,0.08288962169540608,0.0761626932462254,0.07903303642899856,0.008383205720736362,0.29811059937629053,0.07197330625192533,0.1998582247258826,0.006726928449180672,0.12982551054283756,0.007059730177073231,-0.033969404805980194,0.01800858365058098,0.9910361254098495,False
GUT_GENOME025761_10,GUT_GENOME025761_00502,16086,0.08704983378232825,0.09796689134195341,0.09224128044084938,0.011209849200426962,0.7998431048594046,0.07372573304432857,0.04929568285310451,-0.01091705755962516,-0.6107640309773299,0.01851554739652081,0.10964314962203188,0.38505432179471605,0.8248719136379609,False
GUT_GENOME025761_10,GUT_GENOME025761_00502,16117,0.08866305145721977,0.10307689409911944,0.0931935007962151,0.011880031863031906,0.8545038522405772,0.07380220604620272,0.051312416622641105,-0.014413842641899668,-0.7575382609945022,0.01939129475001239,0.12062170419035989,0.5884138123923611,0.7451223050709492,False
GUT_GENOME025761_10,GUT_GENOME025761_00502,16161,0.08803871555301414,0.1100018501654638,0.09338994295448085,0.012141843587552542,0.9477416887432167,0.07390452032804032,0.05426717211887315,-0.021963134612449656,-1.0744126156035545,0.019485422626440527,0.12180171121367211,1.1691981254226502,0.5573292711094799,False
GUT_GENOME025761_10,GUT_GENOME025761_00502,16326,0.0895178196539022,0.10214926279830772,0.09335207971444008,0.012395481953607457,0.8203642778557163,0.07386861061313915,0.05799612606968429,-0.012631443144405521,-0.6827237363175861,0.01948346910130093,0.12177722140818178,0.4809413917853421,0.786257685690138,False
GUT_GENOME025761_10,GUT_GENOME025761_00503,16797,0.09104876910855578,0.10073141418675866,0.0937609666346223,0.012407023718018462,0.7552508214430613,0.07392482159633212,0.054934356171385985,-0.009682645078202878,-0.5589507404200238,0.019836145038290176,0.12619844175641992,0.32835197691784135,0.8485926662225763,False
GUT_GENOME025761_10,GUT_GENOME025761_00503,16799,0.08829451494028463,0.11074342932686428,0.09198534461173334,0.012473692026925894,0.9471164930225615,0.0738483908667268,0.07297086893317423,-0.022448914386579644,-1.0948027598727206,0.01813695374500654,0.10489701930739206,1.2095964676845012,0.5461846170945961,False
GUT_GENOME025761_10,GUT_GENOME025761_00503,16825,0.08709600484234954,0.09873377597968419,0.08921841372650745,0.011900227710639078,0.8058881307809209,0.07388846514142483,0.09883707572245354,-0.011637771137334649,-0.6410152983392992,0.015329948585082617,0.06970780726017643,0.4157597910980426,0.8123045922504742,False
GUT_GENOME025761_10,GUT_GENOME025761_00503,16826,0.08407039673584418,0.09155217156313473,0.08651425061549241,0.011283684839886905,0.7200475915860053,0.07381014371030209,0.13010756111961286,-0.007481774827290552,-0.4665713036388419,0.012704106905190318,0.036789699023192866,0.21904226333346552,0.896263224626228,False
GUT_GENOME025761_10,GUT_GENOME025761_00503,16835,0.08457691165184365,0.08760058489855772,0.0859670701846957,0.010949508997149792,0.5957536964734195,0.07394053511810234,0.13602301572783448,-0.0030236732467140703,-0.27944672736896264,0.01202653506659336,0.028295514742371554,0.0788911095917591,0.9613222919542207,False
GUT_GENOME025761_10,GUT_GENOME025761_00503,16874,0.08453229382204765,0.0986384936473516,0.08578374138791797,0.011208056098615915,0.8634366106345042,0.07404214097516983,0.1474106288960667,-0.01410619982530395,-0.7446252461926945,0.011741600412748146,0.024723513487471475,0.555078009386696,0.7576460122762633,False
GUT_GENOME025761_10,GUT_GENOME025761_00503,16885,0.08119271647557279,0.08859120770747728,0.08316193051155066,0.01072188976327329,0.7287656602993495,0.07406085349026652,0.19798754920044465,-0.007398491231904489,-0.46307555388635785,0.00910107702128414,-0.008378647799748323,0.21450917034610933,0.8982969507922288,False
GUT_GENOME025761_10,GUT_GENOME025761_00503,16891,0.0838032198553634,0.08845090047823213,0.08498450175802931,0.010828976869568437,0.6440714579567091,0.07424262195826048,0.16060924209834232,-0.00464768062286873,-0.34761289330966844,0.01074187979976883,0.012190803843626362,0.1209833392934727,0.9413016103606869,False
GUT_GENOME025761_10,GUT_GENOME025761_00503,16895,0.08195214758263429,0.09006067964179995,0.08382075835515516,0.010973645904862663,0.7415529490847397,0.07473917958295682,0.20395396974179203,-0.00810853205916566,-0.4928788426930656,0.00908157877219834,-0.008623081985843033,0.24300391111739028,0.885589321525276,False
GUT_GENOME025761_10,GUT_GENOME025761_00503,16957,0.08425855878935061,0.09974111710612778,0.08589835894257816,0.011464862441788194,0.8876538488069929,0.07480629793346638,0.1666512851326401,-0.015482558316777167,-0.8023965855974535,0.011092061009111781,0.016580749756961798,0.6441152018409545,0.7246564482492744,False
GUT_GENOME025761_10,GUT_GENOME025761_00503,17060,0.08424828711558038,0.10074597639577236,0.08669887125621266,0.01151382979050915,0.8976608551404011,0.07513840897882117,0.15767722605582357,-0.016497689280191977,-0.8450057428708208,0.011560462277391492,0.022452727403460396,0.7145388304525218,0.699583993762863,False
GUT_GENOME025761_10,GUT_GENOME025761_00503,17074,0.08617468614034123,0.10516947960648704,0.0882923015835057,0.011713949771878422,0.9256597734404859,0.07567989527913885,0.14080722133301876,-0.018994793466145812,-0.9498193174950962,0.012612406304366858,0.035640120841683116,0.90342695410046,0.6365365259222653,False
GUT_GENOME025761_10,GUT_GENOME025761_00503,17167,0.09533585363418963,0.09375075313496466,0.09517783483734914,0.012668860698046356,0.45823591351303894,0.07636250683114079,0.06875027469275924,0.0015851004992249729,-0.08599783017692778,0.018815328006208346,0.11340126292818063,0.020255473228846063,0.9899233762120956,False
GUT_GENOME025761_10,GUT_GENOME025761_00503,17222,0.09132550802212887,0.08732457696641496,0.09130289703196708,0.012361973705314716,0.39333782437870535,0.07713728283815162,0.1259177881924634,0.004000931055713905,0.015404361103864362,0.014165614193815457,0.05511146437733103,0.0032745678468320766,0.9983640556946954,False
GUT_GENOME025761_10,GUT_GENOME025761_00503,17254,0.08705702977671931,0.0884599179413809,0.08699740977984433,0.011355260048465616,0.5392200271417186,0.07939162114527742,0.2514916514804749,-0.0014028881646615948,-0.2114158141602976,0.007605788634566901,-0.027123900164499226,0.045432352437195206,0.977539893472717,False
GUT_GENOME025761_10,GUT_GENOME025761_00503,17266,0.08329254119279726,0.08523541612901062,0.08393371039608907,0.011123245209377077,0.5550989913873018,0.08163995823722908,0.4183124635879399,-0.001942874936213354,-0.23408124562067648,0.0022937521588599907,-0.09371671610049156,0.0635768524279876,0.968711514361925,False
GUT_GENOME025761_10,GUT_GENOME025761_00503,17431,0.0825264948634216,0.08345974877770128,0.08235587547091991,0.01039402464866543,0.526937390147774,0.08347655253764716,0.5429305066080279,-0.0009332539142796747,-0.19170336290359577,-0.0011206770667272492,-0.13652072506877436,0.055388087721851616,0.9726859205085047,False
GUT_GENOME025761_10,GUT_GENOME025761_00503,17504,0.08696290380689706,0.08020514275934174,0.082620252556023,0.00979541268453434,0.31795024839962227,0.08367098801280844,0.5427118605477317,0.006757761047555322,0.1311196795521964,-0.00105073545678544,-0.1356439222120127,0.03559164399892922,0.9823615885079715,False
GUT_GENOME025761_10,GUT_GENOME025761_00503,17639,0.0883281066047215,0.07585139645925978,0.08057576318210732,0.00946964717992964,0.18933224018194056,0.08190418212062146,0.5557813192930212,0.012476710145461714,0.37116713188421774,-0.0013284189385141393,-0.1391250212352953,0.15712081132487765,0.9244462164588448,False
GUT_GENOME025761_10,GUT_GENOME025761_00503,17648,0.08544884268722289,0.07450038786395309,0.07845701050648063,0.008769001913487154,0.20444458297285145,0.07885313369724457,0.5180153409316223,0.010948454823269796,0.3070200673930648,-0.00039612319076394453,-0.12743756400269504,0.11050165450098305,0.9462477734574323,False
GUT_GENOME025761_10,GUT_GENOME025761_00503,17680,0.08663995778211253,0.06919715798577768,0.07711569193043226,0.009132207023343669,0.104975385603924,0.07703428903538755,0.4964439454291072,0.017442799796334854,0.57961402454513,8.140289504471321e-05,-0.12145119570829079,0.35070281038837614,0.8391620830361721,False
GUT_GENOME025761_10,GUT_GENOME025761_00503,17683,0.08913446628942776,0.06860559194698718,0.07857661763917519,0.009420656045011109,0.0795319080175057,0.07606354290398727,0.39482613798611094,0.02052887434244058,0.7091490702007338,0.0025130747351879146,-0.09096724176559076,0.5111674428410048,0.7744642945953557,False
GUT_GENOME025761_10,GUT_GENOME025761_00503,17711,0.08790681039352198,0.07075414432063154,0.07991077081672765,0.010383217110439725,0.11191724013327503,0.07456214915250052,0.3032339490375573,0.01715266607289044,0.5674359372853691,0.0053486216642271295,-0.05542022404707101,0.3250549441563529,0.8499927388376733,False
GUT_GENOME025761_10,GUT_GENOME025761_00503,17714,0.0698805861508051,0.05424936154577598,0.059686662448347375,0.0064441126065637845,0.08949787465106418,0.06334511334516772,0.7148874080174814,0.015631224605029116,0.5035748778529462,-0.0036584508968203477,-0.1683347960615904,0.2819242611697069,0.8685222015027178,False
GUT_GENOME025761_10,GUT_GENOME025761_00503,17842,0.07533568105953839,0.052902284879185066,0.06140134030883763,0.006649046096693295,0.026725695945239047,0.06316874938518244,0.6048087429182654,0.022433396180353324,0.7890895640353471,-0.00176740907634481,-0.14462829471241942,0.6435796837009167,0.7248505075653523,False
GUT_GENOME025761_10,GUT_GENOME025761_00503,17948,0.07457843580078477,0.05747252170777348,0.0644743368087951,0.006986851140316552,0.09228485746591603,0.0630341176012106,0.41834358805169136,0.017105914093011293,0.5654735673692641,0.0014402192075844977,-0.1044167862109908,0.33066322063595344,0.8476125804014265,False
GUT_GENOME025761_10,GUT_GENOME025761_00503,18010,0.06807414457998703,0.05102949322225868,0.05536222645281636,0.005220602854573566,0.06849681437068667,0.06284062050540527,0.9239963367909825,0.017044651357728355,0.5629021222880439,-0.007478394052588912,-0.21622241366764183,0.36361093144864476,0.8337635202229512,False
GUT_GENOME025761_10,GUT_GENOME025761_00503,18013,0.06444164351682678,0.04856584869212389,0.053109349467166625,0.005126499090886211,0.06582898831429235,0.06259297856446526,0.9678376831188963,0.015875794824702895,0.5138404803515705,-0.009483629097298635,-0.2413604654960577,0.32228691355240635,0.851169956250334,False
GUT_GENOME025761_10,GUT_GENOME025761_00503,18014,0.07256732479575814,0.05418994943431752,0.06228412775177817,0.007130967559766435,0.07988945705723155,0.062389837034568955,0.5059136936868823,0.018377375361440622,0.6188419455450785,-0.00010570928279078629,-0.12379687365590387,0.3982910194929938,0.8194306495114847,False
GUT_GENOME025761_10,GUT_GENOME025761_00503,18025,0.06454373414540225,0.04985173899922285,0.055011100304747665,0.005559028990900722,0.084620017231817,0.062305438076296085,0.9052669920123215,0.014691995146179401,0.4641516140867773,-0.00729433777154842,-0.21391504509040296,0.26119636737538976,0.8775703256279134,False
GUT_GENOME025761_10,GUT_GENOME025761_00503,18065,0.07030231848030867,0.04877463333288975,0.05600845349164695,0.005996029519272414,0.048789194331555194,0.06235955635699909,0.8552497632019271,0.021527685147418922,0.7510732043365875,-0.0063511028653521345,-0.2020904522473402,0.6049515091619639,0.7389864050767828,False
GUT_GENOME025761_10,GUT_GENOME025761_00503,18097,0.06636269942117096,0.04924109611441874,0.054973575700632486,0.00551273764234752,0.05858304663096247,0.06214474660357762,0.9033428047881593,0.017121603306752213,0.5661321072029163,-0.007171170902945133,-0.21237099910204787,0.3656070040656163,0.8329318090650819,False
GUT_GENOME025761_10,GUT_GENOME025761_00503,18278,0.07091104729215884,0.05081945361753232,0.05739470949981042,0.00587528220862473,0.06540004145047892,0.06230717267614798,0.7984573644989156,0.020091593674626526,0.6907946298191547,-0.0049124631763375615,-0.18405535997211042,0.5110735961214462,0.7745006359147091,False
GUT_GENOME025761_10,GUT_GENOME025761_00503,18300,0.06821028795068723,0.050516009679943914,0.05437140644086938,0.00531213519033472,0.08563605340059327,0.06207790846357772,0.9265732086147275,0.017694278270743317,0.5901695944697153,-0.007706502022708339,-0.21908202356248435,0.39629708328478114,0.8202480031026044,False
GUT_GENOME025761_10,GUT_GENOME025761_00503,18344,0.06841552329152856,0.04791578065649621,0.052301260378720994,0.004353791062768966,0.05479709378843077,0.06210347255606462,0.9878205250059499,0.020499742635032348,0.7079262944729366,-0.009802212177343624,-0.24535429055858876,0.5613583663016914,0.7552706001510352,False
GUT_GENOME025761_10,GUT_GENOME025761_00503,18352,0.062350909720877735,0.04950002245302112,0.05148237714511272,0.004132010686204889,0.14035122537912925,0.06181655219578479,0.993807910156036,0.012850887267856617,0.38687286092886075,-0.010334175050672065,-0.25202308996731804,0.2131862483999565,0.8988913357269582,False
GUT_GENOME025761_11,GUT_GENOME025761_00528,9251,0.05100902254544853,0.05220799668176552,0.05221262650661755,0.00313419157707256,0.5513374485439119,0.06096465651680034,0.9973843608463626,-0.001198974136316991,-0.20285671664764424,-0.008752030010182786,-0.2321889841686893,0.09506257185835047,0.9535806390095997,False
GUT_GENOME025761_11,GUT_GENOME025761_00529,10634,0.050968745721663954,0.052347621260831805,0.05221593628970338,0.003103050192457708,0.5592652528306873,0.06082522016320041,0.997235315289676,-0.0013788755391678509,-0.2104079070300022,-0.008609283873497034,-0.23039948832291327,0.0973554115602063,0.9524880616314386,False
GUT_GENOME025761_11,GUT_GENOME025761_00531,12159,0.05047291016316893,0.05246837893015717,0.05213946056029747,0.0031957271433607094,0.5870020157547516,0.06073109557764255,0.9964110478459101,-0.001995468766988237,-0.2362888216752551,-0.008591635017345084,-0.23017823851889133,0.10881442873634013,0.9470463770777772,False
GUT_GENOME025761_11,GUT_GENOME025761_00532,13539,0.049722151931033326,0.051764067415533556,0.05139502892261957,0.0030947280571103943,0.5897246644455715,0.060750155220245766,0.9987482725695128,-0.00204191548450023,-0.2382383784936609,-0.009355126297626193,-0.23974952714407513,0.11423736075309644,0.9444819712387413,False
GUT_GENOME025761_11,GUT_GENOME025761_00532,13690,0.05023076129788249,0.0526747630573123,0.05242661277842192,0.0027600576933933304,0.605328194006705,0.06078694816407847,0.9987733540594357,-0.002444001759429812,-0.2551155676873631,-0.008360335385656552,-0.22727861727767093,0.11673952274809557,0.9433010866372132,False
GUT_GENOME025761_11,GUT_GENOME025761_00532,13691,0.05058677606296983,0.05275796927118324,0.05263291895414947,0.0027171486608851846,0.5911310243201571,0.06077077015781064,0.9986277608308461,-0.0021711932082134067,-0.2436646880637166,-0.008137851203661173,-0.22448950838355017,0.10976801958347636,0.946594937330035,False
GUT_GENOME025761_11,GUT_GENOME025761_00532,13795,0.051210112571416375,0.05276803053118222,0.05266830117219075,0.0026913273211165278,0.5651029901443632,0.060786601662370134,0.9987213054240788,-0.0015579179597658421,-0.2179230424487874,-0.008118300490179385,-0.22424441649265972,0.09777601075826944,0.9522877748348498,False
GUT_GENOME025761_11,GUT_GENOME025761_00532,13796,0.052472585940051525,0.053209536202097764,0.053213237760954754,0.002620572347329254,0.5304778980232143,0.060801870524917555,0.9981089858073806,-0.000736950262046239,-0.1834637036942914,-0.007588632763962801,-0.21760438953492264,0.0810106009180931,0.9603040744455044,False
GUT_GENOME025761_11,GUT_GENOME025761_00532,14167,0.05304108062482399,0.053383307831933895,0.053410339685964744,0.0026713491088443692,0.5139552332132147,0.060807493595113234,0.9971891761947898,-0.0003422272071099061,-0.16689557866081867,-0.007397153909148489,-0.21520396999853622,0.07416688287966039,0.9635957281794816,False
GUT_GENOME025761_11,GUT_GENOME025761_00533,15246,0.05371430083660803,0.05344279393347386,0.05342181352292587,0.0026941910786126406,0.4891483832212178,0.060838080245492,0.997044587667487,0.00027150690313416936,-0.14113467275814442,-0.00741626672256613,-0.21544357228134445,0.0663349286918954,0.9673765449431883,False
GUT_GENOME025761_11,GUT_GENOME025761_00533,15340,0.053378771701815084,0.05351261086296891,0.053467298311743704,0.0027938170949923543,0.505398168561621,0.06091310626932005,0.9961517530308134,-0.0001338391611538231,-0.158148688511627,-0.007445807957576343,-0.21581390746909282,0.07158665033502579,0.9648396809576657,False
GUT_GENOME025761_11,GUT_GENOME025761_00533,15342,0.053615252667110556,0.05341175821124014,0.053372596408313225,0.002848841243512237,0.49178950519050885,0.060913192414182415,0.9959383235311986,0.0002034944558704163,-0.14398943058393213,-0.007540596005869191,-0.21700219054692269,0.06782290682204795,0.9666570950365567,False
GUT_GENOME025761_11,GUT_GENOME025761_00533,15678,0.05358814971472361,0.05359088281197408,0.05352276650706708,0.003063224188542865,0.5001092619853869,0.06091945047343453,0.9921253236217952,-2.733097250469385e-06,-0.15264563609998716,-0.0073966839663674455,-0.21519807869615878,0.06961090329488785,0.9657932914753331,False
GUT_GENOME025761_11,GUT_GENOME025761_00533,15932,0.05349415243563568,0.05401637465710473,0.05394697141493833,0.0030105549326867125,0.521023375686165,0.060898221594898924,0.9895270927078363,-0.0005222222214690472,-0.17445069829725587,-0.006951250179960594,-0.20961402627379355,0.0743710861471108,0.9634973485038321,False
GUT_GENOME025761_11,GUT_GENOME025761_00541,22078,0.054280719213779194,0.05448603382244117,0.0544409387795177,0.003075180119851299,0.508281259871819,0.06090751683180791,0.9822596416338534,-0.0002053146086619731,-0.1611488024809756,-0.0064665780522902075,-0.2035380736829438,0.06739668397961594,0.9668631226565482,False
GUT_GENOME025761_11,GUT_GENOME025761_00541,22085,0.05386524217617073,0.05363312115380086,0.053666268985079715,0.003058156704944108,0.4905790411885854,0.06089126548647781,0.990924740232892,0.00023212102236987164,-0.14278785766562743,-0.007224996501398094,-0.2130457682205987,0.06577687165344455,0.9676465082500365,False
GUT_GENOME025761_11,GUT_GENOME025761_00541,22086,0.05220615699335085,0.052585442914790684,0.052568681992754954,0.002508909307186509,0.5157455637391716,0.06093966093102092,0.9995757997025732,-0.0003792859214398342,-0.16845108296926864,-0.008370978938265966,-0.22741204711066723,0.08009200652458376,0.9607452407203905,False
GUT_GENOME025761_11,GUT_GENOME025761_00542,22481,0.05214552100172668,0.052519971984770326,0.05246792785115432,0.002591834921540433,0.5161262449534414,0.060896715886097685,0.9994271294481284,-0.0003744509830436449,-0.16824814102585942,-0.008428788034943367,-0.2281367542078548,0.08035381557915264,0.9606194830501169,False
GUT_GENOME025761_11,GUT_GENOME025761_00543,23598,0.052662022842656725,0.05241164693375289,0.0524132578538906,0.0026530298875315646,0.4892594999586161,0.06086109045566271,0.9992742784031331,0.0002503759089038382,-0.14202162615524505,-0.008447832601772107,-0.22837550093694955,0.07232551172398283,0.9644833053963577,False
GUT_GENOME025761_11,GUT_GENOME025761_00543,23772,0.053474797562203365,0.05266770567063698,0.0526753295408614,0.002648293139869639,0.4656106102031195,0.06075899722802202,0.9988649284925656,0.0008070918915663861,-0.11865400196016608,-0.008083667687160623,-0.22381025232844076,0.06416980122848343,0.9684243587659362,False
GUT_GENOME025761_11,GUT_GENOME025761_00543,23785,0.053356735933991484,0.052179964462395145,0.05232188220735291,0.0026359132890336843,0.45000925994060725,0.060657618253793996,0.999217550044871,0.0011767714715963384,-0.10313705298122726,-0.008335736046441083,-0.22697023474377565,0.0621527391572971,0.9694015374620704,False
GUT_GENOME025761_11,GUT_GENOME025761_00544,24107,0.05500763518851878,0.05281990797412556,0.0530124686245452,0.0026613764402257196,0.4083506272532701,0.060390977549411105,0.9972181190336857,0.002187727214393226,-0.06070314662461027,-0.007378508924865905,-0.21497023252099107,0.049897072880257895,0.9753601062399585,False
GUT_GENOME025761_11,GUT_GENOME025761_00544,24413,0.054801468624145006,0.05301742049101319,0.05318472378844321,0.0026659857110586994,0.42452076750711815,0.0603874482889222,0.9965508214298514,0.0017840481331318145,-0.07764719235007529,-0.007202724500478992,-0.2127665616932123,0.051298696254601116,0.9746768019400905,False
GUT_GENOME025761_11,GUT_GENOME025761_00544,24414,0.053721711362383295,0.052102596516161476,0.0522012948923945,0.002757516020072602,0.4314602114778165,0.060410807250342625,0.9985452463340958,0.0016191148462218197,-0.08457011029351082,-0.008209512357948125,-0.2253878678129358,0.057951794512318,0.9714398785509815,False
GUT_GENOME025761_11,GUT_GENOME025761_00544,24437,0.05261443957335153,0.05316482610208368,0.053108410113180994,0.0028123657922888624,0.5235476386269661,0.06040228944426232,0.9952498155229212,-0.0005503865287321483,-0.1756328683235075,-0.007293879331081325,-0.2139092979834728,0.07660409219932468,0.9624222011129273,False
GUT_GENOME025761_11,GUT_GENOME025761_00544,24656,0.0528864384549656,0.053749784139258294,0.053730130899697144,0.0029597342764492197,0.5371582609163023,0.06035914527835975,0.9874458674180778,-0.0008633456842926934,-0.1887690314000055,-0.006629014378662604,-0.20557440992289708,0.07789458523084358,0.9618014018467902,False
GUT_GENOME025761_11,GUT_GENOME025761_00546,27305,0.052526075117929394,0.05353937545797452,0.05357656127698412,0.0029835479601959063,0.5434613768870332,0.060281595530132556,0.9876907139000479,-0.0010133003400451257,-0.19506323553829277,-0.006705034253148438,-0.20652741119317522,0.08070323743282237,0.9604516669899742,False
GUT_GENOME025761_11,GUT_GENOME025761_00546,27338,0.05169055783617582,0.05377427081035574,0.05354411776827108,0.002946818540734356,0.5900506517513092,0.06030934265584189,0.9891555529183673,-0.0020837129741799187,-0.2399927883930524,-0.006765224887570809,-0.20728197375265503,0.1005623551234688,0.9509619977294486,False
GUT_GENOME025761_11,GUT_GENOME025761_00546,27521,0.050597255850076454,0.05389942176377959,0.05356534280619042,0.0030118497856949453,0.6432709459097528,0.06036845155884428,0.9880514912239531,-0.0033021659137031367,-0.2911361923492242,-0.006803108752653858,-0.20775689392045824,0.12792320946708102,0.9380410151740375,False
GUT_GENOME025761_11,GUT_GENOME025761_00548,30568,0.05063705118070433,0.05417377139008766,0.05384054806324671,0.002930079119890189,0.6527350419372542,0.06038417329735993,0.987234061486005,-0.0035367202093833303,-0.30098138595868895,-0.006543625234113219,-0.20450395349589143,0.132411661689063,0.9359381995140869,False
GUT_GENOME025761_11,GUT_GENOME025761_00548,30681,0.04881194714434065,0.05428093160421632,0.053826966569924646,0.0029082325132444397,0.7290187189238904,0.06048563382960543,0.9889775240072273,-0.0054689844598756684,-0.3820863411912387,-0.006658667259680784,-0.2059461447286813,0.1884037866535146,0.9100990007763392,False
GUT_GENOME025761_11,GUT_GENOME025761_00548,30685,0.048213104533099814,0.05354908843271175,0.05367551897591095,0.0032664011830625035,0.7258818197836758,0.060709826512605716,0.9843616509173422,-0.005335983899611936,-0.37650376909565414,-0.0070343075366947685,-0.21065525091417836,0.1861307228809491,0.9111339453227308,False
GUT_GENOME025761_11,GUT_GENOME025761_00548,30724,0.04874730402025161,0.053999326253934415,0.053860775152717685,0.0032218651004712784,0.7188594918534772,0.06044545437634478,0.9795107583254168,-0.005252022233682804,-0.37297955797665355,-0.006584679223627092,-0.205018615015939,0.1811463831715137,0.9134074777125916,False
GUT_GENOME025761_11,GUT_GENOME025761_00548,30726,0.047983991206202024,0.05375467977036938,0.053335361810990446,0.0029400078554561726,0.7455665349268825,0.06123027933695059,0.9963771854673564,-0.005770688564167355,-0.3947500841890294,-0.007894917525960145,-0.22144404027395,0.2048650919400966,0.902639034339905,False
GUT_GENOME025761_11,GUT_GENOME025761_00549,31131,0.04915793888201698,0.05420069488313368,0.053734825924268655,0.0030033846680585594,0.7148444500480525,0.061616230871439116,0.9956570342617787,-0.005042756001116699,-0.364195806779252,-0.007881404947170462,-0.22127464372024086,0.18160105362910978,0.9131998516159172,False
GUT_GENOME025761_11,GUT_GENOME025761_00549,31355,0.049362330460922414,0.05493258202243656,0.054091141785048404,0.0032724751505637238,0.7316632653746866,0.061656490333839784,0.9896059874083288,-0.005570251561514146,-0.386336931524743,-0.00756534854879138,-0.21731249367497973,0.1964809445671921,0.9064309060338707,False
GUT_GENOME025761_11,GUT_GENOME025761_00549,31356,0.04871436746570031,0.05438586377477983,0.05322929457860362,0.0031315318377388643,0.7419846776572574,0.06174239659206264,0.996721170748034,-0.005671496309079517,-0.39058658356727705,-0.00851310201345902,-0.2291937321254202,0.20508764610833635,0.902538596888448,False
GUT_GENOME025761_11,GUT_GENOME025761_00549,31471,0.049822251400666866,0.05464510856329266,0.05397157872599072,0.0031227764761511227,0.7052866777853273,0.061773800998042014,0.9937637970641797,-0.004822857162625795,-0.3549657620548049,-0.007802222272051296,-0.2202819929103971,0.17452484863172463,0.9164365688348847,False
GUT_GENOME025761_11,GUT_GENOME025761_00553,36631,0.05117868597846071,0.05599702500635585,0.055119096868944194,0.003201396431215002,0.7024389961574066,0.061869498895360794,0.9825095954129079,-0.004818339027895142,-0.3547761176441241,-0.006750402026416601,-0.2070961512213149,0.1687549095013191,0.9190842778880126,False
GUT_GENOME025761_11,GUT_GENOME025761_00553,36709,0.05332581679100577,0.05592754658229399,0.0550815187623438,0.0033807177742793296,0.6093240278433549,0.061848437192342384,0.9773372892384332,-0.0026017297912882195,-0.2617360518988444,-0.006766918429998582,-0.2073032043597279,0.11148037940140568,0.9457848286116568,False
GUT_GENOME025761_11,GUT_GENOME025761_00558,40165,0.05362751445305128,0.05543376043213561,0.05487858439826717,0.0033453776876302137,0.5775721347219029,0.061980685207933844,0.9831213704244786,-0.0018062459790843324,-0.22834637501558416,-0.007102100809666674,-0.2115051217630256,0.09687648351475009,0.9527161755657275,False
GUT_GENOME025761_11,GUT_GENOME025761_00558,40263,0.053276945822718205,0.05471638744742529,0.054385097109622894,0.003212038293529615,0.5609927145881586,0.06196541011552573,0.9908617857926738,-0.0014394416247070843,-0.21295011090041935,-0.007580313005902839,-0.2175000912832723,0.09265403944073268,0.9547296956967346,False
GUT_GENOME025761_12,GUT_GENOME025761_00566,9261,0.05659173373602456,0.06567561831436539,0.06479545621877558,0.004101914527551458,0.8249666429521012,0.06611096578851502,0.625783489570429,-0.009083884578340827,-0.533818337580217,-0.0013155095697394426,-0.13896318665027416,0.30427278478090547,0.8588711292656088,False
GUT_GENOME025761_12,GUT_GENOME025761_00566,9468,0.05657939700579512,0.06696112957265547,0.06575176002601234,0.004069155507509488,0.8524188986407867,0.06626677333526425,0.5503577124509273,-0.010381732566860355,-0.5882942732503565,-0.0005150133092519105,-0.12892799574451094,0.3627125800258618,0.8341381106674461,False
GUT_GENOME025761_12,GUT_GENOME025761_00566,9559,0.057198445966006296,0.0666432114983192,0.06546937351057468,0.004028631014611128,0.8253359590359033,0.06654288271446346,0.6050613597289293,-0.009444765532312903,-0.5489659725937651,-0.0010735092038887811,-0.1359294187359845,0.3198404459437211,0.8522117731769956,False
GUT_GENOME025761_12,GUT_GENOME025761_00566,9582,0.0574894938497694,0.06612106295609246,0.06511023160056313,0.004046680670880677,0.7964978609206279,0.06659734774650489,0.6433733602624111,-0.00863156910632306,-0.5148328255832718,-0.0014871161459417553,-0.1411144830870942,0.2849661356349934,0.8672022377945003,False
GUT_GENOME025761_12,GUT_GENOME025761_00566,9583,0.056975464535738804,0.06664913989246883,0.0655554701547575,0.004133740147999639,0.8249069100215525,0.06656722659681295,0.5966771994872252,-0.009673675356730027,-0.5585742448872214,-0.0010117564420554503,-0.13515527301595553,0.33027213487534707,0.8477783412129245,False
GUT_GENOME025761_12,GUT_GENOME025761_00566,9681,0.05638228424612903,0.06707104992144693,0.06599009653119711,0.00419504138774907,0.8509892676408846,0.06663109302129361,0.5607214527713407,-0.010688765675317895,-0.6011816961326121,-0.000640996490096496,-0.1305073476204594,0.37845159954781177,0.8275996137896615,False
GUT_GENOME025761_12,GUT_GENOME025761_00566,9690,0.05592106921759627,0.06751210661582384,0.0660759041940009,0.004166158942332093,0.871819212779597,0.06662261634483546,0.552202094233375,-0.011591037398227567,-0.6390536940622631,-0.0005467121508345579,-0.12932537914587708,0.4251146775858494,0.8085139557780493,False
GUT_GENOME025761_12,GUT_GENOME025761_00566,9859,0.05506897102302766,0.06791087117984505,0.06621069793758315,0.0042659917011002,0.8940200017108397,0.06704397591372856,0.5774328603388922,-0.012841900156817396,-0.6915574693671377,-0.0008332779761454079,-0.13291782911223987,0.4959188827333902,0.7803915942526753,False
GUT_GENOME025761_12,GUT_GENOME025761_00566,9910,0.05720154437585764,0.06836833643001951,0.06677730878302852,0.004372518276212346,0.8591380374365587,0.06766239476810108,0.5802058775549621,-0.011166792054161871,-0.6212463990045096,-0.000885085985072559,-0.13356730530056685,0.4037873133213252,0.8171818251658183,False
GUT_GENOME025761_12,GUT_GENOME025761_00566,10230,0.056711828521899633,0.06873952724778173,0.0667506048397085,0.004638668731723368,0.8814091145453927,0.06872546122610877,0.6648505241385476,-0.0120276987258821,-0.6573821382293499,-0.00197485638640027,-0.14722889819059895,0.4538276241254098,0.7969894702085453,False
GUT_GENOME025761_12,GUT_GENOME025761_00566,10395,0.05714240657397059,0.06786585001537386,0.06522845965793557,0.005696326100033582,0.8497156717153775,0.07006846136746207,0.802245919492641,-0.010723443441403267,-0.6026372624016679,-0.0048400017095265035,-0.18314696765517727,0.3967144817962633,0.8200768358166977,False
GUT_GENOME025761_12,GUT_GENOME025761_00566,10480,0.05573096161666474,0.06344942994358287,0.0621368795269806,0.005858542420912304,0.7739653071508594,0.07036478687621554,0.9199044419333489,-0.007718468326918124,-0.47650628830061287,-0.008227907349234946,-0.22561847132526286,0.27796193739317526,0.8702445901894943,False
GUT_GENOME025761_12,GUT_GENOME025761_00566,10500,0.05556520281699349,0.06299456084142009,0.061902822811662477,0.005736000748487396,0.7689843957804738,0.07059188611914584,0.9350922097154829,-0.007429358024426604,-0.46437115816255387,-0.008689063307483362,-0.23139962022848762,0.26918635677511993,0.8740714305155098,False
GUT_GENOME025761_12,GUT_GENOME025761_00566,10507,0.05618209692614408,0.0633316547782956,0.06213075372031257,0.005674112686484623,0.7613165011991505,0.07059020417147255,0.9320041770807395,-0.007149557852151517,-0.4526268118907391,-0.008459450451159978,-0.22852114476100774,0.257092944445256,0.8793726950651669,False
GUT_GENOME025761_12,GUT_GENOME025761_00566,10509,0.055764697625528055,0.06382601199993387,0.06238626482105234,0.005729882579253358,0.7873241986382582,0.07062377469542214,0.9247319240852382,-0.008061314374405819,-0.4908969252572616,-0.008237509874369796,-0.22573885061703733,0.29193781990493456,0.8641845703063584,False
GUT_GENOME025761_12,GUT_GENOME025761_00566,10983,0.05594325991923118,0.06385958121414274,0.06212975870861291,0.005853713337189096,0.7821418628106834,0.07066479058444028,0.9275872110967983,-0.007916321294911564,-0.484810978566267,-0.008535031875827367,-0.22946864953136717,0.2876975460561308,0.8660187035431304,False
GUT_GENOME025761_12,GUT_GENOME025761_00566,11353,0.05546730038549195,0.06359719776367924,0.06185038678250307,0.005629790919216284,0.7926146013870928,0.07080781972850368,0.944203917978422,-0.008129897378187291,-0.4937756316505475,-0.008957432946000612,-0.23476395893781657,0.29892849082805395,0.86116922821846,False
GUT_GENOME025761_12,GUT_GENOME025761_00566,11397,0.05474977111016511,0.06339948705451372,0.06165172639307118,0.005536703931120751,0.8134930486057017,0.07088002581233876,0.9522179035366016,-0.008649715944348609,-0.515594521860217,-0.009228299419267588,-0.23815959849714372,0.3225577053285865,0.8510547191396834,False
GUT_GENOME025761_12,GUT_GENOME025761_00566,11398,0.05393394283789283,0.06376216890870544,0.061716086326127684,0.005526683322836257,0.846371705759346,0.07111927967076981,0.9555676508995521,-0.009828226070812608,-0.5650613642052094,-0.009403193344642125,-0.24035210584042954,0.3770634800993813,0.828174216730682,False
GUT_GENOME025761_12,GUT_GENOME025761_00566,11432,0.05251566970836513,0.06347054808542847,0.061206796348099085,0.0054021980848518916,0.8728217551716921,0.07130752792406878,0.969240364866576,-0.01095487837706334,-0.6123515238393442,-0.01010073157596969,-0.2490965930553696,0.4370235014201594,0.8037140351785533,False
GUT_GENOME025761_12,GUT_GENOME025761_00566,11883,0.053074354885574805,0.062080210126453254,0.06017200431345668,0.005190595425129903,0.8264961364545984,0.07144538570320919,0.9850678675824963,-0.00900585524087845,-0.5305431303097315,-0.011273381389752507,-0.2637971798385623,0.3510649652096276,0.8390101434959051,False
GUT_GENOME025761_12,GUT_GENOME025761_00566,11910,0.0539094068592997,0.06076165201630137,0.05915337653980816,0.005423705941551199,0.7605674029967155,0.07151878664730495,0.9886926591017519,-0.0068522451570016685,-0.4401473941174956,-0.01236541010749679,-0.27748708346217876,0.2707288100367682,0.8733975832289398,False
GUT_GENOME025761_12,GUT_GENOME025761_00566,11976,0.05510399265349329,0.0606029325893325,0.05928447992707019,0.005606588830138448,0.7116482145390997,0.07163502664283841,0.9861977945696784,-0.005498939935839206,-0.3833436938211253,-0.01235054671576822,-0.27730075283096195,0.22384809511304293,0.8941121649251271,False
GUT_GENOME025761_12,GUT_GENOME025761_00567,12956,0.05603509758391343,0.060035748552231205,0.05870731478081052,0.005496683816322962,0.6562204355171227,0.07165108713957269,0.9907344837631427,-0.004000650968317775,-0.3204544385832426,-0.012943772358762172,-0.28473755531397765,0.18376652261388166,0.9122116337234718,False
GUT_GENOME025761_12,GUT_GENOME025761_00567,13177,0.05703177540510121,0.05832436316492871,0.058092537852222736,0.005182862191950416,0.550152421064153,0.07177138949987272,0.9958454747795353,-0.0012925877598274974,-0.20678605951161422,-0.013678851647649981,-0.29395266518890595,0.1291686437800019,0.9374570627778831,False
GUT_GENOME025761_12,GUT_GENOME025761_00567,13195,0.05705573238845337,0.061200999904955325,0.060143889990945706,0.005424403852939146,0.6551530798245229,0.0716569633890458,0.9831003832460739,-0.004145267516501953,-0.32652458073040236,-0.011513073398100093,-0.2668020096935936,0.17780161419770546,0.9149363242618341,False
GUT_GENOME025761_12,GUT_GENOME025761_00567,13385,0.05623372917682551,0.06125878038025082,0.06002379979871566,0.005431771304051321,0.6873952103980161,0.07163456511669761,0.9837239756835595,-0.005025051203425314,-0.3634526647251591,-0.011610765317981948,-0.26802669632157095,0.20393614943687452,0.9030583816017728,False
GUT_GENOME025761_12,GUT_GENOME025761_00567,13523,0.05515332397776387,0.06187008581045975,0.06020820928584868,0.005409531634583975,0.7458934334041755,0.0716337752481724,0.9826618101038367,-0.006716761832695886,-0.4344606103611964,-0.01142556596232372,-0.2657049979184794,0.2593551678742824,0.8783785886370582,False
GUT_GENOME025761_12,GUT_GENOME025761_00567,13535,0.05583632217037394,0.06417915880260464,0.0621360573359698,0.00540651856760359,0.7947873763543216,0.07159944943493161,0.9599725033374987,-0.008342836632230698,-0.5027135544331289,-0.009463392098961812,-0.24110677019266435,0.3108533924435287,0.8560498263156444,False
GUT_GENOME025761_12,GUT_GENOME025761_00567,13649,0.05646566162949189,0.06323449483266794,0.06142673324923415,0.00536878871021482,0.7504167609857062,0.07145203559964014,0.9690722684300256,-0.006768833203176047,-0.43664625664152,-0.010025302350405989,-0.24815099628525525,0.2522388703964169,0.8815095572272117,False
GUT_GENOME025761_12,GUT_GENOME025761_00567,13654,0.056261569654720275,0.06159934580353376,0.06017024774625445,0.005142267882278987,0.705799100319871,0.07058383179128482,0.9785712255083637,-0.005337776148813485,-0.3765789970522963,-0.010413584045030365,-0.25301857796314564,0.20583014181540582,0.9022035935601017,False
GUT_GENOME025761_12,GUT_GENOME025761_00567,13711,0.05460146939239815,0.05942761136769034,0.058065534294669714,0.0050390201317313385,0.6939165671726684,0.07035080884881509,0.9926161946035452,-0.004826141975292193,-0.35510363894415253,-0.012285274554145374,-0.2764824871687112,0.2025411601023756,0.9036884797266507,False
GUT_GENOME025761_12,GUT_GENOME025761_00567,13859,0.052527304137716634,0.05948452611963021,0.05769956466274737,0.005168097971450477,0.7756725596492566,0.07002149651369112,0.991442538350311,-0.006957221981913578,-0.44455369655918603,-0.012321931850943747,-0.27694203081634405,0.2743248775571177,0.8718285958570727,False
GUT_GENOME025761_12,GUT_GENOME025761_00567,13996,0.053137204405592185,0.05779312012812564,0.05669868332085154,0.005057963278501139,0.6941228171094842,0.06949410903331917,0.9942929473908241,-0.004655915722533453,-0.34795855379035723,-0.012795425712467626,-0.28287785029188445,0.2010950333416347,0.9043421400640513,False
GUT_GENOME025761_12,GUT_GENOME025761_00567,13997,0.05229470609909031,0.05685953935934105,0.05555705688797983,0.004668225538677067,0.6985255518871116,0.06930950198130875,0.9983902737485301,-0.004564833260250742,-0.3441354540129704,-0.013752445093328923,-0.29487524823301825,0.2053806227291974,0.9024063952175275,False
GUT_GENOME025761_12,GUT_GENOME025761_00567,14173,0.053710098936861864,0.05668069468161089,0.05582460120944084,0.004619423628418475,0.6283311069986479,0.06926659807104948,0.9981921978485925,-0.002970595744749026,-0.27721884967592264,-0.013441996861608643,-0.29098340335447725,0.1615216316433962,0.922414291965957,False
GUT_GENOME025761_12,GUT_GENOME025761_00567,14209,0.054316072779672736,0.05674900361233265,0.05603142249900873,0.004240902186386124,0.6062281942207479,0.06924256709398686,0.9990808151730787,-0.002432930832659913,-0.25465087605948317,-0.013211144594978137,-0.2880893903765098,0.14784256552537134,0.9287447991886861,False
GUT_GENOME025761_12,GUT_GENOME025761_00567,14264,0.05535244358992129,0.05600290354991383,0.05557358296269426,0.004350804204077355,0.5285798298120086,0.06923700712120064,0.9991565185156598,-0.0006504599599925429,-0.17983335547751547,-0.013663424158506375,-0.2937592629128498,0.11863454028940326,0.9424077238856148,False
GUT_GENOME025761_12,GUT_GENOME025761_00567,14329,0.056475584431972134,0.05315699547482055,0.05345212188715965,0.004449561285532729,0.3621556510304582,0.06930576982399944,0.9998166578472909,0.0033185889571515845,-0.013236299894278176,-0.01585364793683979,-0.32121637274185966,0.10335515775232859,0.9496349998722524,False
GUT_GENOME025761_12,GUT_GENOME025761_00567,14439,0.05688840816809027,0.05409064317043486,0.054387683959084436,0.0042846747004019045,0.3855009364098937,0.06931106638840656,0.999752055654476,0.002797764997655411,-0.03509739053351833,-0.014923382429322125,-0.3095543670314259,0.09705573297048906,0.9526307924640314,False
GUT_GENOME025761_12,GUT_GENOME025761_00567,14441,0.05653857163771251,0.053704862575124926,0.053746415186518424,0.0040328343437897145,0.3856088041027309,0.06851328396783084,0.9998747069284448,0.0028337090625875846,-0.033588672574027534,-0.014766868781312413,-0.30759227874362016,0.09574120886797816,0.9532571263429728,False
GUT_GENOME025761_12,GUT_GENOME025761_00567,14468,0.05550186908520975,0.05275888594157027,0.05284390041355861,0.0038375304296687216,0.3896149666683459,0.06741748219326853,0.9999269616071823,0.0027429831436394797,-0.03739680678385059,-0.014573581779709917,-0.30516919189559133,0.0945267568398369,0.9538361446478836,False
GUT_GENOME025761_12,GUT_GENOME025761_00567,14594,0.056099134902505524,0.054704042310315185,0.05472626133114053,0.0036111342614812162,0.4449782844401705,0.06590402778580616,0.9990171346813015,0.001395092592190339,-0.09397323146582905,-0.01117776645466563,-0.26259853073250083,0.07778895657499847,0.9618522000828492,False
GUT_GENOME025761_12,GUT_GENOME025761_00567,14596,0.0556919288857875,0.05541797906958239,0.05535069059842381,0.0032292734228028105,0.48887821099447004,0.06546408382799589,0.9991312675975097,0.00027394981620511294,-0.14103213380406224,-0.010113393229572075,-0.24925532223045055,0.08201827842553265,0.9598203579052458,False
GUT_GENOME025761_12,GUT_GENOME025761_00567,14615,0.0588139213951454,0.056178805864891476,0.0563195666038495,0.0034064312888601686,0.40165138181994997,0.06511827397761359,0.9951022977713744,0.0026351155302539245,-0.04192444732393113,-0.008798707373764092,-0.23277414149875708,0.05594146023390046,0.9724168289115614,False
GUT_GENOME025761_12,GUT_GENOME025761_00567,14626,0.058452847061814826,0.05964753148393881,0.059332917631453125,0.0035780128409617896,0.5457687336416065,0.0645171802759076,0.9263203605623488,-0.001194684422123983,-0.2026766599719097,-0.005184262644454471,-0.18746269575276342,0.07622009079626224,0.9626070045913412,False
GUT_GENOME025761_12,GUT_GENOME025761_00568,15530,0.05795705009476196,0.06075711805240083,0.060356989102047245,0.003695240273245539,0.6070572085230546,0.06428199396914204,0.8559226767510753,-0.0028000679576388743,-0.2700611079043453,-0.003925004867094795,-0.17167637316872653,0.10240577910689028,0.9500858884747083,False
GUT_GENOME025761_12,GUT_GENOME025761_00568,15657,0.056761287970811834,0.060524351031526695,0.05997553816344603,0.003691539966392338,0.6475374224834224,0.06405600346507095,0.8654972870574449,-0.0037630630607148607,-0.31048191199687136,-0.004080465301624925,-0.17362525814896693,0.12654474794452839,0.9386877647512835,False
GUT_GENOME025761_12,GUT_GENOME025761_00568,15660,0.05779831329939577,0.061444321301299225,0.06062771667420619,0.0038232729046479706,0.6383400151087295,0.0638492241606556,0.8002752021863664,-0.0036460080019034558,-0.30556863716801524,-0.003221507486449407,-0.16285718079400988,0.11989465335689097,0.9418141407568307,False
GUT_GENOME025761_12,GUT_GENOME025761_00568,15963,0.05874067238606964,0.06142227310779423,0.06065684764995316,0.003929613521808254,0.6025143287481561,0.06372995101857959,0.7829036002083959,-0.002681600721724589,-0.2650885582839174,-0.0030731033686264286,-0.1609967552966466,0.09619189894909418,0.9530423387787398,False
GUT_GENOME025761_12,GUT_GENOME025761_00572,17209,0.059583270061487344,0.06176959155107016,0.06126992718597012,0.0038421230518541514,0.582282549214804,0.06362028449290902,0.729643118886947,-0.0021863214895828167,-0.24429968329425963,-0.0023503573069388953,-0.1519362573737636,0.0827669615624221,0.9594611244892376,False
GUT_GENOME025761_12,GUT_GENOME025761_00572,17304,0.05988971532709828,0.061603780788309546,0.061391391652965636,0.003913980554401603,0.5642538467015907,0.063550329157153,0.709387541331147,-0.0017140654612112644,-0.22447718539853076,-0.002158937504187365,-0.14953657812656107,0.07275119496224745,0.9642780450527579,False
GUT_GENOME025761_12,GUT_GENOME025761_00572,17529,0.05858469028184751,0.06154750606959156,0.06128971456070844,0.003908361881972428,0.6148276418040654,0.06350897980134496,0.7149230687767443,-0.002962815787744044,-0.27689229337574817,-0.0022192652406365157,-0.15029285942612777,0.09925728572536319,0.9515827359350307,False
GUT_GENOME025761_12,GUT_GENOME025761_00572,17747,0.059577790200674045,0.06123564679335911,0.06083245494584439,0.003873055484353394,0.5640982291723197,0.06339727010433727,0.7460849102196445,-0.001657856592685067,-0.22211787157055515,-0.0025648151584928766,-0.15462474648709598,0.07324516109723234,0.9640399141116408,False
GUT_GENOME025761_12,GUT_GENOME025761_00572,17771,0.06093077780860055,0.0618047485665296,0.061685613516154404,0.0037930611813038503,0.5329104592419918,0.0633228119475444,0.6669947703303327,-0.0008739707579290476,-0.18921500876640324,-0.0016371984313899926,-0.14299594644974506,0.05625016024352841,0.9722667479521341,False
GUT_GENOME025761_12,GUT_GENOME025761_00572,17946,0.06136799073330848,0.06407436313533241,0.06374306695446783,0.0038498535146366387,0.6005090339794139,0.06331268684731262,0.4554944452094918,-0.0027063724020239266,-0.2661283260181706,0.00043038010715520936,-0.11707634335962776,0.08453115608369516,0.9586151596261361,False
GUT_GENOME025761_12,GUT_GENOME025761_00572,18245,0.06002863489828828,0.06427073536274219,0.06380561148915959,0.0038884132325440004,0.6560693618268477,0.06328014873472342,0.44625236237904503,-0.0042421004644539115,-0.3305890516777266,0.0005254627544361706,-0.1158843671263988,0.12271830763346457,0.9404854001903936,False
GUT_GENOME025761_12,GUT_GENOME025761_00572,18260,0.060216011978436325,0.06442575863655241,0.06381846569814548,0.004030614092342567,0.6566098098408149,0.0632056116560946,0.43957383116498255,-0.004209746658116083,-0.32923103141007243,0.0006128540420508727,-0.11478881140927419,0.12156954326809402,0.9410257534171156,False
GUT_GENOME025761_12,GUT_GENOME025761_00573,18887,0.06065296096849249,0.06472756719798967,0.06370542022285322,0.00406967040488746,0.6468634379987671,0.06320370230150985,0.4509418177686636,-0.004074606229497173,-0.3235586403742959,0.0005017179213433753,-0.11618203739030054,0.11818845957302412,0.9426179422846329,False
GUT_GENOME025761_12,GUT_GENOME025761_00573,18905,0.06163275059379855,0.06493006082615549,0.06390864737631682,0.004078152366091499,0.6166768195483103,0.06313897514777488,0.42515197538844307,-0.003297310232356937,-0.2909323797402052,0.0007696722285419483,-0.11282290536247382,0.09737065755572867,0.9524808008447518,False
GUT_GENOME025761_12,GUT_GENOME025761_00573,19169,0.06069413564519538,0.06587148923311929,0.06459463499526792,0.004127395068382016,0.6803727050340489,0.06310155599871842,0.3587699881828136,-0.0051773535879239135,-0.3698454125459719,0.0014930789965495045,-0.10375412468502798,0.1475505475704565,0.9288804141673959,False
GUT_GENOME025761_12,GUT_GENOME025761_00575,21107,0.061091396055143035,0.06701539199250543,0.06545683367348498,0.004120928946798686,0.7054740189397132,0.06307880725523596,0.28194920316149574,-0.005923995937362397,-0.4011850154551001,0.002378026418249024,-0.09266023611032186,0.1695353359817295,0.9187257089976303,False
GUT_GENOME025761_12,GUT_GENOME025761_00580,23190,0.06109220063805033,0.0687354283622866,0.0670670103775979,0.004144374222354333,0.7556394718991165,0.06301238469894456,0.1639519867274699,-0.0076432277242362776,-0.4733481355217544,0.004054625678653334,-0.07164203217721217,0.22919103817640188,0.8917267574231911,False
GUT_GENOME025761_12,GUT_GENOME025761_00580,23196,0.06099737182662845,0.06903034082727015,0.06755247415741503,0.003981154363372477,0.7668404269359574,0.06300342023609194,0.1265926003726362,-0.008032969000641703,-0.4897071551367396,0.004549053921323085,-0.06544377485947016,0.24409598545997577,0.8851058888353441,False
GUT_GENOME025761_12,GUT_GENOME025761_00581,23940,0.06193383920976231,0.06829036917224139,0.0672950700785088,0.003928844542986066,0.710689098643235,0.0630466292357406,0.13977158734184447,-0.006356529962479082,-0.41934022002129995,0.004248440842768195,-0.0692123241719057,0.18063656594478922,0.9136403428245705,False
GUT_GENOME025761_12,GUT_GENOME025761_00581,25037,0.06269324512005368,0.06814588013883491,0.06746567917780322,0.0038548311865725785,0.6824928332389264,0.06315651525026367,0.13181326603615195,-0.005452635018781224,-0.38140008894199057,0.00430916392753955,-0.06845108670191893,0.15015157911563196,0.9276731757243959,False
GUT_GENOME025761_12,GUT_GENOME025761_00581,25088,0.06354694700118373,0.06847902531862976,0.06789336222192555,0.003923582356336128,0.6645319976307341,0.0631833158891701,0.11498320575551813,-0.004932078317446034,-0.35955021621001987,0.004710046332755444,-0.06342553984345778,0.13329915708110607,0.9355229712295449,False
GUT_GENOME025761_12,GUT_GENOME025761_00581,25479,0.06329614314111207,0.06885141218766952,0.06819287364128448,0.003996637865642286,0.6854561067105412,0.06326421792434711,0.10875048898591438,-0.005555269046557454,-0.385708054700818,0.004928655716937375,-0.06068500623656634,0.1524533734430213,0.9266061334433668,False
GUT_GENOME025761_12,GUT_GENOME025761_00582,26205,0.062493788695024984,0.06917613013002802,0.0682670285778855,0.0043700812201002545,0.7196549997384482,0.06328640597516787,0.12720369686485133,-0.006682341435003035,-0.43301584688577943,0.00498062260271763,-0.06003353833431126,0.191106749379146,0.9088698497129372,False
GUT_GENOME025761_12,GUT_GENOME025761_00582,26381,0.06062490673224202,0.06914554935860498,0.06792418185313166,0.004260870094346313,0.7821287428870907,0.06332597755728443,0.14025591694850958,-0.008520642626362956,-0.5101767920262797,0.00459820429584723,-0.0648276153397003,0.26448297883285804,0.8761293935546715,False
GUT_GENOME025761_12,GUT_GENOME025761_00582,26382,0.06328206643863481,0.06893229312799799,0.06814229290118096,0.004229480931110685,0.6898396713187256,0.0633610265758073,0.129140858026896,-0.005650226689363186,-0.38969381149716975,0.004781266325373651,-0.06253271091032139,0.1557716066529855,0.9250700604355678,False
GUT_GENOME025761_12,GUT_GENOME025761_00582,26441,0.06386815804893894,0.07018469079922007,0.06943904692879056,0.004263052193023938,0.7109735040505635,0.0634457789384692,0.07988238258584412,-0.006316532750281129,-0.41766137505798023,0.005993267990321363,-0.04733880097444534,0.17668198629302098,0.9154486617751246,False
GUT_GENOME025761_12,GUT_GENOME025761_00582,26690,0.06250067658311931,0.07315599002065312,0.07184053982277701,0.004330913492731326,0.8295462876968531,0.06355417835717274,0.027854464320456254,-0.010655313437533814,-0.5997775702490974,0.00828636146560427,-0.018592094805938045,0.36007879976318397,0.8352373025121527,False
GUT_GENOME025761_12,GUT_GENOME025761_00582,26750,0.06124569157686587,0.07292874130502505,0.07148325288911477,0.004337045388748828,0.8505371094431381,0.06354761365300747,0.03364486503973785,-0.01168304972815918,-0.6429158241503422,0.007935639236107295,-0.02298882306267405,0.4138692429287207,0.8130728057593378,False
GUT_GENOME025761_12,GUT_GENOME025761_00582,27006,0.06075781488118013,0.07319763633324267,0.07103216228328561,0.004423689876163392,0.8683344805923119,0.06357856053267692,0.04600117042565357,-0.012439821452062537,-0.6746805979243238,0.0074536017506086905,-0.029031747220453916,0.45603675156219536,0.7961096305647409,False
GUT_GENOME025761_12,GUT_GENOME025761_00582,27038,0.062390403331447526,0.07447954244544358,0.07192268215192862,0.004620889504983963,0.8626676725429083,0.06369631280025202,0.03751698260354402,-0.012089139113996054,-0.659961040119287,0.008226369351676602,-0.019344168670390304,0.4359227713368797,0.8041564930324903,False
GUT_GENOME025761_12,GUT_GENOME025761_00583,27654,0.06490781494955822,0.07410949337770922,0.07271548377443235,0.004184538101187527,0.7904090301059477,0.06370720827404411,0.015669061489031313,-0.009201678428151006,-0.5387626224590011,0.009008275500388241,-0.009542027348789986,0.29035621364482517,0.8648682404581207,False
GUT_GENOME025761_12,GUT_GENOME025761_00583,28049,0.06565345423318301,0.07337872359776385,0.07232232020758497,0.004124824144535605,0.7490595070923761,0.06377467826718897,0.019121347602665255,-0.007725269364580831,-0.476791755391891,0.008547641940396006,-0.015316627356675223,0.22756497708326406,0.8924520533200758,False
GUT_GENOME025761_12,GUT_GENOME025761_00583,28050,0.0676773636699454,0.07315980256153265,0.07234243132472575,0.00418056952894316,0.6824298608539829,0.06387420919097073,0.021402153733100095,-0.005482438891587255,-0.3826510781734447,0.008468222133755018,-0.016312250897571854,0.14668793715664502,0.9292811315361509,False
GUT_GENOME025761_12,GUT_GENOME025761_00583,28187,0.06493994046615138,0.073152378864499,0.0720707701427456,0.004148372920432109,0.7727616782673941,0.06408367948862538,0.027092478957870137,-0.008212438398347621,-0.49724021251377404,0.007987090654120219,-0.022343817173680322,0.24774707510663405,0.8834915623229137,False
GUT_GENOME025761_12,GUT_GENOME025761_00583,28191,0.06550749997635079,0.07161673890445529,0.07090796253637639,0.004008838352372875,0.7098069598975467,0.06447282973110338,0.054220906910484444,-0.006109238928104499,-0.4089604139118348,0.006435132805273011,-0.041799489935217087,0.16899581750578357,0.918973577175658,False
GUT_GENOME025761_12,GUT_GENOME025761_00583,28236,0.06651369656113393,0.0748523511504286,0.07408101423928433,0.0037447795216514956,0.7713177569902852,0.0652258694217139,0.009023220922594262,-0.00833865458929467,-0.502538017156061,0.008855144817570423,-0.011461706067427305,0.2526758293931215,0.8813169864985,False
GUT_GENOME025761_12,GUT_GENOME025761_00583,28305,0.06849883967396177,0.07763824017593385,0.07678813245260693,0.003845247511725374,0.7772687927972595,0.06563696920191348,0.0018658977209501633,-0.009139400501972081,-0.5361485657048947,0.011151163250693458,0.01732166799294386,0.2877553246894735,0.8659936852159433,False
GUT_GENOME025761_12,GUT_GENOME025761_00584,28657,0.06970519801596198,0.0832111994834322,0.08196457455390307,0.004345780063824635,0.8709220876860252,0.06619204241206476,0.00014204569699434677,-0.013506001467470219,-0.7194324906312587,0.01577253214183831,0.07525612859910447,0.5232465934676211,0.7698009556292975,False
GUT_GENOME025761_12,GUT_GENOME025761_00584,28852,0.07022945746710899,0.08601658560198384,0.08450949925680225,0.004551135924031112,0.89753270557782,0.06656360846900808,4.020624310582976e-05,-0.01578712813487486,-0.8151806142082944,0.01794589078779417,0.10250181355155498,0.6750260555623698,0.7135426787680648,False
GUT_GENOME025761_12,GUT_GENOME025761_00584,29284,0.0699875517512176,0.08641243180742782,0.08482924531112314,0.004501374390774078,0.9072730947098494,0.06641433774220776,2.1480281824254293e-05,-0.01642488005621022,-0.8419496449017917,0.01841490756891538,0.10838150739758416,0.7206257556960257,0.6974580727486159,False
GUT_GENOME025761_12,GUT_GENOME025761_00584,29671,0.06826779552568966,0.08707489561043788,0.08498558051370986,0.0048322587362046475,0.9406815365007788,0.06636566878095301,5.82796046852695e-05,-0.018807100084748216,-0.9419410662197755,0.018619911732756844,0.11095148307663667,0.8995632038281526,0.6377674235974313,False
GUT_GENOME025761_12,GUT_GENOME025761_00584,30012,0.06755961251571331,0.09163304898775805,0.08802627933300083,0.005694006024907422,0.9774037023573685,0.06624450799644861,6.528365339634323e-05,-0.02407343647204474,-1.1629905302474834,0.021781771336552222,0.15058922569642447,1.3752240883411713,0.5027752417799727,False
GUT_GENOME025761_12,GUT_GENOME025761_00584,30022,0.06598086385047598,0.0905007056540519,0.08751636687813122,0.005146146791057163,0.9825016200164721,0.06618963810592021,1.704913012643609e-05,-0.024519841803575915,-1.1817279697152903,0.021326728772211007,0.14488471559586386,1.4174725752207162,0.49226588706028174,False
GUT_GENOME025761_12,GUT_GENOME025761_00584,30089,0.0671905802546929,0.0883850607767065,0.08522793778866256,0.00554232645959895,0.9660626560503269,0.06611683765563424,0.0002821585654910948,-0.0211944805220136,-1.0421490907889501,0.019111100133028316,0.1171091250429072,1.0997892746005506,0.5770106025726724,False
GUT_GENOME025761_12,GUT_GENOME025761_00584,30106,0.06828051031953637,0.08719820472558433,0.08375417624043444,0.00580672672253512,0.9475627394291098,0.06615394680484406,0.0012186979211599549,-0.018917694406047958,-0.9465831577327268,0.017600229435590378,0.0981685295259723,0.905656734692552,0.6358272529806633,False
GUT_GENOME025761_12,GUT_GENOME025761_00585,30490,0.06805820492646042,0.08594909341780083,0.08287367006922422,0.005724698616555112,0.9388356758435354,0.0661889843800911,0.001781242634459826,-0.017890888491340406,-0.9034839554762788,0.016684685689133116,0.08669107893465952,0.8237986009699179,0.6623909751437476,False
GUT_GENOME025761_12,GUT_GENOME025761_00585,30491,0.06598837561252774,0.08635101303865172,0.08336135817090357,0.005452896585609145,0.9646737444908167,0.06611091504553689,0.0007793212079697735,-0.020362637426123986,-1.007233267533698,0.01725044312536668,0.09378353415175343,1.0233142065046028,0.5995013196581812,False
GUT_GENOME025761_12,GUT_GENOME025761_00585,30572,0.06407798528313685,0.08559697337318926,0.08238729258122819,0.0055294854390891554,0.9680546605905845,0.06601403375155836,0.0015328024136873747,-0.021518988090052413,-1.0557699875020707,0.016373258829669834,0.0827869657711665,1.1215039482117188,0.5707796908826777,False
GUT_GENOME025761_12,GUT_GENOME025761_00585,30886,0.066711599880497,0.08745173122815281,0.08406275239181225,0.005665520640596087,0.9602583675379335,0.06595233868566817,0.0006952836430470791,-0.020740131347655802,-1.0230782160693843,0.01811041370614408,0.10456430775110202,1.057622730651181,0.5893050219256097,False
GUT_GENOME025761_12,GUT_GENOME025761_00585,30938,0.06604675853033795,0.0876030998448824,0.08393230234203779,0.005703248264088853,0.9675154988647279,0.06575019805502355,0.0007162380439254024,-0.021556341314544453,-1.0573378535946336,0.018182104287014236,0.10546303607837607,1.1290857886229757,0.5686200068009741,False
GUT_GENOME025761_12,GUT_GENOME025761_00585,30940,0.06643095621884315,0.08745415637571556,0.08380549168044289,0.005749075047335872,0.9625073971524911,0.0656803403187352,0.0008088193544358612,-0.02102320015687241,-1.0349597602698706,0.018125151361707698,0.10474906212708651,1.0821140713943722,0.5821325921135181,False
GUT_GENOME025761_12,GUT_GENOME025761_00585,30941,0.06428091830725705,0.08588624584722601,0.082205453872061,0.0055498268392557065,0.9709185701640033,0.06555668331409029,0.0013504650832005115,-0.021605327539968966,-1.0593940038437801,0.01664877055797072,0.0862408392328517,1.1297531377317418,0.5684303044247798,False
GUT_GENOME025761_13,GUT_GENOME025761_00606,13774,0.056871638083565504,0.05592870339552803,0.056266125533023195,0.0029518209066145985,0.4644250156054747,0.06226725824378558,0.9789751213371265,0.0009429346880374737,-0.11295212970141852,-0.006001132710762386,-0.1977031521611554,0.051844719978543036,0.9744107399322677,False
GUT_GENOME025761_13,GUT_GENOME025761_00606,13814,0.05659774594154801,0.055215020601063265,0.055467319060812134,0.002877806099661025,0.44779511752025697,0.06230669672545277,0.9912633535220866,0.0013827253404847459,-0.09449233510068449,-0.006839377664640635,-0.20821156869371696,0.05228085873067847,0.9741982739571802,False
GUT_GENOME025761_13,GUT_GENOME025761_00606,13892,0.05744167236785851,0.0550196255317816,0.05528519727893215,0.002764004931782377,0.4102436773132053,0.06240071027754507,0.994978552587201,0.0024220468360769062,-0.05086780323308369,-0.007115512998612919,-0.21167325980836485,0.047393102323659245,0.9765820074755832,False
GUT_GENOME025761_13,GUT_GENOME025761_00606,13894,0.05597228946644743,0.05469869677450483,0.055032895546321486,0.002937633343514766,0.45004944158607507,0.062455023716070784,0.9942408331540771,0.0012735926919425974,-0.09907307428900475,-0.007422128169749298,-0.21551705262643853,0.056263074021861724,0.9722604701537697,False
GUT_GENOME025761_13,GUT_GENOME025761_00606,14207,0.05547816750002275,0.05474252111423458,0.05487756557812663,0.002891238612729381,0.47142167281266606,0.06245070102689733,0.9955949887922237,0.0007356463857881648,-0.12165285915386154,-0.007573135448770696,-0.21741011190471254,0.0620665748987289,0.9694433022440869,False
GUT_GENOME025761_13,GUT_GENOME025761_00608,15176,0.05492269121517686,0.054891000126348566,0.05497433822827681,0.0029033378433543093,0.49879463765909776,0.06248086174077151,0.9951378319860664,3.16910888282923e-05,-0.15120071361067258,-0.0075065235124947005,-0.2165750505432453,0.06976640831418589,0.9657182015423719,False
GUT_GENOME025761_13,GUT_GENOME025761_00608,15204,0.054593003776357764,0.05446292166523094,0.05457683347505401,0.002739522188565074,0.49491440162645983,0.06251072382587368,0.9981107525116768,0.0001300821111268266,-0.14707084397365264,-0.007933890350819671,-0.22193261187247817,0.07088391735966251,0.9651787528533017,False
GUT_GENOME025761_13,GUT_GENOME025761_00608,15237,0.05343957648221945,0.05422973372654141,0.054176567321033396,0.0027732785394796776,0.5311606921090818,0.06252141816696961,0.9986895410869276,-0.0007901572443219651,-0.18569701620029688,-0.008344850845936218,-0.22708449980348464,0.08605075187669213,0.9578870824750706,False
GUT_GENOME025761_13,GUT_GENOME025761_00608,15467,0.05139797928525197,0.05409894661538536,0.05387896670998864,0.0025638411016217525,0.6135063642024247,0.0626257538480411,0.9996770798803996,-0.0027009673301333914,-0.2659014532632672,-0.008746787138052464,-0.23212325841165674,0.12458478994316224,0.9396081099347593,False
GUT_GENOME025761_13,GUT_GENOME025761_00608,15710,0.05083327994927694,0.055102256002179884,0.05490611545921631,0.0025643110288003966,0.6772821284159987,0.06282601460669122,0.9989941839202011,-0.004268976052902947,-0.33171712895672817,-0.007919899147474915,-0.22175721517983096,0.15921251612760848,0.923479887570204,False
GUT_GENOME025761_13,GUT_GENOME025761_00608,15999,0.050940048232316765,0.054093657603295105,0.0540438017592716,0.002661786841526103,0.6330858365938062,0.06293512913474865,0.9995816513425593,-0.00315360937097834,-0.2849006726763187,-0.00889132737547705,-0.2339352454848214,0.13589409237146252,0.934309947542716,False
GUT_GENOME025761_13,GUT_GENOME025761_00608,16083,0.050785935991500664,0.05444118415229361,0.05429200957257981,0.0026312749912484764,0.6541488812340479,0.06302751660331968,0.9995497130091641,-0.0036552481607929482,-0.3059564840543213,-0.008735507030739866,-0.23198184859388885,0.14742494821192012,0.9289387493911816,False
GUT_GENOME025761_13,GUT_GENOME025761_00608,16122,0.05226068490895495,0.05527849806066922,0.055034404297520066,0.00283790808911981,0.6224692753065995,0.0632151186259152,0.9980283143021813,-0.0030178131517142742,-0.2792007554515627,-0.00818071432839513,-0.2250268496064321,0.12859014488851914,0.9377282609337653,False
GUT_GENOME025761_13,GUT_GENOME025761_00608,16230,0.05626853059356889,0.05553717502635581,0.05568266271289264,0.0027386439930463745,0.47115468851543535,0.06341557498454428,0.9976258280374426,0.000731355567213085,-0.1218329621849838,-0.00773291227165164,-0.2194131080448195,0.06298538265665532,0.9689980385163741,False
GUT_GENOME025761_13,GUT_GENOME025761_00609,17203,0.05392162403403311,0.05540008232207605,0.05533719489675216,0.002569786687831028,0.5583257741343983,0.06353525929483927,0.999289062029993,-0.0014784582880429387,-0.21458779825729699,-0.008198064398087117,-0.22524435376001972,0.09678294206168331,0.9527607358354888,False
GUT_GENOME025761_13,GUT_GENOME025761_00609,17242,0.05254208233259018,0.05599093786812009,0.05582798882749556,0.0025252415363910484,0.6396852900088406,0.06372977614094685,0.9991233507096166,-0.003448855535529906,-0.29729334979200583,-0.007901787313451293,-0.22153016138701268,0.13745894823470783,0.9335792032576152,False
GUT_GENOME025761_13,GUT_GENOME025761_00609,17251,0.05423059950623676,0.056056656933188925,0.05592039801024782,0.002556059797735803,0.5732481444617593,0.06431509126188008,0.9994886963852295,-0.001826057426952167,-0.229177941708392,-0.008394693251632258,-0.22770933477280433,0.1043740701083682,0.94915132567057,False
GUT_GENOME025761_13,GUT_GENOME025761_00609,17258,0.056444059082976145,0.05560095526160123,0.055654829967723855,0.0026570736598536286,0.46782714418427257,0.06503539714828409,0.9997925442153048,0.0008431038213749173,-0.11714243543699802,-0.009380567180560233,-0.24006845944851685,0.07135521540209543,0.9649513362211987,False
GUT_GENOME025761_13,GUT_GENOME025761_00609,17278,0.055307508980575314,0.0567228862763451,0.05675040194717011,0.0031019135292823068,0.5555962803441848,0.06560867286042418,0.997853194050448,-0.001415377295769786,-0.21194003356722663,-0.008858270913254071,-0.23352084266315837,0.09945056178658872,0.951490781296694,False
GUT_GENOME025761_13,GUT_GENOME025761_00609,17279,0.057720108124746476,0.056215480355229615,0.0565149391868758,0.003386817229178794,0.4429001594713273,0.06571430952061585,0.9966984861125882,0.0015046277695168614,-0.08937559651440177,-0.009199370333740055,-0.2377969373451464,0.06453538066303663,0.9682473569287443,False
GUT_GENOME025761_13,GUT_GENOME025761_00609,17280,0.05898792538656855,0.05693216606155862,0.05727174706354911,0.003239493592116903,0.42297622043299854,0.06587391469702757,0.9960393384605525,0.002055759325009933,-0.06624237334157658,-0.008602167633478458,-0.2303102776286945,0.05743087600733115,0.9716929320092179,False
GUT_GENOME025761_13,GUT_GENOME025761_00609,17295,0.060593308940399424,0.05847772423603086,0.05866136886536158,0.0034986019756798625,0.42280110473253285,0.06592448273571373,0.9810532382187642,0.0021155847043685602,-0.06373125990902435,-0.007263113870352153,-0.21352361564245478,0.04965400792661837,0.9754786513728569,False
GUT_GENOME025761_13,GUT_GENOME025761_00609,17332,0.062130337497365996,0.05639058138442804,0.05712993033279322,0.0031022500956625044,0.3052192573448016,0.06589365217462717,0.9976356488759928,0.005739756112937956,0.08838989006940767,-0.008763721841833952,-0.2323355554500917,0.06179258299278462,0.969576121150749,False
GUT_GENOME025761_13,GUT_GENOME025761_00609,17440,0.05981015460861816,0.056934740793021264,0.05739143868277899,0.0030098086147684437,0.3977922069054423,0.06588009571302936,0.9976012944179324,0.002875413815596896,-0.03183815520822579,-0.008488657030250368,-0.2288872846311651,0.05340305719289106,0.973651805380604,False
GUT_GENOME025761_13,GUT_GENOME025761_00609,17557,0.06045436381850767,0.057202440281328246,0.05766001148158751,0.002923948283591344,0.3844696518726738,0.0659660524471743,0.9977492224913872,0.003251923537179423,-0.016034517529895886,-0.008306040965586785,-0.22659797091189532,0.0516037461738047,0.9745281507370473,False
GUT_GENOME025761_13,GUT_GENOME025761_00609,18265,0.06107594156655439,0.05767210308847502,0.058114449160000706,0.0028679063924342404,0.37872857311261265,0.06604649430211193,0.9971608011337985,0.003403838478079367,-0.009658032285858468,-0.007932045142111224,-0.22190947994474255,0.049337094876980785,0.9756332345770236,False
GUT_GENOME025761_13,GUT_GENOME025761_00609,18489,0.06025747893436392,0.05841878396925089,0.05872237946612497,0.0028045697655512975,0.431607457316622,0.06624532009170372,0.9963450545430358,0.001838694965113033,-0.07535344352130713,-0.007522940625578754,-0.2167808589549169,0.05267208225975039,0.9740077279509314,False
GUT_GENOME025761_13,GUT_GENOME025761_00609,18549,0.06296522318328945,0.05834231654973823,0.058724341897583424,0.0027939078601707914,0.33805498852914834,0.06646301580391589,0.9971957963942343,0.0046229066335512214,0.041511194774973996,-0.007738673906332469,-0.21948533711921414,0.04989699250198091,0.9753601454388416,False
GUT_GENOME025761_13,GUT_GENOME025761_00611,19804,0.0637413899408048,0.05813116055793322,0.05857303101874146,0.002754405332030933,0.3133726029236792,0.06604676846394204,0.9966699259975434,0.005610229382871583,0.0829531286943654,-0.007473737445200586,-0.21616403744976095,0.053608112646765606,0.9735519841914773,False
GUT_GENOME025761_13,GUT_GENOME025761_00611,19805,0.06413448433800006,0.058193954180323235,0.058626937882723,0.002687455581648592,0.29932119705078775,0.06581426837717091,0.9962568420709237,0.005940530157676829,0.09681718975487003,-0.007187330494447912,-0.21257357916855657,0.0545610947925611,0.9730882058638993,False
GUT_GENOME025761_13,GUT_GENOME025761_00612,21376,0.0645350900735505,0.058769641656597316,0.05914786437409715,0.0026777968362481667,0.3026997880264858,0.06574323396244236,0.9931106883509049,0.005765448416953187,0.08946830010905178,-0.00659536958834521,-0.20515263169545878,0.050092179015975916,0.9752649615102331,False
GUT_GENOME025761_13,GUT_GENOME025761_00612,22147,0.06257900557320673,0.058554371268607554,0.058940376563183475,0.0026620718825958556,0.35467033924579744,0.06560592285059014,0.9938582616326771,0.004024634304599171,0.016399282445091725,-0.006665546287406662,-0.2060323816792864,0.042718278765153044,0.9788673516179254,False
GUT_GENOME025761_13,GUT_GENOME025761_00612,22219,0.061839765035884675,0.05867732645648701,0.059038695341253895,0.0027162798978781007,0.38427568743371693,0.06553425158328785,0.9916065633667168,0.0031624385793976653,-0.01979056357433665,-0.006495556242033955,-0.2039013504158105,0.04196742710798101,0.9792349126961263,False
GUT_GENOME025761_13,GUT_GENOME025761_00612,22241,0.06181981081816835,0.05884494357473585,0.05917156913224111,0.0027846679329784282,0.3916438737257172,0.06544620091575244,0.9878791959670733,0.0029748672434324955,-0.027663692108639552,-0.006274631783511335,-0.20113179454595972,0.041219278638359766,0.9796012877682581,False
GUT_GENOME025761_13,GUT_GENOME025761_00612,22243,0.0613055331968747,0.05873341072305765,0.05905203637884529,0.0027966317723439387,0.40553720980042274,0.06533042470805447,0.9876153598348894,0.002572122473817051,-0.04456852099085961,-0.0062783883292091835,-0.20117888739958675,0.0424592977986483,0.9789941138313993,False
GUT_GENOME025761_13,GUT_GENOME025761_00612,22377,0.05930347772482802,0.058906012072472376,0.05911419557272286,0.0029046936206112827,0.48485242421298314,0.06528553475236198,0.9831903878268714,0.00039746565235564135,-0.1358476739875816,-0.006171339179639128,-0.199836896555581,0.05838937575280224,0.9712273598668205,False
GUT_GENOME025761_13,GUT_GENOME025761_00612,22448,0.05968840356672692,0.0583091343130042,0.059622287791417525,0.003436157760164221,0.44776812161323176,0.06526731589451892,0.9497910964246683,0.0013792692537227258,-0.0946374010573941,-0.005645028103101399,-0.19323894927015942,0.046297529193933304,0.9771171125270635,False
GUT_GENOME025761_13,GUT_GENOME025761_00612,22510,0.06043614140169381,0.058176909313874335,0.05942861430079724,0.0034120223998977597,0.4160096206291979,0.06529191353297598,0.9571402950353409,0.002259232087819474,-0.05770179753031983,-0.005863299232178737,-0.19597524243931616,0.04173579308737877,0.9793483313238737,False
GUT_GENOME025761_13,GUT_GENOME025761_00612,22551,0.05956097932000667,0.05984461126261713,0.059918300884282134,0.003150919184943408,0.5102875816280713,0.06531462306067835,0.9566086171151733,-0.0002836319426104614,-0.16443609813021526,-0.005396322176396219,-0.19012111902275616,0.0631852702667548,0.9689011980047042,False
GUT_GENOME025761_13,GUT_GENOME025761_00612,22579,0.060546874545518534,0.06053067133506704,0.060631188011718996,0.0027903415739260495,0.4994234860169492,0.06536030203265211,0.9549447825339659,1.6203210451495864e-05,-0.15185080258379166,-0.004729114020933116,-0.18175685607182554,0.056094220974455974,0.9723425581905535,False
GUT_GENOME025761_13,GUT_GENOME025761_00612,22612,0.05907979691658705,0.06084885130179403,0.060777984694983904,0.002819187569761593,0.5633881772362016,0.06539358324071659,0.9492065698862987,-0.0017690543852069765,-0.22678529321443738,-0.004615598545732687,-0.18033380199821755,0.08395184936149067,0.9588928659464683,False
GUT_GENOME025761_13,GUT_GENOME025761_00612,22726,0.05804556258946071,0.059703124922921055,0.059633817136569275,0.0025699062799326143,0.5604480334429126,0.0653013609721237,0.986285242051313,-0.001657562333460344,-0.22210552031930064,-0.005667543835554428,-0.1935212112677503,0.08678132136684452,0.9575372448354034,False
GUT_GENOME025761_13,GUT_GENOME025761_00612,23232,0.058866638313405946,0.0596039155678377,0.05953895210530892,0.002552089781507015,0.5267280504780846,0.06531264033003852,0.9881617180820357,-0.0007372772544317549,-0.18347742888885624,-0.005773688224729595,-0.19485185984354714,0.07163121419615463,0.964818182706401,False
GUT_GENOME025761_13,GUT_GENOME025761_00612,23422,0.058260506260513684,0.05975984769993997,0.05963898514415627,0.0025789299020900513,0.5580275783490414,0.06527896949523283,0.9856268222976224,-0.0014993414394262883,-0.21546434868647849,-0.005639984351076564,-0.1931757197250024,0.08374174424616107,0.9589936053859377,False
GUT_GENOME025761_13,GUT_GENOME025761_00612,23943,0.05962817048930268,0.060432165558373246,0.06038837703364292,0.0025406053272721218,0.5304965256116048,0.06519226422489544,0.9706773839893387,-0.0008039950690705636,-0.18627784574080355,-0.004803887191252514,-0.18269422839424876,0.06807661690240453,0.9665344774894187,False
GUT_GENOME025761_13,GUT_GENOME025761_00612,24305,0.05970775895593339,0.06051713169315746,0.06047941542069073,0.002428405141180455,0.5296592315855059,0.0647423752237116,0.9604093799779104,-0.0008093727372240692,-0.1865035682498933,-0.004262959803020869,-0.17591304792533013,0.06572898140032211,0.9676696789455546,False
GUT_GENOME025761_13,GUT_GENOME025761_00612,24497,0.058883216236747894,0.06158775248711445,0.06144105632359036,0.0023604834371324674,0.5987167345973144,0.06411847153596349,0.8716584273492707,-0.0027045362503665543,-0.26605125529767604,-0.0026774152123731354,-0.15603632464487455,0.09513060505414987,0.9535482019921392,False
GUT_GENOME025761_13,GUT_GENOME025761_00612,24619,0.05931313239068764,0.062282510196814474,0.06211615323212131,0.0025061419445252596,0.6104554577001677,0.06384038428953843,0.7542742877052973,-0.002969377806126834,-0.2771677278599476,-0.0017242310574171263,-0.14408700590913623,0.09758301463890542,0.9523796731913156,False
GUT_GENOME025761_13,GUT_GENOME025761_00612,24910,0.0573477369213106,0.06140021701609561,0.06121055805872467,0.002482995101785704,0.6518839342752136,0.06368368034952893,0.8403807165340185,-0.00405248009478501,-0.3226299169013847,-0.002473122290804257,-0.1534752652498048,0.12764472032329235,0.9381716413878993,False
GUT_GENOME025761_13,GUT_GENOME025761_00613,25763,0.05778815838998989,0.06060972565758364,0.060440317662021056,0.0024351702256214715,0.6062969376590402,0.06341010361273307,0.8886802278120285,-0.0028215672675937498,-0.27096352100388726,-0.0029697859507120117,-0.15970154623217173,0.09892581358377053,0.9517404605886933,False
GUT_GENOME025761_13,GUT_GENOME025761_00613,25835,0.060319747254859335,0.060286619388843034,0.06027661908999303,0.0023785448753408153,0.49876558784451497,0.06339338881478657,0.9049643582446047,3.312786601630119e-05,-0.15114040625391073,-0.003116769724793536,-0.16154416599913893,0.04893993997095453,0.9758269925771692,False
GUT_GENOME025761_13,GUT_GENOME025761_00613,25968,0.058198907521158874,0.060320327338817946,0.06021114010702773,0.002371106480951917,0.5798462214195084,0.06322181166871302,0.8979100792787631,-0.0021214198176590718,-0.24157549730647263,-0.003010671561685288,-0.1602140969231215,0.08402727775176093,0.9588567027557453,False
GUT_GENOME025761_13,GUT_GENOME025761_00613,26371,0.05852709258560428,0.05993786054625146,0.05972194427498586,0.002570617331776132,0.5530570612976616,0.06310911023632708,0.9061890613160367,-0.0014107679606471801,-0.2117465611067826,-0.0033871659613412194,-0.1649339105712164,0.07203980099686243,0.9646210968514878,False
GUT_GENOME025761_13,GUT_GENOME025761_00613,26394,0.057824189469340315,0.05956617574410259,0.059325640823408424,0.002768810110327834,0.5661427763371114,0.06295032760853825,0.9047520520695507,-0.0017419862747622764,-0.22564913500766637,-0.0036246867851298242,-0.16791152199611062,0.07911181134875839,0.9612162150477298,False
GUT_GENOME025761_13,GUT_GENOME025761_00613,26399,0.056512340126042324,0.05962244620860069,0.0593401432421039,0.0027926771557293295,0.6158521159889399,0.06280094286092808,0.8923718421374482,-0.0031101060825583643,-0.28307466349622246,-0.00346079961882418,-0.16585699771903273,0.1076398088058708,0.9476027502183267,False
GUT_GENOME025761_13,GUT_GENOME025761_00613,26406,0.055752770833156454,0.05969223931093472,0.059241112447300265,0.0026341813333114516,0.6452111608107008,0.06271523600009185,0.906392493967078,-0.003939468477778263,-0.3178863616988523,-0.003474123552791586,-0.16602402938123847,0.1286157172861159,0.937716271030455,False
GUT_GENOME025761_13,GUT_GENOME025761_00613,26418,0.054695472780773545,0.0596054622759594,0.05914949229611094,0.002622562848642971,0.680867784092303,0.06257087933717956,0.903984906915702,-0.004909989495185854,-0.35862305889181395,-0.0034213870410686187,-0.1653629132849288,0.15595539145900034,0.9249850574303893,False
GUT_GENOME025761_13,GUT_GENOME025761_00613,26483,0.052860990590299514,0.05957612995436281,0.05900190491705442,0.0027489642845801186,0.7437514749297873,0.06245434432461015,0.8954248857311367,-0.006715139364063295,-0.43439250878255414,-0.003452439407555734,-0.16575219233738078,0.21617064095104946,0.8975510136841479,False
GUT_GENOME025761_13,GUT_GENOME025761_00613,26513,0.05282601618980348,0.05931960134134896,0.05886376690170504,0.0025150679957879596,0.7363612470132477,0.06240179262537342,0.9202465098990114,-0.006493585151545481,-0.42509298130681594,-0.0035380257236683754,-0.1668251205489233,0.20853466360247974,0.9009844034398679,False
GUT_GENOME025761_13,GUT_GENOME025761_00613,26594,0.054085107189986784,0.05933874351255918,0.0588986593039732,0.0025540921236742904,0.6935559292909321,0.0624921206921387,0.9202778167068528,-0.005253636322572398,-0.3730473078235487,-0.003593461388165499,-0.16752007379689682,0.16722726899931528,0.9197865612468227,False
GUT_GENOME025761_13,GUT_GENOME025761_00615,28615,0.05428554556910417,0.058957064430049416,0.05854118164704932,0.002548268789495426,0.6787398719517554,0.06245486238747609,0.9377086645164978,-0.004671518860945245,-0.3486134806938867,-0.003913680740426771,-0.17153441151498255,0.1509554132552983,0.9273004029567331,False
GUT_GENOME025761_14,GUT_GENOME025761_00636,13101,0.05188619489571066,0.05350670932595589,0.053538529496619525,0.002605039520793224,0.5680464674417265,0.064356840857768,0.9999835812564066,-0.0016205144302452248,-0.22055046979711845,-0.01081831136114847,-0.25809232544017785,0.11525415817884835,0.9440019198593206,False
GUT_GENOME025761_14,GUT_GENOME025761_00636,13250,0.05437191561634939,0.05396905960995836,0.05412102400481425,0.002588200817187121,0.4837496830905929,0.06442994654448365,0.9999659811894218,0.00040285600639102664,-0.1356214190006583,-0.010308922539669405,-0.25170651913336156,0.08174934106598543,0.9599494323596345,False
GUT_GENOME025761_14,GUT_GENOME025761_00636,13349,0.054176240074134636,0.05395535839140559,0.05410180476977636,0.0026091131005828976,0.4910256306535225,0.06446983226994152,0.999964628751041,0.00022088168272904607,-0.14325961826368244,-0.010368027500165161,-0.2524474714542272,0.08425304406868887,0.9587484700915614,False
GUT_GENOME025761_14,GUT_GENOME025761_00636,13350,0.05413292578192161,0.05442770690577281,0.054481368008385565,0.002674934538545732,0.5116247290537403,0.06455600606874021,0.999917161634766,-0.00029478112385120103,-0.16490407441512525,-0.010074638060354642,-0.24876947920921616,0.08907960754473379,0.9564375295142415,False
GUT_GENOME025761_14,GUT_GENOME025761_00638,14182,0.05495463870980561,0.054881280298046085,0.0549420965258891,0.002833324893598836,0.4970795467780365,0.06470848791943029,0.9997165462660691,7.335841175952484e-05,-0.14945176733681967,-0.009766391393541192,-0.24490523361529645,0.08231440421226181,0.9596782546463136,False
GUT_GENOME025761_14,GUT_GENOME025761_00638,14358,0.055122730045460186,0.055118612369143304,0.05514198570113709,0.003045576651756041,0.4998371868643597,0.064806391874948,0.9992463123193955,4.117676316882368e-06,-0.1523580813913872,-0.009664406173810904,-0.24362672526981544,0.08256696623095869,0.9595570731592884,False
GUT_GENOME025761_14,GUT_GENOME025761_00640,15188,0.05600518593679225,0.05570110492680308,0.05567972018548224,0.0029967268395782337,0.4883656072314991,0.0646472349709858,0.9986161988346708,0.00030408100998916693,-0.1397674055856851,-0.00896751478550356,-0.23489034701617154,0.07470840278553088,0.9633348603633436,False
GUT_GENOME025761_14,GUT_GENOME025761_00640,15244,0.05719217833641199,0.0558602165352717,0.05599579639610321,0.0028714211368707455,0.44945738947740765,0.06460903585390787,0.9986485207193768,0.0013319618011402926,-0.0966230864122241,-0.008613239457804657,-0.23044907636676829,0.06244279762612073,0.9692609560937051,False
GUT_GENOME025761_14,GUT_GENOME025761_00640,15424,0.05553140057730564,0.05575917285007301,0.05576639825837207,0.002793117773864773,0.5088109449535092,0.06456307611084196,0.999182002357051,-0.00022777227276736534,-0.16209144158503777,-0.008796677852469889,-0.23274869898935394,0.0804455923163526,0.9605754028005875,False
GUT_GENOME025761_14,GUT_GENOME025761_00640,15560,0.0553030145373935,0.05574483896030821,0.05571309018747081,0.002788438199888324,0.5172885999795055,0.06432536838815578,0.998994378307912,-0.0004418244229147106,-0.17107607712373699,-0.00861227820068497,-0.23043702584363443,0.08236824704370665,0.9596524190968269,False
GUT_GENOME025761_14,GUT_GENOME025761_00640,16069,0.05614887122273554,0.056167831167778653,0.05616840000656114,0.002880998020437155,0.5007411054358937,0.06413790577827762,0.9971645817554666,-1.895994504311216e-05,-0.1533267426119212,-0.007969505771716477,-0.22237909434282835,0.07296155160071888,0.9641766292421692,False
GUT_GENOME025761_14,GUT_GENOME025761_00641,16975,0.056058214867833196,0.05609390483798868,0.05612884473909778,0.002698534774357216,0.5014064767099347,0.0640546787465848,0.9983434494357649,-3.56899701554822e-05,-0.1540289695135639,-0.007925834007487018,-0.22183161584371933,0.07293418923724586,0.9641898204080951,False
GUT_GENOME025761_14,GUT_GENOME025761_00641,17137,0.055964556661553734,0.056673389214162935,0.05662838827531634,0.0029676192897305467,0.5273638697006404,0.06390211922749861,0.9928776429478072,-0.000708832552609201,-0.182283489567496,-0.00727373095218227,-0.21365671363214736,0.07887646184899284,0.961329332580827,False
GUT_GENOME025761_14,GUT_GENOME025761_00641,17517,0.05931997618517366,0.05695513623448075,0.05719133265059636,0.003062672677523538,0.4144302205524013,0.06362307303964866,0.9821374142310667,0.002364839950692907,-0.0532690078700171,-0.0064317403890523026,-0.20310134134756705,0.04408774205663689,0.9781973195875355,False
GUT_GENOME025761_14,GUT_GENOME025761_00641,17599,0.05910919173318736,0.05695962172150841,0.0571556768752862,0.0031313840730095048,0.4221677109651304,0.06338202573849912,0.9766145852197877,0.002149570011678953,-0.062304758938843116,-0.006226348863212917,-0.20052650961634957,0.04409276404534329,0.9781948633426736,False
GUT_GENOME025761_14,GUT_GENOME025761_00641,17607,0.05809318946882141,0.05751842405556099,0.05743392788914318,0.0031821494817573575,0.47907663195457073,0.06331035691733554,0.9676036264496205,0.0005747654132604169,-0.12840568505296276,-0.005876429028192361,-0.19613984034695686,0.05495885692525039,0.972894696287203,False
GUT_GENOME025761_14,GUT_GENOME025761_00641,17985,0.05582981657379321,0.05634048906588849,0.056056879329950994,0.0030658439504032088,0.5192763056943389,0.06325320607450291,0.9905439229714742,-0.0005106724920952779,-0.17396590938519638,-0.007196326744551916,-0.21268635806795416,0.07549962453642836,0.9629538299907342,False
GUT_GENOME025761_14,GUT_GENOME025761_00641,18139,0.05576194427990493,0.056319389404589075,0.0561193832710569,0.00310661745313675,0.5212415084205843,0.06316665664351069,0.9883497600581509,-0.0005574451246841416,-0.1759291461791606,-0.00704727337245379,-0.21081779338129158,0.07539520648148541,0.9630041061861221,False
GUT_GENOME025761_14,GUT_GENOME025761_00641,18239,0.0555261902735197,0.056574774777713215,0.05633392156992885,0.0032624918772722893,0.5401610300647507,0.0631584533665834,0.9817724982286503,-0.0010485845041935116,-0.19654425478964188,-0.0068245317966545566,-0.20802545774385278,0.08190423516035514,0.9598750899894871,False
GUT_GENOME025761_14,GUT_GENOME025761_00641,18264,0.05432236994643304,0.05576529531672747,0.0552560041059206,0.0030788517779404166,0.5562648370549571,0.06319847393879571,0.9950554859925212,-0.0014429253702944317,-0.21309633781003143,-0.00794246983287511,-0.22204016607922294,0.09471188454053595,0.9537478579878721,False
GUT_GENOME025761_14,GUT_GENOME025761_00641,18324,0.05478698017462831,0.05551371246371017,0.054955841767547656,0.003114049380515217,0.5282726427892932,0.06325732196584977,0.9961599052029608,-0.0007267322890818564,-0.18303481399163687,-0.00830148019830211,-0.2265407961658814,0.08482247546042454,0.9584755382095761,False
GUT_GENOME025761_14,GUT_GENOME025761_00643,19777,0.05352461020989199,0.05557032404737241,0.0548657115807817,0.0030873914713292127,0.5814932248155906,0.06333022107567193,0.9969433154081565,-0.002045713837480416,-0.2383978107495425,-0.008464509494890235,-0.22858456600622734,0.10908441998642998,0.9469185385891695,False
GUT_GENOME025761_14,GUT_GENOME025761_00643,20229,0.05421520870886489,0.05585704802821385,0.0553968257860542,0.0029340284766303567,0.5645984879908488,0.06335384476388009,0.996655842563635,-0.001641839319348956,-0.2214455617472265,-0.007957018977825893,-0.22222255724618206,0.09842100176657737,0.9519807158240413,False
GUT_GENOME025761_14,GUT_GENOME025761_00644,21103,0.054100197775967016,0.05494664588834035,0.054641493892263304,0.002806033788379237,0.5340120567268982,0.0634127855913322,0.9991135949740015,-0.0008464481123733325,-0.1880597718803982,-0.0087712916990689,-0.23243045278594662,0.08939039318198758,0.9562889175376058,False
GUT_GENOME025761_14,GUT_GENOME025761_00644,21261,0.0536514272833283,0.05600811426089002,0.05573072254018052,0.0026853245933649798,0.5944270678254366,0.06345823334575516,0.9979969575825495,-0.0023566869775617227,-0.2514506127140737,-0.007727510805574642,-0.21934539412043383,0.11133981255613153,0.9458513039425194,False
GUT_GENOME025761_14,GUT_GENOME025761_00644,21631,0.05350235687950462,0.05589909328571079,0.055658585421635605,0.002679377816744447,0.5963255988855707,0.06361413149088785,0.9985070056021381,-0.0023967364062061694,-0.2531316494131015,-0.007955546069252244,-0.22220409255190068,0.11345029068141099,0.9448537311306189,False
GUT_GENOME025761_14,GUT_GENOME025761_00644,21642,0.054339106966354654,0.056033455134839066,0.055869570808599556,0.0027154047271291345,0.5685295341380684,0.06367334977902796,0.9979727598415989,-0.0016943481684844122,-0.22364957077826805,-0.007803778970428402,-0.22030150801142634,0.09855188494141207,0.9519184187332396,False
GUT_GENOME025761_14,GUT_GENOME025761_00644,21679,0.05558182935694367,0.05626949106807774,0.05618944532164964,0.0027428361851440557,0.5270979269563535,0.0636994547860512,0.9969097210117622,-0.0006876617111340744,-0.1813948636201712,-0.007510009464401557,-0.21661875117571586,0.07982777990870721,0.9608721763369854,False
GUT_GENOME025761_14,GUT_GENOME025761_00644,22086,0.056570649305433394,0.05658757063108484,0.0565043889005793,0.0028678684799530755,0.500654505029973,0.06382635739324079,0.9946616301727385,-1.6921325651446384e-05,-0.15324117350073202,-0.007321968492661486,-0.21426142967071898,0.0693908175004219,0.9658995760150773,False
GUT_GENOME025761_14,GUT_GENOME025761_00644,22728,0.05721496964863597,0.0569742825998109,0.056934675736177665,0.0027557111907287445,0.49081180041166517,0.06383147134681802,0.9938379894715357,0.00024068704882506536,-0.14242830684746563,-0.006896795610640355,-0.20893137224304656,0.06393814089879832,0.9685365380157946,False
GUT_GENOME025761_14,GUT_GENOME025761_00645,24119,0.05885885909874221,0.056881313893683894,0.0570132663638507,0.0027648615408680617,0.42464968697440286,0.06383129939284309,0.9931676363023504,0.0019775452050583148,-0.06952533668140597,-0.006818033028992386,-0.20794398781405904,0.048074474508676385,0.9762493562354851,False
GUT_GENOME025761_14,GUT_GENOME025761_00645,24238,0.05878555065489936,0.05725315525793753,0.05741383481803642,0.0028449471554662475,0.4400415043559184,0.06380727015819435,0.9876894078979359,0.0015323953969618304,-0.0882100767464588,-0.0063934353401579255,-0.20262114113017246,0.04883634447250942,0.9758775395281132,False
GUT_GENOME025761_14,GUT_GENOME025761_00646,24779,0.056956543852990184,0.05773571129441255,0.057726668787359825,0.002926619496101212,0.5313585400785407,0.06377805596174592,0.9806661369198745,-0.0007791674414223682,-0.1852357296697619,-0.006051387174386094,-0.19833315277605332,0.07364831503637842,0.9638456054519401,False
GUT_GENOME025761_14,GUT_GENOME025761_00646,25565,0.0576550489339834,0.05737128716314657,0.057496335200557226,0.0031883979222597143,0.4884640413246445,0.06379782758314051,0.9759442378096546,0.00028376177083682536,-0.1406202863349875,-0.006301492382583283,-0.20146852471302631,0.06036363137897717,0.9702691073637252,False
GUT_GENOME025761_14,GUT_GENOME025761_00646,26045,0.05759829468222785,0.05709184178350213,0.05715339289855477,0.0031471300685214404,0.47930834022505386,0.06383671865898238,0.9831492655104924,0.0005064528987257233,-0.13127303791722422,-0.006683325760427614,-0.20625526892408183,0.059773846442962304,0.9705552746076357,False
GUT_GENOME025761_14,GUT_GENOME025761_00646,26078,0.05720493811556183,0.0539258364373526,0.05634637234300638,0.003304552548216634,0.36708233134200174,0.06383429230326519,0.9882724914511225,0.0032791016782092244,-0.014893740893902989,-0.007487919960258813,-0.21634183246662522,0.047025611992832055,0.9767614661849169,False
GUT_GENOME025761_14,GUT_GENOME025761_00646,26210,0.056963165754948974,0.05405481189292198,0.055641676954344306,0.0032734132080594817,0.3830477889984292,0.06381954752895258,0.9937599480672789,0.002908353862026994,-0.030455528069939456,-0.008177870574608274,-0.22499119970580334,0.051548579135075545,0.9745550320239031,False
GUT_GENOME025761_14,GUT_GENOME025761_00646,26327,0.059011723756791236,0.05544287812939883,0.05621981947789919,0.0030686228655921037,0.36035113133339314,0.06387769848095606,0.9937117668725859,0.003568845627392403,-0.0027320140382639775,-0.007657879003056874,-0.21847247507524975,0.047737686266210895,0.976413764730256,False
GUT_GENOME025761_14,GUT_GENOME025761_00646,26504,0.05791767599738057,0.055694821876616375,0.055934200004450874,0.00295100708228432,0.4102210344678176,0.06389937864410511,0.9965240445202825,0.0022228541207641936,-0.05922872811898952,-0.007965178639654236,-0.2223248484975166,0.05293638049403689,0.9738790221939554,False
GUT_GENOME025761_14,GUT_GENOME025761_00646,26505,0.05721409183369212,0.056565170939812004,0.0564874932019438,0.0028467066896991824,0.4734346849476027,0.06406714472286698,0.9961230653255427,0.000648920893880113,-0.1252930792412182,-0.007579651520923179,-0.21749179876726712,0.06300103823676761,0.9689904534328511,False
GUT_GENOME025761_14,GUT_GENOME025761_00646,26508,0.05736416753776294,0.05677084471838101,0.056751447269463025,0.0028228525041212493,0.4762676372165438,0.06445533003541677,0.9968247506694408,0.0005933228193819307,-0.12762675557044806,-0.007703882765953747,-0.21904918800426756,0.06427113550276785,0.9683752927191673,False
GUT_GENOME025761_14,GUT_GENOME025761_00646,26745,0.057825712598193656,0.056624572669559094,0.05662468877032087,0.002638546530432705,0.45113247348986907,0.06482509204020703,0.9990579688709659,0.001201139928634562,-0.10211421016008215,-0.008200403269886164,-0.22527367435296447,0.0611755402731029,0.9698753022436213,False
GUT_GENOME025761_14,GUT_GENOME025761_00646,26859,0.057584125964355616,0.056485361260928284,0.05657833821936811,0.0026380597601001828,0.45513951020944676,0.06514157640604337,0.9994148807616302,0.0010987647034273323,-0.10641131292707633,-0.00856323818667526,-0.22982224982668087,0.06414163403426149,0.9684379977604803,False
GUT_GENOME025761_14,GUT_GENOME025761_00646,26877,0.05674392908724248,0.057843162701139116,0.05777231209451062,0.0027937159352116494,0.5440438647549736,0.0654148490036002,0.9968868279698205,-0.001099233613896633,-0.19867020302575578,-0.00764253690908958,-0.2182801433312361,0.087116070543,0.9573769908450769,False
GUT_GENOME025761_14,GUT_GENOME025761_00647,27915,0.0548994114942245,0.057552364327620766,0.05746672184036701,0.002894220748492971,0.6104019884123878,0.0655975518617001,0.9975177870518602,-0.0026529528333962688,-0.26388609040211325,-0.008130830021333094,-0.22440148935270107,0.11999189713142269,0.941768349089101,False
GUT_GENOME025761_14,GUT_GENOME025761_00647,28224,0.05327719079400681,0.057448825706257436,0.05716740934513605,0.003053901424025773,0.6781128597818736,0.06580890967451607,0.9976701196329832,-0.00417163491225063,-0.32763132710386056,-0.00864150032938002,-0.23080336064693383,0.1606124777857555,0.9228336955402712,False
GUT_GENOME025761_14,GUT_GENOME025761_00648,28830,0.05411495400553711,0.057201835539664694,0.05686205472075719,0.0031169972841721075,0.6297543360981137,0.06587004325939022,0.9980735281965469,-0.003086881534127582,-0.28209983515155124,-0.009007988538633029,-0.23539773456983676,0.1349924104331437,0.9347312677120218,False
GUT_GENOME025761_14,GUT_GENOME025761_00648,28903,0.054041557502770274,0.05646581548475186,0.05625158792678622,0.0031345665746915765,0.6031459710698108,0.06588481608829798,0.9989412059723008,-0.0024242579819815854,-0.2542868413960953,-0.009633228161511756,-0.2432358710948145,0.12382548669445614,0.9399649014038962,False
GUT_GENOME025761_14,GUT_GENOME025761_00648,29289,0.05609505984752071,0.0563192217031999,0.056355654371990145,0.0030546271417251805,0.5091908104307206,0.06604265758749203,0.9992410921794184,-0.00022416185567918773,-0.16193989775958384,-0.009687003215501887,-0.2439100065772589,0.08571662179490294,0.958047125288084,False
GUT_GENOME025761_14,GUT_GENOME025761_00648,29421,0.05664890707828347,0.0564065706293168,0.056519225996746025,0.003031995279233126,0.49020277210743224,0.06632677540432749,0.9993911148285985,0.00024233644896666517,-0.14235907484433202,-0.009807549407581467,-0.24542119920887048,0.08049767121165421,0.9605503902733292,False
GUT_GENOME025761_14,GUT_GENOME025761_00648,29461,0.0575804363598474,0.05689870235453741,0.05700654932550023,0.0030027326109670093,0.47353673548696434,0.06644284203778143,0.9991626371949243,0.0006817340053099918,-0.12391578007891012,-0.009436292712281205,-0.24076704653348902,0.07332389124902408,0.9640019653541879,False
GUT_GENOME025761_14,GUT_GENOME025761_00648,29631,0.0577854030816073,0.057744562629798046,0.05777252189580312,0.0032116582841679128,0.49841260107240504,0.06674066292098485,0.9973838326172126,4.0840451809256995e-05,-0.15081667779632246,-0.00896814102518173,-0.23489819768960174,0.07792283357934296,0.9617878172921325,False
GUT_GENOME025761_14,GUT_GENOME025761_00648,29671,0.05829445338346292,0.05781290050956207,0.05795943147989876,0.0033637034588179736,0.48121650869931154,0.06686786991709223,0.9959563334508983,0.00048155287390085066,-0.13231819279094095,-0.008908438437193474,-0.23414975338373403,0.07233421115312409,0.9644791101783952,False
GUT_GENOME025761_14,GUT_GENOME025761_00648,29672,0.056523053990233565,0.05785675617428723,0.05773174099031473,0.0033410659887329816,0.5516442754116496,0.06688095632763548,0.9969131663844478,-0.0013337021840536673,-0.20851179838787087,-0.00914921533732075,-0.23716818367221973,0.09972591741332387,0.9513597911439114,False
GUT_GENOME025761_14,GUT_GENOME025761_00648,29710,0.05680332787891931,0.05813198337481367,0.05797190975097497,0.003374262864964638,0.5514779782386394,0.0668957941138008,0.995911728892559,-0.0013286554958943583,-0.20829996844942997,-0.008923884362825825,-0.2343433867835234,0.09830569978520556,0.9520356000374719,False
GUT_GENOME025761_14,GUT_GENOME025761_00648,29743,0.057789687259817125,0.05751396975791024,0.058037109942537794,0.0037857519885615438,0.48948339904215177,0.06691684366450412,0.9905009099746888,0.0002757175019068858,-0.14095793687697475,-0.008879733721966328,-0.23378990498541105,0.07452685964170072,0.9634223077517078,False
GUT_GENOME025761_14,GUT_GENOME025761_00648,29746,0.05920028356159103,0.05745986095412683,0.05804844443540452,0.0037181366999487725,0.434838842890303,0.0669394883453755,0.9916047471125432,0.0017404226074642024,-0.0794783323224505,-0.008891043909970975,-0.23393169190111454,0.06104084178447586,0.9699406248119938,False
GUT_GENOME025761_14,GUT_GENOME025761_00648,29787,0.05977948687180941,0.057738719112883544,0.05827646309777275,0.0036202455141481345,0.42357395305581075,0.06697648363569371,0.9918729097657634,0.0020407677589258655,-0.0668716300779698,-0.00870002053792096,-0.23153698239326873,0.058081189125065665,0.9713770310405894,False
GUT_GENOME025761_14,GUT_GENOME025761_00648,29788,0.05940650359241051,0.058022728856449,0.05839018408916684,0.0034723467045429906,0.44744605014065286,0.06697638072918519,0.9932958421019439,0.0013837747359615113,-0.09444828772303279,-0.008586196640018348,-0.23011006186725008,0.06187111962636245,0.9695380482760063,False
GUT_GENOME025761_14,GUT_GENOME025761_00648,30165,0.05950561013990886,0.05934090048069216,0.05954102447973088,0.00323206835347635,0.49380912631822266,0.06711419808204938,0.9904387776339079,0.00016470965921670105,-0.145617385557224,-0.007573173602318503,-0.21741059020568018,0.06847178771010343,0.966343523249856,False
GUT_GENOME025761_14,GUT_GENOME025761_00648,30228,0.05854740115749591,0.05988702362219317,0.05992527269270546,0.003372620436631754,0.552364130455778,0.0670981462927514,0.983281456282338,-0.0013396224646972585,-0.20876029654046066,-0.007172873600045947,-0.21239234447404368,0.0886913694028419,0.9566232103003964,False
GUT_GENOME025761_14,GUT_GENOME025761_00648,30423,0.05599015788326099,0.05980636204824029,0.0595971973311889,0.0033573564484231846,0.6486306400532175,0.06711373174644719,0.9874163559048302,-0.0038162041649792977,-0.3127124593359722,-0.007516534415258291,-0.2167005493435901,0.14474821030976578,0.9301828445142564,False
GUT_GENOME025761_14,GUT_GENOME025761_00649,30781,0.054410361064679495,0.05986394942359984,0.05946774200728345,0.0034017238432197416,0.7143900852928555,0.06718275878428251,0.9883345643801664,-0.005453588358920347,-0.3814401044881485,-0.0077150167769990605,-0.21918876632824194,0.1935402685964263,0.907764646110202,False
GUT_GENOME025761_14,GUT_GENOME025761_00650,32109,0.05263905603773023,0.05869793195941994,0.05840532005664036,0.0034541247445195548,0.7446047302571683,0.06727018355151111,0.9948628355487238,-0.006058875921689709,-0.40684647458929785,-0.00886486349487075,-0.23360348866458364,0.22009464380200444,0.8957917437252961,False
GUT_GENOME025761_14,GUT_GENOME025761_00650,32193,0.05192906902073163,0.058331280659615056,0.05799188327058747,0.0033141506282181625,0.7544354465226166,0.06742648360755336,0.9977916863089945,-0.006402211638883423,-0.4212576649664092,-0.009434600336965894,-0.24074583055758553,0.23541657522381315,0.8889553340783837,False
GUT_GENOME025761_14,GUT_GENOME025761_00650,33064,0.051694571636032124,0.057999593849388534,0.057608650175694553,0.0032228493766972067,0.7508704618482532,0.06749491517915814,0.9989209082525182,-0.006305022213356409,-0.4171782312117159,-0.009886265003463582,-0.24640799461433163,0.23475457640679234,0.8892496264707728,False
GUT_GENOME025761_14,GUT_GENOME025761_00650,33106,0.05305032734588013,0.057859042234463254,0.057548106039664974,0.0032767309126831594,0.6907465337191987,0.06750349965166606,0.9988100561442109,-0.004808714888583122,-0.35437215354456875,-0.009955393612001089,-0.2472746055130523,0.18672435373945104,0.9108635468408506,False
GUT_GENOME025761_14,GUT_GENOME025761_00651,33184,0.05325137937715729,0.05746190209675609,0.057184335732504754,0.003259760082922143,0.6680501925335178,0.06722394650809677,0.9989645169008813,-0.0042105227195987985,-0.329263605853137,-0.010039610775592012,-0.24833036973818695,0.1700824946737146,0.9184743989971965,False
GUT_GENOME025761_16,GUT_GENOME025761_00687,6451,0.06176648402128083,0.05524569634185223,0.05607471871224634,0.002779497031798482,0.2579821799207924,0.060321935314173174,0.9367502130925579,0.006520787679428597,0.12117294767619786,-0.004247216601926833,-0.17571568781730135,0.04555888619364589,0.9774780495316734,False
GUT_GENOME025761_16,GUT_GENOME025761_00687,6801,0.06335040272050901,0.055773976703362566,0.05640967893814917,0.0028708662110937607,0.23867480874778402,0.06041740942259795,0.9186428181806845,0.007576426017146448,0.16548236348231976,-0.004007730484448781,-0.17271343905387976,0.057214344653512834,0.9717981386972836,False
GUT_GENOME025761_16,GUT_GENOME025761_00687,6849,0.06028950429651475,0.056394317081954505,0.05699678089488239,0.0030824397732728075,0.3500602329038758,0.0602086096711678,0.8512886353612701,0.003895187214560246,0.010965863884501057,-0.003211828776285411,-0.16273584643055128,0.026603205884201373,0.9867864724312773,False
GUT_GENOME025761_16,GUT_GENOME025761_00687,6850,0.06014247396320483,0.056520109885519795,0.05711264079238975,0.003115279188210848,0.3599914867097262,0.05995279958016769,0.8190331820037504,0.003622364077685035,-0.0004856279583096589,-0.0028401587877779425,-0.1580765126238653,0.024988419677836937,0.9875835187449816,False
GUT_GENOME025761_16,GUT_GENOME025761_00688,7242,0.05936818566348163,0.05639729486326635,0.05675969726220703,0.0031674164753096663,0.38295798494758615,0.05980699716890539,0.8319946450637269,0.00297089080021528,-0.027830599532939766,-0.0030472999066983586,-0.16067327762503317,0.02659044441313385,0.9867927688748741,False
GUT_GENOME025761_16,GUT_GENOME025761_00688,7373,0.056436589498723405,0.05682748749077713,0.05691554161915626,0.00327686853684041,0.5161649521060966,0.059908088808362854,0.819440211255587,-0.00039089799205372505,-0.16893848859562477,-0.002992547189206593,-0.15998688594557103,0.05413601660353519,0.973295047130204,False
GUT_GENOME025761_16,GUT_GENOME025761_00689,9954,0.05556503553549375,0.056710237399693955,0.05707198505821939,0.0034991612301799617,0.547952504273969,0.06004062985906863,0.8018889112567358,-0.001145201864200203,-0.2005996766378871,-0.0029686448008492336,-0.15968724053545544,0.06574024505705327,0.9676642292113542,False
GUT_GENOME025761_16,GUT_GENOME025761_00690,10346,0.0574647167712909,0.058707587367802176,0.058235528489532874,0.004166674682881195,0.5509171739812173,0.060068031509229264,0.6699589722094428,-0.001242870596511278,-0.20469922883924427,-0.0018325030196963896,-0.1454443261926217,0.06305582630900704,0.968963909236948,False
GUT_GENOME025761_16,GUT_GENOME025761_00690,10406,0.05949009698418253,0.05910451037455845,0.05941054316992811,0.0038291101137537726,0.4842005674995791,0.059903016313209614,0.551168040153329,0.00038558660962408065,-0.13634628551481104,-0.0004924731432815049,-0.12864542744316393,0.03513995557572073,0.9825834742412995,False
GUT_GENOME025761_16,GUT_GENOME025761_00690,10421,0.05468372070824004,0.059139810270538606,0.058309172813411726,0.0040801090191391765,0.6840104756692517,0.060091057211643234,0.6688444939747926,-0.004456089562298565,-0.33957104065595367,-0.0017818843982315077,-0.14480976041778937,0.1362783583644249,0.9341304530168152,False
GUT_GENOME025761_16,GUT_GENOME025761_00690,10469,0.05708135047963913,0.0642260157251162,0.05901391503208982,0.004482927352272373,0.7731024567537437,0.05996744507948445,0.5842205083916672,-0.007144665245477071,-0.4524214493761657,-0.0009535300473946309,-0.13442533458273942,0.22275533843331188,0.8946008219290973,False
GUT_GENOME025761_16,GUT_GENOME025761_00690,10564,0.057617641012265464,0.060575564807123165,0.05992224836491177,0.004370329214062561,0.6240832236703091,0.060201496664317004,0.5254736402149376,-0.0029579237948577017,-0.27668695662434695,-0.00027924829940523255,-0.12597239557559872,0.09242471641309838,0.9548391727252104,False
GUT_GENOME025761_16,GUT_GENOME025761_00694,14786,0.058728913780618286,0.06270434911373302,0.061602464260525056,0.004704775078803068,0.664545845482552,0.060116230189188304,0.3760395589702276,-0.00397543533311473,-0.3193960362639003,0.001486234071336752,-0.10383993411929543,0.11279655989899032,0.9451626215951325,False
GUT_GENOME025761_16,GUT_GENOME025761_00694,14820,0.057252533172205765,0.06623837313779907,0.06108569199697748,0.004850654345738179,0.8328817060148264,0.060009437499813356,0.4122043473460986,-0.008985839965593302,-0.5297030081548268,0.001076254497164121,-0.10897952501729681,0.29246181372126817,0.8639581862781054,False
GUT_GENOME025761_16,GUT_GENOME025761_00694,14930,0.05827197742189364,0.062272937872139084,0.0599815592085904,0.004390575158588697,0.6631420478114476,0.06004240307118227,0.5055282990347167,-0.004000960450245443,-0.3204674287929835,-6.0843862591870856e-05,-0.12323443123238875,0.11788609795835632,0.9427604587987644,False
GUT_GENOME025761_16,GUT_GENOME025761_00694,14939,0.05845897310429378,0.0608940163751433,0.05990372240479255,0.004415739835227484,0.5995329206462794,0.06023266067997551,0.5296906353187586,-0.002435043270849521,-0.25473954364454876,-0.00032893827518295365,-0.12659531965113216,0.0809186100538053,0.9603482450622135,False
GUT_GENOME025761_16,GUT_GENOME025761_00694,14942,0.05890505620470185,0.06211020755316327,0.06086781385332969,0.004313036113520867,0.6287919055230793,0.06015143847476476,0.434040944363653,-0.0032051513484614227,-0.2870640981887958,0.0007163753785649346,-0.11349104597798326,0.0952860139861233,0.9534741099169907,False
GUT_GENOME025761_16,GUT_GENOME025761_00694,14997,0.056235268376589445,0.0620058969981529,0.06050645200772683,0.004262740176035212,0.7299238772222515,0.05998441032976464,0.4512648983949587,-0.005770628621563453,-0.3947475681552081,0.0005220416779621873,-0.11592725446668285,0.1692647708926337,0.9188500049566324,False
GUT_GENOME025761_17,GUT_GENOME025761_00718,11733,0.06187165153504968,0.05601786235797155,0.056435696877307054,0.002944933867734162,0.30559652375078195,0.0615171567137675,0.9577805780790833,0.005853789177078128,0.09317631954444587,-0.005081459836460446,-0.18617393794739873,0.04334256169469056,0.9785618542106616,False
GUT_GENOME025761_17,GUT_GENOME025761_00718,12347,0.05943114096148971,0.056491654177814654,0.0568970481359293,0.0029511119507476106,0.39307025554650066,0.061488060918720035,0.9401089836757562,0.0029394867836750535,-0.029148753276646573,-0.0045910127827907335,-0.18002558965936657,0.03325886274978545,0.9835080743499357,False
GUT_GENOME025761_17,GUT_GENOME025761_00719,13239,0.06065085674982329,0.05654211304437753,0.057488853574055525,0.003241425517280727,0.35702685687855623,0.06146853569470939,0.8902308556910653,0.004108743705445762,0.019929694596825722,-0.003979682120653867,-0.1723618188163226,0.030105789312393563,0.9850598338237728,False
GUT_GENOME025761_17,GUT_GENOME025761_00719,15067,0.06112719587142589,0.05632908867721132,0.05713982059808194,0.0031628718640205355,0.33981141192114006,0.06142955357132797,0.9124946059239782,0.004798107194214571,0.048865071774819115,-0.00428973297324603,-0.1762486820658299,0.03345139316950021,0.9834134012956958,False
GUT_GENOME025761_17,GUT_GENOME025761_00720,15395,0.060033411346964195,0.05585845417403557,0.056146454693383495,0.0030433631107238132,0.3538910087457515,0.06114369350760224,0.949706243640527,0.004174957172928623,0.022708941956300986,-0.004997238814218742,-0.18511812534939945,0.03478441637765061,0.9827581632382703,False
GUT_GENOME025761_17,GUT_GENOME025761_00720,15772,0.058983330689797046,0.055471615015992945,0.055772510722898086,0.0030480143565150926,0.3752253304791299,0.06103251903698456,0.9578007755047216,0.0035117156738041014,-0.005129989536199225,-0.005260008314086476,-0.1884122595328354,0.03552549633491004,0.9823940795074204,False
GUT_GENOME025761_17,GUT_GENOME025761_00720,15855,0.05920609898780129,0.05562261192409234,0.056016003203367984,0.003118526552944843,0.3739814297370836,0.06094527475128466,0.9430199498746994,0.003583487063708951,-0.0021174536660523136,-0.004929271547916676,-0.18426607328326156,0.03395846937326019,0.9831641001335751,False
GUT_GENOME025761_17,GUT_GENOME025761_00720,15967,0.05851978121367185,0.05557197501167789,0.05566100174628875,0.0032254306549768423,0.3940040470656659,0.06086845349437136,0.94679028850491,0.0029478062019939605,-0.028799553600596113,-0.005207451748082612,-0.18775339927422668,0.03608075322662079,0.9821213768226722,False
GUT_GENOME025761_17,GUT_GENOME025761_00720,16772,0.06100464309941523,0.05682110347718697,0.0568509383328465,0.0033645767578637316,0.3622199708567723,0.0608035391887503,0.8799564499510439,0.004183539622228262,0.023069182107747926,-0.0039526008559038,-0.17202232233751216,0.030123866545511375,0.9850509302858852,False
GUT_GENOME025761_17,GUT_GENOME025761_00720,16782,0.06084081928801487,0.05551029565746336,0.05603167780709166,0.0032327260901884114,0.32841937090407536,0.06079517227798089,0.9296948926391471,0.0053305236305515105,0.07121274561041305,-0.0047634944708892304,-0.18218785668452736,0.03826367026067528,0.9810500168600201,False
GUT_GENOME025761_17,GUT_GENOME025761_00721,18262,0.05845371604836484,0.055472837598003324,0.05604963681660897,0.003112658602779229,0.39847460128815393,0.06078183839814602,0.9357832807265738,0.0029808784503615182,-0.027411377411647276,-0.004732201581537053,-0.1817955623864244,0.03380101011500009,0.9832415073256324,False
GUT_GENOME025761_17,GUT_GENOME025761_00729,25873,0.05851493982758994,0.05522485026297627,0.05570718654442642,0.0029780764400654624,0.3880001005368787,0.060770693063571475,0.9554590562905895,0.0032900895646136713,-0.014432534806430256,-0.005063506519145056,-0.18594887135365604,0.03478528081863734,0.9827577384701439,False
GUT_GENOME025761_17,GUT_GENOME025761_00729,25879,0.05852036052303652,0.055403086868983,0.05618271297855428,0.0030075257319885666,0.39280336179777137,0.06076589293713675,0.9362336307423347,0.0031172736540535165,-0.021686318384883545,-0.00458317995858247,-0.1799273957137592,0.03284416413342624,0.9837120252125456,False
GUT_GENOME025761_17,GUT_GENOME025761_00729,25881,0.05922552220507061,0.05644230025916158,0.056807237250155955,0.0029702938901284876,0.40507475083940486,0.06086563766557256,0.9140822303000524,0.002783221945909027,-0.035707821306915175,-0.0040584004154166076,-0.1733486480555237,0.031324802285164405,0.9844596164023669,False
GUT_GENOME025761_17,GUT_GENOME025761_00729,25891,0.06062466270655215,0.05696920313328091,0.0573955784235214,0.0028543823167104967,0.37670829517083276,0.06110289095230716,0.9029961645261637,0.0036554595732712428,0.0009035240105447567,-0.0037073125287857556,-0.16894733584340196,0.028544018644220886,0.9858293530152256,False
GUT_GENOME025761_17,GUT_GENOME025761_00729,26112,0.06197258982801286,0.057510213734002814,0.05809894930497017,0.002881856591935164,0.35366760737736824,0.0612147361080549,0.8601900147320951,0.004462376094010047,0.034773077967385914,-0.003115786803084726,-0.16153184388412078,0.02730170353992987,0.9864418985869364,False
GUT_GENOME025761_17,GUT_GENOME025761_00729,26113,0.05967300394821495,0.057445653711042856,0.05776810947628321,0.0028840556103060656,0.42446892717961404,0.06123939119349925,0.8856300613119621,0.0022273502371720974,-0.05904000790647695,-0.0034712817172160362,-0.16598840352771346,0.0310378726392759,0.9846008618585648,False
GUT_GENOME025761_17,GUT_GENOME025761_00729,26114,0.05942669525624071,0.05834027735881112,0.05886092921802374,0.0028559115552554567,0.46294834240244,0.061288731791159345,0.8023644911303097,0.0010864178974295882,-0.10692955837277913,-0.002427802573135608,-0.15290712765685313,0.03481452014206676,0.982743370989484,False
GUT_GENOME025761_17,GUT_GENOME025761_00729,26279,0.0541324694108158,0.05877188189554456,0.05883883055375375,0.0028273363337304545,0.6726678245027277,0.06134674332862633,0.8124667809655337,-0.00463941248472876,-0.3472658460703853,-0.002507912774872577,-0.15391140613710497,0.1442822887860814,0.9303995658611719,False
GUT_GENOME025761_17,GUT_GENOME025761_00729,26281,0.05529402118649484,0.058775933758776225,0.05897524166888878,0.0028744552362495344,0.6305006870300115,0.06142570749390204,0.8030309795064414,-0.0034819125722813857,-0.29868088748782895,-0.002450465825013258,-0.15319123898923975,0.1126778282535755,0.9452187336173075,False
GUT_GENOME025761_18,GUT_GENOME025761_00741,9535,0.04853254312055893,0.055658245415983625,0.05459329569199321,0.002973777527629638,0.8121056911044735,0.06288951467704752,0.9973628994991943,-0.007125702295424696,-0.4516254975726362,-0.00829621898505431,-0.22647484048070998,0.2552564434284943,0.8801805503394606,False
GUT_GENOME025761_18,GUT_GENOME025761_00741,9544,0.04923799496866456,0.05567461363182269,0.054777334062928375,0.0030075571838684384,0.781514527699705,0.0628937126491442,0.996519051867158,-0.006436618663158131,-0.4227018671053115,-0.008116378586215826,-0.22422032309693904,0.22895162174401212,0.8918335108321581,False
GUT_GENOME025761_18,GUT_GENOME025761_00741,9554,0.05216514867737149,0.057059924191417435,0.05630491391886948,0.0030199843602168913,0.7140074736635967,0.0628356902382126,0.9847109380978796,-0.004894775514045949,-0.3579844664948649,-0.006530776319343123,-0.20434287677509416,0.16990888954033434,0.9185541283927766,False
GUT_GENOME025761_18,GUT_GENOME025761_00741,9578,0.05316731627031561,0.056850730114714025,0.056273436353792394,0.00301139866289099,0.6617268560700847,0.06290165409450121,0.986133507635986,-0.0036834138443984157,-0.3071387118512355,-0.006628217740708819,-0.2055644231005425,0.13659092036229512,0.9339844775833723,False
GUT_GENOME025761_18,GUT_GENOME025761_00741,9716,0.053777624473981045,0.05667368417078982,0.05616128295226147,0.0030117947234988437,0.6285622836543768,0.06297190301462315,0.988130156704211,-0.002896059696808777,-0.27409026991263985,-0.006810620062361675,-0.20785105729209516,0.11832753807822559,0.9425523956164981,False
GUT_GENOME025761_18,GUT_GENOME025761_00742,10624,0.050803998241544863,0.0557079115026571,0.05533222580554118,0.0033958417201711767,0.7155465570469044,0.06306441753122904,0.988605657313572,-0.004903913261112239,-0.35836801474223784,-0.007732191725687863,-0.21940407512779067,0.17656578217297403,0.9155018527734579,False
GUT_GENOME025761_18,GUT_GENOME025761_00745,12314,0.05064111575168275,0.055042576385962626,0.05478861278055997,0.003178951210098367,0.6963525795627453,0.06312958959024773,0.995652437724985,-0.0044014606342798746,-0.3372780433289943,-0.008340976809687754,-0.22703593406339548,0.16530179386787341,0.9206725007169559,False
GUT_GENOME025761_18,GUT_GENOME025761_00745,12463,0.050385336817511915,0.055021808337964696,0.0546537517978168,0.0031005266002765114,0.7064830314167877,0.06325751054457493,0.9972393600883667,-0.004636471520452781,-0.3471424018903861,-0.00860375874675813,-0.23033022416224166,0.17355985935285484,0.9168788512575984,False
GUT_GENOME025761_18,GUT_GENOME025761_00746,12642,0.0529238954065492,0.05534472865320737,0.05518412623272893,0.0029328315368321585,0.6057073437789157,0.06352818795160801,0.9977797996215078,-0.0024208332466581703,-0.25414309138622054,-0.008344061718879081,-0.22707460713932345,0.11615158810682293,0.9435784270927234,False
GUT_GENOME025761_18,GUT_GENOME025761_00746,12943,0.05588717866885742,0.0553810113603514,0.05554267349547684,0.002705519566195618,0.47887400557426496,0.06415162519566561,0.9992686801192364,0.0005061673085060212,-0.13128502529523314,-0.008608951700188772,-0.23039532412786734,0.07031776324675507,0.9654520114884114,False
GUT_GENOME025761_18,GUT_GENOME025761_00746,12945,0.05469832386606097,0.055615886849031314,0.05580153838902055,0.0027433477203772237,0.5392121452095826,0.06439148449295137,0.9991295059916546,-0.0009175629829703408,-0.19104475097664206,-0.008589946103930823,-0.23015706594211366,0.08947037187880963,0.9562506769315143,False
GUT_GENOME025761_18,GUT_GENOME025761_00746,13116,0.054797352400551176,0.05639982712888107,0.05646903283234407,0.002907957868226655,0.5692605770586137,0.06477459600129384,0.9978559359128387,-0.001602474728329896,-0.21979327045656322,-0.008305563168949773,-0.22659198115191365,0.09965300766034113,0.9513944734797628,False
GUT_GENOME025761_18,GUT_GENOME025761_00746,13654,0.05587852855684609,0.05723166004135441,0.05704754042715286,0.003013111237403707,0.556422736763723,0.06474454906328152,0.9946830595140842,-0.0013531314845083228,-0.20932732480625443,-0.007697008636128655,-0.21896301245478558,0.09176272973381772,0.9551552704420436,False
GUT_GENOME025761_18,GUT_GENOME025761_00746,13972,0.05650371643630524,0.0580338008207929,0.05800771640339565,0.0030197041231079624,0.5645900484754691,0.0650738561136826,0.9903584041630508,-0.001530084384487665,-0.21675475458323115,-0.007066139710286953,-0.2110543057938956,0.09152654362857997,0.9552680743042002,False
GUT_GENOME025761_18,GUT_GENOME025761_00746,13975,0.05834673969828587,0.056895136046443855,0.057868801248620656,0.003742021942224046,0.4414929457493223,0.06524084205453433,0.9755847589226966,0.0014516036518420136,-0.0916012334526043,-0.0073720408059136724,-0.21488914680992566,0.054568131386736295,0.9730847822565213,False
GUT_GENOME025761_18,GUT_GENOME025761_00746,13999,0.05817808980471753,0.05815536044194273,0.05839665141225944,0.0035136042674282528,0.4991052948244417,0.06546278340919566,0.9778413870305968,2.2729362774802364e-05,-0.15157687354334717,-0.007066131996936217,-0.21105420909769482,0.06751942777102934,0.9668037862546343,False
GUT_GENOME025761_18,GUT_GENOME025761_00746,14026,0.056782821092922986,0.05971382041681292,0.0592479600593595,0.0033227956735421026,0.6209473344154877,0.06648250364928833,0.9852688910910808,-0.0029309993238899323,-0.27555682754808597,-0.007234543589928831,-0.21316545254734598,0.12137107536808041,0.9411191397531562,False
GUT_GENOME025761_18,GUT_GENOME025761_00746,14215,0.05446410399339582,0.05861262341941185,0.05833850880116044,0.0033738272884828867,0.6763485561536409,0.06770057222949402,0.9972391415166212,-0.004148519426016031,-0.3266610765412069,-0.00936206342833358,-0.23983649248598,0.16422900205503776,0.9211664781493843,False
GUT_GENOME025761_18,GUT_GENOME025761_00746,14416,0.05592201100669493,0.05513927471659122,0.05506162928312441,0.004919449675318166,0.46721294820994763,0.06782083407170841,0.9952514914612537,0.000782736290103711,-0.1196763051807472,-0.012759204788584007,-0.2824237771076651,0.09408560789747543,0.9540465597563299,False
GUT_GENOME025761_18,GUT_GENOME025761_00746,14422,0.05521032300607887,0.05594549839516615,0.055666837033445354,0.004927120097525363,0.5307108080504915,0.06780943981292764,0.9931386656158867,-0.0007351753890872809,-0.18338920508891532,-0.012142602779482287,-0.2746939235410234,0.10908835217350585,0.94691667686058,False
GUT_GENOME025761_18,GUT_GENOME025761_00746,14443,0.05570473866880406,0.05622127928908904,0.05607502894894633,0.004976509234931543,0.5219172947873021,0.0678793392559927,0.9911541009032978,-0.0005165406202849859,-0.17421221848810706,-0.011804310307046366,-0.27045301735514127,0.10349473166704828,0.9495687300474205,False
GUT_GENOME025761_18,GUT_GENOME025761_00746,14638,0.0547123005914753,0.05509637943847598,0.05499746584111525,0.004778159023077115,0.5162665877952776,0.06794289686140281,0.9966286579686358,-0.0003840788470006809,-0.16865226146384896,-0.012945431020287564,-0.28475834864666005,0.10953090242084326,0.9467071709358833,False
GUT_GENOME025761_18,GUT_GENOME025761_00746,14718,0.05297253748720346,0.05539205630416396,0.05468639923550296,0.004837780015686897,0.6007844869436152,0.06796693948865845,0.9969760443007621,-0.0024195188169605017,-0.2540879194490704,-0.01328054025315549,-0.28895934906615656,0.14805817622269418,0.928644680928531,False
GUT_GENOME025761_18,GUT_GENOME025761_00746,14727,0.053708397695478395,0.05502683176304034,0.054870418563877595,0.004747007033284454,0.5563894941448867,0.06797279916239736,0.9971111266073456,-0.0013184340675619424,-0.20787093371098667,-0.013102380598519765,-0.2867259018481952,0.1254220678725383,0.9392148356941079,False
GUT_GENOME025761_18,GUT_GENOME025761_00746,14751,0.05197301460863629,0.05591149681874363,0.05479745251722398,0.004751457343661938,0.665457329828915,0.06864558692589466,0.9982187203455197,-0.003938482210107341,-0.31784496405084584,-0.013848134408670679,-0.29607482978573085,0.18868572600513298,0.9099707134577688,False
GUT_GENOME025761_18,GUT_GENOME025761_00746,14758,0.05084709312097698,0.057140179323856455,0.055712986136713064,0.004709487795492259,0.7572894706260803,0.06968574470679685,0.9984960922519426,-0.0062930862028794735,-0.4166772285175241,-0.013972758570083788,-0.29763714470583996,0.2622077826736901,0.8771266437976794,False
GUT_GENOME025761_18,GUT_GENOME025761_00747,15132,0.05191352688820029,0.0571239827425122,0.05593297691001209,0.004745346352532521,0.7133561173404486,0.07043455642521528,0.9988782868935381,-0.005210455854311909,-0.3712348487127955,-0.014501579515203186,-0.30426655623614146,0.2303934501426132,0.8911908070857508,False
GUT_GENOME025761_18,GUT_GENOME025761_00747,15187,0.05344056338577504,0.057901762192535344,0.056829055313098994,0.004885113082995232,0.67700276473934,0.07107199856840207,0.9982248657455979,-0.004461198806760304,-0.33978549633572724,-0.014242943255303078,-0.3010242372255949,0.20606977491736775,0.9020955011130002,False
GUT_GENOME025761_18,GUT_GENOME025761_00747,15196,0.0536809145676057,0.057329752745267144,0.056626777551439494,0.004083931178650984,0.6513637426098914,0.07173034234190741,0.9998914718988463,-0.0036488381776614426,-0.30568743110527996,-0.015103564790467913,-0.311813171327211,0.1906722593488779,0.9090673186059826,False
GUT_GENOME025761_18,GUT_GENOME025761_00747,15207,0.05314901435294024,0.055763617092727515,0.05537405472218689,0.003728238918884042,0.6100140657409682,0.07146480552029931,0.9999920527324411,-0.0026146027397872737,-0.26227638167592365,-0.016090750798112417,-0.32418874450000423,0.1738872424455038,0.9167287782238224,False
GUT_GENOME025761_18,GUT_GENOME025761_00747,15213,0.05186518206244978,0.05528155602501394,0.05498831172247143,0.003615678702158959,0.6433639795944583,0.07117937104515759,0.9999962329643518,-0.0034163739625641606,-0.2959299666415913,-0.016191059322686163,-0.32544623343937784,0.19348979601637137,0.9077875550111546,False
GUT_GENOME025761_18,GUT_GENOME025761_00747,15923,0.05178687853278191,0.052899682727961556,0.052853645543350695,0.002913392133305778,0.5475893462376066,0.07038530534763546,0.999999999114949,-0.0011128041951796452,-0.19923981527581835,-0.017531659804284762,-0.3422522854164433,0.1568331308639208,0.9245791985795454,False
GUT_GENOME025761_18,GUT_GENOME025761_00747,15924,0.054040406061090666,0.052543120823683766,0.05262168098937335,0.0027540506127392275,0.436386929172292,0.06924502125023091,0.9999999992098997,0.0014972852374069007,-0.08968379232039476,-0.016623340260857558,-0.3308653989665601,0.11751509483826868,0.9429353585562066,False
GUT_GENOME025761_18,GUT_GENOME025761_00748,16336,0.053428710746519656,0.05235684420129811,0.052451078853061134,0.002699138349089942,0.4537644546971636,0.06829509318025209,0.9999999978213759,0.0010718665452215462,-0.10754033755016422,-0.01584401432719096,-0.3210956037680249,0.11466731095955568,0.9442789529521962,False
GUT_GENOME025761_18,GUT_GENOME025761_00748,16338,0.05220999371496577,0.05339090372133922,0.05345380249477616,0.002734387882058852,0.5518979267937917,0.06685085553993689,0.9999995195238687,-0.0011809100063734507,-0.20209849196382446,-0.013397053045160728,-0.2904199781389569,0.12518756415628424,0.9393249668351878,False
GUT_GENOME025761_18,GUT_GENOME025761_00748,16346,0.05121667543652738,0.052535621314162013,0.0526009349973734,0.0024810011299839633,0.5597681559548696,0.06653034708387498,0.9999999901395508,-0.0013189458776346336,-0.20789241645229528,-0.013929412086501579,-0.29709374399391647,0.13148394953869735,0.9363724408388794,False
GUT_GENOME025761_18,GUT_GENOME025761_00748,16449,0.0523478294632666,0.05353272039280675,0.05350681468536925,0.0023723328116959626,0.5519969444102065,0.06582501224987891,0.9999998962225333,-0.0011848909295401541,-0.2022655874297461,-0.012318197564509664,-0.27689521700956876,0.11758232906107643,0.9429036603260158,False
GUT_GENOME025761_18,GUT_GENOME025761_00748,16459,0.05243646088088986,0.0538634907235379,0.053887228252470165,0.002226434046292761,0.5624018308677537,0.06500693656733086,0.9999997049093875,-0.0014270298426480449,-0.2124291381463056,-0.011119708314860699,-0.26187070157784476,0.1137024030784548,0.9447346339677388,False
GUT_GENOME025761_18,GUT_GENOME025761_00748,16678,0.05382740546666135,0.05373216964067876,0.05385730076879784,0.002123864350726851,0.49581435519249273,0.06378461769298605,0.9999985243230981,9.523582598258695e-05,-0.14853348367002134,-0.009927316924188204,-0.24692263019959837,0.0830329810758401,0.9593335152853203,False
GUT_GENOME025761_18,GUT_GENOME025761_00748,17369,0.05423727816001991,0.05353265128536627,0.05358234485840675,0.0017398645251145992,0.47013921440943435,0.06346976361438522,0.9999999933772377,0.0007046268746536341,-0.12295487364864954,-0.00988741875597847,-0.24642245830056778,0.07584192890885044,0.9627890324406437,False
GUT_GENOME025761_18,GUT_GENOME025761_00748,17383,0.053742356583376866,0.05352894547411319,0.05361964285870751,0.0017629282192331505,0.49077178301937013,0.06325133489203057,0.9999999766531891,0.00021341110926367812,-0.14357318848386105,-0.009631692033323057,-0.24321661386603002,0.07976758171187984,0.9609010981584422,False
GUT_GENOME025761_18,GUT_GENOME025761_00748,17510,0.05658780814407139,0.053343762083774456,0.05344540622867051,0.0017984071720698474,0.37133944114017536,0.06289435849814248,0.9999999256117521,0.0032440460602969345,-0.0163651671342328,-0.009448952269471976,-0.24092574942750936,0.05831303543253839,0.9712644324782004,False
GUT_GENOME025761_18,GUT_GENOME025761_00748,17525,0.05436849610531157,0.052763948492082595,0.05285465087522739,0.0016477737882924686,0.4325916164263001,0.06282211363776004,0.9999999992714789,0.0016045476132289724,-0.08518155605174288,-0.009967462762532651,-0.24742590694396827,0.06847547691844146,0.9663417407302083,False
GUT_GENOME025761_18,GUT_GENOME025761_00748,17563,0.05559219401381846,0.052703124170178584,0.05277546086452218,0.0016664697539639896,0.3839955269540247,0.06264135645704293,0.9999999983926082,0.0028890698436398743,-0.031264956411633654,-0.009865895592520747,-0.24615263935842474,0.061568619362540065,0.9696847021241284,False
GUT_GENOME025761_18,GUT_GENOME025761_00748,17577,0.055015240731327644,0.05243553362567574,0.05247671427034414,0.0016782338149970491,0.3925748086203618,0.06258182439910995,0.9999999991347667,0.0025797071056519044,-0.04425016327903815,-0.010105110128765811,-0.24915148352190752,0.06403453869138889,0.9684898567486425,False
GUT_GENOME025761_18,GUT_GENOME025761_00748,17587,0.05395920368337283,0.05216345924347584,0.052217171156072224,0.0017063375269989736,0.42551620837280413,0.062457082844031564,0.9999999990201076,0.0017957444398969888,-0.07715625099133828,-0.01023991168795934,-0.25084138445920573,0.06887448722444944,0.9661489698034058,False
GUT_GENOME025761_18,GUT_GENOME025761_00748,17611,0.05269984698371012,0.052158441796659676,0.052130823982573016,0.0016973852326917793,0.4772410991353764,0.06241231061361428,0.9999999993076583,0.0005414051870504463,-0.12980594883811428,-0.010281486631041267,-0.25136257676367607,0.08003272935103808,0.9607737162735597,False
GUT_GENOME025761_18,GUT_GENOME025761_00749,18227,0.052135263048828304,0.05211875359921559,0.05210434603839712,0.0016792847039338815,0.4992655388494067,0.062407289734162215,0.9999999995750518,1.6509449612713e-05,-0.15183794848609014,-0.010302943695765093,-0.2516315670780715,0.08637320815063056,0.957732656574571,False
GUT_GENOME025761_18,GUT_GENOME025761_00749,18230,0.051643265803616556,0.05238435678473506,0.05237579633968176,0.0016652980845874076,0.5320812866043224,0.06236973177743872,0.9999999990212153,-0.0007410909811185057,-0.18363750644145768,-0.009993935437756965,-0.24775777401540275,0.09510664835710378,0.9535596239932443,False
GUT_GENOME025761_18,GUT_GENOME025761_00749,18231,0.05239617549787072,0.05234108750876364,0.05234011641033709,0.0016839944354707132,0.4976530950714385,0.0624030202879194,0.9999999988538872,5.5087989107083235e-05,-0.15021865096100742,-0.01006290387758231,-0.2486223770051762,0.08437872944424894,0.9586882216539026,False
GUT_GENOME025761_18,GUT_GENOME025761_00749,19539,0.05223662618971566,0.051713137991938454,0.051731017435717126,0.0015713601208011548,0.4775289191798647,0.06238120287766189,0.9999999999938942,0.0005234881977772068,-0.13055799743216032,-0.010650185441944765,-0.2559846632577355,0.08257353851667222,0.9595539199228478,False
GUT_GENOME025761_18,GUT_GENOME025761_00749,19982,0.05222581125444829,0.0518464377778047,0.05187146901357884,0.0015792815634383215,0.4837699006822359,0.0623578566819412,0.999999999984313,0.00037937347664359494,-0.13660707586587598,-0.010486387668362358,-0.2539312596267962,0.08314257779227657,0.9592809468240447,False
GUT_GENOME025761_18,GUT_GENOME025761_00749,20382,0.05320021216841724,0.051649474404138564,0.051753492521325925,0.0015637567661930063,0.43414520779159116,0.06236927732029936,0.9999999999943403,0.0015507377642786785,-0.08744017331336838,-0.010615784798973432,-0.255553409501112,0.07295332901671495,0.964180593261982,False
GUT_GENOME025761_18,GUT_GENOME025761_00751,22547,0.05408117182900406,0.051643762122203264,0.051770378731577575,0.0016475060791735397,0.39826649122252494,0.062345411379504716,0.9999999999313293,0.002437409706800793,-0.050222961337371544,-0.01057503264792714,-0.25504253189211357,0.06756903891943487,0.9667798044290175,False
GUT_GENOME025761_18,GUT_GENOME025761_00751,22834,0.05446148664689885,0.051450876834869805,0.05161228993766912,0.0015704150752022556,0.3745648906012258,0.06235689504120836,0.9999999999960922,0.0030106098120290456,-0.026163431766307546,-0.010744605103539237,-0.25716832816178015,0.06682007417131527,0.967141914223009,False
GUT_GENOME025761_18,GUT_GENOME025761_00751,22907,0.05482332735301079,0.05144325840844884,0.051613899530347666,0.0015352987834925558,0.3607494458399199,0.06240837095623112,0.9999999999989737,0.0033800689445619495,-0.010655735861514613,-0.010794471425883453,-0.2577934629552741,0.06657101424922265,0.9672623598673036,False
GUT_GENOME025761_18,GUT_GENOME025761_00751,23175,0.05421648437388584,0.05221030455356282,0.052292563872580265,0.0014651015478408132,0.4151615706228952,0.06243200075385379,0.9999999999977519,0.0020061798203230216,-0.06832342592383046,-0.010139436881273528,-0.24958181097200707,0.06695917089803582,0.967074653424704,False
GUT_GENOME025761_18,GUT_GENOME025761_00757,26891,0.05313092703746502,0.05216040258270572,0.052202644689779934,0.0014434563360753616,0.45877218806848924,0.06244292308358873,0.9999999999993499,0.0009705244547593,-0.11179407546826689,-0.010240278393808797,-0.2508459815615124,0.07542162177536317,0.9629913872518807,False
GUT_GENOME025761_18,GUT_GENOME025761_00757,27187,0.053551950528172625,0.052159935649359584,0.05220880611648037,0.0013984913103756364,0.44160873845600623,0.06242600273708478,0.9999999999998622,0.0013920148788130401,-0.09410241555937154,-0.010217196620604413,-0.250556623557006,0.07163388622239586,0.9648168936975109,False
GUT_GENOME025761_18,GUT_GENOME025761_00758,28148,0.05337716231451214,0.05203878377230526,0.05206154859259124,0.0014149385590825408,0.44340333019706857,0.06239165401332444,0.9999999999998569,0.0013383785422068778,-0.09635374980528141,-0.010330105420733197,-0.2519720722232408,0.07277397028201285,0.9642670642448715,False
GUT_GENOME025761_18,GUT_GENOME025761_00759,28705,0.05270784436269315,0.05208681396299619,0.0520782065180864,0.0014002910483204294,0.4729923921666575,0.06235990052275448,0.9999999999998952,0.0006210303996969577,-0.12646375622370762,-0.01028169400466808,-0.25136517644344547,0.07917753356665383,0.961184628935945,False
GUT_GENOME025761_18,GUT_GENOME025761_00760,30013,0.052809274739377375,0.052316409043677674,0.05226522323155998,0.0014794524759157047,0.4787154471181299,0.06235646125674662,0.9999999999954773,0.0004928656956997013,-0.13184334784915008,-0.01009123802518664,-0.2489775798891826,0.07937250365954629,0.9610909323748308,False
GUT_GENOME025761_19,GUT_GENOME025761_00783,18779,0.05298798843300279,0.054405969386788516,0.05440635630864305,0.0024572054979204575,0.5588111747287583,0.0630343192501427,0.9997770318128851,-0.0014179809537857233,-0.21204931963758147,-0.008627962941499652,-0.2306336530812019,0.09815679589234139,0.9521064835796434,False
GUT_GENOME025761_19,GUT_GENOME025761_00784,19915,0.05259155317787745,0.054947971312961474,0.054842873694597186,0.002742608138687193,0.5969691608098262,0.06306228524740749,0.998636444692155,-0.0023564181350840263,-0.2514393283066162,-0.008219411552810307,-0.22551196621933542,0.11407738272739301,0.9445575224408697,False
GUT_GENOME025761_19,GUT_GENOME025761_00785,20078,0.05116631332449499,0.05531377244953774,0.05508794146397532,0.002512701195032717,0.6702970809190771,0.06307935756011025,0.9992646619803268,-0.004147459125042746,-0.3266165714157048,-0.007991416096134935,-0.22265376681689153,0.15625308460110093,0.924847386822471,False
GUT_GENOME025761_19,GUT_GENOME025761_00785,20114,0.05111929665797202,0.054204609720774566,0.05407610282164793,0.0025981455830816824,0.6318575857740911,0.06304298715730955,0.9997210154644148,-0.003085313062802547,-0.28203400005856744,-0.008966884335661618,-0.2348824435632353,0.13471293948327243,0.9348618919558606,False
GUT_GENOME025761_19,GUT_GENOME025761_00785,20336,0.05049586799827919,0.05398994429818088,0.05381919909530385,0.002472659434603177,0.6459574092470992,0.06309646586238522,0.9999122638329567,-0.0034940762999016925,-0.299191448392661,-0.00927726676708137,-0.2387734635552527,0.1465282896894699,0.9293553131863114,False
GUT_GENOME025761_19,GUT_GENOME025761_00785,20337,0.04949136414202551,0.054174290126578595,0.053927257191769995,0.0024663186673951746,0.697205427168481,0.06310119664378451,0.9999002660464695,-0.004682925984553082,-0.3490922838644727,-0.009173939452014515,-0.2374781304179757,0.17826128508053068,0.914726063631481,False
GUT_GENOME025761_19,GUT_GENOME025761_00785,21062,0.05026236005926578,0.053865341724229666,0.05370938585314167,0.0024022382594799064,0.6535019195729448,0.06315524187327708,0.9999578975804788,-0.0036029816649638877,-0.30376264757295074,-0.00944585602013541,-0.2408869341891154,0.15029826112355987,0.9276051417372088,False
GUT_GENOME025761_19,GUT_GENOME025761_00785,21081,0.049219583427518414,0.054113234109569294,0.05385627762822848,0.002360652679433158,0.7071291899498515,0.0631182295565337,0.9999563588312169,-0.0048936506820508804,-0.35793725274106236,-0.009261951928305229,-0.23858147348809616,0.1850401963915703,0.9116308886442558,False
GUT_GENOME025761_19,GUT_GENOME025761_00785,21258,0.04895601308517119,0.05441701132318812,0.05414020156755534,0.0023907152918902354,0.7294287855388492,0.06307918442826091,0.9999076382556953,-0.005460998238016934,-0.38175112711988957,-0.008938982860705567,-0.23453266475531703,0.20073949389453602,0.9045029190066753,False
GUT_GENOME025761_19,GUT_GENOME025761_00786,22665,0.047847178240102456,0.05418315008991281,0.0538380980097853,0.0023691571784740994,0.764818794324857,0.0630279242706091,0.9999475443893975,-0.006335971849810357,-0.4184773127832046,-0.009189826260823805,-0.23767729082278194,0.23161375588710933,0.8906472103105176,False
GUT_GENOME025761_19,GUT_GENOME025761_00787,23606,0.04652146820361153,0.054083511409804115,0.05369084744699388,0.0023834012496895085,0.8121145493296515,0.06303487112239377,0.9999558095173421,-0.007562043206192588,-0.4699404925454732,-0.009344023675399889,-0.23961034231699338,0.27825718267914873,0.8701161318649576,False
GUT_GENOME025761_19,GUT_GENOME025761_00787,23653,0.047110702448637166,0.054424920675848976,0.05407622526380311,0.0023947591623129294,0.8066417016892082,0.06299230596086763,0.999901629117521,-0.007314218227211809,-0.45953827461869523,-0.008916080697064524,-0.23424555837439162,0.2660464074576579,0.8754447782898538,False
GUT_GENOME025761_19,GUT_GENOME025761_00787,23657,0.04812090022612576,0.054529355098818,0.05425615695869732,0.0023372887250376643,0.7714714612589049,0.06302022852026865,0.9999114678189717,-0.006408454872692239,-0.4215197187711315,-0.008764071561571322,-0.23233993961089452,0.2316607208512879,0.8906262959489153,False
GUT_GENOME025761_19,GUT_GENOME025761_00787,23671,0.04791259981302108,0.054557438372788654,0.054279180526969506,0.0022680718220688552,0.7804587667381124,0.06303524223710584,0.9999434397784037,-0.006644838559767573,-0.43144169934550947,-0.008756061710136334,-0.2322395264144257,0.2400771375633377,0.8868862299361373,False
GUT_GENOME025761_19,GUT_GENOME025761_00788,24463,0.04715833785523813,0.05427843849504709,0.054001758930745714,0.0020354521649903227,0.7959736622253324,0.06304549022437533,0.9999955665431867,-0.00712010063980896,-0.45139037340272686,-0.00904373129362962,-0.23584581332746926,0.25937651686474866,0.8783692124390441,False
GUT_GENOME025761_2,GUT_GENOME025761_00086,64977,0.05130267473224966,0.05672780814795249,0.05624910659717908,0.0019593370630459437,0.7311156323225783,0.057779837934829215,0.7826721528491989,-0.005425133415702825,-0.38024573529396927,-0.0015307313376501375,-0.14166125238108004,0.1646547296354274,0.9209704160294484,False
GUT_GENOME025761_2,GUT_GENOME025761_00086,65115,0.05282240121914486,0.056196668683091186,0.0560376413592559,0.001970730616827033,0.6460383137144706,0.05702547173396551,0.6919027004443903,-0.003374267463946326,-0.2941625863857445,-0.0009878303747096057,-0.134855330761018,0.10471758746381415,0.9489883146935896,False
GUT_GENOME025761_20,GUT_GENOME025761_00807,16361,0.053840397406213,0.05497616316915894,0.054903909976035496,0.0017185558489900947,0.5459740460364653,0.06074903913748234,0.9996645299658007,-0.0011357657629459394,-0.2002036052570696,-0.0058451291614468465,-0.19574745857877113,0.07839855109797626,0.9615590748404618,False
GUT_GENOME025761_20,GUT_GENOME025761_00808,17858,0.052992805267864256,0.05504621611389251,0.0549394334625546,0.0016650866048470506,0.5840237804032019,0.060844762286615436,0.9998048517499334,-0.002053410846028253,-0.23872088536707362,-0.005905328824060835,-0.1965021343175759,0.09560074990180215,0.9533240754490788,False
GUT_GENOME025761_21,GUT_GENOME025761_00829,11501,0.07042969151182545,0.061620208884161504,0.06180610200459269,0.002281715411199095,0.2391044851464652,0.062234203779371784,0.5744138138668525,0.008809482627663942,0.21723874264719806,-0.0004281017747790952,-0.1278384543145281,0.06353534170846323,0.968731620526566,False
GUT_GENOME025761_21,GUT_GENOME025761_00830,13168,0.07158291798661419,0.06141394215415465,0.06168989204798856,0.0022190384961829402,0.21261247608169354,0.06230076194678691,0.6084516826716567,0.010168975832459536,0.2743021776746834,-0.0006108698987983482,-0.13012967428213212,0.09217541680584737,0.9549582006588346,False
GUT_GENOME025761_21,GUT_GENOME025761_00830,13169,0.07113202076943233,0.05831559057349826,0.058688143779565154,0.0018185786355911244,0.15799743853116827,0.06237929219258218,0.978805901256493,0.012816430195934064,0.3854265580875122,-0.0036911484130170286,-0.16874469905973574,0.1770284051399472,0.9152901111718341,False
GUT_GENOME025761_21,GUT_GENOME025761_00830,13321,0.06902509037892858,0.058313214342277826,0.05860428372069462,0.0017339932992881861,0.1932187394989585,0.06236097661324713,0.9848634210445553,0.010711876036650754,0.2970898977007883,-0.00375669289255251,-0.1695663785570976,0.1170151640528338,0.9431710892244423,False
GUT_GENOME025761_21,GUT_GENOME025761_00831,13689,0.07166222082600462,0.05815031530749013,0.058484683898493026,0.0017600125714055301,0.15221849246366115,0.06241155335119211,0.9871647300520938,0.013511905518514493,0.4146184736802456,-0.003926869452699086,-0.17169974800933827,0.2013892821834068,0.9042090990374436,False
GUT_GENOME025761_21,GUT_GENOME025761_00831,13794,0.07131510597885025,0.05825167637869906,0.058549998187879676,0.0017361248547220272,0.1594473167758168,0.06244707737581565,0.987606295914044,0.013063429600151194,0.3957941232983225,-0.003897079187935977,-0.17132629093178872,0.18600568600193162,0.9111909097758215,False
GUT_GENOME025761_21,GUT_GENOME025761_00831,13919,0.07097986733548736,0.058859686925976575,0.05911840006143336,0.0016935086158730561,0.17417593978539203,0.06251280747554562,0.9774844495000284,0.012120180409510788,0.35620213511112897,-0.0033944074141122604,-0.16502469095905756,0.15411310968385944,0.9258374915328587,False
GUT_GENOME025761_21,GUT_GENOME025761_00831,13959,0.06953017099112989,0.05880751362882841,0.05909780046067239,0.0018242609030895561,0.2019787437067313,0.06241672338407765,0.965569046526329,0.010722657362301477,0.2975424335969664,-0.003318922923405264,-0.1640784013733852,0.11545322158805087,0.9439079664148409,False
GUT_GENOME025761_21,GUT_GENOME025761_00831,14144,0.06649975294588478,0.05784740166469075,0.05806144701907305,0.0016777284884253213,0.24383300023973825,0.062160605645560627,0.9927227577751201,0.008652351281194036,0.21064330373772966,-0.004099158626487576,-0.17385960163427677,0.07459776248997485,0.9633881536642617,False
GUT_GENOME025761_21,GUT_GENOME025761_00831,14235,0.06553777864118975,0.05750858697738077,0.05771824554862751,0.0017186217713560886,0.2552159623319231,0.06195956852149355,0.9932038823401336,0.008029191663808978,0.1844867711320728,-0.0042413229728660365,-0.17564180403336357,0.06488541204683229,0.9680779132757248,False
GUT_GENOME025761_21,GUT_GENOME025761_00832,15424,0.0659117519355567,0.058392127403518276,0.058578653810776045,0.0017849303815780338,0.27193557348844244,0.061934932813669706,0.9699692372566479,0.00751962453203843,0.16309817513662414,-0.003356279002893661,-0.16454670510903116,0.053676632895135384,0.9735186307509481,False
GUT_GENOME025761_21,GUT_GENOME025761_00832,15500,0.06709004658331454,0.05836990528509349,0.05857349883198835,0.0018061042660821806,0.24963764639755692,0.0617827780570042,0.9622082247433327,0.008720141298221046,0.21348872526575746,-0.0032092792250158556,-0.16270388471507938,0.0720499899169759,0.9646161826403576,False
GUT_GENOME025761_21,GUT_GENOME025761_00832,15652,0.06858799886491537,0.05887821585804889,0.0591020092332088,0.0018371331360129404,0.22601051759236473,0.06177117503250386,0.9268738666166702,0.00970978300686648,0.2550279952985703,-0.002669165799295055,-0.15593290825283718,0.08935435026219533,0.9563061514152716,False
GUT_GENOME025761_21,GUT_GENOME025761_00832,15655,0.06880117064889642,0.05929803236972911,0.059538664646066886,0.0018926487615448418,0.23575867319119015,0.061711269954512024,0.8744987619292626,0.009503138279167309,0.24635427927613013,-0.0021726053084451385,-0.14970792061966132,0.08310289241392434,0.9592999817265564,False
GUT_GENOME025761_21,GUT_GENOME025761_00832,15835,0.0657568989280855,0.05863418782809651,0.058783092087078104,0.0019178456398559693,0.2766222932523007,0.061669263944535715,0.933825504982735,0.007122711099988993,0.14643811110585564,-0.0028861718574576117,-0.15865334222468622,0.04661500338331433,0.9769620201052344,False
GUT_GENOME025761_24,GUT_GENOME025761_00898,13237,0.06304642210895704,0.06697750456621467,0.0665317425152585,0.004305812724094105,0.6355369438162666,0.06390402401460021,0.27084070104664304,-0.003931082457257623,-0.31753436645869176,0.00262771850065828,-0.08953004320584985,0.10884370251876409,0.9470325153644297,False
GUT_GENOME025761_24,GUT_GENOME025761_00898,13238,0.06390470039490698,0.06743721221896525,0.06689527141955051,0.004429080340935936,0.6182246245659124,0.06390245549974169,0.24960937885573625,-0.003532511824058268,-0.30080474298488064,0.0029928159198088222,-0.08495310452265634,0.09770052337023746,0.952323718371555,False
GUT_GENOME025761_24,GUT_GENOME025761_00898,13239,0.06235754248428368,0.066336627325779,0.06595944699734378,0.004280379465567128,0.639208001777031,0.06396444664108925,0.3205790276886786,-0.003979084841495319,-0.3195492209091956,0.0019950003562545365,-0.0974619320628506,0.11161053278509758,0.9457232820664572,False
GUT_GENOME025761_24,GUT_GENOME025761_00898,13242,0.063296213104315,0.06707871882466174,0.06680206447023843,0.004494247094421035,0.62767030140832,0.06430236564114421,0.28903717644809657,-0.003782505720346732,-0.3112979991540202,0.0024996988290942185,-0.09113492496139489,0.10521201882501542,0.9487537388980927,False
GUT_GENOME025761_24,GUT_GENOME025761_00898,13244,0.06482030043597115,0.06816652999677451,0.0675384067910239,0.0046273676220345665,0.6097919196136735,0.0644782454481425,0.2542042111417028,-0.003346229560803368,-0.2929857220522845,0.0030601613428813956,-0.08410884801513555,0.09291493164093169,0.9546051630538571,False
GUT_GENOME025761_24,GUT_GENOME025761_00898,13253,0.06571716349512766,0.06839487389936708,0.0683038351430993,0.004919333957026518,0.5854568098756495,0.06448812873784189,0.21897633276984546,-0.0026777104042394195,-0.2649252659053545,0.003815706405257413,-0.0746371748629932,0.0757561043865518,0.962830348781518,False
GUT_GENOME025761_24,GUT_GENOME025761_00898,13277,0.06695902393504667,0.06739859969496984,0.0675076810159451,0.004727916302196294,0.5140448119490223,0.06574956029123163,0.35499871982005027,-0.00043957575992316367,-0.17098169163209628,0.0017581207247134717,-0.10043150536573357,0.03932122614340064,0.9805313963813498,False
GUT_GENOME025761_24,GUT_GENOME025761_00898,13288,0.06700488956434537,0.0692804226825598,0.06927394540651277,0.0051905040541262455,0.5696057910427899,0.06575394878405967,0.24883485736724942,-0.0022755331182144206,-0.2480442566074312,0.0035199966224531004,-0.0783442554199164,0.06766377559323428,0.966734010762127,False
GUT_GENOME025761_24,GUT_GENOME025761_00898,13289,0.06822226083169285,0.06409645569854272,0.06424648844416929,0.004050594494391896,0.3689843407449468,0.06619629096476738,0.6848704026292626,0.004125805133150126,0.020645831807258107,-0.001949802520598093,-0.14691481761500816,0.0220102140058647,0.9890552276545228,False
GUT_GENOME025761_24,GUT_GENOME025761_00898,13290,0.06037103760940441,0.06351137612696625,0.06282075545340092,0.003950544933083427,0.6144407676523618,0.0661626162898898,0.8012024331027539,-0.00314033851756184,-0.28434364121855166,-0.00334186083648888,-0.16436595591690512,0.10786747376590242,0.9474948883864059,False
GUT_GENOME025761_24,GUT_GENOME025761_00898,13297,0.06286476843805071,0.06542601090107483,0.06382595427128405,0.0041102923155028805,0.5874814827317358,0.06768786989495883,0.8262814311257454,-0.0025612424630241243,-0.26003663477952016,-0.003861915623674772,-0.17088547303206067,0.09682089632084868,0.952742655343102,False
GUT_GENOME025761_24,GUT_GENOME025761_00898,13300,0.06408804170494156,0.06460172389330515,0.06347945203891438,0.004463184968149518,0.5176366191209077,0.06857220259824467,0.8730769964461091,-0.00051368218836359,-0.17409223852524172,-0.005092750559330297,-0.18631548084404387,0.06502156591687694,0.9680120117417389,False
GUT_GENOME025761_24,GUT_GENOME025761_00898,13325,0.06579802132083662,0.06664200314301931,0.06495270827971018,0.004893041997190781,0.5286356058532088,0.06886440596687236,0.7879825861637617,-0.0008439818221826906,-0.18795625169393743,-0.00391169768716218,-0.17150955153865444,0.06474307881982512,0.9681468105539842,False
GUT_GENOME025761_24,GUT_GENOME025761_00898,13337,0.07273725694987819,0.06627806087435598,0.06985169351786528,0.00701684135160758,0.29705733023016645,0.06873119917262685,0.43656404551121153,0.006459196075522214,0.11858769864710916,0.0011204943452384347,-0.10842492489861878,0.0258190066096887,0.9871734669144071,False
GUT_GENOME025761_24,GUT_GENOME025761_00898,13347,0.06278860967783112,0.06670858222828857,0.0659959487886729,0.0064981859656702366,0.639422316039788,0.06913000323683512,0.6852024481730482,-0.003919972550457451,-0.31706803868109296,-0.003134054448162213,-0.16176085095735765,0.12669871405552352,0.9386155044804386,False
GUT_GENOME025761_24,GUT_GENOME025761_00898,13349,0.06041153126813767,0.06701820097471473,0.06461147786114092,0.006337420785351975,0.7369945116202976,0.06922716068807475,0.7667917434667137,-0.006606669706577056,-0.42983959801361044,-0.004615682826933823,-0.18033485856523093,0.21728274123424404,0.8970520690478717,False
GUT_GENOME025761_24,GUT_GENOME025761_00898,13354,0.05890368515324673,0.06662345777288844,0.06440837088640339,0.005901792237164173,0.7771026685312423,0.06989770547118136,0.8238437492677311,-0.007719772619641713,-0.4765610347479116,-0.0054893345847779745,-0.1912871423020495,0.26370119065008474,0.8764719343021176,False
GUT_GENOME025761_24,GUT_GENOME025761_00898,13364,0.05990661334375846,0.06724863518093534,0.06278194510814877,0.005629168482869605,0.7634569142275133,0.07061553390558958,0.9179792415170669,-0.0073420218371768806,-0.4607053047187169,-0.00783358879744081,-0.22067521032548226,0.2609469262481616,0.8776797835192197,False
GUT_GENOME025761_24,GUT_GENOME025761_00898,13373,0.05630862814821323,0.06583403785210235,0.05958560717912759,0.005321608109654105,0.8371259575559444,0.07099929354255397,0.9840148375267058,-0.009525409703889112,-0.5523509350406913,-0.011413686363426372,-0.2655560727470536,0.37561158321316446,0.8287756467911354,False
GUT_GENOME025761_24,GUT_GENOME025761_00898,13394,0.05727375081880901,0.06382999671332158,0.05886835444257762,0.005518474306309453,0.749865723286604,0.07068836115110974,0.9838991372839954,-0.00655624589451257,-0.42772310643172534,-0.011820006708532123,-0.27064979077335455,0.25619836502126564,0.8797661174050022,False
GUT_GENOME025761_24,GUT_GENOME025761_00898,13430,0.06352071360757289,0.06102932064556133,0.0598524382418208,0.005262594789245894,0.40805868776481524,0.06990552999951982,0.9719521745486831,0.0024913929620115557,-0.04795706551279132,-0.010053091757699022,-0.24849937018918047,0.06405181711701752,0.9684814897948035,False
GUT_GENOME025761_24,GUT_GENOME025761_00898,13550,0.06444714375844506,0.05874791362559181,0.05783929248842275,0.005078157981596453,0.29430645464525534,0.0684522180279474,0.9816873439898904,0.005699230132853242,0.08668885057665275,-0.010612925539524656,-0.25551756521821667,0.07280418294934683,0.9642524978148779,False
GUT_GENOME025761_24,GUT_GENOME025761_00900,16764,0.061538035142652533,0.06176141666001803,0.05764639203004621,0.005651610898567993,0.5089098792475031,0.06734015784733718,0.9568477087565406,-0.00022338151736549933,-0.16190714380060447,-0.009693765817290971,-0.24399478398762653,0.08574737782683814,0.9580323925373742,False
GUT_GENOME025761_24,GUT_GENOME025761_00900,16784,0.06224570054450888,0.05962165349220194,0.0579732363996074,0.00515528604463109,0.3985139707152672,0.06715291031149254,0.9625138105507405,0.002624047052306941,-0.042389036164796876,-0.009179673911885136,-0.2375500188231858,0.05822684182987639,0.9713062917704811,False
GUT_GENOME025761_24,GUT_GENOME025761_00900,16786,0.061118297882085906,0.05941911367410485,0.05756064671408594,0.005239168898236463,0.43446181874085354,0.066699678977247,0.9594524244633535,0.0016991842079810554,-0.08120927494227613,-0.00913903226316106,-0.23704052649473611,0.0627831575375519,0.9690960213418127,False
GUT_GENOME025761_24,GUT_GENOME025761_00900,16848,0.06044535191612357,0.0568500141556919,0.05588627151407461,0.00535044666413027,0.361224735855627,0.06655263512260055,0.9768991752307877,0.003595337760431666,-0.0016200319356003718,-0.010666363608525943,-0.25618747618536675,0.06563464745770022,0.9677153220699554,False
GUT_GENOME025761_24,GUT_GENOME025761_00900,16870,0.060617414423700916,0.0576724137231683,0.05738188777396169,0.005034925980321189,0.3877244381349628,0.06663001058649407,0.9668798583844735,0.0029450007005326143,-0.02891731185771305,-0.009248122812532372,-0.23840810875962884,0.057674637247419246,0.9715745086890726,False
GUT_GENOME025761_24,GUT_GENOME025761_00900,16873,0.057898053942871695,0.05942451708873522,0.05735248757754067,0.005129337046265645,0.5596468746914203,0.06675666780235498,0.9666292238360943,-0.0015264631458635214,-0.21660275653409128,-0.009404180224814311,-0.24036447757958418,0.10469183622027325,0.9490005335868569,False
GUT_GENOME025761_24,GUT_GENOME025761_00900,16986,0.055675689730661775,0.05880960116248142,0.05662562583381445,0.005204830293114668,0.6231286606345181,0.06655267755276077,0.9717576192663235,-0.0031339114318196457,-0.2840738704036832,-0.009927051718946325,-0.24691930553043645,0.14166710728976162,0.9316169434679764,False
GUT_GENOME025761_24,GUT_GENOME025761_00900,16996,0.05491040720587435,0.05759011348343699,0.05681886536178067,0.005214910708288052,0.609439066092713,0.0666388572830496,0.9701539094913457,-0.0026797062775626435,-0.2650090407909524,-0.009819991921268922,-0.24557718119949856,0.13053794362683202,0.9368154525359116,False
GUT_GENOME025761_24,GUT_GENOME025761_00900,17020,0.05723698499993379,0.05614410478894026,0.056276209554609054,0.0053004221579313815,0.45494753629186413,0.0655543327159371,0.9599796395516946,0.0010928802109935326,-0.10665830890357798,-0.00927812316132804,-0.23878419949516913,0.06839388878671979,0.9663811625429063,False
GUT_GENOME025761_24,GUT_GENOME025761_00900,17192,0.05624024288085044,0.05791590967770214,0.05670431759337977,0.005271192631815827,0.5703268410756379,0.06551817938726613,0.9527458386194707,-0.001675666796851702,-0.22286543796125427,-0.008813861793886359,-0.23296412052364404,0.10394128488901662,0.949356737226879,False
GUT_GENOME025761_24,GUT_GENOME025761_00900,17193,0.05567581252547747,0.056336661904785874,0.05594181952766668,0.0048125213176756785,0.5280754429311086,0.06546261250354166,0.976054695875376,-0.0006608493793084022,-0.18026944147780777,-0.009520792975874978,-0.24182635976030456,0.09097705980564101,0.9555305625375087,False
GUT_GENOME025761_24,GUT_GENOME025761_00900,17256,0.053972764496194814,0.05581056755210506,0.05526904144226006,0.0045328979524958376,0.5793146236336761,0.06521896284466323,0.9859198658064826,-0.0018378030559102476,-0.22967095331929385,-0.009949921402403174,-0.2472060047328838,0.11385955557458782,0.9446604031812097,False
GUT_GENOME025761_24,GUT_GENOME025761_00900,17257,0.0559600552948443,0.05370552712678933,0.05414457174109803,0.004520263703616373,0.4049835907602549,0.06512150726637601,0.9924168596234091,0.0022545281680549714,-0.057899240091201586,-0.010976935525277981,-0.2600808716056993,0.07099438177831886,0.9651254453705436,False
GUT_GENOME025761_24,GUT_GENOME025761_00900,17314,0.05745694600424738,0.05373026345735326,0.054567024949024705,0.004464151695251513,0.3466282825648539,0.06484039362486159,0.9893127637430366,0.0037266825468941223,0.003893040628544007,-0.010273368675836884,-0.2512608083554254,0.0631471495807573,0.9689196657698705,False
GUT_GENOME025761_24,GUT_GENOME025761_00900,18088,0.05791696424751178,0.053644221737534775,0.05481468644887041,0.004553633168100927,0.3312874354520132,0.0648783704678172,0.9864485978328275,0.004272742509977008,0.026813388530670047,-0.010063684018946799,-0.24863215702278846,0.0625369073103012,0.9692153487455036,False
GUT_GENOME025761_24,GUT_GENOME025761_00900,18128,0.05605886029832144,0.054199501284800874,0.05479878038251681,0.004539856934429415,0.4219599391996017,0.06492293953765672,0.98712831246494,0.0018593590135205645,-0.07448608973127087,-0.010124159155139915,-0.24939028615680883,0.06774369239282993,0.9666953823897959,False
GUT_GENOME025761_24,GUT_GENOME025761_00900,18144,0.05433893189464171,0.05446013631353915,0.0547369721624824,0.004414425577249764,0.5053073636303906,0.06500828666517411,0.9900110128340809,-0.00012120441889744427,-0.15761835721516104,-0.010271314502691711,-0.25123505680518987,0.0879626002991131,0.9569718525362496,False
GUT_GENOME025761_24,GUT_GENOME025761_00900,18145,0.05594095317127888,0.05651588438494367,0.05639295876835471,0.0041471365008981225,0.5243195133474862,0.06522610486921884,0.9834116584693399,-0.000574931213664788,-0.1766631081430102,-0.00883314610086413,-0.23320587268609563,0.08559483283403235,0.9581054668463324,False
GUT_GENOME025761_24,GUT_GENOME025761_00900,19095,0.05479156253788893,0.056402490973687075,0.05610618556284576,0.00393717049327078,0.5699138303776378,0.06469565583123787,0.9854317715642513,-0.0016109284357981452,-0.22014810679201097,-0.008589470268392116,-0.23015110076687628,0.1014347181083115,0.9505472961551936,False
GUT_GENOME025761_24,GUT_GENOME025761_00901,20271,0.05479454947187251,0.055433672460183846,0.05537572762962095,0.0037770789753359133,0.5272492436865411,0.06393614197572561,0.9882868928046393,-0.0006391229883113345,-0.17935749686736793,-0.008560414346104661,-0.22978684956235465,0.08497110791432011,0.9584043105706721,False
GUT_GENOME025761_24,GUT_GENOME025761_00901,20291,0.0564708728031521,0.055869454781580216,0.055931881968146774,0.003857772325221278,0.47503761232761155,0.06388225987780105,0.980342409790763,0.0006014180215718826,-0.12728696715328555,-0.007950377909654277,-0.22213930340702015,0.06554784212523775,0.9677573244065861,False
GUT_GENOME025761_24,GUT_GENOME025761_00901,20637,0.05462557009143453,0.05624943859356135,0.05612694969283781,0.0037454018081551277,0.5698442516913981,0.06380105039361335,0.9797659712300619,-0.0016238685021268198,-0.22069125377619078,-0.007674100700775538,-0.21867583371845345,0.09652374974576775,0.9528842179675382,False
GUT_GENOME025761_24,GUT_GENOME025761_00901,20693,0.05657869740553438,0.05860699872995166,0.05860007449420342,0.004764290387563955,0.5857153796272391,0.06373572315784304,0.8594711143570575,-0.002028301324417281,-0.23766693706489408,-0.005135648663639615,-0.18685326057830168,0.09139971396255103,0.955328654390434,False
GUT_GENOME025761_24,GUT_GENOME025761_00901,20696,0.058876002374521126,0.05910897396971575,0.05897517117623752,0.0045265968662923884,0.5093181502878725,0.06364156923408477,0.8487024816187188,-0.00023297159519462124,-0.1623096782017918,-0.004666398057847257,-0.18097063545660108,0.05909480253553521,0.9708848553774448,False
GUT_GENOME025761_25,GUT_GENOME025761_00918,6644,0.058999470947583364,0.05868257488670782,0.05899850532436702,0.0060637731725573605,0.4879672958132497,0.06614729905837334,0.880787947533187,0.00031689606087554473,-0.13922950600586434,-0.0071487937340063215,-0.2120904741660604,0.06436722457462135,0.9683287686952472,False
GUT_GENOME025761_25,GUT_GENOME025761_00918,7103,0.05845737585871695,0.05698066811594373,0.05800917747804873,0.0060377577026958515,0.44404863664559296,0.06626065861974584,0.9141319511268124,0.0014767077427732186,-0.09054751309804594,-0.00825148114169711,-0.2259139973875415,0.05923598634385891,0.9708163211857899,False
GUT_GENOME025761_25,GUT_GENOME025761_00918,7105,0.057959360140781006,0.05661544580770529,0.057503827994340125,0.0059508092184204575,0.4482436522749955,0.06633654007508,0.9311336751199452,0.0013439143330757145,-0.09612139024551657,-0.008832712080739873,-0.2332004317177628,0.06362176301608184,0.968689761904253,False
GUT_GENOME025761_25,GUT_GENOME025761_00918,7106,0.05820384465861564,0.05639234186600258,0.05741641384953792,0.005766448948176434,0.42953897461775936,0.06640549106094987,0.9404850474022229,0.001811502792613058,-0.07649480911492317,-0.008989077211411949,-0.2351606581607236,0.061151990968113225,0.9698867222555018,False
GUT_GENOME025761_25,GUT_GENOME025761_00918,7196,0.058416477779426164,0.05750331820668603,0.05799973387778538,0.0057120004991121015,0.46474472671880523,0.06649419684408882,0.9315091977329806,0.0009131595727401368,-0.11420191186378022,-0.008494462966303441,-0.22896006907695846,0.06546478990506821,0.9677975124381953,False
GUT_GENOME025761_25,GUT_GENOME025761_00918,7205,0.057763016429641274,0.05492415601233767,0.05601522269798557,0.005075904270296123,0.39092613136419674,0.06668339080684807,0.9822114278671533,0.002838860417303607,-0.033372449356357636,-0.010668168108862501,-0.2562100977843182,0.06675733458269255,0.9671722537417978,False
GUT_GENOME025761_25,GUT_GENOME025761_00918,7220,0.05833782353859247,0.055503356572806896,0.056301352605412795,0.004850843968808998,0.39387567094642145,0.06708925781301206,0.986923199383776,0.0028344669657855773,-0.03355686030770416,-0.010787905207599265,-0.25771114745017654,0.0675410983937974,0.966793310691316,False
GUT_GENOME025761_25,GUT_GENOME025761_00918,7627,0.05981249803044915,0.055803121211656585,0.05672524822672559,0.004872122110689711,0.35863676024317026,0.06786753735018423,0.9889005660241339,0.0040093768187925635,0.01575886398111047,-0.011142289123458646,-0.2621537793837909,0.06897294583918046,0.9661014081295343,False
GUT_GENOME025761_25,GUT_GENOME025761_00918,7678,0.0573674138357658,0.054199801501599934,0.0552798609636295,0.004987349035857686,0.3811425335769815,0.06806150418506415,0.9948086031440736,0.003167612334165869,-0.019573400135768443,-0.01278164322143465,-0.28270507006104534,0.08030527463109545,0.9606427980232632,False
GUT_GENOME025761_25,GUT_GENOME025761_00918,8360,0.05657750921369314,0.05229892627805576,0.05406889499834241,0.0051451436744580905,0.3354923096044733,0.06815886283523657,0.9969139771750455,0.004278582935637376,0.027058534846243855,-0.014089967836894167,-0.299106504934519,0.09019686560216884,0.955903384954319,False
GUT_GENOME025761_25,GUT_GENOME025761_00918,8399,0.05562690719402125,0.051571884888218664,0.05283338859953368,0.005033427609304044,0.34027874940597147,0.06829965714526252,0.9989393810606225,0.004055022305802583,0.017674789910792334,-0.015466268545728842,-0.3163601025321911,0.10039611267256911,0.9510410461413109,False
GUT_GENOME025761_25,GUT_GENOME025761_00918,8518,0.05597771297720706,0.05129362793180461,0.052637410701485636,0.004941246005963376,0.31317172866248577,0.06831387992870891,0.999244530086277,0.00468408504540245,0.04407910046030048,-0.015676469227223273,-0.31899522285871634,0.10370091930407137,0.9494708404270948,False
GUT_GENOME025761_25,GUT_GENOME025761_00918,8530,0.05424124246880405,0.051993661794306076,0.052757795143669156,0.0048758743996021765,0.4079520915723036,0.06831289383461975,0.9992891706413127,0.0022475806744979773,-0.058190854529431166,-0.015555098690950592,-0.31747369607345766,0.10417572324940758,0.9492454609304137,False
GUT_GENOME025761_25,GUT_GENOME025761_00918,8549,0.053644966530891916,0.05148279311668942,0.05224112399484298,0.00481172025423565,0.4119131272618619,0.06839276516758283,0.9996056481926411,0.002162173414202495,-0.061775743097873516,-0.01615164117273985,-0.3249520791511088,0.10941009617992294,0.9467643567302526,False
GUT_GENOME025761_25,GUT_GENOME025761_00918,8707,0.05526199496490999,0.051638426249840365,0.05286931181085107,0.004932051716627974,0.35849728628876054,0.06837287942526994,0.9991651030523248,0.003623568715069622,-0.00043506444913977646,-0.015503567614418873,-0.3168276915683768,0.10037997542562142,0.9510487197643782,False
GUT_GENOME025761_25,GUT_GENOME025761_00918,8708,0.05386776074034581,0.05200948274437871,0.05282531525010792,0.005267019126806803,0.4243108822679821,0.0684069723934718,0.9984535188365259,0.0018582779959671059,-0.07453146441553392,-0.015581657143363875,-0.31780663846592627,0.10655599864093597,0.9481164001270083,False
GUT_GENOME025761_25,GUT_GENOME025761_00918,8709,0.05267176963280553,0.053360464034801845,0.05309502330046372,0.005525485184350096,0.528063015740563,0.06851115168166992,0.997364634333259,-0.0006886944019963148,-0.18143820983750653,-0.0154161283812062,-0.3157315347950668,0.13260622605308756,0.9358471538324425,False
GUT_GENOME025761_25,GUT_GENOME025761_00918,8824,0.05220803650281031,0.05321730091182705,0.05302257166866811,0.005390767773384783,0.5415947198202002,0.06852510514957671,0.9979846950789709,-0.0010092644090167469,-0.19489383116966416,-0.015502533480908604,-0.3168147274513536,0.138355176958065,0.9331609467292487,False
GUT_GENOME025761_25,GUT_GENOME025761_00918,8825,0.05252587438071816,0.05348923604293242,0.053301348544946156,0.005366829461264015,0.5401375221703498,0.06854519656838239,0.9977470259336174,-0.0009633616622142585,-0.19296710700472747,-0.01524384802343623,-0.31357179168960636,0.13556357292920382,0.9344643641031627,False
GUT_GENOME025761_25,GUT_GENOME025761_00920,9555,0.05365990340494658,0.0510397766878019,0.052562174580106306,0.005216616229724861,0.396664998443592,0.06851541367824204,0.9988864911314594,0.0026201267171446774,-0.04255358850682306,-0.015953239098135737,-0.3224648686630308,0.10579439941667373,0.9484775112355531,False
GUT_GENOME025761_25,GUT_GENOME025761_00920,9799,0.05388671783723051,0.0505383039042996,0.051702509449869705,0.004848882267141644,0.36906789603191953,0.0686648025982163,0.9997657830360541,0.0033484139329309076,-0.011984424885579164,-0.016962293148346602,-0.33511458425562146,0.11244541102065611,0.9453285825611663,False
GUT_GENOME025761_25,GUT_GENOME025761_00920,9801,0.05482425626614034,0.0508926556088411,0.0519592840082241,0.004677597805910389,0.34978587227542507,0.06870539673524971,0.9998282468254366,0.003931600657299243,0.012494283531273949,-0.016746112727025607,-0.3324045006423348,0.11064885916823981,0.946178129976108,False
GUT_GENOME025761_25,GUT_GENOME025761_00920,10353,0.053389146811207426,0.05147809846953592,0.051969104198030476,0.004760177199926802,0.42210267376092797,0.06868199698425251,0.9997767720371256,0.001911048341671509,-0.07231647931457205,-0.016712892786222032,-0.33198804841851176,0.11544573747318704,0.9439114985792705,False
GUT_GENOME025761_25,GUT_GENOME025761_00921,10869,0.052017718918770765,0.05123218396068122,0.05108414850942638,0.005087229410545671,0.46701232498848955,0.06852508430768262,0.9996963982027209,0.0007855349580895427,-0.11955883375226954,-0.017440935798256237,-0.34111495003441744,0.13065372386518592,0.9367612217474459,False
GUT_GENOME025761_25,GUT_GENOME025761_00921,10870,0.05070796110989309,0.0520703996876521,0.051200322895376627,0.005104401217908502,0.5574603094022255,0.06832223298810434,0.9996022309064971,-0.0013624385777590078,-0.20971798119874818,-0.01712191009272772,-0.3371155761249445,0.15762854330413176,0.9242115607920534,False
GUT_GENOME025761_25,GUT_GENOME025761_00921,10871,0.049445859421973756,0.05143050246857758,0.05068032594740393,0.00519602016996053,0.5845521785088451,0.06749529202409446,0.9993941765191535,-0.001984643046603826,-0.23583442235232915,-0.01681496607669053,-0.3332676608374467,0.16668520852632016,0.9200358850016566,False
GUT_GENOME025761_25,GUT_GENOME025761_00921,10943,0.05070855283409677,0.05148533690355936,0.051787444193156645,0.005307781016769625,0.5331473994228686,0.06721284901860718,0.9981706870608754,-0.000776784069462591,-0.18513568989722512,-0.015425404825450531,-0.3158478262676364,0.13403507303171253,0.9351788014150988,False
GUT_GENOME025761_25,GUT_GENOME025761_00921,11106,0.052000483615777096,0.05287461516437523,0.052514005164442656,0.005278283163339962,0.5370281698903311,0.06695915074921614,0.9968971786602941,-0.0008741315485981324,-0.18922175780190115,-0.014445145584773486,-0.30355908851470614,0.12795299384552053,0.9380270457937612,False
GUT_GENOME025761_25,GUT_GENOME025761_00921,11238,0.05532177802032473,0.05152573516434375,0.05250858160451388,0.0050107329686206155,0.35305857321267775,0.06673868135419149,0.9977437843425372,0.00379604285598098,0.0068043736731687515,-0.014230099749677608,-0.3008632283149819,0.09056498165319705,0.9557274594554488,False
GUT_GENOME025761_25,GUT_GENOME025761_00921,11423,0.05685818257231411,0.05135690609622039,0.05205418439440887,0.004648926663694911,0.29161939600904413,0.0662669423811405,0.9988829718417928,0.005501276476093726,0.07837993399575072,-0.014212757986731633,-0.3006458282965242,0.09653132812528135,0.9528806073152608,False
GUT_GENOME025761_25,GUT_GENOME025761_00921,11711,0.057936397240343496,0.051356886201656814,0.05230711725723298,0.0046272856022893695,0.259795314417509,0.06578004679339156,0.9982022412556678,0.006579511038686682,0.12363780486253684,-0.013472929536158577,-0.29137118192341815,0.10018347244667637,0.9511421663082119,False
GUT_GENOME025761_25,GUT_GENOME025761_00921,11816,0.058952185029861916,0.04782981008481712,0.05044655906230944,0.004762936587847818,0.13752225433995402,0.06475933660923473,0.99867223608113,0.011122374945044797,0.3143201991876715,-0.014312777546925295,-0.30189969471714,0.18994061328767983,0.9093999372035558,False
GUT_GENOME025761_25,GUT_GENOME025761_00922,12504,0.05970482878402168,0.04960914617503993,0.05142057602462021,0.004537661532217753,0.17184861273446284,0.06443759659238768,0.997938944613422,0.010095682608981756,0.2712257642868665,-0.013017020567767469,-0.28565581039792487,0.15516265722709008,0.9253517637602686,False
GUT_GENOME025761_25,GUT_GENOME025761_00922,12564,0.06012211962636747,0.04881958947877427,0.050726370797175124,0.0044640192834230295,0.1465628916848617,0.06374594080887414,0.9982304139768672,0.011302530147593207,0.32188204257108904,-0.013019570011699011,-0.2856877707677846,0.18522555169600263,0.9115464047487535,False
GUT_GENOME025761_25,GUT_GENOME025761_00923,12932,0.061480033185325536,0.048748892881643614,0.051056950181584314,0.004710991415664463,0.13560681110170175,0.06329615367745617,0.9953117138319081,0.012731140303681922,0.38184659593112674,-0.012239203495871855,-0.27590493061057847,0.22193035355941731,0.8949699141208652,False
GUT_GENOME025761_25,GUT_GENOME025761_00923,13215,0.05845857097185208,0.049336614506645185,0.05089236740155515,0.0045222177291078655,0.2079356777849985,0.06304544869165826,0.996399641854332,0.009121956465206894,0.23035453496121866,-0.012153081290103111,-0.27482528437264553,0.1285921487077048,0.9377273214152959,False
GUT_GENOME025761_25,GUT_GENOME025761_00923,13283,0.05944270622170118,0.049472170059291304,0.05128979930601561,0.004423883512319987,0.1829920001187994,0.06288339876288816,0.9956123182401568,0.00997053616240988,0.2659728611478996,-0.01159359945687255,-0.2678115014458451,0.14246456317387776,0.9312455558075602,False
GUT_GENOME025761_25,GUT_GENOME025761_00923,13308,0.05937132472397185,0.04936929884926971,0.05125352031397316,0.004319692747830381,0.181993302154298,0.06281127311734579,0.9962701751339678,0.010002025874702142,0.26729461188934145,-0.01155775280337263,-0.2673621201945381,0.14292891285999232,0.9310293691143197,False
GUT_GENOME025761_25,GUT_GENOME025761_00923,13359,0.06103683062291331,0.05054653260266825,0.05208255404412503,0.0039314941732177195,0.18248199585616226,0.06269396877789103,0.9965234202204579,0.010490298020245065,0.287789371079483,-0.010611414733765999,-0.25549862543678603,0.14810226970641144,0.9286242075646586,False
GUT_GENOME025761_25,GUT_GENOME025761_00923,13389,0.06149525203902566,0.0513622613514295,0.0528421865270155,0.00383832252485385,0.18375366103738777,0.06264560673043375,0.9946767094547279,0.010132990687596155,0.27279173542412805,-0.009803420203418248,-0.24536943462968114,0.13462149036619683,0.9349046390804533,False
GUT_GENOME025761_25,GUT_GENOME025761_00923,13421,0.06206411933522593,0.05155662709452041,0.052965786077220835,0.003744487790851028,0.17692756132747367,0.06243338487871931,0.9942709701903786,0.010507492240705518,0.2885110821396283,-0.009467598801498472,-0.24115950630790045,0.1413965520000496,0.9317429789386953,False
GUT_GENOME025761_25,GUT_GENOME025761_00923,13422,0.0615392040995256,0.05221062647725286,0.05338157189435318,0.0035824149589057017,0.2007918491804222,0.06227241399021699,0.9934639927096511,0.009328577622272745,0.23902726162872984,-0.008890842095863813,-0.23392916191666263,0.11185688459676142,0.9456067989186282,False
GUT_GENOME025761_25,GUT_GENOME025761_00923,13694,0.06110489047027832,0.053098497275425975,0.05423493652478096,0.003675501781999083,0.23660748682569865,0.06209564987054794,0.9837691061887115,0.008006393194852343,0.18352982706832613,-0.007860713345766983,-0.22101524941638315,0.08253093789831575,0.9595743589356932,False
GUT_GENOME025761_25,GUT_GENOME025761_00923,14238,0.05923646080174872,0.05287121977779597,0.053653312246471165,0.0036664636107699828,0.2816786460713606,0.061984041052652185,0.9884610558924048,0.00636524102395275,0.11464402466490324,-0.00833072880618102,-0.22690746291784586,0.06463024911918054,0.9682014299520496,False
GUT_GENOME025761_26,GUT_GENOME025761_00942,8856,0.06712602620922609,0.057964498712587575,0.0588023653110574,0.003015281380133972,0.20521944167894046,0.06111018661276724,0.7779758934765223,0.00916152749663851,0.23201549139197045,-0.0023078213017098392,-0.15140301699037673,0.0767540617996458,0.9623500367821545,False
GUT_GENOME025761_26,GUT_GENOME025761_00942,8938,0.06809491781569683,0.05756423235087792,0.058688697898798506,0.0031158574388882748,0.18249279734615992,0.061136659625909945,0.7839626209688296,0.010530685464818917,0.2894845956758521,-0.002447961727111439,-0.1531598470868264,0.10725926989327161,0.9477830672322648,False
GUT_GENOME025761_26,GUT_GENOME025761_00942,8974,0.06607414046970099,0.058142962548678095,0.059154851548194734,0.003242134325026188,0.2394909291111233,0.0610826552507082,0.7239477185496579,0.007931177921022894,0.18037273744397117,-0.0019278037025134628,-0.14663903576557644,0.05403733122328976,0.9733430733109733,False
GUT_GENOME025761_26,GUT_GENOME025761_00943,9252,0.06637855244534976,0.05791472158843561,0.05919376287906361,0.0033374622224892824,0.22005763825567065,0.06111465332419792,0.7175417317370119,0.008463830856914156,0.202730338123557,-0.0019208904451343128,-0.14655236970477786,0.06257718706177764,0.9691958290653789,False
GUT_GENOME025761_26,GUT_GENOME025761_00943,9747,0.06574986553227682,0.05854111080765184,0.05924687937028171,0.003258584053273058,0.24955646510095908,0.06111713521515225,0.716998301902681,0.007208754724624983,0.15004971046260518,-0.0018702558448705428,-0.14591760361633357,0.04380686265504509,0.9783347069735137,False
GUT_GENOME025761_26,GUT_GENOME025761_00943,9888,0.06442698497093269,0.058662044369426056,0.05902941819353381,0.0033677311270105996,0.28722762862718787,0.061068795592540207,0.7275979087966733,0.005764940601506632,0.08944698503837824,-0.0020393773990063993,-0.14803774728945837,0.029915937754993398,0.9851533458338446,False
GUT_GENOME025761_26,GUT_GENOME025761_00949,18297,0.06394549242835677,0.057744469945484794,0.05818505742167417,0.0032595872333165046,0.27143588244596095,0.06100217345987231,0.8062762119115926,0.006201022482871979,0.10775110749825953,-0.0028171160381981336,-0.15778764382779342,0.03650724171182808,0.9819119674219948,False
GUT_GENOME025761_26,GUT_GENOME025761_00949,19757,0.06147257573964398,0.057025014225028293,0.05759543770196763,0.0031729625112784186,0.32813175052024424,0.06098055088341929,0.8569829253587208,0.004447561514615686,0.034151250079061356,-0.0033851131814516613,-0.16490817648712874,0.02836101455427259,0.9859195625441372,False
GUT_GENOME025761_26,GUT_GENOME025761_00949,20090,0.060265806002377645,0.05640897445606514,0.05691096274267148,0.0031182345960627193,0.35120878987400905,0.06100654183304646,0.905480749103752,0.003856831546312507,0.009355921168149118,-0.00409557909037498,-0.17381472781035398,0.030299092864692064,0.9849646306420728,False
GUT_GENOME025761_26,GUT_GENOME025761_00949,20093,0.06007463351297295,0.0547607890403181,0.05542723032544418,0.003046309493087528,0.3017098633006806,0.061014929601696674,0.96669170203929,0.005313844472654851,0.07051265381179879,-0.005587699276252495,-0.1925202629374065,0.04203608598907072,0.9792012966864242,False
GUT_GENOME025761_26,GUT_GENOME025761_00950,20355,0.05933336682209767,0.0533029816966949,0.053989507096828766,0.002909349064469734,0.2796807090010195,0.06103978317827386,0.9923102576493923,0.006030385125402771,0.10058876661501108,-0.007050276081445095,-0.21085543597807754,0.054578114850634324,0.973079924890248,False
GUT_GENOME025761_27,GUT_GENOME025761_00968,9685,0.07234900636455806,0.06262550084318104,0.06288238896023018,0.0020232895238844733,0.21820732457095232,0.06151326863715796,0.24930438388390924,0.009723505521377018,0.25560398480144064,0.0013691203230722232,-0.10530809690722434,0.07642319232059645,0.9625092560796595,False
GUT_GENOME025761_27,GUT_GENOME025761_00970,11810,0.07223834124762074,0.06341701156046708,0.06360699974531428,0.001956857436717322,0.23555619813067913,0.06147142699621428,0.13756435403539513,0.008821329687153656,0.2177360117082521,0.0021355727490999996,-0.09569968673090487,0.056567400835009427,0.9721125389436979,False
GUT_GENOME025761_27,GUT_GENOME025761_00972,15402,0.07233082656372944,0.06368683120624101,0.06388319278211713,0.0020273826680554377,0.23901369706515385,0.06144689685313044,0.11474082954447928,0.00864399535748843,0.21029257178277205,0.0024362959289866842,-0.09192975716482159,0.0526740459993954,0.974006771602606,False
GUT_GENOME025761_27,GUT_GENOME025761_00973,17465,0.07388879066677881,0.06354982041447842,0.06400964384838073,0.0024452451768990084,0.19619729916579493,0.061400257839364716,0.14295735086169464,0.010338970252300392,0.2814375318621155,0.0026093860090160154,-0.08975986320937665,0.08726391738400528,0.9573062208790144,False
GUT_GENOME025761_27,GUT_GENOME025761_00973,17744,0.07099703921554833,0.06407480254763892,0.06431770878925522,0.0026170453459128315,0.2792159821978776,0.06142207001668803,0.13426515737372552,0.006922236667909407,0.13802338737697498,0.0028956387725671898,-0.08617133785163318,0.026475954930154803,0.9868492591887034,False
GUT_GENOME025761_27,GUT_GENOME025761_00973,17791,0.0696767938477923,0.06401081957340382,0.06414262539727063,0.002552457766771209,0.3120761332539286,0.061407845582896574,0.14198806579296408,0.0056659742743884745,0.08529296752840108,0.002734779814374054,-0.08818789986953339,0.01505199599319973,0.9925022514135639,False
GUT_GENOME025761_27,GUT_GENOME025761_00973,18254,0.06775851603825779,0.06297885720550862,0.06316733506361509,0.002311307311219252,0.3362149865190308,0.06139511886258034,0.22161234201864566,0.004779658832749167,0.048090719338094064,0.0017722162010347514,-0.10025480148493648,0.012363742507239357,0.9938371971993378,False
GUT_GENOME025761_29,GUT_GENOME025761_01030,10124,0.06666384403313926,0.05516928060908902,0.05659906726129838,0.003922501091861384,0.17876311204051792,0.06527142607367345,0.986479511674961,0.011494563424050232,0.32994245681631373,-0.008672358812375068,-0.23119020913480678,0.16231093760978074,0.9220503302379083,False
GUT_GENOME025761_29,GUT_GENOME025761_01030,10129,0.06679608363478193,0.055062195336548575,0.05661395509484555,0.003947398376760426,0.1772086007510107,0.06548690690671578,0.9877054441578004,0.011733888298233353,0.33998789092384424,-0.008872951811870235,-0.2337048855220115,0.1702097394917003,0.9184159653021999,False
GUT_GENOME025761_29,GUT_GENOME025761_01030,10142,0.06852502649584807,0.05644605394272861,0.057994199398582906,0.004166726511741745,0.1778973582760192,0.06613614011267761,0.9746516209184726,0.01207897255311946,0.35447247450855024,-0.008141940714094707,-0.22454077535372519,0.17606929498066687,0.9157291484568572,False
GUT_GENOME025761_29,GUT_GENOME025761_01030,10150,0.07110330342264458,0.05691172257500834,0.05850463820079592,0.004062915953379352,0.1474806905872671,0.06635203898257565,0.9732875297722695,0.014191580847636241,0.4431471995659738,-0.007847400781779729,-0.22084836029066016,0.24515343872623827,0.8846380334734698,False
GUT_GENOME025761_29,GUT_GENOME025761_01030,10187,0.07254561239294245,0.05634605674920402,0.05793185755695573,0.0037585442410902835,0.11643298175595551,0.06652127601602979,0.9888525134202564,0.016199555643738435,0.5274300329850887,-0.008589418459074065,-0.2301504512742765,0.3311516699164049,0.8474055978000816,False
GUT_GENOME025761_29,GUT_GENOME025761_01030,10498,0.07276262984960899,0.057193577136920935,0.05878730809567775,0.0038668129017126024,0.12685393230746272,0.06700843250033466,0.983251386537253,0.015569052712688054,0.5009652717683954,-0.008221124404656908,-0.2255334388933782,0.3018315355770555,0.8599201285828164,False
GUT_GENOME025761_29,GUT_GENOME025761_01030,10503,0.06876147039981548,0.05678542052894347,0.05789256057202897,0.003703475475953052,0.1864829541763116,0.06681883030803339,0.9920290147175798,0.011976049870872009,0.35015239275266896,-0.008926269736004418,-0.23437329032762502,0.17753753736941655,0.9150571389790492,False
GUT_GENOME025761_29,GUT_GENOME025761_01030,10510,0.06979308970977682,0.05832725024144193,0.05940676937254752,0.003778159208571163,0.20218797988262693,0.06672740911594983,0.9736652465275832,0.01146583946833489,0.3287367960782439,-0.007320639743402316,-0.21424477218817992,0.15396870350575403,0.9259043422730941,False
GUT_GENOME025761_29,GUT_GENOME025761_01030,10698,0.0662573689736188,0.05801204553194442,0.058885500396256875,0.0037346378490146865,0.27040202991023954,0.06661959082701152,0.9808162906779841,0.008245323441674376,0.19355869706748152,-0.007734090430754646,-0.2194278776972209,0.08561356272116762,0.9580964942847173,False
GUT_GENOME025761_29,GUT_GENOME025761_01030,10837,0.0663010912877504,0.058073320814428515,0.05894751017796663,0.003749237171790523,0.26731181375041546,0.06674634549785466,0.9812423949420325,0.008227770473321884,0.19282192790556976,-0.00779883531988803,-0.22023953335970992,0.08568574793572352,0.9580619147082521,False
GUT_GENOME025761_29,GUT_GENOME025761_01031,11210,0.0687619162428549,0.05775281240295696,0.059058227954202985,0.0038391132859986665,0.21679810922485376,0.06682905246049438,0.9785210770691841,0.011009103839897935,0.30956575221710997,-0.007770824506291393,-0.2198883838594027,0.14418185630204516,0.9304462882040452,False
GUT_GENOME025761_29,GUT_GENOME025761_01031,11346,0.06593578120334555,0.05865061784225027,0.059680237108905576,0.0040548650743475,0.28867572306461126,0.06685602125885937,0.9616091624631282,0.007285163361095276,0.15325689034947845,-0.00717578414995379,-0.2124288317450125,0.0686136829961429,0.9662749658865544,False
GUT_GENOME025761_29,GUT_GENOME025761_01031,11350,0.06632421800285249,0.06087708852598866,0.0618265862107993,0.003943180979347723,0.33412215216180646,0.06700930378023731,0.9056356755708284,0.005447129476863828,0.07610716517161147,-0.005182717569438014,-0.18744332636464855,0.04092730118910311,0.9797443089503896,False
GUT_GENOME025761_29,GUT_GENOME025761_01031,11702,0.0673349864344728,0.06146561549498684,0.06250911885253681,0.003986636692661911,0.32391759461476555,0.06709197088609713,0.8748360835065118,0.005869370939485967,0.09383034921052803,-0.0045828520335603196,-0.179923284776129,0.041176522837601655,0.9796222298108468,False
GUT_GENOME025761_29,GUT_GENOME025761_01031,11704,0.06852852555911525,0.06159329245959527,0.06250349358079682,0.003922244452999445,0.2961814594002221,0.06706518375881085,0.8775914489761192,0.006935233099519975,0.13856890024028518,-0.004561690178014027,-0.17965799526659665,0.051478335377014565,0.9745892608289328,False
GUT_GENOME025761_29,GUT_GENOME025761_01031,11714,0.06799685530720564,0.061330793326705005,0.062364305978586,0.004198297235588315,0.30072931769608857,0.0668830116137027,0.8591076158947242,0.00666606198050064,0.12727069837560961,-0.004518705635116707,-0.17911913191986614,0.04828149408474181,0.9761483101012763,False
GUT_GENOME025761_29,GUT_GENOME025761_01033,12431,0.0689963219314985,0.06142022515442516,0.06249295200315892,0.004368520768602544,0.279098863490476,0.06684093088120872,0.8402042633467126,0.007576096777073341,0.1654685439432048,-0.004347978878049802,-0.17697886508233612,0.058701357720516024,0.9710758689713203,False
GUT_GENOME025761_29,GUT_GENOME025761_01033,12441,0.06943281169069192,0.06222280648236653,0.06314309439109879,0.004211041683161298,0.2941699894383959,0.06667313033840114,0.7990635288078474,0.00721000520832539,0.15010219832730315,-0.0035300359473023485,-0.16672495901777684,0.050327881902168414,0.9751500318995612,False
GUT_GENOME025761_29,GUT_GENOME025761_01033,12444,0.06848432970942676,0.06286033655412024,0.06347626969315963,0.0038427970793259133,0.33090141054263544,0.06615127870198821,0.7568199897998276,0.005623993155306525,0.08353084995939557,-0.0026750090088285827,-0.15600615996688716,0.03131532484255304,0.984464281493179,False
GUT_GENOME025761_29,GUT_GENOME025761_01033,12583,0.0731991159260254,0.06647367405305325,0.0672081468532203,0.0038951815027382245,0.3136919132859975,0.0658462127455521,0.36330224262309785,0.006725441872972152,0.1297631129195254,0.0013619341076682029,-0.10539818482771676,0.027947242839543036,0.9861235564591272,False
GUT_GENOME025761_29,GUT_GENOME025761_01033,13434,0.07490346123906957,0.06608184921824826,0.06698779279470024,0.003847444836539141,0.26368071730991804,0.06554835528704982,0.35415447957500035,0.00882161202082131,0.21774786239558425,0.0014394375076504234,-0.10442658576716198,0.058319043392832726,0.9712615148235099,False
GUT_GENOME025761_29,GUT_GENOME025761_01033,13605,0.07691680490834849,0.06547811767712246,0.06662434228228845,0.0038245269227427797,0.21483399745497572,0.06513225063062356,0.3482174102672202,0.011438687231226027,0.3275971067347099,0.0014920916516648897,-0.10376650224991617,0.11808735133013475,0.9426655967111168,False
GUT_GENOME025761_29,GUT_GENOME025761_01035,14788,0.07869664886832974,0.06616681695301499,0.0673819822221386,0.0037157487967545855,0.19087390867244097,0.06500712836052884,0.26136854069758975,0.012529831915314746,0.37339686767977787,0.002374853861609766,-0.09270000795324704,0.1480185122676016,0.9286630979716143,False
GUT_GENOME025761_29,GUT_GENOME025761_01035,14998,0.0786355698340298,0.0667361015500432,0.06766600776105078,0.003513319500619673,0.20303057585685996,0.06474241405034654,0.20266335491706322,0.011899468283986608,0.34693795343651673,0.0029235937107042337,-0.08582088881793853,0.1277311684922196,0.9381310906540211,False
GUT_GENOME025761_29,GUT_GENOME025761_01035,15035,0.07852928371726087,0.06829962397817399,0.06897212719694017,0.0033551616458760507,0.24211799739166334,0.06447426405317791,0.09002840080442753,0.010229659739086877,0.27684932697328096,0.004497863143762257,-0.06608551330447487,0.08101284491427456,0.9603029969867707,False
GUT_GENOME025761_29,GUT_GENOME025761_01036,16348,0.07756936008373277,0.06729256145584968,0.06789693918227016,0.0031263251379253392,0.24218107651475063,0.06413403699140234,0.11436856885701097,0.010276798627883096,0.2788279370234102,0.00376290219086782,-0.07529913969429133,0.08341497890343119,0.9591503011233431,False
GUT_GENOME025761_3,GUT_GENOME025761_00119,19052,0.062456423009515566,0.06068812469525924,0.060763520688315094,0.0027075658626251973,0.4319023379459983,0.06029955846637258,0.43197126199361935,0.0017682983142563238,-0.07830827602664384,0.0004639622219425113,-0.1166553508459281,0.019740656975251618,0.990178223332492,False
GUT_GENOME025761_3,GUT_GENOME025761_00119,19271,0.06249118867050947,0.06020665351725846,0.06037578196279861,0.0025585082084985922,0.4156798790906203,0.06021995172926022,0.47571676584685196,0.0022845351532510133,-0.05663972541024185,0.0001558302335383857,-0.12051815880698537,0.01773268509677334,0.9911728475568792,False
GUT_GENOME025761_3,GUT_GENOME025761_00119,19275,0.061864893074848985,0.060218394244384424,0.06034314477711439,0.0026515862500520134,0.4387771656704101,0.06020586815747609,0.47935537907643877,0.0016464988304645614,-0.08342069358431563,0.00013727661963829768,-0.120750750846036,0.02153975594796974,0.9892879095209912,False
GUT_GENOME025761_3,GUT_GENOME025761_00120,19788,0.06294186291516041,0.059853792628735455,0.060027988414474986,0.002516572392362425,0.38600944827563344,0.06018547650035837,0.5249496779908925,0.0030880702864249515,-0.022912101982313842,-0.00015748808588338103,-0.12444598371369434,0.016011767279717027,0.9920260780957162,False
GUT_GENOME025761_3,GUT_GENOME025761_00120,19840,0.059671884983867024,0.05949309998895429,0.05954473690586239,0.0024929594239637104,0.49314828134718885,0.060166951951996415,0.59854736535443,0.0001787849949127368,-0.14502658672046076,-0.0006222150461340226,-0.13027189945542422,0.03800347864351149,0.9811776556576791,False
GUT_GENOME025761_3,GUT_GENOME025761_00120,19867,0.05797524624981572,0.05888916477807145,0.058879789861023865,0.0025852587435505918,0.5351378321506737,0.06014112466587031,0.6871878905141396,-0.0009139185282557305,-0.19089177845417252,-0.0012613348048464423,-0.1382840403071732,0.055562146885072786,0.972601271743331,False
GUT_GENOME025761_3,GUT_GENOME025761_00122,21903,0.05705901790805124,0.05855401323292067,0.05846880100551218,0.002722138706923605,0.5579311857390812,0.06013838889939793,0.7301731733898166,-0.001494995324869429,-0.21528192465908172,-0.0016695878938857503,-0.1434019876213578,0.0669104371386746,0.9670982183035264,False
GUT_GENOME025761_3,GUT_GENOME025761_00123,22298,0.058294834323080816,0.05841030525520755,0.05837728481692104,0.002729496323590543,0.504357030779763,0.06016612577966861,0.743886511062392,-0.00011547093212673637,-0.15737769955783174,-0.001788840962747569,-0.14489696938604166,0.045762872055374645,0.9773783587645093,False
GUT_GENOME025761_3,GUT_GENOME025761_00123,22523,0.0585208380295231,0.057153567237273384,0.05728503587298467,0.0027329044110044535,0.4488466198735321,0.060266690624787435,0.8623680700700906,0.001367270792249714,-0.09514102507278441,-0.002981654751802766,-0.15985033604000382,0.03460394458400233,0.9828468473036742,False
GUT_GENOME025761_3,GUT_GENOME025761_00123,22592,0.05789528055494726,0.056067663172154066,0.056329837040135854,0.0027262697960816922,0.43009150774921723,0.0604008940974216,0.9323167450541572,0.0018276173827931966,-0.07581841450956936,-0.0040710570572857485,-0.17350731440245373,0.03585322012989681,0.9822331157377406,False
GUT_GENOME025761_3,GUT_GENOME025761_00123,22698,0.05727518884967048,0.0558330978139151,0.0561951689992651,0.0028019451720100023,0.44448637714106676,0.06040702290378084,0.9336048775475304,0.0014420910357553773,-0.09200051647078077,-0.004211853904515742,-0.17527237354217043,0.03918449995799653,0.9805984308314128,False
GUT_GENOME025761_3,GUT_GENOME025761_00123,22700,0.05763291612374297,0.05424621085468926,0.05473561759007345,0.0026460427852830915,0.3723441978848369,0.060660853847022196,0.9874312167422105,0.0033867052690537067,-0.01037718244902173,-0.005925236256948747,-0.19675169811860127,0.038818916628133485,0.9807776924344781,False
GUT_GENOME025761_3,GUT_GENOME025761_00123,22762,0.058493059762617594,0.05373156707727211,0.0541216468239133,0.002600355399259549,0.3244094214653612,0.060672483570730636,0.994119046378603,0.004761492685345481,0.04732821256835567,-0.0065508367468173345,-0.20459435854870336,0.04409881125487085,0.9781919056724963,False
GUT_GENOME025761_3,GUT_GENOME025761_00124,23790,0.052009508111272286,0.0516091823603894,0.05179499044042112,0.002528169763932768,0.4832494710170663,0.06123539725855019,0.9999058014601011,0.00040032575088288364,-0.13572762407052003,-0.00944040681812907,-0.24081862183699476,0.0764155965592979,0.9625129115818795,False
GUT_GENOME025761_3,GUT_GENOME025761_00124,24528,0.052581022919651686,0.0520984476227756,0.05222640067982591,0.002450110580691033,0.4795109798716049,0.06135319538311205,0.9999023633684012,0.0004825752968760852,-0.13227527755840274,-0.009126794703286138,-0.2368871138485724,0.07361225376065897,0.9638629843596807,False
GUT_GENOME025761_3,GUT_GENOME025761_00126,26432,0.05107967551192179,0.05304396585858523,0.053103281217803354,0.0023877337268717966,0.5881716382429527,0.06156258863715235,0.9998020625323732,-0.0019642903466634415,-0.23498013711825425,-0.008459307419349,-0.22851935168388846,0.10743675893413826,0.9476989604105535,False
GUT_GENOME025761_3,GUT_GENOME025761_00126,26637,0.04934036831499469,0.05320964521137732,0.05317332364888484,0.0024221251537712265,0.6733571927385094,0.061552302383353956,0.9997292596433219,-0.0038692768963826257,-0.3149401367892187,-0.008378978734469113,-0.227512334252617,0.15094915199788633,0.9273033059945379,False
GUT_GENOME025761_3,GUT_GENOME025761_00129,29435,0.04928552467763168,0.05328473432963856,0.0531802245345389,0.0027008022212497186,0.6749937264512703,0.06155198995228459,0.9990315237565621,-0.003999209652006883,-0.32039394070111227,-0.008371765417745695,-0.22742190658423647,0.15437300083239702,0.9257171908647809,False
GUT_GENOME025761_3,GUT_GENOME025761_00129,29566,0.04993717521581387,0.05307134128873614,0.05303414850869608,0.0028120148644247105,0.6371949935836838,0.06157518285650858,0.9988066043017924,-0.003134166072922273,-0.2840845587219211,-0.008541034347812497,-0.22954389779328982,0.13339443751836494,0.9354784037722728,False
GUT_GENOME025761_3,GUT_GENOME025761_00129,29642,0.049485472874587155,0.051904643344385056,0.05186546125812787,0.002570446274507228,0.6054138706753796,0.06159515655003435,0.9999232125466673,-0.0024191704697979002,-0.2540732979080358,-0.009729695291906482,-0.2444452035020048,0.12430669822500204,0.9397387676350994,False
GUT_GENOME025761_3,GUT_GENOME025761_00129,29656,0.04938890040573348,0.05137142825535378,0.0513315225730417,0.0025483958537702973,0.5858214461957313,0.061465894470501055,0.9999650704562122,-0.0019825278496202955,-0.235745638969511,-0.010134371897459353,-0.24951831526063561,0.11783539594364897,0.9427843590290342,False
GUT_GENOME025761_3,GUT_GENOME025761_00130,30459,0.048969619229492244,0.050999821894317295,0.050925004613581216,0.002534001585599641,0.5852767360097743,0.06124889191693811,0.9999769080478504,-0.002030202664825051,-0.2377467440212225,-0.010323887303356892,-0.2518941205849562,0.11997416227796115,0.9417767001879602,False
GUT_GENOME025761_3,GUT_GENOME025761_00131,31532,0.04946468725778078,0.050788916874461805,0.050797416566718864,0.002507138365758637,0.5553073683161726,0.06113235643167359,0.99998123689983,-0.001324229616681022,-0.20811419637639655,-0.010334939864954727,-0.25203267784138167,0.10683198943329103,0.9479855734556971,False
GUT_GENOME025761_3,GUT_GENOME025761_00132,32817,0.050523708280638326,0.05029756934471622,0.050441531506708624,0.0025268169896297417,0.4905021267392048,0.06106009974812382,0.9999867920595177,0.00022613893592210443,-0.143038950058099,-0.010618568241415195,-0.2555883033259267,0.08578552203074924,0.9580141210201456,False
GUT_GENOME025761_3,GUT_GENOME025761_00134,33947,0.04883766796811192,0.05010396482040804,0.05009460675348653,0.0024815772475570114,0.5561898584693368,0.06105944897178312,0.9999950305225286,-0.0012662968522961227,-0.20568252365837264,-0.010964842218296592,-0.2599292673444048,0.10986852456067608,0.9465473697739422,False
GUT_GENOME025761_3,GUT_GENOME025761_00137,35717,0.04619845509326637,0.05024662233539408,0.050046900451705935,0.00246920903999379,0.6801643333040643,0.061063866145443964,0.9999959351351874,-0.004048167242127705,-0.3224488890106052,-0.011016965693738029,-0.26058269828786496,0.17187662867115805,0.9176508353757872,False
GUT_GENOME025761_3,GUT_GENOME025761_00137,35803,0.046024398427540435,0.050230576940909565,0.05011706010270784,0.0022148750438933046,0.6877007201602666,0.06105928719223108,0.9999996100598378,-0.00420617851336913,-0.32908126192596016,-0.010942227089523242,-0.25964575929346057,0.17571039726986004,0.9158934897493948,False
GUT_GENOME025761_3,GUT_GENOME025761_00137,35816,0.046421150704101265,0.049953445951840515,0.04986205909643096,0.0021802613481558823,0.656943316036116,0.06102855677425376,0.9999998485492178,-0.0035322952477392505,-0.3007956523997529,-0.011166497677822802,-0.26245726295590516,0.15936183938089815,0.9234109416334642,False
GUT_GENOME025761_3,GUT_GENOME025761_00137,35827,0.04557019517090137,0.04997844933970436,0.049835234987514514,0.002248921926513589,0.6950538501167792,0.061012057651698995,0.9999996649902638,-0.004408254168802993,-0.33756319548312014,-0.011176822664184481,-0.26258669917485233,0.18290068552831956,0.9126066325496403,False
GUT_GENOME025761_3,GUT_GENOME025761_00137,35831,0.04706118411558085,0.05026540730895375,0.050180889088277246,0.002088092372561339,0.6424826862109174,0.060954579574117075,0.9999998762512078,-0.0032042231933729,-0.28702513976119753,-0.01077369048583983,-0.25753294868327486,0.14870665051243726,0.9283436286373918,False
GUT_GENOME025761_3,GUT_GENOME025761_00137,35847,0.046560103550430006,0.05043430008065508,0.050307291297033,0.002095037091324959,0.6736713728364265,0.0609989039854479,0.9999998331135499,-0.0038741965302250755,-0.31514663374347884,-0.010691612688414898,-0.2565040040061541,0.1651117048310355,0.9207600097499693,False
GUT_GENOME025761_3,GUT_GENOME025761_00137,35851,0.04748677612554467,0.05070245438275159,0.05056182673283657,0.0020579787693572704,0.645150501733845,0.06098041694429591,0.9999997931413087,-0.003215678257206915,-0.2875059551772086,-0.010418590211459335,-0.25308133632730107,0.14670983705957158,0.9292709560085757,False
GUT_GENOME025761_3,GUT_GENOME025761_00137,35852,0.047619009973771574,0.05078742019503779,0.05061801837381836,0.0020541078709826865,0.6454654403644245,0.06097361174894562,0.9999997689390369,-0.003168410221266217,-0.2855219242984486,-0.010355593375127259,-0.2522915946254891,0.1451738179737611,0.9299849191008754,False
GUT_GENOME025761_3,GUT_GENOME025761_00137,35887,0.05012122270957646,0.05101851926995415,0.050936783029307375,0.0020597525233359442,0.5404306475194834,0.06101015932510261,0.9999994972934036,-0.0008972965603776875,-0.19019408715222869,-0.010073376295795237,-0.24875366146108072,0.09805217487796351,0.952156290055387,False
GUT_GENOME025761_3,GUT_GENOME025761_00137,35950,0.05135671874429436,0.051287979777728435,0.051242207795522125,0.0020020275953234815,0.4969921442733008,0.06105702605520646,0.9999995267300548,6.873896656592327e-05,-0.14964566415788377,-0.009814818259684333,-0.24551232308054677,0.08267012558566092,0.959507580791466,False
GUT_GENOME025761_3,GUT_GENOME025761_00138,36953,0.050724809954006654,0.05156251932937277,0.05146482381025819,0.00207366083821366,0.5370311810336238,0.061048198995183885,0.9999980949090602,-0.0008377093753661191,-0.18769297170098254,-0.009583375184925698,-0.24261090360657547,0.09408870217474488,0.9540450837151798,False
GUT_GENOME025761_3,GUT_GENOME025761_00139,37462,0.051869214969178346,0.05145717275594787,0.05146568671915311,0.002141483771776835,0.48192447569863,0.06104962291841582,0.9999961860781053,0.0004120422132304763,-0.1352358367003696,-0.009583936199262712,-0.24261793660129474,0.07715219468871891,0.9621584842484061,False
GUT_GENOME025761_3,GUT_GENOME025761_00142,39456,0.05216589794914037,0.05125919682263506,0.051322756906149736,0.0022105537010796454,0.4613170357878955,0.061057206109253415,0.9999946771513398,0.000906701126505316,-0.11447299900551743,-0.009734449203103679,-0.2445047995410717,0.07288666449993686,0.9642127321142776,False
GUT_GENOME025761_3,GUT_GENOME025761_00144,40366,0.0512148439871052,0.05126832934820823,0.051287259878076336,0.0022248643172934728,0.502288264653538,0.061176417748246455,0.9999956020609145,-5.348536110302837e-05,-0.15477591413347225,-0.009889157870170119,-0.24644426020493831,0.08469035698381132,0.9585388564649205,False
GUT_GENOME025761_3,GUT_GENOME025761_00144,40456,0.050688740539288485,0.05176851677656561,0.0518000875792259,0.0026457713889301523,0.5458371634212463,0.06126812030726852,0.99982724899176,-0.001079776237277126,-0.19785349813703992,-0.00946803272804262,-0.2411649461030932,0.09730653795397151,0.9525113376790674,False
GUT_GENOME025761_3,GUT_GENOME025761_00144,40512,0.05144278341844958,0.051363409864050635,0.051432041816899095,0.002405795014906973,0.4967390953197516,0.061357594017119474,0.9999815183476128,7.937355439894406e-05,-0.14919928744212452,-0.00992555220022038,-0.2469005072456419,0.08322028785139296,0.9592436746586115,False
GUT_GENOME025761_3,GUT_GENOME025761_00146,42404,0.0519032291801656,0.05151618360755535,0.05155176875455064,0.0024236749638907994,0.48443942177663024,0.06144709939381865,0.99997774988626,0.00038704557261024647,-0.1362850469302599,-0.009895330639268007,-0.24652164334758633,0.0793465346555777,0.9611034117429683,False
GUT_GENOME025761_3,GUT_GENOME025761_00146,42885,0.05130156334055761,0.05160828806508413,0.051577145784568665,0.002425367073914137,0.5125607242379678,0.06152154796715745,0.9999793571057228,-0.00030672472452651645,-0.16540539570067928,-0.009944402182588782,-0.24713681462267073,0.0884355500687386,0.9567455794826537,False
GUT_GENOME025761_3,GUT_GENOME025761_00147,43392,0.0514635278277095,0.05204409230938201,0.051986556522403735,0.0023634375659492006,0.5236713496520145,0.06153900964375322,0.999973474515416,-0.0005805644816725131,-0.1768995592130246,-0.009552453121349488,-0.2422232580590517,0.08996556079450435,0.9560139438716995,False
GUT_GENOME025761_3,GUT_GENOME025761_00148,43756,0.0525267411055544,0.052946324732101945,0.05288422460206205,0.0023564153580508122,0.5166224157600091,0.061574391797762744,0.9998869330172999,-0.00041958362654754416,-0.1701425408368468,-0.008690167195700697,-0.2314134588053135,0.08250067311865661,0.9595888796988298,False
GUT_GENOME025761_3,GUT_GENOME025761_00148,43944,0.05275290074897658,0.05331388659801505,0.05322733571756961,0.002527678145629338,0.5225122138914388,0.06159447493164815,0.9995338658768944,-0.0005609858490384714,-0.17607776471835657,-0.008367139214078542,-0.22736391151385282,0.08269772748709203,0.9594943387660088,False
GUT_GENOME025761_3,GUT_GENOME025761_00148,43950,0.052926258117293984,0.0533088510776351,0.053263548858029294,0.002534491467859351,0.5154353338098595,0.061597963427976875,0.9994962020752844,-0.00038259296034111323,-0.16858989278369862,-0.00833441456994758,-0.22695366843416953,0.07993051956454596,0.960822817766416,False
GUT_GENOME025761_3,GUT_GENOME025761_00148,44645,0.05342788675717824,0.05316991212021107,0.05315523788593348,0.002632271645231413,0.4895675187293296,0.06152091178795813,0.9992588318474088,0.0002579746369671676,-0.14170267676763224,-0.008365673902024647,-0.22734554205115426,0.0717656440936452,0.9647533346811046,False
GUT_GENOME025761_3,GUT_GENOME025761_00150,47154,0.05515573516797261,0.0547058922761738,0.05488811012214658,0.0026863560242949757,0.48247423903154496,0.06115624465830102,0.9901843832136863,0.00044984289179881426,-0.13364918914827423,-0.006268134536154442,-0.20105034367503538,0.05828334645184102,0.9712788505107083,False
GUT_GENOME025761_3,GUT_GENOME025761_00151,47441,0.05596511637456552,0.05658923135569705,0.05665640072390646,0.0022707357894405436,0.523825842295671,0.06106850258427241,0.9739935761824169,-0.0006241149811315322,-0.17872755003160903,-0.004412101860365954,-0.17778272438905862,0.06355023423149729,0.9687244071244362,False
GUT_GENOME025761_3,GUT_GENOME025761_00151,47586,0.05578275736283059,0.056077737548869355,0.05604709704187252,0.0021768589089253155,0.5111038598827639,0.06105100023830381,0.9892384566176449,-0.00029498018603876797,-0.16491242986123308,-0.005003903196431285,-0.18520167145832334,0.061495768633692854,0.9697200238860794,False
GUT_GENOME025761_3,GUT_GENOME025761_00152,48998,0.05418039368920193,0.055992212969569265,0.05594474248525158,0.0021534484171262464,0.5671878444504161,0.06107444548882921,0.9913926016119275,-0.0018118192803673328,-0.22858030903932863,-0.005129703003577631,-0.1867787245226973,0.08713524961484063,0.9573678100880536,False
GUT_GENOME025761_3,GUT_GENOME025761_00153,49544,0.05400377982835026,0.056073416747639264,0.05599721637099628,0.0021212138938880164,0.5761453438523492,0.06104723702570462,0.9913606276836431,-0.0020696369192890057,-0.23940195936876782,-0.005050020654708345,-0.18577980969674185,0.09182743584056277,0.9551243687524846,False
GUT_GENOME025761_3,GUT_GENOME025761_00153,50006,0.054642536517035385,0.055820267273681695,0.05576696857154978,0.002024796117824086,0.543153185126811,0.06108363913976552,0.9956774752364324,-0.00117773075664631,-0.20196504597851106,-0.005316670568215741,-0.18912258956859565,0.07655723368223358,0.9624447502156606,False
GUT_GENOME025761_3,GUT_GENOME025761_00153,50021,0.054306234237791885,0.056373339760572856,0.05630933980456355,0.001871922984361728,0.5757408834420834,0.06110884265461979,0.9948254652405039,-0.002067105522780971,-0.23929570640652018,-0.004799502850056245,-0.18263926536309885,0.09061953635696794,0.9557013900967838,False
GUT_GENOME025761_3,GUT_GENOME025761_00153,50133,0.0544264854090759,0.057417837803341955,0.05733546959256464,0.0018831761887807101,0.6083473088525883,0.061130672747538264,0.9780644490725949,-0.002991352394266053,-0.27809009030950954,-0.003795203154973621,-0.17004915137478888,0.10625081221163703,0.9482610872952248,False
GUT_GENOME025761_3,GUT_GENOME025761_00156,51928,0.054888711732458746,0.057744482198141905,0.05766747901010429,0.0018878631758208024,0.6033535641777916,0.06113090772891134,0.9667157409153825,-0.0028557704656831592,-0.27239916773240525,-0.003463428718807046,-0.16588995667404688,0.1017207843066242,0.9504113461524367,False
GUT_GENOME025761_3,GUT_GENOME025761_00156,52275,0.055851606411202445,0.05742821157085185,0.05738593262216136,0.0018690894185795896,0.5564589493339311,0.06114506032347463,0.9778482575411335,-0.0015766051596494066,-0.21870741990109085,-0.0037591277013132723,-0.16959690183614254,0.07659604463221023,0.9624260736993465,False
GUT_GENOME025761_3,GUT_GENOME025761_00156,52278,0.05627382370751281,0.05750673633128108,0.057479138387993574,0.0018824053293584103,0.5444864818054928,0.06114984701825738,0.9744125178666919,-0.0012329126237682689,-0.20428125239874298,-0.003670708630263808,-0.1684884616078881,0.07011919177659172,0.9655478718597631,False
GUT_GENOME025761_3,GUT_GENOME025761_00156,52279,0.055814731125811354,0.057420977073392096,0.05737415827672111,0.001960653581317865,0.5588014684608205,0.06113060555949778,0.9723120964916896,-0.0016062459475807422,-0.21995156379994732,-0.0037564472827766662,-0.16956329954085408,0.0771304029692237,0.9621689678494193,False
GUT_GENOME025761_3,GUT_GENOME025761_00156,52732,0.05579893615267094,0.05780016539249715,0.057726323143529996,0.0019715279163035997,0.5732521321846603,0.06111852393602185,0.9573378162785929,-0.0020012292398262146,-0.2365306120471069,-0.003392200792491855,-0.16499702828240237,0.08317074977740288,0.9592674344949293,False
GUT_GENOME025761_3,GUT_GENOME025761_00157,53359,0.055456137972079995,0.05762699677091469,0.057531094770575136,0.0019521496120361195,0.5796046208364406,0.06111721056255846,0.96689569337517,-0.0021708587988346975,-0.2436506515479126,-0.003586115791983327,-0.16742798784516502,0.08739777111360306,0.9572421535189362,False
GUT_GENOME025761_3,GUT_GENOME025761_00158,54419,0.05472755558606945,0.0572949500301181,0.05720447818852011,0.0018860145529647323,0.5954022865444345,0.061154962788333066,0.9818976258558195,-0.0025673944440486526,-0.26029485833536076,-0.003950484599812953,-0.17199579250230193,0.09733596591432042,0.9524973225492382,False
GUT_GENOME025761_3,GUT_GENOME025761_00158,54629,0.054695956919593974,0.05832309240822806,0.058258459950068384,0.002154951920180831,0.632601966254769,0.06116857062037414,0.9115608751826191,-0.003627135488634088,-0.3047764813624893,-0.002910110670305756,-0.1589534442599439,0.11815490103379889,0.9426337588579231,False
GUT_GENOME025761_3,GUT_GENOME025761_00158,54630,0.053563556221326386,0.059007435325125965,0.058734086819172575,0.002264891387063639,0.6928675533019597,0.06117268079157447,0.8591914049868923,-0.005443879103799579,-0.38103256773342636,-0.002438593972401898,-0.15304241092689813,0.16860779721584568,0.9191518846687605,False
GUT_GENOME025761_3,GUT_GENOME025761_00160,56847,0.05190959376086422,0.059086900339589035,0.05876497607231071,0.0022674736444370323,0.7543212497061986,0.061248971325078255,0.8633490410257378,-0.0071773065787248125,-0.4537915383125595,-0.0024839952527675457,-0.1536115710071187,0.2295232749913542,0.8915786374974077,False
GUT_GENOME025761_3,GUT_GENOME025761_00160,57626,0.05137625327676876,0.05918229379480961,0.0588467673574259,0.0022003411152291263,0.7827101088987789,0.06161745798595424,0.8960226802928315,-0.0078060405180408535,-0.4801820477826897,-0.0027706906285283397,-0.15720564504539947,0.2552884138469174,0.8801664805816738,False
GUT_GENOME025761_3,GUT_GENOME025761_00160,57819,0.05146593542698261,0.058841767308846514,0.058532818574281685,0.0021417407460595345,0.7660064594716847,0.06168381261640528,0.9293855874527353,-0.007375831881863901,-0.46212444920687507,-0.0031509940421235935,-0.161973209300125,0.23979432708573975,0.8870116491625278,False
GUT_GENOME025761_3,GUT_GENOME025761_00160,57839,0.05147255102569859,0.05838578802320178,0.05811522420335281,0.0020496552849739672,0.7511011197230131,0.06175604027138468,0.9621587962872475,-0.006913236997503194,-0.4427074686477606,-0.00364081606803187,-0.16811372210757214,0.22425212635736994,0.8939315585431153,False
GUT_GENOME025761_3,GUT_GENOME025761_00160,57863,0.051715645899727776,0.056919690248054156,0.05673451660800429,0.001947113248214784,0.6955582935613029,0.061874796173443034,0.995854074116416,-0.00520404434832638,-0.37096573184340403,-0.005140279565438742,-0.18691131454546422,0.17255141370722582,0.9173412790736905,False
GUT_GENOME025761_3,GUT_GENOME025761_00161,58560,0.051524471238279836,0.05569245704372787,0.05554371101946952,0.0020359879207514967,0.6592765766935593,0.06199262389303892,0.9992311190265942,-0.004167985805448034,-0.32747815931441976,-0.0064489128735693985,-0.20331661925573663,0.14857959249354266,0.9284026072619528,False
GUT_GENOME025761_3,GUT_GENOME025761_00163,60742,0.05181422043295484,0.055645296405728364,0.0555134066353223,0.0020517774231129295,0.6482058133627485,0.062053734983079055,0.999282805679594,-0.0038310759727735247,-0.31333668933198366,-0.006540328347756752,-0.20446262302926113,0.13998484509753378,0.9324008851014167,False
GUT_GENOME025761_3,GUT_GENOME025761_00163,60814,0.052322566770790314,0.05478296819031464,0.05471727767597096,0.0020111938328987214,0.5965812451369731,0.06212267288025736,0.9998843348067445,-0.002460401419524326,-0.2558039278314043,-0.0074053952042863955,-0.2153072846223538,0.11179287630542557,0.9456370627406466,False
GUT_GENOME025761_3,GUT_GENOME025761_00164,60963,0.055061841067367785,0.054959228665122234,0.05502788371030484,0.0021859126565734045,0.4960380664796479,0.062293621072087794,0.9995561469998998,0.00010261240224555129,-0.14822385889306613,-0.007265737361782952,-0.21355650428747064,0.06757669286863605,0.9667761045943412,False
GUT_GENOME025761_3,GUT_GENOME025761_00164,61213,0.05664599045375844,0.056165854444177814,0.05623848682671063,0.002219238431605714,0.4818672371229451,0.06236413258286663,0.997112114393165,0.000480136009580627,-0.13237766432400536,-0.006125645756156005,-0.19926407410727656,0.05723001724170925,0.9717905234311025,False
GUT_GENOME025761_3,GUT_GENOME025761_00165,62187,0.05700875502883989,0.05764116324157415,0.05762220773954151,0.0022466294508221973,0.5239797313896191,0.06245092416797827,0.9841953170207689,-0.0006324082127342617,-0.1790756505451393,-0.004828716428436755,-0.1830054929778417,0.06555909907822771,0.967751877422562,False
GUT_GENOME025761_3,GUT_GENOME025761_00166,63676,0.056598088034285274,0.05757671694794165,0.05755253042874893,0.002242379445342588,0.5371903932775725,0.06247919548599766,0.9859922835109317,-0.000978628913656375,-0.19360793537197662,-0.00492666505724873,-0.18423339776341466,0.07142597749045204,0.9649171958393067,False
GUT_GENOME025761_3,GUT_GENOME025761_00167,64380,0.057029955774227564,0.05784489596319413,0.05777344675996764,0.002194955572682353,0.5311183102835132,0.06256962258177945,0.9855588816759173,-0.0008149401889665647,-0.1867372567447353,-0.004796175821811813,-0.18259755703136799,0.06821267089037286,0.9664687292906845,False
GUT_GENOME025761_3,GUT_GENOME025761_00167,64559,0.05596999881371092,0.05866676011414966,0.05849145846906619,0.0023446425894170235,0.6035007579873672,0.06275778412699844,0.9655904842133398,-0.0026967613004387422,-0.26572490916480634,-0.004266325657932245,-0.17595524299639292,0.10156997488856426,0.9504830143454778,False
GUT_GENOME025761_3,GUT_GENOME025761_00167,64864,0.05539231478133077,0.05881774746312449,0.05855813348248739,0.002416995634625551,0.6311092935981218,0.06277511223716807,0.9594831225794093,-0.003425432681793718,-0.29631019777063605,-0.004216978754680682,-0.17533661975081266,0.11854266352851453,0.9424510175645816,False
GUT_GENOME025761_3,GUT_GENOME025761_00167,64868,0.05559733570855474,0.05879125276872973,0.058662559107990585,0.002475986487561344,0.6234400846348854,0.0627914493763383,0.9522998214718739,-0.0031939170601749875,-0.28659254961653985,-0.004128890268347722,-0.17423232380268094,0.11249219215339111,0.9453064710488182,False
GUT_GENOME025761_3,GUT_GENOME025761_00167,64992,0.05575332492509711,0.05894366394931155,0.058812796981427815,0.0023799129680295208,0.6227276748194921,0.06285070799126381,0.9551198333344125,-0.0031903390242144433,-0.28644236495813896,-0.004037911009835998,-0.17309178852138696,0.11200999569634422,0.9455344102411634,False
GUT_GENOME025761_3,GUT_GENOME025761_00167,65054,0.05663508753714047,0.05897452219909568,0.058861734322240934,0.0023487935400693114,0.5886625095756528,0.06313218920029877,0.9654792619068802,-0.0023394346619552073,-0.2507264631653938,-0.004270454878057835,-0.17600700777568992,0.09384222611757936,0.9541626655956067,False
GUT_GENOME025761_3,GUT_GENOME025761_00167,65122,0.05606715921379608,0.05838998201111071,0.05817594075091754,0.0023027349399331047,0.590280016132915,0.0633638074573389,0.9878677540297698,-0.002322822797314626,-0.250029195937239,-0.005187866706421358,-0.1875078770379975,0.09767380277231903,0.9523364417861325,False
GUT_GENOME025761_3,GUT_GENOME025761_00167,65333,0.05575046800121355,0.05893426876972255,0.05868258195225874,0.0024519121163389303,0.6207786359380099,0.06368667917648706,0.9793694090131254,-0.003183800768509,-0.28616792788973394,-0.0050040972242283155,-0.18520410383193997,0.11619264302889597,0.9435590580221259,False
GUT_GENOME025761_3,GUT_GENOME025761_00167,65421,0.056256379869312194,0.05927467328800729,0.05895810359887146,0.0025048699139915056,0.6111609953177481,0.06398262088790149,0.9775665137842361,-0.0030182934186950977,-0.2792209142015729,-0.005024517289030035,-0.18546009409536543,0.11235976542942394,0.9453690650406276,False
GUT_GENOME025761_3,GUT_GENOME025761_00167,65444,0.0580981087505628,0.059408406337332076,0.05928406549833262,0.0023695071622907376,0.5487719625957582,0.06415439949739694,0.9800808046384978,-0.001310297586769274,-0.20752941266371183,-0.004870333999064322,-0.1835272196702654,0.07675069748044305,0.9623516556098703,False
GUT_GENOME025761_3,GUT_GENOME025761_00167,65535,0.05979879078932091,0.060582808779395377,0.06048235882640291,0.0024193903747100343,0.5279275476854949,0.06432547894410381,0.9439095340867285,-0.0007840179900744648,-0.18543932683882478,-0.003843120117700903,-0.1706498485826681,0.06350911475972403,0.9687443240471363,False
GUT_GENOME025761_3,GUT_GENOME025761_00167,65602,0.05967222639870546,0.06040548637787752,0.060187748495081864,0.002567708884155929,0.5266370623760638,0.06436397112882364,0.9480718816144842,-0.0007332599791720629,-0.1833088075783853,-0.004176222633741775,-0.1748256923743984,0.06416614164999727,0.9684261307800318,False
GUT_GENOME025761_3,GUT_GENOME025761_00168,65763,0.06264959307055351,0.06032041108142061,0.060411961032364396,0.002354396774058449,0.41897054167100567,0.06463952794972856,0.9637213300037846,0.0023291819891329,-0.05476571691241202,-0.004227566917364166,-0.17546935520394935,0.0337887783646202,0.9832475207263613,False
GUT_GENOME025761_3,GUT_GENOME025761_00168,66051,0.06164904035574952,0.0604617257631911,0.06045964141021664,0.0023458968165244167,0.45670620235689974,0.06482872559101378,0.9687292155913746,0.0011873145925584208,-0.10269451550043333,-0.004369084180797143,-0.17724344563398606,0.041961402534076514,0.9792378624371197,False
GUT_GENOME025761_3,GUT_GENOME025761_00168,66525,0.062988062350015,0.06073496788773154,0.06079047077492163,0.0023594038825893444,0.4193385413589375,0.06519169307894461,0.9689370334373022,0.0022530944622834587,-0.057959418528175495,-0.004401222304022977,-0.17764633596320228,0.03491751487727515,0.9826927635959326,False
GUT_GENOME025761_3,GUT_GENOME025761_00168,66626,0.062340698786987815,0.06035420988402177,0.060408432634925326,0.0023716553014749555,0.43000349614861766,0.06574291857459905,0.9877522421111915,0.0019864889029660437,-0.06914993346301336,-0.005334485939673721,-0.18934592684381168,0.04063359331028126,0.9798881988269134,False
GUT_GENOME025761_3,GUT_GENOME025761_00168,66846,0.06214304397061976,0.05823150976427766,0.05842350848043627,0.0027198508510094498,0.3608840177908321,0.06615743774847106,0.997769035433951,0.003911534206342097,0.011652013326181255,-0.007733929268034789,-0.21942585732718237,0.048283476278322496,0.9761473426442987,False
GUT_GENOME025761_3,GUT_GENOME025761_00169,67081,0.058737243675272895,0.05761015222127961,0.05766384102717066,0.0026762075735071744,0.4558801906239945,0.06618190048891755,0.9992709210261127,0.0011270914539932841,-0.10522232449759535,-0.008518059461746885,-0.22925587974862568,0.06362999597199358,0.9686857743224094,False
GUT_GENOME025761_3,GUT_GENOME025761_00169,67082,0.05720562485059937,0.057236540485912694,0.057225850508510326,0.002681793989242433,0.501220294274634,0.06625532675823698,0.9996199827904275,-3.09156353133222e-05,-0.15382857134672936,-0.00902947624972665,-0.235667109073624,0.0792022156616952,0.9611727669839578,False
GUT_GENOME025761_3,GUT_GENOME025761_00169,67262,0.05646926958635212,0.05725002086519366,0.05724513639816921,0.00269772730480024,0.5315411482901807,0.06609782367424027,0.9994837819265089,-0.0007807512788415363,-0.185302209739941,-0.008852687276071067,-0.2334508450031495,0.08883620596718961,0.9565539357992193,False
GUT_GENOME025761_3,GUT_GENOME025761_00169,68036,0.05627784228221442,0.05622562624710478,0.05627541805111588,0.0028593434725230197,0.4979050683742611,0.06606043315516835,0.9996893250285082,5.221603510963818e-05,-0.15033919850016175,-0.009785015104052469,-0.24513870440033236,0.08269485900074457,0.9594957149152012,False
GUT_GENOME025761_3,GUT_GENOME025761_00170,68419,0.05562176757081158,0.05337827536309223,0.053436394064076,0.003194036480096268,0.41034682135203815,0.06603242088195385,0.999959867538031,0.0022434922077193484,-0.058362464036239556,-0.012596026817877852,-0.28037814345704193,0.08201808053679893,0.9598204528740681,False
GUT_GENOME025761_3,GUT_GENOME025761_00170,68449,0.0550015904908305,0.05276618181559676,0.05296197497241144,0.0029358911426823056,0.4089767973026798,0.06597439508972189,0.9999953359085161,0.002235408675233738,-0.058701762628654765,-0.01301242011731045,-0.28559813817524565,0.08501219346487764,0.9583846224885184,False
GUT_GENOME025761_3,GUT_GENOME025761_00170,68460,0.054036776211101714,0.05294939224453788,0.05294097955973136,0.0029651545120782524,0.454222881753349,0.06581833166501626,0.9999929691044214,0.0010873839665638332,-0.10688900853915026,-0.0128773521052849,-0.2839048969287309,0.09202725064659585,0.9550289495238679,False
GUT_GENOME025761_3,GUT_GENOME025761_00170,68466,0.05259985463549312,0.05253746660460307,0.05242302789388866,0.0030525049179321883,0.4973282734916992,0.0656696857642506,0.9999928629650783,6.238803089005096e-05,-0.1499122386461015,-0.013246657870361937,-0.28853459232904405,0.10572589026637333,0.9485100014862067,False
GUT_GENOME025761_3,GUT_GENOME025761_00170,68469,0.053436218431919015,0.05320787958115882,0.05317967075709549,0.002846112550161003,0.4905549594018241,0.06563693734547116,0.9999939821719798,0.000228338850760193,-0.14294661072386294,-0.01245726658837567,-0.27863861578912524,0.09807321172631936,0.9521462749243164,False
GUT_GENOME025761_3,GUT_GENOME025761_00170,68557,0.05350588839143256,0.05239238014615329,0.05242065557690432,0.002834013859688299,0.4542111094970487,0.06559958460126118,0.9999983424945103,0.0011135082452792683,-0.10579246677207149,-0.013178929024356863,-0.28768552915031786,0.09395500970821824,0.9541088601669736,False
GUT_GENOME025761_3,GUT_GENOME025761_00171,69014,0.055019442328150946,0.052342987039517445,0.05248396577523676,0.0028093807735274333,0.3933416783029033,0.0655260222449644,0.9999982774416959,0.0026764552886335002,-0.04018925026077291,-0.013042056469727642,-0.2859696657749822,0.08339382557997806,0.9591604457852712,False
GUT_GENOME025761_3,GUT_GENOME025761_00171,69055,0.05488045907559037,0.05257654028019186,0.052690812168199916,0.0028652122660609656,0.40624310172607114,0.06552276085044766,0.9999962421184644,0.002303918795398506,-0.05582611545590171,-0.01283194868224774,-0.2833357099875258,0.08339567972103099,0.9591595565763039,False
GUT_GENOME025761_3,GUT_GENOME025761_00171,69344,0.05425550534884836,0.05340897836337828,0.0533870342732152,0.0029425697748229136,0.4644875061129196,0.06553842486487187,0.9999818236584211,0.0008465269854700808,-0.11699875137793563,-0.012151390591656666,-0.2748040894183258,0.08920599538503118,0.956377090387087,False
GUT_GENOME025761_3,GUT_GENOME025761_00172,69737,0.054341961067091105,0.05336046817804081,0.05332952810715064,0.0028983754345176796,0.4591844918414503,0.06553037061389948,0.9999872057396538,0.0009814928890502922,-0.11133368586476652,-0.01220084250674884,-0.27542402911461283,0.08825358542196161,0.956832630378353,False
GUT_GENOME025761_3,GUT_GENOME025761_00172,70159,0.055271507735382995,0.0535221960973968,0.053537935976542765,0.0028896180675222066,0.42791397235543616,0.06555087070033397,0.9999838966348659,0.001749311637986195,-0.07910522371561098,-0.012012934723791203,-0.2730683772924417,0.08082397509622416,0.9603936873950306,False
GUT_GENOME025761_3,GUT_GENOME025761_00173,70875,0.05495134716716802,0.053852493289007125,0.053754048655530955,0.0029427661689340975,0.4542218473917152,0.06561251028219496,0.9999720758296834,0.001098853878160895,-0.10640756990239861,-0.011858461626664006,-0.27113186978329756,0.08483506174472087,0.9584695064057481,False
GUT_GENOME025761_3,GUT_GENOME025761_00173,70944,0.054778979835070955,0.054071870589507576,0.053961552689826796,0.0029326550406260045,0.4703013169482644,0.06567893313674603,0.9999677190842415,0.0007071092455633796,-0.12285067848928964,-0.01171738044691923,-0.269363246190869,0.08764884760376151,0.9571219905615487,False
GUT_GENOME025761_3,GUT_GENOME025761_00173,71988,0.0546711045914803,0.05412615039683059,0.05394367750349836,0.0029816006873983987,0.4766991058148379,0.06570543065597406,0.9999600630490312,0.0005449541946497133,-0.1296569826175856,-0.011761753152475699,-0.2699195118391222,0.08966747601296694,0.9561564410943019,False
GUT_GENOME025761_3,GUT_GENOME025761_00174,72423,0.055731816877511456,0.054484214453304425,0.05439595674377983,0.0031328460984134344,0.4490695905219274,0.06580961955839089,0.9998653782878516,0.001247602424207031,-0.10016399107258546,-0.011413662814611057,-0.2655557775341102,0.0805526960893348,0.9605239635529973,False
GUT_GENOME025761_3,GUT_GENOME025761_00174,72461,0.055872620386562294,0.056671848982074946,0.05623237615787289,0.0035667592838319333,0.532452080311185,0.06590623162500334,0.9966583444610791,-0.0007992285955126521,-0.18607777754390292,-0.009673855467130447,-0.24374518361505296,0.09403665383121411,0.9540699122713802,False
GUT_GENOME025761_3,GUT_GENOME025761_00174,72976,0.05455443020436386,0.057461910352342535,0.05648474889302227,0.003613894853638985,0.6225512752909118,0.06595812972752227,0.9956212320650861,-0.002907480147978675,-0.2745696324949751,-0.0094733808345,-0.24123199109996984,0.13358135661848164,0.9353909784669954,False
GUT_GENOME025761_3,GUT_GENOME025761_00174,73241,0.054549377842887756,0.05696528851440937,0.056175645263531505,0.003648360131718726,0.6006130599498918,0.06613585291306426,0.9968337694341649,-0.0024159106715216164,-0.2539364709739362,-0.009960207649532753,-0.2473349553086008,0.1256583114082043,0.9391039005293986,False
GUT_GENOME025761_3,GUT_GENOME025761_00174,73409,0.05277957955998165,0.05714992426373865,0.056041485498524404,0.003816486448768201,0.681257019967181,0.06649741742336683,0.9969250003329295,-0.004370344703756995,-0.33597198172203024,-0.010455931924842427,-0.2535494599664039,0.17716450115148327,0.9152278296241613,False
GUT_GENOME025761_3,GUT_GENOME025761_00174,73963,0.05288960958512509,0.05745140618295137,0.056227331386681324,0.0038440313671062915,0.6900097795295034,0.06675922012707552,0.996926199163706,-0.0045617965978262814,-0.344007992994153,-0.0105318887403942,-0.25450167071650986,0.18311259964136006,0.9125099405597842,False
GUT_GENOME025761_3,GUT_GENOME025761_00174,73981,0.05202224037676308,0.056301041798111455,0.05524857679731463,0.00376546117089523,0.6811624217738362,0.06684899732261372,0.9989675782479739,-0.004278801421348372,-0.3321295394578832,-0.011600420525299089,-0.26789701180638054,0.18207883991529358,0.9129817204891463,False
GUT_GENOME025761_3,GUT_GENOME025761_00174,74371,0.05251916025170067,0.05632151563864808,0.05528928612187355,0.0037055467817782,0.6648211182352767,0.06705609219515228,0.9992519976587254,-0.003802355386947412,-0.312131170041811,-0.011766806073278728,-0.26998285632602737,0.1703166100216303,0.9183668908129118,False
GUT_GENOME025761_3,GUT_GENOME025761_00174,74378,0.052052767284570756,0.059011136334375366,0.057679385134983614,0.0036300376961434897,0.7714552800228186,0.06710850257457394,0.9953050999727674,-0.006958369049804611,-0.44460184364358574,-0.00942911743959033,-0.24067709579316954,0.25559626381071,0.8800310113983978,False
GUT_GENOME025761_3,GUT_GENOME025761_00175,75165,0.052378247364858514,0.06124033754497823,0.05903114644939106,0.0038759592158015147,0.8284564057699448,0.06717412848804692,0.9821748930778761,-0.008862090180119714,-0.5245087285378874,-0.008142982038655863,-0.22455382961928752,0.3255338287091193,0.8497892390055806,False
GUT_GENOME025761_3,GUT_GENOME025761_00175,75167,0.05197800953429525,0.06009435654963269,0.058422668360472864,0.003792701381071834,0.8125121921102825,0.0672122296413104,0.9897615713016049,-0.008116347015337436,-0.49320686804999836,-0.008789561280837542,-0.23265948413795456,0.29738345025102764,0.8618347559528424,False
GUT_GENOME025761_3,GUT_GENOME025761_00175,75173,0.0515351720423337,0.06038471709360359,0.05858233809302344,0.0037767886427090185,0.8262344862911052,0.06729582593626168,0.9894758106206244,-0.008849545051269884,-0.5239821586789808,-0.008713487843238242,-0.23170581138912538,0.32824488564537757,0.8486381058733276,False
GUT_GENOME025761_32,GUT_GENOME025761_01113,3632,0.055809513069289336,0.05326585940538512,0.052994946395490364,0.0030290623968300787,0.3988846955883079,0.06368910354955208,0.999792626043786,0.002543653663904216,-0.04576347222639384,-0.010694157154061718,-0.25653590196718074,0.0679049643883309,0.9666174350858376,False
GUT_GENOME025761_32,GUT_GENOME025761_01113,3675,0.05571068356467779,0.05286147182286194,0.05287490446407043,0.0027221408581224516,0.38752440035531854,0.06342383823506732,0.9999467389345581,0.002849211741815849,-0.0329379623492368,-0.010548933770996895,-0.25471535083537566,0.06596481931490826,0.9675555790734104,False
GUT_GENOME025761_32,GUT_GENOME025761_01113,3857,0.05537261246142882,0.05443532915342092,0.05431996257995202,0.002702744604741134,0.4623194796379421,0.06268985238274151,0.9990219279621857,0.000937283308007901,-0.11318934100633389,-0.008369889802789486,-0.22739839347732976,0.06452185627351863,0.9682539044280845,False
GUT_GENOME025761_32,GUT_GENOME025761_01113,3887,0.05400126620395032,0.054311830488321576,0.05413739721943864,0.002589356094904401,0.5125562459261375,0.06233801807025873,0.9992300314510952,-0.000310564284371255,-0.165566557575532,-0.008200620850820094,-0.22527640199370086,0.07816174228263946,0.9616729344137611,False
GUT_GENOME025761_32,GUT_GENOME025761_01114,4204,0.05833471150077107,0.05405698596790825,0.054164117597006484,0.0026217429661950396,0.33763577720369775,0.0621814745464829,0.9988859970681577,0.004277725532862819,0.027022546179771883,-0.008017356949476417,-0.22297896685640406,0.05044983766238724,0.9750905711307415,False
GUT_GENOME025761_32,GUT_GENOME025761_01116,4880,0.05929421058020991,0.05597955210127008,0.05599166639958668,0.0025482504941999854,0.37455494866772876,0.06204996051103056,0.9912831885558879,0.0033146584789398303,-0.013401277981165414,-0.006058294111443881,-0.19841973960396275,0.039549987316032854,0.980419249039192,False
GUT_GENOME025761_32,GUT_GENOME025761_01118,6197,0.059589849029967716,0.05484807457351455,0.05501914707766197,0.002447201532895826,0.33201634510245703,0.062128017611113556,0.9981631352681563,0.004741774456453164,0.04650055865343744,-0.007108870533451585,-0.2115899884562435,0.04693262516999503,0.9768068802133404,False
GUT_GENOME025761_32,GUT_GENOME025761_01118,6966,0.06045386055145287,0.05553651695230332,0.055654953633236796,0.0023227117150224122,0.3213313120417724,0.06195600701558324,0.9966641365095487,0.004917343599149547,0.05386990653376957,-0.006301053382346447,-0.20146302131294594,0.043489315786497576,0.9784900528668832,False
GUT_GENOME025761_32,GUT_GENOME025761_01119,8130,0.06045602639692894,0.05528500323651901,0.05544063321198495,0.0022445775589678735,0.3174986945693985,0.061688844445484704,0.9973127928391818,0.005171023160409925,0.06451786498675727,-0.006248211233499758,-0.20080058092724778,0.044483428203169625,0.9780038091665468,False
GUT_GENOME025761_32,GUT_GENOME025761_01127,11883,0.058303924471866435,0.0551215485431569,0.05521838926123672,0.002174497497332415,0.3818058172365851,0.061616482889068465,0.9983712477243399,0.003182375928709534,-0.018953712288089022,-0.0063980936278317455,-0.20267953841246866,0.041438238500591015,0.9794940469572179,False
GUT_GENOME025761_33,GUT_GENOME025761_01146,11666,0.06254680789153039,0.055665787508633456,0.05621960365482806,0.002971631572043862,0.2664541226585786,0.06243004738264894,0.9816870754145353,0.006881020382896931,0.13629337299103522,-0.006210443727820883,-0.200327119465615,0.05870683831466423,0.9710732079386039,False
GUT_GENOME025761_33,GUT_GENOME025761_01146,11757,0.06258584334526944,0.056722283813514116,0.05705531142477,0.002810006828606524,0.2971059794490676,0.06238198182749182,0.9709940266287608,0.005863559531755325,0.09358642089497195,-0.00532667040272182,-0.1892479496149167,0.04457320460938089,0.9779599093182229,False
GUT_GENOME025761_34,GUT_GENOME025761_01169,4827,0.07501597876940193,0.06679498075615005,0.06894374965144001,0.0060731448135538805,0.25730608203646654,0.061002529690317865,0.0955051845062212,0.008220998013251879,0.19253766033158137,0.007941219961122147,-0.02291886191022282,0.03759602487721927,0.9813775682863758,False
GUT_GENOME025761_36,GUT_GENOME025761_01228,20323,0.05353313063053223,0.05801530492854411,0.05740519217874538,0.003832366168736537,0.6773967827759689,0.06266679549996843,0.9151142773889649,-0.0044821742980118845,-0.3406659226431056,-0.005261603321223045,-0.18843225488059853,0.15155998552966524,0.9270201352625682,False
GUT_GENOME025761_37,GUT_GENOME025761_01238,10793,0.05189488007603272,0.0587720251290465,0.05887539133079598,0.0037354214081934682,0.7717346696631682,0.06292125835431074,0.8606198872242854,-0.006877145053013782,-0.4411925435844192,-0.004045867023514761,-0.17319152679632485,0.22464616546853172,0.8937554538933311,False
GUT_GENOME025761_37,GUT_GENOME025761_01238,11121,0.05084777601091934,0.058791546360393104,0.05870185338482942,0.003672291314771926,0.8027021691464007,0.06294061899730194,0.8758024592407783,-0.007943770349473765,-0.4859631265402699,-0.004238765612472523,-0.17560974442105742,0.26699894269242347,0.8750279315643252,False
GUT_GENOME025761_37,GUT_GENOME025761_01238,11130,0.04910751123889654,0.06070455775752054,0.05988251799880409,0.0035225081508417993,0.9035084789643251,0.06299374772497073,0.8114474312014294,-0.011597046518623998,-0.6393059211790332,-0.003111229726166634,-0.16147471540132508,0.4347861445685111,0.8046136358183371,False
GUT_GENOME025761_37,GUT_GENOME025761_01239,12362,0.04793489721055614,0.06183649813779528,0.06068195122374916,0.0035040590223534285,0.9480265947750289,0.06296792748921037,0.7429218064948238,-0.01390160092723914,-0.7360374019245272,-0.0022859762654612106,-0.15112916298265808,0.5645910809356468,0.754050799072954,False
GUT_GENOME025761_37,GUT_GENOME025761_01239,12363,0.04847273657475316,0.061949868368167814,0.060833529009848016,0.003510892277296618,0.9431829216441704,0.06299919988720754,0.7313310025992884,-0.013477131793414657,-0.7182207135043683,-0.00216567087735952,-0.14962098912078753,0.5382274336922068,0.7640563646277755,False
GUT_GENOME025761_37,GUT_GENOME025761_01239,12494,0.04954416961272206,0.06269747707906739,0.06165668255055203,0.00351835769742316,0.9301919488478104,0.06304957311851879,0.653907743104158,-0.013153307466345333,-0.7046284951814986,-0.0013928905679667578,-0.1399332512564682,0.516082631028949,0.772563312596823,False
GUT_GENOME025761_37,GUT_GENOME025761_01239,12951,0.05134716436327964,0.06357128780858885,0.06257458102976599,0.003607324802326273,0.9106190744018499,0.0630738689150679,0.5550415903182102,-0.01222412344530921,-0.6656268791190303,-0.0004992878853019161,-0.12873085849453036,0.45963077613447895,0.7946802964276432,False
GUT_GENOME025761_37,GUT_GENOME025761_01239,12981,0.05188613560113521,0.06369378232058766,0.06260332299204148,0.0035987883342376487,0.9030913352349896,0.0631069629749799,0.5556491056185179,-0.011807646719452447,-0.6481456644262651,-0.0005036399829384253,-0.1287854173135763,0.4366784860271966,0.8038526939949044,False
GUT_GENOME025761_37,GUT_GENOME025761_01239,13230,0.052797465928452955,0.06351020368478838,0.06262839033379772,0.003541571510194455,0.8786395040945782,0.0632807006824251,0.5730665012891127,-0.010712737756335425,-0.6021879014470572,-0.0006523103486273801,-0.1306491805506583,0.37969947702776924,0.8270834033880072,False
GUT_GENOME025761_37,GUT_GENOME025761_01239,13289,0.05199068758318933,0.0642484750400813,0.0632205051080613,0.0035214207153976885,0.9136086907763252,0.0633625419896764,0.5160870174281822,-0.012257787456891968,-0.6670398940064464,-0.00014203688161509853,-0.12425228413980535,0.46038085031009013,0.7943823177235598,False
GUT_GENOME025761_37,GUT_GENOME025761_01239,13718,0.05095672088144742,0.06562685046175527,0.06444691111869327,0.0036252162848973207,0.9532285818197798,0.06382103164841985,0.4314648048497648,-0.014670129580307854,-0.7682956616248698,0.0006258794702734272,-0.11462552187839863,0.6034172339374918,0.7395535268454554,False
GUT_GENOME025761_37,GUT_GENOME025761_01239,14138,0.05190845481898108,0.06753430004875903,0.066160661937791,0.0036854225803912024,0.9604170710134508,0.06421867700613489,0.29911872458886535,-0.015625845229777953,-0.8084109175716532,0.0019419849316561072,-0.09812654467012413,0.66315703041794,0.7177897965883446,False
GUT_GENOME025761_37,GUT_GENOME025761_01239,14477,0.0529369180446856,0.07365764982974964,0.07133752785777213,0.004488357932437061,0.9887362788284103,0.06531104947840474,0.08968600419010847,-0.020720731785064034,-1.0222639378695286,0.0060264783793673865,-0.04692246849348092,1.0472252767180372,0.5923766351559193,False
GUT_GENOME025761_37,GUT_GENOME025761_01239,14484,0.05373425267715609,0.07885506126332004,0.07497414370616186,0.005242118803093589,0.99708840519125,0.06561600849748532,0.0371159145600214,-0.025120808586163945,-1.2069529791753746,0.009358135208676538,-0.005156111840865675,1.4567620794296277,0.4826898134967281,False
GUT_GENOME025761_37,GUT_GENOME025761_01239,14553,0.05449507853364324,0.07812501037583366,0.07389146626453014,0.005543074620583297,0.9954796110551144,0.06609181584004875,0.07969913313587895,-0.02362993184219042,-1.1443748449753486,0.007799650424481386,-0.02469360764827939,1.3102035600710404,0.5193891964458721,False
GUT_GENOME025761_37,GUT_GENOME025761_01239,14730,0.05742288467386534,0.08560510101780006,0.078518962010469,0.006714851088271883,0.998693240962146,0.06696463530754554,0.04265152376996308,-0.028182216343934717,-1.335452659837227,0.01155432670292346,0.022375810540581187,1.7839344835636721,0.40984868770390304,False
GUT_GENOME025761_37,GUT_GENOME025761_01239,14772,0.05816489044858139,0.08486831916347472,0.07868388447121387,0.006620461865812176,0.9977537607771444,0.06725568678816664,0.042156311081584415,-0.026703428714893326,-1.2733819547453686,0.011428197683047231,0.020794630395599777,1.6219340193244256,0.44442809210266077,False
GUT_GENOME025761_37,GUT_GENOME025761_01239,14774,0.06021509276607615,0.08400302939348016,0.07916609321890446,0.006368306755119661,0.9926894394909307,0.06786040825027351,0.037923794177563946,-0.023787936627404006,-1.15100694564585,0.01130568496863095,0.01925878502287829,1.3251878897255462,0.5155123879552859,False
GUT_GENOME025761_37,GUT_GENOME025761_01239,14852,0.06248501344141831,0.08134500935426596,0.07735861360797464,0.006528830731425851,0.9675666247377595,0.06803995277645737,0.07674538033916715,-0.01885999591284765,-0.9441613183249935,0.009318660831517264,-0.005650971005402123,0.8914725284944935,0.6403526336771161,False
GUT_GENOME025761_37,GUT_GENOME025761_01239,15212,0.06275135122606888,0.0785818384115641,0.07438415173539484,0.006825961727253453,0.9428957834562856,0.06872263095847098,0.20343622817887974,-0.01583048718549522,-0.8170005691438548,0.005661520776923862,-0.05149765440478031,0.6701419383905768,0.7152873211856152,False
GUT_GENOME025761_37,GUT_GENOME025761_01239,15411,0.06491979466329119,0.0808853919649874,0.07684364390618015,0.006785147156824591,0.9372697604832035,0.06912032875661762,0.12750431848370486,-0.015965597301696208,-0.8226716878447019,0.0077233151495625235,-0.025650562845282006,0.6774466573555303,0.7126795998221698,False
GUT_GENOME025761_37,GUT_GENOME025761_01239,15412,0.06598079170399783,0.08018800778730874,0.07692350768946273,0.006546402525006488,0.9074106759344823,0.06935058550819574,0.12367567570211496,-0.014207216083310908,-0.7488653076032012,0.007572922181266983,-0.027535920994002108,0.5615574758766252,0.7551954130896352,False
GUT_GENOME025761_37,GUT_GENOME025761_01239,15419,0.06386145319769139,0.07861166368256359,0.07505041488258453,0.0066145858182249636,0.9143811582194521,0.06971728469878054,0.21004411183575566,-0.014750210484872198,-0.7716569814743771,0.005333130183803991,-0.05561442853137979,0.5985474617190192,0.7413564495199518,False
GUT_GENOME025761_37,GUT_GENOME025761_01239,15420,0.06361780274475252,0.0828381845080681,0.07731053735893928,0.007320597296911186,0.9687190882762124,0.07089170071789828,0.19029255884942436,-0.019220381763315572,-0.9592881718395673,0.006418836641040995,-0.04200378210642642,0.9219981143425433,0.6306532719957962,False
GUT_GENOME025761_37,GUT_GENOME025761_01239,15445,0.0658220146109717,0.07997461560178544,0.07625608137855669,0.007256997356585825,0.9087226612164343,0.07178048561653724,0.268706970344206,-0.014152600990813738,-0.7465728910091065,0.004475595762019446,-0.06636466192488756,0.5617753499420998,0.7551131488230904,False
GUT_GENOME025761_37,GUT_GENOME025761_01240,16393,0.06774431177585756,0.07304646960501282,0.07174305314841893,0.006721753603925434,0.6820399832369343,0.07204360444264991,0.5178320546593957,-0.00530215782915526,-0.3750839519410477,-0.0003005512942309829,-0.12623945443707385,0.15662437086028425,0.9246757111948801,False
GUT_GENOME025761_37,GUT_GENOME025761_01240,16483,0.06812532900883338,0.0736822350892362,0.07246850226574955,0.006633010095612078,0.6903271961768382,0.07216080127802495,0.48149996477474877,-0.005556906080402824,-0.3857767676404219,0.0003077009877246045,-0.1186142748209031,0.1628930606423808,0.9217819959234749,False
GUT_GENOME025761_37,GUT_GENOME025761_01240,16663,0.07090136577620638,0.06998174594669725,0.07076043021413825,0.0067665299922352595,0.4684185738342659,0.07219894451074038,0.5841776334081488,0.0009196198295091385,-0.11393074872659173,-0.0014385142966021336,-0.14050519999537908,0.032721926731143255,0.9837721502511872,False
GUT_GENOME025761_37,GUT_GENOME025761_01240,16664,0.0719479481137729,0.0719996215462824,0.07260176458075299,0.007144340548157789,0.5017934554175969,0.07272552882351731,0.506910689580941,-5.167343250948864e-05,-0.1546998601530572,-0.00012376424276432096,-0.12402321446356734,0.039313804457251474,0.9805350349862426,False
GUT_GENOME025761_37,GUT_GENOME025761_01240,16666,0.07416450621125353,0.0738261204167089,0.07476645470685238,0.007003060597937653,0.4884251332688144,0.07259839540278026,0.37843737060476773,0.000338385794544635,-0.13832749486181564,0.0021680593040721147,-0.0952924283874153,0.028215142742716304,0.9859914741028912,False
GUT_GENOME025761_37,GUT_GENOME025761_01240,16783,0.07548711951534295,0.07215773038963545,0.07387511575925161,0.006936562467685387,0.3894885026761362,0.07254441514096797,0.42393430653958913,0.003329389125707502,-0.01278297308506536,0.0013307006182836367,-0.10578973447522712,0.011354872321232562,0.994338650022905,False
GUT_GENOME025761_37,GUT_GENOME025761_01240,16788,0.07408878732952223,0.07399000961210477,0.07460996118427017,0.0070195873800695955,0.49659901364387177,0.07250716466439233,0.38225591458177677,9.877771741746699e-05,-0.14838481614372864,0.0021027965198778392,-0.09611057649223256,0.03125529657567744,0.9844938297789194,False
GUT_GENOME025761_37,GUT_GENOME025761_01240,16797,0.07070590053315833,0.07374794276149818,0.07278003279534051,0.007118999106955387,0.6059907431515607,0.072535630613563,0.48630661239277684,-0.0030420422283398557,-0.2802177479123729,0.0002444021817775144,-0.11940780207785624,0.09278020944214667,0.9546694684729438,False
GUT_GENOME025761_37,GUT_GENOME025761_01240,16847,0.06456129051078971,0.07566962690727899,0.07207836963755523,0.007128091035595169,0.8614135329029121,0.0725774647945893,0.5279103603027172,-0.011108336396489282,-0.6187927783377626,-0.0004990951570340713,-0.12872844241208722,0.3994755144088094,0.8189454874745525,False
GUT_GENOME025761_37,GUT_GENOME025761_01240,16850,0.06811741549579321,0.07551168206098556,0.07249550349006076,0.00751054436835986,0.7535764882649749,0.07268453387139902,0.5100397849560147,-0.007394266565192348,-0.4628982275168029,-0.00018903038133825933,-0.12484140461959951,0.22986014534559238,0.8914284769382005,False
GUT_GENOME025761_37,GUT_GENOME025761_01240,16876,0.06945603640472722,0.0714516550222232,0.07111010869648896,0.00669066014125505,0.5737805066521864,0.07275475833692352,0.5970864107690905,-0.0019956186174959756,-0.2362951115078795,-0.0016446496404345645,-0.14308935638672027,0.07630994363368704,0.9625637590774377,False
GUT_GENOME025761_37,GUT_GENOME025761_01240,16885,0.07288621696686856,0.06916326834314576,0.07045421157863253,0.0065008356839435025,0.37567397471684777,0.07256657464685998,0.6273856830454128,0.0037229486237227993,0.0037363127526467204,-0.0021123630682274436,-0.1489527111189858,0.022200870182681628,0.9889609474041895,False
GUT_GENOME025761_37,GUT_GENOME025761_01240,16889,0.07169061964928942,0.0727176467554621,0.07240291744773966,0.00651666292531261,0.536112019274159,0.07206566441958281,0.4793629869927832,-0.0010270271061726816,-0.19563940349874614,0.00033725302815684755,-0.11824380417409237,0.05225637342690631,0.9742102008005242,False
GUT_GENOME025761_37,GUT_GENOME025761_01240,16901,0.07393904407396626,0.0718048681452566,0.0724470664145473,0.006577354686780327,0.4271500703951216,0.07131353527117697,0.43158572702030956,0.002134175928709653,-0.0629509109388882,0.0011335311433703366,-0.1082614928321481,0.015683368018281088,0.9921889817853989,False
GUT_GENOME025761_37,GUT_GENOME025761_01240,17026,0.07449971724015539,0.07368920975658369,0.07396651454383091,0.006799428890192077,0.4728781094862209,0.07101204870050756,0.3319566117206241,0.0008105074835716986,-0.11851063573237765,0.002954465843323345,-0.08543386921548327,0.021343716790820606,0.9893848838575855,False
GUT_GENOME025761_37,GUT_GENOME025761_01240,17029,0.07275028060556891,0.07360742485102072,0.07337851430936428,0.006784060548322905,0.52998235045741,0.0707468556094307,0.34903838581430247,-0.0008571442454518019,-0.18850873189933434,0.0026316586999335784,-0.0894806480320232,0.04354232837452593,0.9784641170655844,False
GUT_GENOME025761_37,GUT_GENOME025761_01240,17351,0.07476717136310815,0.07647677444939535,0.0753306435502648,0.006983061155561717,0.559964368775014,0.07063391992707858,0.2506046968759549,-0.0017096030862872036,-0.22428988145273007,0.004696723623186211,-0.06359255615634832,0.05434996412057802,0.9731909356695586,False
GUT_GENOME025761_37,GUT_GENOME025761_01240,17359,0.07533202613454741,0.07262362015699272,0.07333777781439751,0.006778985176513157,0.4030006317990463,0.07061195133769642,0.3438054043442418,0.002708405977554687,-0.03884815046350569,0.002725826476701096,-0.08830014080959371,0.009306093661429253,0.9953577618208042,False
GUT_GENOME025761_37,GUT_GENOME025761_01240,17369,0.07728412747405845,0.07268170369176577,0.07393134006860633,0.006725501886151152,0.34131544027818456,0.07060363960093739,0.3103747388461595,0.004602423782292683,0.04065144656303279,0.0033277004676689342,-0.08075492080207324,0.00817389734141623,0.99592139153814,False
GUT_GENOME025761_37,GUT_GENOME025761_01240,18064,0.07803754294384842,0.07639511298716396,0.0766457727971098,0.006746905799590171,0.4434245151678161,0.0707935460634879,0.19286303846464847,0.0016424299566844547,-0.08359148069363484,0.005852226733621901,-0.049106924083110244,0.00939902563745868,0.9953115126134888,False
GUT_GENOME025761_37,GUT_GENOME025761_01240,18328,0.07989788859527483,0.07874613109806791,0.07906315410934764,0.00644512572686677,0.4605326992742671,0.07074659589571058,0.09846215266117092,0.0011517574972069178,-0.10418699077960303,0.008316558213637054,-0.018213541967905214,0.01118666215872573,0.9944222824727663,False
GUT_GENOME025761_37,GUT_GENOME025761_01240,18329,0.08387664835133862,0.08333121248186008,0.08326875546401669,0.006614442220072818,0.4822892672621868,0.0707492707072105,0.029195569439306505,0.0005454358694785416,-0.1296367647744936,0.012519484756806185,0.03447523661291434,0.01799423272071381,0.9910432365803282,False
GUT_GENOME025761_37,GUT_GENOME025761_01240,18865,0.08557693807413527,0.08391142621851805,0.08400473087475868,0.006734578131371135,0.44680161590747297,0.0707658643969988,0.02466057761372746,0.0016655118556172244,-0.0826226399260496,0.013238866477759875,0.04349355844678529,0.008718190254713574,0.9956503919377954,False
GUT_GENOME025761_37,GUT_GENOME025761_01240,18931,0.08893944879653412,0.08447032358911256,0.08501239395460196,0.006570686404325852,0.3671110513368889,0.07070880154110067,0.01474478036140944,0.0044691252074215565,0.03505636558757576,0.014303592413501293,0.05684118860432667,0.004459869490162402,0.9977725497123333,False
GUT_GENOME025761_37,GUT_GENOME025761_01240,18937,0.0894098316423682,0.08447970260866419,0.08502702119481105,0.006125199570403437,0.35094200013060983,0.07067456023533313,0.00956001183999823,0.004930129033704003,0.054406562996209246,0.014352460959477925,0.057453815061649406,0.006261014962198697,0.9968743874482421,False
GUT_GENOME025761_37,GUT_GENOME025761_01240,19034,0.09220082976835339,0.08649476664162294,0.08684044007474885,0.006006463898847138,0.3340736281514055,0.07059895188696777,0.003425497629260506,0.005706063126730457,0.08697565899965938,0.01624148818778108,0.08113506105605484,0.014147663390994776,0.9929511289614237,False
GUT_GENOME025761_38,GUT_GENOME025761_01251,9628,0.06458406231279894,0.06743443298819025,0.06736317588141269,0.0024074469254480387,0.6054683240762327,0.06223131820423166,0.01651741456080733,-0.002850370675391317,-0.27217251666758663,0.00513185767718103,-0.05813762336406116,0.07745786207958916,0.9620114452482074,False
GUT_GENOME025761_38,GUT_GENOME025761_01251,9660,0.06589496242930998,0.06742485447971586,0.06736188051601912,0.0023959455001450716,0.5543116999673797,0.06224156317734106,0.016295910192180924,-0.0015298920504058788,-0.21674668154296817,0.005120317338678057,-0.05828229549522631,0.05037594992808174,0.9751265954126973,False
GUT_GENOME025761_38,GUT_GENOME025761_01251,9661,0.06385917942754979,0.0684524129197003,0.0682838763630395,0.0023480975597193897,0.6613658177337434,0.06233551410573165,0.005650213186244807,-0.004593233492150517,-0.3453275267515922,0.005948362257307847,-0.04790174876795459,0.12154567826739984,0.9410369822742389,False
GUT_GENOME025761_38,GUT_GENOME025761_01251,10687,0.06307769025578343,0.06911607422947066,0.06883561463990717,0.0023249570778792104,0.7120041689271059,0.06250224677849503,0.0032240493717564577,-0.006038383973687236,-0.40598634455017674,0.0063333678614121425,-0.04307523685567881,0.16668038799138765,0.9200381025368904,False
GUT_GENOME025761_38,GUT_GENOME025761_01251,10935,0.06188052021293342,0.06866690939724489,0.0683765213468004,0.002274136036255904,0.7356165636668068,0.06265297185121184,0.005921272646222022,-0.006786389184311466,-0.4373831522621313,0.005723549495588565,-0.050720049231383166,0.19387654527679268,0.9076120289000899,False
GUT_GENOME025761_38,GUT_GENOME025761_01251,11077,0.06066706875251624,0.07149543811118154,0.07105970468997792,0.002492935830510482,0.8396768290097949,0.06274772594160151,0.0004277058177453089,-0.010828369358665303,-0.6070414280431443,0.008311978748376414,-0.018270951115711656,0.36883312301533266,0.8315893235641285,False
GUT_GENOME025761_38,GUT_GENOME025761_01252,11641,0.06004074786515748,0.07183712721146018,0.0714125371432733,0.0025135700304686707,0.8629381821962168,0.06284222162563258,0.00032526874354052616,-0.011796379346302704,-0.6476727271483201,0.008570315517640717,-0.015032386583297133,0.419705934138132,0.8107034373099523,False
GUT_GENOME025761_38,GUT_GENOME025761_01252,11785,0.059773849128561075,0.07207385039739898,0.0715765483796482,0.002574353145352452,0.8691648992509995,0.0630734585899664,0.0004782810443998163,-0.012300001268837908,-0.6688117786372355,0.008503089789681811,-0.015875142567485803,0.4475612153954405,0.7994905171950588,False
GUT_GENOME025761_38,GUT_GENOME025761_01252,12071,0.06155653544416514,0.07253967808643198,0.07205470063381617,0.002661799033467449,0.8359443660928021,0.06317151274439597,0.0004230023653594014,-0.010983142642266845,-0.6135378895051309,0.008883187889420191,-0.011110152170816897,0.3765521773396689,0.8283859676780081,False
GUT_GENOME025761_38,GUT_GENOME025761_01253,13007,0.061164120752359386,0.0751067733475678,0.07428617322712974,0.002954051241328451,0.8949334725085338,0.06320327645933857,8.779811039826115e-05,-0.01394265259520841,-0.7377605066665525,0.011082896767791173,0.016465864884042117,0.5445616899032678,0.7616403282091205,False
GUT_GENOME025761_38,GUT_GENOME025761_01255,15161,0.06256238621948786,0.07203941015724151,0.0714240189647367,0.0030446602576359332,0.7940170718651658,0.06315888694864219,0.0033174731304748324,-0.009477023937753654,-0.5503199884994462,0.008265132016094509,-0.01885823168773304,0.3032077226444188,0.8593286266305284,False
GUT_GENOME025761_39,GUT_GENOME025761_01269,12580,0.05713150451424219,0.05942712796830458,0.059276916707168704,0.002433222074115585,0.5902708810046781,0.06282832579860803,0.9277930947169416,-0.0022956234540623885,-0.24888752935811276,-0.0035514090914393268,-0.16699289728589609,0.08983163001392327,0.9560779658621789,False
GUT_GENOME025761_39,GUT_GENOME025761_01270,13270,0.055470151811306746,0.059320536833159764,0.059092743935282625,0.002467914829598117,0.6579693303874332,0.06280146361849291,0.9335514090507068,-0.0038503850218530172,-0.31414716831319767,-0.003708719683210286,-0.16896497622972365,0.12723760655151162,0.938362632123731,False
GUT_GENOME025761_39,GUT_GENOME025761_01270,13312,0.055896083847604715,0.059146979602627485,0.05899181903367192,0.002369923818626957,0.6332759520583555,0.06281934197713862,0.9468490374368761,-0.00325089575502277,-0.2889841761726183,-0.0038275229434667005,-0.17045431909832628,0.11256652897744093,0.9452713361613704,False
GUT_GENOME025761_39,GUT_GENOME025761_01270,13621,0.05625338145899601,0.05830027128117062,0.058143584801848947,0.002467672209178928,0.5831701051468958,0.06311440315992949,0.9780149359459268,-0.0020468898221746093,-0.23844717158926845,-0.004970818358080539,-0.18478691290750407,0.09100325682080752,0.9555180465951595,False
GUT_GENOME025761_39,GUT_GENOME025761_01270,13654,0.0566645794805477,0.0582915400961316,0.058191894337818004,0.002557727346571973,0.5651378076437724,0.06324450040133633,0.9758901976586817,-0.0016269606155839,-0.22082104229939437,-0.005052606063518331,-0.1858122209299459,0.08328811416910994,0.9592111442270967,False
GUT_GENOME025761_39,GUT_GENOME025761_01270,13807,0.05878550518727294,0.060110895864184465,0.05994603715205693,0.002824319179382517,0.5531349451732875,0.06326450646613684,0.8799951540111286,-0.0013253906769115226,-0.2081629307759452,-0.0033184693140799054,-0.1640727148306725,0.07025166150113812,0.9654839210473622,False
GUT_GENOME025761_39,GUT_GENOME025761_01270,13855,0.05975885333982995,0.06110206390766993,0.06098466493557551,0.0026431542672843674,0.5527078403496977,0.06335488577189974,0.8150710310946069,-0.0013432105678399808,-0.20891090375926424,-0.0023702208363242314,-0.15218527079116878,0.06680412235529394,0.9671496280887126,False
GUT_GENOME025761_4,GUT_GENOME025761_00187,9309,0.08207561998804509,0.09109368425704374,0.09048739712940787,0.003074794906605339,0.7578100798603903,0.06262631349326245,6.455931575961213e-20,-0.009018064268998649,-0.5310555926599869,0.027861083636145423,0.22680077409893235,0.33345863362732486,0.8464286943473235,False
GUT_GENOME025761_4,GUT_GENOME025761_00187,9649,0.08226880390587346,0.0894611166053896,0.08916342411223965,0.002746445628548689,0.7098699913067168,0.06274884188366421,3.364881204933743e-22,-0.007192312699516146,-0.45442140596895547,0.026414582228575442,0.2086671256524309,0.25004078353084963,0.8824789070982503,False
GUT_GENOME025761_4,GUT_GENOME025761_00187,9742,0.08560042838493774,0.0895327776638158,0.08941344515275948,0.002650140163863036,0.6190910336656189,0.06281964170993518,5.355195222651998e-24,-0.003932349278878061,-0.31758754009205326,0.026593803442824304,0.21091388080685805,0.14534651073873106,0.9299046217340889,False
GUT_GENOME025761_4,GUT_GENOME025761_00187,9762,0.08289596787015355,0.09159997034519304,0.09144167905086842,0.0026902322504908736,0.7459961574397712,0.06301086082416725,2.0930257241976305e-26,-0.008704002475039496,-0.5178731473848021,0.02843081822670117,0.23394308776615874,0.32292196509580556,0.8508997307571776,False
GUT_GENOME025761_4,GUT_GENOME025761_00187,10033,0.08543478456031758,0.09327369391964563,0.09324245845267307,0.0025302248026715947,0.721200337947577,0.0637742164193433,1.1955056925080854e-31,-0.007838909359328045,-0.4815616861527854,0.02946824203332976,0.2469484526423931,0.29288519583278605,0.8637753134144783,False
GUT_GENOME025761_4,GUT_GENOME025761_00187,10059,0.088593307585678,0.09631347378568585,0.09625706159426543,0.002591019313544987,0.7134864276219726,0.06433590871950856,3.538185217943049e-35,-0.007720166200007844,-0.4765775549096687,0.03192115287475687,0.2776986632099548,0.30424271339227416,0.858884043086449,False
GUT_GENOME025761_4,GUT_GENOME025761_00187,10134,0.09392390311331417,0.097881525025119,0.09786575545116535,0.0025910886222231225,0.6035868458087806,0.06436439703226354,1.5349770027974652e-38,-0.0039576219118048345,-0.3186483348366708,0.03350135841890181,0.297508455071046,0.19004804213294368,0.9093510906228821,False
GUT_GENOME025761_4,GUT_GENOME025761_00188,10194,0.09431907789641887,0.09976101226603143,0.09964620244547369,0.002913024130507002,0.6427170474981346,0.0642692876815699,3.071778667158881e-34,-0.005441934369612558,-0.3809509393644611,0.03537691476390378,0.3210208272152297,0.24817798970861568,0.8833012281206305,False
GUT_GENOME025761_4,GUT_GENOME025761_00188,11166,0.09143724951662438,0.10053033111309806,0.10030349195987041,0.0028053079085967173,0.7341384399007396,0.06393888792313468,9.94461692192106e-39,-0.009093081596473679,-0.5342043736742698,0.036364604036735734,0.3334027094271547,0.3965316795060866,0.8201517952041865,False
GUT_GENOME025761_4,GUT_GENOME025761_00191,12916,0.08479240607242494,0.09917493860955612,0.09885364302776568,0.002734678765833494,0.8551582296357376,0.06335757487849229,7.946389553506185e-39,-0.014382532537131176,-0.7562240491081477,0.03549606814927339,0.32251455932651246,0.6758904534270966,0.713234353017935,False
GUT_GENOME025761_4,GUT_GENOME025761_00191,12978,0.08596799037546703,0.09693055537581438,0.09669005219663035,0.0026402042268048754,0.7859927817132388,0.06300314779293945,1.3850860769326989e-37,-0.010962565000347355,-0.6126741625452979,0.033686904403690904,0.29983449889044167,0.4652703561754644,0.792442621228079,False
GUT_GENOME025761_4,GUT_GENOME025761_00192,14244,0.08674221566244324,0.09647867106640251,0.0962876495011134,0.0025857067094965636,0.7587471230135618,0.06285157082609011,1.5020907727593504e-38,-0.009736455403959274,-0.5612093776951321,0.033436078675023295,0.29669009435603,0.40298097770194746,0.817511352995431,False
GUT_GENOME025761_4,GUT_GENOME025761_00193,14761,0.08251848610455474,0.09484031119899049,0.09458490025512448,0.002557551323916298,0.8225252762029864,0.06257789010099461,3.101746693726583e-36,-0.012321825094435745,-0.6697278129724279,0.032007010154129864,0.2787749882744,0.5262508375562231,0.7686454886875687,False
GUT_GENOME025761_4,GUT_GENOME025761_00193,15209,0.085472923644372,0.09562073396679936,0.09539124458420044,0.002630449982535176,0.7707997734655805,0.06234611253025229,1.696327967349408e-36,-0.010147810322427356,-0.5784756093912069,0.03304513205394815,0.2917891045949251,0.4197749122208363,0.8106754774077365,False
GUT_GENOME025761_4,GUT_GENOME025761_00193,15231,0.08833766649932728,0.09743217773804526,0.09725516835805494,0.002571241427405684,0.7426283159787508,0.062256818838359394,1.7116825143072497e-42,-0.009094511238717976,-0.5342643815485513,0.03499834951969554,0.31627505302060344,0.38546833855464147,0.8247011759121217,False
GUT_GENOME025761_4,GUT_GENOME025761_00193,15646,0.08426311768644927,0.09472418316549934,0.09448969774004098,0.002438774505588567,0.76964299797311,0.062157119427620776,2.0355501474893357e-40,-0.010461065479050069,-0.5916241968309305,0.03233257831242021,0.2828563797593415,0.4300269218464044,0.8065305834580121,False
GUT_GENOME025761_4,GUT_GENOME025761_00193,15656,0.08087700450849429,0.09035766660831852,0.09016369838114496,0.002232976928468007,0.7563942595089372,0.06204236910000998,1.1442125581871721e-36,-0.009480662099824233,-0.5504726968941639,0.028121329281134984,0.23006326870230892,0.35594929763192484,0.8369636412391213,False
GUT_GENOME025761_4,GUT_GENOME025761_00194,15873,0.0788128456711734,0.08628004628401681,0.08610044772543003,0.002200586613539868,0.7146512346110367,0.06190335416954094,2.0029148129517184e-28,-0.007467200612843408,-0.4659595648407019,0.024197093555889095,0.1808682173249615,0.24983162810484577,0.8825711995499097,False
GUT_GENOME025761_4,GUT_GENOME025761_00194,16131,0.07919756844536119,0.08586937091868298,0.08570579716854981,0.002219685337795257,0.6945355517186209,0.06181138490427983,2.5242479971247203e-27,-0.006671802473321789,-0.43257348398684503,0.023894412264269985,0.1770737404548874,0.2184749286072021,0.8965175013151234,False
GUT_GENOME025761_4,GUT_GENOME025761_00194,16149,0.07805702682583533,0.0855614448126361,0.08537119718789216,0.0022115286977619944,0.7195262250121679,0.061748974103960054,6.219063215732278e-27,-0.0075044179868007654,-0.4675217287362019,0.023622223083932102,0.1736615191591748,0.2487348900771592,0.8830553069708766,False
GUT_GENOME025761_4,GUT_GENOME025761_00194,16160,0.07872031478384063,0.08562716301317017,0.08544570809597811,0.0022404051553638576,0.7012092417091902,0.06169370669100056,1.4637728453353115e-26,-0.006906848229329535,-0.4424393061764093,0.023752001404977546,0.1752884477176259,0.22647857955311734,0.8929369638628072,False
GUT_GENOME025761_4,GUT_GENOME025761_00194,16488,0.0780483287100911,0.08195480483901572,0.08187699648587961,0.0020943024825570353,0.6200124200467043,0.061690311951046656,2.739703402461821e-22,-0.003906476128924627,-0.3165015392160532,0.020186684534832952,0.13059287923408464,0.11722772443277907,0.9430708541484987,False
GUT_GENOME025761_4,GUT_GENOME025761_00194,16572,0.08486742281999929,0.08100809288811045,0.08110382151089705,0.0021212831499352147,0.39301664119575785,0.06160964470838647,1.9677853217841e-20,0.0038593299318888385,0.009460788527916486,0.01949417680251058,0.12191145542163649,0.014951909482591617,0.9925519206999173,False
GUT_GENOME025761_4,GUT_GENOME025761_00194,16979,0.08272333684263417,0.08055327097116624,0.08059921861894646,0.0022120853043998425,0.43765315267941185,0.061511987454448844,3.1049827061181958e-18,0.0021700658714679244,-0.06144446470620201,0.01908723116449762,0.11680989859082695,0.017419974651830983,0.9913278347241771,False
GUT_GENOME025761_4,GUT_GENOME025761_00194,17073,0.08299204503005382,0.08099661321239987,0.08102680469660382,0.002296375369658698,0.4419707203025623,0.06151941862300625,9.908626295444853e-18,0.0019954318176539504,-0.06877456311952831,0.019507386073597574,0.12207704964565351,0.019632746582469336,0.9902316500343052,False
GUT_GENOME025761_4,GUT_GENOME025761_00194,17076,0.08463196857972635,0.0823509649503786,0.08241714497888261,0.0022177207027953383,0.43369318044948174,0.061591715634269906,2.9867882345339845e-21,0.002281003629347758,-0.05678795776924927,0.020825429344612706,0.1386003196464875,0.02243492075371055,0.988845220738562,False
GUT_GENOME025761_4,GUT_GENOME025761_00195,18676,0.08676017548775314,0.07886574759574325,0.07905443973272115,0.002009078565447795,0.28427583252319744,0.0616116972720274,1.9450080623849142e-18,0.007894427892009892,0.17883018990828342,0.01744274246069375,0.09619423940587073,0.04123356851750669,0.9795942886012552,False
GUT_GENOME025761_4,GUT_GENOME025761_00196,20273,0.08485776139550243,0.07899661915936226,0.07912560797597908,0.0018714419149653068,0.33276044034240204,0.0616082954351435,3.974429084415409e-21,0.005861142236140163,0.09348495720924593,0.017517312540835578,0.09712906574675273,0.018173492637251557,0.9909544133970595,False
GUT_GENOME025761_4,GUT_GENOME025761_00196,20871,0.08415067929096845,0.08019049389499489,0.08027071127654337,0.001872059719329214,0.38702670939814654,0.0616696862656645,1.4493813965080304e-23,0.0039601853959735644,0.0136941007663774,0.018601025010878867,0.11071471512532341,0.012445276541081214,0.9937966822473454,False
GUT_GENOME025761_4,GUT_GENOME025761_00196,21103,0.09028288903911673,0.08093920481547344,0.08110083225083625,0.0018855484565186676,0.269375425216669,0.06172194503871163,4.446330563760853e-25,0.00934368422364329,0.23966134686192805,0.01937888721212462,0.12046616066377501,0.07194965704474385,0.9646645752102918,False
GUT_GENOME025761_4,GUT_GENOME025761_00199,24106,0.09264760430594311,0.08178672338468665,0.08199300350693339,0.0019979022361877254,0.23970280367323682,0.061780199265597066,2.321840500031752e-24,0.010860880921256463,0.30334423609798117,0.020212804241336327,0.1309203214147692,0.10915785613321421,0.9468837702030912,False
GUT_GENOME025761_4,GUT_GENOME025761_00199,24118,0.0949478034126644,0.08235011607864141,0.08262767731696347,0.0021425503210823335,0.2103154528042232,0.061848959253157164,1.5354690959931922e-22,0.012597687334022986,0.3762450343812089,0.020778718063806302,0.1380147371228921,0.16060839355961806,0.9228355800729452,False
GUT_GENOME025761_4,GUT_GENOME025761_00199,24358,0.09463488543648874,0.08250686921307601,0.08279651040308614,0.002169845318003033,0.21693652696334287,0.061858005488143894,2.4633420137517205e-22,0.012128016223412724,0.3565310359514593,0.020938504914942244,0.1400178589793307,0.1467193804297765,0.9292665218307781,False
GUT_GENOME025761_4,GUT_GENOME025761_00200,25414,0.09537258714942777,0.08078574545822774,0.0811500562359417,0.002229626640036894,0.17438705023696516,0.06187608466712447,2.7024519965647927e-18,0.014586841691200031,0.45973789776589796,0.019273971568817223,0.11915091590679205,0.2255558754036347,0.8933490172272271,False
GUT_GENOME025761_4,GUT_GENOME025761_00201,25856,0.0969021171727648,0.07930415771521064,0.07973879129894243,0.0020786199982387103,0.12869932300286258,0.06185709198815704,3.89384919422948e-18,0.017597959457554158,0.5861267038403573,0.01788169931078539,0.10169709558083807,0.35388681220434,0.837827199088198,False
GUT_GENOME025761_4,GUT_GENOME025761_00202,26347,0.09257936529925184,0.07937459013617403,0.07973170160481413,0.002112993000197511,0.19213763336802991,0.061858875002439764,1.353779375436286e-17,0.013204775163077817,0.40172696894847737,0.017872826602374367,0.10158586542630672,0.1717042456349426,0.9177299325030828,False
GUT_GENOME025761_4,GUT_GENOME025761_00203,27759,0.09167266524671286,0.07830439639041993,0.07859234182070868,0.0020110221944670244,0.18739256022361006,0.06186230842274104,4.4291103273580225e-17,0.013368268856292928,0.40858946131495216,0.016730033397967636,0.08725956743080343,0.17455958000585373,0.9164206544223985,False
GUT_GENOME025761_4,GUT_GENOME025761_00203,28035,0.08683974431650739,0.07718114643530376,0.07742195832680646,0.002017031898643866,0.2445117406811964,0.061856347550389615,5.950917795048133e-15,0.009658597881203629,0.25287954830204784,0.015565610776416841,0.07266211847440884,0.06922784941063677,0.9659782846261955,False
GUT_GENOME025761_4,GUT_GENOME025761_00204,29234,0.08535183480014598,0.07649253949179181,0.07671914265335802,0.0019786164360456227,0.26064026322647366,0.06183300863681217,2.666313281953573e-14,0.008859295308354165,0.21932958257054935,0.014886134016545857,0.06414405369646484,0.05221992541518639,0.974227954974708,False
GUT_GENOME025761_4,GUT_GENOME025761_00204,29254,0.08332193350270803,0.0755825620175526,0.07579762857875896,0.001986677333072267,0.2860010004619162,0.06181064471778325,9.585103054603623e-13,0.007739371485155425,0.17232184461687347,0.013986983860975716,0.052872116637573865,0.0324902788498991,0.9838861012173012,False
GUT_GENOME025761_4,GUT_GENOME025761_00204,29342,0.08099837582445214,0.07420369027367259,0.07439732447239918,0.0019470858658237594,0.306533293757439,0.06182971746547896,5.426238471055367e-11,0.006794685550779556,0.13266955047705697,0.012567607006920216,0.03507850734701505,0.018831711301478957,0.9906283347126235,False
GUT_GENOME025761_4,GUT_GENOME025761_00204,29511,0.07871603449952719,0.07382402985440231,0.0739393360364566,0.0018905303873143517,0.35592875900842597,0.06180485781975505,6.878577039439778e-11,0.0048920046451248755,0.05280632802410819,0.012134478216701543,0.02964871296673969,0.0036675544599738315,0.9981679031121964,False
GUT_GENOME025761_4,GUT_GENOME025761_00204,29643,0.07713698683905454,0.07364546835045058,0.07375163543136293,0.00186808925327742,0.39155999662191243,0.061850539652778314,9.406413197894549e-11,0.003491518488603962,-0.005977747186874307,0.011901095778584614,0.026722981222372186,0.0007498511868414402,0.9996251446823966,False
GUT_GENOME025761_4,GUT_GENOME025761_00206,31425,0.07336376135323655,0.07207702752771608,0.07213861864607608,0.0018015386907249962,0.455795291066134,0.061829311820026725,5.248363608940563e-09,0.0012867338255204697,-0.09852148769816102,0.010309306826049358,0.0067679772968729885,0.00975228905494988,0.9951357245656105,False
GUT_GENOME025761_4,GUT_GENOME025761_00206,31447,0.07395270638375913,0.0726273217176569,0.07266113201044963,0.0016982738498381809,0.45652880564251486,0.06179544798792826,7.867383050487479e-11,0.0013253846661022278,-0.0968991554036598,0.010865684022521367,0.01374283983877851,0.009578311964776931,0.9952222937396626,False
GUT_GENOME025761_4,GUT_GENOME025761_00206,31449,0.07268098054392044,0.07105722735694336,0.0710917430426674,0.0016290033805354265,0.44569995854498445,0.06179644625168726,5.7788593008555924e-09,0.0016237531869770783,-0.08437542034920702,0.009295296790980137,-0.00594386757306037,0.007154541120831456,0.9964291202490927,False
GUT_GENOME025761_4,GUT_GENOME025761_00206,31620,0.07403870090120794,0.07133462781532798,0.07137612448327772,0.0016460083979328774,0.41032505758394133,0.06181738293084364,3.1758327674535823e-09,0.002704073085879957,-0.039030019472993865,0.00955874155243408,-0.0026412681671575335,0.00153031871759312,0.999235133300977,False
GUT_GENOME025761_4,GUT_GENOME025761_00206,31819,0.07431014322199171,0.07175866396510355,0.0717964451792641,0.0016172871019345708,0.4148837504690017,0.0618787575691847,4.330913444558724e-10,0.002551479256888159,-0.04543500039938099,0.009917687610079405,0.0018585557435102191,0.0020677934907434854,0.9989666375417199,False
GUT_GENOME025761_4,GUT_GENOME025761_00206,32305,0.07685400212082177,0.07047299590685317,0.07058788289629665,0.0016273573944895936,0.30548322833844044,0.06190644748475362,4.785587615766909e-08,0.006381006213968601,0.11530575353047763,0.00868143541154303,-0.013639364024942244,0.013481449048236142,0.9932819431985485,False
GUT_GENOME025761_4,GUT_GENOME025761_00207,33148,0.08411333628208231,0.07120218059429237,0.07140613728454524,0.0016510184045462548,0.16763794391616393,0.0618976185504103,4.2260771458077575e-09,0.012911155687789944,0.3894025705684111,0.00950851873413494,-0.0032708720695547393,0.15164506056938176,0.9269807029638375,False
GUT_GENOME025761_4,GUT_GENOME025761_00207,33473,0.08514533405086097,0.07106358471331485,0.071284249393258,0.0016454859638423817,0.1417204390502318,0.06191387507934987,6.183295990051447e-09,0.01408174933754612,0.4385371263284687,0.009370374313908136,-0.005002679821782897,0.19233983797383059,0.9083096638975003,False
GUT_GENOME025761_4,GUT_GENOME025761_00207,33622,0.08585218578566034,0.0714742035453683,0.07172955787608187,0.0016808301716423118,0.13790496223226228,0.061913719347811834,2.6119961370453636e-09,0.014377982240292034,0.45097122084193586,0.00981583852827004,0.00058175405188058,0.20337538046544298,0.9033116206621623,False
GUT_GENOME025761_4,GUT_GENOME025761_00207,33698,0.08467146204932816,0.0687640972379612,0.06912141731794774,0.0017695435213256699,0.11247296405466878,0.06195287678855325,2.5492230560564787e-05,0.015907364811366953,0.515165600533465,0.0071685405293944945,-0.03260533515073633,0.2664587038532975,0.8752643255271635,False
GUT_GENOME025761_4,GUT_GENOME025761_00207,33712,0.09239509271929362,0.06909367873433324,0.06964415415437991,0.0017985619437528562,0.04866085363340627,0.06191816097437041,8.709098240443918e-06,0.023301413984960384,0.8255237863037422,0.007725993180009501,-0.02561699048759167,0.6821457519549081,0.7110070909815852,False
GUT_GENOME025761_4,GUT_GENOME025761_00207,33713,0.08557680666301268,0.06916554368938276,0.06958033321748625,0.0018838788346175988,0.11727282536897254,0.06192507115627245,2.416453983994652e-05,0.016411262973629923,0.5363162469223784,0.007655262061213794,-0.02650369079479965,0.28833756233865193,0.8657416148451968,False
GUT_GENOME025761_4,GUT_GENOME025761_00207,33833,0.08686310836089191,0.06870086802671313,0.06924380939032933,0.001966466694007268,0.09934489255293727,0.06194501393914797,0.00010296470317650282,0.018162240334178778,0.6098118572688092,0.00729879545118136,-0.030972431824304356,0.3728297927987457,0.8299291889082407,False
GUT_GENOME025761_4,GUT_GENOME025761_00207,34651,0.09204154385121828,0.06865970222726908,0.06943935551583257,0.0019655842284183804,0.054456561716898985,0.06193998395066523,6.799785498611239e-05,0.0233818416239492,0.828899660001134,0.007499371565167334,-0.028457967117424286,0.687884502242452,0.708969869082374,False
GUT_GENOME025761_4,GUT_GENOME025761_00207,34681,0.08790668390364724,0.06759389752719372,0.06842493317711691,0.0020074502515257534,0.0666840652278704,0.06192862867771849,0.0006058801870601169,0.02031278637645352,0.7000789832272738,0.00649630449939842,-0.04103262860321841,0.4917942593666232,0.7820026656497916,False
GUT_GENOME025761_4,GUT_GENOME025761_00207,35168,0.08796070860742457,0.06870703235700962,0.06972218979384924,0.002260162876786837,0.07756428745889199,0.061957432390029675,0.00029574626164867164,0.01925367625041495,0.6556238424064407,0.007764757403819565,-0.02513103395606358,0.4304741915994862,0.8063502352573796,False
GUT_GENOME025761_4,GUT_GENOME025761_00207,35615,0.08994872803640547,0.06825591040671256,0.06970710296445112,0.0022912961921180003,0.057830350344273716,0.06195242069819949,0.0003566589721414992,0.021692817629692912,0.7580044833160848,0.007754682266251631,-0.025257338017539734,0.575208729851017,0.7500582829091853,False
GUT_GENOME025761_4,GUT_GENOME025761_00209,37758,0.09394328523883752,0.06800831258064102,0.07103269595452462,0.002785467196037246,0.03491839418514648,0.0620634210455725,0.0006408963667416179,0.025934972658196498,0.9360649083271324,0.008969274908952121,-0.010030947035011593,0.8763181324999021,0.6452231414686256,False
GUT_GENOME025761_4,GUT_GENOME025761_00209,37866,0.096724300981763,0.06803991141210826,0.07038023453859206,0.002588478314160083,0.02534149978645016,0.062135381674921955,0.0007232393485636707,0.028684389569654745,1.051469069772762,0.008244852863670105,-0.01911245544370915,1.1059524906418852,0.5752352189948767,False
GUT_GENOME025761_4,GUT_GENOME025761_00209,37889,0.095727230135399,0.06627830203528261,0.06895536819796558,0.0024691966069188393,0.021252725863518562,0.062298472380762575,0.00350913178333754,0.029448928100116387,1.083559847869418,0.006656895817203003,-0.039019421781995314,1.1756244591909975,0.5555413531296634,False
GUT_GENOME025761_4,GUT_GENOME025761_00210,38333,0.09825076070380061,0.06566178425828817,0.068585979627911,0.002503245502809381,0.013306973650268483,0.06236675426290063,0.006487316533050017,0.03258897644551244,1.2153603924463299,0.006219225365010378,-0.04450615140005717,1.4790816810397418,0.4773330372004959,False
GUT_GENOME025761_4,GUT_GENOME025761_00210,38524,0.10147704675325321,0.06508684361528508,0.06773794028370002,0.0023772463024387546,0.007545087667377296,0.06232754482691214,0.011425738407750838,0.03639020313796813,1.3749132696689135,0.005410395456787877,-0.054645814681382576,1.8933726641738544,0.38802468040642973,False
GUT_GENOME025761_4,GUT_GENOME025761_00210,39271,0.09945513240138865,0.06659975821192123,0.06868990447363899,0.0032500246068257748,0.01315499615456146,0.06231343554270197,0.024882663380933246,0.03285537418946742,1.226542184528865,0.006376468930937018,-0.042534912706430096,1.506214949227784,0.4709009639891997,False
GUT_GENOME025761_4,GUT_GENOME025761_00212,40544,0.0928647584423673,0.06104128322440853,0.06339738646041426,0.00230880274163148,0.01087885238407888,0.062395024569034126,0.3320905172303808,0.03182347521795877,1.183229206054312,0.0010023618913801366,-0.10990585839593742,1.4121106517696653,0.4935874037385497,False
GUT_GENOME025761_4,GUT_GENOME025761_00213,41897,0.0973320583971649,0.06160811001813292,0.0636668200388689,0.0021812568932853774,0.006797260242506102,0.06244947213138322,0.2883898604003122,0.03572394837903198,1.3469478594600244,0.0012173479074856705,-0.10721074809976368,1.8257626806120526,0.40136608406171803,False
GUT_GENOME025761_4,GUT_GENOME025761_00213,41899,0.10019950267912622,0.061690001625430875,0.06376044130571293,0.002170011627438584,0.0038100280278400064,0.06252328772767933,0.2843002574713992,0.03850950105369535,1.4638687852179362,0.001237153578033598,-0.10696246001301603,2.1543527881874724,0.3405557646071148,False
GUT_GENOME025761_4,GUT_GENOME025761_00214,42985,0.09361376511054226,0.060967163130961385,0.06312617924441598,0.0022070670965045336,0.008827001854188783,0.06258133572794015,0.4025070712981576,0.03264660197958087,1.2177791694638527,0.0005448435164758236,-0.11564140578283345,1.4963590403115008,0.47322726975064944,False
GUT_GENOME025761_4,GUT_GENOME025761_00217,45298,0.09002393576498433,0.061148392119816514,0.06369496451146635,0.0024235472159258565,0.013230222433315016,0.06265278914866766,0.33359030788686417,0.02887554364516781,1.059492580394074,0.0010421753627986863,-0.1094067482738452,1.13449436447795,0.5670843719165577,False
GUT_GENOME025761_4,GUT_GENOME025761_00217,45796,0.09215374860694328,0.059856216402838024,0.06370126516647401,0.0027432601371150753,0.008842593427891123,0.06279000997947752,0.3698768052681187,0.03229753220410526,1.203127297440773,0.0009112551869964874,-0.11104799136571297,1.4598469502334974,0.48194586953048635,False
GUT_GENOME025761_4,GUT_GENOME025761_00217,46149,0.09713338646597397,0.059512604546496296,0.063475659964845,0.002748464624756867,0.0029922398107402985,0.0626996932282143,0.3888462576218811,0.037620781919477674,1.4265656443164425,0.0007759667366307038,-0.1127439960740156,2.0478007461947243,0.35919122465605113,False
GUT_GENOME025761_4,GUT_GENOME025761_00217,46228,0.09521683219233439,0.06003169113150963,0.06286754050629549,0.0025964696309122627,0.004736791326920598,0.06264821334475199,0.4663408608244921,0.03518514106082476,1.3243319344326727,0.00021932716154350607,-0.11972214784989131,1.768188465243976,0.41308816566313045,False
GUT_GENOME025761_4,GUT_GENOME025761_00217,46306,0.09477922178937823,0.0601857658103887,0.06265998301812868,0.0025627857709920637,0.005150102500842874,0.06262633391917408,0.4947620816659828,0.034593455978989524,1.2994965155391198,3.3649098954605106e-05,-0.12204984742459894,1.7035873591546817,0.42664897366146703,False
GUT_GENOME025761_4,GUT_GENOME025761_00217,46395,0.09235015197324817,0.060474187701369454,0.06263553999950808,0.0025177761974612698,0.006615037966999942,0.06270645939543056,0.5112357105975389,0.031875964271878714,1.1854323841999983,-7.091939592247798e-05,-0.12336074025522971,1.4204678097464107,0.4915292129355405,False
GUT_GENOME025761_4,GUT_GENOME025761_00217,46401,0.09190659235186105,0.06071344590721424,0.06263716812882504,0.0024669544221463556,0.008462687876002718,0.06279216377582182,0.5250485615235986,0.03119314644464681,1.156771754943146,-0.0001549956469967806,-0.12441473797116863,1.3535999200586804,0.5082407837038985,False
GUT_GENOME025761_4,GUT_GENOME025761_00217,46405,0.08849254428000367,0.06060144095733513,0.06217234139720405,0.0024057433714079032,0.01631119767608614,0.06288582149919313,0.6166039862459087,0.027891103322668538,1.0181716336006545,-0.0007134801019890724,-0.13141601755283142,1.0539436451384716,0.5903900714014516,False
GUT_GENOME025761_4,GUT_GENOME025761_00217,46432,0.08393300848597908,0.06013222513380631,0.06175415097112901,0.0025252493607804617,0.02235298078659417,0.06305324463747848,0.6965284072771158,0.02380078335217277,0.8464843408251788,-0.0012990936663494698,-0.13875739340358414,0.7357893534863944,0.6921900815633538,False
GUT_GENOME025761_4,GUT_GENOME025761_00217,46464,0.08636400526439754,0.059892115478059726,0.061633473331011185,0.0024606010185432106,0.01614468737777472,0.06314164346742206,0.730037874745344,0.026471889786337813,0.9586014944231568,-0.0015081701364108718,-0.14137842037714105,0.938904682858645,0.6253446498771684,False
GUT_GENOME025761_4,GUT_GENOME025761_00217,46518,0.09196413324277856,0.06001528812460242,0.06209858021344547,0.0026298842517666335,0.007241280303623567,0.06330140128138918,0.6762961959006653,0.031948845118176146,1.1884914884476485,-0.001202821067943713,-0.13755049969066754,1.4314321580776594,0.48884193697050293,False
GUT_GENOME025761_4,GUT_GENOME025761_00217,46618,0.08777604813569685,0.06004783168156185,0.06199458957145189,0.002643826027113593,0.015314953694375823,0.06345547721488319,0.7097195910660546,0.027728216454135,1.0113346121233817,-0.0014608876434313023,-0.14078567701658942,1.0426183045317703,0.5937427392937886,False
GUT_GENOME025761_4,GUT_GENOME025761_00217,46638,0.09310897125981944,0.05999315199765082,0.06216355935194284,0.002645579454195938,0.006159322028629261,0.06363649598242652,0.7111522012791494,0.033115819262168625,1.2374741188937362,-0.0014729366304836733,-0.14093672567385357,1.5512053555754957,0.46042620871515294,False
GUT_GENOME025761_4,GUT_GENOME025761_00217,46647,0.09115314285864162,0.059959125209831994,0.062091578259467275,0.002612570621971733,0.008949687461594325,0.06371141952637274,0.7323770891401018,0.03119401764880963,1.1568083229097716,-0.0016198412669054668,-0.1427783533543334,1.3585911541398934,0.5069739907159165,False
GUT_GENOME025761_4,GUT_GENOME025761_00217,46713,0.09029437934060136,0.059684693751362414,0.06184527980874783,0.0026081005527986466,0.010731067804117828,0.06378941074314204,0.7719911433813993,0.030609685589238947,1.1322815401364794,-0.00194413093439421,-0.14684371740741967,1.3036245634758679,0.5211005395102389,False
GUT_GENOME025761_4,GUT_GENOME025761_00217,46714,0.0883196590612814,0.05862140530779977,0.06097326258345142,0.002663211369098843,0.012118485852506812,0.0640733079298605,0.8777931154541596,0.029698253753481632,1.0940250551770427,-0.0031000453464090846,-0.16133450564449098,1.2229196440666839,0.5425582521845502,False
GUT_GENOME025761_4,GUT_GENOME025761_00217,46729,0.08483688520532431,0.05846024501656531,0.06071199149274899,0.0026731022301552114,0.018999612170235883,0.06417709598406206,0.9025614823620718,0.026376640188759,0.9546034831027178,-0.00346510449131307,-0.16591096451361173,0.9387942580976778,0.625379177597081,False
GUT_GENOME025761_4,GUT_GENOME025761_00217,46923,0.08650068664323712,0.05880809522088528,0.06145280336305932,0.0029480654891477012,0.016191801242175858,0.06467780933946146,0.8630092946335433,0.027692591422351844,1.009839285277069,-0.0032250059764021427,-0.16290103860608288,1.046312130467842,0.5926471601599911,False
GUT_GENOME025761_4,GUT_GENOME025761_00221,48690,0.08706361113979841,0.058734904504381964,0.06166916482651945,0.0032696919425351453,0.01547199932096089,0.06496288378740492,0.8431163117471494,0.028328706635416444,1.0365396166966472,-0.0032937189608854694,-0.163762439153507,1.1012325134591383,0.5765943707095094,False
GUT_GENOME025761_4,GUT_GENOME025761_00222,48984,0.08724490839230635,0.05703914085848723,0.06039325810112305,0.0033287664738904854,0.010858846810651714,0.06479269182720984,0.906856111802661,0.030205767533819122,1.115327463697868,-0.004399433726086789,-0.17762391397083901,1.2755056060930392,0.5284786863552704,False
GUT_GENOME025761_4,GUT_GENOME025761_00222,49020,0.08448505777631658,0.057099919375607176,0.0601387177533941,0.0032956522611049975,0.017120862875495753,0.06455037529293874,0.9096543511476509,0.027385138400709406,0.9969342369380191,-0.0044116575395446375,-0.1777771542890027,1.0254825893662862,0.598851697685552,False
GUT_GENOME025761_4,GUT_GENOME025761_00222,49031,0.08331923172241337,0.056363433527442094,0.05945759369407224,0.003304096982638267,0.017267108004920123,0.06442237959537887,0.9335308318193222,0.02695579819497128,0.9789130899044018,-0.004964785901306633,-0.18471128874990958,0.9923890977778359,0.608843179785862,False
GUT_GENOME025761_4,GUT_GENOME025761_00222,49167,0.08020104010153462,0.05511147183506882,0.05824198396656421,0.0038402578097123303,0.020855542633562315,0.06396273145855733,0.9318455362525567,0.025089568266465793,0.9005798625694162,-0.005720747491993118,-0.1941881835892971,0.8487531395112592,0.6541774920619639,False
GUT_GENOME025761_4,GUT_GENOME025761_00222,49395,0.07854533734719825,0.05463202933751041,0.05880474064489383,0.004090634875642063,0.021858326772392085,0.06372497975332128,0.8854742484641688,0.023913308009687842,0.8512074563659193,-0.004920239108427454,-0.18415284070605514,0.7584664025130481,0.6843859943815721,False
GUT_GENOME025761_4,GUT_GENOME025761_00222,49575,0.07648092058868988,0.054380734116924234,0.05927749660210127,0.00429538832780517,0.030831370311937823,0.06372215045938057,0.8496072032444151,0.022100186471765648,0.775103403244364,-0.004444653857279296,-0.17819080312660357,0.6325372480398991,0.7288636335890333,False
GUT_GENOME025761_4,GUT_GENOME025761_00223,50179,0.07884413830613707,0.055897867950865474,0.06101324045177915,0.004198493209945241,0.02754271043998373,0.06363052142739191,0.7334844807459887,0.022946270355271595,0.8106169700234662,-0.002617280975612757,-0.15528246909844734,0.6812125172993354,0.7113389366268591,False
GUT_GENOME025761_4,GUT_GENOME025761_00223,50181,0.08060225207147653,0.056595761810527334,0.06089948040359302,0.004212893331365412,0.02575190906383034,0.06355214843522705,0.7355397323059432,0.024006490260949198,0.855118692789765,-0.0026526680316340326,-0.15572608873828198,0.7554785934721998,0.6854091657821955,False
GUT_GENOME025761_4,GUT_GENOME025761_00223,50360,0.07558226801025589,0.05551977883832671,0.05877664033068965,0.0039025029341527256,0.04627621561107031,0.06353636010523675,0.8887027666123284,0.020062489171929175,0.6895729959832377,-0.004759719774547103,-0.18214053629057392,0.5086860917495163,0.7754257498103704,False
GUT_GENOME025761_4,GUT_GENOME025761_00223,50935,0.07929368985216485,0.055557542356244605,0.05978515482828278,0.003964787642907323,0.028516993373588404,0.06347171625211465,0.8237693298086199,0.02373614749592025,0.8437713121975247,-0.0036865614238318634,-0.16868719559041565,0.7404053972436918,0.690594333929522,False
GUT_GENOME025761_4,GUT_GENOME025761_00223,51478,0.07902772356068725,0.05628591785425075,0.06026844029511081,0.003992292975473622,0.03408473566550041,0.0634023921489197,0.7837733528750122,0.022741805706436503,0.802034760739108,-0.0031339518538088876,-0.16175956481278422,0.6694259142422595,0.7155434485286972,False
GUT_GENOME025761_4,GUT_GENOME025761_00224,52084,0.07828917762009462,0.05730594944185569,0.0597047882093235,0.0034398841025251622,0.045702593378858444,0.06330080488963886,0.8520783691026362,0.020983228178238923,0.7282201405798358,-0.003596016680315367,-0.16755210748126192,0.5583782818675281,0.7563968240828105,False
GUT_GENOME025761_4,GUT_GENOME025761_00225,52608,0.07702764834394689,0.055815608080980815,0.05752624224282184,0.0028497292027996495,0.04153842600390236,0.0630214917012479,0.973093632968856,0.021212040262966074,0.7378243103427102,-0.005495249458426069,-0.19136129241263958,0.5810038571665317,0.7478880869462949,False
GUT_GENOME025761_4,GUT_GENOME025761_00225,52689,0.0751352836333463,0.05509997621683824,0.056692004810948195,0.0027660545398075103,0.0488473762536981,0.06280111911858005,0.9863988409855551,0.020035307416508066,0.6884320676366054,-0.006109114307631856,-0.19905683236227753,0.5135623342605155,0.7735374706698463,False
GUT_GENOME025761_4,GUT_GENOME025761_00225,52842,0.07276683091692067,0.05543656349481913,0.056806093729818076,0.0027465022266231313,0.06835858177773316,0.06272830786238823,0.9844689015282823,0.017330267422101538,0.574890585102476,-0.005922214132570151,-0.19671381212640227,0.36919550872076873,0.8314386591723698,False
GUT_GENOME025761_4,GUT_GENOME025761_00225,52999,0.07304093518870942,0.05641471137049995,0.05740085959065445,0.0024343366749406533,0.08239005626775481,0.06234397113578562,0.978851111206162,0.016626223818209475,0.545339024046125,-0.004943111545131169,-0.18443957442378914,0.33141260776120857,0.847295044916914,False
GUT_GENOME025761_4,GUT_GENOME025761_00226,53778,0.07202059560275241,0.05698116317835298,0.05778667650785045,0.0024070565147391474,0.10207000689507434,0.06201980533986303,0.9606800613149877,0.01503943242439943,0.4787349635892972,-0.0042331288320125796,-0.17553908054565726,0.26000113416166043,0.8780949329696165,False
GUT_GENOME025761_4,GUT_GENOME025761_00227,55178,0.07169840461987753,0.05740054548135359,0.05820893568174213,0.002429414001815851,0.11051757994256783,0.06193466635881123,0.9374350116627657,0.014297859138523938,0.447608129804911,-0.0037257306770690987,-0.169178229656749,0.22897431125724174,0.8918233932554276,False
GUT_GENOME025761_4,GUT_GENOME025761_00227,55349,0.07234906628084947,0.05736508417739365,0.058166423955566524,0.002458389169855177,0.10305951462613361,0.06189596488247394,0.9353751075260807,0.01498398210345582,0.4764074890750758,-0.0037295409269074153,-0.16922599575687153,0.2556015332867232,0.8800286927502996,False
GUT_GENOME025761_4,GUT_GENOME025761_00227,55577,0.07046802825660653,0.057751153620858364,0.05846616581915604,0.0025031293359812036,0.14312567577135338,0.06185794057213314,0.9122934172629759,0.012716874635748165,0.38124780807960235,-0.0033917747529770975,-0.1649916873606829,0.17257214806362664,0.9173317688824767,False
GUT_GENOME025761_4,GUT_GENOME025761_00227,55578,0.06899853356049643,0.05781015558009019,0.0584453897324432,0.0025048328047225002,0.1693297175130964,0.06185424668772586,0.9132292453836124,0.011188377980406235,0.3170906138588728,-0.0034088569552826603,-0.16520583347189996,0.12783942481054192,0.9380803127193026,False
GUT_GENOME025761_4,GUT_GENOME025761_00228,56935,0.06692194789828108,0.058190113930658136,0.058709678451830144,0.0026203356242756135,0.22136182155751832,0.061878123945485274,0.8867022753149025,0.008731833967622948,0.21397951394962855,-0.0031684454936551296,-0.16219198439795612,0.07209347219306612,0.9645952110147447,False
GUT_GENOME025761_42,GUT_GENOME025761_01320,12080,0.10186115102631575,0.07526254266528956,0.07728150357682607,0.004506898388752868,0.010233398986154654,0.06467175925045288,0.0025719901969961183,0.02659860836102619,0.9639203861454534,0.012609744326373198,0.035606749720952284,0.9304103514524905,0.6280062403336757,False
GUT_GENOME025761_42,GUT_GENOME025761_01320,12088,0.10585661088604956,0.07253273717649526,0.07880584962247077,0.0043645777843312325,0.004188811485818375,0.06564218442908486,0.0012805708917125898,0.033323873709554294,1.2462070065600315,0.01316366519338591,0.04255081919577153,1.5548424754135455,0.4595896569566149,False
GUT_GENOME025761_42,GUT_GENOME025761_01320,12089,0.1064110947867023,0.07680442978603894,0.08139423826543792,0.004683183124548373,0.0037418470833428777,0.06591498435453522,0.00047439970480836333,0.029606665000663362,1.090180704335672,0.015479253910902699,0.07157953049213653,1.1936175972912964,0.5505658019900376,False
GUT_GENOME025761_42,GUT_GENOME025761_01320,12097,0.10716134514785924,0.07497217373285137,0.08127398932171935,0.004720122545722092,0.004718282923072169,0.06610399817042521,0.0006547315126937843,0.03218917141500788,1.1985789563189686,0.015169991151294138,0.06770254694342524,1.4411751493932947,0.4864663366585328,False
GUT_GENOME025761_42,GUT_GENOME025761_01320,12098,0.11587217958908073,0.0799285205064951,0.0866732237036078,0.005208506446810016,0.0016692877161864582,0.06631364181223867,4.6356785104255765e-05,0.035943659082585636,1.356170007399309,0.020359581891369133,0.132760357166943,1.8568224014045362,0.3951810752760463,False
GUT_GENOME025761_42,GUT_GENOME025761_01320,12145,0.11938078961675049,0.07566523205208364,0.0843850636714016,0.005189557715506327,0.00020711686211431781,0.06664512182486582,0.0003149617207316818,0.04371555756466684,1.6823880587349418,0.01773994184653578,0.09991999394241774,2.8404135853633785,0.24166403737515824,False
GUT_GENOME025761_42,GUT_GENOME025761_01320,12158,0.12616969907698217,0.08422125016849728,0.0930724358269408,0.005784104836607162,0.0008899567796491172,0.06701963271027354,3.3310686804349176e-06,0.041948448908484884,1.6082153525876481,0.02605280311666726,0.20413178597263656,2.6280264063429915,0.26873938360880095,False
GUT_GENOME025761_42,GUT_GENOME025761_01320,12203,0.1400564388438239,0.08909521609503662,0.09954579421722895,0.005913822563907272,9.713540165756339e-06,0.0678744196290618,4.266414940364223e-08,0.05096122274878728,1.9865179675910403,0.031671374588167156,0.2745673896315927,4.021640887011144,0.13387878961425628,False
GUT_GENOME025761_42,GUT_GENOME025761_01320,12230,0.1462157487488474,0.08631458902201039,0.09906511901889618,0.005893506988426617,4.099518501408644e-06,0.06858945579683239,1.1638649172556644e-07,0.05990115972683702,2.361763324535253,0.030475663222063798,0.25957769833718225,5.64530658259384,0.059448000406032736,False
GUT_GENOME025761_42,GUT_GENOME025761_01320,12304,0.16869911008443417,0.09941973177202085,0.11883158167319682,0.006940762700457739,1.1744264013048362e-06,0.07048732104237887,1.6389154623577387e-12,0.06927937831241332,2.7554051353540516,0.04834426063081795,0.4835822253612863,7.826109228620854,0.01997937846086467,True
GUT_GENOME025761_42,GUT_GENOME025761_01320,12305,0.18105085823212555,0.10742266131775546,0.12841027001668895,0.008180011361456017,1.3971058935194078e-07,0.07105566256433202,1.1784109050970634e-12,0.07362819691437009,2.9379426624734983,0.05735460745235693,0.5965378441997938,8.987364487544406,0.011179402640419084,True
GUT_GENOME025761_42,GUT_GENOME025761_01320,12310,0.2216883321866103,0.14229146988406882,0.16826109537568731,0.010718492815444505,3.649497708442371e-06,0.07574167104520109,3.0208342537770964e-18,0.07939686230254148,3.1800769088323944,0.09251942433048622,1.0373714469992759,11.189028665138368,0.0037182047079840044,True
GUT_GENOME025761_42,GUT_GENOME025761_01320,12314,0.24176477229656335,0.16821466039480068,0.1893518151481829,0.01294482976237727,0.0001519641207237166,0.07751048673480099,2.814455921949521e-18,0.07355011190176267,2.9346651182917207,0.1118413284133819,1.279594934735011,10.249622553517657,0.005947339651782592,True
GUT_GENOME025761_42,GUT_GENOME025761_01320,12331,0.31243111863169765,0.1759157750190436,0.21916166933151035,0.013109975472756845,8.317948259309546e-10,0.08177395419529397,5.358009447851243e-26,0.13651534361265405,5.577570868795444,0.1373877151362164,1.5998498570502806,33.66881636153937,4.885504537558851e-08,True
GUT_GENOME025761_42,GUT_GENOME025761_01320,12332,0.4128467465263008,0.2231489702982184,0.29366374340785645,0.016839405279198128,8.728709577471677e-11,0.08853264351971821,1.9475334833951497e-34,0.18969777622808243,7.8098529261451946,0.20513109988813824,2.4490952965905843,66.99187049980078,2.837266659845194e-15,True
GUT_GENOME025761_42,GUT_GENOME025761_01320,12388,0.4985411133673657,0.2840743538522508,0.3796069584428503,0.02196227608751589,4.671836031777842e-11,0.0939847398294379,5.720335931449131e-39,0.21446675951511485,8.849507455870452,0.2856222186134124,3.458149032999836,90.27257694594442,2.4978075994727764e-20,True
GUT_GENOME025761_42,GUT_GENOME025761_01320,12418,0.6739830854219799,0.4579035473295279,0.5878262096610225,0.030825151236122377,2.2638627649227823e-08,0.10870071550538749,8.828286860269397e-55,0.216079538092452,8.917202303654141,0.479125494155635,5.883947137008528,114.13733083540558,1.6420770052315616e-25,True
GUT_GENOME025761_42,GUT_GENOME025761_01320,12419,0.8088871089136189,0.5691421099823614,0.7382059743853521,0.0347938370887995,4.836210015355897e-09,0.11607944055550294,8.38664919055645e-72,0.23974499893125756,9.91053752755011,0.6221265338298492,7.676638500712541,157.14953275560114,7.506068877460159e-35,True
GUT_GENOME025761_42,GUT_GENOME025761_01320,12420,0.8452217390704735,0.7099579526895805,0.7980024700864935,0.030763538925121462,0.00021501371947804936,0.11702116887872405,7.118084811275491e-109,0.13526378638089298,5.525037943639327,0.6809813012077695,8.414454347587336,101.3290862462857,9.92358270348855e-23,True
GUT_GENOME025761_42,GUT_GENOME025761_01320,12434,0.886163394697343,0.7504921005985665,0.8425605393208891,0.028425839390988458,1.4191261709682866e-05,0.1170173800170613,5.328388048595722e-144,0.13567129409877643,5.542142692747754,0.7255431593038278,8.973091252195887,111.2317122470117,7.02005604304287e-25,True
GUT_GENOME025761_42,GUT_GENOME025761_01320,12446,0.9275449220086224,0.9419779502204643,0.9319696773743559,0.01585763014677443,0.7322957768049755,0.11787322031033508,0.0,-0.014433028211841892,-0.7583435570563004,0.8140964570640208,10.083214174965331,102.24629304875059,6.273350704208822e-23,False
GUT_GENOME025761_42,GUT_GENOME025761_01320,12454,0.9274239750386494,0.9304735642298309,0.9305496150918977,0.014942773953496127,0.5535927691738753,0.1177753065705946,0.0,-0.0030495891911814788,-0.2805345245040092,0.8127743085213031,10.066639440407709,101.41592924261073,9.50190702141757e-23,False
GUT_GENOME025761_42,GUT_GENOME025761_01320,12493,0.9280068892374762,0.9298429742113894,0.9305750305345347,0.01481086879686298,0.5321303270095122,0.11800994029357749,0.0,-0.001836084973913188,-0.22959883846056173,0.8125650902409572,10.064016635670349,101.33714646967198,9.88367003707027e-23,False
GUT_GENOME025761_42,GUT_GENOME025761_01320,12548,0.9289745815548227,0.9319255514575323,0.9318339416347793,0.014692590503959288,0.5517615966444398,0.11833396117282019,0.0,-0.0029509699027095992,-0.2763950736113377,0.8134999804619591,10.075736617769918,101.59686262738622,8.680037293680033e-23,False
GUT_GENOME025761_42,GUT_GENOME025761_01320,12588,0.885783882938176,0.9322168207590229,0.9068314244765882,0.02016579123342738,0.918230848004145,0.11844014570572052,0.0,-0.0464329378208469,-2.1015093459087812,0.7883912787708677,9.760968607845045,99.6928496942784,2.2489134730822074e-22,False
GUT_GENOME025761_42,GUT_GENOME025761_01320,12590,0.8865917628138635,0.9284111074151765,0.9045316286051022,0.021273183818972106,0.8900951479047784,0.11825690086349373,2.439017118310647e-299,-0.04181934460131298,-1.9078581558936725,0.7862747277416084,9.734435075224331,98.39914897676773,4.294338629726255e-22,False
GUT_GENOME025761_42,GUT_GENOME025761_01320,12591,0.8582740200077967,0.9293629477601003,0.8857164515558446,0.022544727102404738,0.9750998584367466,0.11868463337932043,5.148664375768236e-254,-0.07108892775230358,-3.1364210869377134,0.7670318181765241,9.493201879518521,99.95801915988153,1.9696630074879603e-22,False
GUT_GENOME025761_42,GUT_GENOME025761_01320,12592,0.8351422108829133,0.9036822068381218,0.8632802422948226,0.022787302561818483,0.9680641620011589,0.11972414553774585,7.63055635981539e-234,-0.06853999595520854,-3.029432097599666,0.7435560967570767,9.198905256632125,93.79731675446125,4.2871774341499634e-21,False
GUT_GENOME025761_42,GUT_GENOME025761_01320,12593,0.8412303577548985,0.9168256201403719,0.8770286727747206,0.021977455410964127,0.9777227696776618,0.1192693896917922,8.298392114734704e-261,-0.07559526238547343,-3.3255701997430682,0.7577592830829284,9.376959412891694,98.98678498443728,3.2010521532379587e-22,False
GUT_GENOME025761_42,GUT_GENOME025761_01320,12596,0.8386452938948531,0.8858508423576081,0.8642854772650724,0.019930649492847147,0.8925180134436941,0.11906896007181454,2.7899855275188723e-306,-0.04720554846275504,-2.133938943210592,0.7452165171932579,9.219720639393264,89.55694408180489,3.572372064480228e-20,False
GUT_GENOME025761_42,GUT_GENOME025761_01320,12598,0.827690210468083,0.8210454519587402,0.8194545449108633,0.02399881573044074,0.42947134977518875,0.11802057793308543,4.2928106598169545e-188,0.006644758509342763,0.12637650542342035,0.7014339669777779,8.670853303665908,75.19966803481702,4.683813195288567e-17,False
GUT_GENOME025761_42,GUT_GENOME025761_01320,12599,0.8181458823957741,0.7711805914895971,0.791383944115989,0.028605450586054022,0.10011889294709869,0.11577436180047727,1.2526578734891969e-123,0.04696529090617707,1.8187925267644849,0.6756095823155117,8.347113340218893,72.98230736987455,1.4193624656821422e-16,False
GUT_GENOME025761_42,GUT_GENOME025761_01320,12629,0.8154715332436255,0.7779048708515792,0.7935093390594605,0.02872677070258752,0.16144979035738016,0.10693279517138102,1.522810399400127e-126,0.03756666239204631,1.424294028594934,0.6865765438880795,8.484597496571928,74.01700815872582,8.460789591028931e-17,False
GUT_GENOME025761_42,GUT_GENOME025761_01320,12634,0.5169535959859357,0.40466669626583285,0.4628777691072357,0.024481513660815996,0.0004494206106967703,0.09297023512323002,6.992168186171968e-52,0.11228689972010286,4.560604966352744,0.36990753398400567,4.51476762329934,41.18224435151329,1.1412722640220014e-09,True
GUT_GENOME025761_42,GUT_GENOME025761_01320,12637,0.5058254906037216,0.3822866916816126,0.4450344925668155,0.023622644959645455,0.00014668784264998703,0.08980725784583765,2.0827362098084872e-51,0.123538798922109,5.032892740050024,0.35522723472097784,4.330732278064254,44.08525139711584,2.673063602722125e-10,True
GUT_GENOME025761_42,GUT_GENOME025761_01320,12638,0.5331354291653272,0.35898630046176544,0.4282180773393296,0.024493032982143087,8.69047367679339e-07,0.0883020538886177,4.3014726078720006e-44,0.17414912870356175,7.1572132258135115,0.3399160234507119,4.138787686090754,68.35526467029631,1.4349701674507113e-15,True
GUT_GENOME025761_42,GUT_GENOME025761_01320,12640,0.49980344670841054,0.309459776809056,0.3849388125254118,0.02392818580534124,2.7184641216099285e-07,0.0861628995532315,4.43087015652421e-36,0.19034366989935453,7.836963699053281,0.2987759129721803,3.6230465353640615,74.54446621769242,6.499423444053362e-17,True
GUT_GENOME025761_42,GUT_GENOME025761_01320,12656,0.4960094506727476,0.26104057747350473,0.3509636335552497,0.02369333695377957,5.98406608394049e-09,0.081691440811616,3.1271229736538804e-30,0.23496887319924287,9.710064189816215,0.2692721927436337,3.25318164087552,104.86853735888077,1.6907774612995606e-23,True
GUT_GENOME025761_42,GUT_GENOME025761_01320,12661,0.5234283761899942,0.22030983207332433,0.33395192874108276,0.023833055704292384,1.7001352045524641e-15,0.08050710247030428,1.0332747768341041e-26,0.30311854411666983,12.570581848031217,0.25344482627077847,3.054766417806465,167.35112586541007,4.572616174031205e-37,True
GUT_GENOME025761_42,GUT_GENOME025761_01320,12662,0.4942524222075921,0.20866532672174554,0.3133727201099271,0.022295549726734882,1.7031522741533042e-14,0.0788810957927834,3.5907172466096236e-26,0.28558709548584654,11.834715955981322,0.2344916243171437,2.8171650581644214,147.99692072370146,7.292509364983727e-33,True
GUT_GENOME025761_42,GUT_GENOME025761_01320,12689,0.3679303567377868,0.1392204894040448,0.20664417474216612,0.016172981055192947,2.0194551644243888e-10,0.07282022411287856,6.447717618098054e-17,0.228709867333742,9.447348368006455,0.13382395062928756,1.5551737493212667,91.67095657705221,1.2413798849610376e-20,True
GUT_GENOME025761_43,GUT_GENOME025761_01330,6699,0.0672015523332799,0.05969968375601566,0.059965036787134246,0.0025650875378982678,0.25792889523175583,0.06545888420638284,0.9838943147083583,0.007501868577264238,0.16235288581260696,-0.00549384741924859,-0.19134371615213988,0.06297087724259207,0.9690050664007472,False
GUT_GENOME025761_43,GUT_GENOME025761_01331,7166,0.06775176788455078,0.058135375831764584,0.05852436645111263,0.002684683804756901,0.20630685925851644,0.06548230676215107,0.995225083548448,0.0096163920527862,0.25110799877227935,-0.006957940311038441,-0.20969789517595416,0.1070284342886445,0.9478924645840343,False
GUT_GENOME025761_43,GUT_GENOME025761_01331,7190,0.06684346735648257,0.058123123518715854,0.058498676216074304,0.002646268585605194,0.22727871189190424,0.06545105686236859,0.9956959604317616,0.008720343837766716,0.21349722667066634,-0.006952380646294283,-0.20962819803952323,0.08952504720936345,0.9562245356279103,False
GUT_GENOME025761_43,GUT_GENOME025761_01331,7415,0.06615211579471512,0.058006974341060266,0.05832281959237609,0.0026362382742282195,0.24121492301338132,0.06544196455036824,0.996538168006174,0.008145141453654858,0.18935365334669615,-0.007119144957992152,-0.2117187908214771,0.08067965242264916,0.9604629931879246,False
GUT_GENOME025761_43,GUT_GENOME025761_01331,7499,0.06531621059119087,0.05842717241759527,0.05872300275258693,0.0026961189413865104,0.2742639158671485,0.06536523856246443,0.9931230732450887,0.006889038173595603,0.13662991213443348,-0.006642235809877502,-0.20574015658885667,0.06099674492307028,0.9699620107164078,False
GUT_GENOME025761_43,GUT_GENOME025761_01331,7536,0.06558283506449163,0.058674467935607356,0.05899330818524006,0.00268910915021344,0.2786756872237161,0.06536939601834985,0.9911318587403959,0.00690836712888427,0.13744122665985609,-0.006376087833109785,-0.20240366910243165,0.059857336051892585,0.9705147598131215,False
GUT_GENOME025761_43,GUT_GENOME025761_01331,7595,0.06565526414694337,0.05929255850430925,0.059586731587553884,0.0026902203660107912,0.29750660772537474,0.06538828503663341,0.9844790296224916,0.006362705642634116,0.11453760444401839,-0.0058015534490795245,-0.19520118420617832,0.051222365147268786,0.974714001729753,False
GUT_GENOME025761_43,GUT_GENOME025761_01331,7654,0.06578950312241051,0.05814025784895281,0.058512485949002546,0.002645480124284249,0.2593713272017585,0.06547221717749749,0.9957408025478619,0.0076492452734577,0.1685388825488433,-0.006959731228494942,-0.2097203464970403,0.07238797866565144,0.9644531817056047,False
GUT_GENOME025761_43,GUT_GENOME025761_01333,9175,0.06464126802831788,0.05790689962363107,0.05824354942376675,0.0025900716277085273,0.28185645963827877,0.06551076971462655,0.997490400193482,0.006734368404686809,0.13013779560328087,-0.007267220290859799,-0.21357509460090546,0.06255016687826703,0.9692089230784089,False
GUT_GENOME025761_43,GUT_GENOME025761_01333,9476,0.06359922826432726,0.057874995665892014,0.05817985838098942,0.002566102496818419,0.3095145607954639,0.06554718996071084,0.9979542517859007,0.0057242325984352485,0.08773830530377681,-0.0073673315797214145,-0.21483011095155832,0.05384998678903761,0.9734342527850997,False
GUT_GENOME025761_43,GUT_GENOME025761_01333,9791,0.06188784351419309,0.057721948869438315,0.05797761315872892,0.002567788271914664,0.35825437573754676,0.0658216283881211,0.9988738526100274,0.004165894644754774,0.022328550950440135,-0.007844015229392175,-0.2208059182878582,0.04925381773849071,0.9756738593947931,False
GUT_GENOME025761_43,GUT_GENOME025761_01333,9887,0.06348537664572675,0.05795986474256297,0.05829312289460606,0.0024154522118731985,0.31913500878639967,0.06586674020710252,0.9991421527836883,0.005525511903163777,0.0793971930104312,-0.007573617312496464,-0.21741615265058148,0.05357369769131661,0.9735687367096927,False
GUT_GENOME025761_43,GUT_GENOME025761_01333,9980,0.06328578048923342,0.05779815386299603,0.05811002042386236,0.0023559698179318233,0.3196207093645612,0.06599216754478537,0.9995894853763146,0.005487626626237391,0.07780699452267034,-0.007882147120923014,-0.221283947767817,0.05502051393636082,0.9728647038599672,False
GUT_GENOME025761_43,GUT_GENOME025761_01333,10020,0.06343334781197466,0.058228969147747216,0.0585173362706109,0.002358059245361815,0.32440215945949935,0.06615114084136037,0.9993967208007187,0.0052043786642274395,0.06591793055397424,-0.0076338045707494695,-0.21817067288568606,0.0519436160759116,0.9743625584138118,False
GUT_GENOME025761_43,GUT_GENOME025761_01333,10085,0.06786870625965309,0.05958024893158347,0.059994380708191394,0.0023786791174777154,0.2501411680617782,0.06669389263500633,0.9975723777345857,0.00828845732806962,0.1953692009487186,-0.006699511926814936,-0.20645818213897965,0.08079410565147288,0.9604080307152296,False
GUT_GENOME025761_43,GUT_GENOME025761_01333,10099,0.06719768579442702,0.05932366700805304,0.05979860740653161,0.0025556845880906087,0.2640951732841736,0.06692283226317852,0.9973449920343919,0.007874018786373976,0.1779735370987541,-0.007124224856646912,-0.21178247350845356,0.07652639599280044,0.9624595901162192,False
GUT_GENOME025761_43,GUT_GENOME025761_01333,10111,0.0676087797004799,0.059435601708167876,0.0599578632193092,0.0025894168711476932,0.25848421959788936,0.06696194883843927,0.9965836407771271,0.008173177992312028,0.19053046040716212,-0.007004085619130067,-0.210276382545555,0.08051801339940975,0.9605406204748204,False
GUT_GENOME025761_43,GUT_GENOME025761_01333,10151,0.06803603598853622,0.060333096310624154,0.06085162088383472,0.002624036941859039,0.27221882012587284,0.06703660744202077,0.9907896194936612,0.007702939677912066,0.17079265413748607,-0.0061849865581860425,-0.20000798298763767,0.06917332396611009,0.9660046201828695,False
GUT_GENOME025761_43,GUT_GENOME025761_01334,10658,0.06814692253578479,0.06136388602200281,0.061799780967916974,0.0030237521726254437,0.2984389175874568,0.0670341201889602,0.9582807298742301,0.0067830365137819815,0.13218059322188352,-0.005234339221043223,-0.1880904663380615,0.05284973275175849,0.9739212153171962,False
GUT_GENOME025761_43,GUT_GENOME025761_01334,10673,0.069931194498233,0.0614062864703749,0.06194060557580823,0.0029511261468120682,0.2540371331828425,0.06692171163111962,0.9542815412470378,0.008524908027858095,0.2052939943180329,-0.004981106055311393,-0.18491588166199824,0.07633950739388667,0.9625495306805242,False
GUT_GENOME025761_43,GUT_GENOME025761_01334,10674,0.07483039921264921,0.06162249753528704,0.06252678189486206,0.003070127844061329,0.1615134375698658,0.06690503664047125,0.9230776954698048,0.013207901677362167,0.40185820141370643,-0.004378254745609184,-0.17735840977953554,0.1929460195629847,0.908034405316026,False
GUT_GENOME025761_43,GUT_GENOME025761_01334,10677,0.07408662886891014,0.061038659275758037,0.06211956926218848,0.0033042668100937748,0.1638987495250111,0.06692924090308076,0.9272475853708764,0.013047969593152103,0.3951452041997899,-0.004809671640892285,-0.18276674348180774,0.18954341492503857,0.9095805612218749,False
GUT_GENOME025761_43,GUT_GENOME025761_01334,10977,0.07426634535360083,0.0605852450396663,0.06137428045257047,0.002867632835912299,0.14845944009106743,0.06695177821536093,0.9741115013764702,0.013681100313934526,0.4217202643926835,-0.0055774977627904565,-0.1923923746009177,0.21486280720401474,0.8981381293783469,False
GUT_GENOME025761_43,GUT_GENOME025761_01334,11067,0.07286963030670601,0.05908661236187253,0.059909155094188475,0.0028019450088226762,0.13991484712113822,0.06696102606661594,0.9940783131773938,0.013783017944833484,0.4259981600735467,-0.007051870972427467,-0.210875429869707,0.22594287930878082,0.8931761691718219,False
GUT_GENOME025761_43,GUT_GENOME025761_01334,11123,0.07010387248207209,0.05929995102401301,0.05995373068548832,0.002820344060559497,0.18946929362210269,0.06697186560529035,0.9935839749655849,0.010803921458059078,0.30095341677214776,-0.0070181349198020285,-0.21045250755861844,0.13486321700454043,0.9347916502309062,False
GUT_GENOME025761_46,GUT_GENOME025761_01373,5186,0.08067155867169087,0.062072533224054885,0.0683345639348227,0.007101125039313745,0.09175266108095947,0.08321120042785603,0.9819131237865079,0.01859902544763599,0.6281454972273008,-0.014876636493033321,-0.30896835005935275,0.49002820702533173,0.7826934994363426,False
GUT_GENOME025761_46,GUT_GENOME025761_01373,5498,0.0791166953631875,0.06264127423503833,0.0684835078253202,0.007116127171726304,0.11283849203810059,0.08337481221276419,0.9818081685327213,0.016475421128149162,0.5390092244738495,-0.014891304387443988,-0.30915222989472757,0.38610604531678316,0.8244382590719982,False
GUT_GENOME025761_46,GUT_GENOME025761_01373,5807,0.07942646349506215,0.05905252446364978,0.06708472689350005,0.0071230928681269325,0.06143403589494005,0.08347989134867907,0.9893237205594253,0.020373939031412366,0.7026458077915253,-0.016395164455179023,-0.32800493867076075,0.6012983709994146,0.7403374483070444,False
GUT_GENOME025761_46,GUT_GENOME025761_01373,5893,0.07936657867511891,0.0590857767632788,0.0673391192230289,0.007161725225439265,0.055424833726690555,0.08367282485026603,0.9887167275233519,0.02028080191184011,0.6987364657274304,-0.016333705627237127,-0.32723447776833786,0.5953150519775774,0.7425556022017814,False
GUT_GENOME025761_46,GUT_GENOME025761_01373,6062,0.08076210262083197,0.05987972814268031,0.06798726952681029,0.006659391566072112,0.046916757476104305,0.08375847886152674,0.9910641545113492,0.02088237447815166,0.7239869023834916,-0.015771209334716443,-0.32018290494051327,0.6266741274389891,0.7310034762881693,False
GUT_GENOME025761_46,GUT_GENOME025761_01373,6197,0.08036247239200393,0.06044132105968792,0.06810341920860477,0.006616598065597066,0.053399536148092765,0.08384115857782813,0.991308954702413,0.019921151332316013,0.6836404745118241,-0.01573773936922336,-0.31976331835415267,0.5696128781556112,0.7521598289802803,False
GUT_GENOME025761_46,GUT_GENOME025761_01373,6245,0.08102119708906308,0.06103508086452941,0.0680175932246576,0.006745736708085831,0.05640444996012416,0.08395369159355248,0.9909213713280423,0.019986116224533668,0.686367314111355,-0.015936098368894883,-0.32224998884573947,0.5749451451915146,0.7501571413519884,False
GUT_GENOME025761_46,GUT_GENOME025761_01373,6250,0.08026900966925199,0.06068835120400926,0.06755499948763705,0.006773947517885877,0.05626577194240017,0.08408370961810326,0.9926572038307784,0.019580658465242727,0.6693486100662934,-0.01652871013046621,-0.32967909558103764,0.55671586786081,0.7570258077919247,False
GUT_GENOME025761_46,GUT_GENOME025761_01373,6253,0.07900959804933987,0.0615675356712266,0.0670503431788713,0.006664508608415214,0.0771088967720914,0.08421496150919401,0.9949956193960323,0.017442062378113264,0.5795830721162195,-0.017164618330322706,-0.337650975649801,0.44992471884093743,0.7985462759382975,False
GUT_GENOME025761_46,GUT_GENOME025761_01373,6255,0.07951412461158737,0.061728350202660966,0.06728214909974405,0.006459499671728782,0.07215987757686212,0.08427901740782497,0.9957470287211648,0.017785774408926404,0.5940100578998075,-0.01699686830808092,-0.33554802579140053,0.4654404264986391,0.7923752386067209,False
GUT_GENOME025761_46,GUT_GENOME025761_01373,6259,0.07607115980777177,0.06175567606780758,0.06700278190826152,0.006478830754136462,0.10016362572882631,0.08421236713985945,0.996049594804853,0.014315483739964184,0.44834790569759153,-0.017209585231597935,-0.33821469026161277,0.31540502125217507,0.8541038309921036,False
GUT_GENOME025761_46,GUT_GENOME025761_01373,6334,0.07941860802168021,0.06666612222077606,0.07010179921282354,0.007185145964556079,0.15795368495493767,0.0839407675094525,0.9729510901488087,0.012752485800904156,0.38274255288742026,-0.01383896829662895,-0.29595992146105443,0.23408413690201318,0.8895477704794592,False
GUT_GENOME025761_46,GUT_GENOME025761_01373,6335,0.08049058760954649,0.06597757439282288,0.07092597339270393,0.006968912947659153,0.13231903884165003,0.08379116591561375,0.9675599309364412,0.014513013216723603,0.45663901772618676,-0.012865192522909824,-0.2837524618250442,0.28903465210170987,0.8654399176171825,False
GUT_GENOME025761_46,GUT_GENOME025761_01374,6505,0.0810508673455655,0.06649287607585111,0.0713683518958684,0.007222277843945832,0.13247376047665865,0.08317320307953278,0.9489235995078357,0.014557991269714396,0.45852692874733003,-0.01180485118366438,-0.270459797899144,0.2833954466661049,0.8678835577892821,False
GUT_GENOME025761_46,GUT_GENOME025761_01374,6520,0.07793158454448895,0.06864314862681746,0.07203246935818204,0.00648797852399731,0.22073415266317958,0.08253327591110018,0.9472227774952982,0.009288435917671492,0.23734235173412652,-0.010500806552918143,-0.25411201782181553,0.12090430952816053,0.9413388065182604,False
GUT_GENOME025761_46,GUT_GENOME025761_01374,6544,0.07072879199963197,0.06379981934891162,0.06679171300204698,0.0056477635338017034,0.2721618938113096,0.07858388121401126,0.981598191174532,0.006928972650720358,0.13830612385268748,-0.011792168211964285,-0.27030080147586855,0.09219110717365182,0.9549507088655188,False
GUT_GENOME025761_46,GUT_GENOME025761_01374,6546,0.05825043347905644,0.0607680344798062,0.06181553118706477,0.004919188325104662,0.6026061307440752,0.07543812270917588,0.9971909513242848,-0.0025176010007497626,-0.2582048258832249,-0.013622591522111108,-0.29324737632244585,0.15266375582938468,0.9265086677649359,False
GUT_GENOME025761_46,GUT_GENOME025761_01374,6547,0.05878124768149958,0.05821978538888861,0.058952663880636566,0.004707099057964394,0.47600781985560825,0.07286481055233325,0.998439525520024,0.0005614622926109689,-0.12896407089716175,-0.013912146671696685,-0.29687730109194865,0.1047678634860077,0.9489644593146437,False
GUT_GENOME025761_46,GUT_GENOME025761_01374,6577,0.05752707730502345,0.056746259650068846,0.05735807947963544,0.004673901834891236,0.4652122041821397,0.07220973599763328,0.9992574292624351,0.0007808176549546006,-0.11975683806740417,-0.014851656517997837,-0.30865519579408535,0.10960973015458762,0.946669858280804,False
GUT_GENOME025761_46,GUT_GENOME025761_01374,6578,0.05616636626316473,0.057116937984566185,0.05780042884278628,0.0047297609105238555,0.5408799959420157,0.07168249836593034,0.9983325129632941,-0.0009505717214014567,-0.19243026139637706,-0.01388206952314406,-0.296500247578366,0.12494180231511035,0.9394403990439056,False
GUT_GENOME025761_46,GUT_GENOME025761_01374,6579,0.05647183933594507,0.054922678223752484,0.05575499806219499,0.004569696240520509,0.4347237749277118,0.07067490673874256,0.9994526163775221,0.0015491611121925888,-0.0875063517860214,-0.01491990867654757,-0.3095108193298653,0.10345430888514344,0.9495879223462106,False
GUT_GENOME025761_46,GUT_GENOME025761_01374,6588,0.05559767635849405,0.05296381661276432,0.054611851640592915,0.004700717048390906,0.38346271121394604,0.06977445517440431,0.9993714417182139,0.0026338597457297303,-0.041977157685668946,-0.015162603533811395,-0.3125532935358111,0.09945164306745043,0.9514902668824471,False
GUT_GENOME025761_46,GUT_GENOME025761_01374,6591,0.0522996170019157,0.05864748612412346,0.057901207435356726,0.0046334111328723195,0.7641270222900873,0.06948975508964679,0.993809299078525,-0.006347869122207757,-0.4189766894833297,-0.011588547654290064,-0.2677481709771898,0.24723054939204092,0.883719764845046,False
GUT_GENOME025761_46,GUT_GENOME025761_01374,6599,0.05061126488443272,0.059553884772541615,0.05813984954472248,0.004944327281972215,0.8557610177381914,0.06888251193070082,0.9850994810547852,-0.008942619888108898,-0.5278888864845497,-0.010742662385978333,-0.25714397384238863,0.3447896997573528,0.8416467834204706,False
GUT_GENOME025761_46,GUT_GENOME025761_01374,6600,0.049200299231453304,0.06488366539782436,0.06109995551093332,0.00537849404362063,0.9689761925955501,0.06760142263004419,0.8866281364891262,-0.01568336616637106,-0.8108253042095727,-0.006501467119110871,-0.20397545042453663,0.6990436583224386,0.7050251315890279,False
GUT_GENOME025761_46,GUT_GENOME025761_01374,6601,0.048009940941026084,0.06429724300060422,0.05986210189954773,0.005285539098032981,0.9769423175706379,0.06698367806310022,0.9110694313744072,-0.01628730205957813,-0.836174939265652,-0.0071215761635524955,-0.21174926893003734,0.7440262819483221,0.689345183797454,False
GUT_GENOME025761_46,GUT_GENOME025761_01374,6943,0.04491030021355732,0.06902798465013316,0.0623768081338028,0.005541349872087106,0.9987282116419538,0.06701942169923945,0.7989320611001516,-0.02411768443657584,-1.1648477964995045,-0.004642613565436653,-0.18067246801507958,1.389512929708411,0.49919600495468475,False
GUT_GENOME025761_46,GUT_GENOME025761_01374,7003,0.04405413046588256,0.06619918575352537,0.06075967786101144,0.005188132680802834,0.9985607484475414,0.0668357216387266,0.8792292910113225,-0.022145055287642816,-1.0820485630230945,-0.006076043777715159,-0.19864225318502232,1.2102878374907662,0.5459958419483825,False
GUT_GENOME025761_46,GUT_GENOME025761_01374,7010,0.04433013918485284,0.06727261797987216,0.06219994356780374,0.005217763395921843,0.9982640657941787,0.0666775544119038,0.8045945014885845,-0.022942478795019323,-1.1155196567674803,-0.004477610844100061,-0.17860395890352584,1.2762834787706494,0.5282731817565562,False
GUT_GENOME025761_46,GUT_GENOME025761_01374,7024,0.045361886294796386,0.06402163806339815,0.05899990232719904,0.005126248405848907,0.9941160364253931,0.06634425921978702,0.9240276698743566,-0.018659751768601768,-0.9357562607090364,-0.007344356892587986,-0.21454209540075023,0.9216680901551028,0.6307573459991185,False
GUT_GENOME025761_48,GUT_GENOME025761_01404,7686,0.05959679198960284,0.06480260266542315,0.06420170944211964,0.004064258615656683,0.6955907222298304,0.06374005614153866,0.4547819765707992,-0.005205810675820308,-0.3710398717610082,0.0004616533005809831,-0.11668429597383564,0.1512858113633351,0.9271472264600283,False
GUT_GENOME025761_48,GUT_GENOME025761_01404,7687,0.06080683665884731,0.06436745884630685,0.0637796367188648,0.004108901299902103,0.6330662264199043,0.06362797708911569,0.4852783751365512,-0.0035606221874595334,-0.30198464876880715,0.0001516596297491124,-0.12057044238066773,0.10573195966788974,0.9485071230465536,False
GUT_GENOME025761_48,GUT_GENOME025761_01404,7882,0.05897835320065465,0.06433417315942407,0.06335621160771013,0.00408785589889501,0.6999453664653649,0.06353280811923727,0.5172290582838536,-0.005355819958769416,-0.377336368823951,-0.00017659651152714118,-0.12468553099043855,0.1579292168756124,0.9240726282402582,False
GUT_GENOME025761_48,GUT_GENOME025761_01405,8492,0.06370333492260162,0.06909320283158432,0.06862246137932658,0.004245366689108989,0.685016091647072,0.06352656313605275,0.1150029841273204,-0.005389867908982701,-0.378765499170437,0.005095898243273833,-0.05858841845447435,0.1468959061388269,0.9291845057344872,False
GUT_GENOME025761_48,GUT_GENOME025761_01405,8503,0.06118400129502183,0.06312958368796175,0.06525262262874355,0.00436954172504301,0.5722184710212912,0.06361677266156227,0.3540624330162493,-0.001945582392939918,-0.23419488854324574,0.0016358499671812882,-0.10196431751563724,0.06524396786621299,0.9679043738473732,False
GUT_GENOME025761_48,GUT_GENOME025761_01405,8543,0.059668110973916055,0.0665392673925352,0.06543813832682495,0.004365704776748877,0.7437984751120553,0.06367255291901629,0.34295135140721644,-0.006871156418619143,-0.4409411763481017,0.001765585407808662,-0.10033792651520199,0.2044968204966178,0.902805257733326,False
GUT_GENOME025761_48,GUT_GENOME025761_01405,8545,0.0582348700745547,0.06476597750471737,0.06393147862879499,0.00389633866775995,0.7393708017664353,0.06365140035098682,0.4713477377538729,-0.006531107430162671,-0.4266679432855903,0.0002800782778081684,-0.11896055897115901,0.19619714841828634,0.906559535960015,False
GUT_GENOME025761_48,GUT_GENOME025761_01405,9078,0.05898203685978349,0.06440788954211873,0.06386012921019305,0.0038559159291783546,0.6992507579375323,0.06363623123383953,0.476847990982826,-0.005425852682335246,-0.3802759258271781,0.0002238979763535126,-0.11966484714596877,0.15892945540618555,0.9236105972612784,False
GUT_GENOME025761_48,GUT_GENOME025761_01406,9308,0.06254944342980841,0.06433380724803833,0.06434027155836541,0.003857873215935295,0.5646997909670068,0.06368080637899812,0.43213543821982037,-0.0017843638182299254,-0.227427892113447,0.0006594651793672968,-0.11420448430570948,0.06476611034669873,0.9681356616685358,False
GUT_GENOME025761_48,GUT_GENOME025761_01406,9423,0.05916744267927964,0.06526505075483824,0.06479646092648218,0.003846419286181328,0.7245454641243965,0.06374931634933217,0.39271920434668356,-0.0060976080755585985,-0.4084722199317354,0.0010471445771500082,-0.10934445314877266,0.17880576389036415,0.9144770730463183,False
GUT_GENOME025761_5,GUT_GENOME025761_00254,8139,0.0634556252721521,0.06092269945729958,0.06136132485275039,0.00397137392826103,0.40641418463398304,0.06172424475313321,0.5364062491773376,0.002532925814852517,-0.04621376349315919,-0.0003629199003828201,-0.1270213205120994,0.01827012780083914,0.9909065340328531,False
GUT_GENOME025761_5,GUT_GENOME025761_00254,8169,0.0625761917254061,0.06204321419923004,0.06204245901550373,0.004522620050634511,0.4799240900781616,0.061746471728738477,0.47390945917557925,0.000532977526176058,-0.1301596918925429,0.00029598728676525493,-0.11876112026059137,0.03104574907911234,0.9845969842914745,False
GUT_GENOME025761_5,GUT_GENOME025761_00255,8713,0.06444847907596757,0.06377016240161647,0.06370372401034256,0.004682036480496676,0.47558228673450564,0.0618134461222482,0.3432056931702724,0.000678316674351101,-0.12405921929762206,0.0018902778880943646,-0.09877475513521572,0.025147142144757308,0.9875051460087088,False
GUT_GENOME025761_5,GUT_GENOME025761_00255,8860,0.062316090619337405,0.0629760013507866,0.06264020259098184,0.004461998115451516,0.5244390588739914,0.06178587007724782,0.4240792411300036,-0.0006599107314491925,-0.18023004262613365,0.0008543325137340199,-0.11176158607096161,0.04497352038611491,0.9777641825166512,False
GUT_GENOME025761_5,GUT_GENOME025761_00255,8861,0.06032687156726949,0.062290697333496965,0.061873594617827946,0.004529600637189654,0.5746991578713359,0.06176582167338382,0.490508848052275,-0.0019638257662274727,-0.23496063679605372,0.0001077729444441261,-0.12112061517596406,0.06987670426421105,0.9656649456076161,False
GUT_GENOME025761_5,GUT_GENOME025761_00255,9037,0.05912650503213833,0.061961865989053636,0.061559779263173714,0.004454396182370306,0.6089191727183155,0.061743014005867465,0.5164061462720202,-0.002835360956915306,-0.27154249800179603,-0.00018323474269375112,-0.124768749264304,0.08930256901403416,0.9563309110988644,False
GUT_GENOME025761_5,GUT_GENOME025761_00255,9047,0.062427811111670804,0.06324914787555519,0.06349559401478025,0.004705911190150295,0.5295138148063477,0.06176808570461405,0.3567747249248805,-0.0008213367638843852,-0.18700574689675217,0.0017275083101662009,-0.10081526908735437,0.04513486785356781,0.9776853058110256,False
GUT_GENOME025761_5,GUT_GENOME025761_00255,9193,0.06526766954810827,0.06395161219292628,0.06453902510665652,0.004710173902713215,0.4550488979430019,0.061762443194025594,0.27776762629598356,0.0013160573551819904,-0.09729066041361545,0.0027765819126309224,-0.08766385989961065,0.017150424936216005,0.9914614497959165,False
GUT_GENOME025761_5,GUT_GENOME025761_00255,9448,0.06453821573606681,0.06398140752897562,0.06450264692393924,0.004666619084475636,0.4807912037385859,0.06177417940038627,0.279382268121935,0.0005568082070911973,-0.12915942171299005,0.00272846752355297,-0.08826703208609576,0.024473225170521865,0.9878379503161978,False
GUT_GENOME025761_5,GUT_GENOME025761_00263,20221,0.06500931748828465,0.06406758381806059,0.0644236293951233,0.005047014074028639,0.4671680214306785,0.061745072854451126,0.29780605308597685,0.000941733670224057,-0.11300254128252904,0.0026785565406721792,-0.08889272675354863,0.02067149120599074,0.9897174846662341,False
GUT_GENOME025761_5,GUT_GENOME025761_00263,20222,0.0668580819158994,0.06414474892496075,0.06458957004427111,0.005397088834875692,0.41150415278392205,0.06174582381481985,0.29913022230859826,0.0027133329909386494,-0.038641343760005054,0.0028437462294512647,-0.08682187377848025,0.009031191213985237,0.9954945843662053,False
GUT_GENOME025761_5,GUT_GENOME025761_00263,20236,0.06431895056546799,0.06473875651622142,0.06446094933617569,0.005437307619208829,0.5141605530951143,0.06175649138302928,0.3094573187106822,-0.00041980595075342964,-0.17015187268406223,0.0027044579531464094,-0.08856802115311334,0.03679595414887166,0.9817702325538574,False
GUT_GENOME025761_5,GUT_GENOME025761_00263,20260,0.06184559841627863,0.06492895533512506,0.06401843583289055,0.005479691120810524,0.6129108656373744,0.06182006741825486,0.34414206037574346,-0.003083356918846432,-0.2819518927753898,0.002198368414635686,-0.09491246694886457,0.08850524622194421,0.9567122393203341,False
GUT_GENOME025761_5,GUT_GENOME025761_00263,20329,0.061385461445298294,0.06470765050167246,0.06375673798457535,0.005443387656855859,0.6268301685035442,0.06180623697885099,0.3600501158586171,-0.0033221890563741655,-0.29197664473017315,0.0019505010057243588,-0.09801978535935549,0.09485823938978387,0.9536780677294507,False
GUT_GENOME025761_5,GUT_GENOME025761_00263,20335,0.06250158318355174,0.0621482886562537,0.06201097712268274,0.004796393496585506,0.48616302825216684,0.06182372334388204,0.4844290346054723,0.00035329452729804256,-0.13770171497574102,0.00018725377880070282,-0.1201242265786809,0.03339159211838648,0.9834428063128448,False
GUT_GENOME025761_5,GUT_GENOME025761_00263,20485,0.06496084224574011,0.06339490128868344,0.06341236066455827,0.005038511456980063,0.4435706458116141,0.06181347637938442,0.37549559578484104,0.0015659409570566718,-0.08680203374765588,0.0015988842851738516,-0.10242772714565905,0.01802603235095477,0.9910274793013595,False
GUT_GENOME025761_5,GUT_GENOME025761_00263,20548,0.06530842153616269,0.06477795536784586,0.06465578716990852,0.005267020809762605,0.48179872787377537,0.06189123295874809,0.2998332850922121,0.000530466168316826,-0.13026510375155442,0.002764554211160432,-0.0878146417163057,0.024680408555166376,0.9877356238113638,False
GUT_GENOME025761_5,GUT_GENOME025761_00263,20771,0.05968696899244688,0.06298314750082973,0.0621707021426873,0.0050631155398453385,0.6254046048714551,0.061935691719503375,0.4814892749680533,-0.0032961785083828465,-0.29088487670213425,0.00023501042318392618,-0.11952553915556613,0.09890036600444461,0.9517525704111689,False
GUT_GENOME025761_5,GUT_GENOME025761_00264,21430,0.05921840978614867,0.06215493195880271,0.061388546764505295,0.004975066564325057,0.6161641020904708,0.06195389435673702,0.5452368997912982,-0.002936522172654041,-0.27578864387530677,-0.0005653475922317228,-0.12955899699178658,0.09284490979209854,0.954638585248136,False
GUT_GENOME025761_5,GUT_GENOME025761_00264,21480,0.06623195467955538,0.06445828370922194,0.06454186608716163,0.005326413835075897,0.43773764911267987,0.06202575575793019,0.3183265183666709,0.0017736709703334436,-0.07808276389469622,0.0025161103292314357,-0.09092918691481534,0.014365035050424302,0.9928432151085659,False
GUT_GENOME025761_5,GUT_GENOME025761_00264,21523,0.062486958341086835,0.06365550529567647,0.0632773379447846,0.005467712539274812,0.543713375166074,0.061967964338789414,0.40536912581582324,-0.001168546954589636,-0.20157956461669352,0.0013093736059951872,-0.1060570944247087,0.051882428148867295,0.9743923684823831,False
GUT_GENOME025761_5,GUT_GENOME025761_00264,21673,0.0664749267806164,0.06363466584574742,0.06460882447634254,0.00562287626538888,0.40201008541669186,0.06204881193323199,0.3244520234900946,0.002840260934868971,-0.033313663962790306,0.002560012543110557,-0.09037881945002006,0.009278131211805039,0.9953716782387246,False
GUT_GENOME025761_5,GUT_GENOME025761_00264,21795,0.06501669490480219,0.06554148238932547,0.06558935534036436,0.005901342409544458,0.5196953267195523,0.062032298196292884,0.27333620988651103,-0.0005247874845232814,-0.17455837277558892,0.0035570571440714793,-0.07787965686041645,0.03653586645875767,0.9818979140317764,False
GUT_GENOME025761_5,GUT_GENOME025761_00265,23016,0.06347164004553371,0.06624941992367732,0.06603153217595102,0.005349367941089514,0.6048362433469364,0.06213472132105029,0.23316543473685364,-0.0027777798781436075,-0.2691255869530973,0.003896810854900734,-0.07362043228010856,0.07784854960195918,0.9618235406677808,False
GUT_GENOME025761_5,GUT_GENOME025761_00265,23019,0.06109023574052018,0.06915232686888607,0.06685919303473,0.005817947166234798,0.7916738963092536,0.06214128422411863,0.20870486456319842,-0.008062091128365895,-0.4909295287664051,0.004717908810611363,-0.06332697415343391,0.24502210787023426,0.8846961255158632,False
GUT_GENOME025761_5,GUT_GENOME025761_00265,23062,0.060491273241757355,0.06755768017930497,0.06581007838474177,0.005596133817720791,0.7480417119856164,0.062169458226172196,0.2576653171623683,-0.007066406937547613,-0.4491366312879686,0.0036406201585695783,-0.07683209318705368,0.20762688410820873,0.901393443845519,False
GUT_GENOME025761_5,GUT_GENOME025761_00265,23160,0.057570110269296565,0.06510518039119,0.06408729416989292,0.004732911462900422,0.7682188402190335,0.06216072622325943,0.3419828134535529,-0.007535070121893431,-0.4688083229708358,0.001926567946633491,-0.09831981526429158,0.2294480297603319,0.8916121816486897,False
GUT_GENOME025761_5,GUT_GENOME025761_00265,23326,0.0571340192576171,0.06494490166016523,0.06373136946664953,0.004550297302024576,0.7732071411033328,0.0621816600960625,0.3667124491487359,-0.007810882402548125,-0.48038528128250907,0.0015497093705870366,-0.10304419430485943,0.241388124452813,0.886305072319499,False
GUT_GENOME025761_5,GUT_GENOME025761_00266,23893,0.056165399784249635,0.06526820731145946,0.06421671093575071,0.0043674740564868635,0.8150406103983556,0.06253011640862177,0.3496847856753222,-0.009102807527209829,-0.5346126103720968,0.0016865945271289373,-0.10132817294927354,0.29607804180210534,0.862397462759418,False
GUT_GENOME025761_5,GUT_GENOME025761_00266,23946,0.05873704278203057,0.06090521426368833,0.060777419431826255,0.0034294474255968754,0.5830017469573949,0.06286100339164939,0.7282592560898,-0.002168171481657759,-0.24353785396379554,-0.0020835839598231376,-0.14859193011201524,0.08139024800770503,0.9601218034222146,False
GUT_GENOME025761_5,GUT_GENOME025761_00266,23967,0.06469489208021695,0.06358511739451253,0.06346869860680267,0.003814152534310922,0.46179382463276913,0.06421304402349422,0.577363630180812,0.0011097746857044177,-0.10594917938635245,-0.0007443454166915497,-0.1318029516844377,0.02859724668537171,0.9858031164816718,False
GUT_GENOME025761_5,GUT_GENOME025761_00266,23968,0.07264453950314535,0.06150030302794927,0.06269166867139318,0.0038086662534453065,0.17913174802209886,0.064972094098236,0.7253290140144448,0.011144236475196086,0.3152378161356555,-0.0022804254268428137,-0.15105957649241167,0.12219387637204411,0.9407320424980992,False
GUT_GENOME025761_5,GUT_GENOME025761_00266,24330,0.07788589222037191,0.0613613036985635,0.06344319455051722,0.0039452526179913645,0.10874074092351399,0.06480133144755153,0.6346693034993471,0.016524588521808416,0.5410729790874428,-0.0013581368970343038,-0.13949757186644723,0.3122195412551949,0.8554652802561251,False
GUT_GENOME025761_5,GUT_GENOME025761_00266,24331,0.07567665732209702,0.06195328863109273,0.06369128811826243,0.003933620430522808,0.13859584762986382,0.06479079007112216,0.6100747994734154,0.013723368691004295,0.42349443934267944,-0.0010995019528597383,-0.13625526935011512,0.19791303857984283,0.9057820912158403,False
GUT_GENOME025761_5,GUT_GENOME025761_00266,24357,0.07640172859607634,0.061815698281611535,0.06330102378196852,0.0036518942969967225,0.12661891961499655,0.06478014146415093,0.6572713580609592,0.014586030314464808,0.4597038409986777,-0.0014791176821824098,-0.14101421264894254,0.23121262959793876,0.8908258592303294,False
GUT_GENOME025761_5,GUT_GENOME025761_00266,24358,0.07346093255994852,0.06233547395246506,0.0634964151955807,0.0037286499772643616,0.18470191580996131,0.06481004944695974,0.6376964595165111,0.011125458607483464,0.3144496329874102,-0.0013136342513790367,-0.13893967726155534,0.11818280560346212,0.9426206070549767,False
GUT_GENOME025761_5,GUT_GENOME025761_00268,25676,0.07062283043684144,0.06246648564987185,0.06330652631960855,0.003676756921341905,0.25103363389324035,0.06478449192581988,0.656148911821626,0.008156344786969583,0.1898239026134383,-0.0014779656062113289,-0.14099976998021513,0.05591404913786968,0.9724301565084318,False
GUT_GENOME025761_5,GUT_GENOME025761_00268,25685,0.06874319957597357,0.06382606798337406,0.06449054009899323,0.004059273347216227,0.3383235857794633,0.06476597772964997,0.5270490417894661,0.004917131592599502,0.05386100776035078,-0.00027543763065673854,-0.12592462422392936,0.01875801914289838,0.9906648361552549,False
GUT_GENOME025761_5,GUT_GENOME025761_00268,25839,0.06829781282272215,0.06367569873921691,0.064169060299825,0.004030667394623505,0.3497916191109062,0.06482460279961284,0.5645985422420804,0.004622114083505241,0.04147792824013932,-0.0006555424997878451,-0.13068969948314127,0.01880021608208792,0.9906439348638241,False
GUT_GENOME025761_5,GUT_GENOME025761_00268,25844,0.0672855915295948,0.061677523226033905,0.06208944887569551,0.003810393169319705,0.31317408230956395,0.06484073221961113,0.7648672403891246,0.005608068303560899,0.0828624194444777,-0.0027512833439156253,-0.15696235120923283,0.03150336025332311,0.984371728771265,False
GUT_GENOME025761_5,GUT_GENOME025761_00268,25994,0.06709520918021471,0.06209752769111214,0.06237658241591797,0.0038866215167476007,0.33188429217005616,0.06488197803305598,0.7404134025891451,0.004997681489102568,0.05724201310069335,-0.002505395617138015,-0.15387985051385838,0.02695565645798735,0.9866125910236714,False
GUT_GENOME025761_5,GUT_GENOME025761_00268,26027,0.06865595131551204,0.062176044726596845,0.06287237873102486,0.0038788654817384647,0.29285369436740616,0.06494640837275041,0.7035713632003716,0.006479906588915195,0.11945700276074313,-0.0020740296417255527,-0.14847215515388457,0.036313956364619364,0.9820068666053521,False
GUT_GENOME025761_5,GUT_GENOME025761_00268,26057,0.06875656761930236,0.0617011931765292,0.06237523915695997,0.0036225479302757512,0.27806967858399384,0.0651888106432888,0.7813270979897796,0.0070553744427731616,0.14361171892496838,-0.0028135714863288253,-0.1577432085737646,0.04550724566373032,0.977503288599741,False
GUT_GENOME025761_5,GUT_GENOME025761_00268,26118,0.06802676499016053,0.06191232598804575,0.06252473916909698,0.0036760934418605656,0.3010259999343146,0.0651952596630747,0.7662203938316694,0.00611443900211478,0.10411684819397354,-0.0026705204939777155,-0.15594989099270812,0.03516068657848448,0.9825732893237255,False
GUT_GENOME025761_5,GUT_GENOME025761_00269,26530,0.0671266794617432,0.06138696772157712,0.06200725934537679,0.003527069201696954,0.30636589225335537,0.06508489763881765,0.8085530688679572,0.005739711740166076,0.0883880275644858,-0.0030776382934408625,-0.16105360607597244,0.03375070744681481,0.9832662374722737,False
GUT_GENOME025761_5,GUT_GENOME025761_00270,27203,0.0654283235048853,0.06008394871751149,0.06057845050598794,0.0032678694062978067,0.3146369224490833,0.06489958278641636,0.9069673183729601,0.005344374787373804,0.0717941347520405,-0.004321132280428422,-0.17664231044042353,0.03635690362252511,0.9819857795806778,False
GUT_GENOME025761_5,GUT_GENOME025761_00271,27565,0.06407286737760977,0.05973824052076226,0.060172456710775694,0.0032528035059607454,0.3470331604924955,0.06456629922954489,0.911618056287633,0.004334626856847511,0.029410925167415683,-0.004393842518769196,-0.17755382141001735,0.03239036201650366,0.9839352558369622,False
GUT_GENOME025761_5,GUT_GENOME025761_00271,27603,0.06364199456634734,0.059638344001442266,0.05997928516386406,0.003217384015192926,0.3574642568932684,0.0640526315364378,0.8972511483835528,0.004003650564905072,0.01551850991717904,-0.004073346372573734,-0.17353601374446492,0.0303555722163687,0.984936815952932,False
GUT_GENOME025761_5,GUT_GENOME025761_00273,30111,0.06375476398372494,0.05895497835343562,0.05944839171756003,0.003314440396331555,0.3266847786341054,0.06392421277030803,0.9115561804368276,0.004799785630289322,0.04893552253364709,-0.004475821052748005,-0.1785815216995239,0.03428604525815861,0.9830030828952253,False
GUT_GENOME025761_5,GUT_GENOME025761_00273,30264,0.06292196296563864,0.05872507553207025,0.059175166390126134,0.003250588749848472,0.3467128925515457,0.06375974599223874,0.9207868926177157,0.004196887433568386,0.023629443801208037,-0.004584579602112608,-0.1799449419419157,0.03293853274483386,0.9836656105386542,False
GUT_GENOME025761_5,GUT_GENOME025761_00274,30644,0.06254488788074941,0.059595010457172665,0.05996196210235537,0.0031088053279603373,0.3894971909674278,0.06365439104600197,0.8825305809428152,0.0029498774235767466,-0.02871261604342413,-0.003692428943646603,-0.1687607520633071,0.02930460575703011,0.9854545197424159,False
GUT_GENOME025761_5,GUT_GENOME025761_00275,31243,0.06170612748918569,0.06039118147114387,0.06061508916383216,0.0029715566448723857,0.45072557135657804,0.06342719701332557,0.828012824520113,0.0013149460180418224,-0.09733730773371084,-0.0028121078494934074,-0.15772486011196019,0.03435168297418453,0.982970822386001,False
GUT_GENOME025761_5,GUT_GENOME025761_00275,31296,0.06251645696811116,0.060245949778510735,0.060469668242228346,0.0028070638300888512,0.41527672974737795,0.06323319795065772,0.8375629780348945,0.0022705071896004236,-0.05722853585042621,-0.0027635297084293783,-0.15711587423221637,0.02796050325133715,0.9861170182785828,False
GUT_GENOME025761_5,GUT_GENOME025761_00275,31359,0.060220263101972385,0.06002331014382897,0.06010344667477805,0.0027253918323804018,0.4923622704131729,0.06308701979167819,0.8631829245204561,0.00019695295814341207,-0.14426400373311052,-0.0029835731169001387,-0.1598743850717474,0.046371921775176295,0.9770807680709183,False
GUT_GENOME025761_5,GUT_GENOME025761_00275,31369,0.060888759198269464,0.05993012707141057,0.06003024317391545,0.002757594894413615,0.4639229576047329,0.0629306258460849,0.8535497110400126,0.0009586321268588924,-0.11229324462783065,-0.002900382672169452,-0.15883149201201052,0.03783721564380718,0.9812592258182933,False
GUT_GENOME025761_5,GUT_GENOME025761_00275,31387,0.06104878831266024,0.05982249702173612,0.0599623270094055,0.002717483513977626,0.4529708292618718,0.06276148175380605,0.848507669752288,0.0012262912909241155,-0.10105850563519012,-0.0027991547444005532,-0.15756247723917818,0.035038755794964294,0.982633194115283,False
GUT_GENOME025761_5,GUT_GENOME025761_00276,31929,0.06224791468498382,0.05947371892576104,0.059767393092260104,0.0026027061899822324,0.3965720818365542,0.06271254560316361,0.8710930387539233,0.002774195759222782,-0.03608668691337765,-0.0029451525109035065,-0.1593927362060094,0.026708293327622645,0.9867346243596392,False
GUT_GENOME025761_5,GUT_GENOME025761_00276,31943,0.06053601279562116,0.05863640632553428,0.05883471162712821,0.002477964098925543,0.42735231292671116,0.06238006248208668,0.9237492763977769,0.0018996064700868773,-0.07279674099845493,-0.0035453508549584747,-0.16691694994842748,0.03316063368008198,0.9835563800777772,False
GUT_GENOME025761_5,GUT_GENOME025761_00276,31997,0.05916385831866555,0.05914628702308418,0.05925493932247435,0.002415906103416045,0.49931010838498374,0.06228146229453418,0.8948513922818552,1.7571295581372826e-05,-0.1517933785108758,-0.0030265229720598252,-0.16041281356564172,0.04877350051579134,0.9759082040128082,False
GUT_GENOME025761_5,GUT_GENOME025761_00276,32111,0.06160982425805223,0.05913619094377223,0.05931655873452841,0.0023505659222873973,0.4097992060264644,0.06224972567949327,0.8939580359803974,0.0024736333142800007,-0.048702509845183546,-0.0029331669449648642,-0.15924248260927854,0.027730102732786574,0.9862306257584441,False
GUT_GENOME025761_5,GUT_GENOME025761_00276,32123,0.0601916596058832,0.058815328071950716,0.0589766921767183,0.002374602737383775,0.447817025354255,0.062158114420057954,0.9098399843645337,0.001376331533932483,-0.09476070905318852,-0.003181422243339657,-0.16235466368435433,0.03533862880032285,0.982485872575455,False
GUT_GENOME025761_5,GUT_GENOME025761_00276,32334,0.05968544247376076,0.058756526704826964,0.058855294199776205,0.002348337339266699,0.4648345931621117,0.06191274687890465,0.9035357996506083,0.000928915768933794,-0.11354056050534347,-0.003057452679128443,-0.16080055493360748,0.03874827734682368,0.9808123337618933,False
GUT_GENOME025761_5,GUT_GENOME025761_00277,32991,0.059429722849620205,0.05878773142041617,0.058856877117466934,0.002344662233790718,0.4751748806333778,0.061863762715821564,0.9001556029730665,0.0006419914292040349,-0.12558393693430842,-0.0030068855983546305,-0.16016663528381012,0.0414246762740574,0.9795006890398147,False
GUT_GENOME025761_5,GUT_GENOME025761_00277,33111,0.056657680242552536,0.05887281862915704,0.058778396610267285,0.0022350872425608106,0.5886926702669725,0.061847241815920724,0.9151287240055563,-0.002215138386604504,-0.24550924515531947,-0.0030688452056534393,-0.16094337406246598,0.0861775591113456,0.9578263508943724,False
GUT_GENOME025761_5,GUT_GENOME025761_00277,33684,0.056760184310191426,0.05855501837834773,0.058519775682498415,0.002217904338444613,0.5720434255097214,0.06172350459244753,0.9256986614838827,-0.0017948340681563021,-0.22786737090178352,-0.003203728909949112,-0.16263430478818755,0.07837345581562807,0.9615711402143964,False
GUT_GENOME025761_5,GUT_GENOME025761_00279,35403,0.05814715436117119,0.058511685869216415,0.05852647030469308,0.0022311364935136647,0.514704750081953,0.06182050971462941,0.9300810967784978,-0.0003645315080452252,-0.16783178049159386,-0.0032940394099363265,-0.16376645637077542,0.054986958775219634,0.9728810263128457,False
GUT_GENOME025761_5,GUT_GENOME025761_00279,35798,0.057197520655921104,0.0582249716233009,0.05820557196517321,0.00224274742125296,0.5421068665738558,0.06183197389171551,0.9470550530181254,-0.0010274509673797935,-0.19565719467002038,-0.0036264019265423025,-0.16793302337263688,0.06648323816521685,0.967304812049946,False
GUT_GENOME025761_5,GUT_GENOME025761_00279,36687,0.057104615082785824,0.0583114532165095,0.05831112448958903,0.002376703584644121,0.5494352785983995,0.061838300038379694,0.9311037675226876,-0.0012068381337236728,-0.20318680046379686,-0.003527175548790666,-0.16668910045534732,0.06907013209332767,0.9660544633816482,False
GUT_GENOME025761_5,GUT_GENOME025761_00279,36901,0.057779689063807385,0.058287448251813936,0.058371229253809595,0.0024360236906462505,0.5209311810220225,0.061842682622238715,0.92292849577372,-0.0005077591880065513,-0.17384362621526517,-0.00347145336842912,-0.1659905553837277,0.057774470852271206,0.97152601200669,False
GUT_GENOME025761_5,GUT_GENOME025761_00279,36936,0.057749720667591486,0.05809224133708324,0.058196963768935135,0.002397655693295611,0.5142404582412501,0.061844627803922844,0.9359134909665274,-0.00034252066949175264,-0.16690789646535084,-0.003647664034987709,-0.16819956967377606,0.056149341140931716,0.9723157607179861,False
GUT_GENOME025761_5,GUT_GENOME025761_00280,37402,0.05803058530978758,0.059056327205428555,0.05933990889875432,0.0028023143094664947,0.5426920782741651,0.0618520869935086,0.814997900493011,-0.0010257418956409747,-0.19558545800831337,-0.0025121780947542846,-0.15396487709181125,0.061958854762218254,0.9694955179326731,False
GUT_GENOME025761_5,GUT_GENOME025761_00280,37557,0.05858831657489875,0.05920007208787719,0.0593552055604639,0.0027105872434829937,0.5255459729869831,0.061759270468638515,0.8124381067092965,-0.000611755512978443,-0.17820877310397143,-0.0024040649081746163,-0.15260954725417203,0.05504804072434614,0.9728513140318913,False
GUT_GENOME025761_5,GUT_GENOME025761_00280,38616,0.05687645195567563,0.05913044352303665,0.059110981174067864,0.002725747738151309,0.5956352020878689,0.061735902258049716,0.8322286329102963,-0.002253991567361023,-0.2471400704863252,-0.0026249210839818515,-0.1553782471174201,0.08522061411726785,0.9582847541181366,False
GUT_GENOME025761_5,GUT_GENOME025761_00280,39747,0.056854789706563005,0.05798417377759722,0.05813560980648865,0.0031291426178540003,0.547951732137355,0.06172649833625762,0.8744255100889384,-0.0011293840710342173,-0.1999357398050869,-0.0035908885297689652,-0.1674878198983377,0.0680264698657054,0.9665587122131991,False
GUT_GENOME025761_5,GUT_GENOME025761_00282,40759,0.05622733077255295,0.05787089767472524,0.05790920359895114,0.0031572476075497537,0.569908022919015,0.06171070935299312,0.885716205754552,-0.0016435669021722873,-0.2215180753941105,-0.0038015057540419853,-0.17012816209348355,0.07801384926361743,0.9617440493998722,False
GUT_GENOME025761_5,GUT_GENOME025761_00282,41013,0.05510492181542363,0.05817386596059647,0.0580359912650363,0.0031779345150907295,0.6341476728935391,0.06169353624202219,0.8751172044411197,-0.003068944145172836,-0.2813469303002646,-0.0036575449769858867,-0.1683234392584011,0.10748887539315857,0.9476742653752924,False
GUT_GENOME025761_5,GUT_GENOME025761_00283,41082,0.05394870141663848,0.05828711611754112,0.05806183365598275,0.003217336054358989,0.6891421387776333,0.06167975035078722,0.8696009842343466,-0.00433841470090264,-0.3346317502027555,-0.0036179166948044697,-0.16782665070786398,0.14014419293157873,0.932326600029996,False
GUT_GENOME025761_5,GUT_GENOME025761_00283,41463,0.05377642468977938,0.0582235652496019,0.05792122012991629,0.003214087766640467,0.6901249588037992,0.06168666946170967,0.8793101645148584,-0.004447140559822517,-0.339195414783348,-0.0037654493317933815,-0.16967615113665138,0.14384352567459527,0.93060370075629,False
GUT_GENOME025761_5,GUT_GENOME025761_00284,42473,0.054437590478969455,0.0569808031544451,0.057381114899949036,0.0034658782988944235,0.6123291980174163,0.061727348383791125,0.8950801559575667,-0.0025432126754756437,-0.2592798515850894,-0.004346233483842089,-0.17695698445035224,0.09853981578374821,0.9519241631773117,False
GUT_GENOME025761_5,GUT_GENOME025761_00285,43856,0.055225205358217504,0.05659503086732123,0.057091625178907375,0.003356440650916404,0.5611433631728122,0.06179309447596448,0.9193526833035093,-0.0013698255091037295,-0.2100280406204173,-0.004701469297057108,-0.1814102959499033,0.07702147332348316,0.9622213736389476,False
GUT_GENOME025761_5,GUT_GENOME025761_00287,46217,0.05591970426370291,0.05830100963098676,0.058281408616329834,0.0033701834461353723,0.6056136767294119,0.06187309170960885,0.8567256337947066,-0.0023813053672838494,-0.2524839462220563,-0.0035916830932790147,-0.16749778071502563,0.09180364964432103,0.9551357282078693,False
GUT_GENOME025761_5,GUT_GENOME025761_00287,46656,0.05518306740292327,0.05866924718355631,0.05861399233454076,0.003419664663978142,0.6529487470543076,0.061952639342309,0.8355441469082072,-0.0034861797806330364,-0.2988599995022651,-0.0033386470077682376,-0.16432566667841395,0.11632022403179909,0.9434988698364033,False
GUT_GENOME025761_5,GUT_GENOME025761_00287,46689,0.0573042061674575,0.05843122190688221,0.05858321041927978,0.003364220722070194,0.548737302778183,0.06190510684358462,0.8382814332828135,-0.001127015739424704,-0.19983633133695605,-0.003321896424304839,-0.16411567781133823,0.06686851502568866,0.967118489916371,False
GUT_GENOME025761_5,GUT_GENOME025761_00287,46906,0.05787371416537453,0.06194581685202055,0.061605212157741285,0.0032916152411685286,0.6706401724368253,0.062011272630454035,0.5490898046715628,-0.004072102686646019,-0.32345355654282,-0.00040606047271275064,-0.1275621398768908,0.1208943027701707,0.9413435164048547,False
GUT_GENOME025761_5,GUT_GENOME025761_00288,47134,0.06074179246836468,0.06174995275966704,0.061925412713935174,0.003277521005231956,0.5416961523355912,0.06211072757006926,0.5225446485077953,-0.0010081602913023582,-0.19484748687810355,-0.00018531485613408616,-0.12479482600758159,0.0535392917409753,0.9735854851325582,False
GUT_GENOME025761_5,GUT_GENOME025761_00290,49018,0.06072646742381859,0.06245850455128057,0.06253651461328257,0.0033115553024753485,0.5714676863778303,0.062254088911882034,0.4660174432922188,-0.0017320371274619772,-0.22523152900673393,0.00028242570140053075,-0.11893113117111945,0.06487385562035325,0.9680835070525012,False
GUT_GENOME025761_5,GUT_GENOME025761_00290,49019,0.06062097044837151,0.0635198941500874,0.063345458354972,0.0034049866474968413,0.6164386899823783,0.06237822275460629,0.38818050162365303,-0.0028989237017158845,-0.27421048379628316,0.0009672356003657123,-0.11034620903033819,0.08736767527115875,0.9572565581318323,False
GUT_GENOME025761_5,GUT_GENOME025761_00290,49286,0.060301482765794855,0.06454942130710693,0.06431563570653306,0.0034243150184004195,0.668720392026543,0.06250679796001847,0.2986686566580876,-0.004247938541312078,-0.33083409940456066,0.0018088377465145938,-0.09979570602341555,0.1194103842695387,0.9420422141051343,False
GUT_GENOME025761_5,GUT_GENOME025761_00290,49460,0.0602964846035962,0.06404016069484722,0.06385665808057997,0.0033181773483463325,0.6506486029562719,0.06262048144847004,0.3547428557498288,-0.003743676091251022,-0.3096681623815903,0.0012361766321099255,-0.10697470721432424,0.10733795877638136,0.9477457779703369,False
GUT_GENOME025761_5,GUT_GENOME025761_00290,49514,0.061953779344044314,0.06234191299762357,0.062463270348247564,0.003385169283070432,0.5153057880356329,0.06274680860473973,0.5333759605126189,-0.000388133653579259,-0.16882245811575536,-0.00028353825649216763,-0.12602617538753527,0.04438361924705577,0.9780526171540393,False
GUT_GENOME025761_5,GUT_GENOME025761_00291,49830,0.061798604743363475,0.06180190510925335,0.061786660964981234,0.003327094546221457,0.5001326374957643,0.06271526566550416,0.609917413011934,-3.3003658898717037e-06,-0.15266944666191823,-0.0009286047005229239,-0.1341128651477197,0.041294220542186746,0.9795645818632166,False
GUT_GENOME025761_5,GUT_GENOME025761_00291,50228,0.06167386387585595,0.06155640218816644,0.061552198386823485,0.0033129267665389663,0.49528550976031394,0.06275275489563172,0.6414680003814889,0.0001174616876895157,-0.14760057425129874,-0.0012005565088082301,-0.13752211069703488,0.04069826044988067,0.979856516055652,False
GUT_GENOME025761_5,GUT_GENOME025761_00291,50230,0.06288187740864015,0.061214263628416796,0.06133398594716811,0.0032452510889208344,0.4334245894034428,0.06278763132075803,0.6728981476703164,0.0016676137802233565,-0.08253441363865692,-0.0014536453735899194,-0.14069488638578115,0.026606980489784784,0.9867846100681704,False
GUT_GENOME025761_5,GUT_GENOME025761_00292,50420,0.060046588079390145,0.06057542002801071,0.06052655769755674,0.0031205730524812175,0.5215369920559235,0.06284156952044004,0.7709123162624644,-0.0005288319486205645,-0.17472813531167383,-0.002315011822883295,-0.15149315888890805,0.05348009845963454,0.9736143004187393,False
GUT_GENOME025761_5,GUT_GENOME025761_00292,50438,0.058143060649790676,0.060805262605421795,0.06055094018824825,0.0034294132669481364,0.6085762076312751,0.06307290743073006,0.7689499730878606,-0.002662201955631119,-0.2642743135163207,-0.0025219672424818124,-0.15408759592398996,0.09358390000215737,0.9542859161225847,False
GUT_GENOME025761_5,GUT_GENOME025761_00292,50567,0.05749354267585053,0.06073843210111304,0.060350168678795495,0.003608529227256601,0.6304950770944109,0.06319886761393484,0.7850710697331345,-0.0032448894252625066,-0.28873206619014874,-0.0028486989351393446,-0.1581835737225428,0.10838824904206756,0.9472482045484285,False
GUT_GENOME025761_5,GUT_GENOME025761_00292,50705,0.05517223207470018,0.0591242709638016,0.05870763974843193,0.003701536146569831,0.662785804992676,0.06334260496004156,0.8947466621980975,-0.003952038889101422,-0.3184139927655451,-0.0046349652116096235,-0.18057658662929732,0.13399537442758472,0.9351973642458409,False
GUT_GENOME025761_5,GUT_GENOME025761_00292,50708,0.0564966678165587,0.05816151905947254,0.05799703695100456,0.0036008476501178137,0.5693135741467453,0.06356396246329181,0.9389482206286239,-0.0016648512429138368,-0.22241146536525852,-0.005566925512287248,-0.1922598386262479,0.08643070547451248,0.9577051234379695,False
GUT_GENOME025761_5,GUT_GENOME025761_00292,50709,0.055842272530054506,0.058292812144343134,0.05800964265606771,0.0036141179740545423,0.6028266348113175,0.06368274097134087,0.9417580974661635,-0.0024505396142886285,-0.255389987930612,-0.005673098315273163,-0.1935908434036028,0.10270146058491642,0.9499454374572772,False
GUT_GENOME025761_5,GUT_GENOME025761_00292,50714,0.05333950862524212,0.057684444829915284,0.05718462637127516,0.0035831171872676105,0.6831359946659279,0.06380398475985206,0.9676535399758689,-0.004344936204673161,-0.3349054841246154,-0.0066193583885769056,-0.20545336038315892,0.15437276658947519,0.925717299286137,False
GUT_GENOME025761_5,GUT_GENOME025761_00292,50716,0.05259297808611432,0.056392506533434,0.056006570639661704,0.0036383610643111,0.6623926910684331,0.06387427896280716,0.9847075526392829,-0.0037995284473196778,-0.31201251193803764,-0.007867708323145456,-0.22110293993642596,0.14623831765441486,0.9294900664804739,False
GUT_GENOME025761_5,GUT_GENOME025761_00292,50750,0.053008013681263184,0.054938734167593595,0.05470268889417321,0.0035578179661175987,0.5832736035536671,0.06408749180968325,0.9958276787938459,-0.0019307204863304103,-0.2335710741400515,-0.00938480291551004,-0.24012155952024192,0.11221381002137051,0.9454380584219108,False
GUT_GENOME025761_5,GUT_GENOME025761_00292,51179,0.0536640291568444,0.05348752285226604,0.05349261889599269,0.004047863846997153,0.492214828133551,0.06443801778455671,0.9965744219904175,0.00017650630457836242,-0.14512223258127468,-0.010945398888564023,-0.2596855216389705,0.08849703253827781,0.9567161683942489,False
GUT_GENOME025761_5,GUT_GENOME025761_00292,51357,0.05533926937077357,0.05379987057803806,0.05413458049553607,0.004291472402534821,0.4344763003069487,0.06468118959272162,0.9930060419028288,0.0015393987927355066,-0.08791611586582092,-0.01054660909718555,-0.25468620823141613,0.07259430809222872,0.9643536893017746,False
GUT_GENOME025761_6,GUT_GENOME025761_00311,8618,0.04892118189299591,0.07759526489844344,0.07535642867570443,0.003878058202536132,0.9991684066741249,0.0656939650619997,0.006358948379200776,-0.028674083005447534,-1.356098295418497,0.009662463613704722,-0.0013409864077446538,1.839004385081499,0.3987174762229676,False
GUT_GENOME025761_6,GUT_GENOME025761_00311,8619,0.04640019039302842,0.08842209353394131,0.07755770724680465,0.006189498893559722,0.9999989473936507,0.06673434061881495,0.040174380249972406,-0.04202190314091289,-1.9163603580547048,0.010823366627989703,0.013212340005461218,3.6726115878519767,0.15940521544610628,False
GUT_GENOME025761_6,GUT_GENOME025761_00311,8631,0.04830468601503461,0.08064614001725862,0.07210030132477496,0.0052150702396956084,0.9999573537058439,0.0664656835323284,0.13997112724354227,-0.032341454002224004,-1.510032707049266,0.005634617792446561,-0.05183491592427831,2.282885634867412,0.3193579140831261,False
GUT_GENOME025761_6,GUT_GENOME025761_00311,8657,0.04927260203995621,0.08219141134703223,0.07400731680493064,0.0053026298757325434,0.9998750614326878,0.06668816028924321,0.08374899035243255,-0.03291880930707602,-1.534266647174881,0.0073191565156874305,-0.030717181201099026,2.354917689854192,0.3080605744889158,False
GUT_GENOME025761_6,GUT_GENOME025761_00311,8670,0.05258351411182588,0.09442237254020618,0.08483825380536006,0.006635211453368382,0.9999841520190631,0.06751172165420488,0.004509927567852444,-0.041838858428380296,-1.9086772302362771,0.017326532151155177,0.09473740231742865,3.652023944620281,0.16105457886069596,False
GUT_GENOME025761_6,GUT_GENOME025761_00311,8674,0.09552304062297788,0.119808580233067,0.10280466738293549,0.013406247352543981,0.942424222794426,0.12251053648244546,0.9292058440460161,-0.024285539610089113,-1.1718933578557618,-0.01970586909950997,-0.36950863428855607,1.5098706730002465,0.47004100824453054,False
GUT_GENOME025761_6,GUT_GENOME025761_00311,8679,0.10005416662573623,0.2591531690733573,0.11057341126078006,0.016689179869789145,1.0,0.12806539075754875,0.8527044229736116,-0.15909900244762104,-6.830560315750912,-0.017491979496768686,-0.3417548446652764,46.77335060096338,6.971014192611778e-11,False
GUT_GENOME025761_6,GUT_GENOME025761_00311,8693,0.09535839998503504,0.19522883654169124,0.1034671215370276,0.015468474288893934,0.9999999999640216,0.12627591392400167,0.9298310745826803,-0.0998704365566562,-4.344497561212633,-0.022808792386974072,-0.4084075387464934,19.04145577708749,7.331627884407434e-05,False
GUT_GENOME025761_6,GUT_GENOME025761_00311,8738,0.09337558912916853,0.1535334224885094,0.0983448449234224,0.014250674878186126,0.9999774616427798,0.12473413150563362,0.967972155838745,-0.06015783335934087,-2.6775987901643195,-0.02638928658221122,-0.45329337339648723,7.375010163454594,0.02503438293172978,False
GUT_GENOME025761_6,GUT_GENOME025761_00311,8780,0.09740398954404497,0.1078358887940054,0.09923529446517616,0.013703936190431682,0.7564185222699391,0.12275876827645751,0.956969168449027,-0.010431899249960422,-0.5903999720883699,-0.02352347381128135,-0.41736693666467767,0.522767286862805,0.7699854630785377,False
GUT_GENOME025761_6,GUT_GENOME025761_00311,8784,0.09622715459647786,0.09419570646439618,0.09238045038100841,0.011740512488054336,0.44535113617931604,0.11597989206846572,0.9777889648041963,0.002031448132081684,-0.06726281255613696,-0.023599441687457312,-0.41831928607311447,0.17951531105368218,0.9141526982829692,False
GUT_GENOME025761_6,GUT_GENOME025761_00311,8793,0.08139957851505951,0.05782992649822892,0.06012396517733019,0.00392726764750749,0.030651228412484646,0.0638511388272009,0.8287024273923135,0.02356965201683059,0.8367828227222637,-0.00372717364987072,-0.16919631906984292,0.7288328867898234,0.6946018721421019,False
GUT_GENOME025761_6,GUT_GENOME025761_00311,8807,0.0901021424662137,0.061869737046621597,0.06418108313835724,0.004812922664641743,0.014817712656566806,0.0630832538924223,0.40978412194906744,0.028232405419592106,1.0324974646999507,0.0010978292459349476,-0.10870905939072753,1.0778686742054429,0.5833695965779291,False
GUT_GENOME025761_6,GUT_GENOME025761_00311,8815,0.08396160349173519,0.06444166523983506,0.06523955876722821,0.004570160634825884,0.06030878625040116,0.06274811122329903,0.2928233369281454,0.019519938251900126,0.6667999368278336,0.002491447543929187,-0.09123836482231135,0.452946594969052,0.7973406330293196,False
GUT_GENOME025761_6,GUT_GENOME025761_00311,8849,0.07052034506282809,0.07476696108894644,0.07079849297334385,0.007309181231036492,0.636792698814116,0.06256049855287796,0.1298554155282149,-0.004246616026118352,-0.330778588086399,0.008237994420465897,-0.01919843434238463,0.10978305421763047,0.9465878215024935,False
GUT_GENOME025761_6,GUT_GENOME025761_00311,8852,0.07807726027502526,0.0636211742531861,0.06336954246606612,0.004731914513235016,0.12167412870806821,0.0623109750005799,0.41149223287527004,0.014456086021839162,0.45424955283211715,0.0010585674654862154,-0.10920125339780912,0.2182675699918309,0.8966104564476665,False
GUT_GENOME025761_6,GUT_GENOME025761_00311,8877,0.07801444863586356,0.06483822473367905,0.0639876901512711,0.0046982901742651925,0.1306378726217889,0.06206432978455868,0.34113241138274697,0.013176223902184508,0.40052855691141015,0.0019233603667124233,-0.09836002616650591,0.17009781964901244,0.9184673612254217,False
GUT_GENOME025761_6,GUT_GENOME025761_00311,8888,0.06379098725930547,0.08177448079196552,0.07288441727066157,0.007489628965455768,0.9566616700842626,0.061944317980872875,0.07204892642653418,-0.017983493532660044,-0.9073709640614782,0.010940099289788695,0.014675725412630175,0.8235374433382433,0.6624774750203057,False
GUT_GENOME025761_6,GUT_GENOME025761_00311,8897,0.06936997965258797,0.06522822296912058,0.06396651989137425,0.004761270139450371,0.3558331012618664,0.061831196059249055,0.3269042117086394,0.00414175668346739,0.021315382969342603,0.0021353238321251966,-0.09570280720689599,0.009613372858410043,0.9952048472010948,False
GUT_GENOME025761_6,GUT_GENOME025761_00311,8912,0.061338480075716156,0.0710875233819279,0.067048270321528,0.006450873277624846,0.8217012004609456,0.06162540032953846,0.20027447919123764,-0.00974904330621175,-0.5617377429269573,0.005422869991989543,-0.054489431262260614,0.31851838994795706,0.8527752952506047,False
GUT_GENOME025761_6,GUT_GENOME025761_00311,8915,0.0590511094103456,0.06702335372227224,0.06452067750493502,0.005014079906667918,0.7773327350394672,0.06167402508745597,0.28510856069725776,-0.007972244311926634,-0.4871582940487744,0.0028466524174790495,-0.08678544118896496,0.24485491626287545,0.8847700854908165,False
GUT_GENOME025761_6,GUT_GENOME025761_00311,8916,0.0587779872045764,0.0763063605719728,0.0698782398543731,0.006922493499781564,0.9630157927473499,0.0616258444285454,0.11660844374333218,-0.017528373367396405,-0.8882677277314924,0.008252395425827695,-0.019017900284733255,0.7893812366605089,0.673888495748932,False
GUT_GENOME025761_6,GUT_GENOME025761_00311,8949,0.05955833424124544,0.06746897788750428,0.06510168065892018,0.005085115923983588,0.7712487864851301,0.06163907659772202,0.24795813637745417,-0.00791064364625884,-0.484572664660864,0.0034626040611981587,-0.07906374074070137,0.24106174243644302,0.8864497211401827,False
GUT_GENOME025761_6,GUT_GENOME025761_00311,8952,0.057897579382049986,0.06655672214412485,0.065029436124542,0.004948995012067885,0.7899894583694724,0.06165933044513128,0.24794596887884235,-0.008659142762074863,-0.5159902035737708,0.0033701056794107204,-0.08022332007358393,0.27268167126773013,0.8725451873096481,False
GUT_GENOME025761_6,GUT_GENOME025761_00311,8971,0.06280925124985,0.07347038354980939,0.06834515529236378,0.006377530784227019,0.8244187758678583,0.06177044547390183,0.15128969119342423,-0.010661132299959394,-0.6000218114683875,0.006574709818461949,-0.040049722893764385,0.36163015454167247,0.8345896790278591,False
GUT_GENOME025761_6,GUT_GENOME025761_00311,8972,0.05874071453744692,0.06632228525167479,0.06323115781941827,0.005056288699561898,0.7626961441144254,0.06167502545594532,0.3791318065390948,-0.007581570714227867,-0.47076014113370385,0.001556132363472948,-0.10296367430373261,0.23221662870634988,0.8903787772729815,False
GUT_GENOME025761_6,GUT_GENOME025761_00311,9027,0.05975885587547442,0.06614131135056514,0.06525839872816348,0.0046909987706946436,0.7173000748415252,0.06160696042719911,0.21816882690203193,-0.006382455475090719,-0.4204284187701056,0.0036514383009643714,-0.0766964746594776,0.1826424045347232,0.9127244946337693,False
GUT_GENOME025761_6,GUT_GENOME025761_00311,9042,0.06091636620467471,0.06705989576979114,0.065321335653242,0.004720690488630598,0.7131647522519986,0.06178846029035626,0.22711517098746803,-0.0061435295651164346,-0.41039973080601216,0.003532875362885733,-0.07818280479828758,0.1745404900117744,0.9164294016965784,False
GUT_GENOME025761_6,GUT_GENOME025761_00311,9081,0.06180010857071199,0.06685525456615361,0.06607642409893968,0.0039129896272237785,0.6774543950385716,0.061811012545330675,0.1378423397854711,-0.005055145995441622,-0.36471586501393616,0.0042654115536090095,-0.06899957574133794,0.13777860364534833,0.9334300033592802,False
GUT_GENOME025761_6,GUT_GENOME025761_00311,9111,0.05721447692968497,0.0657696221650516,0.06476933292310386,0.0034565845013544262,0.7895200378956514,0.06163888818659071,0.18256141130729908,-0.008555145235366629,-0.5116250062433237,0.003130444736513145,-0.0832277604855449,0.2686870071289203,0.8742896913912894,False
GUT_GENOME025761_6,GUT_GENOME025761_00311,9137,0.06610154948254372,0.06605184167051917,0.0657495363771745,0.0031707635018507216,0.49838016717309125,0.061624179929648165,0.09661880325907046,4.9707812024554765e-05,-0.1504444787800081,0.004125356447526332,-0.07075533625670949,0.027639858804188337,0.986275127425524,False
GUT_GENOME025761_6,GUT_GENOME025761_00320,18312,0.06654777134427392,0.06516505628132799,0.06386998624927759,0.0037932870054805754,0.4550616156645394,0.060262758616919494,0.17081478848349424,0.0013827150629459328,-0.09449276649060702,0.003607227632358094,-0.07725070897815538,0.01489655495667604,0.9925793922005919,False
GUT_GENOME025761_6,GUT_GENOME025761_00323,20051,0.0740833300463287,0.06885000689466415,0.06968497745852946,0.003611071897344568,0.3490184353928353,0.06040776453770128,0.005098118421977561,0.00523332315166454,0.06713284790144211,0.009277212920828178,-0.006170570804852386,0.004544895211415857,0.9977301324486363,False
GUT_GENOME025761_6,GUT_GENOME025761_00323,20053,0.07404436183479773,0.06833716486995356,0.06884980651866882,0.0029474672167798623,0.3317030420417232,0.06022950354888676,0.0017242323945449779,0.0057071969648441745,0.08702325077673159,0.008620302969782057,-0.014405733280974983,0.0077805713271125055,0.9961172716944456,False
GUT_GENOME025761_6,GUT_GENOME025761_00323,20314,0.07052632843069692,0.06939805725477981,0.06945720077553133,0.003574310964188018,0.4651774292330988,0.060276725673060604,0.005107573536564994,0.0011282711759171143,-0.10517280679120776,0.009180475102470727,-0.007383296613756003,0.011115832357227419,0.99445750046282,False
GUT_GENOME025761_6,GUT_GENOME025761_00324,21684,0.07650849091279703,0.06876750850831762,0.06969236954643668,0.003259201881884838,0.2920672081031771,0.05997631011147865,0.0014359991049517902,0.007740982404479416,0.17238946142426523,0.009716059434958027,-0.000669097824904168,0.02971857410204752,0.9852505673622876,False
GUT_GENOME025761_6,GUT_GENOME025761_00324,21685,0.0811582174931556,0.06834673873261692,0.06965501259697669,0.003230008642584372,0.18476063658662079,0.0600345940192147,0.0014485524383023739,0.012811478760538689,0.3852187262932964,0.00962041857776199,-0.0018680718960241668,0.14839695677963832,0.9284873908695065,False
GUT_GENOME025761_6,GUT_GENOME025761_00325,22736,0.08468742137068638,0.06953139452042051,0.0708196907337513,0.003214983161396189,0.14419380747199773,0.0597984598229585,0.00030392916947810937,0.015156026850265875,0.48362890378813556,0.011021230910792802,0.015692808621456642,0.23414318082174335,0.8895215096735182,False
GUT_GENOME025761_6,GUT_GENOME025761_00325,22907,0.07979338139411626,0.0704622021580786,0.072164940211408,0.003678704735090877,0.24836459529137428,0.05980147054503505,0.0003885552653004045,0.00933117923603767,0.2391364618935916,0.012363469666372952,0.032519398348630796,0.05824375867594212,0.9712980760857167,False
GUT_GENOME025761_6,GUT_GENOME025761_00325,23311,0.07865707548889854,0.06933139746120831,0.07185596714361851,0.003736410436618893,0.24386600830856442,0.05988362113625787,0.0006771038510587334,0.009325678027690229,0.23890555390229049,0.011972346007360642,0.02761618920239607,0.057838517591422764,0.9714949009682978,False
GUT_GENOME025761_6,GUT_GENOME025761_00325,23331,0.07896743099641154,0.06930486386296661,0.07075261366719354,0.0031570531331685907,0.23231504625731791,0.05962195273558442,0.00021122330430033484,0.009662567133444933,0.25304615389196944,0.011130660931609124,0.017064646572385496,0.06432355816215872,0.9683499106477513,False
GUT_GENOME025761_6,GUT_GENOME025761_00325,23333,0.08136960622320173,0.06895235638112715,0.07094902666176822,0.0034242027569867345,0.18004984344463265,0.05959851770249939,0.000458561936493692,0.012417249842074582,0.3686713421685521,0.011350508959268833,0.019820708076629157,0.13631141900502056,0.9341150116688524,False
GUT_GENOME025761_6,GUT_GENOME025761_00325,23558,0.08199135137896112,0.06846246315468409,0.07078796448349418,0.0034264591230098855,0.1559157498252457,0.05970259928981474,0.0006077351740726039,0.01352888822427703,0.4153313066119977,0.011085365193679447,0.01649680959452768,0.17277223897882732,0.9172399985965642,False
GUT_GENOME025761_6,GUT_GENOME025761_00325,23573,0.07953281905702914,0.06830549675798979,0.07005284588738604,0.003425787159486328,0.19527226466606923,0.05968041646433562,0.001231906320563021,0.011227322299039347,0.3187252646156189,0.010372429423050424,0.007559295561105047,0.10164293725367643,0.9504483402335951,False
GUT_GENOME025761_6,GUT_GENOME025761_00325,23635,0.08050391375461881,0.06563742219999022,0.06737103012314466,0.0030597762887302404,0.1304724694627284,0.0596305084033447,0.00570691134944946,0.014866491554628589,0.4714759349667532,0.007740521719799963,-0.02543485763129267,0.22293648923549822,0.8945197967703312,False
GUT_GENOME025761_6,GUT_GENOME025761_00325,23648,0.08021921276147995,0.06455711770084661,0.06650984873046087,0.002912333123506833,0.12112080862973984,0.059629095197535495,0.009072989480948297,0.015662095060633333,0.5048706358835315,0.006880753532925374,-0.03621309397774813,0.25620574715288275,0.8797628701363597,False
GUT_GENOME025761_6,GUT_GENOME025761_00325,23792,0.08194998720783823,0.0653429469941895,0.06699021277075017,0.0031157921701911295,0.10585216555541649,0.05988899953816799,0.01133045301864159,0.01660704021364874,0.5445338104793467,0.007101213232582178,-0.03344936442361399,0.29763593073550076,0.8617259645915515,False
GUT_GENOME025761_6,GUT_GENOME025761_00325,23925,0.08361911125552036,0.0653756827370638,0.06743423696246854,0.0031973995509135857,0.09441087942357057,0.05989204962895985,0.009165821120993657,0.01824342851845656,0.6132196541317817,0.007542187333508692,-0.027921219564324196,0.37681793871546115,0.8282758984939761,False
GUT_GENOME025761_6,GUT_GENOME025761_00325,24293,0.08968394352263953,0.06797696913337993,0.06979753625062594,0.002928185934526203,0.06707965172923405,0.05990198739796455,0.0003632043146615244,0.0217069743892596,0.7585986998424227,0.009895548852661397,0.001581019584914318,0.5754744870255419,0.7499586228456787,False
GUT_GENOME025761_6,GUT_GENOME025761_00325,24464,0.08672531917780818,0.06768031901911699,0.06906884689514359,0.0026410721331166635,0.09064735926348166,0.06004256274308975,0.00031581085259431565,0.01904500015869119,0.646864861809948,0.009026284152053837,-0.009316267071896768,0.41852094227655795,0.8111839181250412,False
GUT_GENOME025761_6,GUT_GENOME025761_00333,32214,0.08280067055638203,0.0675254263640732,0.06857240384096391,0.0025512432016087526,0.13027012930843057,0.06017319084978308,0.0004970274435055266,0.015275244192308829,0.48863293840031335,0.008399212991180835,-0.01717736414563774,0.23905721032871627,0.8873386249888031,False
GUT_GENOME025761_6,GUT_GENOME025761_00333,32335,0.08456078934949716,0.06998652306685696,0.07065886561302387,0.002415101525015498,0.14229862927773584,0.060716609632800914,1.9216531133203367e-05,0.014574266282640205,0.45921005694494615,0.009942255980222955,0.0021665500425514456,0.21087857033846757,0.899929110231746,False
GUT_GENOME025761_6,GUT_GENOME025761_00333,32598,0.08439518602336096,0.07031456610892155,0.07077918717547836,0.002321048869093424,0.1470013263919422,0.061091179013906614,1.4966298417739311e-05,0.014080619914439416,0.43848971986711927,0.009688008161571747,-0.0010207545377158317,0.19227427636897101,0.9083394395051692,False
GUT_GENOME025761_6,GUT_GENOME025761_00333,32802,0.08248669410105901,0.07106493390321221,0.07154157968267133,0.0025215887983040175,0.19232001305443103,0.06143877559086152,3.080953403409469e-05,0.011421760197846798,0.3268866105983287,0.01010280409180981,0.0041792152214651076,0.10687232202833069,0.9479664562893402,False
GUT_GENOME025761_6,GUT_GENOME025761_00334,34852,0.08133977096127436,0.07187887292280933,0.07236607765134756,0.0027758559663566764,0.2303420691119099,0.06141296009498921,3.9758316134742375e-05,0.009460898038465032,0.24458128532341517,0.010953117556358354,0.014838925163506059,0.06004019883046195,0.9704260283567925,False
GUT_GENOME025761_6,GUT_GENOME025761_00335,35046,0.08217053413587201,0.0718041909732718,0.07227936360143618,0.0026299213758867322,0.21133208854991675,0.061383832879867165,1.7146237652930238e-05,0.010366343162600211,0.2825864837530827,0.010895530721569013,0.014117004388488676,0.08005441061283589,0.9607633009367786,False
GUT_GENOME025761_6,GUT_GENOME025761_00335,35181,0.08299091130819955,0.07177059660795818,0.07232463659757156,0.0026419880788599317,0.19388824362663598,0.0614080203881006,1.798334703881056e-05,0.011220314700241374,0.31843112731703127,0.010916616209470958,0.014381336537034016,0.10160520568498681,0.9504662713561547,False
GUT_GENOME025761_6,GUT_GENOME025761_00335,35477,0.08399312525582475,0.07237367793908835,0.07307368067233377,0.0028407850507913934,0.1890088045590727,0.06139424662823309,1.966844643514526e-05,0.011619447316736406,0.33518433950549453,0.011679434044100684,0.023944182704695068,0.11292186533513043,0.9451034064428858,False
GUT_GENOME025761_6,GUT_GENOME025761_00336,36161,0.08473139011148045,0.07190963029815514,0.0726348973244362,0.0027229427586593718,0.16729454923857862,0.06138438227379663,1.8000698917408734e-05,0.012821759813325312,0.38565026371153,0.011250515050639572,0.018567163229465302,0.14907086545116224,0.9281745857209378,False
GUT_GENOME025761_6,GUT_GENOME025761_00336,36671,0.08587061817121164,0.07037042672486912,0.0713025024432877,0.0027436672282044575,0.1273786266742592,0.06140345697859912,0.00015430619243184565,0.015500191446342515,0.4980748855684807,0.009899045464688581,0.0016248538549142979,0.24808123178410496,0.8833439623511165,False
GUT_GENOME025761_6,GUT_GENOME025761_00337,38040,0.0845135445280144,0.0707905149910471,0.0714831091171287,0.0026467465456893238,0.1527005073003142,0.06137996691715664,6.748931057294361e-05,0.013723029536967302,0.4234802036743539,0.010103142199972055,0.004183453817099351,0.17935298418991208,0.9142268970643019,False
GUT_GENOME025761_6,GUT_GENOME025761_00337,38076,0.07945856717009313,0.07042933186375794,0.07088160199502751,0.0026170246492085987,0.23761540123869457,0.06137066237183947,0.00013939154288616972,0.00902923530633519,0.22646265245214486,0.009510939623188039,-0.003240523290917454,0.05129583394685994,0.9746781968535664,False
GUT_GENOME025761_6,GUT_GENOME025761_00337,38395,0.07728698858810401,0.07000925328833883,0.07039499322318718,0.0025495022421735247,0.2829161848117251,0.061310510428989,0.00018315427224101648,0.007277735299765178,0.15294510453576862,0.009084482794198177,-0.008586676550113507,0.02346593601563346,0.9883355948507345,False
GUT_GENOME025761_6,GUT_GENOME025761_00337,38893,0.07705604335183393,0.07012391676791907,0.07044988622876049,0.002514305499719321,0.29067373253032025,0.06126705329985348,0.00012998423285880421,0.006932126583914858,0.1384385072006075,0.009182832928907009,-0.007353738401458628,0.01921929774440974,0.9904363762570891,False
GUT_GENOME025761_6,GUT_GENOME025761_00338,39709,0.07529781747679136,0.06996243378850148,0.07029950769324897,0.002569916069936626,0.3342807444089703,0.061281794074062326,0.00022493755506391451,0.0053353836882898825,0.07141674191433361,0.009017713619186643,-0.0094237090897196,0.005189157318666199,0.9974087843507166,False
GUT_GENOME025761_6,GUT_GENOME025761_00338,39772,0.07219910033681666,0.06948125627968585,0.06970444420317189,0.002447766867730138,0.4104303218462715,0.061342240111697095,0.00031743987476832097,0.002717844057130811,-0.03845199604450853,0.008362204091474791,-0.0176413155618957,0.0017897720145612832,0.9991055142837885,False
GUT_GENOME025761_6,GUT_GENOME025761_00339,40601,0.07172414476664252,0.0709653300483714,0.07104169621871624,0.0025331212529679232,0.4746854787724385,0.06131379241532597,6.144614969902526e-05,0.0007588147182711197,-0.12068039042016526,0.009727903803390274,-0.0005206143100612593,0.014564027671223355,0.9927444357860279,False
GUT_GENOME025761_6,GUT_GENOME025761_00340,41236,0.072009622151068,0.07150156910555722,0.0715366411557887,0.0024965044765206225,0.48322100027954024,0.061350244321657824,2.2492310083352405e-05,0.000508053045510784,-0.13120587327691438,0.010186396834130876,0.005227151569121831,0.01724230429588429,0.991415903420546,False
GUT_GENOME025761_6,GUT_GENOME025761_00340,41241,0.0716042494628842,0.07155073291651352,0.0715832330270933,0.0023872949321582255,0.49816458379231804,0.06141622079955825,1.0276351651557116e-05,5.351654637067438e-05,-0.15028461077615926,0.01016701222753505,0.004984142029384868,0.022610305907910765,0.9887585101547951,False
GUT_GENOME025761_6,GUT_GENOME025761_00340,41260,0.07031839022184498,0.0716243586217481,0.07159090512624951,0.002355619939376749,0.5468115914532397,0.061691271023684525,1.319566397310707e-05,-0.0013059683999031152,-0.2073476991600419,0.009899634102564982,0.0016322331441822355,0.0429957325320002,0.9787315658197384,False
GUT_GENOME025761_6,GUT_GENOME025761_00340,42034,0.07071725579312958,0.07123337662615624,0.07128960617394646,0.0024572683102095116,0.5184552260679122,0.062100671337808555,9.219631051283183e-05,-0.0005161208330266565,-0.17419459831696052,0.009188934836137905,-0.007277243598204951,0.03039671635719484,0.9849165539718181,False
GUT_GENOME025761_6,GUT_GENOME025761_00340,42035,0.07337081918422533,0.07265193265620931,0.07268063333348902,0.0024350151280256535,0.4756689499996669,0.06281946756644746,2.56378420711197e-05,0.0007188865280160217,-0.12235633825304128,0.00986116576704156,0.001149985930973051,0.014972395978334089,0.9925417537966396,False
GUT_GENOME025761_6,GUT_GENOME025761_00340,42211,0.0712028717990534,0.07307433716737417,0.07298197247731773,0.0030331022500581155,0.5648135705314045,0.0631900588868396,0.0006225341599193192,-0.0018714653683207794,-0.23108389688557088,0.009791913590478138,0.00028182595727085236,0.05339984682569135,0.9736533682717683,False
GUT_GENOME025761_6,GUT_GENOME025761_00340,42247,0.07388452802935745,0.07331587282846956,0.07342131239038961,0.0030712630736847253,0.4810250111055581,0.0636233457902583,0.0007108532920443685,0.0005686552008878909,-0.1286621554093381,0.009797966600131311,0.00035770777011907715,0.01655407818942547,0.9917571212794848,False
GUT_GENOME025761_6,GUT_GENOME025761_00341,42555,0.0759310886172722,0.07298240309942414,0.07315831178416206,0.0031581519744037748,0.40886431267879486,0.0637686735947573,0.0014738342824181755,0.0029486855178480625,-0.02876264515343934,0.009389638189404761,-0.004761183792712443,0.0008499586273306552,0.9995751109772522,False
GUT_GENOME025761_6,GUT_GENOME025761_00342,43598,0.07883152152901717,0.07295096502289225,0.07333895143639273,0.0032300361031997434,0.32763634851332557,0.0639353905259114,0.0017997182904848162,0.005880556506124915,0.09429985273794227,0.00940356091048132,-0.004586645608304347,0.008913499544333774,0.995553166799736,False
GUT_GENOME025761_6,GUT_GENOME025761_00342,43724,0.07750525348207911,0.07197781370683691,0.07242246534050699,0.0035213875830696706,0.3395394665389838,0.06416528529458389,0.009516973758088926,0.005527439775242199,0.07947811360841602,0.008257180045923102,-0.018957919272405088,0.0066761732458913104,0.9966674785940911,False
GUT_GENOME025761_6,GUT_GENOME025761_00343,44146,0.07760785488818912,0.07286385486092763,0.07322664462813974,0.0035833844278446826,0.3592825802469475,0.06432040187907385,0.006469794268447233,0.004744000027261497,0.04659397487263764,0.008906242749065887,-0.010821131560390518,0.002288095382679267,0.9988566064817282,False
GUT_GENOME025761_6,GUT_GENOME025761_00343,44153,0.07787600614037678,0.07225602397548751,0.07268836889605056,0.003557096673789861,0.3346175214818974,0.06447506573179038,0.01047204845916937,0.0056199821648892645,0.08336249244921173,0.00821330316426018,-0.01950796916716516,0.00732986600837195,0.9963417746658875,False
GUT_GENOME025761_6,GUT_GENOME025761_00343,44359,0.07700880236582876,0.0734613778832399,0.07375923434014635,0.0034225191979042387,0.39282076557936774,0.06476041705689305,0.00427808792666697,0.0035474244825888512,-0.003631146229877703,0.008998817283253302,-0.009660597564870027,0.00010651236825312775,0.9999467452339589,False
GUT_GENOME025761_6,GUT_GENOME025761_00344,45217,0.0795315693611056,0.07347356108775151,0.07387919496266077,0.003469417880836053,0.3285564892471385,0.06500701279575277,0.005275110076153595,0.006058008273354093,0.10174822199354082,0.008872182166907994,-0.011248122242530276,0.010479220932829767,0.9947740923495862,False
GUT_GENOME025761_6,GUT_GENOME025761_00344,45242,0.07890581714443369,0.07352141946060115,0.07385644204257202,0.0035145147518219743,0.34062410072792243,0.0652183714280888,0.006989017004912347,0.005384397683832545,0.07347405778779302,0.008638070614483226,-0.01418299431850511,0.005599594495642696,0.99720411852918,False
GUT_GENOME025761_6,GUT_GENOME025761_00344,45346,0.0801399346031406,0.07220094122357182,0.07301627424011191,0.004127537359683364,0.2759867360430309,0.06551777058250288,0.034631409571862455,0.007938993379568784,0.18070078388757987,0.007498503657609026,-0.02846884739065738,0.03346324856933839,0.9834075719334339,False
GUT_GENOME025761_6,GUT_GENOME025761_00344,45349,0.07996158154399688,0.07246283666532602,0.07315329521249107,0.004137582108832618,0.28296663671294786,0.06549812573248229,0.03214558451637989,0.00749874487867086,0.16222177153333,0.007655169480008786,-0.026504851412421992,0.027018410307806485,0.9865816346401486,False
GUT_GENOME025761_6,GUT_GENOME025761_00344,45857,0.07772919410901938,0.07199807303575985,0.07261362786336575,0.004109782085918844,0.32520398087018065,0.06555325949044072,0.042903572718031205,0.005731121073259529,0.08802744248680003,0.0070603683729250355,-0.0339614042474214,0.00890220760922366,0.9955587876764828,False
GUT_GENOME025761_6,GUT_GENOME025761_00344,45931,0.07660473093053338,0.07252997563299603,0.07274009010871955,0.004018832698509471,0.37391867685988234,0.06555722173959848,0.03694433242871722,0.004074755297537355,0.01850306348199005,0.007182868369121076,-0.03242571831300638,0.0013937905663329907,0.9993033474919518,False
GUT_GENOME025761_6,GUT_GENOME025761_00344,46033,0.07729007946212846,0.07266904559016826,0.07298639345140846,0.004076383760582246,0.3590848432302277,0.06557807610926261,0.0345798676866755,0.004621033871960195,0.041432587387313265,0.007408317342145851,-0.029599442169712498,0.002592786274365505,0.9987044468173907,False
GUT_GENOME025761_6,GUT_GENOME025761_00344,46070,0.07712350736104287,0.07286034826399218,0.07311245088702495,0.004080584476578437,0.36999142574190563,0.06560726414341143,0.032939720760112666,0.004263159097050689,0.026411133882442678,0.007505186743613515,-0.028385066807030627,0.0015032600105959035,0.9992486523977758,False
GUT_GENOME025761_6,GUT_GENOME025761_00344,46201,0.07812754435162833,0.0722579173272034,0.07271063387803119,0.004766315761272449,0.32488597049953094,0.0656019594178038,0.06792299319913263,0.0058696270244249366,0.09384109813242397,0.007108674460227379,-0.03335582889133636,0.009918763019727335,0.9950528959180815,False
GUT_GENOME025761_6,GUT_GENOME025761_00344,46214,0.07674985178603812,0.067495325405091,0.0694159445360992,0.004639030843951286,0.23188212939161051,0.0655758160896608,0.20389562886290213,0.00925452638094712,0.235919031162271,0.0038401284464383983,-0.07433101497486289,0.06118288905173788,0.9698717385507186,False
GUT_GENOME025761_6,GUT_GENOME025761_00344,46613,0.07365837242662472,0.06748614379809031,0.06933192282453256,0.0045819030295332,0.30355847883898923,0.0656281792169759,0.20944693137841525,0.006172228628534407,0.10654251283196257,0.003703743607556653,-0.0760407642421443,0.01713350486707828,0.9914698376295361,False
GUT_GENOME025761_6,GUT_GENOME025761_00344,46670,0.07205936544765765,0.06723715133424156,0.06865339498333074,0.004345782814598486,0.3421075667247902,0.06566555562428303,0.24587561159226873,0.004822214113416087,0.04987693679386892,0.0029878393590477142,-0.08501549174388012,0.009715342660393344,0.9951541080739695,False
GUT_GENOME025761_6,GUT_GENOME025761_00344,46738,0.0702679590459816,0.06952997871195701,0.06990935538233828,0.004839791795184016,0.47423321255257356,0.06579632076467182,0.19770783034935702,0.000737980334024585,-0.12155489389513374,0.004113034617666461,-0.07090980532927808,0.019803792721693338,0.990146966005238,False
GUT_GENOME025761_6,GUT_GENOME025761_00344,46961,0.06621284511836867,0.06736210686872393,0.06743067363295495,0.00429195308564805,0.5407340321311741,0.06579814995932158,0.35183595418050295,-0.0011492617503552627,-0.20077008650018802,0.0016325236736333681,-0.10200601663705681,0.050713855063452495,0.9749618591872801,False
GUT_GENOME025761_6,GUT_GENOME025761_00344,46962,0.06514518656282206,0.06592350799035772,0.0660537115571459,0.003867544806659329,0.5273242332853599,0.06585209685659082,0.47921259671405403,-0.0007783214275356581,-0.1852002190410318,0.00020161470055507502,-0.1199441950176339,0.04868573105127434,0.9759510324227999,False
GUT_GENOME025761_6,GUT_GENOME025761_00344,46964,0.06488271685941621,0.06607507283417131,0.06621613223010198,0.003966124744108357,0.5414581701004663,0.06611577052501466,0.48990595164986667,-0.0011923559747551021,-0.2025789256068681,0.00010036170508731512,-0.12121352404445597,0.055730939511308905,0.9725191912455564,False
GUT_GENOME025761_6,GUT_GENOME025761_00344,46967,0.06541341092505594,0.06616449566171828,0.06629688119597986,0.0038660189681141836,0.5258945050991007,0.06628993537273767,0.4992832469018855,-0.0007510847366623413,-0.18405698483101093,6.945823242190952e-06,-0.12238460535266234,0.048854965292409895,0.9758684537504552,False
GUT_GENOME025761_6,GUT_GENOME025761_00344,46971,0.06464292690040584,0.0643021958510198,0.0645791010136681,0.0037925660587486264,0.4879899254933752,0.06601071130214027,0.6470907983512886,0.0003407310493860338,-0.1382290550190912,-0.0014316102884721765,-0.14041864988513014,0.038824668887033696,0.9807748715949295,False
GUT_GENOME025761_6,GUT_GENOME025761_00345,48343,0.0631411685320927,0.062496904792334024,0.06265757066429616,0.0037257230908010466,0.47665830479028687,0.06565340846575432,0.7893291371876657,0.000644263739758677,-0.12548855885868457,-0.002995837801458165,-0.16002813775869162,0.04135638327894432,0.9795341361287468,False
GUT_GENOME025761_6,GUT_GENOME025761_00345,48435,0.06132025527634117,0.06062929611244346,0.06081148353494479,0.003553967750891245,0.4741963245243238,0.0649930418273307,0.8803201447195492,0.0006909591638977058,-0.12352856281601293,-0.004181558292385916,-0.17489258132284813,0.0458467208331587,0.9773373836330365,False
GUT_GENOME025761_6,GUT_GENOME025761_00346,49034,0.05795551455296678,0.06099484262438455,0.0609696609396645,0.0036190890161927544,0.6180855463144127,0.06478392180613217,0.8540421611344163,-0.0030393280714177684,-0.28010382375546533,-0.0038142608664676683,-0.17028806288819587,0.10745617644464694,0.947689759477957,False
GUT_GENOME025761_6,GUT_GENOME025761_00347,50833,0.05597062678770231,0.06054445569124411,0.06041384422382812,0.003673817189890623,0.6845183903000867,0.06461138386544872,0.8733883824440183,-0.004573828903541799,-0.3445130375894524,-0.004197539641620604,-0.17509292690647907,0.14934676612178907,0.9280465525569203,False
GUT_GENOME025761_6,GUT_GENOME025761_00347,50835,0.05532227548728744,0.059292645140392626,0.05884526444109144,0.003833136606235986,0.6655394860464396,0.06449694256808144,0.9298166008833361,-0.003970369653105189,-0.3191834091605983,-0.005651678126990002,-0.193322315380089,0.13925156630730048,0.9327428026743324,False
GUT_GENOME025761_6,GUT_GENOME025761_00347,50842,0.054550795745409324,0.05955391004769394,0.05918177804415562,0.0037285405098948557,0.7072654862473052,0.06435423917226937,0.917318998315156,-0.005003114302284617,-0.36253188415153736,-0.005172461128113752,-0.18731474944082876,0.1665161823845442,0.9201136433453772,False
GUT_GENOME025761_6,GUT_GENOME025761_00347,50843,0.054069624630966574,0.060434891310456734,0.05991577569276938,0.003923836863726836,0.753248570795274,0.06424109870605305,0.8648386648618751,-0.00636526667949016,-0.4197069354132979,-0.004325323013283665,-0.17669484635634625,0.20737498036291502,0.9015069831878592,False
GUT_GENOME025761_6,GUT_GENOME025761_00347,50866,0.0543857321519108,0.06055819221087082,0.060203451970358576,0.0039865731952648965,0.7492836313499034,0.06415337998447078,0.8391102921396837,-0.006172460058960015,-0.4116140607856934,-0.003949928014112203,-0.17198881502590618,0.1990062875305039,0.9052871038538942,False
GUT_GENOME025761_6,GUT_GENOME025761_00347,51048,0.0546327826875245,0.0605060187748731,0.06014230983910441,0.004147630081659442,0.7404712189194849,0.06420341774509948,0.8362444394960336,-0.0058732360873485975,-0.3990544189997078,-0.004061107905995072,-0.1733825897316708,0.18930595174525522,0.9096885635795623,False
GUT_GENOME025761_6,GUT_GENOME025761_00347,51101,0.05458065546061214,0.06043845620851353,0.05982837802536345,0.0041923693065056,0.7416295021335984,0.06426973906962836,0.8552892749594172,-0.00585780074790139,-0.39840653529821823,-0.004441361044264916,-0.17814952372425363,0.19046502017150882,0.9091615206681283,False
GUT_GENOME025761_6,GUT_GENOME025761_00347,51117,0.05415924131986605,0.0603999497776131,0.05955638273679618,0.004275592322120536,0.7560630862642361,0.06432981540547156,0.8678825987061254,-0.006240708457747053,-0.4144787224523912,-0.00477343266867538,-0.1823124440398543,0.20503043861755135,0.9025644132419006,False
GUT_GENOME025761_6,GUT_GENOME025761_00347,51132,0.05392933649075833,0.059196780274348965,0.059020645573380555,0.004298068786465008,0.7151956086717539,0.06433568184477644,0.8918841089636883,-0.0052674437835906335,-0.37362686287533514,-0.00531503627139588,-0.18910210167702948,0.1753566375207341,0.9160555072033657,False
GUT_GENOME025761_6,GUT_GENOME025761_00347,51138,0.053524938095095814,0.05867747134005298,0.058291427903761024,0.004106257942541194,0.716517587445409,0.06425001733281047,0.9266239418503681,-0.0051525332449571665,-0.36880360224250974,-0.005958589429049442,-0.19716982055822316,0.17489203516601326,0.9162683326950656,False
GUT_GENOME025761_6,GUT_GENOME025761_00347,51258,0.05384080524203949,0.05905229258688671,0.05865306686794524,0.004126203641911765,0.718022029133459,0.06439314140438765,0.9179065862960964,-0.005211487344847221,-0.3712781445475489,-0.005740074536442409,-0.19443047151775622,0.17565066887328767,0.9159208425826149,False
GUT_GENOME025761_6,GUT_GENOME025761_00347,51428,0.05340248784830611,0.05881312410869932,0.058386673187923,0.004041779745238482,0.7269219210090359,0.06453877063575136,0.9360112255478298,-0.00541063626039321,-0.3796372309798797,-0.006152097447828367,-0.1995956781244532,0.18396286187203087,0.9121220866412255,False
GUT_GENOME025761_6,GUT_GENOME025761_00348,52294,0.052623186100507265,0.05799201158962661,0.05732642419070518,0.0037320157159878293,0.7318217233060635,0.0646303604431504,0.9748322744082758,-0.005368825489119343,-0.37788226359819715,-0.007303936252445221,-0.2140353736827515,0.18860614632961242,0.9100069217651804,False
GUT_GENOME025761_6,GUT_GENOME025761_00349,52957,0.05494374663745586,0.05842210270875,0.057882515194977543,0.003790541047428044,0.645516275894241,0.06467739944939385,0.9634807103722516,-0.003478356071294139,-0.29853160673946255,-0.0067948842544163085,-0.20765378986614616,0.1322412166682187,0.9360179659159477,False
GUT_GENOME025761_6,GUT_GENOME025761_00349,53322,0.053906300058217484,0.05609975306350616,0.055936575366855285,0.0036860072659244047,0.5954504076247824,0.06450470246151505,0.9899506674911525,-0.002193453005288677,-0.24459902188726868,-0.008568127094659761,-0.22988353821410606,0.1126751226500449,0.9452200123117438,False
GUT_GENOME025761_6,GUT_GENOME025761_00349,53986,0.05262027990422808,0.05659196819373047,0.05626684184043206,0.0036465767398812803,0.672772121884867,0.06454728910345545,0.9884188017373934,-0.003971688289502388,-0.3192387576699627,-0.008280447263023384,-0.2262771228281671,0.15311472071405458,0.9262997798788442,False
GUT_GENOME025761_6,GUT_GENOME025761_00349,54006,0.05168621555519243,0.056571174681365806,0.056200988566744915,0.0034744587164752486,0.7074687847917743,0.06468421744356335,0.9926887754792835,-0.0048849591261733785,-0.3575724329447191,-0.00848322887681844,-0.22881923614843763,0.1802162876335601,0.9138323546086375,False
GUT_GENOME025761_6,GUT_GENOME025761_00351,55394,0.0509128871542315,0.05627006757454463,0.0558924656595479,0.003427147957173165,0.7179856174783554,0.06470589174273664,0.9949392465046875,-0.005357180420313128,-0.37739347290408404,-0.00881342608318874,-0.232958658361925,0.1966955698963937,0.9063336397371137,False
GUT_GENOME025761_6,GUT_GENOME025761_00352,56571,0.05066763304217638,0.05616741286989391,0.0557230416671109,0.0034759029395718647,0.7236397170002511,0.06492616343230272,0.9959478384611473,-0.00549977982771753,-0.38337894748437257,-0.009203121765191814,-0.23784396608549974,0.20354916957750563,0.9032331312101294,False
GUT_GENOME025761_6,GUT_GENOME025761_00352,56605,0.05125187857090413,0.05532074916289622,0.05475038852549827,0.004324748905200497,0.6706169176645047,0.06527589854403223,0.9925290711149976,-0.0040688705919920895,-0.3233178924419355,-0.010525510018533968,-0.2544217057063508,0.16926486390762394,0.9188499622232212,False
GUT_GENOME025761_6,GUT_GENOME025761_00352,56752,0.05032047984248787,0.05651042316471916,0.05564057477517182,0.004395255488563072,0.7464876950976644,0.06496949322846418,0.9831020056166191,-0.006189943322231287,-0.4123479041430779,-0.00932891845329236,-0.23942098004885404,0.22735319973874274,0.8925465588865044,False
GUT_GENOME025761_6,GUT_GENOME025761_00352,56757,0.049016561522608054,0.05037187398025787,0.05028048752086817,0.003739948101315853,0.5577192357992022,0.06486607478459841,0.9999518924825476,-0.0013553124576498182,-0.20941886908078072,-0.014585587263730243,-0.3053196951896188,0.13707637899775493,0.9337577996801576,False
GUT_GENOME025761_6,GUT_GENOME025761_00352,56790,0.05006622664810288,0.04939107927336158,0.050133063036185616,0.003901866450670693,0.4716253576751293,0.0648838734176755,0.9999217273699852,0.0006751473747413014,-0.124192247636218,-0.014750810381489884,-0.30739096723747766,0.10991292111212776,0.9465263582876505,False
GUT_GENOME025761_6,GUT_GENOME025761_00352,56792,0.050570548984294014,0.04937325436380216,0.0500220892884442,0.003949409493368132,0.45022128247702575,0.0648021380349445,0.9999088441287118,0.0011972946204918539,-0.10227561331427819,-0.014780048746500303,-0.30775750558267023,0.10517498332127906,0.9487713078470819,False
GUT_GENOME025761_6,GUT_GENOME025761_00352,56848,0.051806740463732556,0.0516470679326084,0.05182148469332343,0.003850814768947823,0.49352194740027117,0.06479329655906399,0.9996222298564309,0.00015967253112415813,-0.1458288142209496,-0.012971811865740562,-0.28508906452060434,0.10254181776632154,0.9500212664671996,False
GUT_GENOME025761_6,GUT_GENOME025761_00352,56879,0.0513856992178981,0.050875317953446075,0.05117585503687219,0.003695257401812633,0.47967588058398797,0.06466689522568675,0.9998693419441824,0.000510381264452027,-0.13110814849990576,-0.013491040188814557,-0.2915982209063611,0.10221886903882832,0.9501746829328279,False
GUT_GENOME025761_6,GUT_GENOME025761_00352,56891,0.054333840297867864,0.051016924732661555,0.05175227797132585,0.0037710764328457783,0.3783045659858969,0.0645122781454543,0.9996423534873949,0.003316915565206309,-0.01330653893056604,-0.012760000174128441,-0.2824337482295505,0.07994588611730379,0.9608154355275158,False
GUT_GENOME025761_6,GUT_GENOME025761_00352,56895,0.05414676969598988,0.05079567313091418,0.05163633820020719,0.0038060671574332446,0.3756763246090676,0.06427798666323324,0.9995522392650088,0.0033510965650756994,-0.011871823951233203,-0.012641648463026053,-0.2809500660769157,0.07907387983255237,0.961234445414825,False
GUT_GENOME025761_6,GUT_GENOME025761_00352,56897,0.05399833113050884,0.05012200703508927,0.05129697335989735,0.0039279406807313354,0.3580111245810804,0.06412154152051054,0.9994526018069501,0.0038763240954195755,0.010174102388597733,-0.012824568160613191,-0.28324318620291533,0.08033021488979303,0.9606308187580056,False
GUT_GENOME025761_6,GUT_GENOME025761_00352,56904,0.05099898809460415,0.04996126709424751,0.05069276122353946,0.0038393014930663298,0.45862501174886466,0.06398870694430492,0.9997330207445082,0.0010377210003566437,-0.10897356433938485,-0.013295945720765458,-0.28915247527559623,0.09548439168283435,0.9533795406082791,False
GUT_GENOME025761_6,GUT_GENOME025761_00352,56954,0.054723655813509485,0.04974650243167294,0.051314418028000776,0.0038296974696556416,0.3182718662802617,0.06397023706019131,0.999524528745965,0.0049771533818365465,0.056380365310855385,-0.012655819032190534,-0.2811277113375223,0.08221153567445877,0.9597276162651506,False
GUT_GENOME025761_6,GUT_GENOME025761_00352,56993,0.05408849351545889,0.049244331790714635,0.050532164411139044,0.0037696656997931247,0.3218305418383456,0.0640261527201525,0.9998279559640527,0.004844161724744257,0.05079816691742944,-0.013493988309013452,-0.2916351791664672,0.08763153148962843,0.9571302774142366,False
GUT_GENOME025761_6,GUT_GENOME025761_00352,57003,0.05277080742143945,0.04945540110615325,0.050473305236130396,0.0038233708228260052,0.37567968263308976,0.06414933515477145,0.9998261907947806,0.0033154063152862,-0.01336988826137004,-0.013676029918641051,-0.29391729139556466,0.08656612809342679,0.9576402781653917,False
GUT_GENOME025761_6,GUT_GENOME025761_00352,57115,0.053675882598638223,0.0489665753654618,0.05011433543880345,0.0037624214885179016,0.32626173123995,0.06418256304632874,0.9999076752378065,0.0047093072331764255,0.045137777817579126,-0.014068227607525297,-0.2988339648080744,0.09133915750922258,0.9553575804858837,False
GUT_GENOME025761_6,GUT_GENOME025761_00352,57353,0.053586341473590725,0.05001947002260648,0.050738692433591276,0.0039854973882673264,0.364858744563605,0.06422763264729224,0.9996434678247422,0.0035668714509842422,-0.0028148782164757486,-0.013488940213700965,-0.2915718951729349,0.08502209359411055,0.9583798784344514,False
GUT_GENOME025761_6,GUT_GENOME025761_00352,57389,0.0536656546007835,0.050772241492870254,0.05213942607796377,0.0041023996147089665,0.38649862553641534,0.0648340576725272,0.9990140776575301,0.0028934131079132452,-0.031082652022177023,-0.012694631594563431,-0.2816142738515266,0.08027273049365435,0.9606584297960689,False
GUT_GENOME025761_6,GUT_GENOME025761_00355,59919,0.05650990676676884,0.05164092549275241,0.053445407905338575,0.004297988820356891,0.31758767115864706,0.06529142265079811,0.9970759263266961,0.004868981274016429,0.05183994390631625,-0.011846014745459536,-0.27097583304054984,0.07611528187622996,0.9626574508134166,False
GUT_GENOME025761_6,GUT_GENOME025761_00355,59970,0.0571970073563776,0.04819146168589069,0.052123197550060923,0.004562652996515922,0.18486085021877918,0.0657450746833478,0.9985845020240732,0.009005545670486913,0.22546830250520547,-0.013621877133286872,-0.2932384205926242,0.13682472674623564,0.9338752981985259,False
GUT_GENOME025761_7,GUT_GENOME025761_00379,27397,0.05919137216474254,0.057026217573077194,0.05744759612249592,0.0034361294457035956,0.41892915452889684,0.0624005939416869,0.9252707526613095,0.002165154591665344,-0.061650611007579424,-0.00495299781919098,-0.18456351085226974,0.03786448737572377,0.9812458455902454,False
GUT_GENOME025761_7,GUT_GENOME025761_00379,27783,0.06085636037371486,0.058173904521058556,0.05869424800179439,0.0035532821751764155,0.40284245499736093,0.06244533287835129,0.8544399483522715,0.002682455852656307,-0.039937382289652615,-0.0037510848765568983,-0.1694960752791232,0.030323914039176055,0.9849524067284471,False
GUT_GENOME025761_7,GUT_GENOME025761_00379,27787,0.05981627035652594,0.05775803639493409,0.05823070605960555,0.003533443742178795,0.42394806385674805,0.06248752812018436,0.8858449339692576,0.0020582339615918474,-0.06613850282327564,-0.004256822060578813,-0.17583610388426876,0.03529263698490379,0.9825084659896838,False
GUT_GENOME025761_7,GUT_GENOME025761_00379,27857,0.05971971033409357,0.05759201352612746,0.058420163093681025,0.003860968021016581,0.4220479388846813,0.06251571275690135,0.8555998733378841,0.002127696807966109,-0.06322286587347725,-0.004095549663220323,-0.17381435890530172,0.034208562130916734,0.9830411667094094,False
GUT_GENOME025761_7,GUT_GENOME025761_00380,28649,0.059939527510918134,0.057868631287216844,0.05843840099259934,0.0037724178985647436,0.4232445162403667,0.06251162386601997,0.8598705615091427,0.0020708962237012893,-0.06560701640713591,-0.004073222873420629,-0.17353446553288757,0.034418491329631144,0.9829379876023656,False
GUT_GENOME025761_7,GUT_GENOME025761_00381,30038,0.05853528813112709,0.05768949091086028,0.05787681456350694,0.0037971919348607844,0.4676446927923478,0.06255715367906804,0.8911335659222872,0.000845797220266814,-0.11702938257867648,-0.004680339115561101,-0.18114540351298336,0.04650953360062779,0.9770135414496854,False
GUT_GENOME025761_7,GUT_GENOME025761_00382,30641,0.057046777035369776,0.056615874409366385,0.056819072684724144,0.0037116650531541797,0.483205360022416,0.06265101910137451,0.9419374766272434,0.00043090262600339185,-0.13444418880168027,-0.0058319464166503646,-0.19558219689395814,0.05632763564440886,0.9722290853035909,False
GUT_GENOME025761_7,GUT_GENOME025761_00382,30661,0.058051758054163,0.05695225852775853,0.057323134823758816,0.003795226272407134,0.4581481922455029,0.0627077586239828,0.922019672548937,0.0010994995264044724,-0.10638046943108471,-0.005384623800223982,-0.1899744656978495,0.04740710189356135,0.9765751716354685,False
GUT_GENOME025761_7,GUT_GENOME025761_00382,30813,0.05823550253557595,0.05583600668664802,0.05634071214231775,0.003521995042370993,0.4087783032458267,0.0627806065029514,0.9662611609772174,0.0023994958489279364,-0.05181435948319336,-0.0064398943606336564,-0.20320356126475844,0.04397641515933403,0.9782517709392663,False
GUT_GENOME025761_7,GUT_GENOME025761_00382,30967,0.05835644795292262,0.056190394281451145,0.05648430632448435,0.0033817822694452754,0.41794085413013915,0.06281974960431791,0.9694936674793997,0.0021660536714714768,-0.061612872987322466,-0.006335443279833562,-0.20189414036190018,0.044557390030222584,0.9779676423609963,False
GUT_GENOME025761_7,GUT_GENOME025761_00384,32620,0.0576873214353113,0.056282182044340205,0.0565252776899844,0.0033910868741270153,0.44594786159196376,0.06283786144446338,0.9686647710388394,0.0014051393909710955,-0.09355152663682542,-0.006312583754478976,-0.20160756850357733,0.04939749981400528,0.9756037684899533,False
GUT_GENOME025761_7,GUT_GENOME025761_00384,32621,0.05756346866993126,0.05666870728869783,0.05675069011298046,0.0034084052234691574,0.4656431361358671,0.06298170952464163,0.966235232928504,0.0008947613812334346,-0.114974158464177,-0.006231019411661175,-0.20058506060231462,0.053453423651379915,0.9736272859927249,False
GUT_GENOME025761_7,GUT_GENOME025761_00384,32654,0.05570709204373296,0.05675382303827861,0.056611983685319826,0.003528156179164616,0.5423131027234095,0.06317683014692842,0.9686068483999108,-0.0010467309945456499,-0.19646645548399586,-0.006564846461608591,-0.20476998730477017,0.08052981583124066,0.9605349521339483,False
GUT_GENOME025761_7,GUT_GENOME025761_00386,34829,0.05427534874636173,0.05583227307676594,0.05560849926891618,0.003504842179594645,0.563289282902203,0.06331424375073766,0.9860467959341691,-0.0015569243304042121,-0.21788133580081098,-0.007705744481821479,-0.21907252686925316,0.09546504851922541,0.9533887613410863,False
GUT_GENOME025761_7,GUT_GENOME025761_00386,34934,0.05351060126936274,0.05644255235207209,0.05610795715226901,0.003631862630421115,0.6200584185525319,0.06349316932841403,0.978996475325997,-0.0029319510827093484,-0.27559677671985233,-0.007385212176145024,-0.21505426590077764,0.12220192062049451,0.940728258764571,False
GUT_GENOME025761_7,GUT_GENOME025761_00386,34937,0.05435860070677047,0.05520518958447817,0.05510722463544929,0.0037105029005041336,0.5351319614405036,0.06361390156295803,0.989064306800091,-0.0008465888777077005,-0.18806568037150614,-0.008506676927508741,-0.22911318588519453,0.08786155208006122,0.9570202039083852,False
GUT_GENOME025761_7,GUT_GENOME025761_00386,35124,0.05465414678312912,0.05503659834319712,0.0549449598346611,0.0037935906690095503,0.5157999254328475,0.06371596879493045,0.9896128094164851,-0.0003824515600680048,-0.16858395764164058,-0.008771008960269354,-0.23242690831238694,0.08244281848177319,0.9596166384334168,False
GUT_GENOME025761_7,GUT_GENOME025761_00386,35189,0.05358734799771176,0.05516466256388002,0.054987594555546984,0.0033990947075803013,0.5662431943251481,0.0637464561305811,0.9950143338980022,-0.0015773145661682614,-0.21873719656540513,-0.00875886157503411,-0.23227462611463218,0.10179746309798485,0.9503749086542778,False
GUT_GENOME025761_7,GUT_GENOME025761_00386,35222,0.053698779013284514,0.05458139046977855,0.05453328829437106,0.0032898652396410734,0.5371422855619145,0.06378839313855289,0.9975475731076616,-0.0008826114564940354,-0.1895776938753953,-0.009255104844181829,-0.23849563698926693,0.09281987087802929,0.9546505368797014,False
GUT_GENOME025761_7,GUT_GENOME025761_00386,35232,0.05366179646856932,0.05398785449930423,0.05401866574439129,0.0033015267931435833,0.5138524886925776,0.06389483805488004,0.9986114720495941,-0.00032605803073491174,-0.1662168928518218,-0.009876172310488748,-0.2462814704745511,0.0882826181684212,0.9568187407395858,False
GUT_GENOME025761_7,GUT_GENOME025761_00387,35645,0.05515225057876209,0.05408555866334023,0.054255550409896436,0.003247710248959464,0.45569564760787135,0.06393746274405866,0.9985641608581215,0.001066691915421858,-0.10775753771734725,-0.009681912334162227,-0.2438461862090151,0.07107264946358718,0.965087677042257,False
GUT_GENOME025761_7,GUT_GENOME025761_00387,35667,0.05569862613832182,0.05435860875333636,0.0545449786595536,0.0032171807013961795,0.4456380028831342,0.06394567589974733,0.9982612075588913,0.001340017384985459,-0.0962849609374254,-0.009400697240193726,-0.24032081414564369,0.06702488741434655,0.967042877558139,False
GUT_GENOME025761_7,GUT_GENOME025761_00387,35868,0.05740031098825536,0.055613378447649124,0.055939509736230256,0.0035366692055108324,0.4295222073476509,0.06397445041632631,0.9884535700555344,0.0017869325406062384,-0.07752612208806223,-0.008034940680096053,-0.22319940023293988,0.055828271870357216,0.9724718636036416,False
GUT_GENOME025761_7,GUT_GENOME025761_00387,35897,0.05737408351670444,0.05597869560841719,0.05618976503183215,0.003620002257217978,0.44420807312887456,0.06395586713961669,0.9840367936594863,0.0013953879082872558,-0.0939608358533688,-0.007766102107784542,-0.2198291828701058,0.05715350831560213,0.971827699466847,False
GUT_GENOME025761_7,GUT_GENOME025761_00387,35943,0.05656675404712463,0.0565872236059391,0.056568850126831494,0.0036116159797364754,0.5008162477918933,0.06397228969467222,0.9798127423493889,-2.0469558814475985e-05,-0.15339010721503576,-0.0074034395678407305,-0.2152827683490828,0.06987519533948502,0.9656656741657476,False
GUT_GENOME025761_7,GUT_GENOME025761_00387,36090,0.05752216408454564,0.056295910854751795,0.05644962961610559,0.0036376718273158143,0.45332955428539734,0.0640695340535227,0.9819020610669051,0.0012262532297938472,-0.10106010321495475,-0.007619904437417106,-0.21799641786603005,0.057735582664238096,0.9715449026334619,False
GUT_GENOME025761_7,GUT_GENOME025761_00387,36213,0.0574193486744343,0.057277320144310986,0.05736806186733922,0.003828062266590486,0.49451442431846143,0.06430555454762561,0.9650279634821073,0.00014202853012331568,-0.14656940439174626,-0.006937492680286393,-0.20944155933992867,0.06534835708249212,0.9678538557762605,False
GUT_GENOME025761_7,GUT_GENOME025761_00387,36231,0.058284666093121974,0.054555759351589635,0.05612017616652636,0.004600241511708931,0.3614054284065682,0.0645728169036805,0.9669270835209104,0.0037289067415323396,0.003986399084311705,-0.008452640737154134,-0.22843577674189836,0.05219879547333383,0.9742382477190992,False
GUT_GENOME025761_7,GUT_GENOME025761_00387,36273,0.05797956551937901,0.054824161549013546,0.0560010463999564,0.004305622228525748,0.38127045035162693,0.06470294729107445,0.9783629827618362,0.0031554039703654627,-0.02008583460183194,-0.008701900891118053,-0.23156055489976812,0.054023731337140675,0.9733496920109671,False
GUT_GENOME025761_7,GUT_GENOME025761_00388,36492,0.059537564960504226,0.055517879329632855,0.05629007473433969,0.004084002355495509,0.3543316980370027,0.06493932542743162,0.9829055564415032,0.004019685630871371,0.016191566569247372,-0.008649250693091935,-0.2309005208502692,0.053577217356891964,0.9735670233930164,False
GUT_GENOME025761_7,GUT_GENOME025761_00388,37251,0.058860634755464006,0.055439874751326966,0.056034500990999755,0.004109979648518655,0.37214373288880237,0.06495860113639888,0.985046680089554,0.00342076000413704,-0.00894776731406474,-0.008924100145399128,-0.23434609187962954,0.05499815331916242,0.9728755808483855,False
GUT_GENOME025761_7,GUT_GENOME025761_00388,37590,0.05634204485341778,0.055172382842703836,0.05548049010594977,0.003950708456545077,0.4540928729310292,0.06528573847998037,0.993465733430871,0.0011696620107139455,-0.1034354658439851,-0.0098052483740306,-0.24539235296423037,0.07091630248768363,0.9651631242610984,False
GUT_GENOME025761_7,GUT_GENOME025761_00388,37595,0.053981809185496304,0.05529618467397906,0.055189044879200996,0.004028434923607847,0.5533319437956079,0.06541530547452036,0.9944338700043943,-0.0013143754884827538,-0.20770057871195302,-0.010226260595319364,-0.25067025146649075,0.10597510536755389,0.9483918173416824,False
GUT_GENOME025761_7,GUT_GENOME025761_00388,37629,0.0537161702406083,0.05542627034594173,0.055299316040205215,0.003992634615241474,0.5700930034155772,0.06549334797006232,0.9946632336014903,-0.0017101001053334355,-0.22431074335476242,-0.0101940319298571,-0.25026622608059473,0.11294849350098946,0.945090823341522,False
GUT_GENOME025761_7,GUT_GENOME025761_00389,38660,0.05470553357912234,0.055128637607274066,0.05519855790374746,0.003965209149495677,0.5169512986761224,0.065585771912024,0.9955981962608489,-0.00042310402815172454,-0.17029030634792267,-0.010387214008276538,-0.2526879975893466,0.09285001256178299,0.954636149600827,False
GUT_GENOME025761_7,GUT_GENOME025761_00389,39035,0.05428363469366276,0.05812452938341394,0.05731738031328462,0.0045247063449289585,0.6491861241115097,0.06569766783162571,0.9679955194326609,-0.0038408946897511773,-0.31374882064410137,-0.008380287518341092,-0.22752874144482763,0.15020765063903171,0.9276471680648799,False
GUT_GENOME025761_7,GUT_GENOME025761_00389,39057,0.05544554678853278,0.058190419884089434,0.057534636209493215,0.004506830843374945,0.605045119831958,0.0653623588844949,0.9587938312303683,-0.0027448730955566547,-0.26774435603300856,-0.007827722675001689,-0.22060167137038794,0.12035213759893909,0.9415987328300357,False
GUT_GENOME025761_7,GUT_GENOME025761_00390,39365,0.05527112254524088,0.058011788923585106,0.05756418623434858,0.0044549893354520025,0.608352935516016,0.06502622831161955,0.9530314514983401,-0.0027406663783442267,-0.2675677830766425,-0.007462042077270976,-0.21601742183682193,0.11825604507757667,0.9425860891682234,False
GUT_GENOME025761_7,GUT_GENOME025761_00390,39549,0.056322635277368846,0.057524639564231275,0.05744224850246783,0.004572593907873846,0.5477502104737931,0.06416408672734006,0.9292228301672069,-0.0012020042868624292,-0.20298390433652946,-0.006721838224872226,-0.20673806934680675,0.08394309473694642,0.9588970633291647,False
GUT_GENOME025761_7,GUT_GENOME025761_00391,41291,0.05345953731822789,0.056430021143045274,0.0557270088618954,0.00456139117693345,0.6188664310578281,0.0635691823561286,0.957215604177147,-0.002970483824817384,-0.2772141519431756,-0.007842173494233204,-0.22078282990527553,0.12559274401855589,0.939134688329748,False
GUT_GENOME025761_7,GUT_GENOME025761_00391,41449,0.05438683950665931,0.05589998989446929,0.055539324189358856,0.00440325138254414,0.5583541430183568,0.06342833503090116,0.9634041198088147,-0.0015131503878099764,-0.216043966169016,-0.007889010841542303,-0.2213699928252873,0.09567966904150668,0.9532864584333123,False
GUT_GENOME025761_7,GUT_GENOME025761_00392,41838,0.054495259945317155,0.056631869233539536,0.05636224053127748,0.004200275646425199,0.583855751708261,0.0632746721443517,0.9500881618004283,-0.002136609288222381,-0.2422130608952672,-0.00691243161307422,-0.20912738848593473,0.1024014314832015,0.9500879537849106,False
GUT_GENOME025761_7,GUT_GENOME025761_00392,42078,0.05654369966323041,0.05639152037882372,0.05649429641748052,0.004059790638854349,0.4943331167287226,0.06323355486884684,0.9515429221643125,0.000152179284406688,-0.14614333612933353,-0.006739258451366317,-0.2069564530009457,0.06418884813374401,0.9684151360663455,False
GUT_GENOME025761_7,GUT_GENOME025761_00392,42352,0.05504333737631091,0.05587615128750241,0.05583265361240431,0.004054530280613385,0.5315166140052889,0.06313391525226127,0.9641301415637099,-0.0008328139111914989,-0.18748748924555547,-0.0073012616398569555,-0.2140018441720629,0.08094834793264616,0.9603339658084942,False
GUT_GENOME025761_7,GUT_GENOME025761_00392,42373,0.05450618579218458,0.05676657577508946,0.05642447771377526,0.004009782377393278,0.5877299856029895,0.06284959491492723,0.9454620513063164,-0.002260389982904877,-0.24740863789687023,-0.006425117201151964,-0.20301831165927825,0.10242746897496849,0.9500755849117871,False
GUT_GENOME025761_7,GUT_GENOME025761_00392,42408,0.05304988064377999,0.05641528202883834,0.05592271133262391,0.003908087726449375,0.6332348922658034,0.06269119703303302,0.9583558777812232,-0.0033654013850583503,-0.29379044115192654,-0.006768485700409117,-0.20732285199401052,0.12929558827117402,0.937397562161307,False
GUT_GENOME025761_7,GUT_GENOME025761_00392,42412,0.0527043576947152,0.05660100741279055,0.05606653839100498,0.003761839591608309,0.6558837621254001,0.06264296447720083,0.9597847956124252,-0.0038966497180753443,-0.3160890849609871,-0.006576426086195852,-0.20491515193462048,0.1419025291238627,0.9315072884371447,False
GUT_GENOME025761_7,GUT_GENOME025761_00392,42697,0.052933141046178,0.05672242051581522,0.05619493060266452,0.00374918396671501,0.6493964693300741,0.06250935079264107,0.9539296362661004,-0.0037892794696372176,-0.3115823208418128,-0.0063144201899765495,-0.20163059044848067,0.13773843766577332,0.9334487496127447,False
GUT_GENOME025761_7,GUT_GENOME025761_00392,42880,0.053100027102604135,0.05737639067685107,0.056820165537625124,0.0037638527375868534,0.6671267859939257,0.062412586251450956,0.9313370890210572,-0.004276363574246933,-0.3320272131430556,-0.0055924207138258325,-0.1925794518802371,0.14732891555403663,0.9289833546906219,False
GUT_GENOME025761_7,GUT_GENOME025761_00392,43113,0.05142552794312795,0.05682197287795101,0.05625170348428593,0.003632579331128986,0.7128001240170413,0.0623948166381804,0.9545926783391141,-0.0053964449348230595,-0.37904156357840274,-0.006143113153894472,-0.19948304911013998,0.18346599380223885,0.9123487169617044,False
GUT_GENOME025761_7,GUT_GENOME025761_00392,43334,0.05278857444857187,0.05651212024281129,0.05617582676510159,0.0037074013462697103,0.6485570280880284,0.06240842898034626,0.9536306060628413,-0.003723545794239419,-0.3088232122990496,-0.006232602215244666,-0.200604902963748,0.1356141035477986,0.9344407548702247,False
GUT_GENOME025761_7,GUT_GENOME025761_00393,44125,0.05085394451546353,0.05632776665380957,0.05572835264119211,0.0036738136451454732,0.7179734175621544,0.06242786761127479,0.965892654363379,-0.005473822138346039,-0.38228939814665713,-0.0066995149700826845,-0.20645822029002964,0.18877018066065976,0.909932288637491,False
GUT_GENOME025761_7,GUT_GENOME025761_00393,44232,0.05034381080933395,0.055302367480582794,0.0547049002029382,0.003852816818355481,0.7003298514818305,0.06242261090053309,0.977418578762915,-0.004958556671248844,-0.360661619942331,-0.007717710697594887,-0.21922253788820853,0.17813532521757341,0.9147836748304459,False
GUT_GENOME025761_7,GUT_GENOME025761_00393,44547,0.05032205089949782,0.05482746253660772,0.05425775772156698,0.0040063543520745875,0.685639797185174,0.062410647532638995,0.97907404493505,-0.0045054116371099,-0.34164128786387593,-0.008152889811072012,-0.22467803555572294,0.16719898923446644,0.9197995670126041,False
GUT_GENOME025761_7,GUT_GENOME025761_00393,44574,0.0500667948097192,0.0549362797840913,0.05425637944132629,0.003951559711138905,0.6988399295726188,0.062414480684428175,0.9805161060177323,-0.004869484974372104,-0.35692292013155996,-0.008158101243101887,-0.2247433671729879,0.1779035520034924,0.914889692149573,False
GUT_GENOME025761_7,GUT_GENOME025761_00393,44596,0.05072273656852972,0.05480454918125075,0.05438234436013009,0.0039022522862636033,0.6676318856969958,0.06245565127336599,0.9807215084391578,-0.004081812612721031,-0.3238611214602088,-0.008073306913235899,-0.22368036746901276,0.1549189327845367,0.9254645360528643,False
GUT_GENOME025761_7,GUT_GENOME025761_00393,44670,0.05059187648454341,0.05633668896970583,0.05551257110034687,0.004093724516639112,0.7296278200173077,0.06266598499367915,0.9597168511863842,-0.005744812485162419,-0.39366396036887674,-0.0071534138933322736,-0.21214839346330072,0.199978254542368,0.9048472561413119,False
GUT_GENOME025761_7,GUT_GENOME025761_00396,48240,0.05198461304446305,0.056784592227066256,0.05607757706366581,0.004313781593176628,0.6899565877130984,0.06283739489259686,0.9414459613677262,-0.004799979182603206,-0.35400548058964276,-0.00675981782893105,-0.20721418971871639,0.1682576007082881,0.9193128406498678,False
GUT_GENOME025761_7,GUT_GENOME025761_00396,48255,0.05274572298340322,0.05707488505529866,0.05639998989987859,0.00422904988251702,0.6725189348359053,0.06284759460981781,0.9363204114031989,-0.0043291620718954385,-0.3342433798951118,-0.006447604709939221,-0.20330021983900878,0.15304961639029735,0.9263299334300058,False
GUT_GENOME025761_7,GUT_GENOME025761_00396,48362,0.052969331643892205,0.057731482751184185,0.05708009386976527,0.0042699202932884065,0.6891725277910989,0.06299084721020813,0.9168632048711329,-0.00476215110729198,-0.3524176830853062,-0.005910753340442859,-0.19657013720547434,0.1628380421921943,0.9218073537806735,False
GUT_GENOME025761_7,GUT_GENOME025761_00396,48540,0.052835246639793824,0.058288302623721325,0.057503022363871344,0.004399159383464483,0.714116120385625,0.06298913570802842,0.8938163197896507,-0.0054530559839275,-0.381417758553864,-0.005486113344157072,-0.1912467601464046,0.1820548298067501,0.9129926809500402,False
GUT_GENOME025761_8,GUT_GENOME025761_00409,10622,0.061165377759077946,0.06157174589448142,0.061551628515019004,0.0026435433944022872,0.5156004260039486,0.06294672761922895,0.7011595077299727,-0.0004063681354034704,-0.16958783315784112,-0.00139509910420995,-0.1399609379352407,0.04834909730288406,0.9761153152753451,False
GUT_GENOME025761_8,GUT_GENOME025761_00411,12885,0.060009706454429185,0.0614728511784992,0.061482728146683194,0.002823090239417525,0.5562009742726607,0.0630152414367644,0.7063833059341256,-0.0014631447240700118,-0.21394502596558868,-0.0015325132900812083,-0.14168359131470593,0.06584671418324903,0.9676127174000032,False
GUT_GENOME025761_8,GUT_GENOME025761_00411,12886,0.06012545640918257,0.06182664183767311,0.06179145827387178,0.0026892997713603858,0.5651464956312914,0.06304818300826391,0.6798593602887566,-0.0017011854284905426,-0.2239365582679808,-0.0012567247343921312,-0.13822624748616757,0.06925407762301602,0.965965616767458,False
GUT_GENOME025761_8,GUT_GENOME025761_00411,12910,0.061322135775867745,0.06206489879812297,0.06199503528723802,0.0027555036100216546,0.5283529532880267,0.0632093404401005,0.6702789516479332,-0.0007427630222552259,-0.18370768877884042,-0.0012143051528624785,-0.13769446661496976,0.05270828105284431,0.9739900991583592,False
GUT_GENOME025761_8,GUT_GENOME025761_00411,12918,0.06224407552384969,0.06409103871454927,0.06402395326681351,0.0025767124389122894,0.5687449715382874,0.06326750405732148,0.38454269688004533,-0.0018469631906995812,-0.2300554412700613,0.0007564492094920272,-0.11298867193387002,0.06569194604334233,0.9676875981074639,False
GUT_GENOME025761_8,GUT_GENOME025761_00412,13490,0.06226176359090721,0.06408128952826041,0.06403974312528206,0.0024320506422360263,0.5676381899120102,0.06320880500825848,0.3663028172340672,-0.0018195259373531975,-0.2289037886408748,0.0008309381170235747,-0.11205486319004708,0.06495323681868645,0.968045084000585,False
GUT_GENOME025761_8,GUT_GENOME025761_00412,13495,0.06004576420324783,0.06438380993326825,0.06432418155833039,0.0025763673530889344,0.6603012762149536,0.06306456330576476,0.3124518160906393,-0.004338045730020425,-0.33461626300069364,0.0012596182525656252,-0.10668083808835216,0.12334884467978258,0.940188941481728,False
GUT_GENOME025761_8,GUT_GENOME025761_00412,13496,0.0569905653886607,0.06444887896471625,0.06415215744494186,0.002564588194659569,0.7672969038509432,0.06281768947439707,0.3014119316577879,-0.007458313576055552,-0.4655865399189576,0.0013344679705447893,-0.10574250614823043,0.22795230376021566,0.8922792348108451,False
GUT_GENOME025761_8,GUT_GENOME025761_00412,13577,0.058292770769321545,0.06361405300637792,0.06343242048326232,0.002413002748980318,0.7011547855071043,0.06246546945963602,0.34431122543607506,-0.005321282237056371,-0.3758866807843068,0.0009669510236263029,-0.11034977654470182,0.15346786997450898,0.9261362332772478,False
GUT_GENOME025761_8,GUT_GENOME025761_00413,14148,0.058165356961666755,0.06093039621732292,0.06091370227677815,0.0020468156538893984,0.6089635292276103,0.062271826398795624,0.7465044968854497,-0.0027650392556561668,-0.2685908114345752,-0.0013581241220174747,-0.1394974117161267,0.09160055186258209,0.9552327261066298,False
GUT_GENOME025761_8,GUT_GENOME025761_00413,14207,0.05917090081610137,0.06083239342956044,0.060885696424630875,0.0020854833874719295,0.5677969249879669,0.062160807947184475,0.7295400534826922,-0.0016614926134590688,-0.2222704900863844,-0.0012751115225536,-0.13845674816237533,0.06857444187494093,0.9662939249290727,False
GUT_GENOME025761_8,GUT_GENOME025761_00413,14350,0.059115090220752495,0.06001819902876786,0.06006563047178465,0.002036496411821161,0.5368406200582385,0.06208753540884628,0.8396048174642549,-0.0009031088080153626,-0.1904380507220841,-0.0020219049370616346,-0.1478187088006307,0.058117021834312735,0.9713596276611312,False
GUT_GENOME025761_8,GUT_GENOME025761_00413,14567,0.05996137898062307,0.060333954341737155,0.06033102094410731,0.0020632829163441634,0.514956642548297,0.06205423256376424,0.7981916783412168,-0.00037257536111408307,-0.1681694135782075,-0.0017232116196569253,-0.14407422602115283,0.049038334266832434,0.9757789858531593,False
GUT_GENOME025761_8,GUT_GENOME025761_00413,15119,0.059616995112788736,0.05985479131612769,0.059916125973790736,0.0019965198777285105,0.5097035480618511,0.06195452511974233,0.8463671269244799,-0.00023779620333895524,-0.16251218654269864,-0.0020383991459515943,-0.14802548370167704,0.04832175460000433,0.9761286601820873,False
GUT_GENOME025761_8,GUT_GENOME025761_00413,15270,0.058007414866166604,0.05940005975999474,0.059414504785669384,0.0018745434657259853,0.5567972574562454,0.06194312750574896,0.9113198291263862,-0.001392644893828135,-0.210985862603635,-0.0025286227200795736,-0.15417103040277427,0.0682837408340531,0.9664343864617941,False
GUT_GENOME025761_8,GUT_GENOME025761_00414,15741,0.05787426655742241,0.059204637859980015,0.059184269209778234,0.001843865867859357,0.553720113943317,0.06166452271360636,0.9107096157225576,-0.0013303713025576078,-0.20837198780318816,-0.0024802535038281268,-0.1535646636487937,0.06700099122261914,0.9670544319481706,False
GUT_GENOME025761_8,GUT_GENOME025761_00416,17464,0.06038562707768773,0.05957155680183894,0.059620721724263075,0.0018924651936020119,0.4688725377226297,0.0616096887173107,0.8533690152960413,0.0008140702758487883,-0.11836109091310015,-0.001988966993047625,-0.14740579174837287,0.03573781528310383,0.9822897946040973,False
GUT_GENOME025761_8,GUT_GENOME025761_00416,17497,0.05960057058387435,0.05959297484755602,0.0596449275832187,0.002005478832547626,0.49970346272910365,0.06148894490200532,0.8210802792837287,7.595736318331825e-06,-0.15221209312883888,-0.0018440173187866185,-0.14558867188818578,0.044364582676828135,0.9780619265820106,False
GUT_GENOME025761_8,GUT_GENOME025761_00416,17498,0.05909379740524827,0.05968211760128428,0.05972765086622867,0.0020960480175295404,0.5233082115753719,0.0614879501795428,0.7994948417098958,-0.0005883201960360102,-0.17722509795136623,-0.0017602993133141245,-0.14453916521509458,0.052300305624947765,0.9741888014378176,False
GUT_GENOME025761_8,GUT_GENOME025761_00416,17517,0.05841576042188381,0.060244943209262936,0.060221843610092286,0.002007475654601087,0.5730105868645489,0.06151464123503923,0.7402095863157918,-0.0018291827873791258,-0.22930912574155388,-0.0012927976249469467,-0.1386784648931793,0.07181439177348453,0.9647298202243331,False
GUT_GENOME025761_8,GUT_GENOME025761_00417,19853,0.0596240028033809,0.061011638478151636,0.06093555516580323,0.0020256022811591004,0.5545690859758095,0.061509728552448246,0.611587154209974,-0.0013876356747707375,-0.21077560539513118,-0.0005741733866450188,-0.129669639022492,0.06124057111390743,0.969843766853127,False
GUT_GENOME025761_8,GUT_GENOME025761_00417,20043,0.058696139856852125,0.06272521709406981,0.06256224111368737,0.001976646405968112,0.6581386230786741,0.06141762607738618,0.2812712435253596,-0.004029077237217682,-0.32164760420019584,0.0011446150363011928,-0.10812254279948656,0.11514766554915264,0.9440521858209892,False
GUT_GENOME025761_8,GUT_GENOME025761_00418,21078,0.06183011886615359,0.06380687695641608,0.06372064479596994,0.0020578800394609846,0.5770930325075071,0.06143309567644914,0.13315407587785583,-0.001976758090262494,-0.23550345880481674,0.002287549119520796,-0.09379447871730487,0.06425928334688297,0.9683810314036334,False
GUT_GENOME025761_8,GUT_GENOME025761_00418,21080,0.06430967237057185,0.06599175297074084,0.06588024456118217,0.002256988783205882,0.5644234079504228,0.06142252489248601,0.024129880356668472,-0.0016820806001689864,-0.22313465125896248,0.004457719668696167,-0.06658876042228604,0.054223135607035414,0.9732526518062614,False
GUT_GENOME025761_8,GUT_GENOME025761_00419,21746,0.06666157954630635,0.06676403772061354,0.06675255325035055,0.0022482427878556324,0.5038436289489594,0.06136225176907657,0.00825229371514524,-0.0001024581743071934,-0.15683150141741842,0.005390301481273979,-0.05489771702033277,0.027609879170886246,0.9862899116196575,False
GUT_GENOME025761_8,GUT_GENOME025761_00419,21832,0.06971868377706697,0.06881053332458593,0.06881646742395571,0.002085071980880916,0.4674723867942653,0.06127218325673416,0.0001483084729768498,0.0009081504524810352,-0.11441216492531948,0.007544284167221547,-0.027894933212163936,0.013868270781809593,0.993089850253981,False
GUT_GENOME025761_9,GUT_GENOME025761_00453,4731,0.13577380151138313,0.11902489353641173,0.12096465379912036,0.005766791129527269,0.20512058033984887,0.06694951397372916,3.745860443140609e-21,0.016748907974971403,0.5504885749108083,0.054015139825391204,0.5546735697310949,0.6107004400655685,0.736865264219597,False
GUT_GENOME025761_9,GUT_GENOME025761_00454,5300,0.1535103825686694,0.11856168672140514,0.12222657236623446,0.006002554724431826,0.07496800013167966,0.06642856129906277,7.311312502769148e-21,0.03494869584726425,1.3144073713425624,0.05579801106717169,0.5770240217628956,2.060623459531091,0.3568956882173842,False
GUT_GENOME025761_9,GUT_GENOME025761_00454,5417,0.1499491096288644,0.11665457101790692,0.11942363983597538,0.005382287902157898,0.08946436576517103,0.06494174053475633,2.1965686569087202e-24,0.03329453861095748,1.2449756936804235,0.05448189930121905,0.5605249655191948,1.8641527148253463,0.3937353257738588,False
GUT_GENOME025761_9,GUT_GENOME025761_00454,5561,0.13871140883388663,0.11466405743389216,0.11682350057824119,0.00521874454113838,0.14575214211381465,0.06382443925649472,1.565691954811568e-24,0.024047351399994477,0.8568338002613098,0.05299906132174646,0.5419357941003792,1.0278585661974469,0.5981406912233924,False
GUT_GENOME025761_9,GUT_GENOME025761_00454,5594,0.13354019999118869,0.11481547748738492,0.11680660997850519,0.0056159828269457075,0.18671235651449908,0.06358475302687079,1.3103073802893184e-21,0.018724722503803762,0.6334215116806826,0.053221856951634394,0.5447288073713388,0.6979522850400423,0.7054099593731862,False
GUT_GENOME025761_9,GUT_GENOME025761_00455,6868,0.13332168244738057,0.10674806727090953,0.10893556473903987,0.004922950132985244,0.118470769190332,0.06319779871377766,7.662189564952056e-21,0.02657361517647104,0.9628713209806097,0.04573776602526221,0.4509066561516769,1.1304379933288309,0.5682356914093644,False
GUT_GENOME025761_9,GUT_GENOME025761_00455,7119,0.12823255494578886,0.10524252203225759,0.10779160413944786,0.005454173972588824,0.14989134266443527,0.06308027085839132,1.2258011806465874e-16,0.022990032913531272,0.8124538618086393,0.04471133328105653,0.4380390775651673,0.8519595110419143,0.6531295642546133,False
GUT_GENOME025761_9,GUT_GENOME025761_00455,7932,0.12421247058936694,0.10331509605513456,0.10529718177505384,0.005278130511925042,0.14570208095293008,0.06295408985969737,5.186399192831924e-16,0.020897374534232377,0.7246165154794242,0.04234309191535647,0.4083503015036136,0.6918190632436347,0.7075764975091692,False
GUT_GENOME025761_9,GUT_GENOME025761_00456,8344,0.11615535262751611,0.09940153375571605,0.10157405339561978,0.005183306005739485,0.1995228640599433,0.0628242004824196,3.8340000452655346e-14,0.016753818871800066,0.5506947051372195,0.03874985291320018,0.3633046952509233,0.4352549598575354,0.8044250503350254,False
GUT_GENOME025761_9,GUT_GENOME025761_00456,8356,0.11806579546323943,0.09892572444963954,0.10087136643875359,0.005073452560028952,0.17739912481577524,0.0627914272988849,3.054479830341738e-14,0.019140071013599894,0.65085537057671,0.03807993913986869,0.35490651410053625,0.5495713471595406,0.759734937046074,False
GUT_GENOME025761_9,GUT_GENOME025761_00456,8357,0.1132266135104293,0.0984346098520084,0.10015976134674992,0.005197490891325998,0.23073534834161646,0.0627430685333806,3.0329763170080574e-13,0.0147920036584209,0.46834937632667484,0.03741669281336932,0.3465919174777941,0.33947709556651934,0.8438854234706902,False
GUT_GENOME025761_9,GUT_GENOME025761_00456,8358,0.11640240437588288,0.09853966299241602,0.10035817097743213,0.005118559049245411,0.19192287974197814,0.06264805201085438,8.703892220671882e-14,0.017862741383466857,0.5972406734964568,0.03771011896657775,0.35027036996974825,0.47938575415724566,0.7868694896162146,False
GUT_GENOME025761_9,GUT_GENOME025761_00456,8359,0.11204056944040577,0.09370873920358676,0.09595439094887634,0.004756830844758635,0.17137290316584913,0.06240047437634365,8.702418548836285e-13,0.018331830236819016,0.6169302322312525,0.03355391657253269,0.29816733523248373,0.4695066712405475,0.7907658793494425,False
GUT_GENOME025761_9,GUT_GENOME025761_00456,8365,0.11263494682307437,0.09565884756760701,0.0970771268293323,0.004705967785319891,0.20783002848459375,0.062371528779969175,8.229245360361704e-14,0.016976099255467364,0.5600247129567073,0.03470559804936312,0.3126050584962824,0.4113496017197066,0.8140977771374632,False
GUT_GENOME025761_9,GUT_GENOME025761_00456,8374,0.11180196071641009,0.09183343146755053,0.09362220763526731,0.0047015642381583785,0.1599168900907607,0.0622593499072213,1.2726851668835799e-11,0.019968529248859557,0.6856291175244433,0.03136285772804601,0.2706997568370601,0.5433656451489903,0.76209594238888,False
GUT_GENOME025761_9,GUT_GENOME025761_00456,8537,0.11025040983312463,0.09184757494911061,0.09354362901325756,0.004539089320834082,0.17728645154779626,0.0622087299504533,2.5396055967410455e-12,0.01840283488401402,0.6199105848049683,0.03133489906280427,0.2703492610795904,0.45737785611951837,0.7955759763794126,False
GUT_GENOME025761_9,GUT_GENOME025761_00456,8602,0.10532500622295042,0.08985608376855914,0.09131462407155083,0.004526213780201256,0.20720464233654823,0.06221715756929529,6.43690018725458e-11,0.015468922454391285,0.49676239935355154,0.029097466502255545,0.24230033194380374,0.3054823322715749,0.8583518635909533,False
GUT_GENOME025761_9,GUT_GENOME025761_00456,9010,0.10205056226025697,0.09057057184665557,0.09131953357091688,0.0045539942085921735,0.2673168172417007,0.06222673105404492,8.380726250489237e-11,0.011479990413601399,0.3293307685548583,0.029092802516871956,0.24224186323380936,0.16713987541992126,0.919826753844893,False
GUT_GENOME025761_9,GUT_GENOME025761_00456,9043,0.09874713193966245,0.08914033840713027,0.08996023660234301,0.004415368558699629,0.2944883819057964,0.06211112724420848,1.4196109319909875e-10,0.009606793532532173,0.25070511000833146,0.027849109358134526,0.2266506620100578,0.11422357477388703,0.9444884815655886,False
GUT_GENOME025761_9,GUT_GENOME025761_00456,9668,0.09847842397388269,0.08964693245606967,0.09038732455561249,0.004437626918677708,0.3201543194966757,0.06214004859852807,9.738992621751613e-11,0.008831491517813025,0.21816254489101886,0.02824727595708442,0.23164216294514917,0.10125298764723285,0.9506336717786084,False
GUT_GENOME025761_9,GUT_GENOME025761_00456,10504,0.0955421549447377,0.0910832869575276,0.09152528034665502,0.004677006122765588,0.4011938775387128,0.06216613993340604,1.7221126623258273e-10,0.004458867987210097,0.034625828519030975,0.029359140413248982,0.2455807315927384,0.06150884373025397,0.9697136843153272,False
GUT_GENOME025761_9,GUT_GENOME025761_00456,10694,0.09056401422802002,0.08977667371663792,0.08983016656130222,0.004587680733087946,0.4809936973256248,0.0622081992014723,8.672489875972415e-10,0.0007873405113821008,-0.11948304736905327,0.027621967359829913,0.22380316174276726,0.06436405381465468,0.9683303038655113,False
GUT_GENOME025761_9,GUT_GENOME025761_00460,15616,0.08857986676525685,0.08873535363525094,0.08865995895924766,0.00469944220887925,0.50378604888425,0.062255407214426364,9.622398790760291e-09,-0.000155486869994087,-0.15905733051332502,0.0264045517448213,0.20854138138063547,0.06878874213816877,0.9661903919547238,False
GUT_GENOME025761_9,GUT_GENOME025761_00460,15745,0.08695633897336201,0.08585802873852987,0.08592064298990573,0.0047104392451024525,0.47238451711034657,0.06229129292575717,2.632716055366139e-07,0.001098310234832145,-0.1064303888143717,0.023629350064148562,0.17375086449479224,0.04151679057586599,0.9794555770676412,False
GUT_GENOME025761_9,GUT_GENOME025761_00462,17013,0.0884057575465076,0.08637802584436738,0.08652786751736082,0.004814992130431949,0.44971729451810727,0.0623605474186576,2.59460331231055e-07,0.002027731702140226,-0.06741880617033857,0.02416732009870322,0.180494970950765,0.03712372996395118,0.9816093454688433,False
GUT_GENOME025761_9,GUT_GENOME025761_00462,17241,0.09021247796567237,0.08729233716039496,0.087219170657675,0.004961798110559941,0.4334066898995944,0.062476431209685344,3.0717961800207615e-07,0.002920140805277416,-0.029960782330887205,0.024742739447989652,0.1877085499591698,0.03613214820565294,0.9820961390931623,False
GUT_GENOME025761_9,GUT_GENOME025761_00462,17243,0.08882169974480837,0.08382796850852392,0.08368930798097696,0.004672928877242529,0.3816281996262346,0.06260883635825933,3.223242003953821e-06,0.004993731236284452,0.05707620499350048,0.02108047162271763,0.14179758373897047,0.02336424793067043,0.9883858471052082,False
GUT_GENOME025761_9,GUT_GENOME025761_00462,17665,0.08283367713371934,0.08356892647064043,0.08276131273155098,0.00481579194169133,0.51932225402011,0.06268799156308245,1.534880675851618e-05,-0.0007352493369210955,-0.1833923089789498,0.020073321168468522,0.12917173202910684,0.05031807534802997,0.975154813342074,False
GUT_GENOME025761_9,GUT_GENOME025761_00462,17760,0.07881310414910894,0.08229919200523023,0.0814601688645367,0.004830250611045849,0.5946690663263822,0.06266646747138539,4.9950212499667474e-05,-0.003486087856121284,-0.2988561410582616,0.018793701393151313,0.11313014711991912,0.1021134232356101,0.9502247802197733,False
GUT_GENOME025761_9,GUT_GENOME025761_00463,19489,0.07472105973774622,0.0758322198744995,0.075172087906881,0.004965131854791873,0.5332718498220571,0.0626595083792263,0.005866240261531924,-0.0011111601367532892,-0.19917080748610463,0.012512579527654694,0.034388671195680474,0.04085159126127158,0.9797813978378465,False
GUT_GENOME025761_9,GUT_GENOME025761_00463,19819,0.07467519401362799,0.07335085538784522,0.07301569260299205,0.004652692004323347,0.4611040601228989,0.06266765131381218,0.013070937951350706,0.0013243386257827672,-0.09694306195177281,0.010348041289179877,0.0072535607422100894,0.009450571404026194,0.9952858608966041,False
GUT_GENOME025761_9,GUT_GENOME025761_00463,19822,0.07343431160527203,0.07055312077256837,0.07037225516790194,0.004346466553710577,0.4139598094647122,0.06256920011645656,0.036305821734578574,0.0028811908327036617,-0.03159567040641748,0.007803055051445379,-0.024650926522541503,0.0016059545668507056,0.9991973450165612,False
GUT_GENOME025761_9,GUT_GENOME025761_00463,19909,0.06878117828784848,0.07014538496054583,0.06968359026025002,0.004248525487300466,0.5427395051387223,0.06249349809293298,0.04528738597542931,-0.001364206672697349,-0.20979219530315163,0.007190092167317037,-0.03233515924666292,0.04505832773362277,0.9777227226022801,False
GUT_GENOME025761_9,GUT_GENOME025761_00464,20702,0.06405145692620175,0.06697670195550155,0.06639031957178199,0.0036316755230903835,0.5961634585371246,0.06247480437407943,0.14048192197068338,-0.0029252450292998056,-0.27531529650231507,0.003915515197702557,-0.07338595067157636,0.08118401024412869,0.9602208152138689,False
GUT_GENOME025761_9,GUT_GENOME025761_00464,20879,0.059408600173092865,0.06675285995288013,0.06601232246989132,0.003572404084039073,0.7454198480442846,0.06244159747773355,0.15876901109649677,-0.007344259779787268,-0.46079924023254853,0.00357072499215777,-0.07770831381787262,0.21837452183531095,0.8965625106590502,False
GUT_GENOME025761_9,GUT_GENOME025761_00464,20950,0.05669539864032117,0.0652908632703261,0.06449699379460148,0.003452599818303949,0.7883381761597419,0.0623845096846218,0.2703174570417234,-0.008595464630004927,-0.5133173745083318,0.002112484109979683,-0.09598913080798967,0.27270864020540037,0.8725334215805901,False
GUT_GENOME025761_9,GUT_GENOME025761_00464,21065,0.05432331121617449,0.06393034281275098,0.0630800288968703,0.003369606039943484,0.8317424460557286,0.062375879398123495,0.4172354902788868,-0.009607031596576492,-0.5557769364019022,0.0007041494987468019,-0.11364431220047774,0.32180303273180366,0.8513759135724803,False
GUT_GENOME025761_9,GUT_GENOME025761_00464,21434,0.055956308699097276,0.06191946822588256,0.06124267412515293,0.003397574691071627,0.7144987199707851,0.06245024443505128,0.6388629915250033,-0.005963159526785285,-0.40282886989482275,-0.001207570309898355,-0.13761003719511944,0.18120762075758218,0.9133795107062357,False
GUT_GENOME025761_9,GUT_GENOME025761_00464,21450,0.056554141756841265,0.06242712321343329,0.06170134944456773,0.0034019864949247575,0.7106519318865128,0.06249171068848454,0.5918566004297613,-0.005872981456592027,-0.3990437311157358,-0.0007903612439168067,-0.13237981585443498,0.17676031498842176,0.9154128095275025,False
GUT_GENOME025761_9,GUT_GENOME025761_00465,21925,0.05821935240551239,0.06272524980066771,0.06222315050910277,0.0035477174915463194,0.6657661435235407,0.06262233015132869,0.5447933787518319,-0.00450589739515532,-0.3416616770961032,-0.0003991796422259178,-0.127475880326492,0.132982801661136,0.9356709618148698,False
GUT_GENOME025761_9,GUT_GENOME025761_00465,22242,0.05796683417486476,0.06258454639584965,0.06213158435773455,0.0034870774359409703,0.6718533908905399,0.06284853612585707,0.5814492798483546,-0.004617712220984886,-0.34635499812656345,-0.0007169517681225243,-0.13145953909581656,0.1372433951465363,0.9336798266200944,False
GUT_GENOME025761_9,GUT_GENOME025761_00465,22245,0.059229741582720874,0.06117680736021564,0.06096415133126276,0.0037563632945980183,0.572117584599541,0.06295674752853064,0.7021030877873737,-0.0019470657774947678,-0.23425715219992888,-0.001992596197267882,-0.14745128822222783,0.07661829575521514,0.9624153662284354,False
GUT_GENOME025761_9,GUT_GENOME025761_00465,22455,0.055860682311425186,0.059388558234317726,0.05913234466297358,0.003936942760298013,0.6395975689813055,0.06337131216769086,0.8591963192500833,-0.00352787592289254,-0.30061015544002845,-0.004238967504717278,-0.1756122753850588,0.1212061368195958,0.9411967563660361,False
GUT_GENOME025761_9,GUT_GENOME025761_00465,22493,0.05636456250510163,0.05833236888464165,0.058220752869047716,0.003942648613357535,0.5777097970992191,0.06350318920707924,0.9098479351348024,-0.00196780637954002,-0.23512771925614165,-0.005282436338031528,-0.1886934219979674,0.09089025186789798,0.9555720372563781,False
GUT_GENOME025761_9,GUT_GENOME025761_00465,22494,0.05952649480178781,0.057455676485625586,0.05781747214949668,0.0038317597880380104,0.42227637851271105,0.06355661638317188,0.9329051656668681,0.0020708183161622234,-0.06561028650203449,-0.005739144233675199,-0.19441880904495037,0.04210338300533593,0.9791683485779596,False
GUT_GENOME025761_9,GUT_GENOME025761_00465,22496,0.05874961908453342,0.057774295126046274,0.05790079274701228,0.003823504012114854,0.4617678158126754,0.06361517346054438,0.9324827675104321,0.000975323958487144,-0.11159262086137962,-0.0057143807135320995,-0.19410836830412373,0.05013097167640096,0.9752460451324497,False
GUT_GENOME025761_9,GUT_GENOME025761_00465,22516,0.056937168714146065,0.05814772203124814,0.057612468010181654,0.004189190541234729,0.5493254006890569,0.06365664882200592,0.9254621520254083,-0.0012105533171020769,-0.20334274175469919,-0.006044180811824264,-0.1982428122865174,0.08064848324758567,0.9604779617241519,False
GUT_GENOME025761_9,GUT_GENOME025761_00465,22518,0.05799557610655347,0.05763112156116549,0.057386795914581894,0.004142291227995033,0.4851695746792224,0.06386904806140067,0.9411962716064142,0.000364454545387978,-0.13723328382438682,-0.00648225214681878,-0.20373456745641053,0.060340748165875396,0.9702802088646094,False
GUT_GENOME025761_9,GUT_GENOME025761_00466,23191,0.05796539395481424,0.05693153423314874,0.05701182188210398,0.004068268927500426,0.4591752334253932,0.0643297147677204,0.9639727133339996,0.0010338597216654963,-0.10913563784217108,-0.00731789288561642,-0.2142103369963707,0.05779665592331623,0.971515235379661,False
GUT_GENOME025761_9,GUT_GENOME025761_00466,23324,0.05997325958464331,0.05715430202510655,0.057740476830528346,0.004475650212429977,0.39462769998975555,0.06445597230413244,0.9332512387428679,0.002818957559536754,-0.03420785289278858,-0.006715495473604095,-0.20665855527161958,0.043877935666487705,0.9782999409943363,False
GUT_GENOME025761_9,GUT_GENOME025761_00466,23816,0.06300816009755349,0.05747107678192212,0.058463675323987226,0.004595448349156763,0.3079607041984701,0.0645335321356739,0.9067228150809963,0.0055370833156313665,0.0798828920497433,-0.006069856811686668,-0.1985646920666411,0.04580921337775094,0.9773557125240709,False
GUT_GENOME025761_9,GUT_GENOME025761_00466,23834,0.06320571780345544,0.05695450342192006,0.058137616350784654,0.004589173344592983,0.28839482314565634,0.06469547419756515,0.92349566419579,0.006251214381535378,0.10985786473557549,-0.006557857846780493,-0.20468237654700835,0.05396362571319131,0.973378944345802,False
GUT_GENOME025761_9,GUT_GENOME025761_00468,25626,0.06403872506040964,0.05613999974810046,0.05835519186224722,0.004795580375810426,0.24299264718134822,0.06461999426715903,0.904286621073733,0.00789872531230918,0.1790105700405042,-0.006264802404911812,-0.20100857137103675,0.07244922995085143,0.9644236451594475,False
GUT_GENOME025761_9,GUT_GENOME025761_00468,25796,0.06335481595634791,0.05611772891120324,0.0579597577446047,0.0047645177118658495,0.2631667922886245,0.06463829199225916,0.9195010160251318,0.007237087045144669,0.15123893268559974,-0.006678534247654466,-0.20619520150368356,0.06538967588302404,0.9678338607025989,False
GUT_GENOME025761_9,GUT_GENOME025761_00469,26493,0.06260307595030114,0.055138947129647536,0.056806634639128224,0.004692361788209587,0.25536105109967644,0.06487700112635571,0.957274175342843,0.007464128820653601,0.16076879540177771,-0.008070366487227483,-0.22364350566491045,0.0758630232010295,0.9627788778176164,False
GUT_GENOME025761_9,GUT_GENOME025761_00472,29150,0.06328942088441945,0.056894835911034544,0.05782266579518902,0.00476617079668603,0.2906383974016409,0.06497339520447762,0.9332328230918155,0.006394584973384909,0.1158757090499117,-0.007150729409288598,-0.2121147402019534,0.05841984295876197,0.9712125646875094,False
GUT_GENOME025761_9,GUT_GENOME025761_00472,29154,0.0633088087398758,0.0551216260287553,0.056507387831002454,0.004899301250144875,0.23724678296252338,0.06500104836328796,0.9585096614435388,0.008187182711120497,0.19111829516719347,-0.008493660532285507,-0.22895000959391434,0.08894430964066796,0.9565022336993586,False
GUT_GENOME025761_9,GUT_GENOME025761_00472,29156,0.0633586925547649,0.05554254527675729,0.056694605891463135,0.004947119098545491,0.24844486686851946,0.0650661361283644,0.9546963714352973,0.007816147278007606,0.17554443554388205,-0.008371530236901265,-0.22741895830728912,0.08253523144799266,0.9595722989478149,False
GUT_GENOME025761_9,GUT_GENOME025761_00472,29163,0.06352502671115909,0.05683196923123784,0.057272280174485886,0.004918757582074214,0.27979874408607824,0.06514463294111913,0.945253470892969,0.006693057479921251,0.1284038088036637,-0.007872352766633249,-0.2211611636650698,0.06539979842897561,0.9678289622436309,False
GUT_GENOME025761_9,GUT_GENOME025761_00472,29165,0.06487373216974689,0.05703790771019726,0.05738596330524035,0.00518239050035821,0.24694858941746123,0.06506270560764202,0.9307384040494076,0.007835824459549626,0.17637036653528845,-0.0076767423024016665,-0.21870894939671912,0.07894011073800863,0.9612987392956382,False
GUT_GENOME025761_9,GUT_GENOME025761_00472,29400,0.06503921801151416,0.056457621287848585,0.05732158594121935,0.005180530386376961,0.2304699065856608,0.06515212644114929,0.9346735938030597,0.008581596723665576,0.20767344844004848,-0.007830540499929942,-0.22063699622134578,0.09180894528855962,0.9551331991817094,False
GUT_GENOME025761_9,GUT_GENOME025761_00472,29474,0.0656211701444119,0.056521218864463874,0.05744782342464509,0.005218247898258027,0.21654842408721298,0.06520932370320447,0.9315423248765639,0.009099951279948032,0.2294308882266433,-0.0077615002785593745,-0.21977149336289667,0.10093804176742421,0.9507833826450711,False
GUT_GENOME025761_9,GUT_GENOME025761_00472,29509,0.0655629957566496,0.05773991116311215,0.05809387622941148,0.005635406314690116,0.24866027650703376,0.06524419563905998,0.8977474652090149,0.007823084593537456,0.17583562276909684,-0.007150319409648498,-0.21210960035950466,0.0759086487992649,0.9627569143870066,False
GUT_GENOME025761_9,GUT_GENOME025761_00472,29771,0.06556335323152983,0.05835203593802124,0.058931086947657856,0.005773747784099788,0.2681595133252565,0.06527702198727604,0.8641381092940317,0.007211317293508587,0.15015727185568697,-0.006345935039618188,-0.20202566728784985,0.0633615765342437,0.9688157900923543,False
GUT_GENOME025761_9,GUT_GENOME025761_00472,30076,0.06645757501658198,0.05782315919550119,0.059298978607017244,0.005717493428732318,0.23125608834967332,0.06531733270437522,0.8537426536218343,0.008634415821080786,0.20989047984773135,-0.0060183540973579724,-0.197919043116153,0.08322596115872455,0.9592409536203848,False
GUT_GENOME025761_9,GUT_GENOME025761_00472,30077,0.06751591194506118,0.058274496585400674,0.060339694011099176,0.00553834212476094,0.2122869750627106,0.06540424536220597,0.8197604629668167,0.009241415359660506,0.2353687085062301,-0.005064551351106797,-0.185961969588736,0.08998028307721267,0.9560069065438235,False
GUT_GENOME025761_9,GUT_GENOME025761_00472,30103,0.06824981142201896,0.05855810446684592,0.060671217014493135,0.005440652062650023,0.20534043747531444,0.06550257824540905,0.81273269911066,0.009691706955173032,0.25426927021063017,-0.004831361230915911,-0.18303864878267978,0.09815600872163567,0.9521068583148835,False
GUT_GENOME025761_9,GUT_GENOME025761_00472,30109,0.06918473295092975,0.060193723561747445,0.06141486655513346,0.0052155310342793,0.219924071180571,0.06560650361143369,0.7892101525817881,0.008991009389182306,0.22485815591466668,-0.004191637056300233,-0.1750189308449717,0.08119281643546153,0.9602165872790667,False
GUT_GENOME025761_9,GUT_GENOME025761_00472,30203,0.06810379280573503,0.05945279978940754,0.06095051915411822,0.005123442472892993,0.22762406342931707,0.06580701836484502,0.8284092257880434,0.00865099301632749,0.21058629186103264,-0.004856499210726804,-0.18335378382932435,0.07796519636431062,0.9617674455026404,False
GUT_GENOME025761_9,GUT_GENOME025761_00472,30413,0.06788434594446281,0.061175450424904625,0.06212344798918846,0.00483822072741087,0.2796960150187898,0.0659644068043108,0.7863668803601906,0.006708895519558188,0.12906859546283717,-0.003840958815122343,-0.1706227540351336,0.045770826529283215,0.9773744715069128,False
GUT_GENOME025761_9,GUT_GENOME025761_00474,31449,0.06872744348326305,0.06226837101032963,0.06336622925712938,0.005159033366963856,0.29207296757155715,0.06636591790871342,0.7195293523811115,0.006459072472933425,0.11858251054593313,-0.002999688651584037,-0.16007641283263022,0.039686269752739006,0.9803524443531678,False
GUT_GENOME025761_9,GUT_GENOME025761_00474,31450,0.0709246287988466,0.06170783086574971,0.06303308298184525,0.005293882327390582,0.2190804000099027,0.06654788775719067,0.746634708737439,0.00921679793309689,0.23433541542591052,-0.003514804775345423,-0.1665340178156116,0.0826466660126445,0.9595188356765503,False
GUT_GENOME025761_9,GUT_GENOME025761_00474,31467,0.07649322514881539,0.06250380340420217,0.06438061710454607,0.005555762036754725,0.14546381589557666,0.06728425515010734,0.6993860077603482,0.01398942174461322,0.4346617633755786,-0.002903638045561277,-0.1588723020633112,0.21417125690366348,0.8984487369220016,False
GUT_GENOME025761_9,GUT_GENOME025761_00474,31494,0.08627816804238872,0.06220275790133324,0.0660313165672244,0.005725902741184666,0.0483294989614003,0.06854689993344998,0.6697902045954913,0.02407541014105548,0.8580115392465726,-0.0025155833662255794,-0.15400756629722936,0.7599021319570682,0.6838948741200135,False
GUT_GENOME025761_9,GUT_GENOME025761_00474,31630,0.0845868064238166,0.06836161738797149,0.07068912578343549,0.005959510168425767,0.12324206608518273,0.06919861886003446,0.40125283900344133,0.016225189035845106,0.5285059702533688,0.0014905069234010249,-0.10378636873955094,0.29009017092959677,0.8649832940577473,False
GUT_GENOME025761_9,GUT_GENOME025761_00474,31656,0.08795791475058547,0.07673095783664663,0.0769849973112389,0.006198045492254727,0.22872228399932548,0.07079575639037348,0.15899922715881581,0.011226956913938838,0.3187099279233358,0.00618924092086541,-0.044882042751522924,0.10359041591844743,0.9495233017475792,False
GUT_GENOME025761_9,GUT_GENOME025761_00474,31696,0.08408111449956257,0.08251770271620168,0.08203649562025905,0.0071083366941463695,0.4584984240555306,0.07379673685313637,0.12319378916259588,0.0015634117833608907,-0.086908193409472,0.008239758767122685,-0.01917631611847934,0.007920765181574044,0.9960474493817317,False
GUT_GENOME025761_9,GUT_GENOME025761_00474,31779,0.0864574255937074,0.09295832109235268,0.09109163525578029,0.008763378010377096,0.6736708147261365,0.0746001501257547,0.029927245337922646,-0.006500895498645284,-0.4253998261776005,0.016491485130025588,0.08426907574808194,0.18806628923936872,0.9102525917648044,False
GUT_GENOME025761_9,GUT_GENOME025761_00474,31795,0.08902015745945376,0.09333124923701978,0.09206812999496379,0.008849209696004797,0.6128387213342927,0.07467656876647971,0.024688394161939405,-0.0043110917775660285,-0.33348489646705465,0.01739156122848408,0.09555262062341263,0.12034247947964398,0.9416032798774596,False
GUT_GENOME025761_9,GUT_GENOME025761_00474,31843,0.09080176291992156,0.09431019555400517,0.09268482303583388,0.008886844824934171,0.5910123223251692,0.07486657930060206,0.022480802579987153,-0.003508432634083611,-0.2997940418737707,0.017818243735231817,0.10090160302684742,0.10005760103639967,0.9512020289948657,False
GUT_GENOME025761_9,GUT_GENOME025761_00474,31917,0.08703807234673588,0.09336950439708552,0.09138891772967822,0.00878523790295864,0.6639820210424641,0.07499303432425898,0.03099975089157057,-0.006331432050349639,-0.4182867590160724,0.01639588340541924,0.08307059225140627,0.1818645360651692,0.9130795534794462,False
GUT_GENOME025761_9,GUT_GENOME025761_00474,31938,0.08227684639004955,0.09169575251792239,0.0888446999788078,0.0083699240668556,0.7477785465515433,0.07516653360940254,0.05110797410967006,-0.009418906127872842,-0.5478805486726233,0.013678166369405262,0.04900071506342911,0.3025741656905421,0.8596008865648289,False
GUT_GENOME025761_9,GUT_GENOME025761_00474,31942,0.07709213173046305,0.09048921468676539,0.08676038272913858,0.007606629408359781,0.8544443748926245,0.07567133397221884,0.07244594698184181,-0.013397082956302347,-0.714860739655679,0.01108904875691974,0.016542987524587306,0.511299547537303,0.7744131410995629,False
GUT_GENOME025761_9,GUT_GENOME025761_00474,31984,0.07727762393023516,0.09441141649589126,0.08945723963162935,0.007645797645522182,0.9080094274719639,0.07594328386153337,0.03857217224505681,-0.0171337925656561,-0.8717055736407066,0.013513955770095981,0.046942136161617874,0.7620741712636891,0.6831525540059973,False
GUT_GENOME025761_9,GUT_GENOME025761_00474,32031,0.07917214459798264,0.09608270870321896,0.09058839904191611,0.007978901652322708,0.8916982670787451,0.07613488247693688,0.03503430101797454,-0.016910564105236323,-0.8623357712007121,0.01445351656497923,0.058720669565985824,0.7470710993266046,0.6882965171519733,False
GUT_GENOME025761_9,GUT_GENOME025761_00474,32055,0.08175927270423673,0.09628441088425843,0.0916693511217566,0.008068370278881298,0.8472296965462476,0.07619754662923656,0.02758167997638844,-0.014525138180021699,-0.7622097854170391,0.015471804492520044,0.0714861430032789,0.586074025626974,0.7459945288298704,False
GUT_GENOME025761_9,GUT_GENOME025761_00474,32121,0.08224193828519295,0.09821163952144382,0.0931300623571521,0.008066141804753,0.8739040597769847,0.07672896360342717,0.021009780870916768,-0.01596970123625087,-0.8228439465967067,0.016401098753724933,0.08313597296393552,0.6839837504515041,0.7103539761514237,False
GUT_GENOME025761_9,GUT_GENOME025761_00475,32466,0.08397591837897302,0.09743978748418727,0.09279763051889749,0.007934095806372169,0.8304281060770546,0.07688863910525402,0.022473916209204282,-0.013463869105214257,-0.7176640247737857,0.015908991413643464,0.07696681097330085,0.5209655424459086,0.7706794341258154,False
GUT_GENOME025761_9,GUT_GENOME025761_00475,32499,0.08428469062687173,0.09457353031079087,0.09041233423805639,0.007898352867516716,0.7617598028577119,0.0775216548944533,0.05133217596696644,-0.010288839683919138,-0.5843951827866944,0.012890679343603093,0.0391286106829246,0.34304877783826987,0.8423797230385441,False
GUT_GENOME025761_9,GUT_GENOME025761_00475,32666,0.0942478825999637,0.09561211421293145,0.09420733126989751,0.008143178977412964,0.5336694385914267,0.07830402227309437,0.02541212258667942,-0.0013642316129677534,-0.20979324214729528,0.015903308996803145,0.07689557499055685,0.049926133903802024,0.975345933861419,False
GUT_GENOME025761_9,GUT_GENOME025761_00475,32668,0.0980010657055022,0.10104080331045728,0.09932215889324812,0.008543526491296454,0.5716465348893275,0.08052924539649085,0.013915264007324353,-0.0030397376049550867,-0.28012101353641894,0.01879291349675727,0.1131202698836115,0.0912639776832117,0.9553934929691925,False
GUT_GENOME025761_9,GUT_GENOME025761_00475,33001,0.0982825485257025,0.10215201978099618,0.10024619201610005,0.00854439508073967,0.5901628883096983,0.08125973427213128,0.013138442436503252,-0.0038694712552936744,-0.31494829481976533,0.018986457743968774,0.11554658161715636,0.112543440933288,0.9452822484575291,False
GUT_GENOME025761_9,GUT_GENOME025761_00476,33044,0.10025870339944526,0.10923407825086529,0.10689789584322507,0.00817962398634583,0.6996623055012521,0.08168471924525601,0.0010265655115939804,-0.008975374851420026,-0.529263744934845,0.025213176597969053,0.19360604985046376,0.31760341424115685,0.8531655188443328,False
GUT_GENOME025761_9,GUT_GENOME025761_00476,33047,0.10035119776039378,0.10750715168890294,0.10578263024469889,0.00813913750256009,0.6623751774596665,0.0811404182587808,0.0012324408902870457,-0.007155953928509165,-0.4528952811161666,0.024642211985918094,0.18644831637288728,0.23987711033557585,0.8869749350688809,False
GUT_GENOME025761_9,GUT_GENOME025761_00476,33056,0.10266913408785201,0.10401390085435684,0.10368281479322432,0.006821830946702712,0.5317321352224189,0.08027508396336773,0.00030035081781971013,-0.001344766766504829,-0.20897622371900232,0.023407730829856588,0.17097259876853574,0.07290269160952122,0.9642050053736769,False
GUT_GENOME025761_9,GUT_GENOME025761_00476,33098,0.10093577852910798,0.10294641171984802,0.10282597645006734,0.006629878342426285,0.5477968322242839,0.07851064993476209,0.00012244888820473447,-0.0020106331907400327,-0.2369253339479442,0.024315326515305255,0.1823504107812706,0.08938528617844302,0.9562913594261693,False
GUT_GENOME025761_9,GUT_GENOME025761_00476,33206,0.0969337245804975,0.10290571438300948,0.10233649592136433,0.006052769118199673,0.6439160891854223,0.07726418145119238,1.719288877083479e-05,-0.005971989802511984,-0.40319951232497825,0.025072314470171955,0.1918401723397119,0.19937249846243066,0.9051213560120435,False
GUT_GENOME025761_9,GUT_GENOME025761_00476,33236,0.09477298075402144,0.10023372119694818,0.09953516168106386,0.005602734277886508,0.633157578323825,0.0755394556992139,9.225465660684121e-06,-0.0054607404429267425,-0.38174030641602164,0.023995705981849955,0.17834357998274525,0.17753209406365994,0.9150596294503344,False
GUT_GENOME025761_9,GUT_GENOME025761_00476,33258,0.08797225856568079,0.09563119180518609,0.0945275928746229,0.005242241081317593,0.6870471042474283,0.0728304204052745,1.7447867643037865e-05,-0.007658933239505297,-0.47400735959655343,0.021697172469348394,0.14952867635383957,0.2470418020038276,0.8838031686793115,False
GUT_GENOME025761_9,GUT_GENOME025761_00476,33356,0.08537273195506019,0.09016823312246201,0.08782184632392688,0.005590962582978843,0.6206051621052007,0.0706822580652227,0.001086211894559096,-0.004795501167401822,-0.35381752015806806,0.01713958825870418,0.0923938340310888,0.13372345813776929,0.9353245205883807,False
GUT_GENOME025761_9,GUT_GENOME025761_00476,33360,0.07939383824859063,0.08491737979928995,0.08377962333167022,0.004905913962621049,0.6495508774964698,0.07006722456634383,0.002594381681518584,-0.005523541550699326,-0.3843763232202202,0.013712398765326386,0.049429859639346214,0.15018846887626067,0.9276560650615013,False
GUT_GENOME025761_9,GUT_GENOME025761_00476,33396,0.0758481024472889,0.08547289438644129,0.08345930023027988,0.005123784656303836,0.7565725084453647,0.06974874615013547,0.0037268373324735754,-0.009624791939152388,-0.5565224098997252,0.013710554080144405,0.049406734274649394,0.3121582181122836,0.8554915105680727,False
GUT_GENOME025761_9,GUT_GENOME025761_00476,33454,0.07187580370651653,0.08419948834907008,0.08112772341828337,0.005087573767126516,0.838747186462482,0.06929879835017942,0.010034319288846336,-0.012323684642553553,-0.6698058657371101,0.011828925068103943,0.025818233888465842,0.4493064789769591,0.7987931606653349,False
GUT_GENOME025761_9,GUT_GENOME025761_00476,33467,0.07110669392357577,0.08153844006256826,0.07989880290533326,0.004903095807415047,0.7960693574494069,0.06909942927036113,0.013812809250160143,-0.01043174613899249,-0.5903935454010281,0.010799373634972131,0.012911558756108056,0.3487312468007082,0.8399897216082005,False
GUT_GENOME025761_9,GUT_GENOME025761_00476,33537,0.06892226569986544,0.07990167773688395,0.07783073669256561,0.0046509490624717514,0.8151483350020804,0.06798606539769914,0.017142590733297852,-0.010979412037018507,-0.6133813008958972,0.009844671294866478,0.0009432077293285585,0.3762375099295638,0.8285163109649437,False
GUT_GENOME025761_9,GUT_GENOME025761_00476,33704,0.06527429618454939,0.06637326333979796,0.06551039254729232,0.003714674208848739,0.5391284929239015,0.06364124202274549,0.307418790906125,-0.0010989671552485702,-0.19865901867728122,0.0018691505245468365,-0.09903961224573586,0.04927425049560608,0.9756638915922142,False
GUT_GENOME025761_9,GUT_GENOME025761_00476,33705,0.05851773773142743,0.06404721867718864,0.06334899266283792,0.0034604824102575362,0.6955592793297563,0.06343970839867119,0.5104569807252697,-0.005529480945761209,-0.38462562368234887,-9.071573583327441e-05,-0.12360891137113128,0.16321603336339205,0.9216331527221704,False
