contig,gene_id,site_pos,r2N,r2S,r2L,rL_std,rNrS_pval,r2G,r2G_pval,rNrS,rNrS_trans,r_rg,r_rg_transform,iLDS,iLDS_pval,significance
GUT_GENOME140786_1,GUT_GENOME140786_00011,13023,0.06989433737308422,0.07556123444258483,0.07536576968223985,0.004441077697016239,0.632641290954762,0.05981639435855364,0.00023153042817053307,-0.005666897069500618,-0.3304712690043672,0.015549375323686207,0.02190154413527776,0.10969093727286634,0.9466314208955804,False
GUT_GENOME140786_1,GUT_GENOME140786_00011,13964,0.07111788616309547,0.07769711865514865,0.07722556393521698,0.004850828079876252,0.6218484339553394,0.05894031609291483,8.178398274145143e-05,-0.00657923249205318,-0.34817202606594166,0.018285247842302156,0.057657760459889185,0.12454817707611272,0.9396253109656074,False
GUT_GENOME140786_1,GUT_GENOME140786_00014,17409,0.07173773949099306,0.07661507345907748,0.07561529117111397,0.005243570861918341,0.591504326389942,0.05900570902329066,0.0007684904590615776,-0.004877333968084416,-0.31515249008000035,0.016609582147823314,0.035757812764290284,0.10059971317731076,0.9509442348505893,False
GUT_GENOME140786_1,GUT_GENOME140786_00015,18594,0.07649982026761518,0.08223240763774589,0.08142658457246026,0.005157916287583707,0.5987904997379607,0.059642886186701174,1.2034748503396766e-05,-0.005732587370130715,-0.33174576523022004,0.02178369838575908,0.103380415145599,0.12074276298386066,0.9414148446047458,False
GUT_GENOME140786_1,GUT_GENOME140786_00016,19532,0.07590850346035527,0.08266685356427167,0.08186278274776225,0.005140310864781137,0.6235955388509752,0.05982068605400654,9.01095311600152e-06,-0.0067583501039163996,-0.35164719238598835,0.02204209669375571,0.10675752637273873,0.1350529173501743,0.9347029892861534,False
GUT_GENOME140786_1,GUT_GENOME140786_00017,20156,0.07451270117198652,0.08118001806815171,0.08054946990558302,0.0047127395279302,0.6232233246492718,0.06069560688118136,1.2610816886371992e-05,-0.00666731689616519,-0.3498810034875767,0.01985386302440166,0.07815862203131718,0.12852548679930798,0.9377585772825876,False
GUT_GENOME140786_1,GUT_GENOME140786_00017,20191,0.07467299413544623,0.07891656075567702,0.07877450023850537,0.0046503753057429665,0.5709813408928266,0.06669771998523742,0.004702815738275932,-0.004243566620230788,-0.30285639636204637,0.012076780253267944,-0.023483194993016664,0.09227345726448498,0.9549113895362038,False
GUT_GENOME140786_1,GUT_GENOME140786_00018,20478,0.08952737128828298,0.0821931780872096,0.08260412204707754,0.006631419178456092,0.39315272641388854,0.07407216308463647,0.09911752795214418,0.007334193201073369,-0.07822945669901268,0.008531958962441064,-0.0698118875927053,0.010993547544679221,0.9945183058462104,False
GUT_GENOME140786_1,GUT_GENOME140786_00018,20480,0.10022004274706159,0.09816437820257147,0.09777528048604676,0.009724118433742017,0.47181639057617675,0.08658723953420554,0.12495962742141548,0.0020556645444901184,-0.1806413011622328,0.011188040951841227,-0.035098485728154376,0.03386318338599394,0.9832109421303757,False
GUT_GENOME140786_1,GUT_GENOME140786_00018,20859,0.11577302771924346,0.10508224875695853,0.10618540191383936,0.010214313247199487,0.3666644336640589,0.10465756624579063,0.4405488171145548,0.01069077896228493,-0.013106358716786906,0.0015278356680487326,-0.16135158689318216,0.026206111231761208,0.9869824156982908,False
GUT_GENOME140786_1,GUT_GENOME140786_00018,20945,0.11740959486507434,0.11371788656188167,0.11392786668396801,0.005515616305114582,0.44970534328490563,0.10800601097266356,0.14148920963731565,0.0036917083031926673,-0.14889945227744877,0.0059218557113044495,-0.10392437486767006,0.03297132258016026,0.9836494835541619,False
GUT_GENOME140786_1,GUT_GENOME140786_00018,20947,0.10870972882004337,0.11387423380222905,0.11386909872230788,0.00501347346003923,0.5776198702430548,0.10503495176416767,0.03902779586869116,-0.00516450498218568,-0.32072406411963444,0.008834146958140207,-0.06586247135660614,0.10720179043861515,0.9478103066506083,False
GUT_GENOME140786_1,GUT_GENOME140786_00018,20991,0.1065927276955925,0.11256938579651905,0.11245201216789667,0.0048647345030784364,0.5923859369417845,0.10230461686997164,0.01849341654173069,-0.005976658100926555,-0.3364811252796751,0.010147395297925035,-0.048699101570268986,0.11559115016322778,0.943842872718984,False
GUT_GENOME140786_1,GUT_GENOME140786_00018,20997,0.09925104536096915,0.09976110852489721,0.10036626918397325,0.004693545783100799,0.5092911476419325,0.07145289894549127,3.631730292486594e-10,-0.0005100631639280567,-0.2304204961054652,0.028913370238481978,0.1965609589592485,0.09172981561246807,0.9551709896196285,False
GUT_GENOME140786_1,GUT_GENOME140786_00018,21016,0.10255453875000672,0.08966916904148112,0.09373117534325627,0.004596706603701418,0.272544126018499,0.06826047643496645,1.5030967510234916e-08,0.012885369708525607,0.029472189357233124,0.02547069890828982,0.15156730520554137,0.023841257952778333,0.9881501402375706,False
GUT_GENOME140786_1,GUT_GENOME140786_00019,21244,0.11430380532848823,0.09158091187642972,0.09783974815327011,0.006191237920067504,0.16950380948156207,0.06772833566372742,5.76486268532084e-07,0.02272289345205851,0.2203357835653319,0.030111412489542688,0.21221865411992147,0.09358461467581965,0.9542855751211404,False
GUT_GENOME140786_1,GUT_GENOME140786_00021,23531,0.10922407982411725,0.09046108101461478,0.09061831018494462,0.005162603827895106,0.17028238084055475,0.06775173587075968,4.727595259560771e-06,0.018762998809502468,0.14350753451937698,0.022866574314184943,0.11753295539959349,0.03440840806879301,0.9829429432249163,False
GUT_GENOME140786_1,GUT_GENOME140786_00022,24207,0.11821768082594568,0.09048130246365947,0.09184624364595718,0.005199760841704508,0.08696530610445158,0.06775380776945698,1.798770130772576e-06,0.027736378362286207,0.3176053581473681,0.0240924358765002,0.13355423230775323,0.1187098964912313,0.9423722164212233,False
GUT_GENOME140786_1,GUT_GENOME140786_00022,24208,0.13423711860341853,0.07763044988446079,0.09340204789605634,0.006221996090645055,0.0035129333193097603,0.06788211112492173,2.0518040525141977e-05,0.05660666871895774,0.877734871118369,0.025519936771134608,0.15221081460273012,0.7935866360592065,0.6724729993150222,False
GUT_GENOME140786_1,GUT_GENOME140786_00022,24544,0.14429601498898148,0.08449783383825231,0.09175884834938895,0.005034014317642776,0.00015042569400411233,0.06889966094825252,2.800118187308637e-06,0.05979818115072917,0.939655284178431,0.022859187401136433,0.11743641286731672,0.8967433641515908,0.638667258738816,False
GUT_GENOME140786_1,GUT_GENOME140786_00022,24776,0.1451881393762509,0.1016010558452811,0.10479514429336224,0.004594771854002314,0.009284151627727695,0.08830623299736812,0.00016621355554845244,0.04358708353096981,0.6251342280234545,0.016488911295994127,0.03418071695565139,0.3919611244580828,0.8220282129190196,False
GUT_GENOME140786_1,GUT_GENOME140786_00022,24777,0.2225360547658805,0.10775338860928864,0.1157783023338323,0.006821799583851141,0.022051881310123186,0.10746539253055866,0.11150178666792776,0.11478266615659187,2.0064416734666177,0.008312909803273635,-0.07267472899617725,4.03108980525819,0.13324777651672087,False
GUT_GENOME140786_1,GUT_GENOME140786_00022,24780,0.22625682348908882,0.1549494990713247,0.18739904354594458,0.027440610471885982,0.07760211051380235,0.11619839385598486,0.004733425948312642,0.07130732441776413,1.1629509536446734,0.07120064968995972,0.7492303913095746,1.9138010998449535,0.38408148440945383,False
GUT_GENOME140786_1,GUT_GENOME140786_00022,24786,0.26576800699904346,0.1508274838772617,0.2363441246161529,0.04379578047796833,0.017700233652521557,0.14381377867813822,0.017310293015323844,0.11494052312178177,2.0095043494542346,0.09253034593801468,1.027996754871548,5.09488505850192,0.07828161314849562,False
GUT_GENOME140786_1,GUT_GENOME140786_00022,24792,0.32170748333275473,0.24572228836678714,0.2663938616865013,0.03429470804409959,0.07133476038773663,0.18530421682010972,0.009027350333664998,0.07598519496596759,1.2537090762522314,0.08108964486639159,0.8784736394344602,2.3435023830584494,0.3098239049260844,False
GUT_GENOME140786_1,GUT_GENOME140786_00022,24885,0.3213275685572184,0.2184858012557904,0.2513392060569629,0.032747777175083266,0.023695641330960034,0.1855622575745425,0.022290169324451464,0.102841767301428,1.7747692594538742,0.06577694848242041,0.6783458627589024,3.609959033824573,0.16447782555637905,False
GUT_GENOME140786_1,GUT_GENOME140786_00022,24894,0.27713599194869937,0.22780236978390586,0.24118085694943267,0.028354805856566346,0.10729382683324235,0.17900123199591222,0.014156820678062069,0.049333622164793506,0.736626209796644,0.062179624953520446,0.631330997331608,0.9411970011510922,0.6246283159819122,False
GUT_GENOME140786_1,GUT_GENOME140786_00022,24913,0.13349133027757584,0.13212923807094423,0.13529437611005532,0.013619188242447306,0.4787331326998496,0.11855798928561645,0.10955786672309398,0.00136209220663161,-0.19409770672709992,0.01673638682443887,0.03741507399162699,0.03907380751851822,0.9806527047495558,False
GUT_GENOME140786_1,GUT_GENOME140786_00022,24916,0.06613202446873812,0.05947186434207459,0.059417848808564266,0.0038407405778700192,0.33682241691660586,0.06636686705661289,0.9647971146995172,0.006660160126663525,-0.09130676950159372,-0.0069490182480486246,-0.27213899395023394,0.08239655818506263,0.9596388347653292,False
GUT_GENOME140786_1,GUT_GENOME140786_00022,24942,0.03691529081855528,0.059809678573636144,0.05871432402382704,0.003256703863887313,0.995983964602996,0.06618560139070885,0.9891082662096936,-0.02289438775508086,-0.6647119658665177,-0.007471277366881808,-0.27896460804717554,0.5196632501090448,0.7711814225026032,False
GUT_GENOME140786_1,GUT_GENOME140786_00022,25246,0.04401966825910692,0.056912855409617616,0.056128609437416564,0.0031894247513477286,0.8387322780384903,0.06559874106861396,0.9985072586407204,-0.012893187150510695,-0.47067278044250865,-0.0094701316311974,-0.3050884369134405,0.3146118205877683,0.8544426360358669,False
GUT_GENOME140786_1,GUT_GENOME140786_00024,28341,0.07138554901113461,0.05817656810579339,0.058283803113068876,0.0036157607831624862,0.25896523603582167,0.06651365258030313,0.9885801227347095,0.01320898090534122,0.03575076085148915,-0.008229849467234256,-0.28887869137286304,0.08472901523075822,0.9585203289280709,False
GUT_GENOME140786_1,GUT_GENOME140786_00024,28531,0.07501493532296426,0.06156209889184501,0.06146036568278657,0.0037383647227685777,0.2613711041252211,0.06729222397650554,0.9406203541748459,0.013452836431119247,0.04048194558159939,-0.005831858293718968,-0.2575383819975936,0.06796480612001002,0.9665885134879261,False
GUT_GENOME140786_1,GUT_GENOME140786_00024,28539,0.08199664783961086,0.06173338336045983,0.06183132447812156,0.0037588357584244854,0.18179444179975934,0.06733776934649174,0.9285304852066444,0.020263264479151027,0.17261507270086146,-0.0055064448683701805,-0.2532854232970214,0.09394946897827501,0.9541115034004003,False
GUT_GENOME140786_1,GUT_GENOME140786_00024,29370,0.06939560853804752,0.05806717292257774,0.058237758739305014,0.0035756406265837317,0.2818129839886885,0.06661445724883583,0.9904279393759494,0.011328435615469784,-0.000734806294605832,-0.008376698509530815,-0.2907979204625555,0.08456397048563734,0.9585994315635852,False
GUT_GENOME140786_1,GUT_GENOME140786_00026,30751,0.08676352100301289,0.0641276876062388,0.06451664507821184,0.005082072514334083,0.16091279889854126,0.07205906965670322,0.931111954804119,0.022635833396774094,0.21864668013882552,-0.007542424578491386,-0.2798944595193823,0.12614727920537702,0.9388743328105684,False
GUT_GENOME140786_1,GUT_GENOME140786_00026,30757,0.05997344140223196,0.06207475266225811,0.06231700401132486,0.003845591492523859,0.5492776884239183,0.07083875641885864,0.9866535513317396,-0.002101311260026155,-0.26129323794740833,-0.008521752407533785,-0.29269368809077306,0.1539437512452197,0.9259158940483438,False
GUT_GENOME140786_1,GUT_GENOME140786_00026,30822,0.058282387711680476,0.0524678870185169,0.053141303195635536,0.003991415814416228,0.352220782509604,0.07376451904585822,0.9999998809908734,0.005814500693163575,-0.10771390641548342,-0.020623215850222684,-0.4508525722335405,0.2148703275248834,0.8981347522412376,False
GUT_GENOME140786_1,GUT_GENOME140786_00026,30868,0.07022202513019411,0.057111972810213185,0.05779170452736588,0.00457722084179069,0.2091329434911478,0.08021342922578217,0.9999995172566606,0.013110052319980928,0.0338313890802951,-0.022421724698416294,-0.47435800642324133,0.2261600811449342,0.893079174686786,False
GUT_GENOME140786_1,GUT_GENOME140786_00026,30989,0.12498613439397045,0.10429699258146254,0.10782571781077778,0.009441828791036194,0.24215610644111935,0.1204354621697686,0.9091467747882485,0.020689141812507916,0.18087776976318795,-0.012609744358990815,-0.34612129612256637,0.15251671922407012,0.9265767856135109,False
GUT_GENOME140786_1,GUT_GENOME140786_00026,31003,0.14756937527247294,0.14756310934241387,0.15745196114821705,0.023739393579519055,0.49992215065640255,0.1411060325021246,0.24555100429742538,6.265930059062841e-06,-0.22040289114289746,0.01634592864609244,0.03231201930041952,0.04962150101541859,0.9754945064006548,False
GUT_GENOME140786_1,GUT_GENOME140786_00026,31026,0.20120642229609348,0.5012102534565225,0.30891348721078143,0.037517243393274446,0.999999999999972,0.1559092699264139,2.2689229605432295e-05,-0.300003831160429,-6.041075544365624,0.15300421728436753,1.8183540581207533,39.80100521341663,2.2767824274627756e-09,False
GUT_GENOME140786_1,GUT_GENOME140786_00026,31036,0.17498797023707216,0.5012102534565225,0.29450627309162913,0.037963767935805796,1.0,0.15419941329494796,0.0001095935774883391,-0.32622228321945035,-6.549755180117174,0.14030685979668117,1.6524071954685722,45.629742459108066,1.234887287072224e-10,False
GUT_GENOME140786_1,GUT_GENOME140786_00026,31165,0.1462934634513563,0.2767701675612533,0.22339728482475993,0.0261441595967076,0.999978288774771,0.16187147072398367,0.009303076842190316,-0.13047670410989698,-2.751979870679606,0.06152581410077626,0.6227860808097204,7.961255711076073,0.018673911137785746,False
GUT_GENOME140786_1,GUT_GENOME140786_00026,31213,0.14690351635104995,0.2744051921330902,0.221768121440512,0.025532415239152038,0.999986610830782,0.16113672557449962,0.008782010412322003,-0.12750167578204027,-2.6942595932674247,0.06063139586601238,0.6110965698148612,7.632473773553038,0.02201047314673164,False
GUT_GENOME140786_1,GUT_GENOME140786_00026,31255,0.17821269261815204,0.326724987197088,0.2923997104494003,0.023436266098755012,0.9999919962519493,0.16540480076174752,3.001114398585354e-08,-0.14851229457893594,-3.101898987555849,0.12699490968765276,1.478427975105757,11.807526606575308,0.002729154831391496,False
GUT_GENOME140786_1,GUT_GENOME140786_00026,31261,0.18009504936292284,0.35815402730848217,0.3245912065368306,0.022428873877827254,0.9999997251702419,0.15452326972751798,1.6942125542607628e-14,-0.17805897794555933,-3.6751515998293054,0.17006793680931262,2.041366659214131,17.673917119078965,0.00014526388695492955,False
GUT_GENOME140786_1,GUT_GENOME140786_00026,31326,0.17768098892857379,0.3301378436766639,0.30130713843892226,0.023061897475956786,0.9999751358785058,0.15052662812726164,3.115697999817684e-11,-0.1524568547480901,-3.178429723448588,0.15078051031166062,1.7892915389362416,13.303979718210293,0.0012914497439642843,False
GUT_GENOME140786_1,GUT_GENOME140786_00026,31327,0.17341513304903214,0.30744283821164065,0.28562923582868455,0.020134432981958286,0.9998498779586583,0.14395553606229122,9.864294301819426e-13,-0.1340277051626085,-2.8208749342775787,0.14167369976639332,1.6702709757820196,10.747140527375354,0.004637544461599338,False
GUT_GENOME140786_1,GUT_GENOME140786_00026,31457,0.1552162390716326,0.31269491870740973,0.28127026732778054,0.0213058716809332,0.9999982817282566,0.13481344760497602,3.121045510955583e-12,-0.15747867963577714,-3.2758611068470507,0.14645681972280453,1.7327834907856519,13.733804617292492,0.0010416989336410325,False
GUT_GENOME140786_1,GUT_GENOME140786_00026,31459,0.17253624460139247,0.2610185085300103,0.2620527458341832,0.024855758087898912,0.9964018950283345,0.12867102767368646,4.019967233473482e-08,-0.08848226392861783,-1.9372209944913714,0.13338171816049674,1.561899739168214,6.192355976711872,0.04522171042351489,False
GUT_GENOME140786_1,GUT_GENOME140786_00026,31660,0.1467026068530034,0.2574500876728552,0.24346159757137525,0.020196042539253684,0.9999949869213695,0.12242884480730373,1.030692794374823e-09,-0.1107474808198518,-2.3692015855905746,0.12103275276407152,1.4005061526267264,7.574533636710209,0.02265744421005857,False
GUT_GENOME140786_1,GUT_GENOME140786_00026,31806,0.169209645140107,0.24902545068595316,0.23834410486542082,0.018112819428294707,0.9949033810616138,0.12485304392144997,1.8547404769660713e-10,-0.07981580554584616,-1.7690779293142118,0.11349106094397085,1.3019407544445436,4.8246864480702865,0.08960508359717086,False
GUT_GENOME140786_1,GUT_GENOME140786_00026,31807,0.16384079859886042,0.20096837755946143,0.1965438744581055,0.014118605231027386,0.8822731761442734,0.12469532217000001,1.800475314264367e-07,-0.03712757896060101,-0.9408584943384356,0.0718485522881055,0.7576980904801112,1.459321102685995,0.48207260121690376,False
GUT_GENOME140786_1,GUT_GENOME140786_00026,31969,0.1183265356602039,0.16254589468385516,0.15873380765799905,0.011164381629540894,0.958427535249048,0.11141960571605247,1.1278000837136029e-05,-0.04421935902365126,-1.078450297667696,0.047314201941946576,0.4370488159280723,1.354066712043672,0.5081221761835575,False
GUT_GENOME140786_1,GUT_GENOME140786_00026,32115,0.09557290887628675,0.13492219633752225,0.1318396981212179,0.009363256377439351,0.954817149193915,0.10105472438104732,0.0005047797406916642,-0.039349287461235505,-0.9839631699426544,0.030784973740170585,0.2210216965210019,1.017034110136619,0.601386741296498,False
GUT_GENOME140786_1,GUT_GENOME140786_00026,32350,0.07127454761624265,0.11853698767143443,0.11361359194905797,0.007324641512345391,0.9957040864480411,0.07919602889988635,1.3080028331196127e-06,-0.047262440055191784,-1.1374909056792533,0.03441756304917162,0.26849746458669405,1.3659764489924908,0.5051053667220137,False
GUT_GENOME140786_1,GUT_GENOME140786_00026,32352,0.07429393615162067,0.06818211575032222,0.07006753632680741,0.008145618914018004,0.3745030271643609,0.07790309899647792,0.831959079868871,0.006111820401298443,-0.10194543158350866,-0.007835562669670504,-0.28372559892001736,0.09089308650327041,0.9555706829081889,False
GUT_GENOME140786_1,GUT_GENOME140786_00026,32357,0.06576951680302544,0.05198992710726029,0.056348176548901174,0.008249406148386934,0.22574383718669183,0.07728509763199959,0.9944254622938192,0.013779589695765149,0.04682147818507038,-0.020936921083098414,-0.4549525118661597,0.2091740388727632,0.9006964159021127,False
GUT_GENOME140786_1,GUT_GENOME140786_00028,34178,0.06492713117673347,0.05038882209042734,0.05653256114300934,0.007723345539677026,0.2018120121776537,0.07702815785286603,0.9960195074779841,0.014538309086306135,0.06154184010228851,-0.020495596709856685,-0.449184666452464,0.20555426265918703,0.9023280517268224,False
GUT_GENOME140786_1,GUT_GENOME140786_00028,34215,0.07556950473132058,0.04284575346838905,0.06808116754448129,0.01038054438136384,0.03392543018742098,0.07717426024448626,0.809478065471178,0.03272375126293153,0.4143683182468559,-0.009093092700004968,-0.30016076375075346,0.2617975872621633,0.877306558909444,False
GUT_GENOME140786_1,GUT_GENOME140786_00028,34340,0.0703485334334377,0.042230551099627,0.05910221084216258,0.0077576519447058595,0.033232188125713324,0.07762663242962577,0.9915272997790225,0.028117982333810694,0.32500908163186076,-0.01852442158746319,-0.4234225874044059,0.2849175906674273,0.8672232872022135,False
GUT_GENOME140786_1,GUT_GENOME140786_00028,34341,0.06956423944082774,0.044941494202594974,0.06335379101256777,0.007413950189771638,0.05304219183677651,0.07928772757668537,0.9841900563933217,0.02462274523823276,0.2571959274211749,-0.015933936564117596,-0.3895664986246298,0.21791180193269194,0.8967699633150551,False
GUT_GENOME140786_1,GUT_GENOME140786_00028,34394,0.08267095278377978,0.06883079584907509,0.0710982325717098,0.008137738097156006,0.2466769916909367,0.10055900563985816,0.9998528496042867,0.013840156934704695,0.047996578872665875,-0.029460773068148358,-0.5663541555548064,0.32306070109767787,0.8508407075910411,False
GUT_GENOME140786_1,GUT_GENOME140786_00028,34712,0.08421311910963485,0.07457214575818073,0.07598289368119229,0.008631847854095879,0.3272578177659904,0.10603533171206411,0.9997507642478314,0.009640973351454113,-0.03347425589565975,-0.03005243803087182,-0.5740868624901192,0.33069625149151716,0.8475985818326643,False
GUT_GENOME140786_1,GUT_GENOME140786_00028,34725,0.08140111555073837,0.09967668825235036,0.09151273113827312,0.01431135322784143,0.8091529099279186,0.10878115411342269,0.886211519544901,-0.018275572701611995,-0.5750996137065474,-0.017268422975149578,-0.4070074372906072,0.49639461969528753,0.7802059857656849,False
GUT_GENOME140786_1,GUT_GENOME140786_00028,34982,0.0791568477873075,0.09384818334774608,0.08909909173560095,0.012869964567647088,0.7755838464357794,0.10024789495462456,0.8068276440146114,-0.014691335560438584,-0.5055597171743291,-0.011148803219023617,-0.32702766983598114,0.36253772446773913,0.8342110406979012,False
GUT_GENOME140786_1,GUT_GENOME140786_00028,35121,0.06898054070472533,0.08287488191392677,0.0814911120678308,0.01107214339216026,0.7924333117332416,0.08665571702075227,0.6795534039649233,-0.013894341209201438,-0.49009676019385184,-0.005164604952921467,-0.2488177802025418,0.30210512209743035,0.8598025053501429,False
GUT_GENOME140786_1,GUT_GENOME140786_00028,35127,0.05233951690738726,0.08700460563990675,0.06752374066041719,0.009614709575930658,0.9931634166921404,0.06605304233148666,0.43921358292251844,-0.03466508873251949,-0.8930822705765431,0.001470698328930528,-0.16209833771721424,0.8238718131088378,0.6623667280574994,False
GUT_GENOME140786_1,GUT_GENOME140786_00029,35514,0.06265485540655273,0.10469548471212366,0.06501316967534344,0.010251749612475065,0.9890249827032648,0.06518813174257591,0.5068082405904276,-0.042040629305570926,-1.0361794787459953,-0.00017496206723247032,-0.18360613412280766,1.107379124661845,0.574825040239562,False
GUT_GENOME140786_1,GUT_GENOME140786_00029,35750,0.06225123815790577,0.14409122995258575,0.0622880858110647,0.009873759669850797,0.9999956012074108,0.0644364597138812,0.5861234442016158,-0.08183999179467998,-1.808350359335335,-0.002148373902816504,-0.20939744567353286,3.3139783123628352,0.19071232156210677,False
GUT_GENOME140786_1,GUT_GENOME140786_00033,38821,0.06385914351915578,0.0694291726952499,0.06212390381222464,0.008336604859249032,0.6150461382609882,0.06430569784419092,0.603228464017584,-0.005570029176094116,-0.3285918779318845,-0.0021817940319662776,-0.2098342267586692,0.15200302496221108,0.9268148047684416,False
GUT_GENOME140786_1,GUT_GENOME140786_00033,38822,0.060149125094220886,0.05426214396401689,0.0549080729738404,0.006635708871309892,0.3792102544573304,0.06402555163882999,0.9152795020918731,0.005886981130203993,-0.1063076707525299,-0.00911747866498959,-0.3004794737174428,0.10158923498633972,0.9504738611916554,False
GUT_GENOME140786_1,GUT_GENOME140786_00033,39385,0.05256794982596626,0.05185095501788722,0.05232565151925943,0.005616882735507176,0.4793749912226562,0.06290414984846342,0.9701728277380723,0.0007169948080790467,-0.20661362143408887,-0.01057849832920399,-0.3195741262689401,0.14481681074266545,0.9301509395885277,False
GUT_GENOME140786_1,GUT_GENOME140786_00034,40153,0.047242480206956546,0.04837103899264297,0.0487127549844457,0.005116717660059008,0.5346546115440141,0.06187405357092482,0.9949474960952155,-0.0011285587856864274,-0.24242029406766877,-0.013161298586479117,-0.3533297797557155,0.1836095322380774,0.9122832407574345,False
GUT_GENOME140786_1,GUT_GENOME140786_00034,40163,0.03569028450509582,0.043885131810010566,0.04281798136443255,0.004716408570523822,0.8119030551450797,0.0541833876720007,0.9920184615265998,-0.008194847304914744,-0.3795175209361642,-0.011365406307568146,-0.3298585425604512,0.25284020679763686,0.8812445551756609,False
GUT_GENOME140786_1,GUT_GENOME140786_00034,40178,0.043290522611691536,0.04360211582855798,0.044051580486988304,0.005040232996165813,0.5118584155140529,0.05406247178294691,0.976494225065244,-0.0003115932168664473,-0.2265698637282501,-0.010010891295958606,-0.3121558420725843,0.148775172889882,0.9283118230259839,False
GUT_GENOME140786_1,GUT_GENOME140786_00034,40234,0.07464434136902427,0.03752513771640494,0.05421499807508771,0.010692890824326153,0.05764558415772359,0.054300536096770956,0.5031913137468391,0.03711920365261933,0.4996470797662775,-8.553802168324853e-05,-0.1824374153701892,0.2829306148459238,0.8680852911783349,False
GUT_GENOME140786_1,GUT_GENOME140786_00044,54032,0.08574438583541501,0.047139504580516974,0.06091935206423755,0.009592596411830918,0.0556477981206166,0.054507650240271106,0.2519388023994318,0.038604881254898034,0.5284715862577403,0.0064117018239664425,-0.09752237936132502,0.28879283195806643,0.8655445643460733,False
GUT_GENOME140786_1,GUT_GENOME140786_00044,54372,0.092165947705044,0.04529247736533003,0.0747204826117836,0.01439582094468427,0.019379222369699606,0.053845171643849804,0.07351598561261537,0.046873470339713966,0.6888953547691301,0.020875310967933797,0.09150833528906108,0.48295058524986084,0.7854682104069204,False
GUT_GENOME140786_1,GUT_GENOME140786_00044,54400,0.09424346557762399,0.056256276522014294,0.07074061559009813,0.010505655169971187,0.03537110360593342,0.05424211334943088,0.05815637883768164,0.037987189055609695,0.5164873759682372,0.016498502240667248,0.03430606486208929,0.2679361156208771,0.8746180013711445,False
GUT_GENOME140786_1,GUT_GENOME140786_00044,54463,0.09724414903827909,0.05532009698673408,0.06843322077169997,0.010209992935956005,0.03131823803034819,0.054048520155345094,0.07943466430797419,0.04192405205154501,0.592868774468347,0.014384700616354877,0.006679942799770355,0.35153800537540786,0.8388117242132173,False
GUT_GENOME140786_1,GUT_GENOME140786_00044,54725,0.07963199223680123,0.06368305321554084,0.06563409670218583,0.006980331615319901,0.1979068256706426,0.08642594023637876,0.9985523115529723,0.01594893902126039,0.08891030258349986,-0.02079184353419293,-0.453056435134802,0.21316517532254453,0.8989008069802066,False
GUT_GENOME140786_1,GUT_GENOME140786_00044,54726,0.07818426066127278,0.06758826551345937,0.068586766001771,0.006729815158769747,0.2758233772472284,0.08900836097575748,0.9987953089384868,0.010595995147813411,-0.01494531534595697,-0.02042159497398649,-0.4482175080566811,0.2011222969793311,0.9043298123198462,False
GUT_GENOME140786_1,GUT_GENOME140786_00044,54823,0.0822758540284054,0.06843313807235424,0.06946577397081219,0.005730535214078791,0.2695626609141205,0.09077159805355083,0.9998995756560274,0.01384271595605116,0.04804622795352962,-0.021305824082738636,-0.4597738532730345,0.21370043617409637,0.8986602659639873,False
GUT_GENOME140786_1,GUT_GENOME140786_00045,55233,0.09411355870636899,0.06028205409681596,0.06245490401110205,0.004585599939194423,0.08515383903464918,0.07684010234383545,0.9991466781090388,0.03383150460955303,0.43586049358937756,-0.014385198332733405,-0.3693254169021583,0.3263756334419289,0.8494316359671997,False
GUT_GENOME140786_1,GUT_GENOME140786_00045,55585,0.09221792930267678,0.055833932485122674,0.05776886686386452,0.004083512650853682,0.06913260680907135,0.07333134648248166,0.9999308117124411,0.0363839968175541,0.4853828987909423,-0.01556247961861714,-0.38471177867396744,0.3835997110891859,0.8254720656165132,False
GUT_GENOME140786_1,GUT_GENOME140786_00045,55626,0.08181170762039068,0.05288441565953327,0.054091420161848036,0.003748779094681347,0.09655357129161435,0.06946605124803769,0.9999794526197369,0.02892729196085741,0.34071097453421817,-0.015374631086189652,-0.38225671078756757,0.26220416111018674,0.8771282320840379,False
GUT_GENOME140786_1,GUT_GENOME140786_00045,56852,0.08388447056420784,0.05345061717929371,0.054634984896823204,0.003876521339559993,0.10481906409988656,0.0687571730157519,0.999865263401322,0.030433853384914125,0.36994066035629997,-0.014122188118928701,-0.3658880308264574,0.2707301432869179,0.8733970010004046,False
GUT_GENOME140786_1,GUT_GENOME140786_00045,57832,0.06637190142684307,0.048166731274399056,0.04853365302972591,0.0032802886065293395,0.18887854255957448,0.06511677627480728,0.9999997852387955,0.018205170152444015,0.13268477208300217,-0.016583123245081363,-0.39805097998903927,0.17604983141295277,0.915738060178365,False
GUT_GENOME140786_1,GUT_GENOME140786_00046,58575,0.06984609494180573,0.04414785291460359,0.04531709986663542,0.0032611446083537746,0.10576374342967976,0.06630669699855193,0.9999999999387762,0.02569824202720214,0.27806227428380986,-0.02098959713191651,-0.45564095629617224,0.28492730943437505,0.8672190730419427,False
GUT_GENOME140786_1,GUT_GENOME140786_00047,59152,0.08726123049378946,0.04801829983953906,0.049693602434702146,0.003661500917898477,0.055322653964797824,0.06963164484978772,0.9999999741437632,0.039242930654250406,0.5408507585797151,-0.019938042415085573,-0.4418977655311311,0.4877931782376598,0.783568659598886,False
GUT_GENOME140786_1,GUT_GENOME140786_00047,59476,0.09553896153602412,0.04866032622624523,0.05127575769922924,0.004010955212670649,0.020403712365723168,0.0715580017013537,0.9999997867262982,0.04687863530977889,0.6889955633964502,-0.02028224400212445,-0.44639627425976985,0.6739845200529955,0.7139143655596082,False
GUT_GENOME140786_1,GUT_GENOME140786_00047,59498,0.10583023183937658,0.05517227604060181,0.05802126816989598,0.0036035619132647146,0.012478433672221359,0.07933403058043081,0.9999999983341575,0.050657955798774766,0.7623203868987326,-0.021312762410534834,-0.4598645330645539,0.7926077610521135,0.6728022133792926,False
GUT_GENOME140786_1,GUT_GENOME140786_00047,59587,0.1293683602791403,0.06326773168502746,0.06855213191740805,0.005215357096980319,0.011161999566043558,0.0940682273521147,0.9999995021654197,0.06610062859411285,1.061932780295544,-0.025516095434706648,-0.5147995798819778,1.3927198373128853,0.49839620861208245,False
GUT_GENOME140786_1,GUT_GENOME140786_00047,59623,0.14121119301462512,0.078156039693367,0.0831024388350584,0.007090561114550927,0.0069045712677365334,0.1139487054327183,0.9999932032979201,0.06305515332125812,1.002845720197614,-0.030846266597659905,-0.5844617267301717,1.347295048531085,0.5098455081935441,False
GUT_GENOME140786_1,GUT_GENOME140786_00047,59632,0.1351119542680669,0.09752375179989878,0.10416399254457831,0.011565822739206392,0.07806606596092475,0.1216930129115538,0.9351881988271191,0.03758820246816813,0.5087464021108696,-0.017529020366975484,-0.4104132892271845,0.42726196963503127,0.807646363810276,False
GUT_GENOME140786_1,GUT_GENOME140786_00047,59641,0.1471556992210212,0.10123882539328784,0.10923038911812501,0.010748815528962733,0.059219148075705816,0.12625264930711666,0.9433622302462028,0.045916873827733365,0.6703358622338694,-0.017022260188991653,-0.40379023701060857,0.6123967237019086,0.7362405629297473,False
GUT_GENOME140786_1,GUT_GENOME140786_00047,59643,0.14091491099664658,0.0926076142970951,0.100174272036133,0.009783818230771393,0.04480296686729108,0.1200448454095168,0.9788706287995028,0.04830729669955147,0.7167138647563417,-0.019870573373383812,-0.4410159855381355,0.7081738634341446,0.7018139548113129,False
GUT_GENOME140786_1,GUT_GENOME140786_00048,59954,0.1514933403268592,0.09585352762200794,0.10384441877111118,0.010898378098202464,0.03188047186088107,0.11611754715749807,0.869947428005364,0.05563981270485127,0.858976327937684,-0.012273128386386889,-0.341721926834397,0.8546142072367205,0.6522632090747912,False
GUT_GENOME140786_1,GUT_GENOME140786_00048,60002,0.12057876893697807,0.07374903562693758,0.07785719635904147,0.006474143915886323,0.04927725271290032,0.09949438225251782,0.9995842528213048,0.04682973331004049,0.6880467868875071,-0.02163718589347635,-0.4641045538103704,0.6888014178137456,0.7086449108216183,False
GUT_GENOME140786_1,GUT_GENOME140786_00048,60162,0.12571238904403848,0.07005725017079528,0.07410863416507715,0.005869729208130026,0.023141685858561335,0.09230770550241893,0.9990340155540522,0.05565513887324319,0.8592736799605082,-0.018199071337341777,-0.41917045436624345,0.9140551268864768,0.6331628876729218,False
GUT_GENOME140786_1,GUT_GENOME140786_00048,60194,0.12356586141746251,0.06810938712016104,0.07182117267955768,0.005772713018786429,0.03215081399324214,0.09081753261829664,0.9995003365212407,0.05545647429730147,0.8554192714737188,-0.018996359938738966,-0.4295905391877126,0.9162901613682174,0.6324557124435197,False
GUT_GENOME140786_1,GUT_GENOME140786_00049,60934,0.1361919565223392,0.06608438363920156,0.07070431988908496,0.005666283786092463,0.020496209689020994,0.09050855178497554,0.9997630584528249,0.07010757288313764,1.1396738672532905,-0.019804231895890576,-0.4401489421344674,1.4925876149621615,0.4741204823176648,False
GUT_GENOME140786_1,GUT_GENOME140786_00049,61154,0.18315649007638726,0.06770746496123385,0.07483440358684151,0.006343674853933863,0.003372610660279167,0.0912636413212535,0.9951992689765644,0.11544902511515341,2.0193700962262,-0.01642923773441199,-0.39603978846923077,4.234703099583364,0.12034994764311274,False
GUT_GENOME140786_1,GUT_GENOME140786_00049,61165,0.27087251793628314,0.06484732751224771,0.08405271680335519,0.009736801902209168,1.8959933568100032e-05,0.09657742142462476,0.9008354008194595,0.20602519042403544,3.7766916449345223,-0.012524704621269575,-0.3450098776491328,14.382431596593698,0.0007531728573336257,False
GUT_GENOME140786_1,GUT_GENOME140786_00050,62097,0.22613327351624687,0.06772101221254657,0.07872795399872114,0.008032729852723703,0.0001654290815454418,0.09617915561500967,0.98509146545874,0.15841226130370029,2.852925154545444,-0.017451201616288534,-0.4093962447323331,8.306787222639082,0.01571100885624819,False
GUT_GENOME140786_1,GUT_GENOME140786_00050,62098,0.08878625959406822,0.07243408748143265,0.07459001917735626,0.007368516464699799,0.17777663128155652,0.09360285579232276,0.9950639900720393,0.016352172112635566,0.0967336653656332,-0.0190128366149665,-0.4298058794842701,0.19409049605431722,0.907514941943503,False
GUT_GENOME140786_1,GUT_GENOME140786_00050,62099,0.09873003563683871,0.06969678648407882,0.07432397328217412,0.00703952443606855,0.07174790200276936,0.09520691049858826,0.9984940789716539,0.0290332491527599,0.34276671244204293,-0.02088293721641414,-0.4542469750394006,0.323829333490772,0.8505137785525185,False
GUT_GENOME140786_1,GUT_GENOME140786_00050,62101,0.0844502233442755,0.0584315611920555,0.0649059469871075,0.006534429182482766,0.0591115412434917,0.09719908373363081,0.9999996133701949,0.02601866215222,0.284278933914006,-0.032293136746523315,-0.6033714535848992,0.444871623268438,0.8005663921494499,False
GUT_GENOME140786_1,GUT_GENOME140786_00050,62102,0.08059100967706131,0.05925817614582047,0.065081952463867,0.006331978377159253,0.09451475178557772,0.09657935690570413,0.9999996726460669,0.021332833531240845,0.19336641204779953,-0.03149740444183713,-0.5929717086299571,0.3890060165437701,0.8232437017119157,False
GUT_GENOME140786_1,GUT_GENOME140786_00050,62194,0.08321012557964404,0.06253655085499901,0.06820860749871703,0.006341286777138729,0.10559243534314644,0.0965163128506933,0.9999959784176391,0.020673574724645025,0.18057574351976283,-0.02830770535197627,-0.5512842506466521,0.33652192415875587,0.8451332581724538,False
GUT_GENOME140786_1,GUT_GENOME140786_00050,62195,0.07693003147140161,0.07410464107042748,0.08263656431253412,0.013745769738679072,0.4272117548860489,0.11099919921360071,0.9804613457759596,0.002825390400974126,-0.1657073963144784,-0.028362634901066594,-0.5520021469764419,0.33216531145992495,0.8469762238580181,False
GUT_GENOME140786_1,GUT_GENOME140786_00051,62747,0.097636972062768,0.07086670118976532,0.0802415733128992,0.01421044129080053,0.13698351544446902,0.09994622002734996,0.9172229338225606,0.026770270873002683,0.2988613375377879,-0.019704646714450755,-0.43884742341747357,0.2819051601150309,0.8685304963873571,False
GUT_GENOME140786_1,GUT_GENOME140786_00051,62754,0.07915326516668704,0.07033258205445507,0.07163956755829066,0.012902165451649981,0.3456363111097418,0.09835124030303825,0.9807890293345612,0.00882068311223197,-0.04938919012437588,-0.02671167274474759,-0.5304250597388563,0.28379003610011105,0.8677123458385184,False
GUT_GENOME140786_1,GUT_GENOME140786_00051,63175,0.07032566169823765,0.06811357144251068,0.07041042317761238,0.014142039573504735,0.45892894179532934,0.09812717124484197,0.974995287647521,0.0022120902557269673,-0.17760639377582366,-0.027716748067229582,-0.5435607926389313,0.32700236640431624,0.8491654942665441,False
GUT_GENOME140786_1,GUT_GENOME140786_00051,63249,0.08228682091185645,0.06504756600375816,0.0725743235813935,0.01374499801242727,0.25227946408576785,0.0983098514285534,0.9694213076703366,0.017239254908098287,0.11394448133072672,-0.025735527847159906,-0.5176674301765081,0.2809629130912782,0.8689397779284951,False
GUT_GENOME140786_1,GUT_GENOME140786_00051,63309,0.09513918744666143,0.11622108138966662,0.11022067863420358,0.01594960514488659,0.7760596452964521,0.0989876570612311,0.24062855242705322,-0.021081893943005192,-0.6295467055356221,0.011233021572972485,-0.03451061593208717,0.3975200370627673,0.8197465937212121,False
GUT_GENOME140786_1,GUT_GENOME140786_00051,63488,0.09622122261548821,0.10247698210792332,0.10130501770194493,0.013542072199226676,0.589537528344456,0.09039531358794328,0.21023227469621036,-0.006255759492435106,-0.34189613581693795,0.010909704114001648,-0.03873618160659211,0.11839345945201296,0.9425213289540972,False
GUT_GENOME140786_1,GUT_GENOME140786_00051,63602,0.09325189595022215,0.10732370421268352,0.10639142849084518,0.010568178244296947,0.7045222961286041,0.08707433619449367,0.03378569466891023,-0.014071808262461363,-0.493539903053962,0.019317092296351507,0.07114334988750035,0.2486430121397295,0.8830958745528064,False
GUT_GENOME140786_1,GUT_GENOME140786_00052,63903,0.087623559075956,0.1042547764741647,0.10263557101636343,0.008489124814430213,0.74414108625164,0.07033990232633135,7.108626117731509e-05,-0.016631217398208706,-0.5431965076460389,0.03229566869003209,0.24076557532390475,0.353030508179904,0.838185993293128,False
GUT_GENOME140786_1,GUT_GENOME140786_00052,63925,0.09131848195682807,0.10640117335878534,0.10494021013732518,0.009424169257580415,0.7180810500534691,0.06817798571142988,4.792873758483735e-05,-0.015082691401957268,-0.5131526424341737,0.0367622244258953,0.29914078543722294,0.3528108439491736,0.8382780580895841,False
GUT_GENOME140786_1,GUT_GENOME140786_00052,64315,0.10398186989908169,0.10051816902240482,0.10169501914107401,0.009821113702411906,0.4562264139146306,0.06583325511164817,0.00013035823754461556,0.00346370087667687,-0.15332315869640942,0.03586176402942584,0.287372307005269,0.10609083382617493,0.9483369409677924,False
GUT_GENOME140786_1,GUT_GENOME140786_00054,65776,0.11455602371524212,0.08608545188108696,0.08799630079721214,0.006360872233567638,0.1861548412785275,0.0616325759875416,1.701507190870825e-05,0.02847057183415516,0.3318498782662804,0.026363724809670544,0.163238619236432,0.13677118851556191,0.9339002975486973,False
GUT_GENOME140786_1,GUT_GENOME140786_00055,66427,0.14543416284637956,0.07493616027301829,0.07757390093369584,0.003963000820576429,0.022687156236054794,0.06165384512929156,2.945037107281905e-05,0.07049800257336127,1.147248823706191,0.01592005580440428,0.026746116155969557,1.3168952182246676,0.5176543129005655,False
GUT_GENOME140786_1,GUT_GENOME140786_00058,68350,0.13526808688662265,0.07359353396307144,0.07580526646155103,0.003931489623477806,0.04095805073515496,0.061706703384913325,0.0001678549912721502,0.0616745529235512,0.976059878461303,0.014098563076637705,0.00294029641672354,0.9527015316849118,0.6210456024533528,False
GUT_GENOME140786_1,GUT_GENOME140786_00059,68688,0.1282908912571438,0.07260311573591927,0.07484215147251425,0.0038382819749833257,0.03380568114046041,0.06324773427468121,0.0012608265493560874,0.05568777552122453,0.8599068827968132,0.011594417197833037,-0.029787391420215827,0.7403271357689533,0.6906213579237628,False
GUT_GENOME140786_1,GUT_GENOME140786_00059,68774,0.13006049701662425,0.07468599332558755,0.07668200342585546,0.003728517860850335,0.025067450176185887,0.06344006803877666,0.00019150065739750063,0.055374503691036706,0.8538289114462378,0.013241935387078796,-0.008255314770970145,0.7290919602434353,0.6945119015165275,False
GUT_GENOME140786_1,GUT_GENOME140786_00059,68856,0.12704638834592938,0.07473354569895836,0.07663455800468609,0.0037324177471190724,0.03018760243618795,0.06358587639386863,0.00023610898404318392,0.05231284264697102,0.7944278216647316,0.013048681610817459,-0.010781025959093832,0.6312317943557012,0.7293395377477193,False
GUT_GENOME140786_1,GUT_GENOME140786_00059,70326,0.13349610338947002,0.0759269290025671,0.07816797309127838,0.004402739226745901,0.02268829598833391,0.06369999514836616,0.0005078687625450681,0.05756917438690291,0.8964090106700474,0.014467977942912214,0.007768327614142411,0.8036094613243738,0.6691113898725538,False
GUT_GENOME140786_1,GUT_GENOME140786_00062,72714,0.1313662173831811,0.07477639274817897,0.07730298113548939,0.004491024939445017,0.02243664391992878,0.06346369034120856,0.0010296503197132693,0.05658982463500213,0.8774080691213701,0.013839290794280826,-0.0004482371322073861,0.7698451206758177,0.6805033321122753,False
GUT_GENOME140786_1,GUT_GENOME140786_00062,72721,0.126139856959404,0.08213294733700473,0.08845680652800092,0.009232127920850704,0.05570129097259878,0.0637909212248001,0.003772905979632164,0.04400690962239927,0.633279521375884,0.024665885303200824,0.1410488730897385,0.4209377367939538,0.8102042777186778,False
GUT_GENOME140786_1,GUT_GENOME140786_00062,72910,0.1577299646837674,0.07230897692125919,0.07460609160336625,0.0037088381914971384,0.021040144919625543,0.06389041148734759,0.0019309431485285487,0.08542098776250821,1.4367784516664006,0.010715680116018658,-0.041271959131619254,2.0660356937834616,0.35593119229129855,False
GUT_GENOME140786_1,GUT_GENOME140786_00062,73095,0.17795606261712427,0.08187068881716592,0.08349573685432464,0.003231170331675346,0.014426609956911023,0.06665587459814525,9.356338032184026e-08,0.09608537379995835,1.6436844884084703,0.016839862256179394,0.038767435951631055,2.7032016115248783,0.2588255993274575,False
GUT_GENOME140786_1,GUT_GENOME140786_00062,73129,0.15566845525764347,0.08029266698288899,0.08158678075218079,0.0031065995372970097,0.03293015653881488,0.06614641890574278,3.344522266608927e-07,0.07537578827475448,1.2418856179865407,0.015440361846438003,0.02047680323515833,1.5426991876325438,0.4623886102145577,False
GUT_GENOME140786_1,GUT_GENOME140786_00062,73237,0.164030507019572,0.08668335389713396,0.08831087321361467,0.0037539120482123958,0.03645015145562433,0.06661716877437292,3.758208237398829e-09,0.07734715312243805,1.2801332288827012,0.02169370443924175,0.10220424812842849,1.6491867920251477,0.43841321679122036,False
GUT_GENOME140786_1,GUT_GENOME140786_00062,73281,0.14192361627175945,0.09279208838779056,0.08948187021983496,0.0077513417016570356,0.10337227944893285,0.06173871728963917,0.0001723620402522834,0.04913152788396889,0.7327052595847124,0.02774315293019579,0.18126691914665766,0.5697146934000218,0.7521215392864955,False
GUT_GENOME140786_1,GUT_GENOME140786_00063,74152,0.13433527284842756,0.07349509782683,0.07476984843197361,0.006426228527368423,0.06653027165609486,0.061437431729987356,0.019007748232480796,0.06084017502159755,0.9598716211877817,0.013332416701986254,-0.007072778140643877,0.921403553352287,0.630840780782721,False
GUT_GENOME140786_1,GUT_GENOME140786_00065,76044,0.14460839201152872,0.07407781789155495,0.0797001293468491,0.006782083771337708,0.039385012692653085,0.061298299553655934,0.0033308355492509653,0.07053057411997378,1.147880763472483,0.018401829793193165,0.0591814167805839,1.3211326872423277,0.5165587019084401,False
GUT_GENOME140786_1,GUT_GENOME140786_00068,78286,0.10791315205262744,0.07949612813380842,0.08086774229318762,0.005929401095776662,0.13710543179136042,0.06127684566328035,0.00047653460704443986,0.02841702391881902,0.33081096361155077,0.01959089662990727,0.07472180864777499,0.11501924233319748,0.9441128068761223,False
GUT_GENOME140786_1,GUT_GENOME140786_00068,78575,0.14343244674410316,0.08311221130396529,0.09164384919031557,0.007636317020891308,0.03759877852069611,0.0616244469313141,4.2272678608972344e-05,0.06032023544013787,0.9497839670305362,0.030019402259001467,0.21101613547735928,0.946617393460062,0.6229377426494227,False
GUT_GENOME140786_1,GUT_GENOME140786_00068,79083,0.17913309841000902,0.09266902225351584,0.09818132677997297,0.006731017027228239,0.009843419611069359,0.06288617471721071,7.871189025183676e-08,0.08646407615649318,1.457016024163606,0.035295152062762264,0.27996702773356313,2.201277231287488,0.33265857487963013,False
GUT_GENOME140786_1,GUT_GENOME140786_00068,79086,0.16196024929622596,0.08883508435587914,0.09153242720344765,0.00456681556631115,0.020605013536458022,0.06787656350420916,1.1097433156550242e-07,0.07312516494034682,1.1982199486562837,0.023655863699238486,0.1278484952511986,1.452076283095863,0.483822032394821,False
GUT_GENOME140786_1,GUT_GENOME140786_00068,79282,0.16887854666012703,0.08270165347284834,0.08723865756616367,0.005085218918005193,0.01717974904742387,0.0753520232759673,0.009706932045899185,0.08617689318727868,1.451444218175776,0.011886634290196374,-0.02596828892286034,2.107364670505471,0.34865153059860926,False
GUT_GENOME140786_1,GUT_GENOME140786_00068,79490,0.1538986751037599,0.07827766095394509,0.08764403620085204,0.008419662117283339,0.028581875128115924,0.07805758105842528,0.12743928002665117,0.07562101414981481,1.246643389670458,0.009586455142426759,-0.05603025366477675,1.5572591303347887,0.45903465753154715,False
GUT_GENOME140786_1,GUT_GENOME140786_00069,80306,0.15686673929877293,0.06183971216525714,0.07822628172456635,0.010222754841084768,0.012234637302702083,0.0833153393764221,0.6906933631908331,0.0950270271335158,1.6231508811774655,-0.005089057651855758,-0.247830422194716,2.696038701232394,0.25975423354041993,False
GUT_GENOME140786_1,GUT_GENOME140786_00069,80493,0.1505751226115039,0.05679676511939434,0.06375827970308294,0.004785283910154627,0.009970407275940202,0.0786038953882554,0.999040039230791,0.09377835749210957,1.5989247057749405,-0.014845615685172453,-0.37534279612629845,2.697442429341388,0.2595719853451048,False
GUT_GENOME140786_1,GUT_GENOME140786_00069,80605,0.11577914090058364,0.05921001228979739,0.06321304261440151,0.004582057470201892,0.06256291392362151,0.07541608610687356,0.9961302014423871,0.05656912861078625,0.8770065333619005,-0.012203043492472046,-0.3408059592186346,0.885289161398392,0.6423354649436006,False
GUT_GENOME140786_1,GUT_GENOME140786_00069,81166,0.08532214830789311,0.04714367392101705,0.04868640865114551,0.0027197670566636452,0.06686310735309678,0.06025850378305736,0.9999895387224786,0.03817847438687606,0.520198615381386,-0.011572095131911847,-0.33255984178577175,0.3812026478132887,0.8264620131265996,False
GUT_GENOME140786_1,GUT_GENOME140786_00069,81172,0.08193908094399112,0.046063153489060496,0.05001261869768068,0.004006827363812614,0.07606446051711434,0.056302574274445315,0.9417702791721337,0.03587592745493062,0.47552554574301864,-0.006289955576764636,-0.2635254393033865,0.29557020181423854,0.8626164705219783,False
GUT_GENOME140786_1,GUT_GENOME140786_00069,81337,0.07831876169996085,0.041270646698298566,0.049963057812937285,0.004999867277131066,0.05042521350868392,0.05652159881085435,0.90519657177457,0.03704811500166229,0.4982678469651383,-0.006558540997917063,-0.2670356900022098,0.31957890705423075,0.8523232237243836,False
GUT_GENOME140786_1,GUT_GENOME140786_00073,85639,0.07404474239396795,0.03127400617693522,0.057176970427996125,0.009397526894117608,0.02961818921931033,0.05673913041289497,0.48141960940373396,0.04277073621703273,0.6092957928112817,0.0004378400151011583,-0.17559717768532773,0.4020757319485808,0.8178814610891214,False
GUT_GENOME140786_1,GUT_GENOME140786_00077,91034,0.08336506518258842,0.04028326736355232,0.06015902785208796,0.007956645135518947,0.027392117802204758,0.056850928917323434,0.33879078521000083,0.0430817978190361,0.615330882222631,0.003308098934764525,-0.1380846115329223,0.3976994545590794,0.8196730585789063,False
GUT_GENOME140786_1,GUT_GENOME140786_00077,91361,0.08536665016047497,0.06147496123003096,0.07227009162702024,0.008567884245254561,0.12497923677384531,0.057868931797855835,0.046397936373290816,0.023891688930444008,0.24301227327093303,0.0144011598291644,0.00689505485990679,0.05910250674182775,0.970881115436042,False
GUT_GENOME140786_1,GUT_GENOME140786_00077,91379,0.08275483004039655,0.06047987273387852,0.07136056645931532,0.007724279803367891,0.13714954604708052,0.058631500048427425,0.049683597979598766,0.02227495730651803,0.21164511049124848,0.012729066410887897,-0.014958205323831467,0.045017400701362675,0.9777427304516996,False
GUT_GENOME140786_1,GUT_GENOME140786_00077,91380,0.07297420288906223,0.04850745995029627,0.04984687734682317,0.0027302088684243776,0.1061184800449061,0.061563659658240115,0.9999911278212336,0.02446674293876596,0.2541692348959817,-0.011716782311416943,-0.3344508166227131,0.17645934870720836,0.9155505740873937,False
GUT_GENOME140786_1,GUT_GENOME140786_00077,91391,0.11192009270333111,0.08135415106457473,0.08613790804479424,0.006767496675488149,0.11151873503266735,0.11183840975153957,0.9999269592378535,0.03056594163875638,0.37250338239268416,-0.02570050170674533,-0.517209659485382,0.40626460175897505,0.8161702542399202,False
GUT_GENOME140786_1,GUT_GENOME140786_00077,91397,0.16905958090342452,0.13936179110238084,0.14829256635557403,0.018985289416460965,0.19552355357122736,0.14534171428617332,0.43824182071923,0.029697789801043678,0.35565985709261655,0.002950852069400711,-0.14275361424131605,0.1468725283260989,0.9291953669486472,False
GUT_GENOME140786_1,GUT_GENOME140786_00077,91434,0.29700773848331075,0.23798225980133408,0.26849679935006093,0.038502193491957826,0.10640944106741379,0.16400887135135891,0.0033256394639188114,0.05902547868197666,0.9246636283222989,0.10448792799870202,1.1842751954684538,2.257510564144003,0.32343559205310213,False
GUT_GENOME140786_1,GUT_GENOME140786_00077,91448,0.2276848464343594,0.13913635448834394,0.1775763015468284,0.02538148154724203,0.009705834467884988,0.1727192748277205,0.4241213705670558,0.08854849194601547,1.4974570029895906,0.004857026719107899,-0.11784105246672692,2.256263989449033,0.32363724820369055,False
GUT_GENOME140786_1,GUT_GENOME140786_00077,91511,0.1870681255547902,0.11601408984563458,0.1477162903677039,0.01944480277515675,0.004522198287802943,0.16286354341378395,0.7820063813147275,0.07105403570915561,1.158036750176638,-0.015147253046080056,-0.379285015895242,1.484906238042323,0.4759449327128148,False
GUT_GENOME140786_1,GUT_GENOME140786_00077,91604,0.18225991573105788,0.11191044147725931,0.12970947424500487,0.014227162910420704,0.002669905187891841,0.15642287866627744,0.969784372561271,0.07034947425379856,1.1443671382686271,-0.02671340442127257,-0.5304476917145825,1.590950900794456,0.4513665814776441,False
GUT_GENOME140786_1,GUT_GENOME140786_00077,91613,0.139454158430119,0.08762144094347536,0.09560174472004293,0.0090589809248016,0.007908665471035758,0.12724598307232834,0.9997613069568265,0.05183271748664363,0.7851126305496842,-0.031644238352285414,-0.5948907399554494,0.9702968351333869,0.6156058232654054,False
GUT_GENOME140786_1,GUT_GENOME140786_00077,91647,0.10824055003284166,0.083514767456405,0.0874893654388408,0.00688954035698204,0.09343884545495934,0.11481794588588509,0.9999635591537654,0.024725782576436664,0.25919501552707763,-0.027328580447044296,-0.538487674171929,0.3571510313091756,0.8364608886007858,False
GUT_GENOME140786_1,GUT_GENOME140786_00077,91656,0.11040978810853208,0.06995836073567831,0.07224319523429369,0.004016973192664517,0.018114860817811648,0.106904557508518,1.0,0.040451427372853774,0.5642975154379096,-0.03466136227422431,-0.6343227437849199,0.720797029212227,0.6973983472577397,False
GUT_GENOME140786_1,GUT_GENOME140786_00077,92088,0.10899995606250651,0.05995931058990745,0.061554389937991734,0.002910347027953223,0.01794230849554532,0.08494204607986335,0.9999999999999996,0.04904064547259906,0.730941996375742,-0.02338765614187161,-0.4869821522531081,0.7714278186788246,0.6799650295005977,False
GUT_GENOME140786_1,GUT_GENOME140786_00077,92090,0.1039137691344709,0.058251174343316565,0.05968503551531508,0.002807384868272382,0.030822216326334036,0.08244244220762452,0.9999999999999998,0.04566259479115433,0.6654024448293979,-0.02275740669230944,-0.4787451691686724,0.6719573505872807,0.7146383451064329,False
GUT_GENOME140786_1,GUT_GENOME140786_00077,92208,0.08883183790326533,0.05355956907314067,0.05467236359215095,0.002875805902561507,0.06518402786698387,0.0762780015006336,0.9999999999999711,0.035272268830124666,0.463813609100332,-0.021605637908482654,-0.463692240528825,0.43013355791331725,0.806487581979767,False
GUT_GENOME140786_1,GUT_GENOME140786_00078,93128,0.08134680165690598,0.04797305744937806,0.0488468083930974,0.0029570564590407802,0.06402255778749973,0.0732090251185011,0.9999999999999999,0.03337374420752792,0.42697921432699276,-0.024362216725403694,-0.4997190757790044,0.43203040416471833,0.8057230531121645,False
GUT_GENOME140786_1,GUT_GENOME140786_00079,93755,0.07404466543773107,0.04844670198251595,0.048675084277342795,0.0022932349561627465,0.08730101980243415,0.07333371175359368,1.0,0.025597963455215117,0.27611671062668725,-0.02465862747625089,-0.5035929868827259,0.32984633432476707,0.8479588526699412,False
GUT_GENOME140786_1,GUT_GENOME140786_00079,94625,0.06998708367266501,0.04836701063358036,0.04874950556303292,0.002312464820457649,0.1469743166669003,0.07299033153920637,1.0,0.021620073039084656,0.19893931497488782,-0.024240825976173448,-0.4981325713422117,0.28771290967468127,0.8660120509781728,False
GUT_GENOME140786_1,GUT_GENOME140786_00080,94763,0.07065917989797896,0.049096013441371295,0.049743521130211354,0.002554784102029894,0.15252014644656225,0.07518325682212759,1.0,0.021563166456607663,0.1978352368401033,-0.025439735691916238,-0.5138016037470785,0.30313086894864966,0.8593616485554071,False
GUT_GENOME140786_1,GUT_GENOME140786_00080,94799,0.05601598567617453,0.05195379019192212,0.05202350460003545,0.0022509701071495346,0.40870034530644384,0.08050791445625322,1.0,0.0040621954842524136,-0.14171141219453914,-0.028484409856217766,-0.5535936727546634,0.32654807886016796,0.8493583988277325,False
GUT_GENOME140786_1,GUT_GENOME140786_00080,94907,0.06401960660410352,0.0522603328219789,0.05259478970739956,0.002452544723780143,0.2781635289614415,0.08348544087479723,1.0,0.011759273782124623,0.007624138817351683,-0.03089065116739767,-0.5850418064912789,0.34233204283528523,0.842681658653922,False
GUT_GENOME140786_1,GUT_GENOME140786_00080,95053,0.06653374788056594,0.05733912832476886,0.05764040332056447,0.0031044194507094283,0.32680625134317287,0.09618958265541952,1.0,0.009194619555797083,-0.04213422886736748,-0.03854917933485505,-0.6851341858036998,0.4711841457991463,0.7901029125935661,False
GUT_GENOME140786_1,GUT_GENOME140786_00080,95392,0.062271392528097075,0.06283777326841361,0.06285136682978708,0.003916330233160592,0.511856447226442,0.09993759056398735,1.0,-0.0005663807403165355,-0.2315131465860966,-0.03708622373420027,-0.6660142317216371,0.497173293897958,0.7799022817541987,False
GUT_GENOME140786_1,GUT_GENOME140786_00080,95398,0.055243655426602825,0.058777804569850316,0.05807861794548788,0.005525194000685974,0.5828977693874042,0.09668112704597501,0.9999999999985922,-0.0035341491432474906,-0.2890925699174002,-0.038602509100487126,-0.6858311739212039,0.5539389131035835,0.7580776510623788,False
GUT_GENOME140786_1,GUT_GENOME140786_00080,95557,0.05902808167334421,0.05121023890825528,0.05270577105035965,0.006570490472145306,0.3412593745826157,0.08442146573153544,0.999999306941129,0.007817842765088928,-0.06884588655150742,-0.03171569468117579,-0.595824631405501,0.3597467474845642,0.8353759852490575,False
GUT_GENOME140786_1,GUT_GENOME140786_00080,95755,0.05614913138886037,0.05041103233225248,0.050897879625052496,0.004430521230207577,0.3553903825584522,0.06242199137512025,0.9953533741440278,0.005738099056607895,-0.10919621958051992,-0.011524111750067755,-0.3319327277044213,0.1221031500919746,0.9407747180254189,False
GUT_GENOME140786_1,GUT_GENOME140786_00080,95779,0.06387314698706562,0.05164064120476146,0.05278450291860384,0.004652101187814641,0.2237482752887084,0.06182821335858201,0.9740526079411763,0.012232505782304157,0.016805591671067117,-0.009043710439978168,-0.29951536716882143,0.08999188308168855,0.9560013617177061,False
GUT_GENOME140786_1,GUT_GENOME140786_00080,96269,0.06862156488108138,0.05084116483093214,0.052513524681483674,0.0046315622885157795,0.09135266550518906,0.061629432864090936,0.9754783203011222,0.017780400050149248,0.12444355706286889,-0.009115908182607262,-0.300458948452682,0.10576177859975092,0.94849298141734,False
GUT_GENOME140786_1,GUT_GENOME140786_00082,100469,0.06339457814469815,0.06447566081508253,0.06442659242197599,0.005396328380696134,0.5310802798964588,0.06150812414245566,0.2943141697081421,-0.001081082670384384,-0.24149918198277615,0.002918468279520324,-0.1431768509924786,0.07882146555847246,0.9613557677179142,False
GUT_GENOME140786_1,GUT_GENOME140786_00082,100477,0.05863064261762244,0.05827763293442047,0.05847530670289979,0.003472723223897955,0.4892907225523906,0.060635795070705927,0.7330720955490152,0.0003530096832019755,-0.2136755112941252,-0.002160488367806135,-0.2095557744801124,0.08957084674476556,0.9562026385588942,False
GUT_GENOME140786_1,GUT_GENOME140786_00082,100478,0.07752955816111123,0.07020387599908823,0.07091141124874861,0.005016400584625538,0.34311971852316037,0.060852338271596376,0.02246884837025987,0.007325682162023006,-0.07839458438215202,0.010059072977152236,-0.04985342143947165,0.008631074489671925,0.9956937613051312,False
GUT_GENOME140786_1,GUT_GENOME140786_00083,101393,0.08892768650223158,0.0873343624806508,0.08707149986680539,0.006359244667250798,0.4714647056549395,0.059671906211190257,8.213671508979226e-06,0.001593324021580786,-0.18961144204840222,0.02739959365561513,0.17677680505740648,0.06720253776197889,0.9669569836212806,False
GUT_GENOME140786_1,GUT_GENOME140786_00083,101952,0.08373123164095712,0.07942657545842273,0.07953702044090834,0.005491719905450089,0.40954332931216797,0.058263176358834275,5.357489792618239e-05,0.004304656182534394,-0.1370072893344824,0.021273844082074063,0.0967169245580265,0.02812516082674556,0.9860358358018066,False
GUT_GENOME140786_1,GUT_GENOME140786_00083,101999,0.055822241863395676,0.07049130240669442,0.06877316417978979,0.004886013343698743,0.8894367089872104,0.057530089920157276,0.010693747520141437,-0.014669060543298744,-0.5051275464428326,0.011243074259632516,-0.034379233334245425,0.2563357698600065,0.8797056774204668,False
GUT_GENOME140786_1,GUT_GENOME140786_00088,109092,0.05804277846007263,0.07990739955415367,0.07801024664236612,0.005149150552473816,0.9308413680504406,0.0579720391730788,4.9801706887818e-05,-0.021864621094081042,-0.6447328561598392,0.020038207469287327,0.08056789359083663,0.4221716412896883,0.8097045745306602,False
GUT_GENOME140786_1,GUT_GENOME140786_00089,109558,0.06715360638953026,0.07281112539831557,0.07225247255997778,0.004531777806289031,0.6230847207710426,0.05774884909228162,0.0006861209329960399,-0.0056575190087853056,-0.3302893197230754,0.014503623467696167,0.008234193288257998,0.10915883666224033,0.9468833059796945,False
GUT_GENOME140786_1,GUT_GENOME140786_00089,109572,0.06316348853236646,0.0631973390299755,0.06325507476959834,0.003133352071571313,0.500898454901016,0.05695351205700252,0.02215612710481076,-3.385049760903924e-05,-0.22118121359183252,0.006301562712595819,-0.09896183162570199,0.058714573364669634,0.9710694522959552,False
GUT_GENOME140786_1,GUT_GENOME140786_00089,109597,0.05925865865718323,0.0662568032431201,0.06597003881469249,0.003476404316824516,0.698787452194872,0.05736398179043074,0.006651319186653308,-0.006998144585936866,-0.35629958641347753,0.008606057024261746,-0.0688434702744031,0.13168881867783777,0.9362765288433805,False
GUT_GENOME140786_1,GUT_GENOME140786_00089,110001,0.06487114026495296,0.06388608590862209,0.06389741141323801,0.003373763919571378,0.47370955261974296,0.06145299809752689,0.2343683760966469,0.0009850543563308667,-0.20141284020346917,0.0024444133157111234,-0.14937246563474732,0.06287926568863197,0.9690494534472951,False
GUT_GENOME140786_1,GUT_GENOME140786_00089,110191,0.061254454909583034,0.0633531102212763,0.06339434888542418,0.003219629829801759,0.5575719969201882,0.06291273129849706,0.4405448871504636,-0.0020986553116932594,-0.26124170832897353,0.00048161758692712164,-0.17502503102362318,0.09888099165546074,0.9517617902490486,False
GUT_GENOME140786_1,GUT_GENOME140786_00089,110706,0.06994990379857464,0.06545082940544175,0.06523594343795039,0.00399975134325114,0.4076028142862567,0.06499246850467845,0.4757303683878519,0.004499074393132893,-0.1332352670835851,0.00024347493327193936,-0.1781374129720772,0.04948457429521863,0.9755612943185586,False
GUT_GENOME140786_1,GUT_GENOME140786_00091,112173,0.06910589838200083,0.06848334443245735,0.06799111896623856,0.004817826117153853,0.48527360601986713,0.06472763113719361,0.24908318127367224,0.0006225539495434834,-0.20844592417308314,0.003263487829044953,-0.13866765198372377,0.06267842101104985,0.9691467725462385,False
GUT_GENOME140786_1,GUT_GENOME140786_00092,113093,0.06540602722897247,0.0679591864599021,0.0672213909841182,0.0046966967978728826,0.5638954953779008,0.06334565987553172,0.20462800479738258,-0.002553159230929622,-0.2700598066501234,0.0038757311085864804,-0.13066599876427804,0.09000590240096835,0.9559946604970319,False
GUT_GENOME140786_1,GUT_GENOME140786_00093,114133,0.06850000129188573,0.06346005167992579,0.06343751354544094,0.004204290373724485,0.39271767452705314,0.06185669244893882,0.35345774813109254,0.005039949611959943,-0.12274142829094306,0.0015808210965021219,-0.16065909905650835,0.040876804328549676,0.9797690462685511,False
GUT_GENOME140786_1,GUT_GENOME140786_00093,114298,0.05631739268188322,0.064752259188441,0.06406955630690338,0.004129507657638306,0.7148277487501976,0.06658671218275396,0.7289211911213613,-0.008434866506557788,-0.384174274881451,-0.0025171558758505796,-0.214217205335103,0.19347888454227036,0.9077925076748626,False
GUT_GENOME140786_1,GUT_GENOME140786_00093,114402,0.06387128656880481,0.06168454629056442,0.06170802019043961,0.003864982096880321,0.45040152139380474,0.0700534296233865,0.9845840782967519,0.0021867402782403886,-0.1780982236247085,-0.008345409432946885,-0.2903889909589621,0.11604474332844084,0.9436288366531754,False
GUT_GENOME140786_1,GUT_GENOME140786_00093,114682,0.0756818812356029,0.055655167432329886,0.05751464775077773,0.004418381101681293,0.16734227508298954,0.07382096014845876,0.999888120728664,0.02002671380327302,0.16802561366752372,-0.016306312397681037,-0.394433227892296,0.18381017811388387,0.9121917224132932,False
GUT_GENOME140786_1,GUT_GENOME140786_00094,114992,0.07778554957682289,0.08330137299686285,0.08244860791624932,0.006695815364896991,0.6080017199688696,0.09128745195722685,0.9065916594831187,-0.005515823420039964,-0.327540200121799,-0.008838844040977525,-0.2968378859519638,0.19539531323225923,0.9069230644947188,False
GUT_GENOME140786_1,GUT_GENOME140786_00094,115090,0.09291426501835737,0.09527036935636915,0.09542479983391701,0.01088869904965185,0.5404449345564822,0.09614329182524356,0.526305159458879,-0.002356104338011783,-0.2662366285720714,-0.0007184919913265503,-0.19070974491335696,0.10725214919834081,0.9477864416753131,False
GUT_GENOME140786_1,GUT_GENOME140786_00094,115117,0.10540532543556559,0.10081541741139398,0.10001373753063775,0.012136031801621911,0.42595424182605107,0.10500311319102548,0.6595080374245895,0.004589908024171613,-0.13147295029055886,-0.004989375660387735,-0.2465276382285969,0.07806101306867372,0.9617213699128561,False
GUT_GENOME140786_1,GUT_GENOME140786_00094,115142,0.16404564465803997,0.12396966482950586,0.1390489442586642,0.01771073541119105,0.0966126789513514,0.12007078053087951,0.14195824376665228,0.040075979828534114,0.5570132364248539,0.0189781637277847,0.06671375635424741,0.3147144708393841,0.8543987827854732,False
GUT_GENOME140786_1,GUT_GENOME140786_00094,115225,0.2180691343625998,0.21252116780973046,0.217380902755267,0.026164359007177947,0.43919633481974113,0.15138555946402302,0.005828890308129765,0.005547966552869349,-0.11288509230757993,0.06599534329124399,0.6812001521950265,0.47677669141581813,0.7878966553893941,False
GUT_GENOME140786_1,GUT_GENOME140786_00094,115309,0.5715334314870952,0.40872226695350167,0.5205809038120298,0.053946386849736475,0.000165738545448284,0.24526611996624076,1.6672408286206832e-07,0.16281116453359357,2.938270867848854,0.27531478384578906,3.416879956896335,20.308504332689157,3.891027644187204e-05,True
GUT_GENOME140786_1,GUT_GENOME140786_00094,115315,0.40195584643931825,0.3796668872100126,0.40664434155632256,0.04689282133017322,0.34008602764624407,0.21444650238010288,2.0777239760721613e-05,0.022288959229305627,0.21191677004488582,0.1921978391762197,2.330591237804496,5.476564235157351,0.0646813664890385,False
GUT_GENOME140786_1,GUT_GENOME140786_00094,115322,0.26720795642965967,0.3622440350624658,0.32163290598495775,0.0384376320871551,0.9974883794062115,0.19299390388731186,0.00040890679972449594,-0.09503607863280611,-2.0643754149355997,0.1286390020976459,1.4999152788705925,6.511391697579977,0.03855398358435604,False
GUT_GENOME140786_1,GUT_GENOME140786_00094,115374,0.2155787811177089,0.23895730735006246,0.2336966188685222,0.026247271971798568,0.7407172346662505,0.15027255054607463,0.0007404768506092752,-0.023378526232353564,-0.6741050217081821,0.08342406832244756,0.9089831567895346,1.2806679596192563,0.5271163484241359,False
GUT_GENOME140786_1,GUT_GENOME140786_00094,115378,0.22042614418973722,0.24056158511613382,0.23422476883877877,0.026908216268171435,0.6902223454740981,0.14938960876081628,0.0008086723456886123,-0.020135440926396603,-0.6111840129304057,0.08483516007796249,0.9274252814575336,1.2336635503482998,0.5396514692188934,False
GUT_GENOME140786_1,GUT_GENOME140786_00094,115425,0.21917658729458298,0.2354128480687781,0.22923726675723644,0.026705267248371658,0.6504517882452439,0.14831916305795467,0.001222595281312226,-0.016236260774195127,-0.5355337214835064,0.08091810369928176,0.876231699052363,1.0545783572701646,0.5902027372584624,False
GUT_GENOME140786_1,GUT_GENOME140786_00094,115675,0.23052091127107951,0.2604559004883414,0.25148090586769956,0.02774870274323317,0.7625187983902104,0.14798888860386744,9.588574446793959e-05,-0.02993498921726187,-0.8013108230069704,0.10349201726383211,1.1712592382432152,2.013947238238185,0.3653229145490405,False
GUT_GENOME140786_1,GUT_GENOME140786_00094,115677,0.23620278855237725,0.28737538400985524,0.2781516450254629,0.026221112900147375,0.8970980059155402,0.14764077275435122,3.2235327704535374e-07,-0.05117259545747799,-1.21335413441943,0.1305108722711117,1.5243795016728634,3.795961120633132,0.14987096921372284,False
GUT_GENOME140786_1,GUT_GENOME140786_00094,115679,0.23564206005794622,0.2911825347096568,0.28356071872668226,0.031156904476513817,0.8855092525256754,0.14719655218996747,6.0247097505532685e-06,-0.05554047465171061,-1.2980979321282853,0.1363641665367148,1.600878554369365,4.247870387235478,0.1195602089849245,False
GUT_GENOME140786_1,GUT_GENOME140786_00094,115689,0.2274273961717775,0.7342230644070433,0.38374536111374147,0.052971157841924445,1.0,0.15297061451919938,6.604575949952881e-06,-0.5067956682352658,-10.053165812807975,0.23077474659454209,2.8347683284394978,109.1020543357347,2.0360569381499308e-24,False
GUT_GENOME140786_1,GUT_GENOME140786_00094,115690,0.24876672845169812,0.6829936290193501,0.4953129406925447,0.04520567002395739,0.9999999999999906,0.18227983872685388,2.1853900473162766e-12,-0.434226900567652,-8.645216395313701,0.31303310196569084,3.909835799289896,90.0265824992097,2.8247238575366675e-20,False
GUT_GENOME140786_1,GUT_GENOME140786_00094,115692,0.2773244707494375,0.5939957354164246,0.4670157987092939,0.04315269946868323,0.9999891613386923,0.1858325321304317,3.6101944118665464e-11,-0.3166712646669871,-6.364450241923784,0.28118326657886217,3.493577513771961,52.711310726656784,3.5800105688470216e-12,False
GUT_GENOME140786_1,GUT_GENOME140786_00094,115702,0.24001103755650724,0.40075337207986234,0.2770836434892175,0.05797659701164997,0.999002710106702,0.19931627402849633,0.08990213120342067,-0.1607423345233551,-3.339181198197016,0.07776736946072116,0.8350534883540349,11.847445402804702,0.0026752225618532446,False
GUT_GENOME140786_1,GUT_GENOME140786_00094,115817,0.25166268677936054,0.3096624461624118,0.26503881500965915,0.053555747855752685,0.8575234804577075,0.19733345033590607,0.10307849481901388,-0.05799975938305124,-1.3458119641592976,0.06770536467375307,0.7035491081703722,2.306191190481633,0.3156581056575959,False
GUT_GENOME140786_1,GUT_GENOME140786_00094,115818,0.2996529597402574,0.3526124013782527,0.3095940256209949,0.0538639519331009,0.7998366106783252,0.20012258841560668,0.021058146575525037,-0.05295944163799532,-1.2480217899394233,0.10947143720538824,1.2494066780347945,3.1185754352815427,0.21028580073584152,False
GUT_GENOME140786_1,GUT_GENOME140786_00094,115821,0.3093453563797602,0.3361688007204249,0.2968153869657995,0.05506471807839305,0.6657540132156201,0.20421366897910948,0.04631460344705817,-0.026823444340664693,-0.7409419076000273,0.09260171798669004,1.0289295448296334,1.607690918661284,0.44760440584414707,False
GUT_GENOME140786_1,GUT_GENOME140786_00094,115830,0.32170130270018965,0.33859510838843493,0.31369500634701053,0.0522845700750531,0.608230414895145,0.20425770945363048,0.018169718967905858,-0.016893805688245278,-0.5482911377724756,0.10943729689338005,1.2489604845907476,1.8605254638289908,0.39445006213634976,False
GUT_GENOME140786_1,GUT_GENOME140786_00094,115838,0.36101439364709864,0.43173391947952966,0.37425658033758297,0.05598679206989878,0.8640750157680712,0.21977721870943204,0.002897057260326166,-0.07071952583243102,-1.5925956472596494,0.15447936162815093,1.8376333117802148,5.913257084234702,0.051993917306523564,False
GUT_GENOME140786_1,GUT_GENOME140786_00094,115875,0.5047779630482517,0.4870899816652515,0.49162667370360846,0.06263053878131869,0.4110274341104253,0.22587142006755234,1.101668445769365e-05,0.017687981383000206,0.12265048805039672,0.2657552536360561,3.2919426186925107,10.851929346983106,0.004400818760260795,False
GUT_GENOME140786_1,GUT_GENOME140786_00094,115884,0.5139716235370019,0.4870899816652515,0.49821262954760615,0.06321855048048144,0.36828064315140147,0.2383637194090739,1.975496655361342e-05,0.02688164187175035,0.3010221119019158,0.2598489101385323,3.214750244286205,10.425233444992104,0.005447400685623183,False
GUT_GENOME140786_1,GUT_GENOME140786_00094,115899,0.4348616612878951,0.4684371131060227,0.4417591458491437,0.05770187367035902,0.6816030904111114,0.23142836489927773,0.00013362878367214405,-0.0335754518181276,-0.8719415828095246,0.210330780949866,2.5675779337299636,7.352738569609408,0.0253147187204097,False
GUT_GENOME140786_1,GUT_GENOME140786_00094,115918,0.37733747921729627,0.4065670805166689,0.3962222029046736,0.05264177390990555,0.6702942811489574,0.22628722601555706,0.0006229915115122822,-0.029229601299372632,-0.7876251764124386,0.16993497688911652,2.039628952637276,4.780439682954957,0.09160954208650203,False
GUT_GENOME140786_1,GUT_GENOME140786_00094,115932,0.2866721380270244,0.20400602881604837,0.27091794494876265,0.041141020832854244,0.04118712674335515,0.19447227142396037,0.03157474549128632,0.08266610921097603,1.3833294297722587,0.07644567352480228,0.8177797135423405,2.582363971155435,0.2749456092074509,False
GUT_GENOME140786_1,GUT_GENOME140786_00094,115978,0.2585020220568147,0.17614071978839263,0.2445170703538112,0.03672397120375409,0.02748375454638926,0.17048085392546472,0.021899004875180556,0.08236130226842209,1.377415690694,0.07403621642834649,0.7862895514169036,2.5155252436374247,0.2842893783258117,False
GUT_GENOME140786_1,GUT_GENOME140786_00094,115989,0.21240068879860113,0.18256660927281437,0.20148164562876913,0.03354150656013893,0.24214171042132715,0.15859258709473628,0.10050380652737939,0.02983407952578676,0.358304094341365,0.04288905853403285,0.3792148401546557,0.27218571901530686,0.8727615845147032,False
GUT_GENOME140786_1,GUT_GENOME140786_00094,116062,0.18848933704967408,0.1660898322483502,0.17698015283247007,0.03407983469548038,0.29540887148683437,0.12574443677572192,0.06636761326651101,0.022399504801323883,0.21406152981871251,0.05123571605674815,0.4883006582762667,0.28425987142136294,0.8675085288251831,False
GUT_GENOME140786_1,GUT_GENOME140786_00094,116133,0.15103535577944535,0.11045101089828646,0.13503164376375332,0.023463250026328555,0.11640019642928412,0.11789809348296718,0.2326250485588101,0.04058434488115889,0.5668763263287069,0.01713355028078614,0.042605762653015196,0.32316402036317565,0.8507967546078664,False
GUT_GENOME140786_1,GUT_GENOME140786_00094,116139,0.11834941848442905,0.10544702309582443,0.11284309313076622,0.020367582892902254,0.3182050623515592,0.0969992548111047,0.21831549534854777,0.012902395388604618,0.029802514607614704,0.01584383831966152,0.025749999248607703,0.001551252338240385,0.9992246745511031,False
GUT_GENOME140786_1,GUT_GENOME140786_00094,116419,0.11342777739035202,0.08502435801229,0.09075056172202726,0.009292719516136612,0.08973784235388604,0.09360370991324723,0.6205899162276576,0.028403419378062025,0.33054701390081814,-0.00285314819121997,-0.21860842379649267,0.1570509713535346,0.9244784986711216,False
GUT_GENOME140786_1,GUT_GENOME140786_00094,116623,0.08399153736145497,0.06284515262846509,0.06502310089753734,0.005468094462318565,0.13079363068302557,0.07301037434445709,0.9279518050332761,0.02114638473298988,0.18974900906126507,-0.007987273446919754,-0.28570836797566157,0.11763395797104809,0.9428793200960865,False
GUT_GENOME140786_1,GUT_GENOME140786_00094,117007,0.08805333193379569,0.0568216832743688,0.05941985658871015,0.004973430698561446,0.08446780869456277,0.07042704684825192,0.9865580244800696,0.03123164865942689,0.3854191565211345,-0.01100719025954177,-0.3251768732147398,0.25428792508717774,0.8806068890636845,False
GUT_GENOME140786_1,GUT_GENOME140786_00094,117013,0.0715628632010679,0.0467395977396629,0.050788751959015964,0.005059730657664457,0.11551989698113918,0.06372476400197485,0.994715880340264,0.024823265461405,0.2610863384131914,-0.01293601204295889,-0.35038541947199575,0.1909360182845739,0.9089474391967569,False
GUT_GENOME140786_1,GUT_GENOME140786_00096,118635,0.05888702772405392,0.04647773292650289,0.04898438380507244,0.005020304457239452,0.26158289538521073,0.06087418420908028,0.9910660068326413,0.012409294797551033,0.020235579516200537,-0.01188980040400784,-0.3367120595368681,0.11378448971591588,0.9446958597187585,False
GUT_GENOME140786_1,GUT_GENOME140786_00096,118718,0.058279702330635876,0.04676522041183005,0.04959579556754159,0.005454826217965883,0.2627160507603237,0.0604330769963248,0.9765239850188175,0.011514481918805823,0.002874787650942732,-0.010837281428783214,-0.3229562664917562,0.10430901447033225,0.9491821999952467,False
GUT_GENOME140786_1,GUT_GENOME140786_00099,122397,0.05514313897275576,0.04769969426469747,0.04956419134736615,0.005182039928777113,0.3351342768692801,0.060893355082089116,0.9856008386425711,0.007443444708058286,-0.07610980384333338,-0.011329163734722966,-0.32938487382552484,0.1142870973461276,0.9444584838730735,False
GUT_GENOME140786_1,GUT_GENOME140786_00099,122922,0.041779601028293964,0.046527503869476544,0.04501890298471201,0.004183626081915397,0.6574207926986083,0.06098860669457442,0.9999325104156299,-0.00474790284118258,-0.3126413205289099,-0.015969703709862407,-0.39003395381191036,0.24987108042821202,0.8825537899794431,False
GUT_GENOME140786_1,GUT_GENOME140786_00099,122924,0.04473802504679608,0.04803934808769864,0.04748883773143225,0.0043116120532834985,0.6059498846422493,0.06268862312725204,0.9997885092777035,-0.003301323040902561,-0.2845753735296172,-0.015199785395819794,-0.3799715822643082,0.22536154654796312,0.8934358231905013,False
GUT_GENOME140786_1,GUT_GENOME140786_00100,123224,0.04493246834747316,0.05327524636193244,0.05298040683507868,0.0030339033323900735,0.780810454204866,0.06368262681101648,0.9997902810142081,-0.008342778014459283,-0.3823876117896664,-0.010702219975937802,-0.32119109414099917,0.24938400460569682,0.8827687514605997,False
GUT_GENOME140786_1,GUT_GENOME140786_00100,123229,0.05437331834071951,0.05487576840386407,0.054873194617028546,0.0032525917086865916,0.5159972355951575,0.06540295104932843,0.9993967594059315,-0.0005024500631445605,-0.23027278985168748,-0.010529756432299885,-0.3189370988497471,0.15474643076877276,0.9255443617443315,False
GUT_GENOME140786_1,GUT_GENOME140786_00101,123536,0.05758218071456358,0.05542043458752532,0.05552302693068341,0.0033219217051805713,0.43912788206089926,0.0664473011975274,0.9994964586389433,0.002161746127038261,-0.17858314987820342,-0.010924274266843989,-0.3240932108176441,0.13692835071851076,0.9338269135179853,False
GUT_GENOME140786_1,GUT_GENOME140786_00101,124133,0.04989520175845729,0.06216692085286835,0.06054892041877775,0.005865163824254005,0.8189126150574824,0.07019409349443177,0.9499619548365873,-0.012271719094411063,-0.45861531253035515,-0.009645173075654025,-0.30737612382544977,0.30480808638527357,0.8586412824795986,False
GUT_GENOME140786_1,GUT_GENOME140786_00101,124455,0.043062044692949095,0.05321649017592921,0.05387961785963939,0.007190291111140473,0.7961292271054372,0.0681306505873891,0.9762594126043477,-0.010154445482980112,-0.4175368397423905,-0.014251032727749705,-0.3675719527467647,0.3094461529881325,0.8566523718179246,False
GUT_GENOME140786_1,GUT_GENOME140786_00102,124617,0.05254049820785451,0.048201904693432794,0.0532352353877643,0.006672695002492178,0.3927221854237183,0.06708463424649755,0.9810314194117484,0.004338593514421715,-0.13634885116338213,-0.01384939885873325,-0.36232283846745317,0.14986884848868628,0.9278043258035,False
GUT_GENOME140786_1,GUT_GENOME140786_00104,127030,0.06232646900517655,0.0447387269181429,0.05290397903250534,0.007057373412863284,0.1651292785152026,0.06708494442397617,0.9777517283809071,0.017587742087033648,0.12070568641048769,-0.014180965391470825,-0.3666562145987956,0.14900664243574505,0.9282043912848504,False
GUT_GENOME140786_1,GUT_GENOME140786_00104,127376,0.06281599192804377,0.059990379554589295,0.06112144051207854,0.00450637248065165,0.42990537935470935,0.0688779997722644,0.9573965741098711,0.002825612373454474,-0.1657030896956057,-0.007756559260185862,-0.2826930716437304,0.10737288669003725,0.947729226723512,False
GUT_GENOME140786_1,GUT_GENOME140786_00104,127432,0.07368821296386406,0.061536912767069046,0.063017572675535,0.004081477228031499,0.2813497855535512,0.06861200649500274,0.9147639563182515,0.012151300196795015,0.015230074261999923,-0.0055944338194677395,-0.25443538622409945,0.06496932092503269,0.9680372989618493,False
GUT_GENOME140786_1,GUT_GENOME140786_00104,127450,0.06912857902320702,0.0635280795068674,0.06471248732035334,0.0042857158641575474,0.37859825469937886,0.06847899012247805,0.8102587835704975,0.005600499516339619,-0.11186586933198814,-0.003766502802124705,-0.23054542189357957,0.06566516427749004,0.9677005563855603,False
GUT_GENOME140786_1,GUT_GENOME140786_00104,127457,0.06999617020296613,0.06597448918246632,0.06702940970142375,0.004499140466260121,0.4147846936513048,0.06849304864795196,0.6275287499270135,0.004021681020499809,-0.14249745717606402,-0.0014636389465282063,-0.20044836962723606,0.060485074187861254,0.9702101930495374,False
GUT_GENOME140786_1,GUT_GENOME140786_00104,127465,0.06699824291599876,0.06499998428126622,0.06581417464159314,0.004207874549638634,0.4575499386178652,0.06699471337772794,0.6104739950289505,0.001998258634732547,-0.18175506703978084,-0.0011805387361348008,-0.1967484193205271,0.07174484489976118,0.9647633677791038,False
GUT_GENOME140786_1,GUT_GENOME140786_00104,127466,0.05416075139248299,0.0702754438024998,0.06676643680858084,0.0075759327138288585,0.8537051267454389,0.06684727831758032,0.5042569654623252,-0.016114692410016805,-0.5331751020245875,-8.084150899947962e-05,-0.18237603476040223,0.3175367074738567,0.8531939752757562,False
GUT_GENOME140786_1,GUT_GENOME140786_00107,130281,0.051791550210197095,0.06909204777592201,0.06644825381945446,0.00506466285968131,0.9125316954972451,0.06688139836797202,0.5340771463223584,-0.017300497565724916,-0.5561816065016649,-0.0004331445485175611,-0.18698042462400571,0.3442996586033463,0.841853029467208,False
GUT_GENOME140786_1,GUT_GENOME140786_00107,130758,0.0669059294469683,0.06994684705885476,0.06970212583554597,0.003946834966622055,0.5579738460161721,0.0669121897231122,0.23982073069921578,-0.0030409176118864623,-0.27952309437593403,0.0027899361124337635,-0.14485668948632155,0.0991166207784339,0.9516496654561871,False
GUT_GENOME140786_1,GUT_GENOME140786_00107,130862,0.07621859847645289,0.07235737350842658,0.07270337192469499,0.004280649744176667,0.441232462811454,0.06706715107851736,0.09397393669976367,0.0038612249680263083,-0.14561055958739677,0.005636220846177625,-0.10765745159468536,0.032792561947216844,0.9837374063855259,False
GUT_GENOME140786_1,GUT_GENOME140786_00107,131007,0.07436848604737949,0.07318327534744413,0.073247838646508,0.0039000140206421454,0.48135690181220964,0.06769483089271591,0.07724595915810066,0.0011852106999353518,-0.19752948905333678,0.005553007753792083,-0.10874499690687796,0.05084337339794919,0.9748987235135091,False
GUT_GENOME140786_1,GUT_GENOME140786_00107,131288,0.07223606710409651,0.08665541280491668,0.08599756289368718,0.004743182349427349,0.7233648894679631,0.074920946502995,0.00976463295333581,-0.014419345700820166,-0.5002826816572302,0.011076616390692184,-0.03655473805175884,0.25161901044018226,0.8817828058067692,False
GUT_GENOME140786_1,GUT_GENOME140786_00107,131294,0.07557677086512272,0.09050395884630602,0.08994099486039486,0.0047381565355796495,0.757102441334091,0.07900062494102517,0.010471986915969768,-0.014927187981183296,-0.5101356289484288,0.010940369919369697,-0.03833539788474563,0.26170796265359075,0.8773458739188056,False
GUT_GENOME140786_1,GUT_GENOME140786_00107,131746,0.07483093854156157,0.09378532161194668,0.09281416046024744,0.005936037517207782,0.8198922405793041,0.0789708103496831,0.009848083162281675,-0.018954383070385106,-0.5882696136117505,0.01384335011056434,-0.0003951842979924458,0.34606129446954753,0.8411118366976805,False
GUT_GENOME140786_1,GUT_GENOME140786_00107,131890,0.07259281949169509,0.0881935640482278,0.0871988311411829,0.006659998618898048,0.7755167671989507,0.07256807896144667,0.01401700600242356,-0.015600744556532709,-0.5232036969119952,0.014630752179736237,0.009895689464649129,0.2738400331323597,0.872039972094208,False
GUT_GENOME140786_1,GUT_GENOME140786_00107,131991,0.050784429149820454,0.0699266837670461,0.06892040168188548,0.004836554246016175,0.9423373603286718,0.06475117177691898,0.19433692413306447,-0.019142254617225643,-0.5919146201819244,0.004169229904966501,-0.126830145162559,0.36644880330706764,0.8325813021518441,False
GUT_GENOME140786_1,GUT_GENOME140786_00109,133087,0.056477774797781814,0.06383663980725154,0.06389983732250173,0.004875231515031958,0.6935955639584985,0.06311781290722665,0.4362799831440418,-0.00735886500946973,-0.36329813587924226,0.0007820244152750844,-0.17109889357872712,0.16126036691719695,0.9225347969954304,False
GUT_GENOME140786_1,GUT_GENOME140786_00109,133360,0.07005399555471627,0.06860382955929062,0.06924781832358413,0.005527208536999281,0.4669621961670776,0.06268292001121761,0.11746751459805349,0.001450165995425648,-0.19238893525950312,0.006564898312366521,-0.09552019295017777,0.04613760967152447,0.9771952457017632,False
GUT_GENOME140786_1,GUT_GENOME140786_00113,136385,0.06547815940333362,0.07269325846471064,0.07221333053385005,0.005330454583207264,0.668524730954781,0.0630711165719124,0.04316428444364965,-0.007215099061377017,-0.3605088480164558,0.00914221396193765,-0.061836220003407556,0.13379034760246183,0.9352932394332305,False
GUT_GENOME140786_1,GUT_GENOME140786_00113,136853,0.060861873962722524,0.06362052747103382,0.06459294735637483,0.007256229720865231,0.5687667764379561,0.06458163580796157,0.4993780994724864,-0.0027586535083112956,-0.2740467221984641,1.131154841325921e-05,-0.18117164945611502,0.10792477251437158,0.9474677436396051,False
GUT_GENOME140786_1,GUT_GENOME140786_00113,136943,0.05124873559606388,0.05269318884040561,0.05396632660978158,0.006253026874139114,0.5451355651181262,0.06515382824174597,0.9632033637561065,-0.0014444532443417257,-0.24854914857833846,-0.011187501631964386,-0.3275334349310702,0.16905483025676254,0.9189464619962622,False
GUT_GENOME140786_1,GUT_GENOME140786_00113,136944,0.07812525939239727,0.054048812451502684,0.05881809459971224,0.0070128979266682314,0.10081173129212323,0.06593503477415602,0.8449079574085964,0.024076446940894586,0.24659687228717597,-0.007116940174443781,-0.27433363302240393,0.13606895962908877,0.9342282610046934,False
GUT_GENOME140786_1,GUT_GENOME140786_00113,136961,0.12501091190530267,0.09530412346458712,0.11079473307413237,0.01722542699022122,0.14343727916928367,0.09947999460581101,0.25563463951513055,0.029706788440715545,0.35583444500269756,0.011314738468321359,-0.03344262501964944,0.12773656141858267,0.9381285610214862,False
GUT_GENOME140786_1,GUT_GENOME140786_00113,137021,0.14537366885166192,0.11354173079305074,0.13094861088564558,0.022616234780783,0.18067186217871317,0.12115551013683451,0.33250303092320266,0.031831938058611176,0.39706572483245905,0.009793100748811068,-0.053329519272318354,0.16050522746254267,0.922883183973231,False
GUT_GENOME140786_1,GUT_GENOME140786_00113,137161,0.14125209855419965,0.1017317051283252,0.11843517070172727,0.021363181612740843,0.1424168823416908,0.133312104084861,0.7569051580113195,0.03952039342587445,0.5462339772871585,-0.014876933383133728,-0.375752099694163,0.4395611983675202,0.8026948905585225,False
GUT_GENOME140786_1,GUT_GENOME140786_00113,137164,0.13153349257024458,0.0913987088862818,0.11199527707457957,0.02359297802339006,0.1324194905016955,0.13149173854678955,0.7957020674570945,0.04013478368396278,0.5581541246700068,-0.019496461472209986,-0.4361265669058849,0.5017424092472549,0.7781225836964201,False
GUT_GENOME140786_1,GUT_GENOME140786_00113,137348,0.11469299677262915,0.08812624689238095,0.10098443434180376,0.021702724821806203,0.21104949809489315,0.12752137873095618,0.889287389137113,0.026566749880248194,0.2949127068471165,-0.02653694438915241,-0.528141464710874,0.3659069114068406,0.8328069172471703,False
GUT_GENOME140786_1,GUT_GENOME140786_00113,137375,0.07030177780198611,0.05770551843060279,0.06454179369792681,0.011540574051279047,0.27426120849565516,0.09796944752049398,0.9981134453425123,0.012596259371383325,0.023862989368672354,-0.03342765382256717,-0.6181989127296372,0.382739337961715,0.8258272489999625,False
GUT_GENOME140786_1,GUT_GENOME140786_00113,137419,0.06152231248437687,0.0609072852430041,0.06151778579832858,0.010583598307942732,0.48686317777505067,0.09696671420435166,0.9995950970465313,0.0006150272413727662,-0.20859195427287963,-0.035448928406023074,-0.6446157617478986,0.45904008368120264,0.7949150369177294,False
GUT_GENOME140786_1,GUT_GENOME140786_00113,137420,0.0625546401051475,0.07178030101582811,0.0707205201031823,0.011543821860528098,0.700761595722327,0.0957590254157002,0.9849585123621236,-0.009225660910680611,-0.39951694303508634,-0.02503850531251789,-0.5085577628355762,0.41824478591242653,0.8112959326589806,False
GUT_GENOME140786_1,GUT_GENOME140786_00115,138381,0.07024261504503196,0.09595070373682321,0.08758664203382648,0.01359305798708012,0.9180637289917115,0.09563011880872928,0.7229856916101918,-0.025708088691791253,-0.7193022355124009,-0.008043476774902802,-0.2864429118331881,0.599445247752613,0.7410237344691233,False
GUT_GENOME140786_1,GUT_GENOME140786_00115,138420,0.06367789106069276,0.08882890312723692,0.08133471221696227,0.012596972436879314,0.9249309851095266,0.09616078878186334,0.8803933749516187,-0.02515101206654416,-0.7084940636882794,-0.014826076564901064,-0.37508743151904334,0.6426544195650847,0.7251859242358689,False
GUT_GENOME140786_1,GUT_GENOME140786_00115,138421,0.08508963346796407,0.12194273709584055,0.10068484255467079,0.016426820434826288,0.9565034683623301,0.09892861032789167,0.4574292033754676,-0.036853103627876485,-0.9355332366932172,0.0017562322267791197,-0.1583665805720938,0.9003024107997847,0.6375317460908269,False
GUT_GENOME140786_1,GUT_GENOME140786_00115,138441,0.09230873284014714,0.12235088083183146,0.10500401261811791,0.016894416325505868,0.9062884047087423,0.10011574835275171,0.3861598360973516,-0.030042147991684323,-0.8033898735252119,0.0048882642653662045,-0.11743279643364718,0.6592257505610822,0.7192021004584453,False
GUT_GENOME140786_1,GUT_GENOME140786_00115,138648,0.09075820619258956,0.11666426687855448,0.10489797425977869,0.016485409530922375,0.8828023843477322,0.10753511000620496,0.5635468054239791,-0.02590606068596492,-0.7231432068122537,-0.002637135746426267,-0.21578527043232962,0.5694993804942636,0.7522025143822166,False
GUT_GENOME140786_1,GUT_GENOME140786_00115,138905,0.08695929845203765,0.11974721803550784,0.10479466954242218,0.01690369539096787,0.9356878058504401,0.10774288739936412,0.5692294028045185,-0.03278791958347019,-0.8566622059276886,-0.002948217856941937,-0.2198509274257125,0.7822045653548394,0.676310977603914,False
GUT_GENOME140786_1,GUT_GENOME140786_00115,138988,0.08443834850999227,0.07665508314203631,0.08854114519681547,0.020148177921382418,0.36774172503448177,0.11849935228476141,0.9314786099911503,0.007783265367955955,-0.06951674300555141,-0.029958207087945943,-0.572855320465846,0.332995795744127,0.8466245966467854,False
GUT_GENOME140786_1,GUT_GENOME140786_00115,139131,0.08156082472821861,0.08847769561704277,0.08462359810535344,0.018591529515506248,0.6217614675559603,0.12157730965584974,0.9765755614690941,-0.006916870888824159,-0.35472274753105965,-0.0369537115504963,-0.6642823767927523,0.567099303733412,0.753105728106503,False
GUT_GENOME140786_1,GUT_GENOME140786_00115,139174,0.06816098616806911,0.10341317433554831,0.07836500861436296,0.015868197341038726,0.9864631237168523,0.11969331196769888,0.9953992264693599,-0.0352521881674792,-0.9044729326207,-0.04132830335333591,-0.7214556733443531,1.3385695744442434,0.5120746892081025,False
GUT_GENOME140786_1,GUT_GENOME140786_00115,139192,0.05884547422548708,0.11844738798595726,0.06943512714475583,0.01705199518015321,0.9999727967221596,0.12562540053882404,0.9995082970286967,-0.05960191376047018,-1.3768963051908956,-0.05619027339406821,-0.9156927264856859,2.7343366045871287,0.2548275333895016,False
GUT_GENOME140786_1,GUT_GENOME140786_00115,139549,0.06202119772168094,0.05469103091510752,0.06276082492172244,0.013449876801979564,0.3241528587035962,0.12127374688170761,0.9999932068605255,0.007330166806573418,-0.07830757515097225,-0.05851292195998517,-0.9460483530742336,0.901139562680495,0.6372649464825444,False
GUT_GENOME140786_1,GUT_GENOME140786_00115,139690,0.059499529157210615,0.05675147438180298,0.057809837442066865,0.010556982970016235,0.43230001456314615,0.11391872276183389,0.9999999466302871,0.0027480547754076337,-0.16720783035060013,-0.05610888531976702,-0.9146290330675331,0.8645047266606056,0.6490455607162244,False
GUT_GENOME140786_1,GUT_GENOME140786_00115,139794,0.061385624052757284,0.05109076668764652,0.05468219985534125,0.009294155528075044,0.2908222538046481,0.09401663030909754,0.9999884275448883,0.010294857365110766,-0.02078786689214955,-0.03933443045375629,-0.6953969479337058,0.4840090506054388,0.7850526249430126,False
GUT_GENOME140786_1,GUT_GENOME140786_00115,139804,0.057637487279269706,0.055654441812739444,0.055981183277411084,0.009363523834343804,0.4568981128031663,0.08208639893744593,0.9973480203463798,0.0019830454665302616,-0.18205022667934861,-0.026105215660034847,-0.5224990286226286,0.30614751994559275,0.8580664285207417,False
GUT_GENOME140786_1,GUT_GENOME140786_00115,139944,0.04086759737239428,0.04259334921176733,0.042989641372774626,0.006349040392012053,0.5643211511797995,0.06722987878369821,0.9999327139120653,-0.0017257518393730478,-0.2540067883556921,-0.024240237410923585,-0.4981248791466683,0.3126478437556563,0.8552821009115722,False
GUT_GENOME140786_1,GUT_GENOME140786_00116,140394,0.044643218602428036,0.0387835544946395,0.040435300307725956,0.004119645195823765,0.3296640621468777,0.06641976989802807,0.9999999998581679,0.005859664107788536,-0.10683766439902097,-0.025984469590302116,-0.5209209497610103,0.28277292243415086,0.8681537391083245,False
GUT_GENOME140786_1,GUT_GENOME140786_00116,140931,0.049080796742930935,0.04850566521100038,0.048434899296990686,0.0033045271622114633,0.4844212257838847,0.06535833912288692,0.9999998482732175,0.0005751315319305547,-0.20936599443747167,-0.01692343982589624,-0.4024987140116116,0.2058393344077925,0.902199446774689,False
GUT_GENOME140786_1,GUT_GENOME140786_00119,142920,0.05163321890911691,0.05212482351324027,0.05208361253971315,0.003357522595135337,0.5113691536404631,0.06507253410024295,0.9999452696235307,-0.0004916046041233621,-0.23006237071130334,-0.012988921560529804,-0.35107691519887024,0.1761836948028599,0.9156767703290034,False
GUT_GENOME140786_1,GUT_GENOME140786_00119,143576,0.049565685688561754,0.05254471919261135,0.0523523181089608,0.0030030931194090726,0.5667191757413024,0.06531400102376375,0.9999920598886538,-0.0029790335040495927,-0.2783224443389904,-0.01296168291480295,-0.3507209224022865,0.20046854843354106,0.9046254627873389,False
GUT_GENOME140786_1,GUT_GENOME140786_00119,143586,0.056223209111557454,0.04956037032877258,0.04988936403846122,0.002772823997419402,0.37375167761627276,0.0657781418099719,0.9999999949837638,0.006662838782784876,-0.09125479931597616,-0.015888777771510675,-0.3889763002340161,0.15963000054194249,0.9232871384583358,False
GUT_GENOME140786_1,GUT_GENOME140786_00119,143621,0.05342520823889244,0.05330980313515333,0.05338262849345179,0.002723770789975203,0.49760916491380536,0.06536397852055699,0.9999945576952294,0.0001154051037391135,-0.21828541773185028,-0.011981350027105202,-0.33790855831582506,0.16183071737744772,0.9222717504313634,False
GUT_GENOME140786_1,GUT_GENOME140786_00121,145570,0.05454912980796995,0.05289653624484591,0.05297538265505164,0.0026349608625457935,0.46656864866830444,0.06605500706456764,0.999999654503312,0.0016525935631240413,-0.18846151875256786,-0.013079624409516002,-0.35226234714701155,0.15960650526804615,0.9232979849641475,False
GUT_GENOME140786_1,GUT_GENOME140786_00121,146205,0.05832584604807484,0.054458332440334774,0.054686966963895904,0.002857246872102229,0.4221686695960877,0.06613203310934251,0.99996907344774,0.0038675136077400696,-0.14548854998317728,-0.01144506614544661,-0.3308996489629552,0.13066149586001446,0.9367575815028335,False
GUT_GENOME140786_1,GUT_GENOME140786_00121,146392,0.05291763966637499,0.054128275271174704,0.05409981306794642,0.0027347185880491464,0.5271994807716793,0.06426393006580249,0.9998990773730398,-0.0012106356047997119,-0.24401271479320225,-0.010164116997856062,-0.3141584102866572,0.15823771173458828,0.9239301034050192,False
GUT_GENOME140786_1,GUT_GENOME140786_00122,147075,0.05387354417873007,0.05255480942396092,0.0526172094949678,0.0024920551599319856,0.46973368164402796,0.06212634417635794,0.9999321233398599,0.001318734754769145,-0.19493891019597234,-0.009509134681390141,-0.3055981834350792,0.13139142842721369,0.9364157589503261,False
GUT_GENOME140786_1,GUT_GENOME140786_00122,147557,0.05886525564149087,0.0442240994129339,0.044504236879195296,0.0018857010483904876,0.20829630256784548,0.06009391691033932,0.9999999999999999,0.014641156228556974,0.06353723810444645,-0.015589680031144026,-0.38506727178551126,0.1523137844262779,0.9266708077198332,False
GUT_GENOME140786_1,GUT_GENOME140786_00123,148530,0.04426658814432699,0.04242601633385298,0.04241667763232508,0.002061288456516444,0.4285032685235234,0.05717755516963107,0.9999999999995995,0.0018405718104740135,-0.18481444202294464,-0.01476087753730599,-0.3742353192517572,0.17420845215571698,0.9165815589536049,False
GUT_GENOME140786_1,GUT_GENOME140786_00123,148685,0.04310063478078695,0.04521394120899855,0.045020971924210174,0.0024770462313746487,0.5788779168097115,0.05902963381231408,0.9999999922253496,-0.0021133064282116004,-0.2615259632726722,-0.014008661888103908,-0.36440431093809705,0.2011863312959684,0.9043008587125815,False
GUT_GENOME140786_1,GUT_GENOME140786_00127,152445,0.04225854248987786,0.05051377564242921,0.05037684802936868,0.0021930864374596136,0.7763864424681035,0.05928182351988792,0.9999755136451732,-0.008255233152551354,-0.3806891023442195,-0.008904975490519239,-0.2977021844160128,0.23355078324971332,0.8897850238891866,False
GUT_GENOME140786_1,GUT_GENOME140786_00127,153027,0.048259969486940356,0.05066475116080683,0.050635866267482135,0.0020996341969367876,0.576545056342462,0.059810195284101045,0.9999937731260016,-0.0024047816738664712,-0.2671810462446395,-0.00917432901661891,-0.301222473786765,0.16212069018659853,0.9221380432593221,False
GUT_GENOME140786_1,GUT_GENOME140786_00127,153307,0.05558478610676139,0.05510518019109967,0.05497445278075014,0.0025439595032013375,0.487217187286565,0.06306321996928121,0.9992626011827686,0.00047960591566172106,-0.21121934320036528,-0.008088767188531076,-0.28703483043177214,0.1270026048229899,0.9384728970219792,False
GUT_GENOME140786_1,GUT_GENOME140786_00127,153559,0.07676524958588689,0.05671120307612808,0.05685305434733004,0.0026452985532751288,0.20492402073320276,0.0645449814915666,0.9981799364360836,0.02005404650975881,0.16855591160990405,-0.0076919271442365544,-0.28184836857234247,0.1078495982055368,0.9475033569252875,False
GUT_GENOME140786_1,GUT_GENOME140786_00127,153586,0.10839683827301573,0.05985216403014331,0.06048873336163901,0.0029472764186654157,0.05819474975041094,0.0663284127255895,0.9762257540494657,0.04854467424287242,0.7213193663321126,-0.005839679363950481,-0.2576405987043974,0.5866803063465208,0.745768422052788,False
GUT_GENOME140786_1,GUT_GENOME140786_00127,153610,0.09663063246641594,0.06000694140145591,0.060360419225591086,0.0030120455038041075,0.05924732883040175,0.0676400345228891,0.9921719317489047,0.03662369106496003,0.4900333481076187,-0.007279615297298009,-0.2764596995126478,0.3165626477121861,0.8536096074402904,False
GUT_GENOME140786_1,GUT_GENOME140786_00130,156507,0.07418177240500934,0.059749866250457556,0.06003821290622262,0.002839081072304145,0.23777936960700818,0.06839757049344623,0.998382032263198,0.014431906154551782,0.05947745413297734,-0.008359357587223615,-0.29057128498701135,0.08796923920914339,0.9569686759165068,False
GUT_GENOME140786_1,GUT_GENOME140786_00130,156509,0.08304224835219076,0.060213419363626515,0.06074907127264698,0.0024047850189014247,0.13143907092337687,0.06850736669890435,0.9993727516255039,0.022828828988564247,0.22239110132404533,-0.007758295426257368,-0.28271576229514267,0.12938600419824542,0.9373551852843917,False
GUT_GENOME140786_1,GUT_GENOME140786_00130,156510,0.08971713602216978,0.06525034870205418,0.06605858816649816,0.002593324248339151,0.13630326328341696,0.06745728589632073,0.7051757560682961,0.024466787320115604,0.2541700959646947,-0.0013986977298225678,-0.199599626793968,0.10444244869899343,0.9491188754103292,False
GUT_GENOME140786_1,GUT_GENOME140786_00130,156612,0.10605638442219634,0.06251325967142068,0.06367651336971222,0.002553522643582912,0.03583683539209582,0.0656271782434121,0.7775399568411978,0.04354312475077565,0.6242813578293291,-0.001950664873699881,-0.20681350699717993,0.4324990404097035,0.8055342797164878,False
GUT_GENOME140786_1,GUT_GENOME140786_00130,156710,0.05402166739590451,0.05125573831604724,0.05140982943011367,0.0014385213849262943,0.4044737015743325,0.05195749617630232,0.6482926512713985,0.002765929079857274,-0.16686104043881253,-0.0005476667461886478,-0.18847716120293406,0.06336624711143982,0.9688135276305277,False
GUT_GENOME140786_1,GUT_GENOME140786_00131,157166,0.05941207867265198,0.0512358343268154,0.05137548477747897,0.001441348711102241,0.24318696063738127,0.05081807304734331,0.3494783235447514,0.00817624434583658,-0.061892326320831435,0.000557411730135661,-0.17403444693673228,0.03411864877797857,0.9830853619665254,False
GUT_GENOME140786_1,GUT_GENOME140786_00131,157183,0.06577990323368064,0.05129623313738747,0.05145556433662212,0.00209686580974785,0.052989985528392666,0.051620678110284694,0.531381529765148,0.014483670096293172,0.06048175686491587,-0.00016511377366257296,-0.18347742282031915,0.037322007598252965,0.9815120347031461,False
GUT_GENOME140786_1,GUT_GENOME140786_00172,204289,0.06293131056533295,0.04648666570629068,0.0466627753953617,0.001968397857221245,0.03094072166219519,0.04897546869862056,0.8799849403354958,0.01644464485904227,0.09852778360164562,-0.00231269330325886,-0.21154500188770897,0.0544590119651235,0.9731378749291786,False
GUT_GENOME140786_1,GUT_GENOME140786_00172,204469,0.0705826316431935,0.046203923407257715,0.046733842386470215,0.0020856325451937695,0.023044617980896145,0.049190607682563836,0.8805911984882049,0.02437870823593579,0.2524612217581985,-0.0024567652960936215,-0.2134279366030749,0.10928815261428845,0.9468220844008519,False
GUT_GENOME140786_1,GUT_GENOME140786_00172,205299,0.06284454948111859,0.04626124126474565,0.04665418147893756,0.002021795512794057,0.09584784526325518,0.04894514528449181,0.871420858803817,0.01658330821637294,0.1012180730947197,-0.0022909638055542483,-0.2112610103584018,0.054876312818660775,0.9729348504775758,False
GUT_GENOME140786_1,GUT_GENOME140786_00175,207789,0.05588568752058534,0.046640315812776854,0.04687781432129549,0.0019490092569746627,0.20935425460826235,0.0498726698529736,0.9378048507776803,0.009245371707808488,-0.04114955646410538,-0.002994855531678116,-0.22046045392060462,0.05029609774007163,0.9751655291860442,False
GUT_GENOME140786_1,GUT_GENOME140786_00175,207801,0.05998761147748376,0.05778835166375227,0.05789097856841796,0.0023629758625424565,0.4275078158264124,0.06503087382401945,0.9987426595261226,0.002199259813731487,-0.17785532474040158,-0.007139895255601492,-0.27463364219389824,0.10705615396319983,0.9478793270397607,False
GUT_GENOME140786_1,GUT_GENOME140786_00175,207802,0.06961737187838465,0.058141409194385194,0.05850027231465927,0.002303399399200583,0.18913154728410891,0.06566834662083516,0.9990707345389809,0.01147596268399946,0.0021274532817503683,-0.007168074306175894,-0.2750019255189818,0.07563058509661363,0.9628907775685978,False
GUT_GENOME140786_1,GUT_GENOME140786_00175,207878,0.07208062050833476,0.06030296857521453,0.0603544176996509,0.005299868137980513,0.21969713826998588,0.0706396081391223,0.9738496428396182,0.011777651933120234,0.007980704152833334,-0.010285190439471403,-0.31574076770284026,0.099755924028354,0.9513455177074821,False
GUT_GENOME140786_1,GUT_GENOME140786_00175,207925,0.12389860328656485,0.12836650711149428,0.126970138416206,0.011587582568498934,0.5596061595136645,0.13646857866806747,0.7938088564070764,-0.004467903824929426,-0.30720889464511564,-0.009498440251861473,-0.30545841364204485,0.18768214741378833,0.9104274416022208,False
GUT_GENOME140786_1,GUT_GENOME140786_00175,207991,0.12837271647814166,0.12224572023694176,0.12206534606752326,0.01303320304123448,0.42291960300669607,0.14229823891191684,0.9397180900326239,0.006126996241199903,-0.10165099617229824,-0.020232892844393585,-0.4457512841662302,0.20902713235866394,0.9007625774173333,False
GUT_GENOME140786_1,GUT_GENOME140786_00176,208085,0.12850639964840463,0.12170357615173656,0.12297475904578216,0.01646546438319095,0.41706949996599796,0.15324492426718855,0.9669985055906447,0.006802823496668067,-0.0885388734059114,-0.030270165221406395,-0.5769324265547937,0.3406901569143905,0.8433737362687463,False
GUT_GENOME140786_1,GUT_GENOME140786_00176,208086,0.0983339273063539,0.10606189784757154,0.10245663378732728,0.012871472075060224,0.6188765273119667,0.14846998168534292,0.9998247734497637,-0.007727970541217641,-0.3704593697698146,-0.046013347898015644,-0.7826864014174417,0.749838147614033,0.6873449007463892,False
GUT_GENOME140786_1,GUT_GENOME140786_00176,208129,0.09787896230208348,0.09807702635973464,0.09717899738187219,0.01192869694051211,0.5029461845936907,0.14263122507356427,0.9999306082531259,-0.00019806405765115942,-0.22436721762134765,-0.045452227691692076,-0.7753528961664127,0.6515127619367891,0.7219810543338782,False
GUT_GENOME140786_1,GUT_GENOME140786_00176,208153,0.09349520710137373,0.06860615613704694,0.07707230050155486,0.012035699752664651,0.15880180311157954,0.13577376787527143,0.9999994622041403,0.02488905096432678,0.26236268171479643,-0.058701467373716565,-0.9485125287821733,0.9685101940133327,0.6161560023107393,False
GUT_GENOME140786_1,GUT_GENOME140786_00176,208404,0.08786888433132747,0.0663475181177575,0.07149209325123139,0.011123410128102303,0.1878385096774967,0.13307543789206355,0.9999999845599991,0.021521366213569967,0.19702424569711455,-0.06158334464083216,-0.9861769397818843,1.011363509950079,0.6030942727182937,False
GUT_GENOME140786_1,GUT_GENOME140786_00176,208423,0.09350931652138243,0.11612966411336907,0.10646872068518642,0.013991530495706683,0.8158292253614794,0.13335770299296215,0.97268480123511,-0.02262034759198664,-0.6593951512036894,-0.026888982307775727,-0.532742389603065,0.7186164191109203,0.698159138870174,False
GUT_GENOME140786_1,GUT_GENOME140786_00176,208480,0.08966699392510998,0.11281869907381559,0.10736905709619549,0.010994623499299803,0.8160562245999767,0.11667762466123263,0.8014041107920136,-0.023151705148705612,-0.6697043322261685,-0.009308567565037146,-0.30297689126918936,0.5402988892456405,0.7632654199003712,False
GUT_GENOME140786_1,GUT_GENOME140786_00176,208661,0.08116227374679984,0.08270339832693281,0.08238625495193166,0.005848553597891488,0.5243439158851729,0.09846780055235545,0.9970171617389523,-0.0015411245801329743,-0.25042472612072003,-0.016081545600423783,-0.3914956603811511,0.21598139554991122,0.8976359464031796,False
GUT_GENOME140786_1,GUT_GENOME140786_00176,208697,0.07318844835807511,0.06110762322225591,0.061575023326345714,0.003426588819793067,0.2774236548432314,0.06048419962626527,0.37511314483412894,0.012080825135819206,0.013862746081600836,0.0010908237000804427,-0.1670630717510451,0.02810224567181778,0.9860471334484993,False
GUT_GENOME140786_1,GUT_GENOME140786_00176,208760,0.06659006466965257,0.058538264524324715,0.05874131573923363,0.0028371914380292134,0.34093323447932716,0.06012283105912956,0.6868462423548589,0.008051800145327859,-0.06430674157477807,-0.001381515319895929,-0.19937506298036392,0.04388577275038937,0.9782961074924879,False
GUT_GENOME140786_1,GUT_GENOME140786_00176,208864,0.06186917312450135,0.049721444928049925,0.05085848253987699,0.0028242412460018694,0.2656941653970324,0.059645664044749754,0.9990688056860914,0.012147728196451428,0.015160771778787349,-0.008787181504872767,-0.29616268752649977,0.0879421864838476,0.9569816203094049,False
GUT_GENOME140786_1,GUT_GENOME140786_00181,213380,0.05691432073065423,0.04898037855803428,0.05098692625512767,0.003261438614174972,0.2795041641077308,0.05882217923759695,0.991855871087015,0.007933942172619952,-0.06659337354269569,-0.00783525298246928,-0.2837215514936535,0.08493259618176288,0.958422765653601,False
GUT_GENOME140786_1,GUT_GENOME140786_00181,213884,0.05629394571379904,0.051231879908236695,0.052991661670771247,0.0036913245457307195,0.3753562384120927,0.0587119924838701,0.9393894956748514,0.0050620658055623435,-0.12231233898847187,-0.005720330813098855,-0.25608078457810235,0.08053767649896731,0.960531176918318,False
GUT_GENOME140786_1,GUT_GENOME140786_00181,214304,0.05638756035827812,0.05102466402944974,0.05500886521651589,0.004323160883034229,0.35140452774892794,0.05880011517853761,0.8097464957207008,0.00536289632882838,-0.11647574876363966,-0.0037912499620217158,-0.23086885246158897,0.06686702708698145,0.9671192094231563,False
GUT_GENOME140786_1,GUT_GENOME140786_00182,214579,0.05353178246408181,0.05020052021126635,0.050784882856471925,0.002897720001140601,0.41391106605055544,0.05766350688658735,0.9911970919711051,0.0033312622528154576,-0.15589267846796584,-0.006878624030115424,-0.2712189836546904,0.0978622642945998,0.9522467066263339,False
GUT_GENOME140786_1,GUT_GENOME140786_00182,214909,0.05092092396098018,0.05081608857069904,0.05086006695918135,0.0027991890832427123,0.49645798251373513,0.05736151505633715,0.9899001695790132,0.00010483539028113831,-0.21849048697009887,-0.006501448097155804,-0.26628951996090544,0.11864820133744039,0.942401286769006,False
GUT_GENOME140786_1,GUT_GENOME140786_00182,214966,0.04691025841296634,0.0481630243483231,0.04817262808560209,0.0022227078495712853,0.5390191143053855,0.057734426876314145,0.9999915318418329,-0.0012527659353567602,-0.24483011015863448,-0.009561798790712055,-0.30628647182302277,0.1537531856620844,0.9260041221027264,False
GUT_GENOME140786_1,GUT_GENOME140786_00182,215033,0.043787623334561716,0.0493019356032129,0.049198670619828314,0.0022169969797790766,0.7187558394353476,0.05809299709681643,0.9999698814768725,-0.005514312268651185,-0.32751088138336704,-0.008894326476988117,-0.29756300818288367,0.1958071212633568,0.9067363446177915,False
GUT_GENOME140786_1,GUT_GENOME140786_00182,215204,0.03847718751603335,0.04953366496649658,0.049149300792988064,0.002641185821023964,0.8798866097813574,0.05817246544078749,0.99968264461261,-0.011056477450463231,-0.435037693401586,-0.009023164647799425,-0.2992468459622576,0.2788064694985315,0.8698771930166666,False
GUT_GENOME140786_1,GUT_GENOME140786_00189,222134,0.04079308561351025,0.04752288964068695,0.047080427057219196,0.0035084092569033867,0.760654890668832,0.05808278114046903,0.9991436395445409,-0.006729804027176697,-0.3510933531324199,-0.011002354083249836,-0.3251136672851866,0.22896543926938911,0.8918273493873581,False
GUT_GENOME140786_1,GUT_GENOME140786_00189,222769,0.04885821089801247,0.04607771202903238,0.04649311389606551,0.003959460887867834,0.391991196985501,0.05864933313519043,0.9989303162877398,0.0027804988689800886,-0.16657836337583085,-0.012156219239124924,-0.3401939942529698,0.14348030487076,0.9307727234160823,False
GUT_GENOME140786_1,GUT_GENOME140786_00189,222775,0.054507030391751865,0.0456498949755048,0.048362898324578664,0.0051998693237815885,0.23783909478967735,0.058761131409259114,0.9772342310561207,0.008857135416247067,-0.048681957497256526,-0.01039823308468045,-0.3172181674166419,0.10299729872493733,0.9498049328035229,False
GUT_GENOME140786_1,GUT_GENOME140786_00189,222988,0.05716036247016854,0.04943999479332739,0.05062539317240631,0.004715921882633663,0.2688623795767658,0.05889206993526487,0.960192912195958,0.007720367676841151,-0.07073705816885195,-0.008266676762858562,-0.2893600020845402,0.08873294220474866,0.9566033257534506,False
GUT_GENOME140786_1,GUT_GENOME140786_00190,223264,0.07939118588324053,0.05767217706774932,0.06035740053960233,0.006233708082870565,0.13776959798387423,0.08652797644842578,0.9999865498724081,0.021719008815491207,0.20085882626380713,-0.02617057590882345,-0.5233532479544191,0.31424289023251395,0.8546002654866207,False
GUT_GENOME140786_1,GUT_GENOME140786_00190,223447,0.08125375309492147,0.062269002046054345,0.06426435224067015,0.006274361997607535,0.16430475680018675,0.09927037683444072,0.9999999879197881,0.018984751048867127,0.14780988036699508,-0.03500602459377057,-0.6388272740116693,0.42994804675528575,0.8065623916718571,False
GUT_GENOME140786_1,GUT_GENOME140786_00190,223448,0.08824876271502327,0.06370032928072615,0.0683718298362198,0.008328803004538232,0.11312474295771197,0.11212913104547108,0.9999999254762547,0.02454843343429712,0.25575416033008475,-0.04375730120925128,-0.7532012215002536,0.6327222705956208,0.7287962086017377,False
GUT_GENOME140786_1,GUT_GENOME140786_00190,223468,0.08361824510302422,0.06565694213438601,0.07061525280221399,0.009951082160921632,0.18544174833642896,0.11371311848196965,0.9999925773972834,0.01796130296863821,0.12795336116862632,-0.043097865679755654,-0.7445827938197458,0.570775599486767,0.7517226799244288,False
GUT_GENOME140786_1,GUT_GENOME140786_00190,223576,0.07949252452670769,0.06294378287670063,0.06681780100921778,0.00848020636342678,0.17625894747861715,0.1134647717080654,0.9999999810844101,0.016548741650007054,0.10054742677476926,-0.04664697069884763,-0.7909674721839319,0.6357393270840667,0.7276976277652225,False
GUT_GENOME140786_1,GUT_GENOME140786_00190,223658,0.07435589848850489,0.05620839273173362,0.0615300396543364,0.008687554536221952,0.14767627310502607,0.11343826408888372,0.999999998849619,0.018147505756771272,0.13156599116791945,-0.05190822443454732,-0.859728909506866,0.756443407873862,0.6850785992053656,False
GUT_GENOME140786_1,GUT_GENOME140786_00190,223715,0.07311862715234493,0.05513653076716825,0.06035424146169885,0.008697264880039267,0.1379160557948943,0.10805281538508242,0.9999999792467248,0.017982096385176685,0.12835678649392818,-0.04769857392338357,-0.8047112969156444,0.6640357360227062,0.7174745028973468,False
GUT_GENOME140786_1,GUT_GENOME140786_00190,224011,0.07477005002947874,0.054666831205843265,0.059560811271027976,0.008164661575348425,0.11698168324862418,0.10221490908598162,0.9999999125609641,0.02010321882363548,0.16950993264270708,-0.04265409781495364,-0.738783013433853,0.5745339582029396,0.7503113846351079,False
GUT_GENOME140786_1,GUT_GENOME140786_00190,224129,0.06485609365471232,0.05607579331300994,0.057913688309282244,0.007278466972767783,0.29564012778415205,0.0907683116408145,0.9999968184126604,0.008780300341702373,-0.050172680048090335,-0.03285462333153226,-0.6107097471860585,0.37548369313126756,0.8288286445782611,False
GUT_GENOME140786_1,GUT_GENOME140786_00190,224363,0.061802343572439335,0.059849744157962396,0.06001626487127703,0.006742248330376484,0.4519372235104723,0.08548385931130852,0.9999207358486812,0.0019525994144769382,-0.18264092847340166,-0.025467594440031487,-0.5141657009107304,0.2977240767466489,0.8616879865752195,False
GUT_GENOME140786_1,GUT_GENOME140786_00190,224555,0.06341326826316808,0.05804238890986179,0.059341557247850577,0.006930561903215897,0.37174433129868834,0.08220988258627802,0.999515946918563,0.005370879353306289,-0.11632086540231547,-0.022868325338427448,-0.48019480948562504,0.24411759878487932,0.8850963238464523,False
GUT_GENOME140786_1,GUT_GENOME140786_00191,225084,0.06494699364252678,0.0572197040739836,0.05896599882611404,0.006737720900982998,0.3308696224354995,0.08256922267438647,0.9997701018064057,0.007727289568543176,-0.07060276246970955,-0.023603223848272438,-0.4897994931526642,0.24488829356096095,0.8847553199965846,False
GUT_GENOME140786_1,GUT_GENOME140786_00191,225333,0.0720022066610701,0.06047490017196907,0.06321642008168132,0.007060472648478414,0.2655188906019761,0.08356101987073335,0.9980209285036475,0.011527306489101032,0.0031236046952042035,-0.020344599789052023,-0.4472112270732883,0.20000763852668815,0.9048339622301759,False
GUT_GENOME140786_1,GUT_GENOME140786_00192,225434,0.07630548696369087,0.06919187699971238,0.07339533493499735,0.010880175030114307,0.3587796247478369,0.08712619208909524,0.8965268679577809,0.007113609963978487,-0.08250912204484358,-0.013730857154097886,-0.36077356933828536,0.13696532355369748,0.9338096505632678,False
GUT_GENOME140786_1,GUT_GENOME140786_00192,225503,0.08437117688183814,0.07217217327985344,0.075590034470215,0.010342219513406819,0.2660159948694161,0.09211319790283583,0.9449386542122482,0.012199003601984698,0.016155596131917006,-0.01652316343262082,-0.3972673411277494,0.15808234361308923,0.9240018808352455,False
GUT_GENOME140786_1,GUT_GENOME140786_00192,225799,0.07923749331935309,0.07676361054492198,0.07712794154809965,0.009220920956877205,0.44528060288071564,0.09727143805935679,0.985538807178244,0.002473882774431113,-0.17252720287785894,-0.02014349651125713,-0.44458292759826,0.22741961524469761,0.8925169199129805,False
GUT_GENOME140786_1,GUT_GENOME140786_00192,225850,0.08156543818309252,0.07607291867304194,0.07637374416906678,0.0062161799523577825,0.3778514471548348,0.09653471345060073,0.999409242303129,0.0054925195100505725,-0.11396085305352567,-0.02016096928153395,-0.44481128624785243,0.21084415640215617,0.8999445954165144,False
GUT_GENOME140786_1,GUT_GENOME140786_00192,225888,0.08271040900393326,0.07438805457157957,0.07497121983193743,0.005770741395087279,0.32087931972669786,0.09402087187259882,0.9995184249003182,0.008322354432353685,-0.05905755844735683,-0.01904965204066139,-0.43028703506307436,0.18863472775313436,0.9099939172114834,False
GUT_GENOME140786_1,GUT_GENOME140786_00192,225920,0.06409768570526866,0.06880832399924784,0.06869680853224183,0.004073001174075402,0.6375289046056798,0.07922694821117335,0.995136011555818,-0.0047106382939791774,-0.3119183290931378,-0.010530139678931516,-0.318942107653839,0.19901711205892805,0.9052822042141595,False
GUT_GENOME140786_1,GUT_GENOME140786_00193,226131,0.05453655892421913,0.06611638984932292,0.0656302509996352,0.003663054295452661,0.8713535498337766,0.06631392019145999,0.5740281997273804,-0.011579830925103785,-0.4451915825118267,-0.00068366919182479,-0.1902546317662563,0.2343923700478984,0.8894106869892944,False
GUT_GENOME140786_1,GUT_GENOME140786_00193,226169,0.04533175313469397,0.05982377700125148,0.05775769757738255,0.00419292709034332,0.9547131187553075,0.052007771488529385,0.08513459059585876,-0.014492023866557513,-0.5016927535711304,0.005749926088853163,-0.10617139212857919,0.2629679834923035,0.8767933109553462,False
GUT_GENOME140786_1,GUT_GENOME140786_00193,226781,0.04190126499924642,0.05444561728455629,0.05314627815511269,0.00303662851169676,0.897079021752162,0.05347656030391906,0.5433059817734784,-0.012544352285309868,-0.463904829696662,-0.0003302821488063712,-0.1856360746257088,0.2496684432183307,0.882643213628292,False
GUT_GENOME140786_1,GUT_GENOME140786_00195,228466,0.04303203980905503,0.054561487701091586,0.053913834408743956,0.0026039951900396195,0.8594892551442573,0.05271479543985721,0.3225925774492382,-0.011529447892036554,-0.44421407160267756,0.001199038968886748,-0.16564876295751194,0.22476565407918273,0.8937020586896528,False
GUT_GENOME140786_1,GUT_GENOME140786_00293,309247,0.03777940591152973,0.05341392786235578,0.053012134980594976,0.002687061485080045,0.9643918241008237,0.05158438802017496,0.2975911172832215,-0.01563452195082605,-0.5238590320396028,0.001427746960420015,-0.16265968639609088,0.30088645902794425,0.8603265697785802,False
GUT_GENOME140786_1,GUT_GENOME140786_00294,309807,0.036162570278643946,0.053064910974269165,0.05281436063224412,0.0021852000265112077,0.9765642458895183,0.05218697741966411,0.38701572383251215,-0.01690234069562522,-0.5484567304792987,0.0006273832125800113,-0.17311996154100937,0.3307753062920026,0.8475650791264169,False
GUT_GENOME140786_1,GUT_GENOME140786_00294,310085,0.030282421147590152,0.05062778300847447,0.050214233700183596,0.0021416443279746507,0.9956615011929805,0.0507938027321303,0.6066578491313024,-0.020345361860884315,-0.6152568126613529,-0.0005795690319467042,-0.18889410498341097,0.414221928423691,0.8129294389080886,False
GUT_GENOME140786_1,GUT_GENOME140786_00294,310236,0.02798099597227515,0.051736932753868196,0.05114016781902287,0.0022382763956927615,0.9994999627840074,0.050784369444749636,0.4368498495350379,-0.023755936781593046,-0.6814273861362481,0.00035579837427323485,-0.1766694128268077,0.49555536400504835,0.7805334506241224,False
GUT_GENOME140786_1,GUT_GENOME140786_00294,310542,0.0506224121278276,0.0584304640196196,0.05806635765152647,0.002521345319135078,0.6913332003745676,0.0640305868540944,0.9909970015484829,-0.007808051891791998,-0.3720130752345367,-0.005964229202567936,-0.25926839054868045,0.20561382648316015,0.9023011790723644,False
GUT_GENOME140786_1,GUT_GENOME140786_00295,311171,0.05735222480710766,0.06517092809499225,0.06496821069395065,0.0033434241112476237,0.6811686741134152,0.06702402675257596,0.7306841441222256,-0.007818703287884594,-0.37221972924570523,-0.002055816058625315,-0.20818777004832717,0.18188967443744125,0.9130680768847075,False
GUT_GENOME140786_1,GUT_GENOME140786_00295,311173,0.05744630743859734,0.06152824027881724,0.06134115112115246,0.0038648267176284367,0.5866261052975704,0.0691675751311453,0.9785683092234658,-0.004081932840219897,-0.2997204441648687,-0.007826424009992838,-0.28360616210776524,0.1702647998358822,0.9183906815006594,False
GUT_GENOME140786_1,GUT_GENOME140786_00298,313508,0.05495316624943311,0.05688803621515191,0.05671811349948004,0.003833654845967986,0.549091792436605,0.06923373756474392,0.9994520446965094,-0.0019348699657188023,-0.25806401233287973,-0.01251562406526388,-0.34489120021709674,0.1855469744485342,0.9113999206426626,False
GUT_GENOME140786_1,GUT_GENOME140786_00298,313516,0.04887861317455119,0.05784487317973917,0.05697495719196039,0.0039127049449635635,0.7856848221456594,0.0695394125936138,0.9993390771217843,-0.008966260005187986,-0.394484153234126,-0.012564455401653414,-0.3455293965568324,0.2750083110377741,0.8715307283272307,False
GUT_GENOME140786_1,GUT_GENOME140786_00298,313544,0.058274056007485496,0.05803487727775656,0.058083927819452943,0.002970364530113507,0.49333456059912034,0.07016976389745566,0.9999763726320786,0.0002391787297289366,-0.21588401268923305,-0.012085836078002718,-0.33927412846332816,0.16171284117935583,0.9223261089770166,False
GUT_GENOME140786_1,GUT_GENOME140786_00298,313796,0.05987960882438252,0.061617196128948976,0.06171688525665515,0.003128287684282008,0.5457815822248716,0.07317306369637212,0.9998749337982176,-0.0017375873045664542,-0.2542364151891139,-0.011456178439716976,-0.3310448799980602,0.17422686738114157,0.9165731194644448,False
GUT_GENOME140786_1,GUT_GENOME140786_00298,313964,0.07048609918872077,0.06412106657078333,0.06446927034233399,0.00369044118764264,0.3535583039384691,0.07625288034553504,0.9992960059389833,0.006365032617937444,-0.09703271218124133,-0.01178361000320105,-0.33532421455615036,0.12185767610094678,0.9408901929741439,False
GUT_GENOME140786_1,GUT_GENOME140786_00298,313991,0.07697457825993857,0.06583406163272759,0.06630501589520456,0.003698533020415133,0.27027088463457793,0.07837537365568664,0.999449876577586,0.01114051662721098,-0.0043807333036870845,-0.012070357760482084,-0.3390718361175251,0.11498890087238785,0.944127129865632,False
GUT_GENOME140786_1,GUT_GENOME140786_00298,314087,0.07527071174167108,0.06611777766912648,0.06961328625418838,0.00600038921564617,0.30895004085800026,0.08055331604334906,0.9658649635060939,0.009152934072544597,-0.042942993488149346,-0.010940029789160685,-0.32429912606421707,0.10701402385573819,0.947899294379021,False
GUT_GENOME140786_1,GUT_GENOME140786_00298,314089,0.07270389764250071,0.06755633735206786,0.0694332699366605,0.005985903778367913,0.3713455573735712,0.07964827979273001,0.9560434977605037,0.005147560290432854,-0.12065361011596645,-0.010215009856069504,-0.31482354948275476,0.11367116094293618,0.9447493918467372,False
GUT_GENOME140786_1,GUT_GENOME140786_00299,315410,0.07282314001641416,0.09187555563771417,0.08952542746811924,0.005595426991620787,0.9019955141458103,0.07912534349939884,0.031536562612605734,-0.019052415621300015,-0.5901716008907452,0.0104000839687204,-0.045396611883977464,0.3503633708684895,0.8393045175100889,False
GUT_GENOME140786_1,GUT_GENOME140786_00299,315593,0.08009895711219048,0.09972840180956437,0.09811745245980992,0.005059695848122029,0.894018288134715,0.07902132269323808,8.027206358396316e-05,-0.01962944469737389,-0.6013668819689167,0.019096129766571837,0.06825550187533047,0.36630094026527027,0.8326428584292305,False
GUT_GENOME140786_1,GUT_GENOME140786_00300,315912,0.07582895519346025,0.09839229814024604,0.09687433847177442,0.0052296618005826054,0.9180429016558334,0.07986901529630935,0.0005735728658183449,-0.02256334294678579,-0.6582891704962228,0.017005323175465062,0.04092991113385935,0.43501988961803073,0.8045196040862328,False
GUT_GENOME140786_1,GUT_GENOME140786_00300,315996,0.07484108355267602,0.09336697517148491,0.09288641068193779,0.00516408417443064,0.8396270777831856,0.07776469080548944,0.00170438939210675,-0.018525891618808896,-0.579956198501668,0.01512171987644835,0.01631234340323086,0.3366152847278111,0.8450938080322775,False
GUT_GENOME140786_1,GUT_GENOME140786_00300,316008,0.07093396030359608,0.0822022262702656,0.08441767246646109,0.006071289993171733,0.7317014759863237,0.07161722048822493,0.017500023295527568,-0.011268265966669522,-0.4391467271857948,0.012800451978236163,-0.014025238684782443,0.19304655531815998,0.9079887615009127,False
GUT_GENOME140786_1,GUT_GENOME140786_00300,316064,0.05632474335103004,0.08060089074260574,0.07885120784842962,0.00472963743842605,0.9525351179458726,0.05719891604255069,2.347185924071342e-06,-0.024276147391575693,-0.6915202986775517,0.021652291805878937,0.10166300979695769,0.48853569104406663,0.7832778087101286,False
GUT_GENOME140786_1,GUT_GENOME140786_00300,316502,0.05759867473562713,0.0824143721929524,0.08051787085382305,0.0060455371398625245,0.9716920360856957,0.056948382302778544,4.836341329141006e-05,-0.024815697457325273,-0.7019884273945858,0.0235694885510445,0.12671962376216558,0.5088456152423484,0.7753639029648886,False
GUT_GENOME140786_1,GUT_GENOME140786_00300,317141,0.050062594849109764,0.07003775196989938,0.06694972888961533,0.005887373924703937,0.9522574697563203,0.056686140677180634,0.04063869632222482,-0.019975157120789615,-0.6080742523820143,0.010263588212434692,-0.047180529722229754,0.3719802987948158,0.8302817737174422,False
GUT_GENOME140786_1,GUT_GENOME140786_00309,325359,0.04247029205766899,0.04602596209630674,0.046145899469641594,0.0026819363617291707,0.620735434723179,0.056472074691587396,0.9999410058082354,-0.0035556700386377496,-0.2895101094885206,-0.010326175221945802,-0.3162764142792798,0.1838468737254138,0.91217498585029,False
GUT_GENOME140786_1,GUT_GENOME140786_00309,325697,0.047080103160215,0.05155933534579311,0.05139739757960464,0.0023652456302548732,0.6411378855899705,0.055908966816920015,0.9717683229529022,-0.004479232185578108,-0.30742868284449,-0.004511569237315376,-0.2402829942591085,0.15224831236562078,0.926701143740037,False
GUT_GENOME140786_1,GUT_GENOME140786_00309,325701,0.037775842902476105,0.056522879404385086,0.05594215220140956,0.0025667576057312297,0.9809913831927071,0.056454981224127905,0.579180105759259,-0.01874703650190898,-0.5842467606725558,-0.0005128290227183474,-0.18802185300849697,0.37669649456512355,0.828326194652373,False
GUT_GENOME140786_1,GUT_GENOME140786_00309,325845,0.03397971208762696,0.05879959420074544,0.05762397460447527,0.003041104762742497,0.998925024726113,0.057698825077054636,0.5098181436932424,-0.024819882113118474,-0.7020696163671398,-7.485047257936583e-05,-0.18229773550018868,0.5261342105943997,0.7686903123885014,False
GUT_GENOME140786_1,GUT_GENOME140786_00309,326096,0.03369937921435156,0.05488328856955481,0.05414405520306808,0.0027536094125921217,0.995916401075966,0.05892028423085161,0.9585883068622918,-0.02118390935520325,-0.6315259666529884,-0.004776229027783532,-0.2437419393144845,0.4582351795377773,0.7952350165050774,False
GUT_GENOME140786_1,GUT_GENOME140786_00309,326757,0.034564298849519545,0.058519873024996415,0.05656929011312418,0.003797820570468479,0.99786094251909,0.058406855196397746,0.6857528645819325,-0.02395557417547687,-0.6853006688370958,-0.001837565083273568,-0.20533536042959158,0.5117996169513211,0.7742195351418373,False
GUT_GENOME140786_1,GUT_GENOME140786_00314,330908,0.0340543727315301,0.0583769663127546,0.05411169334428445,0.003827126576337604,0.9978218975563355,0.05913920540094741,0.9055183108520561,-0.024322593581224503,-0.6924214285680357,-0.005027512056662957,-0.24702605810224942,0.5404693081217352,0.7632003852536827,False
GUT_GENOME140786_1,GUT_GENOME140786_00316,331841,0.040736850300972974,0.055484602630047376,0.05406629328032842,0.0033042664440524274,0.9457626981716735,0.05914364598206111,0.9378049797321174,-0.014747752329074403,-0.5066542921421932,-0.005077352701732686,-0.24767744550233667,0.3180426887566698,0.8529781524864312,False
GUT_GENOME140786_1,GUT_GENOME140786_00316,332566,0.04412425216579393,0.05256500215644274,0.05203992158120797,0.002846145530083535,0.8255041704117823,0.05823504755930718,0.9852474846799831,-0.00844074999064881,-0.38428842382272466,-0.0061951259780992154,-0.2622860732069091,0.21647157688245416,0.8974159711690458,False
GUT_GENOME140786_1,GUT_GENOME140786_00316,332795,0.044727071654254706,0.05160553086403044,0.05139042603866797,0.0031488856552588074,0.771996485575746,0.05880591708840339,0.9907375812019534,-0.006878459209775735,-0.3539774999144966,-0.00741549104973542,-0.2782355142716919,0.20271507184775034,0.9036099021227002,False
GUT_GENOME140786_1,GUT_GENOME140786_00316,332854,0.0677817178754087,0.08012407215601043,0.0794917254739061,0.0040382385897234615,0.7997265898231645,0.07081974295471359,0.01587807648393892,-0.012342354280601736,-0.4599857473943902,0.008671982519192503,-0.0679818635138499,0.21620842157279144,0.8975340588266186,False
GUT_GENOME140786_1,GUT_GENOME140786_00316,332987,0.09582726588412345,0.10856807416384637,0.10816205076272782,0.003971283047194014,0.7656913987598266,0.07980746787562973,4.669779059571619e-13,-0.012740808279722918,-0.4677163881919643,0.028354582887098093,0.18925794272600432,0.25457718866821577,0.8804795345225555,False
GUT_GENOME140786_1,GUT_GENOME140786_00316,333305,0.11297690971972803,0.11388874185995629,0.114007490586763,0.004543955780615582,0.5161345475425985,0.0961907710313077,4.409640979635191e-05,-0.0009118321402282609,-0.23821545272840358,0.0178167195554553,0.05153437617765267,0.05940239384661809,0.9707355489862882,False
GUT_GENOME140786_1,GUT_GENOME140786_00316,333328,0.12111990891557535,0.11233714798009976,0.11250165165733995,0.004511840016218317,0.3705332839389184,0.09412162427498165,2.313285202685421e-05,0.008782760935475586,-0.050124940618566684,0.018380027382358305,0.058896472320304843,0.00598130412379127,0.997013815483248,False
GUT_GENOME140786_1,GUT_GENOME140786_00316,333432,0.14490034196979618,0.12011283183376548,0.12048007899353706,0.0050602373481897335,0.20690690671029166,0.0932041949716881,3.5182201536488856e-08,0.0247875101360307,0.26039262827932713,0.027275884021848967,0.17515999418764447,0.09848534442603149,0.9519500898311809,False
GUT_GENOME140786_1,GUT_GENOME140786_00316,333441,0.10041535934083998,0.06466419433312022,0.06595807503186227,0.0032965884860700076,0.09786262245025928,0.0658822579019336,0.4908256694430105,0.03575116500771976,0.4731049559972995,7.581712992867085e-05,-0.1803286001140438,0.2563467034082974,0.8797008682813591,False
GUT_GENOME140786_1,GUT_GENOME140786_00316,333505,0.10742722923231306,0.05983383690075464,0.06074535046278482,0.0023752867621910432,0.0380260765957343,0.06547760996426585,0.9768303628956135,0.04759339233155842,0.7028629854956343,-0.004732259501481033,-0.24316728392266157,0.5531467043501606,0.7583779884163951,False
GUT_GENOME140786_1,GUT_GENOME140786_00316,333884,0.10316235681550957,0.062407826553870685,0.06274714580506992,0.0023638901384344666,0.04875171081432371,0.06506310172803849,0.836388396485593,0.04075453026163889,0.570178193165007,-0.002315955922968571,-0.21158764237454877,0.3698725023665319,0.8311572674556069,False
GUT_GENOME140786_1,GUT_GENOME140786_00318,336934,0.10521556404701776,0.06411283307698407,0.06451748474529605,0.0025726274758320618,0.05098923826290088,0.06422305385550311,0.4544415144410504,0.041102730970033696,0.5769338402610283,0.0002944308897929321,-0.177471449118866,0.364348771290688,0.8334559849823462,False
GUT_GENOME140786_1,GUT_GENOME140786_00318,336940,0.09430874536345028,0.06234859291330659,0.06253771581743965,0.002735256691416317,0.10422806073916424,0.06414071281540835,0.7210790196079127,0.03196015245014369,0.3995532877837747,-0.001602996997968703,-0.20226969595000036,0.20055585967852946,0.9045859716616479,False
GUT_GENOME140786_1,GUT_GENOME140786_00319,337497,0.07528506238034857,0.05758753039377613,0.05771220383851806,0.0024760043938664125,0.21490017849263254,0.06437099392158156,0.9964202076433584,0.017697531986572444,0.12283578493731426,-0.006658790083063505,-0.2683458855432849,0.08709814434917588,0.9573855719462838,False
GUT_GENOME140786_1,GUT_GENOME140786_00319,337776,0.07947856275573326,0.05697182862235963,0.0572267706397766,0.0021088145052895095,0.1751191519939071,0.06596500035618982,0.99998291036614,0.022506734133373625,0.21614194926705202,-0.00873822971641322,-0.2955229169503029,0.13405113667577653,0.9351712902555619,False
GUT_GENOME140786_1,GUT_GENOME140786_00319,337994,0.07503837025614342,0.06370624658092054,0.06389448678217238,0.002909074903648024,0.30614419236792384,0.07881936005640507,0.9999998554774556,0.011332123675222877,-0.0006632520744096855,-0.014924873274232683,-0.37637864537750493,0.14166132459951983,0.9316196370979746,False
GUT_GENOME140786_1,GUT_GENOME140786_00320,338460,0.08584781507578343,0.06457559900152011,0.06510507348238467,0.0026939509681358667,0.1670112715844883,0.08262069006353191,0.9999999999603262,0.021272216074263314,0.1921903370504617,-0.01751561658114724,-0.41023810976893765,0.205232432362361,0.9024732616621091,False
GUT_GENOME140786_1,GUT_GENOME140786_00320,338488,0.09988205447054266,0.07771998207218282,0.07908656429321767,0.0049384555958292215,0.20658739075390686,0.09352672457330369,0.9982723067759336,0.022162072398359836,0.2094549638786837,-0.014440160280086017,-0.37004373665784496,0.1808037489331212,0.9135639734551426,False
GUT_GENOME140786_1,GUT_GENOME140786_00320,338613,0.09539140127913023,0.07771777906884954,0.07833169614773987,0.004245585727824955,0.2432328803253207,0.08911578855235608,0.9944585136483423,0.017673622210280696,0.12237189728034624,-0.01078409240461621,-0.322261117780963,0.11882710927742732,0.9423169890030187,False
GUT_GENOME140786_1,GUT_GENOME140786_00320,338702,0.09259399386581013,0.07560725645781172,0.076185079834754,0.004459674496495907,0.23287390021085536,0.08826730136415827,0.9966278792297572,0.016986737407998415,0.10904524053334726,-0.01208222152940426,-0.3392268884765514,0.1269657463484582,0.938490192521037,False
GUT_GENOME140786_1,GUT_GENOME140786_00320,338837,0.10132916092154277,0.08793830328229234,0.08847749248332515,0.005121030163773419,0.29635643647976306,0.09568982677697821,0.9204900703314323,0.013390857639250436,0.03927945852396626,-0.007212334293653061,-0.2755803770645088,0.07748742008495281,0.9619972277835382,False
GUT_GENOME140786_1,GUT_GENOME140786_00320,338881,0.09794931673975325,0.08700589560042643,0.0874733163169328,0.005582378447420067,0.3179469112082236,0.09331687272588622,0.8524008888113647,0.010943421139326823,-0.008204698988598304,-0.005843556408953426,-0.2576912693620696,0.06647210739092822,0.9673101954906921,False
GUT_GENOME140786_1,GUT_GENOME140786_00321,339562,0.10224873404362596,0.09588722812170809,0.09610464377749546,0.006656415585000612,0.40213649059334783,0.09377290380059648,0.3630569180546065,0.006361505921917865,-0.0971011356885715,0.0023317399768989777,-0.15084503873498134,0.03218285626296839,0.9840373472463555,False
GUT_GENOME140786_1,GUT_GENOME140786_00321,339613,0.10989024374343624,0.09919364444789658,0.09955019510980226,0.0061150988318309715,0.33888154043340657,0.09380183198298885,0.17360164108732484,0.010696599295539663,-0.012993435002095235,0.005748363126813413,-0.10619181910696367,0.011445531798399767,0.9942935779333967,False
GUT_GENOME140786_1,GUT_GENOME140786_00321,340056,0.11323255838930647,0.10307277436388801,0.10351443481845836,0.006094436500274919,0.3370201855553929,0.09151965233779279,0.024525227549258427,0.010159784025418464,-0.02340850433785961,0.011994782480665572,-0.024554856803044974,0.0011508990679536361,0.9994247160053515,False
GUT_GENOME140786_1,GUT_GENOME140786_00321,340057,0.1123881651084378,0.10422783725218433,0.10437747151149393,0.005686819854669416,0.36662261342597896,0.0898524150983969,0.0053221933840063955,0.008160327856253466,-0.06220113151289068,0.014525056413097023,0.00851430905644968,0.003941474220192663,0.9980312035172508,False
GUT_GENOME140786_1,GUT_GENOME140786_00322,340704,0.11250006687006825,0.09451351490410992,0.09501092799658274,0.0051926128931573485,0.2406176282899788,0.0794153627824831,0.0013348458323639246,0.01798655196595833,0.12844323184180634,0.015595565214099646,0.02250521835708271,0.017004148659267988,0.9915339660925445,False
GUT_GENOME140786_1,GUT_GENOME140786_00322,340751,0.0960631818941725,0.09107465731986507,0.09126477723865253,0.004702003090514304,0.4004761767565628,0.07354855981672426,8.234556786947918e-05,0.004988524574307429,-0.12373915574497822,0.017716217421928276,0.05022087344569963,0.017833514794128955,0.9911228789873456,False
GUT_GENOME140786_1,GUT_GENOME140786_00322,340754,0.05846812776181345,0.05742886189502591,0.05705168333377016,0.0038690967642166694,0.469106986845619,0.05812641260778061,0.6094065575584304,0.0010392658667875351,-0.20036105074883007,-0.0010747292740104497,-0.19536555298038674,0.07831224994850755,0.9616005675623931,False
GUT_GENOME140786_1,GUT_GENOME140786_00322,341318,0.053367156512051046,0.05758814065209815,0.05604898741718385,0.004202844144868243,0.6323757424401254,0.05768037137866944,0.6510518861840772,-0.004220984140047103,-0.3024182603588856,-0.0016313839614855857,-0.2026406965728006,0.13252005610600454,0.9358874756509303,False
GUT_GENOME140786_1,GUT_GENOME140786_00323,342060,0.05144262562005949,0.06533971860058245,0.060169916499246974,0.0052258496386506405,0.8781410966149447,0.057727487520729905,0.32011597372900474,-0.013897092980522961,-0.49015014893054587,0.0024424289785170694,-0.14939839973419414,0.26256705033977434,0.8769690963274424,False
GUT_GENOME140786_1,GUT_GENOME140786_00330,348944,0.055590169535252025,0.07210147708779423,0.0689459166317483,0.005991684304020992,0.9056818969157847,0.05762096513945575,0.02937152375213566,-0.016511307552542202,-0.5408700660819317,0.011324951492292554,-0.033309146909116995,0.2936499276512862,0.8634450983168981,False
GUT_GENOME140786_1,GUT_GENOME140786_00330,349031,0.05525080372207435,0.06608911783918495,0.06426318899645411,0.004499455305830073,0.8090465199424628,0.05764555723326246,0.0706776296059621,-0.010838314117110594,-0.43080497803401424,0.0066176317631916545,-0.09483099831028988,0.1945858473394137,0.9072902004297833,False
GUT_GENOME140786_1,GUT_GENOME140786_00331,349627,0.0590336433715141,0.06605093823025013,0.06532850094612705,0.004121711834700072,0.6953984708709222,0.05772700126609401,0.032572780726034596,-0.007017294858736027,-0.3566711321389876,0.0076014996800330414,-0.08197243350873167,0.1339337763566506,0.9352261678661905,False
GUT_GENOME140786_1,GUT_GENOME140786_00331,349747,0.05196102215729171,0.06363501764161208,0.06288063174015489,0.0037511190641478414,0.8147492836091523,0.05660685458725014,0.047212082462027245,-0.011673995484320375,-0.4470185246049439,0.006273777152904746,-0.09932497226045535,0.20969101145452107,0.9004636283138545,False
GUT_GENOME140786_1,GUT_GENOME140786_00331,349921,0.05782500115388604,0.0722719148200713,0.07087988065238995,0.004516457399810705,0.834161530578964,0.07126650332947602,0.5341090261598105,-0.014446913666185258,-0.5008175439957374,-0.0003866226770860709,-0.18637241160899445,0.28555288818287483,0.8669478585494651,False
GUT_GENOME140786_1,GUT_GENOME140786_00331,350143,0.06235833575226653,0.07364376283382756,0.07256022236190987,0.005402754263733045,0.7485202628981298,0.07843529136913073,0.8615746257461678,-0.011285427081561036,-0.4394796800867691,-0.0058750690072208595,-0.2581031201602826,0.25975960984564217,0.8782009800117648,False
GUT_GENOME140786_1,GUT_GENOME140786_00331,350480,0.06337453633776055,0.07684930406220136,0.07040512427303303,0.009085265652953192,0.7919762561562023,0.08580154412912093,0.9549298593865658,-0.013474767724440812,-0.481956367812235,-0.015396419856087903,-0.38254147696896956,0.378619922076363,0.8275299648907617,False
GUT_GENOME140786_1,GUT_GENOME140786_00331,350974,0.06727052571069293,0.07402223311314671,0.06809620759763474,0.008926466392079595,0.6473005686940991,0.08680221180682797,0.9819396695844418,-0.006751707402453774,-0.35151831342117346,-0.01870600420919323,-0.4257957635883072,0.30486715696021593,0.8586159226369929,False
GUT_GENOME140786_1,GUT_GENOME140786_00331,351031,0.08434225600858433,0.09021627380769605,0.0729281484144385,0.009893191190451085,0.6136358083121517,0.0936277227907574,0.9817943840748166,-0.0058740177991117165,-0.334489740310682,-0.020699574376318905,-0.45185053246697504,0.3160522900637963,0.8538274583305234,False
GUT_GENOME140786_1,GUT_GENOME140786_00331,351089,0.08511198596057439,0.05631285408102873,0.06508712050394834,0.008822908118645606,0.09346668586907625,0.09854806172292321,0.9999254329916091,0.028799131879545657,0.338224465287494,-0.033460941218974874,-0.6186339590772789,0.49710376424263963,0.7799293953939126,False
GUT_GENOME140786_1,GUT_GENOME140786_00331,351218,0.07124385175607603,0.060977206138299954,0.06590759780590477,0.008562723319560034,0.3041087625119854,0.10367210434162077,0.9999948395372299,0.010266645617776078,-0.02133521962395149,-0.037764506535716,-0.6748789819668456,0.4559168318970081,0.7961573665960238,False
GUT_GENOME140786_1,GUT_GENOME140786_00331,351238,0.08421033689280383,0.08668914280258222,0.08603735545409642,0.010455496938802227,0.5433124182623525,0.1252919682514429,0.9999131378230605,-0.002478805909778392,-0.2686172340590725,-0.039254612797346475,-0.6943537789374556,0.5542823887582715,0.7579474716323136,False
GUT_GENOME140786_1,GUT_GENOME140786_00331,351364,0.08648690547290482,0.0707380793873681,0.07705187970303057,0.012099483622733382,0.23724871611730708,0.12502560185947342,0.9999632927380754,0.01574882608553671,0.08502779361523793,-0.047973722156442855,-0.8083073196380698,0.6605904486675562,0.7187115209783679,False
GUT_GENOME140786_1,GUT_GENOME140786_00331,351419,0.08532330496010256,0.08679550516959164,0.08784872676452682,0.026337227080412706,0.5211939775364106,0.12588540732509967,0.9256610784107874,-0.0014722002094890857,-0.24908748379708429,-0.038036680560572855,-0.6784361335682094,0.522320161915344,0.7701576221768399,False
GUT_GENOME140786_1,GUT_GENOME140786_00331,351891,0.12100592417845216,0.17356111557766268,0.14277402599842312,0.02802751929922862,0.937747304129831,0.12496231795883708,0.2625486300067977,-0.05255519139921053,-1.2401786928811143,0.01781170803958604,0.051468878664769194,1.5406922357473178,0.46285283894327167,False
GUT_GENOME140786_1,GUT_GENOME140786_00331,351896,0.1398368332034572,0.17061621305839808,0.15600527312683687,0.027884554765698674,0.7838925996177356,0.1258153825479097,0.13947650946306844,-0.03077937985494089,-0.8176933432655907,0.03018989057892718,0.21324431577691771,0.7140955418320251,0.6997390697598427,False
GUT_GENOME140786_1,GUT_GENOME140786_00331,351902,0.08571407824697931,0.19558493479124492,0.09428431942420035,0.018368429296876175,0.9999999994313589,0.128432942904781,0.9684930412214885,-0.10987085654426561,-2.3521936815315434,-0.03414862348058065,-0.6276215546400331,5.926723931285688,0.0516449962753987,False
GUT_GENOME140786_1,GUT_GENOME140786_00331,351988,0.18892389592505823,0.21112687209814296,0.18911819956405912,0.03111276310955325,0.6636577298690565,0.1839879479343141,0.4345144200729806,-0.022202976173084726,-0.6512974823992078,0.0051302516297450085,-0.11427016641719877,0.4372460815125607,0.8036245947834514,False
GUT_GENOME140786_1,GUT_GENOME140786_00331,351991,0.18971724205839702,0.2278771555749746,0.1767896955184653,0.029302932090477917,0.7670881438503238,0.18311601188349946,0.5854646685475975,-0.038159913516577576,-0.9608874252885071,-0.006326316365034168,-0.26400065304315407,0.9930009888847882,0.6086569354140137,False
GUT_GENOME140786_1,GUT_GENOME140786_00331,352007,0.1433996671390452,0.16366871137778563,0.14158610520269319,0.022470881050842585,0.7062919557075553,0.18552331906192637,0.9747259022862451,-0.02026904423874043,-0.6137761295094192,-0.04393721385923319,-0.75555257215293,0.9475808264424719,0.6226377355307839,False
GUT_GENOME140786_1,GUT_GENOME140786_00331,352019,0.14872521983603768,0.13485408692301984,0.13545097277150686,0.020114863116461202,0.34591472682052643,0.14929747965333515,0.7543906980399121,0.013871132913017836,0.04859756207830692,-0.013846506881828285,-0.36228504206023165,0.13361217474053871,0.9353765650813713,False
GUT_GENOME140786_1,GUT_GENOME140786_00331,352021,0.16899644882817466,0.0837939982263825,0.11430216745086469,0.015516773922521586,0.0037363921834044317,0.13294816909051504,0.8852537950387791,0.08520245060179216,1.4325384834539003,-0.018646001639650356,-0.4250115659175426,2.2328013377400824,0.32745629969040635,False
GUT_GENOME140786_1,GUT_GENOME140786_00331,352051,0.16862462499865008,0.09976059556325126,0.11769440687411198,0.016344488926999464,0.01953264824911096,0.12431262706886236,0.6572320606615865,0.06886402943539882,1.1155471481543515,-0.006618220194750377,-0.26781566138520774,1.3161706682385028,0.5178418800865897,False
GUT_GENOME140786_1,GUT_GENOME140786_00332,352268,0.16304221024980178,0.14283791185135636,0.13759921342727677,0.02190199702710862,0.274467577956931,0.12061676855731264,0.2190565712666676,0.020204298398445425,0.1714710370275311,0.016982444869964128,0.04063090537424677,0.03105318701082794,0.984593322615715,False
GUT_GENOME140786_1,GUT_GENOME140786_00332,352434,0.1561211325402604,0.14870688420227202,0.1377696373254795,0.022304098960323527,0.4118676558682666,0.12122191445313359,0.22906972695030842,0.007414248337988372,-0.07667625982094024,0.01654772287234592,0.034949349058250194,0.007100705819723749,0.9964559421409428,False
GUT_GENOME140786_1,GUT_GENOME140786_00333,352586,0.13052033684758782,0.1434305456142272,0.12539078201097206,0.021285117237789773,0.6675942953718097,0.12170522563612458,0.43126605443144456,-0.01291020876663937,-0.47100302684579537,0.003685556374847479,-0.13315146870952502,0.23957316491740466,0.8871097412958286,False
GUT_GENOME140786_1,GUT_GENOME140786_00333,352625,0.11611210377496303,0.16121772433101278,0.13739231681816125,0.02481541370573089,0.9275746009071724,0.12516531987612264,0.3111059865997501,-0.04510562055604975,-1.0956451798242095,0.012226996942038604,-0.021519952779535247,1.2009014684396577,0.5485643236496764,False
GUT_GENOME140786_1,GUT_GENOME140786_00333,352763,0.13333288802998894,0.15840124974880399,0.14566446219318246,0.024131517563851033,0.7835209986244689,0.13237394375725522,0.2909013225342695,-0.025068361718815046,-0.7068905155961593,0.01329051843592724,-0.0076203634007897345,0.4997522709781641,0.7788972548240924,False
GUT_GENOME140786_1,GUT_GENOME140786_00333,352784,0.15789714220729384,0.08547446344918563,0.12378442865857346,0.024037343081177526,0.02107051333725662,0.14121611221855784,0.7658328068075546,0.0724226787581082,1.1845906003447506,-0.01743168355998438,-0.4091411554185224,1.5706513754823401,0.4559711733785149,False
GUT_GENOME140786_1,GUT_GENOME140786_00333,352785,0.14027208464140423,0.12018435658397654,0.12034847197192843,0.019049533005847878,0.270372137798924,0.16458022223193514,0.9898817436777471,0.020087728057427687,0.16920938716067965,-0.04423175026000671,-0.7594019866230378,0.6053231939903092,0.7388490828197676,False
GUT_GENOME140786_1,GUT_GENOME140786_00333,352786,0.10288665794783344,0.11175469332689762,0.10497903596853854,0.0157574103458469,0.6503039846135611,0.15717158636901488,0.9995372631280038,-0.00886803537906418,-0.3925784393908368,-0.05219255040047634,-0.8634448797047775,0.8996548913629425,0.637738186606184,False
GUT_GENOME140786_1,GUT_GENOME140786_00333,352794,0.09355142634574631,0.11398623095737027,0.10976547069496058,0.011524952929372131,0.8123538052981041,0.1518391377607136,0.999869215569495,-0.02043480461162396,-0.6169921441662197,-0.04207366706575301,-0.731197130945303,0.9153285502654719,0.6327598737764291,False
GUT_GENOME140786_1,GUT_GENOME140786_00333,352815,0.08568196174273245,0.0772640408544986,0.07749098431327969,0.005695904760369839,0.3431260315898772,0.11032928473453431,0.9999999959230942,0.008417920888233843,-0.05720341733110208,-0.032838300421254615,-0.610496416518433,0.3759781055362043,0.8286237783196861,False
GUT_GENOME140786_1,GUT_GENOME140786_00333,352826,0.06204936037447494,0.0735016348180393,0.07247146491774659,0.005355797399384947,0.7982599851182494,0.0994617650867162,0.9999997665703521,-0.011452274443564357,-0.44271678405991355,-0.02699030016896961,-0.5340665534073887,0.4812252343567993,0.7861461069063602,False
GUT_GENOME140786_1,GUT_GENOME140786_00333,352835,0.06844475904107258,0.06181308737567416,0.06355742155482128,0.005049620639492742,0.34808161404741106,0.0939963409121323,0.9999999991697976,0.0066316716653984226,-0.0918594909233936,-0.030438919357311023,-0.5791379421071526,0.34383892206081274,0.8420469880343593,False
GUT_GENOME140786_1,GUT_GENOME140786_00333,353412,0.09627959290143574,0.06287330317122519,0.06598070476519756,0.005488554271217714,0.09500950173054207,0.093687821851045,0.9999997769608605,0.03340628973021055,0.42761064918768843,-0.027707117085847444,-0.5434349214766696,0.47817238117907035,0.7873470175444642,False
GUT_GENOME140786_1,GUT_GENOME140786_00333,353648,0.0945484408648339,0.06358067536316274,0.065069843785076,0.004849491534101662,0.1353882396247778,0.09349516387512394,0.9999999977065501,0.030967765501671157,0.3802994039031699,-0.02842532009004793,-0.5528214048776469,0.4502391423000015,0.7984207449648751,False
GUT_GENOME140786_1,GUT_GENOME140786_00333,354036,0.1105163010753951,0.06302522693715379,0.06473632135181642,0.003974437985649695,0.048873254339668756,0.09318552242960325,0.9999999999995908,0.047491074138241315,0.7008778499433853,-0.028449201077786826,-0.5531335150939772,0.7971864460614817,0.6712637004384494,False
GUT_GENOME140786_1,GUT_GENOME140786_00334,354504,0.10490595653428358,0.0635331744428786,0.06480232592110914,0.003944222829011698,0.07615048472921175,0.09318323651036688,0.999999999999689,0.04137278209140498,0.5821732611751312,-0.028380910589257735,-0.5522409992826064,0.6438958273159392,0.7247359381907785,False
GUT_GENOME140786_1,GUT_GENOME140786_00334,354505,0.10223526000143651,0.06452683544665783,0.06567985328270667,0.0036218331007029938,0.10212996409499603,0.09420600771210207,0.9999999999999983,0.037708424554778686,0.5110789016454982,-0.028526154429395392,-0.5541392493408389,0.5682719513671972,0.7526642937058734,False
GUT_GENOME140786_1,GUT_GENOME140786_00334,354507,0.10590029610173403,0.06400837526037868,0.06530477519450575,0.0037053423794938685,0.09647202264361737,0.09667155138651898,1.0,0.041891920841355346,0.5922453779284315,-0.031366776192013224,-0.5912644755892993,0.7003482677714796,0.7045653903267872,False
GUT_GENOME140786_1,GUT_GENOME140786_00334,354585,0.09112788542045552,0.07248754022774784,0.07318083205136176,0.004304366864745454,0.2296789860766592,0.09692874636295505,0.9999999827746778,0.018640345192707686,0.14112785943503833,-0.023747914311593288,-0.4916905109071121,0.26167663122481283,0.877359618276344,False
GUT_GENOME140786_1,GUT_GENOME140786_00334,354736,0.08611877153415133,0.07774240188867106,0.07808402968072069,0.00426625300346646,0.3567094281830461,0.09743502170973078,0.9999971311105892,0.008376369645480275,-0.05800957747287279,-0.019350992029010097,-0.4342253683506586,0.1919167815978464,0.9085018173170563,False
GUT_GENOME140786_1,GUT_GENOME140786_00334,355200,0.10004883948130595,0.08123577444967511,0.08200796148237774,0.005975210589581424,0.20512056674756812,0.09782545783471193,0.9959417702387104,0.01881306503163084,0.14447889879284306,-0.01581749635233419,-0.38804469474923675,0.1714528373194209,0.9178453022223748,False
GUT_GENOME140786_1,GUT_GENOME140786_00334,355238,0.11548265015689614,0.088460070107348,0.08971546425371481,0.007683227443805978,0.10253819158726868,0.09962837715461804,0.901509677256555,0.027022580049548148,0.30375653652714846,-0.009912912900903237,-0.31087532309193006,0.1889114999904808,0.9098679953983807,False
GUT_GENOME140786_1,GUT_GENOME140786_00334,355579,0.1242162935223743,0.09160185248058134,0.09317542293128556,0.007945356978546876,0.06978557437766068,0.1027494171755354,0.8858944397880022,0.032614441041792966,0.41224752624328853,-0.009573994244249845,-0.3064458591014529,0.2638570874541384,0.8764036173780496,False
GUT_GENOME140786_1,GUT_GENOME140786_00334,355630,0.12205382850046236,0.09441475214299924,0.09565592273297858,0.008161286629476084,0.15776645598342132,0.10646675212024215,0.9073559828291233,0.027639076357463113,0.3157175446235229,-0.010810829387263562,-0.32261055414135664,0.20375513762649938,0.903140117416768,False
GUT_GENOME140786_1,GUT_GENOME140786_00335,355950,0.1305471293754664,0.09533844066128762,0.0977207529861358,0.008386515042183568,0.15230446459817532,0.1077942662745845,0.8851546630415155,0.035208688714178774,0.4625800538108133,-0.010073513288448688,-0.31297427403347344,0.3119332023903947,0.8555877655025997,False
GUT_GENOME140786_1,GUT_GENOME140786_00335,356021,0.10003674407832287,0.10569304892690491,0.10575076634264306,0.00861156281421989,0.5922520657869966,0.10762890347132593,0.5863223782246105,-0.005656304848582039,-0.33026576308561445,-0.0018781371286828719,-0.20586561277962465,0.15145612479165357,0.9270682770102667,False
GUT_GENOME140786_1,GUT_GENOME140786_00335,356022,0.1488014962725008,0.11759455805193525,0.12176476512948604,0.011143183348492848,0.14934688228275678,0.12746471687439184,0.69550621091886,0.031206938220565555,0.38493973473792065,-0.0056999517449057985,-0.2558144423542426,0.21361962829711284,0.8986965761116298,False
GUT_GENOME140786_1,GUT_GENOME140786_00335,356036,0.17281196717505762,0.11497004042229426,0.12180492406011185,0.010580440956858811,0.025307867402694216,0.1314960946907728,0.8201538299281226,0.057841926752763353,0.9017008400200003,-0.009691170630660953,-0.30797728433860955,0.9079144125613589,0.6351099113796825,False
GUT_GENOME140786_1,GUT_GENOME140786_00335,356037,0.2052547121642243,0.13879754031448072,0.15212767553988873,0.01575556542517212,0.046765311748034215,0.156507758697986,0.6094946968838806,0.06645717184974359,1.0688502860657412,-0.004380083158097264,-0.2385645499017025,1.1993539784926186,0.548988936787709,False
GUT_GENOME140786_1,GUT_GENOME140786_00335,356066,0.2327266570244107,0.13774128509695666,0.15163459325056777,0.013932810778676747,0.01355782377137724,0.16583896075681615,0.8460149072273229,0.09498537192745404,1.6223427039822997,-0.014204367506248372,-0.3669620662321395,2.766657007217961,0.2507425650044063,False
GUT_GENOME140786_1,GUT_GENOME140786_00335,356073,0.25236312020569746,0.13159449346093893,0.15291087886752572,0.015613190586168052,0.00473670842165867,0.17209384845490153,0.8903963433963357,0.12076862674475852,2.1225788216383394,-0.01918296958737581,-0.4320294156044743,4.691990270015145,0.09575186866698156,False
GUT_GENOME140786_1,GUT_GENOME140786_00335,356138,0.20090143044823003,0.14530963856615178,0.15341140622398433,0.014498651101523177,0.09658032107974607,0.15811482620591527,0.6271838928764992,0.055591791882078245,0.8580446476622168,-0.00470341998193094,-0.24279036866337433,0.795187780497475,0.6719348515554684,False
GUT_GENOME140786_1,GUT_GENOME140786_00335,356229,0.14204276320763995,0.1417145318149878,0.14157736694705852,0.010765763636887386,0.4962486361773617,0.13746835819302228,0.35135170810248717,0.0003282313926521452,-0.2141562495079244,0.0041090087540362474,-0.1276171995612298,0.062149048827151124,0.9694033261695792,False
GUT_GENOME140786_1,GUT_GENOME140786_00335,356269,0.09271485609448239,0.08123076893164588,0.08181487432141196,0.0050415221559253,0.3232371703621312,0.09114102434890782,0.9678337046159061,0.011484087162836512,0.002285081082438188,-0.009326150027495858,-0.3032066835299454,0.09193951453278178,0.9550708457071188,False
GUT_GENOME140786_1,GUT_GENOME140786_00335,356277,0.07700230845505401,0.07240362857906227,0.07275426987138381,0.0042225556916617646,0.42920600936831343,0.08601588942233039,0.999157167298696,0.004598679875991746,-0.1313027624252079,-0.013261619550946582,-0.35464091471649467,0.14301059381144265,0.9309913462084131,False
GUT_GENOME140786_1,GUT_GENOME140786_00335,356397,0.07852347867759168,0.06743948838452407,0.06825716600062956,0.003972384518834237,0.3317518827964508,0.08267472476086063,0.9998579854374965,0.011083990293067614,-0.005477434016516719,-0.01441755876023107,-0.3697483483209617,0.13674384336948453,0.9339130664560181,False
GUT_GENOME140786_1,GUT_GENOME140786_00336,357296,0.0762021989008394,0.06263053438056074,0.06381086389420929,0.003952219962461246,0.19029507652017286,0.07419560205503108,0.9957001540557631,0.013571664520278665,0.04278739935036477,-0.010384738160821791,-0.3170417968388861,0.10234626248599712,0.9501141618462102,False
GUT_GENOME140786_1,GUT_GENOME140786_00336,357546,0.07982127468576514,0.06874152293952147,0.06854369446001524,0.004272729274021953,0.2416109396563803,0.07348074546454447,0.8760529347689483,0.011079751746243663,-0.0055596685607098555,-0.004937051004529236,-0.24584378629424808,0.06047007717399687,0.970217468204672,False
GUT_GENOME140786_1,GUT_GENOME140786_00336,358390,0.0425031133214099,0.0520671298464438,0.0514448175593691,0.00270161967881119,0.8373558133767274,0.04818525902176203,0.11380850025680589,-0.0095640165250339,-0.4060815796610881,0.0032595585376070726,-0.13871900547102967,0.1841452118189162,0.9120389277252631,False
GUT_GENOME140786_1,GUT_GENOME140786_00336,358407,0.04189936512134471,0.04642266871594294,0.04635966440968627,0.0023179883888450473,0.67996457140413,0.05063287032926915,0.967371800569783,-0.004523303594598224,-0.30828373821682636,-0.004273205919582877,-0.2371677283632374,0.15128739462591909,0.9271464925015622,False
GUT_GENOME140786_1,GUT_GENOME140786_00336,358451,0.048958441552703354,0.0462793806579699,0.046394025017747524,0.0023686324777745784,0.3965556551248512,0.05108087461389394,0.9760759717929068,0.002679060894733451,-0.16854642127928743,-0.004686849596146417,-0.2425738036389947,0.08724994633794458,0.9573129081870245,False
GUT_GENOME140786_1,GUT_GENOME140786_00385,409891,0.05333751520803465,0.05064039198794567,0.050644275864708016,0.0019837767845123414,0.39837913223112364,0.051023889750135214,0.5758778980166679,0.0026971232200889775,-0.16819598346312684,-0.0003796138854271977,-0.18628081089696436,0.06299042936155902,0.9689955933958827,False
GUT_GENOME140786_1,GUT_GENOME140786_00385,409909,0.054872697005502125,0.052320386612861626,0.05235251887880274,0.0018285255724110503,0.42276570785152506,0.04964830368486885,0.06958288395334505,0.0025523103926404986,-0.17100558244909358,0.0027042151939338926,-0.14597701058482668,0.05055219684803634,0.9750406676693744,False
GUT_GENOME140786_1,GUT_GENOME140786_00385,409993,0.05782985932636961,0.05088891622872146,0.05101562539686943,0.0020128652953485186,0.26388562344877636,0.048823126110095254,0.13802338665494318,0.0069409430976481515,-0.08585913365016469,0.0021924992867741744,-0.15266483121559346,0.030678341521242485,0.98477787509287,False
GUT_GENOME140786_1,GUT_GENOME140786_00385,411493,0.0673663582037427,0.04772217355918167,0.04979750775279544,0.00304919367608385,0.07522561882710085,0.04854285399709322,0.34036372287390226,0.01964418464456103,0.16060394008130574,0.0012546537557022244,-0.16492191098078776,0.05299286229119453,0.9738515193636157,False
GUT_GENOME140786_1,GUT_GENOME140786_00385,411613,0.08245260072773432,0.05992027471515424,0.06206129477380354,0.003141024307144036,0.13966936817805942,0.05778231486551814,0.08655349721236039,0.02253232601258008,0.21663847239372755,0.0042789799082854005,-0.12539577830752638,0.06265632893843816,0.9691574778357991,False
GUT_GENOME140786_1,GUT_GENOME140786_00386,411711,0.07317287094581905,0.05986070350483252,0.06028756299215524,0.002009077301722474,0.24465854604948484,0.058875385559863394,0.24105950137798887,0.013312167440986532,0.0377527436248566,0.0014121774322918487,-0.16286317080994234,0.027949682057472603,0.9861223537747308,False
GUT_GENOME140786_1,GUT_GENOME140786_00390,414640,0.06622498703012202,0.06257027781975724,0.06273521887476761,0.0019586551547304204,0.4221731646638532,0.06029310859857421,0.10622989370815472,0.0036547092103647733,-0.14961729347648156,0.0024421102761934058,-0.14940256498281246,0.04470646093067111,0.9778947518189666,False
GUT_GENOME140786_1,GUT_GENOME140786_00390,415135,0.059374842685096706,0.06295516153907404,0.06295506974193307,0.0019095977057495433,0.584601421996703,0.05865279525517008,0.01213038584171633,-0.0035803188539773392,-0.28998833567748183,0.004302274486762993,-0.1250913321092595,0.09974107619786494,0.9513525804421904,False
GUT_GENOME140786_1,GUT_GENOME140786_00391,416049,0.05151937943397031,0.0631526651871909,0.06304542231908786,0.001642819707213508,0.7890727910743247,0.058711454884397885,0.004168264670858651,-0.01163328575322059,-0.446228691126569,0.004333967434689973,-0.1246771242489404,0.21466443009551664,0.8982272188191693,False
GUT_GENOME140786_1,GUT_GENOME140786_00391,416683,0.04526066925499286,0.06203572356710238,0.06182663169604429,0.001868360884700364,0.8820378660819569,0.05966255742656119,0.12337607167639947,-0.016775054312109523,-0.54598717235828,0.0021640742694831044,-0.1530363291784461,0.32152211042820383,0.851495507212849,False
GUT_GENOME140786_1,GUT_GENOME140786_00391,417424,0.05121393353077174,0.0625020890955175,0.06237043285209534,0.001825379808680903,0.7920552663217986,0.05979533464500903,0.07916372468400795,-0.011288155564745751,-0.4395326169966,0.0025750982070863113,-0.14766449232291573,0.21499372369686431,0.8980793407554717,False
GUT_GENOME140786_1,GUT_GENOME140786_00392,418453,0.05789110387559924,0.06259982271807302,0.0625363760171101,0.0018464892484254128,0.6192218921839402,0.06090674547661672,0.18873805031586272,-0.004708718842473779,-0.3118810886835816,0.0016296305404933792,-0.160021188837315,0.12287659435536372,0.9404109699602666,False
GUT_GENOME140786_1,GUT_GENOME140786_00392,418802,0.05679077147369554,0.060891231532252905,0.06078593539106091,0.00231256777774369,0.6074599401036958,0.06238731049902386,0.7556777092466649,-0.0041004600585573675,-0.30007990164367704,-0.0016013751079629462,-0.20224849881837018,0.13095240264476316,0.9366213368436356,False
GUT_GENOME140786_1,GUT_GENOME140786_00393,419641,0.06464851657355583,0.06108620681560953,0.06114460938810383,0.0024104672804564267,0.40489236486405183,0.06338739151929802,0.8239269414207402,0.0035623097579463026,-0.151409989692645,-0.002242782131194193,-0.21063130471255115,0.06729053150363844,0.9669144414756418,False
GUT_GENOME140786_1,GUT_GENOME140786_00393,420459,0.06565485235013312,0.06153223323448932,0.061595499641719564,0.0021765625051411047,0.39485854144062404,0.0650458565383555,0.9435432027315923,0.004122619115643794,-0.14053909772159612,-0.003450356896635934,-0.22641358413071652,0.07101434906731739,0.9651158099492982,False
GUT_GENOME140786_1,GUT_GENOME140786_00393,420583,0.05645482196423064,0.0592743994366258,0.05922275129780203,0.0019983438853608915,0.5695442456878616,0.06776461524719464,0.999990420438761,-0.0028195774723951614,-0.2752287439207594,-0.00854186394939261,-0.29295653390556614,0.16157439223816208,0.9223899587235851,False
GUT_GENOME140786_1,GUT_GENOME140786_00393,420688,0.06365805685575268,0.05861805059389576,0.05870768749274082,0.0021171390232515765,0.3821936448839274,0.0672265621491999,0.9999713627382137,0.005040006261856925,-0.12274032919291479,-0.008518874656459084,-0.2926560776066386,0.10071276817048797,0.9508904818728727,False
GUT_GENOME140786_1,GUT_GENOME140786_00393,420819,0.07165699413697015,0.05902439670612186,0.059425212344871574,0.0025197827563352543,0.24252983426871394,0.07084912145547188,0.9999971018700258,0.012632597430848283,0.024568005469963988,-0.01142390911060031,-0.3306231391805717,0.10991524705438785,0.9465252575054621,False
GUT_GENOME140786_1,GUT_GENOME140786_00393,421188,0.07502916428131677,0.06100284454041249,0.06169120294831406,0.0029632374612073146,0.19941478549365982,0.07187698526193767,0.9997063178800045,0.014026319740904278,0.05160843315891107,-0.01018578231362361,-0.3144415629964616,0.10153692691277552,0.9504987202450623,False
GUT_GENOME140786_1,GUT_GENOME140786_00395,421749,0.07247751216172538,0.06059202703177204,0.0611449478401332,0.0031008464489607024,0.2446127083550424,0.07148146853865629,0.9995711216044125,0.011885485129953334,0.010072839537619052,-0.010336520698523095,-0.31641162346609747,0.10021777756080207,0.9511258519278465,False
GUT_GENOME140786_1,GUT_GENOME140786_00395,422316,0.06536902189979768,0.06107461844821826,0.06390960908449161,0.004879574986974295,0.3999562565802215,0.06979440019236183,0.8860921901129444,0.004294403451579422,-0.13720620860843089,-0.005884791107870213,-0.2582301821968294,0.08550837067810796,0.9581468876737926,False
GUT_GENOME140786_1,GUT_GENOME140786_00396,423758,0.06801133779965521,0.06408614988334306,0.06809242327830169,0.005805576769966285,0.40718111694342757,0.07002223961230546,0.630209151755358,0.003925187916312148,-0.1443695767420941,-0.00192981633400377,-0.20654102906176666,0.06350177137458494,0.9687478809850026,False
GUT_GENOME140786_1,GUT_GENOME140786_00396,423777,0.07941004066264483,0.07189750911808916,0.07426821763418588,0.006079161135779466,0.3547194433441896,0.07276687717941296,0.40246762852764456,0.007512531544555667,-0.0747694094239526,0.0015013404547729176,-0.1616978634725953,0.03173666363720872,0.9842569068408196,False
GUT_GENOME140786_1,GUT_GENOME140786_00396,423782,0.09384744036219049,0.06998305514046109,0.0729221558415616,0.005728622445434615,0.1491447830607493,0.07270562290696954,0.48492419807250847,0.0238643852217294,0.2424825379313963,0.0002165329345920619,-0.1784895287693083,0.09065629308194077,0.9556838260316076,False
GUT_GENOME140786_1,GUT_GENOME140786_00397,424161,0.11774357901444456,0.08402480068569047,0.08592416581745843,0.005934749507098521,0.109164483063525,0.07812112692969675,0.09428770739235831,0.033718778328754084,0.4336734245996694,0.007803038887761682,-0.07933843669038516,0.19436722674047938,0.9073893820139814,False
GUT_GENOME140786_1,GUT_GENOME140786_00397,424532,0.12877564760056567,0.09484632317877618,0.09669291873558453,0.00737294290725478,0.13484558135027108,0.08708603248018286,0.09628873179161546,0.03392932442178949,0.4377583533999305,0.009606886255401667,-0.05576323124676841,0.19474191393049903,0.9072194043476919,False
GUT_GENOME140786_1,GUT_GENOME140786_00398,424920,0.1432237289199609,0.10780326992880628,0.11395105595936336,0.011711960031809448,0.12947266632811133,0.09326184485700446,0.03865575958668808,0.03542045899115463,0.46668873372496633,0.020689211102358898,0.0890761214318001,0.22573292959514532,0.8932699351337419,False
GUT_GENOME140786_1,GUT_GENOME140786_00398,424923,0.13224301289993468,0.09828209890859875,0.10407696513366436,0.014350728257478853,0.1049249978316476,0.09433155443800295,0.24854097885957377,0.033960913991335925,0.4383712412506036,0.009745410695661413,-0.053952799723197664,0.1950802497535664,0.9070659449163272,False
GUT_GENOME140786_1,GUT_GENOME140786_00398,424925,0.15310851606742104,0.10825536318385401,0.11521306849596222,0.01174399420409892,0.06923914728499053,0.0961597688948563,0.052360291203205137,0.04485315288356703,0.6496979854743358,0.01905329960110591,0.06769573724770327,0.4266901851709203,0.8078772966413157,False
GUT_GENOME140786_1,GUT_GENOME140786_00398,425046,0.1513348171662422,0.09623767507837468,0.1007196633103982,0.0070834901455078154,0.0477378272921171,0.09706093506942566,0.3027474157102259,0.05509714208786752,0.8484476555675934,0.0036587282409725336,-0.13350209636190682,0.7376862339711694,0.6915338918621662,False
GUT_GENOME140786_1,GUT_GENOME140786_00398,425303,0.16233440617044675,0.08336916633624138,0.08775679176838838,0.005330807870573543,0.010622067338542516,0.09605283833160744,0.9401751551064662,0.07896523983420538,1.311526682519985,-0.008296046563219056,-0.289743847796632,1.8040537362978752,0.4057464312166156,False
GUT_GENOME140786_1,GUT_GENOME140786_00398,425599,0.1274929578891235,0.07416443538047215,0.075995929742607,0.003518974743314882,0.0296972657961119,0.0864315730766394,0.9984892159848707,0.05332852250865133,0.8141336250781698,-0.010435643334032407,-0.3177070969846259,0.7637513589573204,0.6825799066206175,False
GUT_GENOME140786_1,GUT_GENOME140786_00398,425703,0.09527849859834461,0.06019954863658714,0.06112369807892143,0.0025717108264530337,0.06202317964443189,0.07355035251977976,0.9999993243537476,0.03507894996175747,0.4600629158357733,-0.012426654440858331,-0.34372842047684277,0.32980711357081904,0.84797548162575,False
GUT_GENOME140786_1,GUT_GENOME140786_00398,425921,0.06804513108555582,0.05627000345317261,0.05602802009197327,0.0024834888886596045,0.27798171771520064,0.06478276964384248,0.9997884037841127,0.011775127632383212,0.007931728706970042,-0.008754749551869216,-0.29573882131214446,0.08752436275137748,0.957181566010444,False
GUT_GENOME140786_1,GUT_GENOME140786_00398,426364,0.048899759806964725,0.05485550043968903,0.05357209756796841,0.002858253909946765,0.6851348166571838,0.06265543346450184,0.9992583517287994,-0.0059557406327243045,-0.33607529315495577,-0.009083335896533429,-0.3000332481690912,0.20296655267608493,0.903496288982393,False
GUT_GENOME140786_1,GUT_GENOME140786_00400,427291,0.04932895712126238,0.050211158471187144,0.049682222320411334,0.002288493900020296,0.5260468745520721,0.06216750639183651,0.999999975606729,-0.0008822013499247619,-0.23764056830789376,-0.012485284071425178,-0.34449467465693184,0.17514962057268404,0.9161503316185191,False
GUT_GENOME140786_1,GUT_GENOME140786_00403,429804,0.04620536539847051,0.047786567546466076,0.04722302052737993,0.002313161503002005,0.5479365737757337,0.06170340519390509,0.9999999998075079,-0.001581202147995564,-0.25120229462767296,-0.01448038466652516,-0.37056944531322134,0.20042430662595673,0.904645474141503,False
GUT_GENOME140786_1,GUT_GENOME140786_00404,430999,0.050055882207685774,0.05419229210721022,0.05377549946441446,0.002820808446750164,0.6129856893582064,0.06231592701303725,0.9987676931023454,-0.004136409899524449,-0.3007773856891613,-0.00854042754862279,-0.2929377610072293,0.17627956756593507,0.9156328771500243,False
GUT_GENOME140786_1,GUT_GENOME140786_00404,431002,0.052263409935172186,0.056309317815696876,0.05602664153589393,0.002561420087904367,0.6118696973713632,0.06262535622878908,0.9950052688593406,-0.004045907880524689,-0.2990215026966817,-0.0065987146928951496,-0.2675607361505304,0.16100260660439536,0.9226537010863767,False
GUT_GENOME140786_1,GUT_GENOME140786_00404,431385,0.07113317310346645,0.05799889917592921,0.058098139372804156,0.002538852393641095,0.26941186907855597,0.06468348525381325,0.9952542991996439,0.013134273927537243,0.03430132675935134,-0.0065853458810090915,-0.2673860137807751,0.07267186138302463,0.9643162956257316,False
GUT_GENOME140786_1,GUT_GENOME140786_00404,431406,0.09127703285628919,0.06493146498518183,0.06575322931180275,0.002962305626556372,0.12295768040280575,0.07520403816269491,0.9992895112610358,0.026345567871107353,0.2906214243720382,-0.009450808850892167,-0.30483589974005776,0.17738573807436286,0.915126594129142,False
GUT_GENOME140786_1,GUT_GENOME140786_00404,431755,0.09905512902617714,0.08624529191326785,0.08715028719673665,0.006053148260483536,0.2826637615033186,0.09244966903785935,0.8093423303269036,0.012809837112909284,0.02800673696748153,-0.005299381841122705,-0.25057923346371913,0.06357432955883076,0.9687127363288964,False
GUT_GENOME140786_1,GUT_GENOME140786_00404,431940,0.10534301808012246,0.1000950269763693,0.09960044238739973,0.010295592713906768,0.41216553678648754,0.09954264434048424,0.497760404459833,0.005247991103753166,-0.11870509273503929,5.779804691549706e-05,-0.18056409874411744,0.04669429279650967,0.976923289500327,False
GUT_GENOME140786_1,GUT_GENOME140786_00404,431951,0.11371805947660944,0.09021057773108519,0.09611910635012483,0.011601421134861227,0.15646823864824677,0.11472619278315462,0.9456278380543003,0.02350748174552425,0.23555804330960076,-0.018607086433029787,-0.42450296745881544,0.23569036114918784,0.8888336506779955,False
GUT_GENOME140786_1,GUT_GENOME140786_00404,431958,0.11811559076314676,0.087307163939821,0.09296238676510625,0.010668701790864054,0.10436530282687156,0.11533671248924018,0.982011748935784,0.030808426823325755,0.37720798032562947,-0.022374325724133934,-0.4737385301989391,0.36671405541639157,0.832470887500646,False
GUT_GENOME140786_1,GUT_GENOME140786_00404,431992,0.13783327422143082,0.0908989850328911,0.0982291341247839,0.011077047202453432,0.06574707724996325,0.11805563140700345,0.9632627591999329,0.04693428918853973,0.6900753370883712,-0.019826497282219552,-0.44043993740735127,0.6701913093210207,0.7152696642032608,False
GUT_GENOME140786_1,GUT_GENOME140786_00404,432121,0.14601340551952735,0.09143656519265775,0.10134563772239946,0.011634887865113538,0.04253499384572263,0.11737928907235184,0.9159086498411431,0.0545768403268696,0.8383529745517382,-0.016033651349952383,-0.3908697111934942,0.8556148410682329,0.6519369523804428,False
GUT_GENOME140786_1,GUT_GENOME140786_00404,432184,0.1696314904356817,0.11927040240666463,0.13132827745039694,0.015509248709637578,0.06274550628565734,0.12265607783137149,0.2880252062287558,0.05036108802901708,0.756560680389486,0.008672199619025447,-0.06797902614897343,0.5770052111075649,0.7493848525824218,False
GUT_GENOME140786_1,GUT_GENOME140786_00404,432207,0.16878138882271396,0.13620169074774355,0.1445410193718233,0.015941317868168253,0.14600982344958358,0.11390408141864042,0.02731185863417237,0.03257969807497041,0.41157345747414675,0.03063693795318287,0.21908695738849487,0.21739180579497147,0.8970031520867303,False
GUT_GENOME140786_1,GUT_GENOME140786_00404,432369,0.12374578299266038,0.08121031224745708,0.08722455710720102,0.007933964938045802,0.031040040657686136,0.10101893553947987,0.9589517193739472,0.04253547074520331,0.6047312687789055,-0.013794378432278848,-0.3616037544249075,0.49645718265313366,0.7801815801503095,False
GUT_GENOME140786_1,GUT_GENOME140786_00404,432486,0.09670401285753091,0.07293380285843892,0.07392502722271577,0.003752747016046718,0.11054195522170118,0.09057025793934734,0.9999954066113942,0.02377020999909199,0.24065538895096913,-0.01664523071663157,-0.3988626874691989,0.21700645968629406,0.8971759970745455,False
GUT_GENOME140786_1,GUT_GENOME140786_00404,432783,0.08384643677322996,0.06492958693058012,0.06564095733308108,0.0029363441773998075,0.16720718695525116,0.08142221538271266,0.9999999615932782,0.018916849842649838,0.14649248905922654,-0.015781258049631583,-0.387571081822518,0.17167139281584454,0.9177450076346243,False
GUT_GENOME140786_1,GUT_GENOME140786_00404,432832,0.078787756607215,0.06467459540321786,0.06564213157841871,0.003222184236080257,0.23514274886499975,0.07679331052968084,0.9997306651044807,0.014113161203997138,0.053293295549519205,-0.011151178951262136,-0.3270587192343986,0.10980758117777357,0.9465762131127883,False
GUT_GENOME140786_1,GUT_GENOME140786_00404,433289,0.06918210483072368,0.06087263040938985,0.06219878999577374,0.0036164665127333567,0.3293348036051752,0.07069652366002133,0.9906065797124676,0.008309474421333826,-0.05930745112978173,-0.008497733664247588,-0.29237977749189,0.08900330804571854,0.9564740180624223,False
GUT_GENOME140786_1,GUT_GENOME140786_00405,433868,0.06582544288447577,0.0616430689928674,0.062385761215867294,0.0035760530025395545,0.40937516967926574,0.06833516589430626,0.9519117135019618,0.004182373891608367,-0.139379760106864,-0.005949404678438963,-0.2590746428911934,0.08654638811664635,0.9576497301104644,False
GUT_GENOME140786_1,GUT_GENOME140786_00405,433976,0.06046994049103117,0.06250024213534024,0.06264086991909516,0.0029679846696946846,0.5459321008290825,0.06676577197197474,0.9177050353286342,-0.0020303016443090696,-0.2599155385555254,-0.0041249020528795755,-0.2352294855893006,0.1228889980732158,0.9404051376821839,False
GUT_GENOME140786_1,GUT_GENOME140786_00406,435649,0.07215815974609636,0.06305166696695982,0.06316573373602785,0.0031270235854803517,0.3348387103053373,0.06637321304498382,0.8474903697970516,0.00910649277913654,-0.04384402838378165,-0.003207479308955971,-0.2232393194285447,0.05175809256383766,0.9744529461879465,False
GUT_GENOME140786_1,GUT_GENOME140786_00406,435832,0.07730025581814597,0.06417379051801829,0.06510122672957669,0.003576931667593967,0.2915365827192662,0.06559399863672341,0.5547864755509565,0.013126465300127677,0.034149826978301094,-0.0004927719071467218,-0.18775971851270198,0.03641992257861699,0.9819548382087904,False
GUT_GENOME140786_1,GUT_GENOME140786_00407,436335,0.07218827367659116,0.06247510235805812,0.06370624589543109,0.004628853905240487,0.3005829648430308,0.06599002080711956,0.6891272554269091,0.009713171318533033,-0.03207350059885455,-0.002283774911688477,-0.21116705581832357,0.045620234903643704,0.9774480664828361,False
GUT_GENOME140786_1,GUT_GENOME140786_00407,436371,0.07918622002162269,0.06536627254287618,0.06273036293238099,0.00605417360551248,0.23879654767806718,0.06535902465866558,0.6679247682093592,0.013819947478746514,0.04760448331063946,-0.0026286617262845924,-0.21567452006100818,0.04878168543481917,0.9759042101561664,False
GUT_GENOME140786_1,GUT_GENOME140786_00407,436846,0.13378469378630542,0.07399459288847156,0.07560517226331331,0.0032862562627789305,0.022781448717835363,0.06511387971387021,0.0007052945949646625,0.05979010089783386,0.939498514431296,0.010491292549443101,-0.04420457032473422,0.8846115026562064,0.6425531439411543,False
GUT_GENOME140786_1,GUT_GENOME140786_00407,437265,0.08939090667559399,0.0592439502735717,0.06058556631126535,0.004516840080405032,0.08774413935880282,0.06465080031042147,0.8159444652538522,0.030146956402022293,0.3643744029576134,-0.004065233999156127,-0.23444965984007912,0.18773534852984605,0.910403224046331,False
GUT_GENOME140786_1,GUT_GENOME140786_00412,439980,0.10461701880464239,0.0618300386818396,0.0806392433613392,0.015744335107583895,0.06402918939611443,0.06468912367188588,0.15551327042952678,0.042786980122802784,0.6096109503976904,0.015950119689453313,0.027139033139512058,0.3723620379645229,0.8301233133030991,False
GUT_GENOME140786_1,GUT_GENOME140786_00412,439992,0.12817226141207458,0.06645557781500663,0.07722601811003017,0.00873118578262821,0.022517811897621174,0.06476741155546205,0.07680307999176861,0.061716683597067945,0.9768772804806984,0.012458606554568125,-0.01849295376839181,0.9546312104584451,0.6204466821725277,False
GUT_GENOME140786_1,GUT_GENOME140786_00412,440015,0.12774418174883587,0.0623880601651709,0.07585783829935545,0.009658040661382731,0.021958513901431123,0.06550199568938413,0.14180368115138176,0.06535612158366497,1.0474881611381446,0.010355842609971327,-0.045974819963178044,1.099345131795218,0.5771387543554356,False
GUT_GENOME140786_1,GUT_GENOME140786_00412,440200,0.12546120863501478,0.06402085974842703,0.07375361397881848,0.008010109118486637,0.025734786898836185,0.06722694649530439,0.20759230788494137,0.06144034888658775,0.9715159479521364,0.00652666748351409,-0.09601984700109396,0.9530630481434517,0.6209333534952246,False
GUT_GENOME140786_1,GUT_GENOME140786_00413,440253,0.12190195069415728,0.06526442574059164,0.07577708366095026,0.008714882937695885,0.0414829224601745,0.0690499894222222,0.22008424257637632,0.05663752495356564,0.8783335311058342,0.006727094238728068,-0.09340038927128116,0.7801934245808703,0.676991397943322,False
GUT_GENOME140786_1,GUT_GENOME140786_00413,440616,0.13989361878261564,0.0896399586664091,0.0991126470269985,0.010343894374794455,0.07673122538086727,0.07068809344808091,0.0029984143222896277,0.050253660116206536,0.7544764081588066,0.028424553578917586,0.19017241778873356,0.6054001989558268,0.7388206358433382,False
GUT_GENOME140786_1,GUT_GENOME140786_00413,440842,0.13885571176136213,0.09117121473555531,0.10017055477244959,0.010489159247754223,0.0895052670978877,0.07393362726470037,0.0061862601531728284,0.04768449702580682,0.7046305613456963,0.02623692750774921,0.1615814543919348,0.522612794385764,0.7700449438565796,False
GUT_GENOME140786_1,GUT_GENOME140786_00414,442149,0.09947123472832564,0.06978108775900897,0.08254281894918156,0.011386339579764858,0.09751284402259452,0.07237627962816041,0.18596296679365326,0.02969014696931667,0.3555115740112869,0.010166539321021142,-0.04844890064661847,0.12873577522984864,0.9376599825762886,False
GUT_GENOME140786_1,GUT_GENOME140786_00414,442163,0.0999500064831786,0.08334280479743192,0.09015036735016993,0.012667079273445587,0.24486041815921894,0.07147284168951172,0.07017438742536752,0.016607201685746684,0.10168164437156385,0.01867752566065821,0.06278459675691865,0.014281062392034062,0.9928849018257646,False
GUT_GENOME140786_1,GUT_GENOME140786_00415,442904,0.08026078081689127,0.06883198608545564,0.07083751883248302,0.00672262444789068,0.26288553015589605,0.07216319264668464,0.5781628709707358,0.011428794731435626,0.0012123200437046922,-0.0013256738142016222,-0.1986452479235908,0.03946140424251323,0.9804626742760789,False
GUT_GENOME140786_1,GUT_GENOME140786_00416,443258,0.07004729573865509,0.07325280646605477,0.07282547910007388,0.005814958010284974,0.5779379564117849,0.07426908452946038,0.5980323096784889,-0.003205510727399677,-0.2827164623847699,-0.0014436054293864992,-0.20018654354879578,0.1200032503213729,0.9417630030667965,False
GUT_GENOME140786_1,GUT_GENOME140786_00416,443280,0.07744087079191177,0.07398277681160269,0.07452905413857942,0.0063671550261267425,0.4223017030286206,0.07347568088755888,0.43429938460017853,0.0034580939803090793,-0.15343194139630503,0.001053373251020548,-0.16755252670515122,0.051615209845919593,0.9745225649174625,False
GUT_GENOME140786_1,GUT_GENOME140786_00416,443376,0.07307763053987383,0.0796222649931111,0.0788799273656382,0.007009484785422184,0.6604643328687083,0.07738446705561972,0.4155277266143801,-0.006544634453237275,-0.3475007691304454,0.0014954603100184871,-0.16177471344511002,0.1469278424564986,0.9291696684871739,False
GUT_GENOME140786_1,GUT_GENOME140786_00416,443483,0.0786133914931415,0.08413957699855568,0.08457639264177445,0.00897085560611705,0.6132573686983047,0.07768876392990348,0.22130943958,-0.005526185505414172,-0.32774124104526436,0.006887628711870972,-0.09130229979152754,0.11575043102911206,0.9437677076571,False
GUT_GENOME140786_1,GUT_GENOME140786_00416,443512,0.07938820541139793,0.07424662580516095,0.07459415851970128,0.004083228678443911,0.39722724615536764,0.07615428658562141,0.6487997182884265,0.0051415796062369845,-0.12076964489374248,-0.0015601280659201383,-0.20170942466634093,0.05527199912698692,0.9727423810179723,False
GUT_GENOME140786_1,GUT_GENOME140786_00417,444365,0.08268995571941208,0.07304042859323483,0.07348351611317068,0.004076405629258508,0.3472034439501133,0.07483949468501336,0.6302972553347195,0.009649527126177254,-0.03330829907255389,-0.0013559785718426781,-0.19904131296774233,0.04072688705502944,0.9798424911732296,False
GUT_GENOME140786_1,GUT_GENOME140786_00419,445580,0.08146669594422085,0.07119590529203935,0.0717512716800149,0.003969651069442137,0.3305810432978782,0.07202341089871532,0.5273280592358017,0.010270790652181491,-0.021254799369285936,-0.00027213921870042346,-0.1848761813293403,0.034630968919147714,0.9828335670020982,False
GUT_GENOME140786_1,GUT_GENOME140786_00419,445582,0.10203389352146536,0.06667999133817298,0.06747515249501679,0.0027785159222288255,0.10434605063582064,0.07245060636240544,0.9633282755884625,0.035353902183292374,0.46539742588177463,-0.004975453867388652,-0.24634568872666854,0.27728096237159855,0.8705409480539976,False
GUT_GENOME140786_1,GUT_GENOME140786_00419,445590,0.07280884039775877,0.06351580242855229,0.06361650760992878,0.00237221453340961,0.28868513417010855,0.06597947979059007,0.8404001707315896,0.009293037969206483,-0.040224755242775176,-0.0023629721806612963,-0.2122021167220908,0.046647769275677015,0.9769460147201459,False
GUT_GENOME140786_1,GUT_GENOME140786_00419,446452,0.07167963407292749,0.06729573358056365,0.06729238648367974,0.0025285635162273037,0.41368291137560187,0.06332699907892138,0.0584128912357534,0.00438390049236384,-0.13546982379041891,0.0039653874047583665,-0.12949424463502968,0.035120832551404066,0.9825928692700503,False
GUT_GENOME140786_1,GUT_GENOME140786_00419,448298,0.07185606768060801,0.0673895804854041,0.06741761445154444,0.0022427717906951267,0.40983147747365345,0.06311741994411987,0.027596287628543652,0.004466487195203914,-0.13386751051028933,0.004300194507424568,-0.12511851619428882,0.03357515346488294,0.9833525494119632,False
GUT_GENOME140786_1,GUT_GENOME140786_00419,448334,0.0756053622433933,0.0697636370188012,0.06989004287703372,0.002710156338328269,0.3773083639031833,0.06011399455231661,0.0001547656174641092,0.005841725224592101,-0.10718570724112354,0.00977604832471711,-0.053552384248889355,0.014356633695520538,0.9928473857314326,False
GUT_GENOME140786_1,GUT_GENOME140786_00419,448336,0.07645779982371569,0.06931197632075557,0.06965509582851803,0.003072728711334256,0.34912381375293916,0.05984904307572104,0.0007081278870304323,0.007145823502960114,-0.08188412819552883,0.009806052752796994,-0.053160244332347,0.009531022027816631,0.9952458260176378,False
GUT_GENOME140786_1,GUT_GENOME140786_00425,453078,0.07944496859955685,0.06752411785142778,0.06790527380282352,0.0027948132880652155,0.2658663086417571,0.05948788705398357,0.0012985670533011769,0.01192085074812907,0.010758988732516753,0.008417386748839947,-0.07130927784990324,0.005200768946021123,0.9974029935979644,False
GUT_GENOME140786_1,GUT_GENOME140786_00425,453079,0.069642010460405,0.0671618685090468,0.06728370976280515,0.0025130809520248977,0.44126123793953076,0.05952133521921286,0.001004873631587643,0.002480141951358192,-0.17240576489852272,0.007762374543592292,-0.07986989532996926,0.03610294795026493,0.982110477926875,False
GUT_GENOME140786_1,GUT_GENOME140786_00426,453434,0.06806330760069447,0.06735321249762745,0.0672739692790583,0.0016355434810379737,0.48339829200075196,0.05898987750035201,2.0415820322489438e-07,0.0007100951030670211,-0.20674748667618667,0.00828409177870628,-0.07305136332890544,0.048081024931131734,0.9762461588178688,False
GUT_GENOME140786_1,GUT_GENOME140786_00428,454736,0.06434317715508066,0.06250529777745424,0.0624861154030923,0.0017303861278435706,0.4597788000116497,0.05880563565247635,0.016711279113011318,0.0018378793776264168,-0.18486667949894506,0.003680479750615945,-0.13321781714973427,0.05192267599510571,0.9743727600825715,False
GUT_GENOME140786_1,GUT_GENOME140786_00428,455170,0.056258215933580304,0.061640055908571766,0.06160338347904877,0.0014889116074233895,0.6369864652742522,0.05603498519468849,9.204237061852287e-05,-0.005381839974991462,-0.324940708364216,0.0055683982843602806,-0.10854385188400043,0.1173682317340543,0.9430046023054289,False
GUT_GENOME140786_1,GUT_GENOME140786_00428,455171,0.04998185956559528,0.058634136043100846,0.05859459472792382,0.0011696471376403145,0.7373019311026879,0.054926463784293084,0.0008560526827378897,-0.008652276477505563,-0.38839237382114095,0.0036681309436307347,-0.13337920866593597,0.16863864934677217,0.9191377058809787,False
GUT_GENOME140786_1,GUT_GENOME140786_00428,455412,0.05339696337148583,0.04860291615786153,0.048642032926419644,0.001348465222840804,0.3552408233043248,0.05395787300282075,0.9999596212668017,0.0047940472136242945,-0.1275123256015175,-0.005315840076401103,-0.2507943327481088,0.07915719051887654,0.9611944056980818,False
GUT_GENOME140786_1,GUT_GENOME140786_00437,463322,0.04907609115989411,0.04683088658775038,0.046850562606142294,0.0012034928546553777,0.42455757492920626,0.05407910247046165,0.9999999990509792,0.002245204572143729,-0.17696392341277092,-0.007228539864319358,-0.2757921741736449,0.10737755352506713,0.9477270152781151,False
GUT_GENOME140786_1,GUT_GENOME140786_00438,466449,0.04789920847993653,0.046013491796816144,0.046063054754472074,0.0012668732818105727,0.44352108436055826,0.05401515411552146,0.9999999998273597,0.0018857166831203823,-0.18393855975033338,-0.007952099361049389,-0.2852486637259776,0.11520019392048282,0.9440273913847074,False
GUT_GENOME140786_1,GUT_GENOME140786_00439,467410,0.04271208273443044,0.04693368179179974,0.04679826050058868,0.0016495989302781767,0.6193603666804247,0.054346879523578986,0.9999976306200459,-0.004221599057369303,-0.3024301907321498,-0.007548619022990304,-0.2799754172014406,0.16985025450340518,0.9185810585151567,False
GUT_GENOME140786_1,GUT_GENOME140786_00439,467806,0.04374527615373021,0.05134839876094727,0.050935275334568916,0.0023536734843630316,0.7013679770950425,0.05523237161296495,0.966052095449144,-0.007603122607217058,-0.36803712144452116,-0.004297096278396036,-0.23747996105389946,0.19184805466333082,0.9085330371259166,False
GUT_GENOME140786_1,GUT_GENOME140786_00439,468301,0.03623283876919838,0.049109565562959354,0.04891439935298045,0.0016383243192047519,0.9054692723541132,0.054213674289275864,0.9993908700499938,-0.012876726793760972,-0.47035342336311503,-0.005299274936295416,-0.2505778362816119,0.284021594904976,0.8676118884371952,False
GUT_GENOME140786_1,GUT_GENOME140786_00439,469197,0.039042082865617625,0.05571515730378433,0.05558359723782764,0.0012509102061330087,0.9204762390225582,0.061164237392292854,0.9999959261100937,-0.016673074438166707,-0.544008600739542,-0.005580640154465216,-0.25425511127839806,0.36059101928978504,0.8350234174744988,False
GUT_GENOME140786_1,GUT_GENOME140786_00440,470884,0.035132959653701376,0.05579957989732878,0.05565937264100932,0.0012380332371551132,0.9767468832174528,0.06214065326916975,0.9999999175712646,-0.020666620243627407,-0.6214897358235599,-0.006481280628160432,-0.2660259432119116,0.45701929419582554,0.7957186207920113,False
GUT_GENOME140786_1,GUT_GENOME140786_00441,471471,0.03091486256176652,0.06249717336504505,0.06163869431438253,0.0026625423225466655,0.9997157669669529,0.06352563815353182,0.7607446786673477,-0.03158231080327853,-0.8332714796641315,-0.0018869438391492938,-0.2059807112143664,0.7367694122140274,0.691850971191851,False
GUT_GENOME140786_1,GUT_GENOME140786_00441,471711,0.036779393735904095,0.05818626177180324,0.05760756340098463,0.0025760396019693355,0.9668617902750618,0.06416299471229939,0.9945325314488508,-0.021406868035899147,-0.6358517193796834,-0.006555431311314759,-0.26699504825954923,0.4755937648332187,0.78836280518005,False
GUT_GENOME140786_1,GUT_GENOME140786_00441,471929,0.04961164245649602,0.06819136606124229,0.06783973328214614,0.002692248599319035,0.890494472477118,0.06782273164975627,0.49748068402136525,-0.018579723604746273,-0.5810006245775006,1.7001632389865295e-05,-0.18109728346420995,0.37035795183756215,0.8309555495096502,False
GUT_GENOME140786_1,GUT_GENOME140786_00441,471958,0.0530960486830819,0.07183384951353815,0.07130285342558378,0.0032095045524218645,0.8713672056059513,0.07043123069820657,0.3929742290394067,-0.018737800830456244,-0.5840675739692399,0.0008716227273772026,-0.16992789726656557,0.37001042123175004,0.8310999532982328,False
GUT_GENOME140786_1,GUT_GENOME140786_00442,472700,0.06405121765943445,0.07716994614972422,0.07648022582930997,0.004339834661696143,0.764748442677933,0.07400456142289567,0.2841858155367969,-0.013118728490289777,-0.47504864085972437,0.0024756644064142935,-0.1489640325838799,0.24786149418632264,0.8834410196229531,False
GUT_GENOME140786_1,GUT_GENOME140786_00442,472851,0.08102611523366048,0.09245572484585761,0.09228537589063657,0.005332178500114406,0.705473435789015,0.07714130672843753,0.0022547721482903843,-0.011429609612197134,-0.44227705031292136,0.015144069162199042,0.016604435191340403,0.1958846965015218,0.9067011751559224,False
GUT_GENOME140786_1,GUT_GENOME140786_00442,472959,0.08179744941912788,0.08979961335654969,0.08945652026922131,0.005408036599510071,0.6493484665096454,0.07730180414171765,0.012303137167559756,-0.008002163937421813,-0.37577915739849066,0.012154716127503656,-0.022464619763484545,0.14171463427623757,0.9315948052580816,False
GUT_GENOME140786_1,GUT_GENOME140786_00442,473267,0.08297261345301123,0.09677888115117694,0.09645693268654441,0.003486409252927427,0.7472858499140609,0.07643431664299973,4.649364886226871e-09,-0.013806267698165717,-0.4883879941152078,0.02002261604354469,0.08036412298827036,0.24498122505955006,0.8847142101328064,False
GUT_GENOME140786_1,GUT_GENOME140786_00444,474291,0.08528152966438768,0.09096406588993042,0.09085797815365235,0.00307061016042055,0.608000753102223,0.07240636150663848,9.327555718972391e-10,-0.005682536225542739,-0.33077469348499855,0.018451616647013863,0.05983210116124183,0.11299177817946382,0.9450703695866476,False
GUT_GENOME140786_1,GUT_GENOME140786_00444,474528,0.06912558103642416,0.083948305379123,0.08367726734997455,0.0027506709431763562,0.8038809061402472,0.06711597711955543,8.676868597677132e-10,-0.014822724342698837,-0.5081088683504371,0.01656129023041912,0.03512666630783619,0.2594085047822639,0.8783551639504321,False
GUT_GENOME140786_1,GUT_GENOME140786_00444,474613,0.06647619376877201,0.07408223978583862,0.07394744238778352,0.0025079913924487534,0.6684851276562954,0.06090890701767519,1.0029181002424402e-07,-0.007606046017066617,-0.3680938402414234,0.013038535370108323,-0.010913631252362749,0.13561218257079105,0.9344416523902583,False
GUT_GENOME140786_1,GUT_GENOME140786_00444,474807,0.06487050600516853,0.07401569774454841,0.07361171954056764,0.0026344099722976095,0.7113164531496332,0.060331167495940745,2.3132712335567987e-07,-0.009145191739379888,-0.3979557132319563,0.013280552044626893,-0.00775061816993051,0.15842882177597106,0.9238418214628296,False
GUT_GENOME140786_1,GUT_GENOME140786_00444,474895,0.06756104227953695,0.07320740745570867,0.07312934632153427,0.0027828391368193927,0.6277269591441975,0.05993540745939041,1.0623897701378344e-06,-0.0056463651761717165,-0.3300729176449382,0.013193938862143859,-0.00888260062465145,0.10902703155649919,0.9469457100631008,False
GUT_GENOME140786_1,GUT_GENOME140786_00447,478949,0.06158832639679899,0.07373444651127926,0.07367574526430502,0.0028548801625940838,0.7740615201861094,0.05983917201847748,6.278534148646048e-07,-0.012146120114480276,-0.45617849272046956,0.013836573245827544,-0.00048375386396553276,0.2080990512385204,0.9011806647854956,False
GUT_GENOME140786_1,GUT_GENOME140786_00447,479001,0.06599656735538925,0.07799635846338952,0.07760916547479965,0.003219744678970835,0.768801767735331,0.06006629600061272,2.539417896132615e-08,-0.011999791108000271,-0.4533394774518117,0.01754286947418693,0.04795531952215545,0.2078163944867537,0.9013080361856117,False
GUT_GENOME140786_1,GUT_GENOME140786_00447,479153,0.0858087012662138,0.07483284790437586,0.07503885114452687,0.002975796216581895,0.31629131751461936,0.060432596989054184,4.592254101227587e-07,0.010975853361837942,-0.007575462331284168,0.014606254155472682,0.00957551495025459,0.00014907811609525453,0.999925463719919,False
GUT_GENOME140786_1,GUT_GENOME140786_00447,479577,0.08810232712798963,0.07864374128159476,0.07881774477582515,0.00323199651635814,0.336278718433346,0.060803848833148835,1.2475525198280645e-08,0.009458585846394862,-0.03701286334015419,0.018013895942676314,0.05411135354323056,0.0042979906349174205,0.9978533121197919,False
GUT_GENOME140786_1,GUT_GENOME140786_00447,479751,0.10207652518568794,0.0816160834634086,0.08224777903996672,0.003755890246644434,0.20425251351138374,0.06436548267755782,9.62541337516178e-07,0.020460441722279343,0.17644062456743304,0.0178822963624089,0.0523914257950436,0.033876155494583414,0.9832045649915031,False
GUT_GENOME140786_1,GUT_GENOME140786_00447,479868,0.12006026793689376,0.08421972160712991,0.08534790491866606,0.0038814633080451995,0.10077172355353015,0.06654206789051047,6.329374011114294e-07,0.03584054632976384,0.4748390956878513,0.018805837028155595,0.06446154953228561,0.22962745816175972,0.8915321949624907,False
GUT_GENOME140786_1,GUT_GENOME140786_00447,480183,0.1283795884155313,0.09626714035421252,0.09896257986809442,0.006983477538211823,0.1454121360007481,0.06811056588023134,4.984187484137536e-06,0.03211244806131877,0.4025080646655183,0.03085201398786308,0.22189787243294135,0.21125140791104696,0.8997613621754503,False
GUT_GENOME140786_1,GUT_GENOME140786_00447,480554,0.13061842841595578,0.08997985373881329,0.09268374967129325,0.005862339477055308,0.10162409085683394,0.0678793273739706,1.1625113316499e-05,0.04063857467714249,0.5679284705516275,0.02480442229732266,0.14285946868477292,0.34295157545600646,0.8424206646913676,False
GUT_GENOME140786_1,GUT_GENOME140786_00449,483098,0.1501211518815087,0.08301544132146602,0.08606355492960263,0.005107598320597485,0.04093587725623115,0.06760982092409436,0.00015133949260314166,0.06710571056004269,1.0814329676894725,0.018453734005508274,0.059859773769467446,1.1730804561213917,0.5562484522037048,False
GUT_GENOME140786_1,GUT_GENOME140786_00449,483099,0.14507893118881438,0.08930386554657946,0.09098333856015317,0.0040608224387507445,0.08479564886502927,0.06817030200951742,9.66816655478194e-09,0.05577506564223492,0.861600449864019,0.022813036550635754,0.11683324887380511,0.7560053432482883,0.6852286699899659,False
GUT_GENOME140786_1,GUT_GENOME140786_00449,483101,0.16329754908701108,0.09065249572325165,0.0929383954368679,0.003928682889084115,0.02398685623595657,0.06774984532646952,7.207147461153172e-11,0.07264505336375943,1.1889050210873793,0.025188550110398375,0.14787978929078696,1.4353635812474692,0.48788195854128735,False
GUT_GENOME140786_1,GUT_GENOME140786_00449,483102,0.20773800814887522,0.09697555247203465,0.09922810741092226,0.004004465368143863,0.01012429118362553,0.06891132261042633,1.855454118249203e-14,0.11076245567684057,1.9284432013264288,0.030316784800495933,0.2149027473031976,3.7650763715405873,0.15220329482842682,False
GUT_GENOME140786_1,GUT_GENOME140786_00449,483729,0.21280819377539484,0.10206779301940799,0.10443943171550579,0.004128156494717345,0.018136206947248795,0.06784582445074308,3.84605111776774e-19,0.11074040075598685,1.9280153008126553,0.03659360726476271,0.2969370600631515,3.8054146178066612,0.14916423840703913,False
GUT_GENOME140786_1,GUT_GENOME140786_00449,484149,0.2076276663291859,0.10475367985664469,0.10722296162350342,0.004673826408619649,0.023525990802256418,0.06618746381850593,8.184594253759081e-19,0.1028739864725412,1.7753943625754922,0.04103549780499749,0.35498991083239273,3.2780429794576285,0.19416994665120962,False
GUT_GENOME140786_1,GUT_GENOME140786_00450,484862,0.2226277767123207,0.10513261259814728,0.10874772851773118,0.005237813890068903,0.005159064040443707,0.06584343790355855,1.2925371853421696e-16,0.11749516411417342,2.0590684444877785,0.04290429061417263,0.3794139143252706,4.383717777468944,0.11170890107670212,False
GUT_GENOME140786_1,GUT_GENOME140786_00450,486496,0.1618322034163356,0.09624268265677523,0.09742552112239099,0.004312094683787379,0.039455631811986074,0.06105248554138065,1.654317473975421e-17,0.06558952075956039,1.052016476063523,0.036373035581010335,0.2940543201746264,1.193206609122475,0.550678951630818,False
GUT_GENOME140786_1,GUT_GENOME140786_00451,486922,0.13358127069426456,0.09040826764314575,0.09126566100203627,0.003805956443667119,0.09807301673536323,0.06089429629445783,7.319277093362455e-16,0.04317300305111882,0.6171004086664512,0.030371364707578445,0.21561607402121544,0.42730320575262337,0.8076297118817265,False
GUT_GENOME140786_1,GUT_GENOME140786_00453,489941,0.10374450582330703,0.0923474922566978,0.09263327719415453,0.00321884043967251,0.34646050526335925,0.05729315650616698,2.4072551432374863e-28,0.01139701356660923,0.0005957149401212003,0.035340120687987545,0.28055474075031905,0.07871131743376862,0.9614087149434039,False
GUT_GENOME140786_1,GUT_GENOME140786_00453,490332,0.08031575119999444,0.09132692161999795,0.09109156038605731,0.0036854548800606918,0.677167884233757,0.057482536267605584,3.778138765999059e-20,-0.011011170420003505,-0.43415866500969785,0.03360902411845173,0.25793034469460346,0.25502180911728,0.8802838166753851,False
GUT_GENOME140786_1,GUT_GENOME140786_00453,490532,0.08940660557866756,0.10583107414445421,0.10549747883239226,0.004780093920950044,0.7593983197498584,0.061842815917612204,3.343825926773364e-20,-0.01642446856578665,-0.5391852517362026,0.043654662914780054,0.3892208311760926,0.4422135911112405,0.8016310650836168,False
GUT_GENOME140786_1,GUT_GENOME140786_00453,490892,0.07521551288417927,0.11591698999597429,0.11374957208369538,0.005797446190672848,0.9839762376313478,0.06548347330514838,4.2019765477517926e-17,-0.04070147711179502,-1.0101977980345505,0.048266098778547,0.44948953784643736,1.2225404357872582,0.5426611332282274,False
GUT_GENOME140786_1,GUT_GENOME140786_00453,490995,0.07725979311036978,0.10531952899570692,0.1027435284493288,0.0066597120130870895,0.9332510964042453,0.06783378304334235,7.94527502294202e-08,-0.02805973588533714,-0.7649279282549086,0.034909745405986445,0.27492999340581126,0.6607012366984661,0.7186717097639288,False
GUT_GENOME140786_1,GUT_GENOME140786_00455,492763,0.07663713682815002,0.0978309711074472,0.09656191586962622,0.005457182124153078,0.8840128212060426,0.06855107087818567,1.4270093966698624e-07,-0.02119383427929719,-0.6317185259528892,0.028010844991440548,0.1847654941661878,0.4332065838665668,0.8052493548641919,False
GUT_GENOME140786_1,GUT_GENOME140786_00456,493237,0.07679612748773643,0.08481025854045181,0.0846456169186644,0.0046513014642447425,0.6819129279036881,0.07105937546782888,0.0017448021206993714,-0.008014131052715381,-0.37601133845307105,0.01358624145083552,-0.003755440594161294,0.14139862997932623,0.9317420108678975,False
GUT_GENOME140786_1,GUT_GENOME140786_00456,493251,0.06960880453472103,0.07555359860017195,0.07574568225382104,0.004423352567310808,0.6447328436705908,0.07183946897049795,0.18859413695375266,-0.005944794065450926,-0.3358629123538002,0.003906213283323093,-0.13026761498487655,0.1297735474086245,0.9371735700620112,False
GUT_GENOME140786_1,GUT_GENOME140786_00456,493257,0.06885516570693825,0.07439879489408613,0.07448062353458272,0.004373188791046124,0.6326507701258515,0.07264234543815129,0.3371142105147096,-0.005543629187147875,-0.3280796761920263,0.001838278096431431,-0.15729429016241014,0.13237776764796133,0.9359540610123905,False
GUT_GENOME140786_1,GUT_GENOME140786_00456,493465,0.061211456503962924,0.0709442704590842,0.0706114294549769,0.003954413074892999,0.7313108015488798,0.0726915665681675,0.7005660727695945,-0.00973281395512128,-0.4093565180540701,-0.0020801371131905916,-0.20850563167468636,0.21104735731341218,0.8998531652803305,False
GUT_GENOME140786_1,GUT_GENOME140786_00456,493470,0.0639489770363568,0.06945359328599414,0.0693650480154653,0.0032271915487615812,0.6337517850531105,0.07244454251333517,0.8300172860993621,-0.005504616249637342,-0.32732276320579123,-0.0030794944978698724,-0.2215666345500204,0.15623196485849677,0.9248571531434154,False
GUT_GENOME140786_1,GUT_GENOME140786_00457,494004,0.0534550508913342,0.06668983146741939,0.06637829353247016,0.003059950430470524,0.8514655888419078,0.07072657974134523,0.9223462112268273,-0.013234780576085188,-0.4773002357516625,-0.004348286208875077,-0.23814898280670263,0.28453045306045976,0.8673911708242622,False
GUT_GENOME140786_1,GUT_GENOME140786_00458,495480,0.06850484011668416,0.0680242285574798,0.06786117891162055,0.003618486275255422,0.4885261020249096,0.07079770167324234,0.7914703130252094,0.0004806115592043553,-0.21119983211749085,-0.0029365227616217904,-0.21969807952970904,0.09287261523549868,0.9546253609970865,False
GUT_GENOME140786_1,GUT_GENOME140786_00458,495651,0.0737599272464582,0.06792481820361598,0.06792618173524581,0.003349841919177778,0.38240104789196117,0.06856831617273998,0.576007859050992,0.005835109042842221,-0.10731407168136657,-0.0006421344374941684,-0.18971179738682892,0.0475068760485747,0.9765264543693811,False
GUT_GENOME140786_1,GUT_GENOME140786_00458,495874,0.06531563467977707,0.06675660122356479,0.06673205955809218,0.003272964625735083,0.5339422450868235,0.06774554269777139,0.6215875557841037,-0.001440966543787725,-0.24848150104660047,-0.0010134831396792082,-0.19456510266214533,0.09959863553630285,0.9514203385005059,False
GUT_GENOME140786_1,GUT_GENOME140786_00459,496683,0.06945035968804866,0.06682962917130814,0.06691254304360267,0.003294635051189153,0.43933638745384807,0.06702443042675749,0.5135456669918661,0.002620730516740527,-0.1696781233097466,-0.00011188738315481839,-0.18278178575381712,0.06219984673327188,0.9693787046526829,False
GUT_GENOME140786_1,GUT_GENOME140786_00460,498562,0.0651262004343659,0.0630330696131497,0.06312062526829637,0.0029812888840853773,0.4415511865578162,0.06410949738109428,0.6299393880169915,0.0020931308212162048,-0.17991439585313637,-0.0009888721127979117,-0.194243451271172,0.07009970819693523,0.9655572780700165,False
GUT_GENOME140786_1,GUT_GENOME140786_00460,498829,0.06851166093529941,0.06915927767618486,0.0693109539627236,0.0037431028512451983,0.5181945897431528,0.0663545887793584,0.21481740908326158,-0.0006476167408854538,-0.23308925409565842,0.0029563651833652005,-0.142681561141548,0.07468862826465972,0.9633443851530816,False
GUT_GENOME140786_1,GUT_GENOME140786_00460,499072,0.06400461810897881,0.06418257505384903,0.06614341191402494,0.004616754891539281,0.5052534345463472,0.06726471013605365,0.5959492088975336,-0.00017795694487021674,-0.22397710767960125,-0.0011212982220287077,-0.19597418125821045,0.0885716244843456,0.9566804873992143,False
GUT_GENOME140786_1,GUT_GENOME140786_00461,499590,0.07153809347492462,0.06770164100245937,0.06940073204604028,0.004613571078331212,0.40582726490412174,0.06882383780527496,0.45024479946066137,0.0038364524724652516,-0.1460911853692045,0.0005768942407653188,-0.1737798221836122,0.051542061040747156,0.9745582081498921,False
GUT_GENOME140786_1,GUT_GENOME140786_00461,499703,0.09964200741547743,0.11365385547521825,0.11241842960819216,0.006706958619328016,0.7116916883187404,0.08541969053107629,2.8429403134155915e-05,-0.014011848059740817,-0.49237657983370414,0.026998739077115877,0.1715378756387283,0.2718599391473838,0.8729037601707461,False
GUT_GENOME140786_1,GUT_GENOME140786_00461,499738,0.10102969739317322,0.12712098554960588,0.12501102571883996,0.007984498494586923,0.8404740278411017,0.092059806206561,1.838438250738286e-05,-0.026091288156432663,-0.7267369140988855,0.03295121951227896,0.2493332322057737,0.5903136029961492,0.7444148529499435,False
GUT_GENOME140786_1,GUT_GENOME140786_00461,499749,0.1349534169484259,0.15455031958128643,0.15216829878780197,0.013395763826082097,0.7162109841577065,0.10476767466217494,0.00020121992208612933,-0.019596902632860513,-0.6007355142022003,0.047400624125627025,0.43817830214276143,0.552883382492495,0.7584778437401345,False
GUT_GENOME140786_1,GUT_GENOME140786_00461,499853,0.19356670892175165,0.2518699637067411,0.2411930913230115,0.020994776430344468,0.9031660818494798,0.11989679226900879,3.7920324378541544e-09,-0.05830325478498943,-1.351700257265338,0.12129629905400272,1.4039505448965444,3.7981707180064848,0.1497054833948546,False
GUT_GENOME140786_1,GUT_GENOME140786_00461,499859,0.17925916961687277,0.24811902856467602,0.23475739267562032,0.020331859792312397,0.9363483394175028,0.13078248892436867,1.5779520864002445e-07,-0.06885985894780325,-1.5565151543547993,0.10397490375125165,1.1775702756131652,3.8094111797438104,0.14886646396582537,False
GUT_GENOME140786_1,GUT_GENOME140786_00461,499907,0.1638768886458498,0.21748235541641,0.21072795669231326,0.016320609312809528,0.9089966878504685,0.1305612308057954,4.507753494028659e-07,-0.05360546677056022,-1.2605557041605866,0.08016672588651785,0.866411640759482,2.3396698145353296,0.31041818482169814,False
GUT_GENOME140786_1,GUT_GENOME140786_00461,500122,0.1532596127149058,0.21019039692792119,0.20319996989026975,0.015979471121171224,0.9215398782623193,0.1277747001720176,1.1784376564869915e-06,-0.056930784213015395,-1.3250721470679911,0.07542526971825214,0.8044436465300071,2.402945775377871,0.3007509132102391,False
GUT_GENOME140786_1,GUT_GENOME140786_00461,500126,0.13496640205144336,0.1593862058459663,0.1552663389709731,0.011820996859243484,0.7711595758885567,0.10457869667248519,9.017174225490628e-06,-0.024419803794522937,-0.6943074611904293,0.05068764229848792,0.4811376622927735,0.7135563007412544,0.6999277592255941,False
GUT_GENOME140786_1,GUT_GENOME140786_00461,500147,0.14138649032537276,0.1469930279144562,0.1458406188997601,0.010408147230898718,0.5643866999131313,0.10242237411974209,1.5125851041127437e-05,-0.0056065375890834435,-0.3293001991622711,0.04341824478001802,0.3861309876574007,0.25753576079759116,0.8791780163131099,False
GUT_GENOME140786_1,GUT_GENOME140786_00461,500173,0.14589883043714416,0.14577477736194452,0.14447503943170018,0.010515749830318605,0.49854594522011675,0.10171416177265158,2.3876057306829834e-05,0.00012405307519963715,-0.21811763334234374,0.042760877659048596,0.377539592838332,0.1901114461353986,0.9093222628304428,False
GUT_GENOME140786_1,GUT_GENOME140786_00462,500728,0.15397051397004666,0.13914591296875506,0.13943721025255126,0.007392155219917588,0.331401639307289,0.10027474534711743,5.8589883938807336e-08,0.014824601001291599,0.06709635822203044,0.03916246490543383,0.33051049189594567,0.113739106539959,0.9447172966111897,False
GUT_GENOME140786_1,GUT_GENOME140786_00463,500966,0.11767136724212034,0.11478383961629124,0.11491278681304921,0.004917576120210723,0.4504567852639925,0.0927898345381029,3.4176871807158445e-06,0.0028875276258290977,-0.1645018354051354,0.022122952274946317,0.10781426042464774,0.03868476860257203,0.9808434793362266,False
GUT_GENOME140786_1,GUT_GENOME140786_00463,500981,0.12589771719665666,0.10372446071929348,0.1047467650139882,0.0051139745403518564,0.2034070260230776,0.09170187559608634,0.005373307192012513,0.02217325647736318,0.2096719527848491,0.01304488941790187,-0.01083058765077055,0.044079629413473015,0.9782012874784819,False
GUT_GENOME140786_1,GUT_GENOME140786_00463,501120,0.08871543211915375,0.08435672927017439,0.08449620680316326,0.003530248441102252,0.4205544854024433,0.07157672689603882,0.00012627911963952659,0.004358702848979365,-0.13595869811563682,0.012919479907124443,-0.012469614895647397,0.01864025888894462,0.9907231683438857,False
GUT_GENOME140786_1,GUT_GENOME140786_00463,501203,0.07751652664761301,0.08627524364710261,0.08597919151576464,0.004226478848901629,0.6897674941439327,0.06711139821286514,4.018661258101618e-06,-0.008758716999489602,-0.3904574891006456,0.01886779330289949,0.06527128096068219,0.15671739091302908,0.9246327055032721,False
GUT_GENOME140786_1,GUT_GENOME140786_00463,501263,0.07433571513472269,0.07563281055215236,0.07599737413561118,0.0033262834082972152,0.5308641901910012,0.06506914686294463,0.000509158123340551,-0.0012970954174296723,-0.24569017255831932,0.010928227272666555,-0.03849409500945323,0.061845456242333535,0.9695504891694569,False
GUT_GENOME140786_1,GUT_GENOME140786_00465,503224,0.0816763713253793,0.06280191078820403,0.06610314855725101,0.003907482743774396,0.13303408091096697,0.06488045710764474,0.37717442038753274,0.018874460537175272,0.145670069168837,0.0012226914496062669,-0.16533963919115727,0.048556965339515826,0.9760138689602418,False
GUT_GENOME140786_1,GUT_GENOME140786_00466,504605,0.08696295246056418,0.06566983671195367,0.06959810016264023,0.004267906455783054,0.12206837811755894,0.06465484238288964,0.12338315934071603,0.021293115748610508,0.19259582394611535,0.00494325777975059,-0.11671406411574901,0.050715324163898234,0.9749611430290921,False
GUT_GENOME140786_1,GUT_GENOME140786_00468,505269,0.0910424712026824,0.07074381108500753,0.07292012429656344,0.004187456259742025,0.13949402396484462,0.06486082646502503,0.027137923076357442,0.020298660117674866,0.17330180433822007,0.008059297831538415,-0.0759892856731321,0.035807886923995585,0.9822553798781053,False
GUT_GENOME140786_1,GUT_GENOME140786_00468,505271,0.09158334123211687,0.07116778112925719,0.07283910159335942,0.004098204123491053,0.1634598811129015,0.06693348628859395,0.07478878565766474,0.02041556010285968,0.17556984982577628,0.005905615304765466,-0.10413662726081202,0.041669209305102935,0.9793809362246426,False
GUT_GENOME140786_1,GUT_GENOME140786_00468,505332,0.10344351230095414,0.07271226875066004,0.07384069067653792,0.0038137208802226158,0.10901885021289415,0.07479335148254282,0.5986283138429813,0.030731243550294093,0.3757105021707988,-0.0009526608060048958,-0.19377019116483382,0.17870526842549006,0.9145230246000755,False
GUT_GENOME140786_1,GUT_GENOME140786_00468,505459,0.15529944762799225,0.0834313411259314,0.0864833352833565,0.004872740933549539,0.01497158968487447,0.08700676797023026,0.5427723381638185,0.07186810650206085,1.1738310172629942,-0.0005234326868737565,-0.1881604365524284,1.4132836069722763,0.493298010651547,False
GUT_GENOME140786_1,GUT_GENOME140786_00468,505463,0.20678184337695404,0.09778116149136304,0.10913701182791001,0.009482441381600199,0.001636921555602913,0.10580757182680635,0.3627505393205931,0.109000681885591,1.8942619900027384,0.003329440001103662,-0.1378056965690752,3.607218896776023,0.1647033258882949,False
GUT_GENOME140786_1,GUT_GENOME140786_00469,505873,0.2016481953618187,0.10918055722493085,0.11910392674025831,0.010584257133927903,0.0073240738675918755,0.11157871921078724,0.23854795197173229,0.09246763813688784,1.5734946673163093,0.00752520752947107,-0.08296952625366107,2.4827694103596194,0.2889837834193751,False
GUT_GENOME140786_1,GUT_GENOME140786_00469,505927,0.19434154023629024,0.10604156790679897,0.11578581621026678,0.010476182650947508,0.010712044401009008,0.11003426953983123,0.2914987160508723,0.08829997232949127,1.4926353274869308,0.005751546670435551,-0.10615021209725929,2.2392280883903104,0.3264057485085309,False
GUT_GENOME140786_1,GUT_GENOME140786_00469,506045,0.2045747393823964,0.09184173930578185,0.10080357564123414,0.007877078546523546,0.00233359117955614,0.10282799070534838,0.6014109014733615,0.11273300007661455,1.966674894229305,-0.0020244150641142433,-0.20777737784441197,3.9109815783357478,0.14149501542922932,False
GUT_GENOME140786_1,GUT_GENOME140786_00469,506081,0.17254622162454097,0.09097828505914016,0.09677477983156424,0.007031945010479435,0.013649750590445485,0.09389480288416632,0.3410657521779398,0.08156793656540082,1.3620231352554815,0.0028799769473979164,-0.14367990966521513,1.8757509374125758,0.3914586186189653,False
GUT_GENOME140786_1,GUT_GENOME140786_00469,506176,0.13367760958380315,0.08790895742017502,0.09087901999520295,0.0059664634456930475,0.0696200227741757,0.0889490338418478,0.37316875943017513,0.04576865216362813,0.6674601263995109,0.0019299861533551566,-0.15609572074816952,0.4698688943691416,0.7906226754723715,False
GUT_GENOME140786_1,GUT_GENOME140786_00469,506464,0.10040729752862072,0.08090815353175677,0.08214561446781642,0.004880577569697224,0.2263903098508106,0.07927570791826336,0.27825741766792905,0.01949914399686395,0.157789921020469,0.0028699065495530612,-0.1438115237376419,0.04557941353538818,0.9774680170701743,False
GUT_GENOME140786_1,GUT_GENOME140786_00470,506935,0.0951359806184397,0.07417877569153507,0.07468262626394985,0.00527327591298608,0.14447780128670462,0.07548882993345289,0.560755433814765,0.02095720492690463,0.18607862018268584,-0.0008062036695030417,-0.19185608404931198,0.07143400987582893,0.9649133205537017,False
GUT_GENOME140786_1,GUT_GENOME140786_00470,507194,0.09151573178647693,0.07049571299738502,0.07109403860396023,0.005145875427080225,0.16851003458304042,0.07513580155108206,0.783901416106497,0.021020018789091904,0.18729730893157318,-0.00404176294712183,-0.2341429072380503,0.0899031829428954,0.9560437613846486,False
GUT_GENOME140786_1,GUT_GENOME140786_00471,508370,0.06884418076075013,0.07318954588400266,0.07232379108318354,0.005024443990062558,0.5902577733143461,0.07275323077159553,0.5340561640825573,-0.004345365123252523,-0.3048314490966845,-0.0004294396884119839,-0.1869320043198848,0.127865786597434,0.9380679480641455,False
GUT_GENOME140786_1,GUT_GENOME140786_00471,508371,0.06914783826766004,0.07296262505970963,0.07199026766830824,0.004891237432068337,0.573718466669296,0.07115775868388914,0.4324247880398407,-0.003814786792049593,-0.29453738628754533,0.0008325089844190975,-0.17043909047639497,0.11580175548351945,0.943743488786515,False
GUT_GENOME140786_1,GUT_GENOME140786_00472,509464,0.06917990129966065,0.06753607409290652,0.06752046937638959,0.0037621675631596047,0.4689290587529611,0.07090572314101873,0.8158905711301472,0.0016438272067541282,-0.18863159999745133,-0.0033852537646291425,-0.2255627251613731,0.08646042349982362,0.9576908929911455,False
GUT_GENOME140786_1,GUT_GENOME140786_00473,510029,0.07109658810859613,0.06793705488152002,0.06789502885907815,0.0037818548746695268,0.4371835201620189,0.07136013190766936,0.8202306177309373,0.003159533227076114,-0.1592244944754254,-0.0034651030485912115,-0.2266063075108012,0.07670285824463458,0.962374674969068,False
GUT_GENOME140786_1,GUT_GENOME140786_00473,510046,0.07673337494472574,0.06557616324576174,0.06598884280903199,0.004033942465979996,0.2889518652195947,0.07287313076404847,0.9560509054232236,0.011157211698963998,-0.004056822380225502,-0.006884287955016485,-0.271293007763135,0.07361635386899311,0.9638610083903785,False
GUT_GENOME140786_1,GUT_GENOME140786_00473,510374,0.08414951047970831,0.07307230152123191,0.07330491889762306,0.004584585622562824,0.30776148640330037,0.07435581967040535,0.5906529052302282,0.0110772089584764,-0.005609002684338998,-0.00105090077278229,-0.19505412873133718,0.03807757404625398,0.9811413059542408,False
GUT_GENOME140786_1,GUT_GENOME140786_00474,511210,0.09656317529478754,0.08565603167149048,0.08596368322942737,0.006649676468801589,0.3318323216507812,0.07648834665367153,0.07708843389480874,0.010907143623297061,-0.0089085404510328,0.009475336575755833,-0.057482506823698196,0.0033836006837041975,0.9983096299456455,False
GUT_GENOME140786_1,GUT_GENOME140786_00474,511369,0.08446149552442764,0.07630607399510538,0.07645999386205962,0.005370886416197322,0.3470120449849049,0.07221876301344153,0.21486009632898262,0.008155421529322263,-0.062296322052386464,0.004241230848618091,-0.1258891359235449,0.019728906284831413,0.9901840409884639,False
GUT_GENOME140786_1,GUT_GENOME140786_00474,511553,0.09234334127407348,0.0684730442966939,0.07049690577759217,0.005902931077613844,0.12538541764236066,0.0712955540951878,0.5538114348121973,0.02387029697737958,0.24259723538584615,-0.0007986483175956294,-0.19175734012196458,0.09562429610750645,0.9533128519327551,False
GUT_GENOME140786_1,GUT_GENOME140786_00474,511747,0.08838725728496725,0.055048929456761125,0.059072525267604134,0.005004803572461805,0.050906182283453644,0.06669738433220847,0.9361841891891399,0.03333832782820613,0.42629208028519305,-0.0076248590646043335,-0.280971828913609,0.2606701063569359,0.8778012715377033,False
GUT_GENOME140786_1,GUT_GENOME140786_00476,513490,0.09422258559105216,0.056982734513164476,0.06031957301468742,0.004946799893057802,0.0461543353422725,0.06760757805926114,0.9296617802536773,0.03723985107788769,0.5019878315468066,-0.00728800504457372,-0.2765693484880507,0.3284823875441699,0.8485373352759819,False
GUT_GENOME140786_1,GUT_GENOME140786_00476,513641,0.11218353563655804,0.059126830809582635,0.06383891684839454,0.005723328526368415,0.013206329712186368,0.06828219768772201,0.7812275181249706,0.05305670482697541,0.8088599300867767,-0.0044432808393274625,-0.23939050576985968,0.7115622007527345,0.7006259702117006,False
GUT_GENOME140786_1,GUT_GENOME140786_00477,513852,0.16800882512655646,0.06215012202987829,0.07259504181887548,0.007487880520298966,0.0003694671261416246,0.0735128096905147,0.5487750495824724,0.10585870309667816,1.833302608331945,-0.000917767871639219,-0.19331416139703939,3.3983688187133536,0.18283257980161594,False
GUT_GENOME140786_1,GUT_GENOME140786_00479,515121,0.25392948011184385,0.06801112985187399,0.08764273751304626,0.009137101621457039,1.4279153300336983e-08,0.07701575247888078,0.12240285463144401,0.18591835025996986,3.386586992388788,0.010626985034165481,-0.04243115076503487,11.470771859572181,0.0032296357151794545,False
GUT_GENOME140786_1,GUT_GENOME140786_00479,515139,0.09913592829209694,0.06737087907507196,0.0772673665755438,0.00806755095433339,0.003006268462288392,0.07966236901516162,0.616716579631063,0.031765049217024985,0.39576797500736216,-0.0023950024396178216,-0.2126207330356763,0.20183986615805638,0.9040054109180764,False
GUT_GENOME140786_1,GUT_GENOME140786_00479,515145,0.1933424461509212,0.0654827025063446,0.07852780040675776,0.009895799647806644,0.0029855506716914906,0.08198504482599653,0.6365922854691961,0.12785974364457658,2.2601577585470105,-0.003457244419238767,-0.22650359992876698,5.1596169743009375,0.07578851710795309,False
GUT_GENOME140786_1,GUT_GENOME140786_00479,515154,0.3661225221661001,0.05176493098179414,0.10155465499652507,0.014103770880222515,5.493160594273217e-10,0.08874204540858019,0.1818195306705539,0.31435759118430595,5.878512379231615,0.012812609587944876,-0.013866346002547802,34.557100068330804,3.133437703832794e-08,False
GUT_GENOME140786_1,GUT_GENOME140786_00479,515159,0.6913176988176987,0.16975480704982382,0.5819044982325323,0.04216630079227014,5.406172626933279e-262,0.23322161592218005,6.741289792309046e-17,0.5215628917678748,9.898624496810784,0.34868288231035227,4.3757570910368715,117.13001704862202,3.6773923245261253e-26,True
GUT_GENOME140786_1,GUT_GENOME140786_00479,515165,0.8686153846153845,0.4161180090637226,0.6646548164804273,0.046442741921031816,2.0466149102985374e-56,0.276974372075085,3.4863699600059545e-17,0.45249737555166186,8.558643724766405,0.38768044440534233,4.885431886522718,97.11782712533629,8.149515545376007e-22,True
GUT_GENOME140786_1,GUT_GENOME140786_00479,515168,0.9999999999999998,0.4534555333517883,0.9067592406262799,0.047806083185908385,0.0,0.3215195854726093,9.276114993340533e-35,0.5465444666482115,10.38330674967694,0.5852396551536706,7.467412526472389,163.57530889840345,3.020459277855017e-36,True
GUT_GENOME140786_1,GUT_GENOME140786_00479,515169,0.9999999999999998,0.8214574898785424,0.95097623089983,0.028840465562677987,0.0,0.3184233093999401,6.316588129416729e-107,0.1785425101214574,3.2434839721733284,0.6325529214998898,8.085768599347892,75.89984211994565,3.300340090619901e-17,True
GUT_GENOME140786_1,GUT_GENOME140786_00479,515193,0.9999999999999999,0.7111849872395775,0.9348656194678672,0.044380289019454004,0.0,0.2651029690785811,9.218132128746227e-52,0.28881501276042243,5.382945766085748,0.6697626503892861,8.572077484903156,102.4566175278041,5.647135214913182e-23,True
GUT_GENOME140786_1,GUT_GENOME140786_00479,515204,0.9999999999999997,0.7189660717491478,0.9156338444153106,0.04668893429169821,0.0,0.2145454705973814,2.877437460520594e-51,0.2810339282508518,5.231980361066023,0.7010883738179292,8.98148594082279,108.04070820377798,3.461451916056508e-24,True
GUT_GENOME140786_1,GUT_GENOME140786_00479,515213,0.9999999999999998,0.7731221198086741,0.9153064215985943,0.042548287253091656,0.0,0.21007005160159647,5.286227354098481e-62,0.2268778801913257,4.1812669650711465,0.7052363699969979,9.035697768195314,99.12682759136506,2.9845776623559852e-22,True
GUT_GENOME140786_1,GUT_GENOME140786_00479,515217,0.9999999999999998,0.816229515974447,0.9160044472715796,0.03295603265714405,0.0,0.193287663222458,6.761884094821976e-107,0.18377048402555274,3.3449149740977457,0.7227167840491215,9.26415631735597,97.01304845634985,8.587844882175653e-22,True
GUT_GENOME140786_1,GUT_GENOME140786_00479,515279,0.9999999999999998,0.727400424229685,0.8103586138712543,0.03792202950452745,0.0,0.19230242308415582,5.092243271598615e-60,0.2725995757703148,5.06834051924998,0.6180561907870985,7.896305005617132,88.03970836080532,7.628167754837962e-20,True
GUT_GENOME140786_1,GUT_GENOME140786_00479,515325,0.9999999999999998,0.5594222690737992,0.6640867936287985,0.0424864995280418,0.0,0.1889864758869752,2.486807068229403e-29,0.44057773092620056,8.327383676586662,0.4751003177418233,6.027957307871904,105.68158820260827,1.1259904378700413e-23,True
GUT_GENOME140786_1,GUT_GENOME140786_00479,515340,0.880096861083396,0.5086763690596163,0.5779431481952368,0.035501415577451546,4.89744590308309e-46,0.17508558252826203,3.8092268112453516e-30,0.3714204920237797,6.985623338666105,0.40285756566697484,5.083787777494687,74.64383159632095,6.18440488872065e-17,True
GUT_GENOME140786_1,GUT_GENOME140786_00479,515349,0.7136701423623919,0.3690187086642753,0.43846617273373806,0.031065754722781187,5.352352822770307e-40,0.15003126811110723,8.111374719544378e-21,0.3446514336981166,6.466261066329934,0.2884349046226308,3.5883520827025146,54.6888028473698,1.3319175785572436e-12,True
GUT_GENOME140786_1,GUT_GENOME140786_00479,515360,0.42754661943163225,0.12583870358439517,0.147744453567588,0.012021931734336536,1.188516220167224e-09,0.08851100134043317,4.172610708342908e-07,0.3017079158472371,5.6330885750974,0.05923345222715483,0.5928262831620708,32.08312989690061,1.0795353342706147e-07,True
GUT_GENOME140786_1,GUT_GENOME140786_00479,515365,0.24761005964269292,0.11062351823091092,0.12036877769416024,0.009735984109821308,0.005522404793690319,0.08185407029206629,3.8121431873908715e-05,0.13698654141178201,2.437232139343747,0.03851470740209395,0.32204468902767897,6.0438132827810325,0.048708260585908714,True
GUT_GENOME140786_1,GUT_GENOME140786_00479,515456,0.15358425800519485,0.10726373089817566,0.11091258277464444,0.0065801912049615495,0.03493265806375439,0.07829822675952627,3.589733302204249e-07,0.046320527107019185,0.678167377329223,0.03261435601511817,0.24493062791979628,0.5199020041667824,0.7710893666504524,False
GUT_GENOME140786_1,GUT_GENOME140786_00480,516585,0.059440804575293736,0.05829313184979395,0.05806019216009836,0.004530469033132558,0.45804808579103706,0.057258527232815146,0.42977396790374506,0.0011476727254997876,-0.19825778541193753,0.000801664927283216,-0.1708422038421585,0.0684932080900915,0.966333173582546,False
GUT_GENOME140786_1,GUT_GENOME140786_00480,516604,0.05594037443496146,0.05914766064266239,0.05861354582544653,0.0051028470157544826,0.6192965874861289,0.055794526527752825,0.2903232985678979,-0.0032072862077009365,-0.28275090952416987,0.002819019297693702,-0.14447658966204716,0.10082156179712085,0.9508387578676692,False
GUT_GENOME140786_1,GUT_GENOME140786_00480,516992,0.07556633151625623,0.06880395543985456,0.06983172821172204,0.005496251661297466,0.32650267198392613,0.05533978941507912,0.004185904426365765,0.006762376076401677,-0.08932361763725963,0.014491938796642921,0.008081481631183737,0.00804401901316252,0.9959860679408356,False
GUT_GENOME140786_1,GUT_GENOME140786_00509,543565,0.07726267413681681,0.0640586647775203,0.06612571213681814,0.005538197305915986,0.18673105106731497,0.053661460346530375,0.012205527943859205,0.013204009359296512,0.03565430495754653,0.012464251790287768,-0.01841917391636233,0.0016104954297669297,0.9991950764100516,False
GUT_GENOME140786_1,GUT_GENOME140786_00509,544065,0.07312039240863716,0.06333132875681818,0.06481184226028494,0.005006894425631651,0.24023488361674789,0.05447556349439704,0.019489468879886854,0.009789063651818974,-0.0306010687266249,0.010336278765887899,-0.046230507695858625,0.003073685249028464,0.9984643377133701,False
GUT_GENOME140786_1,GUT_GENOME140786_00509,544408,0.0649778432846626,0.05887793737129634,0.05987779239103016,0.004941356447755531,0.3653921902049958,0.05487787807852421,0.15580475447228226,0.006099905913366267,-0.10217659158364374,0.004999914312505946,-0.11597359714310375,0.023889931101961658,0.9881260923405979,False
GUT_GENOME140786_1,GUT_GENOME140786_00509,544440,0.055318482571667306,0.05124737501159999,0.05238579130635559,0.005457689247940246,0.3969068736175679,0.05724424982772723,0.8133219060796821,0.004071107560067316,-0.14153850376084864,-0.004858458521371643,-0.2448166295791052,0.07996833016533257,0.9608046532941243,False
GUT_GENOME140786_1,GUT_GENOME140786_00509,544494,0.07549725401768893,0.06292096621338963,0.06594261021407093,0.007638956356963679,0.2877667772140148,0.07107184545210733,0.7490354665448528,0.0125762878042993,0.023475509228852488,-0.005129235238036406,-0.24835551919872506,0.06223156345002223,0.9693633320196761,False
GUT_GENOME140786_1,GUT_GENOME140786_00509,544736,0.08489049823248675,0.06421187587856875,0.06776440281714603,0.007100198820783048,0.21098721678331145,0.08010031889472045,0.9588420850366095,0.020678622353918,0.18067367554924366,-0.012335916077574421,-0.3425425243780867,0.14997835804378548,0.9277535254748243,False
GUT_GENOME140786_1,GUT_GENOME140786_00509,544756,0.09303770435508862,0.07098787531347424,0.07515147699243759,0.009171635189628298,0.22529267027785244,0.08540325200466596,0.8681672962082144,0.022049829041614386,0.207277264383066,-0.010251775012228376,-0.31530404806881085,0.14238050705870642,0.931284695071874,False
GUT_GENOME140786_1,GUT_GENOME140786_00509,545096,0.08729305911118336,0.08617887423250442,0.0861691005147728,0.00889361931319837,0.4838254631802974,0.08124218266572236,0.28979508844531093,0.0011141848786789393,-0.1989075028584361,0.004926917849050444,-0.11692761723010946,0.05323626236448976,0.9737330088095355,False
GUT_GENOME140786_1,GUT_GENOME140786_00510,545866,0.08285813895612916,0.08899440174204905,0.08808041277764868,0.009295056255526707,0.5890352106621999,0.08100253185883585,0.22318901668039515,-0.006136262785919888,-0.33957770980891755,0.007077880918812826,-0.08881581731788907,0.12320127040491406,0.9402583178918793,False
GUT_GENOME140786_1,GUT_GENOME140786_00510,546285,0.09698581003548633,0.08369141203382989,0.08602615307251908,0.008355813687938345,0.32767447234587777,0.07816211735408146,0.1733151731175681,0.013294398001656438,0.03740798826303762,0.00786403571843762,-0.07854124462170357,0.0075680846926138405,0.9962231081198668,False
GUT_GENOME140786_1,GUT_GENOME140786_00510,546286,0.10155196653021456,0.08869591703454548,0.0898711049281628,0.0069439637645708615,0.33114558280746376,0.07736391924466363,0.03583887890768371,0.012856049495669084,0.028903330632757726,0.012507185683499178,-0.017858053629185522,0.0011543126010893773,0.9994230102221149,False
GUT_GENOME140786_1,GUT_GENOME140786_00510,546924,0.08465467410603181,0.08882220156398572,0.08854986527853402,0.005810713493755085,0.5609423285989922,0.07407666021227213,0.006373162892836641,-0.004167527457953915,-0.3013811157740552,0.014473205066261888,0.00783664298774795,0.09089198991853188,0.9555712068404463,False
GUT_GENOME140786_1,GUT_GENOME140786_00510,547242,0.07366606659613001,0.08671020065797423,0.08594264597031358,0.005424656951696756,0.7395604709213293,0.07070917825802807,0.0024910407196140345,-0.013044134061844223,-0.473601390404001,0.015233467712285509,0.01777282073352035,0.22461415014942884,0.89376976094087,False
GUT_GENOME140786_1,GUT_GENOME140786_00511,548135,0.082437321451901,0.08172423108880528,0.0819178902571425,0.0047903411893425295,0.48531262329455915,0.06725907517516674,0.0011063987795657823,0.0007130903630957197,-0.20668937387162636,0.014658815081975751,0.010262454800513583,0.04282581524997753,0.9788147210558132,False
GUT_GENOME140786_1,GUT_GENOME140786_00511,548391,0.07646588218634522,0.08775469535944211,0.08709369332224108,0.005321523186211521,0.7321696104051552,0.06580419851630842,3.158579319264752e-05,-0.011288813173096893,-0.43954537564366936,0.02128949480593266,0.09692147015147683,0.202593908626058,0.9036646459243644,False
GUT_GENOME140786_1,GUT_GENOME140786_00512,548786,0.08148305170598323,0.08357666182346754,0.0835186177239311,0.004782138529403107,0.5431331483223555,0.06482662094907554,4.639497036607242e-05,-0.0020936101174843097,-0.26114382354360455,0.018691996774855557,0.06297372555812474,0.07216178668564328,0.9645622636612519,False
GUT_GENOME140786_1,GUT_GENOME140786_00512,549903,0.07686318765829005,0.07963166745371232,0.07955729473562216,0.00439462783087442,0.5747636064631374,0.06080594893401862,9.911324050791136e-06,-0.002768479795422274,-0.27423736778414365,0.018751345801603543,0.0637493818157232,0.07927011757106253,0.9611401348048527,False
GUT_GENOME140786_1,GUT_GENOME140786_00514,552291,0.07536361594187642,0.07089274874789708,0.07138162258713339,0.004708879062969777,0.37336837313515586,0.06076646240964306,0.01208909054840927,0.004470867193979336,-0.13378253157344522,0.010615160177490326,-0.0425856945642826,0.019711307135722233,0.9901927542250917,False
GUT_GENOME140786_1,GUT_GENOME140786_00514,552609,0.06317508037105452,0.07327389093214708,0.07277186784891247,0.00414786001545068,0.7809654712828591,0.061019908775570474,0.002303806439707038,-0.010098810561092561,-0.4164574338439371,0.011751959073341998,-0.027728413400387203,0.17420565911358,0.9165828389799568,False
GUT_GENOME140786_1,GUT_GENOME140786_00514,552666,0.07160970250204823,0.06740227423280491,0.06759172005635136,0.003686564920965058,0.3919717082269148,0.061662980737706985,0.05389552492450055,0.004207428269243321,-0.13889366536486167,0.005928739318644377,-0.10383441023976238,0.030073035028325444,0.985075966420686,False
GUT_GENOME140786_1,GUT_GENOME140786_00514,552772,0.0635218357299969,0.06468542243802704,0.06464142364689655,0.0036796954630683464,0.5328459195146045,0.06301864946232255,0.32960369636727826,-0.0011635867080301426,-0.24309989142676625,0.0016227741845740024,-0.1601107973054668,0.08473302462549781,0.9585184073868147,False
GUT_GENOME140786_1,GUT_GENOME140786_00515,553519,0.08133090379234693,0.0802849446126619,0.0802656788379997,0.00390774941419609,0.4801357016852851,0.07591296504528088,0.1326680870858437,0.0010459591796850298,-0.20023118984174815,0.004352713792718829,-0.12443212056970555,0.05557588201491592,0.9725945923638901,False
GUT_GENOME140786_1,GUT_GENOME140786_00515,553852,0.10431694551209944,0.07981618982960328,0.08108441512935545,0.00445986404940227,0.16817048947094781,0.07817234717136352,0.25689427634469997,0.024500755682496156,0.25482913617667663,0.002912067957991926,-0.14326049936408922,0.08546145932259941,0.9581693619220045,False
GUT_GENOME140786_1,GUT_GENOME140786_00515,553912,0.10127263805860821,0.0869701482830958,0.08807442280322846,0.005871491140747924,0.2961499482462078,0.0848752456168547,0.2929227651165148,0.01430248977551242,0.056966570713855885,0.003199177186373761,-0.1395081535917772,0.022707715097483643,0.9887103542449329,False
GUT_GENOME140786_1,GUT_GENOME140786_00516,554396,0.11279957552533773,0.0854501001496839,0.08692104424868904,0.00486817177782494,0.14930940377899088,0.08582258417657364,0.41074025103488965,0.027349475375653826,0.3100988253487002,0.0010984600721154064,-0.1669632689391233,0.1240380146574817,0.9398650222978605,False
GUT_GENOME140786_1,GUT_GENOME140786_00516,554760,0.10401217525943847,0.08084342330400446,0.08187097371400286,0.00482291416267133,0.17291538901133363,0.08039368600015384,0.37968582236268916,0.02316875195543401,0.22898614707967002,0.0014772877138490154,-0.1620122184002547,0.07868261446536409,0.961422512684397,False
GUT_GENOME140786_1,GUT_GENOME140786_00516,554762,0.12417382926067143,0.0771292305031503,0.07982830148411062,0.0046733550010227476,0.048308794311098927,0.07836728719257441,0.3772822477349518,0.04704459875752112,0.6922155180282318,0.0014610142915362084,-0.1622249022897997,0.5054792423220283,0.7766700839527523,False
GUT_GENOME140786_1,GUT_GENOME140786_00516,555164,0.11013627336177131,0.07398004357444045,0.07684682309898051,0.005513577451685172,0.0954782172417809,0.0718778204248051,0.18373296056051086,0.036156229787330865,0.48096385644209,0.00496900267417541,-0.11637759375463225,0.2448699755317656,0.884763423520586,False
GUT_GENOME140786_1,GUT_GENOME140786_00517,555355,0.10141824212096374,0.07430317035942349,0.07589534864270074,0.0050315166880299435,0.17469532402709936,0.06955238808881757,0.10371823859699097,0.027115071761540252,0.3055510227256574,0.00634296055388317,-0.09842078661780401,0.1030480787271625,0.9497808175613666,False
GUT_GENOME140786_1,GUT_GENOME140786_00517,555461,0.08637134360258084,0.07577850635267729,0.07610461774420983,0.004568692069096105,0.3508342276007287,0.0686812014071698,0.05209779791146889,0.01059283724990355,-0.01500658358387249,0.007423416337040037,-0.08429987621395287,0.007331666680547527,0.9963408776238357,False
GUT_GENOME140786_1,GUT_GENOME140786_00519,557375,0.08817853032970552,0.07576130469454975,0.07647904955191372,0.005108946973050103,0.32655697528748023,0.06803708982495033,0.04922779880586609,0.012417225635155765,0.020389450369250824,0.008441959726963391,-0.07098812373342185,0.005455043397551753,0.9972761946089949,False
GUT_GENOME140786_1,GUT_GENOME140786_00520,558219,0.08783316049188253,0.07141550512302615,0.07257612347215552,0.0064571778461117975,0.2902617724083253,0.06847004426460591,0.2624228295936733,0.01641765536885638,0.09800414460091542,0.004106079207549601,-0.12765548698039747,0.025900735715159568,0.9871331273364444,False
GUT_GENOME140786_1,GUT_GENOME140786_00520,558482,0.07930772073041183,0.07312952865064543,0.07349114511257267,0.0061783210096878136,0.41903210480427344,0.06877031011353525,0.22240479469849128,0.006178192079766401,-0.1006577155447701,0.0047208349990374154,-0.11962099673362012,0.024441158558236607,0.9878537887514455,False
GUT_GENOME140786_1,GUT_GENOME140786_00520,558483,0.0668921168808759,0.06758685183342177,0.06761357936286061,0.006666577183965689,0.5102575936252369,0.06885002768614752,0.5735696929574987,-0.000694734952545864,-0.2340034222811305,-0.0012364483232869122,-0.19747912416120514,0.09375560611875776,0.9542039912749926,False
GUT_GENOME140786_1,GUT_GENOME140786_00520,559650,0.05546939307236053,0.06810156461026697,0.06694707323794664,0.006116962335514976,0.7377833542080897,0.06815543638845589,0.5782986862306816,-0.012632171537906432,-0.4656086627575243,-0.001208363150509248,-0.19711206776273657,0.2556445940925517,0.8800097455819395,False
GUT_GENOME140786_1,GUT_GENOME140786_00521,560172,0.05748225740878009,0.07147653410644517,0.07017760820319151,0.006437085975135221,0.7524521369651194,0.06887982964955876,0.4201109561481444,-0.013994276697665078,-0.49203566748539984,0.0012977785536327502,-0.16435829568319374,0.2691127474376871,0.8741036010169532,False
GUT_GENOME140786_1,GUT_GENOME140786_00523,561343,0.06260724524492127,0.06896659764788163,0.06942113417538065,0.0068335025895387615,0.6299589430807069,0.06926523314358328,0.49089923250843304,-0.006359352402960358,-0.34390600290877854,0.00015590103179737025,-0.1792819514490012,0.15041335695205482,0.927551761532031,False
GUT_GENOME140786_1,GUT_GENOME140786_00523,561627,0.06718535959119809,0.07310276553114375,0.07411663904242678,0.007695742030534228,0.6190989948461164,0.06941216455616017,0.27049759773219667,-0.0059174059399456636,-0.3353315391943715,0.0047044744862666105,-0.11983481884332516,0.12680762498567885,0.9385643931282719,False
GUT_GENOME140786_1,GUT_GENOME140786_00523,561978,0.0753415339960399,0.08258454920213777,0.08182944346118297,0.009017932634632145,0.6223984279729304,0.07180616250108228,0.13318020066858516,-0.007243015206097866,-0.36105046558778386,0.010023280960100689,-0.05032120167984511,0.13288966203965913,0.9357145368491075,False
GUT_GENOME140786_1,GUT_GENOME140786_00523,562221,0.09106203078248053,0.09331380725595848,0.09239520667375906,0.010089202444236636,0.5359199123314071,0.07383557646743584,0.032916889787580686,-0.0022517764734779483,-0.264212502204491,0.018559630206323216,0.0612437737323784,0.07355904614214093,0.9638886271277646,False
GUT_GENOME140786_1,GUT_GENOME140786_00524,562862,0.09597655542434662,0.0948225973290203,0.09505720656809591,0.011871916896247198,0.4797357417891168,0.07657161644382267,0.059725088910062306,0.0011539580953263129,-0.19813583924872685,0.01848559012427324,0.06027611417497688,0.042891020734832176,0.978782809531783,False
GUT_GENOME140786_1,GUT_GENOME140786_00524,562920,0.10888598949921297,0.10064473947744493,0.10200872886000903,0.015184554732113652,0.3784969886414626,0.07964759097674505,0.07042624122821316,0.008241250021768037,-0.06063111290212319,0.02236113788326398,0.11092720376483085,0.015980976386834312,0.9920413508976355,False
GUT_GENOME140786_1,GUT_GENOME140786_00524,563520,0.11805420269278066,0.1117527178648533,0.11445013181771577,0.0184813339099493,0.40981184175754315,0.08246781041103227,0.041768688884211175,0.006301484827927362,-0.09826564029623362,0.0319823214066835,0.23667031387736287,0.06566897353363824,0.9676987132776685,False
GUT_GENOME140786_1,GUT_GENOME140786_00524,563532,0.12214445025378093,0.12815334167895168,0.12516457265615508,0.021247151859586758,0.5834634589775262,0.08418875844895786,0.026894488297298267,-0.006008891425170748,-0.337106502994526,0.04097581420719722,0.3542098819313907,0.2391054348190481,0.8873172295202796,False
GUT_GENOME140786_1,GUT_GENOME140786_00524,563643,0.13036316240094398,0.11861797654271025,0.1291715476309745,0.025478476146520303,0.3696436297661526,0.0917609251599849,0.07100830672221838,0.011745185858233725,0.007350810705639177,0.0374106224709896,0.3076149598028383,0.09468099791253197,0.9537625871292548,False
GUT_GENOME140786_1,GUT_GENOME140786_00525,563695,0.14301916398643133,0.11861074122531075,0.13259867065356043,0.025698118875931476,0.25706635684509227,0.09861240761524052,0.09299761205293072,0.024408422761120582,0.2530377307684751,0.033986263038319905,0.2628606315895839,0.13312380483213423,0.9356049978538655,False
GUT_GENOME140786_1,GUT_GENOME140786_00525,563949,0.13230597544584846,0.1135565712065753,0.12346414877589362,0.023354840286881954,0.29315550361024734,0.09755397473545672,0.13362593041329468,0.018749404239273168,0.1432437782527266,0.025910174040436898,0.1573109821449507,0.04526552511152531,0.977621437056676,False
GUT_GENOME140786_1,GUT_GENOME140786_00525,564380,0.12353903130219668,0.09136483082955038,0.10598078031557667,0.020093307562595086,0.16662137666075894,0.09437835569793263,0.2818254135354819,0.0321742004726463,0.40370615958089134,0.011602424617644047,-0.02968273923594326,0.1638597282921011,0.9213365751578303,False
GUT_GENOME140786_1,GUT_GENOME140786_00525,564445,0.09669569016244134,0.08177756814064972,0.08856264293950368,0.016443629457994286,0.2649816377366959,0.08383222921928919,0.3867979361505047,0.014918122021791616,0.06891081464134804,0.004730413720214488,-0.11949580858095948,0.01902794864295154,0.9905311403455968,False
GUT_GENOME140786_1,GUT_GENOME140786_00525,564452,0.09998952956984232,0.07457957555954495,0.08185580566804194,0.012275857804354272,0.14594482552661253,0.07964785576050828,0.42863078759719564,0.025409954010297373,0.2724690286146707,0.00220794990753366,-0.1524629008498814,0.09748430768978301,0.9524266775971948,False
GUT_GENOME140786_1,GUT_GENOME140786_00525,564571,0.08769172421454023,0.07988701000049152,0.08199656460338282,0.01152841258142176,0.3683036422364394,0.07506789916570304,0.27391740843014534,0.007804714214048714,-0.06910060130530175,0.006928665437679782,-0.0907659743467967,0.013013355199877627,0.9935144449893,False
GUT_GENOME140786_1,GUT_GENOME140786_00526,565446,0.09422437012040312,0.07754470068004696,0.08124244340562424,0.010691770278642267,0.2468910783862014,0.07371929777507273,0.2408288353723395,0.016679669440356162,0.1030876339752025,0.007523145630551509,-0.08299647403843746,0.01751547498141835,0.991280499786839,False
GUT_GENOME140786_1,GUT_GENOME140786_00527,566051,0.09782625236290254,0.08528510164309312,0.08722137935758789,0.011547799499671598,0.3056078078704767,0.07348519572636711,0.11712018922211986,0.012541150719809421,0.022793793950641295,0.013736183631220783,-0.0017957860409763332,0.0005227818901692571,0.9997386432145521,False
GUT_GENOME140786_1,GUT_GENOME140786_00529,566519,0.1179516846256788,0.09163459747856209,0.09539175011558954,0.011356901577152799,0.16945310345714015,0.07373799982646517,0.02828231310010575,0.02631708714711671,0.29006885306565877,0.021653750289124363,0.10168207130003373,0.09447918314269188,0.9538588336736684,False
GUT_GENOME140786_1,GUT_GENOME140786_00529,566811,0.11715648330609278,0.09885025008013314,0.10116542379967962,0.01137771395022224,0.25732040193736194,0.07411513363764854,0.008715688306867012,0.018306233225959645,0.13464555631649294,0.027050290162031074,0.1722116174638513,0.047786267025293726,0.976390047557372,False
GUT_GENOME140786_1,GUT_GENOME140786_00531,568175,0.0947725026235598,0.0954443645414032,0.094880237299671,0.009804290315064641,0.5121353764786142,0.07436848989995751,0.01821391155829147,-0.0006718619178434082,-0.23355964905856244,0.020511747399713495,0.08675677705505055,0.06207684803333859,0.9694383226461057,False
GUT_GENOME140786_1,GUT_GENOME140786_00531,568192,0.07325793586380024,0.08879118452497686,0.08534515479243311,0.008599447728556017,0.8047521687648787,0.07503209978644976,0.11521159371576234,-0.015533248661176627,-0.5218941692790455,0.010313055005983354,-0.046534028337762594,0.27453893972080473,0.8717352880927806,False
GUT_GENOME140786_1,GUT_GENOME140786_00531,568244,0.09771058845915385,0.09776319918243534,0.09591994254191995,0.010953718578618984,0.50075831970622,0.07840924169815572,0.05495387877311153,-5.261072328148486e-05,-0.2215451917832297,0.01751070084376423,0.047534894776326136,0.05134183822366443,0.9746557774286331,False
GUT_GENOME140786_1,GUT_GENOME140786_00531,568285,0.1260818528960867,0.10802235381896691,0.11155257627161615,0.012166623218688676,0.2834715315486297,0.08103666879006846,0.0060679864918825105,0.01805949907711979,0.12985852172433665,0.030515907481547686,0.21750516156423377,0.06417173097151345,0.9684234243613088,False
GUT_GENOME140786_1,GUT_GENOME140786_00531,568361,0.1591573930620982,0.12497790358602133,0.13531727414513464,0.01688365600146867,0.17864362302638925,0.13746434820235498,0.550596595509435,0.034179489476076866,0.4426119530100907,-0.0021470740572203384,-0.20938045746958373,0.2397455169175789,0.8870332970205638,False
GUT_GENOME140786_1,GUT_GENOME140786_00531,568368,0.16106304994537093,0.10980488499009895,0.12697633388843185,0.018184272254463774,0.1081713263963281,0.1450844438521287,0.8403291630389047,0.05125816495527198,0.7739653983744079,-0.018108109963696856,-0.41798164365554663,0.7737310923138483,0.6791824074726721,False
GUT_GENOME140786_1,GUT_GENOME140786_00531,568390,0.18662383981656186,0.15928691509126608,0.17266362260077542,0.026025518796127814,0.268278122836007,0.15468220481378944,0.24480952219640179,0.02733692472529578,0.3098553227865274,0.017981417786985976,0.05368688348741245,0.09889260251773407,0.9517562648775554,False
GUT_GENOME140786_1,GUT_GENOME140786_00531,568436,0.14303754245124517,0.15157868477511052,0.14660774593246786,0.026008071062935473,0.5868771015938135,0.14767939529767007,0.5164335638314629,-0.008541142323865353,-0.3862361946284869,-0.0010716493652022097,-0.19532530041567178,0.18733037102356687,0.91058758912532,False
GUT_GENOME140786_1,GUT_GENOME140786_00531,568460,0.12967384461417003,0.14362379152390845,0.1359575602112901,0.028978628749448003,0.6450738393683764,0.13890784224383507,0.5405458155199399,-0.013949946909738414,-0.49117559915166614,-0.0029502820325449652,-0.21987790496537915,0.2895997622939625,0.8651954177020438,False
GUT_GENOME140786_1,GUT_GENOME140786_00531,568470,0.13161987601698658,0.1790679490456289,0.1560382334606117,0.028917787362024574,0.9122582740380747,0.1339610722462155,0.22259880882418115,-0.04744807302864232,-1.141092480368168,0.022077161214396207,0.10721579867044605,1.3135872762373193,0.5185112065621389,False
GUT_GENOME140786_1,GUT_GENOME140786_00531,568631,0.10559666607567916,0.12328523288710393,0.11504553146788629,0.022556355839385707,0.7083670126246323,0.11926240540574072,0.5741494427064762,-0.017688566811424764,-0.5637107665796358,-0.004216873937854429,-0.23643150307826125,0.3736696840056465,0.8295807369647354,False
GUT_GENOME140786_1,GUT_GENOME140786_00531,568707,0.08592922340571552,0.12690707207889873,0.10650511948922403,0.021022917681806766,0.9324794420838647,0.11320158222091511,0.6249591199478799,-0.040977848673183215,-1.0155598455292905,-0.006696462731691083,-0.26883824451274824,1.1036358015641725,0.5759019256328068,False
GUT_GENOME140786_1,GUT_GENOME140786_00531,568887,0.07402256373401202,0.07135043318069938,0.07163808452016737,0.009747631252528196,0.4556349498110424,0.09355907813652915,0.9877390874624783,0.0026721305533126405,-0.1686808809164024,-0.02192099361636178,-0.46781375088188476,0.24730294510091166,0.8836877766645918,False
GUT_GENOME140786_1,GUT_GENOME140786_00531,568937,0.06281136519464028,0.07036947512508158,0.07030207535605375,0.007949921506706936,0.6736404207060006,0.08729237696451633,0.98370775208776,-0.007558109930441301,-0.36716380398188264,-0.016990301608462585,-0.40337255749116846,0.2975186790914124,0.8617764854655019,False
GUT_GENOME140786_1,GUT_GENOME140786_00531,568949,0.059690443101093026,0.06927365497962058,0.06827269063602927,0.007844834361768659,0.7043571875944917,0.08526728192064487,0.9848574547485209,-0.009583211878527557,-0.4064540000237127,-0.0169945912846156,-0.40342862099100113,0.32795950636997706,0.8487592063768813,False
GUT_GENOME140786_1,GUT_GENOME140786_00532,569759,0.06132441853369545,0.0695763407365539,0.06746382113684438,0.00739953766345307,0.6700023800406043,0.08427033066943998,0.9884353416310016,-0.008251922202858454,-0.3806248646584864,-0.016806509532595604,-0.4009705050641154,0.30565263352766286,0.8582787775023932,False
GUT_GENOME140786_1,GUT_GENOME140786_00532,569928,0.06841462376110742,0.07093364196139126,0.06875542333184656,0.008174882251790616,0.5533655770356146,0.08375326889939148,0.9667193841813021,-0.002519018200283843,-0.2693974163993953,-0.014997845567544923,-0.3773323495752047,0.21495466999861362,0.8980968775864802,False
GUT_GENOME140786_1,GUT_GENOME140786_00532,570128,0.05230694683414525,0.07797373931671088,0.0759549348605122,0.00499551552846812,0.9673334359263805,0.08075751926982905,0.8318192148876873,-0.025666792482565627,-0.7185010234263661,-0.004802584409316843,-0.24408638837671623,0.5758218856555247,0.7498283668596338,False
GUT_GENOME140786_1,GUT_GENOME140786_00533,571149,0.04642179179364257,0.0718634844072461,0.07026578957284707,0.004601981530909127,0.9721989233399491,0.07273767086364177,0.7044125123873177,-0.02544169261360353,-0.7141337282445759,-0.002471881290794703,-0.2136254936064864,0.5556228333351126,0.7574396485395607,False
GUT_GENOME140786_1,GUT_GENOME140786_00533,571245,0.05784127388078191,0.07092516542532545,0.06999900907739798,0.004808185572731374,0.7478128039732987,0.073110060466858,0.7411944817883132,-0.013083891544543542,-0.474372748750114,-0.0031110513894600234,-0.22197906423545055,0.27430420971558506,0.8718376053112555,False
GUT_GENOME140786_1,GUT_GENOME140786_00533,571275,0.051829978375164856,0.06231120283738967,0.06166328351901504,0.004525584665853972,0.7418663109039879,0.06815201984643329,0.9241838462826434,-0.010481224462224811,-0.4238768712499432,-0.006488736327418254,-0.2661233847387736,0.2504932578854623,0.8822792801436469,False
GUT_GENOME140786_1,GUT_GENOME140786_00534,571436,0.05038465165030505,0.06083971035413573,0.05903117949234829,0.00494048061001976,0.7500641435911712,0.06725728163894949,0.952047699155742,-0.010455058703830684,-0.4233692139550303,-0.008226102146601202,-0.28882971613506175,0.2626640962475606,0.8769265442288007,False
GUT_GENOME140786_1,GUT_GENOME140786_00534,571639,0.05137772267648305,0.059732772605690466,0.06266533127185053,0.006344764674932189,0.691052965780995,0.06678298939284144,0.7418260160190876,-0.008355049929207416,-0.38262570643804616,-0.004117658120990908,-0.2351348117352049,0.20169081091696414,0.9040727868009639,False
GUT_GENOME140786_1,GUT_GENOME140786_00538,574699,0.057371168072346095,0.059332253326243437,0.06257682708677485,0.0056835007226577715,0.5523239517162011,0.06643076181106555,0.7511432267061737,-0.001961085253897342,-0.258572630584322,-0.0038539347242907,-0.23168810478591897,0.12053918318658721,0.9415106760036047,False
GUT_GENOME140786_1,GUT_GENOME140786_00538,574701,0.1007285828154257,0.0944873266917846,0.09525198038208066,0.008846152238679144,0.42234844844421426,0.06647684430888996,0.0005712849240176713,0.006241256123641098,-0.09943417287356336,0.028775136073190696,0.19475432115577815,0.04781640034389766,0.9763753367320014,False
GUT_GENOME140786_1,GUT_GENOME140786_00538,574789,0.12075726161654528,0.08450990191490915,0.08968161983761443,0.00977596810290574,0.17667975374439976,0.06674176354077406,0.009473910132112153,0.03624735970163613,0.4827319216013343,0.022939856296840366,0.11849070705165121,0.247070155790517,0.8837906391848663,False
GUT_GENOME140786_1,GUT_GENOME140786_00538,575141,0.12087665147205044,0.09149135001179137,0.096576642443168,0.01097148000389366,0.2181419044891314,0.06734748726558205,0.0038596936439658064,0.02938530146025907,0.3495970866815683,0.029229155177585953,0.2006880791075104,0.16249382811210233,0.9219660169689595,False
GUT_GENOME140786_1,GUT_GENOME140786_00539,575448,0.0676950883046039,0.06427040325620274,0.06516030616272175,0.007471610505607558,0.4354078353451982,0.09884445620566594,0.9999967323134967,0.003424685048401155,-0.154080127768083,-0.033684150042944186,-0.6215511648100396,0.41006653624974576,0.8146202150735726,False
GUT_GENOME140786_1,GUT_GENOME140786_00539,575450,0.07641439354881055,0.06467421023267834,0.06729526115273074,0.007979526899219354,0.28532634499324794,0.10161729027444032,0.9999915085620024,0.011740183316132205,0.007253753438936141,-0.03432202912170958,-0.629887862581622,0.39681133636659716,0.8200371226835181,False
GUT_GENOME140786_1,GUT_GENOME140786_00539,575547,0.07689143577061221,0.08623725770413235,0.08298062514172608,0.015001680165040299,0.6505874151974553,0.10911481695245925,0.9592531546857597,-0.00934582193352014,-0.40184825783551575,-0.026134191810733176,-0.5228777295692459,0.43488314240492865,0.8045746138736924,False
GUT_GENOME140786_1,GUT_GENOME140786_00539,575618,0.08338665618212297,0.08396969146866251,0.08443024262711604,0.014694342073280813,0.5094228762815595,0.10741457192571287,0.9411102181641483,-0.0005830352865395377,-0.23183627124987358,-0.022984329298596826,-0.4817109118135311,0.28579345922726845,0.8668435835450946,False
GUT_GENOME140786_1,GUT_GENOME140786_00539,575682,0.08514971040376355,0.06097067621601718,0.06556709603370171,0.00880551066590025,0.15386457324181807,0.10284129180470074,0.9999884730067768,0.024179034187746376,0.2485872279055721,-0.037274195770999025,-0.6684709137362488,0.5086489723891522,0.7754401415978449,False
GUT_GENOME140786_1,GUT_GENOME140786_00539,575885,0.09399963131551703,0.057205184308545536,0.06520757981078089,0.008342497044823958,0.06522078715664151,0.09000667066303591,0.9985236611514032,0.036794447006971494,0.49334628474435344,-0.024799090852255026,-0.5054287591359704,0.4988487872327835,0.7792491948156504,False
GUT_GENOME140786_1,GUT_GENOME140786_00539,575903,0.07797918369799478,0.05367197555034431,0.06054917566132242,0.007919776223679518,0.1215340554485842,0.08529486628072779,0.9991095960803373,0.024307208147650472,0.2510740064190433,-0.024745690619405368,-0.504730850054109,0.31779138769565324,0.8530853363775184,False
GUT_GENOME140786_1,GUT_GENOME140786_00539,576409,0.07392221898882718,0.0604404919682722,0.062273281247949924,0.006199973529228256,0.2520481475571724,0.08455348497288732,0.9998369276659275,0.013481727020554987,0.04104246892896318,-0.0222802037249374,-0.4725084120040026,0.2249486836703292,0.8936202754706928,False
GUT_GENOME140786_1,GUT_GENOME140786_00539,577151,0.06445427760115506,0.05599292116101692,0.05662313218251123,0.004684842474697441,0.2828129763381185,0.0780845327180188,0.9999976865347134,0.008461356440138137,-0.05636069859730324,-0.021461400535507567,-0.4618071443940095,0.21644236695972557,0.8974290779903445,False
GUT_GENOME140786_1,GUT_GENOME140786_00539,577218,0.05607202747264266,0.05444411767342035,0.05455334955623545,0.004040473486774998,0.45077581470858874,0.0763488174601929,0.9999999656016391,0.0016279097992223102,-0.1889404229991742,-0.02179546790395745,-0.46617320495129405,0.25301594045766806,0.881167126411889,False
GUT_GENOME140786_1,GUT_GENOME140786_00539,577602,0.05766904606374873,0.054541336053697674,0.05480325347896322,0.002934518589542923,0.40853201536440215,0.07303748961168322,0.9999999997412536,0.003127710010051056,-0.15984191545849136,-0.018234236132719996,-0.4196300371947555,0.2016388060535114,0.9040962951975148,False
GUT_GENOME140786_1,GUT_GENOME140786_00539,577665,0.04948078156675263,0.053864570252826996,0.05382772841556909,0.0026570147663536868,0.672078446927319,0.06932959769242361,0.9999999972994499,-0.0043837886860743636,-0.3055769272773373,-0.01550186927685452,-0.38391963778405885,0.24077154676050205,0.8865783524100236,False
GUT_GENOME140786_1,GUT_GENOME140786_00539,577676,0.05552416520380676,0.053865304438821905,0.05389290006823066,0.002316557495439518,0.45744011089110337,0.06830981428372511,0.9999999997567862,0.0016588607649848583,-0.1883399250767641,-0.014416914215494452,-0.3697399245070316,0.17217953915238654,0.9175118628720381,False
GUT_GENOME140786_1,GUT_GENOME140786_00541,579480,0.07007041050967223,0.052541307351080584,0.05301504699604104,0.0024677213213196445,0.23029102588374561,0.06527368258981067,0.9999996610550521,0.01752910315859165,0.1195679980109747,-0.012258635593769635,-0.34153251470921786,0.13094096475195457,0.9366266933461789,False
GUT_GENOME140786_1,GUT_GENOME140786_00541,580027,0.061555057351745074,0.05531500889468067,0.05560511852081331,0.0029414596419033478,0.38611578578014694,0.0640654592153087,0.9979877751470059,0.006240048457064405,-0.09945760352434924,-0.008460340694495395,-0.29189107375793255,0.09509221383836547,0.9535665061052097,False
GUT_GENOME140786_1,GUT_GENOME140786_00541,580442,0.07341444307048152,0.05806047464800914,0.05836004072564694,0.0029677195834773113,0.25104675038937885,0.0648151664035732,0.9851891781658383,0.015353968422472379,0.07736692745238752,-0.006455125677926256,-0.265684113666796,0.07657368971833398,0.9624368312354622,False
GUT_GENOME140786_1,GUT_GENOME140786_00542,581601,0.0748543930578247,0.06260664191092447,0.062346421093218335,0.003916924482638204,0.2792891468532818,0.06480411110782579,0.7348191666219689,0.01224775114690023,0.017101375971840183,-0.0024576900146074526,-0.21344002212058164,0.045849100102964606,0.9773362209590645,False
GUT_GENOME140786_1,GUT_GENOME140786_00542,582138,0.08861460417004026,0.06066257151333386,0.06097642811812173,0.003523253962937719,0.09734767435271197,0.0647079825135238,0.8552277993412221,0.0279520326567064,0.32178939417233915,-0.003731554395402077,-0.2300886671352815,0.1564892089458914,0.9247382037761694,False
GUT_GENOME140786_1,GUT_GENOME140786_00545,584024,0.09448640908106982,0.05860257738492923,0.05951963763048601,0.0030058541222232143,0.06765602195344712,0.064870000450167,0.9624604538269741,0.035883831696140595,0.4756789005837442,-0.005350362819680987,-0.2512455243399813,0.28939472996143173,0.8652841187659058,False
GUT_GENOME140786_1,GUT_GENOME140786_00545,584053,0.08627222626852407,0.06541782018925602,0.06576995071681536,0.0030337575226730786,0.14406450125967302,0.06778350987980904,0.7465645587357225,0.020854406079268056,0.18408415917279344,-0.002013559162993672,-0.20763549771431655,0.07699947756942631,0.9622319560894811,False
GUT_GENOME140786_1,GUT_GENOME140786_00545,584059,0.09550577921294563,0.07143554172305998,0.07209714075981823,0.0033580194977330946,0.14457688188529794,0.07028637392061401,0.2948618227499151,0.024070237489885654,0.2464763990696752,0.0018107668392042114,-0.15765384582813835,0.0856053504027562,0.9581004283895344,False
GUT_GENOME140786_1,GUT_GENOME140786_00545,584356,0.10367584032118297,0.07694387683910346,0.07775022155582045,0.0035618969788904047,0.13233236842357715,0.07258744965650929,0.07360674786845821,0.026731963482079513,0.2981181132765872,0.005162771899311164,-0.11384514595823003,0.10183512672184278,0.9503570115412541,False
GUT_GENOME140786_1,GUT_GENOME140786_00545,584477,0.10500973854527179,0.06917140373452177,0.07135380823025156,0.0044192006910317855,0.0725852113967736,0.07244692578025254,0.5976837910968222,0.03583833481075002,0.4747961887044842,-0.0010931175500009799,-0.19560587674170246,0.26369307982419427,0.8764754887649535,False
GUT_GENOME140786_1,GUT_GENOME140786_00545,584626,0.09743966842367213,0.07435408404637806,0.07598134824711852,0.00511069341180951,0.13879166475669735,0.07286958619184813,0.2713043871537606,0.023085584377294077,0.2273725638956085,0.0031117620552703895,-0.140650617034978,0.07148087888478262,0.964890708553123,False
GUT_GENOME140786_1,GUT_GENOME140786_00545,584741,0.06806983445804007,0.06551016257517109,0.06542921914260028,0.006079942044461786,0.43931345459785115,0.06543838364304097,0.5006013388439127,0.0025596718828689857,-0.17086275783993718,-9.164500440694834e-06,-0.18143925915916717,0.062114286780896436,0.9694201755376403,False
GUT_GENOME140786_1,GUT_GENOME140786_00547,585832,0.06089768338653941,0.06957459183830196,0.06830946808963728,0.006237233110559974,0.7322963205225019,0.06503944706326155,0.3000438844889983,-0.008676908451762548,-0.3888702732663362,0.003270021026375733,-0.13858226700490578,0.170425134158454,0.9183170596778377,False
GUT_GENOME140786_1,GUT_GENOME140786_00547,585882,0.06500843362556147,0.06661082311356095,0.06633834742596631,0.00504290906688868,0.5453216848750984,0.06410152812888967,0.32868132961246266,-0.0016023894879994838,-0.25161336269421924,0.002236819297076642,-0.1520855952076651,0.08643931255596249,0.9577010019238369,False
GUT_GENOME140786_1,GUT_GENOME140786_00549,588042,0.060906974482147436,0.063218005221509,0.06268838557460468,0.005027459742708303,0.56912302916136,0.06342713184326705,0.5584112001597505,-0.0023110307393615637,-0.2653621291282526,-0.0007387462686623686,-0.1909744561954033,0.1068883024946094,0.9479588818466069,False
GUT_GENOME140786_1,GUT_GENOME140786_00550,589475,0.06385787412769109,0.0880653453726365,0.08740899748804429,0.0033645528586208626,0.9438956411706152,0.06333957996150327,4.219676228313282e-13,-0.024207471244945405,-0.6901878722942522,0.024069417526541015,0.1332533962508917,0.49411576667446405,0.7810954798097602,False
GUT_GENOME140786_1,GUT_GENOME140786_00550,589554,0.06943749579400615,0.08602902225079302,0.08571897751135708,0.0030147586222777785,0.8275828006400697,0.0617572451619975,9.466409178012097e-16,-0.016591526456786868,-0.542426440306455,0.023961732349359582,0.13184601543762145,0.31160981493030976,0.8557261198649976,False
GUT_GENOME140786_1,GUT_GENOME140786_00551,589794,0.07413315510583934,0.08486933003252334,0.08467510367866739,0.002799016835599932,0.7354296400767898,0.06159988342423104,8.324237172794007e-17,-0.010736174926683995,-0.42882331542230856,0.023075220254436347,0.12025983295844091,0.19835186327297286,0.9055833732431156,False
GUT_GENOME140786_1,GUT_GENOME140786_00551,589801,0.07946283741579437,0.08589237234861019,0.08583528385109976,0.0027676524878255558,0.6460166025016894,0.061364856561610434,4.718622016052123e-19,-0.006429534932815825,-0.34526765552055877,0.024470427289489324,0.13849435383743694,0.13839043999351242,0.9331444938305226,False
GUT_GENOME140786_1,GUT_GENOME140786_00551,590427,0.08688391946097573,0.08666958581858668,0.08678086627147721,0.0028072766502901217,0.49501085888551705,0.06091517093154644,1.57384598190575e-20,0.00021433364238905572,-0.21636604686691127,0.025865695339930772,0.15672967215104092,0.07137845636938722,0.9649401230851282,False
GUT_GENOME140786_1,GUT_GENOME140786_00552,591130,0.07449437324535119,0.08081418963575986,0.08104525871926584,0.0030613930186043064,0.6454366323320131,0.06056737473243633,1.1229369042732298e-11,-0.00631981639040867,-0.3431389414354853,0.02047788398682951,0.08631420251682537,0.12519447468558095,0.9393217212244438,False
GUT_GENOME140786_1,GUT_GENOME140786_00556,594708,0.06713719606109916,0.07812889036050329,0.07802058235230215,0.0033682961695551267,0.7395602004975715,0.0603312094220044,7.53397204987579e-08,-0.010991694299404123,-0.43378079731903313,0.01768937293029775,0.04987003200724295,0.19065280021513953,0.9090761634802759,False
GUT_GENOME140786_1,GUT_GENOME140786_00556,594889,0.06877925826108343,0.07815378040282486,0.07805599407122203,0.0029392254692021625,0.7081005025900609,0.06045997893679082,1.0712569674660158e-09,-0.009374522141741434,-0.4024050874847695,0.01759601513443121,0.04864990149243311,0.16429666734884843,0.9211353131763879,False
GUT_GENOME140786_1,GUT_GENOME140786_00556,595433,0.0605499340990402,0.07682486192958256,0.07651784358172468,0.002882503253786132,0.845205985530578,0.06109671127294532,4.399904837400927e-08,-0.01627492783054236,-0.5362839238255065,0.015421132308779367,0.02022548468735835,0.2880095171845202,0.8658836276622727,False
GUT_GENOME140786_1,GUT_GENOME140786_00556,595763,0.057148960757414186,0.0762136648800092,0.07592549367141856,0.0026483778965620108,0.878939426227416,0.059994824534653185,8.980171706181957e-10,-0.01906470412259502,-0.5904100173444932,0.01593066913676537,0.026884826057562525,0.3493067824528701,0.8397480343686565,False
GUT_GENOME140786_1,GUT_GENOME140786_00557,596672,0.06687158670039849,0.08564877784339124,0.08531208264730115,0.0031091119547387055,0.8607841264442522,0.06344713411614535,1.0140489100939066e-12,-0.018777191142992755,-0.5848318086306954,0.02186494853115581,0.10444230591552464,0.35293643965120236,0.8382254176818531,False
GUT_GENOME140786_1,GUT_GENOME140786_00558,597201,0.06719540241696846,0.0886888426654385,0.08832490044415023,0.0031299646541168755,0.8889773812974482,0.06583810204800354,3.3760928913228797e-13,-0.02149344024847004,-0.6375313578822782,0.022486798396146687,0.11256951145699216,0.41911812719288744,0.810941740882853,False
GUT_GENOME140786_1,GUT_GENOME140786_00558,597647,0.06343449570842685,0.07325308704998686,0.07216329673605355,0.005812531055841975,0.7332032350488515,0.06988924182930298,0.34781244890634455,-0.009818591341560004,-0.41102073566658,0.002274054906750575,-0.15159894807574628,0.19192028620556945,0.9085002253472083,False
GUT_GENOME140786_1,GUT_GENOME140786_00558,598682,0.06136010644591624,0.07293904790535528,0.07149765627189561,0.006007367841454016,0.7643121172359375,0.07222341945777101,0.5480800974759964,-0.011578941459439045,-0.4451743254644108,-0.0007257631858754027,-0.19080477507410384,0.23458664224377251,0.8893242973015432,False
GUT_GENOME140786_1,GUT_GENOME140786_00558,598753,0.07069303003830964,0.0940272318253832,0.09026064110898961,0.009031751051930758,0.8734201429908712,0.07736580361403464,0.07668582099882586,-0.023334201787073558,-0.6732450570302839,0.012894837494954972,-0.012791676473552194,0.45342253380271424,0.7971509129185492,False
GUT_GENOME140786_1,GUT_GENOME140786_00558,598772,0.0791061204397532,0.08056525104150011,0.08035948159862583,0.009713361648055877,0.527337028474758,0.08073475234359653,0.5154090969471281,-0.0014591306017469191,-0.24883391263694352,-0.0003752707449707071,-0.18622404865068506,0.09659771237406276,0.9528489797085099,False
GUT_GENOME140786_1,GUT_GENOME140786_00558,598799,0.08641710247540664,0.0840676368818326,0.08498966952526378,0.01207129799848503,0.45881297402915056,0.08962249690456736,0.6494324561242737,0.002349465593574046,-0.1749410939076244,-0.004632827379303581,-0.24186776559861672,0.08910440237326367,0.9564256722354696,False
GUT_GENOME140786_1,GUT_GENOME140786_00558,598937,0.0941801275586393,0.09918551051466835,0.09893395965987978,0.015008362759419183,0.5770927901705596,0.10516764402096095,0.6610561945090044,-0.00500538295602905,-0.3176368439388552,-0.006233684361081168,-0.26279000819424814,0.16995175303416965,0.9185344423841202,False
GUT_GENOME140786_1,GUT_GENOME140786_00558,599469,0.08536906992070455,0.10649766233325554,0.09648161888358867,0.016619801659322763,0.8645874665253928,0.10342458838628221,0.6619360862173097,-0.021128592412550995,-0.6304527300570256,-0.006942969502693547,-0.27205994046878074,0.4714872560442333,0.7899831775232867,False
GUT_GENOME140786_1,GUT_GENOME140786_00558,599470,0.08683124929914313,0.10529455191508305,0.10085277474565854,0.018580161491875132,0.8118224271236689,0.11051961818233381,0.6985649771481198,-0.018463302615939925,-0.5787418723808975,-0.009666843436675274,-0.3076593424737003,0.4295964258582966,0.8067042062335514,False
GUT_GENOME140786_1,GUT_GENOME140786_00558,599516,0.09498534857060495,0.13331502760133873,0.12139322758399743,0.017397708965028295,0.938664591477801,0.11125918356439543,0.2801173211824886,-0.03832967903073378,-0.9641811460508829,0.010134044019601995,-0.04887359478684993,0.9320339106673832,0.6274966445421442,False
GUT_GENOME140786_1,GUT_GENOME140786_00558,599552,0.081489536591102,0.12955047304902587,0.11412159006085576,0.015288250019451378,0.9744082892476407,0.10050259140996495,0.18651427982762186,-0.048060936457923864,-1.1529830048457606,0.013618998650890807,-0.003327323595508915,1.3293808805454683,0.5144327507228543,False
GUT_GENOME140786_1,GUT_GENOME140786_00558,599611,0.07708596174011553,0.11932380046477947,0.105795551908276,0.01394662350425677,0.9518102666242788,0.0969620918874106,0.2632439870446498,-0.04223783872466394,-1.0400056548774155,0.008833460020865394,-0.06587144921563741,1.08595080999877,0.5810169172993089,False
GUT_GENOME140786_1,GUT_GENOME140786_00558,599622,0.05005163977947138,0.04440987031548146,0.04515056293148928,0.0046916641854927036,0.3681658447706935,0.060496350005670385,0.9994638993040315,0.005641769463989921,-0.11106516676224898,-0.015345787074181105,-0.38187973681453713,0.15816760465746632,0.9239624909921731,False
GUT_GENOME140786_1,GUT_GENOME140786_00558,599645,0.048673332277691134,0.041078585624553965,0.042266491546011684,0.005573537322891258,0.3167275233817517,0.06075684438148611,0.9995459070614015,0.007594746653137169,-0.07317430566296904,-0.018490352835474427,-0.4229773292069823,0.1842643000323295,0.9119846227988152,False
GUT_GENOME140786_1,GUT_GENOME140786_00558,599688,0.043739361465983444,0.051185662090082455,0.05021825590484329,0.006340737917447336,0.6977176329965675,0.060448624826634365,0.9466749903859847,-0.0074463006240990115,-0.36499452575387,-0.010230368921791078,-0.31502428327891946,0.23246130288568934,0.8902698575872607,False
GUT_GENOME140786_1,GUT_GENOME140786_00565,606011,0.05287517063461527,0.041639719501202904,0.04555014713996776,0.005534641246463628,0.2652746398187472,0.05995647452298319,0.9953785651067308,0.011235451133412365,-0.002538853015481543,-0.014406327383015428,-0.3696015609430363,0.1366117596261632,0.9339747458595844,False
GUT_GENOME140786_1,GUT_GENOME140786_00565,606023,0.045624743069976915,0.06237102127090448,0.06108773850763674,0.005216183905534535,0.9145391073841123,0.05975586117913834,0.3992319618589545,-0.016746278200927563,-0.5454288700709659,0.0013318773284983973,-0.16391264510473877,0.3243600075321226,0.8502881356974995,False
GUT_GENOME140786_1,GUT_GENOME140786_00565,606026,0.051056834730778634,0.059914787521312754,0.05904873929116283,0.004366593464202075,0.7225386936575001,0.059502857880366467,0.5414146777164787,-0.00885795279053412,-0.39238282115031836,-0.0004541185892036337,-0.18725454278224207,0.18902854212646927,0.9098147505095453,False
GUT_GENOME140786_1,GUT_GENOME140786_00565,606284,0.04939586936074427,0.05890260023053626,0.05807063965602739,0.0044001915567554095,0.7353448221624034,0.059525434341129196,0.6295345191804063,-0.009506730869791993,-0.40497014691224986,-0.001454794685101804,-0.20033278042392266,0.20413404280250885,0.9029690313910494,False
GUT_GENOME140786_1,GUT_GENOME140786_00566,606415,0.05619234653551825,0.06686086501262054,0.06627705819453462,0.0053437202223226635,0.745283918775762,0.06141463236625734,0.18142899876172275,-0.010668518477102283,-0.4275106727822322,0.004862425828277284,-0.11777048934139592,0.19663526350242866,0.906360969005915,False
GUT_GENOME140786_1,GUT_GENOME140786_00566,606699,0.058614639670602854,0.06145522196973889,0.06131991954505685,0.0046024387585822096,0.5713622421267281,0.06196702802271617,0.5559075055058312,-0.0028405822991360366,-0.2756362709399564,-0.0006471084776593222,-0.18977680511468992,0.11199058961722405,0.945543584843462,False
GUT_GENOME140786_1,GUT_GENOME140786_00566,606710,0.056633359808884516,0.06385981758538554,0.06323957076652487,0.004988988147547956,0.665542916491656,0.062272774328160876,0.4231716948828401,-0.007226457776501029,-0.3607292251408902,0.0009667964383639899,-0.16868403382800845,0.15857987713923571,0.923772048466789,False
GUT_GENOME140786_1,GUT_GENOME140786_00569,610916,0.056857062265924185,0.06362477734477844,0.06313902991747447,0.005280156507165114,0.6531466775122801,0.06213124406083424,0.42431651305347023,-0.00676771507885425,-0.3518288877824017,0.0010077858566402281,-0.16814832666441348,0.1520574260382441,0.926789595249968,False
GUT_GENOME140786_1,GUT_GENOME140786_00569,611092,0.06548865272822915,0.06365715102647485,0.0640992049423374,0.00563257626764704,0.4587408881855527,0.06234983976863719,0.3780599912631476,0.0018315017017543067,-0.18499041654613088,0.0017493651737002028,-0.15845632884571823,0.0593298623651734,0.9707707540683831,False
GUT_GENOME140786_1,GUT_GENOME140786_00569,611128,0.0726878962243692,0.07402039674388365,0.07371041224242646,0.00869759023434312,0.5301964814190717,0.06272063075588567,0.1031970057102567,-0.0013325005195144457,-0.24637708780379936,0.010989781486540784,-0.0376896182759789,0.06212217672047006,0.9694163512118805,False
GUT_GENOME140786_1,GUT_GENOME140786_00569,611129,0.08765486540006207,0.07376979946001967,0.07688535423805841,0.009495101680584437,0.2738589020246849,0.06332427724336055,0.07661453239106282,0.013885065940042393,0.04886788494465362,0.013561076994697857,-0.004084324974272939,0.0024047518894593735,0.9987983466195995,False
GUT_GENOME140786_1,GUT_GENOME140786_00569,611710,0.0828657029857579,0.09327713479691567,0.08572902940429697,0.01143438563808218,0.6916662715232575,0.08902699346286894,0.6134893296079671,-0.010411431811157765,-0.4225227829062454,-0.003297964058571967,-0.2244219009484558,0.22889069170015666,0.8918606809734888,False
GUT_GENOME140786_1,GUT_GENOME140786_00569,612018,0.06418180339008614,0.08808463695638392,0.08163411123334775,0.009539259415244044,0.924671809873609,0.09127525753757011,0.8439153844688543,-0.023902833566297785,-0.6842774172047669,-0.009641146304222359,-0.3073234963329695,0.5626833150947473,0.7547704184130754,False
GUT_GENOME140786_1,GUT_GENOME140786_00569,612140,0.06850855103834048,0.0865063251947147,0.0845288277470506,0.00683904739812371,0.8534623905241451,0.09614376106098103,0.955276892890432,-0.017997774156374213,-0.5697098804573931,-0.011614933313930431,-0.33311971118494405,0.43553808987071774,0.8043111799576932,False
GUT_GENOME140786_1,GUT_GENOME140786_00569,612222,0.06383843704699077,0.0857430234320098,0.08403162811548018,0.005864682278493766,0.9161574831140408,0.09280830284062157,0.9327422408743169,-0.021904586385019034,-0.6455082463160268,-0.00877667472514139,-0.29602537020400255,0.504311915866409,0.7771235300379256,False
GUT_GENOME140786_1,GUT_GENOME140786_00569,612239,0.06424416973843543,0.06809079895122779,0.06792506517964722,0.0038393743656089203,0.5985522101129827,0.0784158890273951,0.9968565538756666,-0.0038466292127923574,-0.2951551798532529,-0.010490823847747882,-0.31842827327185724,0.18851314541310266,0.9100492384879235,False
GUT_GENOME140786_1,GUT_GENOME140786_00569,612371,0.060795517875506674,0.06068929473313974,0.06067551829880919,0.003304673389426693,0.49764289283011076,0.07215162173897281,0.999742364115748,0.00010622314236693325,-0.21846356237424835,-0.011476103440163622,-0.33130528782824625,0.1574895218282042,0.9242758056525067,False
GUT_GENOME140786_1,GUT_GENOME140786_00570,613137,0.05820231034590339,0.05552547326297722,0.05499779026236534,0.004491069372018944,0.4293237823509685,0.06342291904591094,0.9696705658880211,0.0026768370829261673,-0.16858956676238318,-0.008425128783545593,-0.2914308751570997,0.11335439701596109,0.9448990349604939,False
GUT_GENOME140786_1,GUT_GENOME140786_00570,613267,0.06060438349215464,0.048178402500207836,0.04915450226223343,0.0032661846999838514,0.21131434363105817,0.061809929361172855,0.9999466179893074,0.012425980991946806,0.020559318204823856,-0.012655427098939423,-0.34671834219133923,0.1206362943769578,0.9414649615022144,False
GUT_GENOME140786_1,GUT_GENOME140786_00570,614535,0.051051005577825555,0.047015426570406076,0.04802268999701045,0.0034818079364826024,0.38102615912706245,0.06134386992650651,0.9999348623576296,0.004035579007419479,-0.1422278141434371,-0.013321179929496066,-0.35541933321563896,0.1465516535394695,0.9293444565906576,False
GUT_GENOME140786_1,GUT_GENOME140786_00575,617637,0.04986202310415485,0.046353400744377146,0.046694854366444556,0.002430922191241478,0.40267093772288765,0.061485117465332896,0.9999999994146976,0.0035086223597777036,-0.15245161053598744,-0.01479026309888834,-0.37461937095358505,0.16358116664867617,0.921464908610079,False
GUT_GENOME140786_1,GUT_GENOME140786_00575,617638,0.04750533268170859,0.04781312236193495,0.047859769433689185,0.0022379305351655065,0.5085371006929241,0.0618701702783862,0.9999999998080377,-0.00030778968022635717,-0.2264960690729328,-0.014010400844697013,-0.36442703805995635,0.18410753537464364,0.9120561090790131,False
GUT_GENOME140786_1,GUT_GENOME140786_00575,618027,0.04802670583979582,0.04893362214297838,0.048887837953524055,0.0022545837517248747,0.5244811799302382,0.06294301217089732,0.9999999997727272,-0.0009069163031825631,-0.23812007767757332,-0.014055174217373262,-0.3650121992427604,0.18993507698921017,0.9094024545617804,False
GUT_GENOME140786_1,GUT_GENOME140786_00576,618409,0.05166410867522746,0.052161499251784135,0.052132138767967705,0.002455588852049955,0.5129381242992203,0.06417604363121189,0.9999995321276675,-0.0004973905765566777,-0.23017462777145403,-0.012043904863244186,-0.33872611258340024,0.16771573861558975,0.9195619447832053,False
GUT_GENOME140786_1,GUT_GENOME140786_00576,619253,0.05630945533759707,0.05446906078375547,0.05452243743105984,0.0026252658572337643,0.4541001180674156,0.06651149688392197,0.9999975238485318,0.0018403945538415997,-0.18481788108330596,-0.011989059452862126,-0.3380093158961682,0.14840794680071867,0.9284822888355252,False
GUT_GENOME140786_1,GUT_GENOME140786_00577,619359,0.05649500168349158,0.046843430061959276,0.0471107122030713,0.003137787686425579,0.26405002278046363,0.06807693137457003,0.9999999999882025,0.009651571621532302,-0.03326863261359741,-0.020966219171498733,-0.45533542034585345,0.20843714693751356,0.9010283350079792,False
GUT_GENOME140786_1,GUT_GENOME140786_00578,621056,0.05234589088872066,0.043303408443822224,0.04484801744995945,0.0044621847562028505,0.2680580066801338,0.069735766002599,0.999999987798645,0.009042482444898435,-0.045085930591863034,-0.024887748552639546,-0.5065874622159645,0.2586635980117456,0.8786823712356533,False
GUT_GENOME140786_1,GUT_GENOME140786_00578,621382,0.05102376955209324,0.043148562401106684,0.043999733892754855,0.003940307742294077,0.28213236662617497,0.06854793477197359,0.999999999766814,0.007875207150986559,-0.06773292630283105,-0.02454820087921873,-0.5021497773528206,0.2567421482010321,0.8795269489120399,False
GUT_GENOME140786_1,GUT_GENOME140786_00578,621526,0.05280161204563018,0.04569684850397485,0.04616692424235724,0.003480068372090049,0.3145400987466773,0.0702185043486565,0.9999999999975978,0.007104763541655325,-0.08268075669645919,-0.02405158010629925,-0.49565924109172765,0.25251419080752646,0.8813882167924314,False
GUT_GENOME140786_1,GUT_GENOME140786_00578,621757,0.06126630897246203,0.04675505255935622,0.04807071851239295,0.003661425505041423,0.14232396111025108,0.0729930359367948,0.9999999999950078,0.014511256413105814,0.061016975250669236,-0.024922317424401853,-0.507039256679493,0.2608118790828336,0.8777390496035413,False
GUT_GENOME140786_1,GUT_GENOME140786_00578,621898,0.09039626598937128,0.05729849228989888,0.06205477571495346,0.006139502356370116,0.03637407621237986,0.08606436728472709,0.9999539805151799,0.0330977736994724,0.42162494790425215,-0.024009591569773635,-0.49511047605061254,0.42290198019032754,0.8094089491362242,False
GUT_GENOME140786_1,GUT_GENOME140786_00578,621914,0.1360812389182688,0.08535958102617028,0.09036762798632159,0.007059119376007735,0.031492601140948456,0.09563611889786329,0.7722684492490993,0.05072165789209851,0.7635563087432254,-0.005268490911541704,-0.25017550750315226,0.6456060211760396,0.7241164835995393,False
GUT_GENOME140786_1,GUT_GENOME140786_00579,622348,0.14816036775647884,0.10328216896814409,0.10735023390157752,0.00828939538873326,0.07000054100731092,0.1000872559022107,0.19046689539011052,0.04487819878833475,0.6501839158292488,0.007262977999366829,-0.08639670926065725,0.43020351577412624,0.8064593724001382,False
GUT_GENOME140786_1,GUT_GENOME140786_00579,622360,0.13696085029278138,0.09737014054950864,0.09963774823861107,0.005920684560195857,0.09238804535150369,0.09495006517837118,0.21425416371117295,0.03959070974327274,0.5475982255898818,0.0046876830602398945,-0.12005427273137169,0.31427684507024567,0.8545857567031119,False
GUT_GENOME140786_1,GUT_GENOME140786_00579,622566,0.1406123955466075,0.08845555989368459,0.0907099047986832,0.004823882722180378,0.05055880513532218,0.08839088443325033,0.31535160804555296,0.05215683565292292,0.7914010380572007,0.0023190203654328695,-0.15101127644381188,0.6491200086512043,0.7228453325018402,False
GUT_GENOME140786_1,GUT_GENOME140786_00579,622572,0.12586602673808164,0.0813163175067432,0.08294956073565166,0.00375087079216105,0.057511716842684316,0.0771105664934072,0.05977043117312127,0.04454970923133844,0.643810696394901,0.005838994242244461,-0.10500732467345375,0.4255187510275635,0.808350622769845,False
GUT_GENOME140786_1,GUT_GENOME140786_00579,622578,0.10009513576423554,0.075410454176086,0.07600919064989843,0.0025606798918707107,0.13590031314552442,0.06205330174613766,2.5174764548627637e-08,0.024684681588149543,0.2583975910374908,0.013955888903760774,0.0010756303715734085,0.06677047203467461,0.9671659006731427,False
GUT_GENOME140786_1,GUT_GENOME140786_00580,623463,0.1178976382098901,0.0743553495681551,0.0751023992094039,0.00247400066558101,0.05058933838369282,0.06152493715313406,2.0318696845480872e-08,0.04354228864173501,0.6242651359852139,0.013577462056269834,-0.003870182026429709,0.38972193831555535,0.8229490654044284,False
GUT_GENOME140786_1,GUT_GENOME140786_00580,623820,0.12579956066450435,0.07649469406481632,0.07731118401816231,0.0022668824082729172,0.014590971662900654,0.06116748362330076,5.336273911561539e-13,0.049304866599688024,0.7360683061358649,0.01614370039486155,0.029669017095909793,0.5426768018731588,0.7623584699290938,False
GUT_GENOME140786_1,GUT_GENOME140786_00582,627142,0.12239439875391804,0.07611617871493578,0.07671326835122148,0.0022365764400104713,0.03380638938964894,0.059213675995182465,2.552924895564773e-15,0.04627822003898226,0.6773465529758136,0.01749959235603902,0.04738971349048799,0.4610441377729272,0.7941189094887963,False
GUT_GENOME140786_1,GUT_GENOME140786_00582,627467,0.09783190171356214,0.07786311074161481,0.07816304370200959,0.00232113870255176,0.20049245902511026,0.0587273624994661,2.8004095436379957e-17,0.01996879097194733,0.16690181869007337,0.019435681202543492,0.07269323591276178,0.033140523629522564,0.9835662698117636,False
GUT_GENOME140786_1,GUT_GENOME140786_00585,629708,0.08034727137859915,0.07701142532540435,0.07704161722587088,0.0022582650720025252,0.43128817809501346,0.05950273399468904,4.03327683160884e-15,0.003335846053194799,-0.15580374545612852,0.017538883231181843,0.04790322171195323,0.026569525748542634,0.9868030901223273,False
GUT_GENOME140786_1,GUT_GENOME140786_00586,631423,0.07341578556761762,0.07474386528142483,0.07472683110435319,0.00206538309843343,0.5331629866548134,0.060141514969499286,8.218150408505128e-13,-0.0013280797138072176,-0.2462913171476287,0.0145853161348539,0.009301867552738749,0.06074593764228252,0.9700836551107609,False
GUT_GENOME140786_1,GUT_GENOME140786_00586,631591,0.06176218274121772,0.06539003751404149,0.06538534059646366,0.0017146023046004303,0.6026446012895121,0.060333672298992974,0.0016081971035285792,-0.00362785477282377,-0.2909106080461741,0.005051668297470682,-0.11529720353577443,0.09792242701696452,0.9522180621800513,False
GUT_GENOME140786_1,GUT_GENOME140786_00587,632254,0.07439185538125148,0.0650009712446972,0.06512324717188182,0.0017993712212023129,0.28704860303099355,0.06272544358117439,0.09133506516917411,0.009390884136554284,-0.03832638410117917,0.0023978035907074313,-0.14998162684336452,0.023963400108853363,0.9880897946859462,False
GUT_GENOME140786_1,GUT_GENOME140786_00588,632719,0.07936477262682562,0.06338208021247808,0.06362466462683873,0.0022673677736194256,0.1609758171061983,0.06660641793578016,0.9057572535225189,0.015982692414347535,0.08956517204956504,-0.0029817533089414316,-0.22028921571147084,0.05654925860304312,0.9721213571292826,False
GUT_GENOME140786_1,GUT_GENOME140786_00588,633195,0.08878710194972733,0.06462939901701169,0.06505636573419667,0.002484838708726828,0.14403986864081703,0.06896790104532677,0.9422748427433923,0.024157702932715644,0.248173367658799,-0.0039115353111301016,-0.23244090998040082,0.11561879704762622,0.9438298256517658,False
GUT_GENOME140786_1,GUT_GENOME140786_00588,633200,0.09183045592262273,0.06876714883018167,0.06932256678177388,0.002697852978303641,0.1358270450912205,0.0738555959837203,0.9535442783620787,0.02306330709244106,0.22694034916687256,-0.004533029201946412,-0.2405634631524669,0.10937270188389034,0.9467820586890545,False
GUT_GENOME140786_1,GUT_GENOME140786_00589,633779,0.10082077654725215,0.06646178900183276,0.0676759603438284,0.0034210929846038244,0.04673736511296597,0.07631425904903368,0.9942152727982478,0.034358987545419384,0.44609450080985075,-0.008638298705205272,-0.29421687844522804,0.285563875214844,0.8669430959706281,False
GUT_GENOME140786_1,GUT_GENOME140786_00589,634710,0.0968840685657745,0.06707596144922537,0.06793663844457169,0.0031413282109411644,0.07636918371061674,0.07264245720608511,0.9329378864377833,0.029808107116549132,0.3578001883273545,-0.004705818761513422,-0.24282171927678292,0.18698336211962313,0.9107455938328073,False
GUT_GENOME140786_1,GUT_GENOME140786_00589,634857,0.076615773516793,0.061161709979994476,0.06168188589896718,0.003906871534677622,0.15321028932014197,0.06989337839725475,0.9822149358398852,0.01545406353679852,0.07930893173934203,-0.008211492498287572,-0.2886387767758723,0.08960225011230745,0.9561876246853145,False
GUT_GENOME140786_1,GUT_GENOME140786_00589,634980,0.052997117743182075,0.05496977708127981,0.05486166118564286,0.003065812728819548,0.5745311970260389,0.05221637120170453,0.19411414493198054,-0.001972659338097732,-0.25879718621109804,0.0026452899839383287,-0.14674712781113677,0.08851070311159986,0.9567096289873341,False
GUT_GENOME140786_1,GUT_GENOME140786_00589,635135,0.06893901915403439,0.060050140894776366,0.060311359553413185,0.003507129400966813,0.2613978537546451,0.05154259370923701,0.006204957172482452,0.00888887825925802,-0.04806609589779285,0.008768765844176178,-0.06671696338375094,0.006761502778004582,0.9966249569163759,False
GUT_GENOME140786_1,GUT_GENOME140786_00589,635310,0.07737420590992798,0.05899242853550412,0.059559092299466765,0.003078121195634736,0.12299733340486302,0.05201771611803446,0.00714294444875374,0.018381777374423862,0.13611123284985321,0.007541376181432302,-0.08275821164990327,0.025375189303397147,0.9873925535565832,False
GUT_GENOME140786_1,GUT_GENOME140786_00677,730992,0.09593348827768138,0.05868657969801356,0.06010409199052233,0.003144620398230067,0.0465592652653288,0.05327244718567857,0.014909500094587719,0.037246908579667816,0.5021247582969728,0.006831644804843759,-0.09203397594849066,0.2605995256236807,0.8778322500130196,False
GUT_GENOME140786_1,GUT_GENOME140786_00677,731262,0.08885808209405759,0.07206139605286731,0.07343808257581601,0.005009902048147729,0.15129786605669038,0.05813189407475781,0.001124600508478412,0.01679668604119028,0.1053579419916783,0.0153061885010582,0.01872323791742048,0.011450855578834183,0.9942909312365712,False
GUT_GENOME140786_1,GUT_GENOME140786_00677,731281,0.08567449021148409,0.07161492977335625,0.07264447911821645,0.005460564712832358,0.18519004362881647,0.05952171063487327,0.008126394800282847,0.014059560438127838,0.05225335551045738,0.013122768483343178,-0.0098127548781797,0.002826703320401486,0.9985876466508801,False
GUT_GENOME140786_1,GUT_GENOME140786_00677,731573,0.0927951386401893,0.07817869300865808,0.07904258964891837,0.005166411741310457,0.20299840583698475,0.062214520913342716,0.0005625731874555626,0.014616445631531222,0.06305781325259147,0.016828068735575658,0.03861330169608128,0.005467274880071293,0.9972700955444743,False
GUT_GENOME140786_1,GUT_GENOME140786_00677,731627,0.14734261300717447,0.10677188838137389,0.10876809088765471,0.006610966745100661,0.06577827013899111,0.09831739358071508,0.05696048478820214,0.04057072462580058,0.5666120717297355,0.010450697306939635,-0.04473512584690391,0.3230504713144013,0.8508450595601917,False
GUT_GENOME140786_1,GUT_GENOME140786_00677,731782,0.1761838477038836,0.11859850570390248,0.12195655872045451,0.007995888633920652,0.0385396294004289,0.11286658413947506,0.1278044573681475,0.05758534199998111,0.8967226880569914,0.009089974580979446,-0.06251895744584889,0.8080201993162721,0.6676373783255984,False
GUT_GENOME140786_1,GUT_GENOME140786_00677,731783,0.19853617266432078,0.12703503778547998,0.13159780306957417,0.008992696729555888,0.01529437245134999,0.12538716972069927,0.244898792923812,0.0715011348788408,1.1667111845890246,0.006210633348874894,-0.10015022398585095,1.371245055609541,0.5037765170483186,False
GUT_GENOME140786_1,GUT_GENOME140786_00677,731873,0.24098061383565061,0.12352091293433894,0.13386957462019367,0.00973432551573463,0.00035133052977710225,0.12967501133732273,0.3332689574346679,0.11745970090131168,2.058380401800877,0.004194563282870933,-0.12649905307605994,4.25293188894708,0.11925801443456344,False
GUT_GENOME140786_1,GUT_GENOME140786_00677,731876,0.27241421609554967,0.16183218320151085,0.17113913159443056,0.013270489703778962,0.003980535214721975,0.1477579077076898,0.03904342790591976,0.11058203289403881,1.9249427126160246,0.02338122388674077,0.12425911728120936,3.7208447750810443,0.1556068900734476,False
GUT_GENOME140786_1,GUT_GENOME140786_00678,732095,0.22604891862175228,0.18209486963009244,0.1945042298062877,0.020528445196858317,0.08651349646575307,0.15007615722920226,0.015223732821336551,0.04395404899165983,0.6322539411345485,0.04442807257708545,0.3993288325558229,0.5592085625905655,0.7560828784020796,False
GUT_GENOME140786_1,GUT_GENOME140786_00678,732107,0.19926772561106892,0.2272669340175977,0.2201880468670619,0.023044732806971377,0.7857140125288254,0.14784088938906342,0.0008464053238323243,-0.02799920840652878,-0.7637535989770441,0.07234715747799847,0.7642145618833205,1.167343456544903,0.5578463414478837,False
GUT_GENOME140786_1,GUT_GENOME140786_00678,732112,0.22241908510545588,0.22389380245456306,0.2213502347536878,0.024641114595169693,0.5132557266157828,0.15065774253406178,0.002059616099567959,-0.0014747173491071741,-0.24913632030585994,0.07069249221962604,0.7425890773183034,0.6135074438479932,0.7358317978333548,False
GUT_GENOME140786_1,GUT_GENOME140786_00678,732119,0.176458770816656,0.22348617403782242,0.20933549845348196,0.024032251325460198,0.9012304500050075,0.14827938921330347,0.005533272575118677,-0.047027403221166414,-1.132930817583622,0.061056109240178486,0.6166473194127706,1.6637861539696495,0.43522459230427357,False
GUT_GENOME140786_1,GUT_GENOME140786_00678,732176,0.17770744163574978,0.22159996441461638,0.2078004445744602,0.026756431983489086,0.9111891562806436,0.1616782910902311,0.04237394805565094,-0.0438925227788666,-1.072109155117663,0.0461221534842291,0.421469456058948,1.3270545428777345,0.5150314710044976,False
GUT_GENOME140786_1,GUT_GENOME140786_00678,732187,0.17173173575947678,0.20429543285559512,0.19259409967535313,0.02029235723062815,0.8392314332494899,0.14821956356027807,0.01437998664768778,-0.03256369709611834,-0.8523119333434535,0.04437453611507505,0.39862914304036756,0.8853408254007532,0.6423188723474227,False
GUT_GENOME140786_1,GUT_GENOME140786_00678,732223,0.16244778485569894,0.19811593499481084,0.18535460356616,0.019593670889974234,0.8718407651698603,0.14436854511629044,0.01822816480607978,-0.0356681501391119,-0.9125432559082952,0.04098605844986955,0.3543437680516618,0.9582946998607623,0.6193112225037055,False
GUT_GENOME140786_1,GUT_GENOME140786_00678,732230,0.1463107867226162,0.14390587211937478,0.14339515814008658,0.01244879131486001,0.4670010413253031,0.11855308137759253,0.022991939137377446,0.0024049146032414093,-0.17386529500169037,0.024842076762494045,0.1433515900073471,0.05077881916365935,0.9749301909416486,False
GUT_GENOME140786_1,GUT_GENOME140786_00678,732427,0.12733336412187699,0.1342630284611364,0.13344697476046866,0.008093675576447766,0.60124592092711,0.10152417452325406,4.003908349868329e-05,-0.006929664339259428,-0.35497096080058327,0.031922800237214596,0.23589240781743406,0.18164961107759586,0.9131776805576847,False
GUT_GENOME140786_1,GUT_GENOME140786_00678,732428,0.10985528987044839,0.11467316350770432,0.11415689447242205,0.006084743399267605,0.5784557525273168,0.08581521976658339,1.5978323059606802e-06,-0.004817873637255929,-0.31399886516883424,0.028341674705838663,0.18908924052283918,0.13435002820881986,0.9350315433078156,False
GUT_GENOME140786_1,GUT_GENOME140786_00678,732704,0.10319876792781865,0.10637254043834633,0.1063590028137158,0.006014391372733891,0.5523160759470346,0.07845009752948279,1.739063885606448e-06,-0.003173772510527681,-0.28210069053975373,0.02790890528423301,0.18343320320665715,0.11322853964166069,0.944958498087202,False
GUT_GENOME140786_1,GUT_GENOME140786_00678,733048,0.11075069965045096,0.09885627251607457,0.09958781838148491,0.005374672964291251,0.3189491517515409,0.07486334587434422,2.1106123265405737e-06,0.011894427134376398,0.01024632863386979,0.024724472507140688,0.14181457277920637,0.02021636030302208,0.9899427358011902,False
GUT_GENOME140786_1,GUT_GENOME140786_00679,733595,0.11437122402212076,0.09989192511036595,0.10121201359672535,0.005752318056973451,0.3136354050089171,0.070792596285542,6.176241191202743e-08,0.014479298911754812,0.06039694893827817,0.030419417311183347,0.2162440927895486,0.050409299107427884,0.9751103357124018,False
GUT_GENOME140786_1,GUT_GENOME140786_00679,734288,0.10165551176065853,0.10112476308693766,0.10195436081963247,0.0061605473811869385,0.4918028388063268,0.06984376022183227,9.32584764183425e-08,0.0005307486737208683,-0.21022709241903417,0.0321106005978002,0.2383468461266927,0.10100464944550247,0.9507517184356071,False
GUT_GENOME140786_1,GUT_GENOME140786_00681,735786,0.10246468726366502,0.10266336337760607,0.09985996440988573,0.006546974585023351,0.5030298324369101,0.06795399567785453,5.484932955414953e-07,-0.0001986761139410459,-0.22437909248603827,0.031905968732031206,0.23567243011879827,0.10588747146295796,0.9484333738911367,False
GUT_GENOME140786_1,GUT_GENOME140786_00681,735876,0.11463264350978986,0.11406984421668079,0.11414095084115375,0.004978273650382222,0.49263728392411654,0.06602419458164364,2.115858635411912e-22,0.0005627992931090675,-0.20960525946874026,0.048116756259510104,0.44753772050816204,0.24422437607459968,0.8850490710145449,False
GUT_GENOME140786_1,GUT_GENOME140786_00681,735896,0.1280159883854753,0.10387146599901992,0.10487281705706111,0.00508297889333159,0.2451074295927571,0.06088936472883799,2.5062662385951658e-18,0.02414452238645537,0.24791764411510578,0.04398345232822312,0.3935179120204368,0.21631950534450844,0.8974842094767455,False
GUT_GENOME140786_1,GUT_GENOME140786_00681,736295,0.10375549466672307,0.07906199856600422,0.08061681058154471,0.004597477193513594,0.13879918788214485,0.060196909126687806,4.465764911420189e-06,0.024693496100718845,0.25856860658917125,0.020419901454856906,0.08555640552805707,0.07417762284034696,0.9635905537032559,False
GUT_GENOME140786_1,GUT_GENOME140786_00681,736525,0.10270832010023932,0.07967611341977554,0.08109891567348097,0.004647735368953559,0.16218616487131915,0.06004681249008533,2.9556123816890385e-06,0.023032206680463782,0.22633695175039992,0.02105210318339564,0.09381890373022476,0.06003040242480404,0.9704307817119513,False
GUT_GENOME140786_1,GUT_GENOME140786_00685,742000,0.09664479376604772,0.08013810056739322,0.08096883344585572,0.005175699388236281,0.2038074720992214,0.05989500384132828,2.333690230965996e-05,0.0165066931986545,0.09973161999602485,0.021073829604527437,0.09410285505056666,0.018801743355699466,0.9906431783719428,False
GUT_GENOME140786_1,GUT_GENOME140786_00685,742001,0.09131913013201942,0.05665980587765577,0.05998762241710922,0.00461179358613701,0.04034900114108889,0.05990725605958493,0.49304827618592695,0.03465932425436365,0.45192151025208144,8.036635752428634e-05,-0.18026914443220488,0.23673001586284131,0.8883717307004271,False
GUT_GENOME140786_1,GUT_GENOME140786_00685,742011,0.08313980994668664,0.06025680864136596,0.06214377291452339,0.004695885647377341,0.10585686076309792,0.06015050121728258,0.33561083203441106,0.02288300130532068,0.22344213035861404,0.0019932716972408046,-0.1552686165676938,0.0740347289100414,0.9636594017834317,False
GUT_GENOME140786_1,GUT_GENOME140786_00685,742021,0.07149301921412174,0.05723187491564205,0.05846164800728405,0.004220030314723406,0.1983972308023662,0.0604673636119425,0.6827079485084726,0.014261144298479689,0.05616440275406792,-0.0020057156046584465,-0.20753298710145696,0.04622438087197465,0.9771528504191704,False
GUT_GENOME140786_1,GUT_GENOME140786_00686,742367,0.06359918860417439,0.06507718934952669,0.06500065141801882,0.0037837101712374483,0.537960390677324,0.07645854971120603,0.9987699961978014,-0.0014780007453523009,-0.2492000234109189,-0.011457898293187205,-0.3310673574535373,0.17170624683927077,0.9177290142209857,False
GUT_GENOME140786_1,GUT_GENOME140786_00686,742370,0.05338075472096666,0.061771460121259704,0.061168590271615204,0.0034616072074375426,0.7646499074865245,0.07727938007378021,0.9999983732877957,-0.008390705400293047,-0.38331747924002396,-0.01611078980216501,-0.39187786459446317,0.3005005506500426,0.8604925894106614,False
GUT_GENOME140786_1,GUT_GENOME140786_00686,743135,0.06123412655848863,0.062183024890859855,0.06199180207965109,0.003483811379004647,0.5277846899253427,0.07865930655235084,0.9999991419631339,-0.0009488983323712244,-0.2389345957607815,-0.016667504472699754,-0.39915379212956464,0.21641349082277977,0.8974420352263607,False
GUT_GENOME140786_1,GUT_GENOME140786_00687,744035,0.07503194784792665,0.06019458012981944,0.06060829534049188,0.0032998904215287474,0.21063272728355276,0.07876690499662567,0.9999999813088012,0.01483736771810721,0.06734405281684822,-0.018158609656133792,-0.41864164441026563,0.17979604788432976,0.9140243891228347,False
GUT_GENOME140786_1,GUT_GENOME140786_00687,744069,0.07733338658974023,0.05978261862478339,0.06027459172440939,0.0033326569695822476,0.15926899225715885,0.07902756311425423,0.9999999908332271,0.017550767964956845,0.1199883296837091,-0.018752971389844837,-0.4264095965282957,0.19622234327171037,0.9065481157146337,False
GUT_GENOME140786_1,GUT_GENOME140786_00687,744173,0.08831603217501098,0.060956045158807516,0.06186690497382771,0.0034268089932383266,0.07761143860336968,0.08105463303084388,0.9999999892389824,0.027359987016203464,0.3103027678802388,-0.01918772805701617,-0.432091605954601,0.28299096369056354,0.8680590976013391,False
GUT_GENOME140786_1,GUT_GENOME140786_00687,744871,0.08689632496358689,0.06186490595638094,0.0627440189569246,0.003430029485447568,0.08914715878997098,0.0836542932856386,0.9999999994570298,0.02503141900720595,0.2651248479949189,-0.020910274328714007,-0.45460425473515875,0.276956213447638,0.8706823131487997,False
GUT_GENOME140786_1,GUT_GENOME140786_00688,745109,0.09119527361553594,0.07430846981872415,0.07494001146909508,0.003894621905012126,0.21146897908483164,0.09047624768883619,0.9999668449474647,0.01688680379681179,0.10710636966395669,-0.015536236219741109,-0.38436879315804173,0.15921114357636162,0.9234805213321571,False
GUT_GENOME140786_1,GUT_GENOME140786_00688,745116,0.0979611909893782,0.07793797953584373,0.07876525538553554,0.004537990091864719,0.20148350730722137,0.09041102547519567,0.9948602645555965,0.02002321145353446,0.1679576625167359,-0.011645770089660126,-0.3335227293870869,0.13944718741589773,0.9326515750453699,False
GUT_GENOME140786_1,GUT_GENOME140786_00688,745143,0.10245475211951897,0.08368206904997652,0.08431339102633181,0.00565286908936697,0.2118030021629183,0.0887779683315125,0.7851746776940891,0.018772683069542453,0.14369542455417283,-0.004464577305180684,-0.23966883783205045,0.07808952686556968,0.9617076588466889,False
GUT_GENOME140786_1,GUT_GENOME140786_00688,745164,0.08844845901929982,0.08574671146843448,0.08321260950889112,0.006096006518140183,0.4539049097534151,0.08407330966019635,0.5561404004966828,0.002701747550865344,-0.1681062640971772,-0.0008607001513052381,-0.19256832044884836,0.06534227406920023,0.9678567995146719,False
GUT_GENOME140786_1,GUT_GENOME140786_00688,745314,0.07541256439152275,0.07515343751935666,0.0750493546576728,0.00448497214808088,0.49483717750467426,0.08320266434194738,0.9654616340339222,0.00025912687216608776,-0.2154969870247885,-0.008153309684274579,-0.28787836222071034,0.12931290285164038,0.9373894468736756,False
GUT_GENOME140786_1,GUT_GENOME140786_00688,745760,0.07698925924284201,0.07911221524005815,0.07874326436832317,0.005336262018385797,0.5421576316903005,0.08267324003317483,0.7692764310713189,-0.002122955997216139,-0.2617131802462501,-0.003929975664851662,-0.23268191436649116,0.12263466198786133,0.940524734767169,False
GUT_GENOME140786_1,GUT_GENOME140786_00689,746611,0.07446850768969425,0.07633379470685564,0.0760189331818715,0.005365614913618348,0.5356201692088957,0.08105006985887767,0.8257910969593514,-0.0018652870171613906,-0.25671399255112365,-0.005031136677006165,-0.24707342972070184,0.12694735364548895,0.9384988232463979,False
GUT_GENOME140786_1,GUT_GENOME140786_00689,746652,0.06887067895200746,0.07390471394554927,0.07340204513088794,0.004718497877676637,0.6026556122007515,0.07927049689716312,0.8931971850637705,-0.005034034993541811,-0.3181927389998116,-0.005868451766275179,-0.2580166367817202,0.16781920400835237,0.9195143745947898,False
GUT_GENOME140786_1,GUT_GENOME140786_00689,746866,0.06172111059480418,0.06865657391374273,0.06825316078381996,0.004247803040023418,0.6574779134204767,0.07709877682627123,0.9813469290023967,-0.006935463318938552,-0.3550834702219735,-0.008845616042451265,-0.2969263919579996,0.21424955306607474,0.8984135650663492,False
GUT_GENOME140786_1,GUT_GENOME140786_00689,746880,0.060630758227657594,0.06484455875798917,0.06469641184373891,0.003371484590220806,0.5980915092401531,0.0735534209637362,0.9956933804188011,-0.004213800530331574,-0.3022788869143645,-0.008857009119997289,-0.297075292662461,0.17962625498467402,0.9141019898424935,False
GUT_GENOME140786_1,GUT_GENOME140786_00689,747546,0.056032567511121796,0.061343169022391994,0.06112276018928589,0.0031319483456529818,0.6297271396797027,0.06934616842296425,0.9956758479916116,-0.005310601511270198,-0.3235585689573717,-0.008223408233678356,-0.28879450830553993,0.1880924155731808,0.9102407010609369,False
GUT_GENOME140786_1,GUT_GENOME140786_00690,748482,0.05147873518268535,0.07007694776610648,0.06897538283574578,0.004313597229381211,0.9093865528656526,0.07179567606839164,0.7433843992540555,-0.018598212583421134,-0.5813593401460846,-0.0028202932326458624,-0.2181790291525104,0.3855807711370228,0.8246548155737866,False
GUT_GENOME140786_1,GUT_GENOME140786_00690,748604,0.04980847778161776,0.07679569731164992,0.07557487020512536,0.004023155507404529,0.9772950083318119,0.0718074480208981,0.1745247245835787,-0.026987219530032164,-0.7441194065418049,0.003767422184227265,-0.13208153157983235,0.5711592221766021,0.7515785048138404,False
GUT_GENOME140786_1,GUT_GENOME140786_00691,749586,0.0535650210103167,0.07652000157639388,0.07551270196368488,0.0040128464628967145,0.9537691128574817,0.07269281744349541,0.24111691274780683,-0.022954980566077178,-0.665887562692653,0.0028198845201894696,-0.14446528172188652,0.464276463771746,0.7928365204441431,False
GUT_GENOME140786_1,GUT_GENOME140786_00691,749750,0.06196024313460931,0.07756975298378713,0.07681952363722966,0.004188017666263383,0.8640461401540345,0.07376742112546349,0.2330711186740042,-0.015609509849177819,-0.5233737575189271,0.003052102511766172,-0.14143033156072773,0.2939226287448581,0.8633273751316156,False
GUT_GENOME140786_1,GUT_GENOME140786_00691,750512,0.06491748405258696,0.07963298165216047,0.07893394112423004,0.00444042389714177,0.8369145673016949,0.07783110212300555,0.401926604977768,-0.01471549759957351,-0.5060284991313456,0.001102839001224487,-0.16690603895657513,0.283922467773296,0.8676548914418336,False
GUT_GENOME140786_1,GUT_GENOME140786_00691,750515,0.07995315244824104,0.0813703043953024,0.08115463730307082,0.005203328495429992,0.5281940121389199,0.07947572828628893,0.37347615266280165,-0.0014171519470613653,-0.24801946002445832,0.0016789090167818876,-0.1593771486467251,0.08691472806158418,0.9574733760260971,False
GUT_GENOME140786_1,GUT_GENOME140786_00691,750600,0.12195420062728718,0.07639650787853756,0.0806978307958359,0.006591003606033613,0.06651283729650884,0.08596883358046341,0.7880654737420341,0.045557692748749615,0.6633671784986511,-0.005271002784627513,-0.25020833618095983,0.5026602250037054,0.7777655790349278,False
GUT_GENOME140786_1,GUT_GENOME140786_00692,751027,0.15074877140729076,0.09158992283156564,0.09827479690769514,0.007718566841836435,0.040071879933380634,0.09732364462746129,0.4509628292996962,0.05915884857572512,0.9272512162096183,0.0009511522802338468,-0.16888849361131764,0.8883181412365163,0.6413633906414552,False
GUT_GENOME140786_1,GUT_GENOME140786_00692,751253,0.1362716860711704,0.09904320818753273,0.10447247424959073,0.009514691846827038,0.0862020324439502,0.10063643348805017,0.34341148913318287,0.03722847788363767,0.5017671735043178,0.0038360407615405656,-0.13118472784442195,0.2689797292261272,0.8741617387991404,False
GUT_GENOME140786_1,GUT_GENOME140786_00692,751260,0.173304084058885,0.11928413038468587,0.13120517228270534,0.013585141274554983,0.09611781650642032,0.10529988994476214,0.028267834803713948,0.054019953674199137,0.8275484884975037,0.025905282337943203,0.15724705052117435,0.7095631357121118,0.7013266187556717,False
GUT_GENOME140786_1,GUT_GENOME140786_00692,751330,0.18454486586629137,0.20592262938932904,0.19740940172993457,0.029201752672691192,0.6670368124515849,0.11268200476827592,0.0018572060037287154,-0.021377763523037663,-0.6352870455778976,0.08472739696165865,0.926016882026582,1.2610968960773266,0.5322997821641275,False
GUT_GENOME140786_1,GUT_GENOME140786_00692,751389,0.17974078163511434,0.21085451299116603,0.19466468793074776,0.028987229321884325,0.7330052823469879,0.11075094155605894,0.0018966851018221013,-0.031113731356051694,-0.8241802937314366,0.08391374637468882,0.9153829558467693,1.5171991124300057,0.46832182636893027,False
GUT_GENOME140786_1,GUT_GENOME140786_00692,751519,0.1658587598736493,0.18915159541190124,0.18118611178081478,0.027190271626789452,0.6805359617698981,0.1081462864919338,0.003612966669476565,-0.023292835538251955,-0.6724424860647819,0.07303982528888099,0.7732673155911358,1.0501212384265055,0.5915195058329008,False
GUT_GENOME140786_1,GUT_GENOME140786_00692,751573,0.14494049332585798,0.1183968323885217,0.14240423071039499,0.03654362894276689,0.27643022245833937,0.10545623338157659,0.15599257432305136,0.02654366093733629,0.29446474466216843,0.0369479973288184,0.30156872608832086,0.17765318240348874,0.915004229601733,False
GUT_GENOME140786_1,GUT_GENOME140786_00692,751600,0.1202777291202318,0.09275332375302382,0.10719396544549409,0.017661946822496534,0.20901266583722838,0.09370867384980948,0.22257596157964304,0.027524405367207974,0.31349274517987374,0.01348529159568461,-0.005074794779765026,0.09830345482247,0.9520366686802942,False
GUT_GENOME140786_1,GUT_GENOME140786_00692,751624,0.09696214565781444,0.08291054928585648,0.09098821698768546,0.014001024183158389,0.2809377724743407,0.08206695059245044,0.2620016199439641,0.014051596371957964,0.0520988399704372,0.008921266395235022,-0.06472387245711632,0.006903468792110285,0.9965542159907614,False
GUT_GENOME140786_1,GUT_GENOME140786_00692,752011,0.07868022780918023,0.08419969507591483,0.08448150127134602,0.010844832944808286,0.5947336332210178,0.08075023330415727,0.36540076416449174,-0.005519467266734607,-0.32761089653839875,0.003731267967188742,-0.1325540455572491,0.12489947452428668,0.9394602814726507,False
GUT_GENOME140786_1,GUT_GENOME140786_00692,752598,0.06300615391177705,0.0745581210201202,0.0730062437037521,0.0071078725752778725,0.733202306720136,0.07091044729310667,0.38405207511042094,-0.01155196710834315,-0.4446509801860853,0.0020957964106454313,-0.15392867992730927,0.22140853268461042,0.8952034515774766,False
GUT_GENOME140786_1,GUT_GENOME140786_00692,752985,0.05044144311459463,0.0727839771378397,0.06923171021538517,0.006423142664119204,0.9416740714496772,0.06782630947743756,0.41340188507800135,-0.02234253402324507,-0.6540051264746866,0.001405400737947607,-0.16295173814898672,0.4542759744209467,0.7968108250009475,False
GUT_GENOME140786_1,GUT_GENOME140786_00692,753055,0.05156365750681114,0.07039694477976516,0.06830700596935382,0.005407521931195068,0.9098753534489057,0.06232062119690227,0.13413665061738722,-0.018833287272954018,-0.5859201626987208,0.0059863847724515515,-0.10308101866086584,0.35392813346505725,0.8378098892289503,False
GUT_GENOME140786_1,GUT_GENOME140786_00693,754342,0.04610132434745471,0.06453286781380885,0.06316616415741673,0.004482226641546144,0.9100588627081039,0.06094159292130292,0.3098380659826824,-0.018431543466354137,-0.5781256944079679,0.0022245712361138106,-0.15224567003365355,0.35740806257869123,0.8363533972060475,False
GUT_GENOME140786_1,GUT_GENOME140786_00693,754417,0.04580496134983173,0.06230327163131522,0.06117906718608894,0.004351497399643187,0.8678492753529776,0.05895233287177238,0.30442461411714317,-0.01649831028148349,-0.5406178983684058,0.00222673431431656,-0.15221739989620442,0.315437848867433,0.8540898120111794,False
GUT_GENOME140786_1,GUT_GENOME140786_00697,757491,0.0625358485857207,0.0636865630292695,0.0633194281840446,0.004723034261748107,0.5217698448342183,0.058736897876325675,0.16596061353921426,-0.001150714443548806,-0.24285014903949928,0.004582530307718921,-0.12142855627005439,0.07372108916633678,0.9638105345773316,False
GUT_GENOME140786_1,GUT_GENOME140786_00697,757751,0.06503692945439844,0.06286764465389161,0.06326159790688998,0.004956599842541295,0.45786679911334227,0.06150111519646853,0.36122755644568727,0.002169284800506835,-0.1784368876326135,0.0017604827104214515,-0.15831102929491794,0.05690210486443031,0.9719498675638516,False
GUT_GENOME140786_1,GUT_GENOME140786_00698,758511,0.07183627248659467,0.07812645468630809,0.077794360283512,0.005076508498403342,0.6163804856391888,0.06290209976805544,0.0016754749966897955,-0.006290182199713418,-0.34256399104197166,0.014892260515456557,0.013313446892701818,0.11752733582676883,0.9429295873434277,False
GUT_GENOME140786_1,GUT_GENOME140786_00698,758939,0.06646510897227521,0.07959823526752711,0.07889378260764612,0.004894838180448502,0.7406522578796609,0.06430193335130276,0.0014362213786268882,-0.013133126295251901,-0.4753279811566751,0.014591849256343367,0.009387251540356176,0.22602481016196235,0.8931395805784699,False
GUT_GENOME140786_1,GUT_GENOME140786_00699,759453,0.09350101259759275,0.09860845733741809,0.09802199592303762,0.006370273537911275,0.5819076767641423,0.07205598740539179,2.2896555311176673e-05,-0.0051074447398253425,-0.31961700473892,0.025966008517645828,0.15804070534362666,0.12713189426378985,0.938412231664817,False
GUT_GENOME140786_1,GUT_GENOME140786_00699,759549,0.11273859440745496,0.11994847653921147,0.11966141100015461,0.007912955664230985,0.5906322014442489,0.07973402053131164,2.2578415124209742e-07,-0.007209882131756509,-0.3604076312911843,0.03992739046884297,0.34050761118106465,0.24583909396515735,0.8843348071025281,False
GUT_GENOME140786_1,GUT_GENOME140786_00699,759555,0.12875505633654047,0.13921571303002836,0.1383500175818126,0.011444231271170542,0.6141367392286657,0.08666754296073961,3.1505093407349935e-06,-0.01046065669348789,-0.4234778238505862,0.05168247462107298,0.49413952531490807,0.42350733777167077,0.8091639952873784,False
GUT_GENOME140786_1,GUT_GENOME140786_00699,759557,0.148293012092674,0.15262001550197796,0.15231227286466859,0.01265926319530774,0.5428346335435055,0.09535366142944064,3.407880761203323e-06,-0.004327003409303948,-0.3044752026660368,0.05695861143522794,0.5630954755653275,0.4097816636406665,0.8147362548305519,False
GUT_GENOME140786_1,GUT_GENOME140786_00699,760203,0.1445389553788049,0.16819924992326535,0.16503138783683416,0.012998272059220826,0.762818578177425,0.09644520081176944,6.581503436969422e-08,-0.023660294544460447,-0.679571774743266,0.06858618702506472,0.7150609291060148,0.9731299293616694,0.6147344059605603,False
GUT_GENOME140786_1,GUT_GENOME140786_00699,760285,0.15391421651934875,0.16370398235208652,0.1627873392168914,0.009633410372955606,0.6171478105990007,0.09605776824488296,2.150968829376238e-12,-0.009789765832737773,-0.410461474986543,0.06672957097200843,0.6907960685274924,0.6456778307411685,0.7240904848213874,False
GUT_GENOME140786_1,GUT_GENOME140786_00700,760516,0.15358939732988075,0.18771134508057852,0.18524023932396588,0.01041102840518369,0.8536664788952942,0.09519788315412629,2.60338562220382e-18,-0.03412194775069777,-0.8825444723811019,0.09004235616983959,0.9954802177306682,1.7698656096235361,0.4127419066173722,False
GUT_GENOME140786_1,GUT_GENOME140786_00700,760660,0.1845778579691081,0.1892770336619831,0.18851714671303915,0.010718159499185653,0.5394947348100296,0.0919438395133102,1.0279272237044835e-19,-0.0046991756928749795,-0.31169593641559445,0.09657330719972895,1.0808358387404893,1.2653604670838512,0.5311662418667888,False
GUT_GENOME140786_1,GUT_GENOME140786_00700,760661,0.14219092503988268,0.19644355277456577,0.19231803301660266,0.010554484430991256,0.9175733591232496,0.08473003802474463,1.0590721377170292e-24,-0.05425262773468309,-1.273111655319014,0.10758799499185803,1.2247912155950607,3.1209268087079467,0.2100387157896464,False
GUT_GENOME140786_1,GUT_GENOME140786_00700,760802,0.13410578109136795,0.1977122276922384,0.19209515085202666,0.010496137730497783,0.9635740898499386,0.08241910887690634,7.389806438864946e-26,-0.06360644660087045,-1.454590606213103,0.10967604197512032,1.2520807399137042,3.6835400109462517,0.15853656702786303,False
GUT_GENOME140786_1,GUT_GENOME140786_00701,761126,0.13141260143817218,0.16099085075514563,0.1411808664841899,0.011930713762380453,0.8160435472235058,0.08169571312788372,3.0839592100821506e-07,-0.02957824931697345,-0.7943895020179108,0.05948515335630618,0.5961158662701453,0.9864088069352701,0.6106664339712837,False
GUT_GENOME140786_1,GUT_GENOME140786_00702,762247,0.12357051927184455,0.14365703353360715,0.13632290054344431,0.009890367953293162,0.7230620552019795,0.08169536314431548,1.6633895770208066e-08,-0.020086514261762597,-0.6102347578832908,0.05462753739912883,0.5326297331243709,0.6560808923370172,0.7203338843704292,False
GUT_GENOME140786_1,GUT_GENOME140786_00702,762340,0.1330734246289888,0.11311631882712064,0.11357413477168665,0.005356192653323486,0.2958041788763923,0.0819179218947677,1.7083796843420405e-09,0.019957105801868158,0.16667510782071362,0.03165621287691896,0.23240827057811553,0.08179419580015707,0.9599279034627503,False
GUT_GENOME140786_1,GUT_GENOME140786_00702,762407,0.11766810330366473,0.09957405158851955,0.09993934298673265,0.004258404932846394,0.3118804492409144,0.08129711973740816,5.995596799812032e-06,0.01809405171514518,0.13052889781234686,0.01864222324932449,0.06232321537023495,0.02092197633819078,0.9895935376706224,False
GUT_GENOME140786_1,GUT_GENOME140786_00703,762820,0.10694685565383615,0.08853063362553487,0.08885757679482426,0.0035136654295848187,0.2941930282618005,0.073657018893957,7.587746293975019e-06,0.018416222028301274,0.13677951387378656,0.01520055790086726,0.01734270919569607,0.019009404977795852,0.9905403244270697,False
GUT_GENOME140786_1,GUT_GENOME140786_00703,762846,0.10896358763473281,0.086140085658143,0.08661659756478712,0.0035125362259380913,0.25680537882277044,0.07352284860632081,9.661021792190234e-05,0.022823501976589805,0.222287748826167,0.013093748958466309,-0.010192022699349858,0.04951572060490917,0.9755461018697587,False
GUT_GENOME140786_1,GUT_GENOME140786_00703,762928,0.10004181429874516,0.0866529564350962,0.08679797784949894,0.00278861341412006,0.3344111391273765,0.07279723444186141,2.5744062230444465e-07,0.013388857863648962,0.03924065969929679,0.014000743407637531,0.001661851890608877,0.0015425911253423355,0.9992290018092925,False
GUT_GENOME140786_1,GUT_GENOME140786_00703,763177,0.06480961221407122,0.07926191165648895,0.07892707215987424,0.0027329233631862375,0.8158032266290105,0.06861596698225868,8.067354877129867e-05,-0.01445229944241773,-0.5009220366136083,0.010311105177615562,-0.04655951142750463,0.2530906748694931,0.8811342002736158,False
GUT_GENOME140786_1,GUT_GENOME140786_00705,764429,0.06284852410528693,0.07911671246434068,0.07871018884006538,0.0030241075028106736,0.856823790331886,0.06748929225319916,0.00010343248506923002,-0.016268188359053748,-0.5361531673684027,0.011220896586866216,-0.03466908224336397,0.2886621641427675,0.8656011156020439,False
GUT_GENOME140786_1,GUT_GENOME140786_00705,764883,0.06872625677491612,0.0814072369743772,0.08091912945032222,0.0031497934095602457,0.7458728954090108,0.06695815139108195,4.660637471588314e-06,-0.012680980199461081,-0.46655562835737163,0.013960978059240264,0.0011421425876931453,0.2176754588416325,0.8968759422693298,False
GUT_GENOME140786_1,GUT_GENOME140786_00706,765652,0.07119937512474407,0.07813006442057153,0.07777288672725506,0.0029491428707896093,0.6407597665665146,0.06627866086975795,4.85993892453899e-05,-0.0069306892958274635,-0.3549908465868424,0.011494225857497112,-0.031096832271179327,0.12698551413774492,0.9384809166286914,False
GUT_GENOME140786_1,GUT_GENOME140786_00706,765780,0.06490837651797109,0.08043513969041205,0.08000371851173466,0.002712465764795938,0.7895610326924757,0.06579781546113772,8.148663671354468e-08,-0.015526763172440963,-0.5217683404909729,0.014205903050596935,0.004343165630493066,0.2722610642263977,0.8727287059311094,False
GUT_GENOME140786_1,GUT_GENOME140786_00708,767812,0.06085774587477919,0.08453123254166972,0.08418402296346315,0.002475050948067459,0.9019095316519286,0.06527812657252346,1.0980775337483812e-14,-0.02367348666689053,-0.6798277228830502,0.01890589639093969,0.06576926551563882,0.46649132908681984,0.7919589933800634,False
GUT_GENOME140786_1,GUT_GENOME140786_00708,768023,0.06875406904746285,0.08771304409433957,0.08743311634391708,0.0026265015333241967,0.8291354884616146,0.06551732790301389,3.587947327682553e-17,-0.018958975046876714,-0.588358705253159,0.021915788440903194,0.10510675310686193,0.3572133955958405,0.8364348063641176,False
GUT_GENOME140786_1,GUT_GENOME140786_00708,768085,0.06969061113173931,0.09293392434378221,0.09231046993010052,0.0036462528812708306,0.8893648644788736,0.06838129629042276,2.642542922157808e-11,-0.0232433132120429,-0.6714816742364983,0.023929173639677753,0.1314204925893483,0.46815898470787776,0.7912989111822759,False
GUT_GENOME140786_1,GUT_GENOME140786_00708,768115,0.0841675464754034,0.10004168865322725,0.09926813105532306,0.004613592272029857,0.7715201140412362,0.0731314311435475,7.344727734267725e-09,-0.01587414217782386,-0.5285080452427302,0.026136699911775557,0.1602715397014862,0.3050077203245768,0.8585555797861265,False
GUT_GENOME140786_1,GUT_GENOME140786_00708,768241,0.09156518069412241,0.12111164669259956,0.1199406079770355,0.005131405427872952,0.9280584865239463,0.07360447768073976,8.590635213773954e-20,-0.029546465998477156,-0.7937728551297087,0.04633613029629574,0.42426600492174954,0.8100769884730317,0.6669511365895255,False
GUT_GENOME140786_1,GUT_GENOME140786_00710,769243,0.09265742603607635,0.12371943004807713,0.1226405065604637,0.004942841600211685,0.9442339448724341,0.07450699663614666,1.0377545011082283e-22,-0.03106200401200078,-0.8231767010528537,0.048133509924317044,0.44775668087966725,0.8781059264286355,0.644646636167685,False
GUT_GENOME140786_1,GUT_GENOME140786_00711,770228,0.09485111755216151,0.13542637773362545,0.13244273074583335,0.007578727733232806,0.9839586045152001,0.0752669455053361,2.274561259138551e-14,-0.04057526018146394,-1.0077489890048656,0.057175785240497254,0.5659338072158011,1.3358390989901003,0.5127742703314981,False
GUT_GENOME140786_1,GUT_GENOME140786_00711,770291,0.08812517122992729,0.14013541499067775,0.13609810056619073,0.008057241423096594,0.9956537163214507,0.07558950616539943,2.9599823020336804e-14,-0.05201024376075046,-1.2296058426757892,0.0605085944007913,0.6094916281644199,1.883410573144953,0.38996227060665456,False
GUT_GENOME140786_1,GUT_GENOME140786_00711,770296,0.09294003841667835,0.14236309665027888,0.13862124081401997,0.00820013928343471,0.9947436036883136,0.07748954347861926,4.494809086180944e-14,-0.049423058233600534,-1.1794103319488514,0.061131697335400706,0.6176352105758056,1.7724819844507196,0.41220231586993816,False
GUT_GENOME140786_1,GUT_GENOME140786_00712,770700,0.10641770004741122,0.1491608000354715,0.14596197885245119,0.008121728000126397,0.9797550001340214,0.07945392118283946,1.318069382919493e-16,-0.04274309998806028,-1.049808526337761,0.06650805766961172,0.6879010222468701,1.5753057583797503,0.4549112749346217,False
GUT_GENOME140786_1,GUT_GENOME140786_00713,771485,0.11815929053529517,0.16870590079577674,0.16455626313771723,0.00968407816561121,0.972344884595813,0.08272287341692947,1.4527453984416173e-17,-0.05054661026048157,-1.2012090267953348,0.08183338972078777,0.888193939530007,2.2317916002724294,0.3276216638779061,False
GUT_GENOME140786_1,GUT_GENOME140786_00713,771879,0.13438227373734238,0.1584370156033997,0.1574020501907761,0.008305315684989552,0.8003485673053401,0.08262897597307349,1.0977797698355582e-19,-0.024054741866057328,-0.6872246796295419,0.07477307421770261,0.7959198416944717,1.1057661546948794,0.5752888149911943,False
GUT_GENOME140786_1,GUT_GENOME140786_00713,772037,0.13296188937332457,0.12791280725702678,0.12814027346271248,0.006506638274624861,0.4229054495856339,0.08566105700396486,3.31943964572816e-11,0.005049082116297787,-0.12256424319360716,0.04247921645874762,0.37385844953224473,0.15479213399627567,0.9255232118037232,False
GUT_GENOME140786_1,GUT_GENOME140786_00713,772038,0.12627642462503663,0.13104416598870505,0.1303354291999021,0.00702027730675824,0.5748404118209023,0.08909720132337755,2.124971573441492e-09,-0.004767741363668421,-0.31302621939209335,0.04123822787652455,0.3576394715278204,0.2258914056216056,0.8931991570029999,False
GUT_GENOME140786_1,GUT_GENOME140786_00713,772046,0.13471010033405809,0.13207279447653347,0.13185785769267983,0.007207592421897158,0.4623483875583678,0.09165311974520157,1.2157346949684156e-08,0.0026373058575246133,-0.1693565353573562,0.04020473794747825,0.3441323767268604,0.14710872877992523,0.9290856352447611,False
GUT_GENOME140786_1,GUT_GENOME140786_00713,772053,0.12193873118940161,0.11702587623266579,0.11700518385451979,0.006426286691524386,0.42606760070314265,0.09289370383143628,8.771188100540834e-05,0.004912854956735824,-0.12520726657841466,0.024111480023083512,0.13380312790516027,0.033580136641242875,0.9833500993054266,False
GUT_GENOME140786_1,GUT_GENOME140786_00713,772056,0.10493151102314947,0.10260324487207895,0.10274168015415071,0.0066881778357265565,0.45975863391734073,0.09219499390779078,0.05740757164226154,0.0023282661510705266,-0.17535239678189593,0.010546686246359932,-0.04348060786065707,0.032639026317087705,0.9838129286556142,False
GUT_GENOME140786_1,GUT_GENOME140786_00715,772959,0.12259030091564604,0.11212427685438968,0.10867332453228504,0.010103314371806137,0.3441031727483568,0.0926704221630544,0.05660527938922469,0.010466024061256365,-0.017466960972450873,0.01600290236923063,0.027828871172340168,0.0010795407963398276,0.9994603752516644,False
GUT_GENOME140786_1,GUT_GENOME140786_00715,773213,0.09674600042923183,0.10018492062591908,0.0894159138364868,0.009445125995607526,0.5608793172668728,0.09297923259461638,0.6470117899348766,-0.003438920196687248,-0.2872449770183144,-0.0035633187581295828,-0.22788992804970915,0.1344434961287536,0.9349878466021708,False
GUT_GENOME140786_1,GUT_GENOME140786_00715,773233,0.10566284439974048,0.09360144876550797,0.08847802324049016,0.00800964517857688,0.3057668052349281,0.09303250396065371,0.7151945126686502,0.012061395634232516,0.013485782873868249,-0.004554480720163553,-0.2408438216562511,0.0581876127697092,0.9713253436738079,False
GUT_GENOME140786_1,GUT_GENOME140786_00715,773306,0.12058804108528057,0.09294096191073854,0.09310641526151457,0.006093564222467041,0.1564337263785302,0.09409108124655152,0.5641860822851724,0.027647079174542025,0.31587281199276057,-0.0009846659850369505,-0.19418847969881747,0.1374847990039519,0.9335671364653221,False
GUT_GENOME140786_1,GUT_GENOME140786_00715,773507,0.12478749757532472,0.08666390045570435,0.08797267176747194,0.004287928449734527,0.09181327809310913,0.10051687051435074,0.9982803089168422,0.038123597119620364,0.5191339091868391,-0.012544198746878801,-0.345264654203084,0.38870769710958447,0.8233665056680355,False
GUT_GENOME140786_1,GUT_GENOME140786_00715,773508,0.12539389382285004,0.08829397898375957,0.08961698366151849,0.004260669850060295,0.08585726307663183,0.10153426000620269,0.9974213657351043,0.037099914839090475,0.49927284613044537,-0.011917276344684202,-0.33707115363641454,0.36289033749697874,0.834063976821399,False
GUT_GENOME140786_1,GUT_GENOME140786_00715,773634,0.12350051988089544,0.08431922513824164,0.0861538098587574,0.00523297487890343,0.0607427600574484,0.1047472614770108,0.9998096634562667,0.039181294742653805,0.5396549239442608,-0.018593451618253404,-0.4243247685904935,0.47127894617666183,0.7900654624539499,False
GUT_GENOME140786_1,GUT_GENOME140786_00716,774129,0.12955879945510074,0.09215383325406487,0.09409690409224376,0.005948414899235373,0.07366980659017107,0.10343510399385393,0.9417765737974402,0.037404966201035866,0.5051913273333242,-0.009338199901610167,-0.3033641681724439,0.3472480957437647,0.8406128684565821,False
GUT_GENOME140786_1,GUT_GENOME140786_00716,774130,0.12229964470285158,0.09718780090826173,0.09857348689873807,0.00536366797983422,0.15865029796807012,0.09954611719100287,0.5719483817198332,0.025111843794589847,0.26668521667952855,-0.0009726302922647978,-0.1940311803979731,0.10876910376203787,0.9470678397473271,False
GUT_GENOME140786_1,GUT_GENOME140786_00716,774198,0.11189092830956963,0.09655759154950627,0.09742941607622342,0.00516038221974812,0.2638954417895015,0.09176079918441651,0.13599577187251982,0.015333336760063362,0.07696664041425338,0.005668616891806907,-0.10723405466822017,0.017423006217243815,0.9913263320877277,False
GUT_GENOME140786_1,GUT_GENOME140786_00716,774418,0.08062158246828598,0.0734377317037161,0.07395079517694333,0.003661995184539425,0.3488947995728241,0.06408661365791525,0.003533577311088213,0.007183850764569871,-0.08114633888818394,0.009864181519028084,-0.052400536149345436,0.009330544503694851,0.9953455932273713,False
GUT_GENOME140786_1,GUT_GENOME140786_00716,774442,0.05695960618837165,0.06505665607294105,0.06498038024822408,0.0029694155912469806,0.7105470296462952,0.05791278785568152,0.008653287328548644,-0.008097049884569399,-0.3776200955638835,0.0070675923925425654,-0.08895028219828013,0.15050908927683018,0.9275073642513627,False
GUT_GENOME140786_1,GUT_GENOME140786_00717,774535,0.04032145376340366,0.06137081098857236,0.06064170011323284,0.0029593912010874857,0.9697359260218387,0.05770976436412169,0.1609105258836463,-0.0210493572251687,-0.628915441502934,0.0029319357491111517,-0.14300083922557127,0.41598387258004804,0.8122135861403298,False
GUT_GENOME140786_1,GUT_GENOME140786_00721,777683,0.05045091180686585,0.06321075285326085,0.06218662085585568,0.0039034358597443038,0.8191852176267308,0.057808799927548254,0.13103113681843326,-0.012759841046394993,-0.46808565411187064,0.0043778209283074285,-0.12410398533486228,0.2345059787613335,0.8893601660222814,False
GUT_GENOME140786_1,GUT_GENOME140786_00725,782775,0.042907479048854384,0.06149652076899969,0.06010675579452632,0.0036663071869863203,0.9295053549422326,0.05689976204250659,0.19086302406637318,-0.018589041720145305,-0.5811814108243927,0.0032069937520197295,-0.13940599575721035,0.3572058639408908,0.8364379562392232,False
GUT_GENOME140786_1,GUT_GENOME140786_00725,783127,0.04560842705028578,0.05778785427188901,0.056867302469428754,0.0035661102195092506,0.8383493997839105,0.05692268534801856,0.5061954573421632,-0.012179427221603228,-0.45682470352960125,-5.538287858980473e-05,-0.18204330569862665,0.24182857490459173,0.8861099070756843,False
GUT_GENOME140786_1,GUT_GENOME140786_00725,783318,0.039123323854398775,0.05326477404458818,0.05266792733912205,0.0035885661424438463,0.9155322235516776,0.05712451870528341,0.8928607544474043,-0.014141450190189406,-0.4948910671253568,-0.004456591366161354,-0.2395644663888683,0.30230830187665764,0.8597151625451829,False
GUT_GENOME140786_1,GUT_GENOME140786_00726,783630,0.046215700743931304,0.07823090578482475,0.0764332057124611,0.004634776569801767,0.9933811497440432,0.05986857839917633,0.00017579376098017234,-0.032015205040893446,-0.8416703158201788,0.016564627313284765,0.0351702799835558,0.7096458691269613,0.7012976077826727,False
GUT_GENOME140786_1,GUT_GENOME140786_00726,783833,0.07916098744452907,0.10310737168381137,0.10146046632097797,0.007666496463595446,0.8575707483694254,0.0858075234891075,0.020588985791088782,-0.023946384239282303,-0.68512236947047,0.015652942831870464,0.023255109479291183,0.46993346126572505,0.7905971518581069,False
GUT_GENOME140786_1,GUT_GENOME140786_00726,783848,0.10095561725349984,0.0994202881315334,0.09897503327753406,0.010314727223361641,0.47768999128971995,0.09441019549329914,0.32904369095250197,0.001535329121966439,-0.1907366352651819,0.004564837784234915,-0.12165978696253651,0.051181567796052804,0.9747338848072783,False
GUT_GENOME140786_1,GUT_GENOME140786_00726,783897,0.12955842800647632,0.10985141465756333,0.11298346329498309,0.012315652595079695,0.28728440382618275,0.11107574349021133,0.4384492696826528,0.01970701334891299,0.16182291679177482,0.0019077198047717514,-0.15638672859714278,0.050643465280314076,0.9749961734680385,False
GUT_GENOME140786_1,GUT_GENOME140786_00726,784169,0.12277886760090714,0.12206709408505992,0.12248120826071048,0.013710758221890574,0.4924873359977198,0.12170866192440884,0.47753308850802606,0.0007117735158472249,-0.20671492280095283,0.0007725463363016383,-0.17122276639802345,0.07204829504159599,0.9646170000928135,False
GUT_GENOME140786_1,GUT_GENOME140786_00726,784172,0.12923165028958827,0.12509955368829365,0.1257502063837398,0.01482160877192067,0.45569280319538397,0.1238478124765563,0.4489349199369671,0.004132096601294627,-0.14035521943855128,0.0019023939071834972,-0.1564563348909275,0.04417817235114595,0.9781530912515892,False
GUT_GENOME140786_1,GUT_GENOME140786_00726,784182,0.14573488296408027,0.16148709006769835,0.15700762029931548,0.018731578212549917,0.6923032783546279,0.13302628930457258,0.10022647353577313,-0.015752207103618077,-0.5261423110265107,0.023981330994742894,0.132102158002462,0.2942767116012249,0.8631745439492571,False
GUT_GENOME140786_1,GUT_GENOME140786_00726,784316,0.15373414850315323,0.1306347216988091,0.13328492893600913,0.014052256804603647,0.2409417906255379,0.14507189642361945,0.7992079161867292,0.023099426804344125,0.22764112897847016,-0.011786967487610323,-0.3353680948678343,0.1642922426578732,0.9211373510481956,False
GUT_GENOME140786_1,GUT_GENOME140786_00726,784380,0.13726097770409335,0.11415291304436816,0.11584740283469501,0.010605415498431586,0.22913636646565216,0.12724622486036846,0.85877042379211,0.02310806465972519,0.2278087170999589,-0.011398822025673452,-0.3302952659958765,0.1609917743260159,0.9226586983207785,False
GUT_GENOME140786_1,GUT_GENOME140786_00726,784469,0.10691708529235336,0.09745414814486347,0.09901514910267672,0.008294890771695321,0.35529789511360277,0.11675023659356337,0.9837446174228064,0.009462937147489886,-0.03692844118391555,-0.017735087490886647,-0.41310646319995625,0.1720206597058507,0.9175847526556535,False
GUT_GENOME140786_1,GUT_GENOME140786_00726,784481,0.06614282322292193,0.07258649098632342,0.07235826690476924,0.006299733533656777,0.6765787882471664,0.0996115431047246,0.9999924113672242,-0.006443667763401481,-0.34554185489351436,-0.027253276199955365,-0.5375034927341054,0.408309178184613,0.8153363193428917,False
GUT_GENOME140786_1,GUT_GENOME140786_00726,784489,0.058929344697180946,0.06318270230178276,0.06410396043335341,0.005749511127082023,0.6248678800237044,0.0929494348014465,0.9999997376192016,-0.004253357604601812,-0.30304635701846844,-0.028845474368093094,-0.5583125698179979,0.40355002011894187,0.8172787867638981,False
GUT_GENOME140786_1,GUT_GENOME140786_00726,784632,0.056946572227107556,0.06134775752643069,0.0649113522127813,0.006349296735437703,0.6468639484632126,0.09245944796653383,0.9999928356632442,-0.004401185299323138,-0.3059144492206914,-0.027548095753752527,-0.5413566078447574,0.3866506270991814,0.8242138026038095,False
GUT_GENOME140786_1,GUT_GENOME140786_00726,785407,0.061144922223911734,0.07040481826744405,0.0730166497789168,0.006211653610548692,0.8160164752714056,0.09363961391519889,0.9995499839093168,-0.009259896043532313,-0.40018115901815454,-0.02062296413628209,-0.45084928248299455,0.3634100355485445,0.8338472742657748,False
GUT_GENOME140786_1,GUT_GENOME140786_00726,785535,0.06935650997759303,0.07092990562098457,0.07310280879928313,0.005848382722310207,0.5363359016564508,0.09387069103193342,0.9998081490938836,-0.0015733956433915397,-0.25105083603242373,-0.02076788223265029,-0.4527432752651267,0.2680029955703732,0.8745887546562721,False
GUT_GENOME140786_1,GUT_GENOME140786_00726,785564,0.08479723632997564,0.06837871978098026,0.07209751579778781,0.00572574482473398,0.20733953992660653,0.09405643096148042,0.9999372483492411,0.016418516548995385,0.09802085286418129,-0.02195891516369261,-0.46830936280842694,0.22892174689025632,0.8918468326295098,False
GUT_GENOME140786_1,GUT_GENOME140786_00726,785621,0.1105266879595527,0.07198888254685283,0.07502086966745576,0.006715387039924481,0.04746855644281962,0.09688936932344502,0.9994359785342312,0.03853780541269987,0.5271702083235937,-0.021868499655989262,-0.467127686238871,0.4961167037948223,0.7803144091231954,False
GUT_GENOME140786_1,GUT_GENOME140786_00726,785628,0.1702754669991929,0.11056695484731634,0.11835115879295081,0.009938250260891495,0.02306473715939114,0.1417377642680672,0.9906934757958177,0.05970851215187657,0.9379155631006243,-0.02338660547511638,-0.48696842066746976,1.116823846233731,0.5721169084312496,False
GUT_GENOME140786_1,GUT_GENOME140786_00726,785634,0.23109704590416316,0.13362011102039043,0.14476383094044393,0.011181537938808855,0.00699434705759654,0.1697464874059415,0.987267583709883,0.09747693488377274,1.6706829848737552,-0.024982656465497577,-0.5078278518320661,3.049070763043051,0.2177221911221606,False
GUT_GENOME140786_1,GUT_GENOME140786_00726,785685,0.2827682295521528,0.156192817934666,0.17322669336425103,0.015620249353223717,0.0024552512651272217,0.17288900395630763,0.4913760602469756,0.1265754116174868,2.23523967618832,0.0003376894079434034,-0.17690608617803247,5.027592173333295,0.08096032277005541,False
GUT_GENOME140786_1,GUT_GENOME140786_00726,785732,0.2885428136357532,0.14159711239592884,0.1625673431877386,0.014422407092304992,0.00045115400788874803,0.1718587127054195,0.7402873489776822,0.14694570123982434,2.6304556668928076,-0.009291369517680892,-0.30275212308373967,7.010955863520198,0.030032416467980307,False
GUT_GENOME140786_1,GUT_GENOME140786_00726,785741,0.25703779257964254,0.10669115154922396,0.12261215721811113,0.010038713143097748,0.00017353774183399473,0.1418397885583733,0.9722759449762368,0.1503466410304186,2.696439303531538,-0.01922763134026216,-0.4326131179834318,7.457939027480991,0.024017572867761725,False
GUT_GENOME140786_1,GUT_GENOME140786_00726,785742,0.2190935111317003,0.10025740764424398,0.11105591807819411,0.008271985794872105,0.001916108820584434,0.1284256635596222,0.9821280027527656,0.11883610348745632,2.085084799321807,-0.017369745481428098,-0.40833166180340696,4.514313366393993,0.10464760844969351,False
GUT_GENOME140786_1,GUT_GENOME140786_00726,785745,0.15612954325211315,0.08575359830698427,0.0909537012633148,0.006685648587159342,0.028308337175557297,0.10802809458422787,0.9946736141575362,0.07037594494512887,1.1448807117470952,-0.017074393320913067,-0.40447158584173193,1.4743491078838609,0.4784638813826736,False
GUT_GENOME140786_1,GUT_GENOME140786_00726,786068,0.17377956612202664,0.08544090551290341,0.09399115759318694,0.008086074984764153,0.01777559679857081,0.11006297909776055,0.9765716084179665,0.08833866060912322,1.493385941594382,-0.01607182150457362,-0.3913685722685238,2.3833709299112416,0.3037089416593801,False
GUT_GENOME140786_1,GUT_GENOME140786_00726,786069,0.15388548043430955,0.09321920609331431,0.09615875545095634,0.0061190423673195314,0.05819313240854019,0.10798465476041265,0.9733596515653626,0.06066627434099524,0.9564976716248327,-0.011825899309456309,-0.335876910477613,1.0277010948157126,0.5981877880980297,False
GUT_GENOME140786_1,GUT_GENOME140786_00727,786474,0.12182034691480946,0.08601057102778692,0.08732838199086095,0.003957502454097438,0.05687525869924561,0.09712556883779738,0.9933493453578269,0.03580977588702254,0.4742421001989367,-0.009797186846936437,-0.3093628528317573,0.32061094431330184,0.8518835225193194,False
GUT_GENOME140786_1,GUT_GENOME140786_00727,786788,0.1282824613575513,0.08937354960786752,0.08997378521381726,0.003148438367360019,0.09665425697366581,0.09701507848030859,0.9873385158310766,0.03890891174968379,0.5343702610153818,-0.007041293266491333,-0.2733449732121858,0.3602690502380178,0.8351578541442841,False
GUT_GENOME140786_1,GUT_GENOME140786_00727,786819,0.09043246430337412,0.0837488800883107,0.08381510575648692,0.002683852455008741,0.389366930094684,0.08899337737852257,0.9731604672574169,0.006683584215063418,-0.09085230496157257,-0.005178271622035657,-0.24899639538799317,0.07025334623304441,0.9654831077569215,False
GUT_GENOME140786_1,GUT_GENOME140786_00727,786840,0.06544465230340889,0.0817471934335289,0.08151138848699005,0.0025228988902846676,0.8374533762229364,0.08569493874282802,0.9513646192538378,-0.016302541130120016,-0.5368196657197817,-0.00418355025583797,-0.2359959824994311,0.34386945725936996,0.8420341320965121,False
GUT_GENOME140786_1,GUT_GENOME140786_00727,786895,0.05861056817331588,0.07137709964064112,0.07116453423508474,0.0020545925174101816,0.8041231664470055,0.07776019435502153,0.9993367948772724,-0.012766531467325246,-0.46821545891019223,-0.006595660119936786,-0.26752081471020905,0.29079310226569594,0.8646793355450693,False
GUT_GENOME140786_1,GUT_GENOME140786_00727,787578,0.04662406227410392,0.07008751969480817,0.06984323550884476,0.0018749008656939853,0.9661767271568575,0.07541543693341195,0.9985206564329628,-0.02346345742070425,-0.675752821733024,-0.005572201424567186,-0.2541448221294389,0.5212314666953481,0.7705769697628669,False
GUT_GENOME140786_1,GUT_GENOME140786_00728,788318,0.05842577763172083,0.06946566957992688,0.06934001885981715,0.0019210301752887406,0.7686971591608766,0.07515699775293162,0.9987693205652293,-0.011039891948206051,-0.4347159083004692,-0.005816978893114472,-0.25734391713741656,0.25520381261713143,0.8802037129524811,False
GUT_GENOME140786_1,GUT_GENOME140786_00728,788964,0.05880274951443163,0.06931156654482482,0.06910664228143464,0.002314256758898687,0.7542684781369532,0.07126016952534643,0.8239563155838326,-0.010508817030393185,-0.4244122109219323,-0.002153527243911796,-0.2094647967572343,0.22400122586019222,0.8940437095138926,False
GUT_GENOME140786_1,GUT_GENOME140786_00728,789167,0.05549013840636916,0.06238847720890281,0.06219049389116764,0.002381676575293932,0.6773159264117938,0.06835677039529761,0.9951879250714191,-0.0068983388025336476,-0.35436319560622626,-0.006166276504129972,-0.2619090278493215,0.19416961326923324,0.9074790426262205,False
GUT_GENOME140786_1,GUT_GENOME140786_00728,789168,0.04873834660997777,0.05786637262177083,0.057722664364682416,0.002056327708300117,0.7415929826530531,0.06703902181829276,0.999997058903044,-0.009128026011793057,-0.39762267083736247,-0.009316357453610341,-0.30307870045038204,0.24996048703052992,0.8825143377934087,False
GUT_GENOME140786_1,GUT_GENOME140786_00729,790893,0.051698547560898644,0.05677408191651468,0.05671512030456134,0.0017509908507062492,0.6338258229825767,0.06644870006689473,0.9999999864258456,-0.005075534355616036,-0.3189978925739554,-0.009733579762333383,-0.3085315463065559,0.1969513705329392,0.9062177267889395,False
GUT_GENOME140786_1,GUT_GENOME140786_00730,792063,0.052764602294078394,0.05672323608367456,0.056660997749634665,0.002019630424341878,0.6017195741979499,0.06674782352235846,0.9999997048927594,-0.003958633789596162,-0.2973282466385387,-0.010086825772723795,-0.3131482602350672,0.18646591913739707,0.9109812537746995,False
GUT_GENOME140786_1,GUT_GENOME140786_00730,792476,0.05167523864251741,0.05734242173810824,0.05725541050342054,0.0022356108726954717,0.6459727289850374,0.06701114853563751,0.9999936086071414,-0.005667183095590826,-0.33047681836506376,-0.009755738032216972,-0.30882114163161056,0.2045854249953466,0.9027652623156204,False
GUT_GENOME140786_1,GUT_GENOME140786_00731,792735,0.04894318986381721,0.059026593300779355,0.058652578285208125,0.0033088481555738247,0.7527350374711612,0.06917731540136451,0.9992656189957422,-0.010083403436962145,-0.4161585111511329,-0.01052473711615639,-0.31887149939194803,0.27486693952799673,0.8715923353120136,False
GUT_GENOME140786_1,GUT_GENOME140786_00731,793010,0.0571411349734384,0.06372990172942453,0.06335601756459815,0.003989782005346495,0.6520481075071638,0.07384032944807718,0.9957029306952356,-0.006588766755986124,-0.34835700593789026,-0.010484311883479036,-0.31834316579645017,0.22269497479531747,0.8946278230166484,False
GUT_GENOME140786_1,GUT_GENOME140786_00731,793176,0.06274445668096942,0.06656317885988242,0.06649773941019582,0.004087962185499939,0.5915593999530007,0.08078045624745911,0.9997619436304946,-0.003818722178912992,-0.2946137390467284,-0.014282716837263287,-0.3679860450943107,0.22221098461924585,0.8948443447529802,False
GUT_GENOME140786_1,GUT_GENOME140786_00731,793748,0.06083537912657271,0.05580460279125068,0.056115576781828415,0.0055276676209356276,0.38080227222701885,0.08497140763111793,0.9999999106612095,0.005030776335322035,-0.12291940443569466,-0.02885583084928952,-0.558447922828601,0.32697326249840497,0.849177851372778,False
GUT_GENOME140786_1,GUT_GENOME140786_00731,793964,0.062709019353915,0.056150086374825964,0.05648314495214514,0.006598878862226032,0.34950898087477245,0.09019670178856067,0.999999838050853,0.0065589329790890355,-0.09327073703256937,-0.033713556836415526,-0.6219354939999487,0.39550318908355897,0.8205736627997782,False
GUT_GENOME140786_1,GUT_GENOME140786_00731,794085,0.06146749071329301,0.05678972133205412,0.05665026392719966,0.006255699369628463,0.39474232219368377,0.09145853833498821,0.9999999868358765,0.004677769381238886,-0.12976830033605327,-0.03480827440778855,-0.6362427974397191,0.4216447090660276,0.8099179323516867,False
GUT_GENOME140786_1,GUT_GENOME140786_00731,794087,0.06318483499102073,0.05757790017224808,0.05753577930227817,0.006323258477594096,0.3756913372104996,0.09361794538481273,0.9999999942257717,0.005606934818772655,-0.11174101423794144,-0.03608216608253456,-0.6528917991700274,0.4387537556863992,0.8030190210405939,False
GUT_GENOME140786_1,GUT_GENOME140786_00731,794325,0.0648090869316566,0.05840148201384748,0.05875092075670443,0.006918436767640269,0.3591307228451234,0.09378908236776298,0.9999997952225739,0.006407604917809118,-0.09620674190873711,-0.03503816161105855,-0.639247285592749,0.417892829326392,0.8114387156953308,False
GUT_GENOME140786_1,GUT_GENOME140786_00731,795053,0.06424574228578564,0.06048288808798134,0.061279191192633836,0.007673844228088028,0.4173064220778,0.09284217668452435,0.9999804775987234,0.0037628541978042968,-0.14751910885844022,-0.031562985491890516,-0.5938288137021226,0.37439454746125855,0.8292801250638187,False
GUT_GENOME140786_1,GUT_GENOME140786_00731,795149,0.06510645611980086,0.05453036663733307,0.06219703493649893,0.01002885125918456,0.2894561775519383,0.09354301350824858,0.9991127265200989,0.010576089482467785,-0.01533151688732224,-0.031345978571749644,-0.5909926631403924,0.34950738329583964,0.839663811510733,False
GUT_GENOME140786_1,GUT_GENOME140786_00731,795158,0.08509653564734622,0.0649125040305812,0.06914417790441856,0.009678321031862197,0.20719985780030653,0.09750870632742435,0.9983091574445244,0.02018403161676502,0.17107782925539272,-0.028364528423005797,-0.5520268941748632,0.3340013155550829,0.8461990547262714,False
GUT_GENOME140786_1,GUT_GENOME140786_00731,795317,0.08514379250306463,0.0661347113571141,0.07162697722390551,0.010938928684153077,0.2088889708536827,0.09743794822905907,0.9908514917143041,0.019009081145950527,0.148281922915286,-0.02581097100515356,-0.5186534270967146,0.29098890610262185,0.864594685923012,False
GUT_GENOME140786_1,GUT_GENOME140786_00731,795357,0.08301374944371673,0.07031857227748704,0.07340968951487381,0.010222284716658155,0.2878609097888517,0.09862696540482124,0.9931854336266144,0.012695177166229685,0.02578215178674803,-0.025217275889947433,-0.5108941872835545,0.2616775899508786,0.8773591977026773,False
GUT_GENOME140786_1,GUT_GENOME140786_00731,795773,0.09274699297497219,0.07412392653649727,0.08000194169643358,0.01221575817835055,0.22997318264981464,0.10088821544454722,0.95634683017052,0.018623066438474917,0.1407926241438938,-0.020886273748113637,-0.45429058151170854,0.22620249546357005,0.8930602352152718,False
GUT_GENOME140786_1,GUT_GENOME140786_00731,795901,0.09767585676035177,0.09455632064385494,0.09722157647022459,0.01850035114804571,0.45172438996426434,0.10697307142724724,0.7009371734410774,0.003119536116496832,-0.16000050198322113,-0.009751494957022655,-0.3087656871784161,0.12093641021364228,0.9413236978290307,False
GUT_GENOME140786_1,GUT_GENOME140786_00731,795903,0.10174369480984863,0.09952348566244162,0.10105315040881024,0.019287058036510842,0.46571271168660605,0.10869621258916809,0.6540505080894563,0.002220209147407004,-0.17744887437486093,-0.007643062180357846,-0.2812097327414503,0.11056701680542307,0.9462168494952282,False
GUT_GENOME140786_1,GUT_GENOME140786_00731,796299,0.10123923984047492,0.09655598968174572,0.09914116379984832,0.017170270637684053,0.4267663845926869,0.11000110690859886,0.7364650817963423,0.004683250158729196,-0.1296619645428062,-0.010859943108750547,-0.3232524410853009,0.12130436571670584,0.9411505311415379,False
GUT_GENOME140786_1,GUT_GENOME140786_00731,796380,0.09162541364011688,0.08222708364290093,0.08922739426441233,0.015766644933926707,0.3318192478927151,0.11020075913690854,0.9082798013960818,0.009398329997215946,-0.03818192257153948,-0.02097336487249621,-0.45542881038099525,0.2088732605363076,0.9008318810729179,False
GUT_GENOME140786_1,GUT_GENOME140786_00731,796554,0.09775117623838915,0.10845478875679246,0.10218512581482776,0.016902426489850016,0.6903677400426187,0.11208269326792182,0.7209180131761084,-0.010703612518403308,-0.4281915529541763,-0.009897567453094058,-0.31067476727372967,0.27986681704189525,0.8694161291771221,False
GUT_GENOME140786_1,GUT_GENOME140786_00731,796587,0.07448766856746726,0.08154517077998186,0.07751002295656789,0.011776770621708685,0.6805551303661195,0.12077130101068864,0.9998803472630836,-0.007057502212514596,-0.35745121869896357,-0.04326127805412075,-0.7467184957459717,0.685359885638501,0.709865372715893,False
GUT_GENOME140786_1,GUT_GENOME140786_00731,796615,0.06755389145284632,0.07758373318225004,0.07275873443820154,0.011580176979469614,0.7455946716297914,0.12111587847433246,0.9999851565788553,-0.010029841729403716,-0.4151193289053726,-0.04835714403613092,-0.8133184141172275,0.833810899973009,0.6590832333268143,False
GUT_GENOME140786_1,GUT_GENOME140786_00731,796640,0.06789040805048009,0.08217734450569021,0.07434677994522712,0.010639523160752977,0.8221980797559905,0.11756665003571364,0.9999756937912619,-0.01428693645521012,-0.49771373187043755,-0.043219870090486515,-0.7461773184450585,0.8044995494542561,0.6688136720733904,False
GUT_GENOME140786_1,GUT_GENOME140786_00731,796697,0.06740409996857119,0.09752562157253558,0.07856129102325228,0.013970111820416551,0.972423868652047,0.11803316754120512,0.9976392998926857,-0.03012152160396439,-0.8049298477423021,-0.039471876517952836,-0.6971932857275678,1.1339905374500476,0.5672272461286108,False
GUT_GENOME140786_1,GUT_GENOME140786_00731,796698,0.06019903399989619,0.07238337598189626,0.0664960908862245,0.010525432693464998,0.8224428703090458,0.1131406055011465,0.9999953231938332,-0.012184341982000066,-0.4569200576917326,-0.046644514614922,-0.7909353726370567,0.8343547028095359,0.6589040520218485,False
GUT_GENOME140786_1,GUT_GENOME140786_00732,796782,0.05270534639883432,0.07171042353998727,0.06225314181368714,0.01089908678136388,0.9263058239240194,0.10496469846224166,0.9999555081886151,-0.019005077141152953,-0.589253159146586,-0.04271155664855451,-0.7395339659983505,0.8941297724294813,0.639502412037714,False
GUT_GENOME140786_1,GUT_GENOME140786_00732,797219,0.06107960153307308,0.07289661964370447,0.06976030377243911,0.009931267180596925,0.8039645853621588,0.10231261190875426,0.999476828001255,-0.011817018110631392,-0.4497933908438943,-0.032552308136315156,-0.606758668528392,0.5704701762811953,0.7518374854655765,False
GUT_GENOME140786_1,GUT_GENOME140786_00732,797294,0.055754220406315565,0.08454639772491458,0.07871602901072436,0.009993193964414605,0.9965718954561604,0.099048446770876,0.979055768096781,-0.028792177318599017,-0.779138456040541,-0.02033241776015164,-0.4470520152468341,0.8069122380174936,0.6680073389800599,False
GUT_GENOME140786_1,GUT_GENOME140786_00732,797552,0.050823986895732975,0.06987128470374726,0.06719868814430575,0.008025455374877888,0.9687009004309327,0.08529792768969652,0.987940520130015,-0.019047297808014285,-0.5900723071798819,-0.018099239545390763,-0.4178657125974713,0.5227970814651814,0.7699739924586245,False
GUT_GENOME140786_1,GUT_GENOME140786_00732,797630,0.05717932892112639,0.07103115735546131,0.06909165802244646,0.008156532534500105,0.8974994462934182,0.08463758436781846,0.9716715195388939,-0.013851828434334919,-0.48927194480104347,-0.015545926345371996,-0.38449543730023517,0.3872237772740944,0.8239776373024077,False
GUT_GENOME140786_1,GUT_GENOME140786_00733,798282,0.06095503268145033,0.07250692141836236,0.07041950075691028,0.007991427445753924,0.8397850085355469,0.08318046205716306,0.9448483390931635,-0.011551888736912028,-0.4446494596557753,-0.012760961300252782,-0.348097611037431,0.3188850887821395,0.8526189537303119,False
GUT_GENOME140786_1,GUT_GENOME140786_00733,798337,0.06658631609911887,0.07287395562538569,0.07067818854445748,0.008049401772899974,0.6788980426559056,0.08295724285064555,0.9364280132695433,-0.0062876395262668194,-0.3425146591363451,-0.012279054306188072,-0.3417993750593752,0.2341431045142661,0.88952154361209,False
GUT_GENOME140786_1,GUT_GENOME140786_00734,799283,0.07792541717576185,0.08283306153800873,0.08102346680357522,0.009123572726482732,0.6118637769507191,0.08252529000855852,0.5653741706482189,-0.004907644362246888,-0.31574055989538624,-0.0015018232049832936,-0.2009474150309326,0.14007196477066586,0.9323602707558312,False
GUT_GENOME140786_1,GUT_GENOME140786_00734,799367,0.08207905386418547,0.09795497667160254,0.09307504390497633,0.010759691136048242,0.7915111889976204,0.09093555550072131,0.4211928104815247,-0.015875922807417064,-0.528542592286577,0.0021394884042550133,-0.15335765172167193,0.30287584120260036,0.8594712360743592,False
GUT_GENOME140786_1,GUT_GENOME140786_00734,799372,0.11697615864475197,0.12293688503162722,0.11807991316340333,0.016853441873709036,0.5817421292733688,0.09197849904437518,0.06072344017917467,-0.005960726386875254,-0.33617202470873864,0.026101414119028152,0.15981037550977892,0.13855098631734933,0.9330695903778847,False
GUT_GENOME140786_1,GUT_GENOME140786_00734,799373,0.1369261380429389,0.11787274683403691,0.12224791715812992,0.01593412962235571,0.2771007305553185,0.09372406265280506,0.03671806569851337,0.019053391208901996,0.1491416085531544,0.028523854505324867,0.1914702214625865,0.058904065108754254,0.9709774518322847,False
GUT_GENOME140786_1,GUT_GENOME140786_00734,799429,0.1435618266941555,0.11303517464309025,0.11358350492822678,0.009436018351746376,0.17912143544311593,0.117362203197434,0.655589193285551,0.030526652051065237,0.3717411019532986,-0.003778698269207223,-0.2307048093490312,0.1914161559382256,0.9087292554419896,False
GUT_GENOME140786_1,GUT_GENOME140786_00734,799435,0.12268830666672224,0.11365624264377501,0.1132978476410023,0.008848123295396026,0.3789302491619983,0.10933110328117772,0.3269630212996311,0.009032064022947234,-0.04528806453445098,0.003966744359824581,-0.12947651004448854,0.018815175442577138,0.990636525191666,False
GUT_GENOME140786_1,GUT_GENOME140786_00734,799474,0.13218812338985111,0.13788039289215215,0.13588982232914212,0.00855259481213871,0.5767146106798939,0.11169274047430583,0.0023331576307316342,-0.005692269502301034,-0.3309635345220259,0.024197081854836294,0.13492189261115758,0.127740778289089,0.9381265830402413,False
GUT_GENOME140786_1,GUT_GENOME140786_00734,799483,0.09348676854626815,0.07166931210374507,0.07212558137894384,0.0023874788063115607,0.17651591272644024,0.06162633256544176,5.471962679254707e-06,0.021817456442523087,0.2027688666791012,0.010499248813502081,-0.04410058671552259,0.04306007504298045,0.9787000793029612,False
GUT_GENOME140786_1,GUT_GENOME140786_00734,799537,0.0672497127729243,0.06809957217262336,0.06824062529153715,0.002111690138220253,0.5216227397075317,0.060564949542263734,0.00013907150330042808,-0.00084985939969906,-0.23701308307637553,0.007675675749273421,-0.08100299668014357,0.06273668702053224,0.9691185387999879,False
GUT_GENOME140786_1,GUT_GENOME140786_00734,799906,0.08235518852282375,0.06721016363877043,0.06740429736205263,0.001966519465354485,0.24099032180066005,0.05968370868927022,4.318204352033667e-05,0.015145024884053324,0.0733130907584293,0.007720588672782407,-0.0804160116514806,0.011841544206484755,0.9940967211264039,False
GUT_GENOME140786_1,GUT_GENOME140786_00737,804969,0.07039586454071316,0.0613026222625372,0.060860147130342816,0.0021619421674652444,0.2793798135398829,0.05739018128618654,0.0542444254756954,0.009093242278175956,-0.044101109159831384,0.003469965844156278,-0.13596910790889535,0.020432506134668193,0.9898357555841704,False
GUT_GENOME140786_1,GUT_GENOME140786_00737,805324,0.07554245155238751,0.06110407022832127,0.060941190223637566,0.002147776984282719,0.23004058490128582,0.05725837238411055,0.04319906938543749,0.01443838132406624,0.05960308271175952,0.0036828178395270153,-0.133187259727076,0.02129137362235245,0.9894107779662568,False
GUT_GENOME140786_1,GUT_GENOME140786_00738,807573,0.07944534095424953,0.06380060067520187,0.06344950748756378,0.0020458556081998287,0.23501345612573998,0.05788547553085799,0.003267452143987722,0.015644740279047664,0.08300836355839991,0.005564031956705795,-0.10860091717307936,0.01868454763147754,0.9907012296451339,False
GUT_GENOME140786_1,GUT_GENOME140786_00739,808219,0.10211888287911969,0.07503305770533526,0.07518751863408936,0.001675405719526705,0.13906038926874176,0.06081190944536191,4.7282211160860435e-18,0.027085825173784425,0.30498359244513895,0.014375609188727448,0.006561123282145184,0.09305803999946613,0.9545368595086218,False
GUT_GENOME140786_1,GUT_GENOME140786_00740,809154,0.09644342874080863,0.08009991630522487,0.08021125812170625,0.0017172230368188953,0.2806507767856057,0.06249285467489511,2.919673125878991e-25,0.016343512435583768,0.09656565386905368,0.017718403446811137,0.0502494434825236,0.011849932077461215,0.9940925519576291,False
GUT_GENOME140786_1,GUT_GENOME140786_00740,809616,0.11941307780320233,0.08143547061410564,0.08170077275738687,0.0017998283084733572,0.12601338480618757,0.06401955248178115,4.4446982939521473e-23,0.03797760718909669,0.5163014725305864,0.017681220275605716,0.04976348169000241,0.2690436146471631,0.874133816149737,False
GUT_GENOME140786_1,GUT_GENOME140786_00740,809816,0.15449176893596445,0.08914176148912975,0.08998634394926963,0.0024707670685830026,0.04084955919405728,0.06748516615712483,4.236116003466265e-20,0.0653500074468347,1.047369537167181,0.022501177792144805,0.11275744155623015,1.1096971880121014,0.5741591857580248,False
GUT_GENOME140786_1,GUT_GENOME140786_00740,809818,0.15248451331205218,0.08842822603406085,0.08931109548084347,0.002533643963182259,0.030824333194843206,0.07033413108580971,3.443979880298081e-14,0.06405628727799133,1.0222693099390354,0.018976964395033755,0.06669808179302564,1.0494831761581007,0.5917082490776344,False
GUT_GENOME140786_1,GUT_GENOME140786_00740,810071,0.14276419222121808,0.09232179941612537,0.09324796669151021,0.0032732121622833944,0.0484062046458756,0.07110209561606556,6.629117454921802e-12,0.05044239280509272,0.7581381222531748,0.022145871075444648,0.10811379542963896,0.5864620051757716,0.7458498275552574,False
GUT_GENOME140786_1,GUT_GENOME140786_00743,812457,0.11714780288618397,0.08897487648390295,0.0896193174821007,0.0038454206828017604,0.12437931570089067,0.06999055050128965,1.6587684808531893e-07,0.028172926402281015,0.3260750838761303,0.01962876698081105,0.0752167514676581,0.11198252002617287,0.945547399926184,False
GUT_GENOME140786_1,GUT_GENOME140786_00743,812582,0.13012868593097177,0.10171669440966855,0.10183583686524801,0.005062848939645815,0.1602406755928497,0.06949220859878406,8.380176251184897e-11,0.02841199152130322,0.3307133271023651,0.03234362826646395,0.24139237828276552,0.16764158501612572,0.919596039829337,False
GUT_GENOME140786_1,GUT_GENOME140786_00743,812684,0.1338209873495975,0.09452501209049631,0.09641361861337676,0.005788245905406474,0.1045617134231061,0.07009595071925553,2.724119929319508e-06,0.03929597525910118,0.5418799082111783,0.026317667894121224,0.162636682916512,0.32008452555304107,0.8521077757647092,False
GUT_GENOME140786_1,GUT_GENOME140786_00743,812685,0.12726850024001912,0.08007319252260547,0.0839239187072223,0.004855075000404706,0.05283547504625632,0.07094815604694737,0.003763090774469038,0.04719530771741365,0.6951395113536214,0.01297576266027492,-0.011734032998720688,0.4833566277753666,0.7853087598454662,False
GUT_GENOME140786_1,GUT_GENOME140786_00743,812694,0.10246510836281301,0.10586340459127123,0.10551249609511673,0.005327034823338335,0.5601003133873272,0.09407088479674015,0.015863287615504974,-0.0033982962284582197,-0.2864568074759247,0.011441611298376578,-0.03178447306764801,0.08306775527748704,0.9593168354017745,False
GUT_GENOME140786_1,GUT_GENOME140786_00743,812750,0.09194559195651221,0.10885281915037831,0.1080273081043311,0.005584493793541148,0.7949421572719737,0.09673295919537546,0.02156503965981835,-0.0169072271938661,-0.5485515363106909,0.011294348908955643,-0.03370910435685659,0.30204509170536065,0.8598283128781993,False
GUT_GENOME140786_1,GUT_GENOME140786_00743,812778,0.08686942179594113,0.08533520341097428,0.08543520224144775,0.006541595069352074,0.46727412580492445,0.09661036211162802,0.9562118232852658,0.001534218384966854,-0.19075818532813346,-0.011175159870180265,-0.32737213549142996,0.1435612003659017,0.930735076517291,False
GUT_GENOME140786_1,GUT_GENOME140786_00744,813299,0.09005700069453125,0.08758666917921545,0.0879163664680105,0.0075671127711853334,0.44745908556354036,0.09712701608610076,0.8882349283603639,0.002470331515315796,-0.17259610294828157,-0.00921064961809026,-0.30169716230913324,0.1208105924983173,0.9413829172902465,False
GUT_GENOME140786_1,GUT_GENOME140786_00744,813486,0.06559793236711935,0.06671857568345431,0.06674061815945756,0.003983342296954434,0.5338537219121008,0.06953042061822538,0.7581510058193117,-0.0011206433163349627,-0.24226672138315475,-0.0027898024587678233,-0.21778053298747727,0.1061215248380528,0.9483223883692915,False
GUT_GENOME140786_1,GUT_GENOME140786_00744,813628,0.05540030007783434,0.06198878922479983,0.06165405755923691,0.0033603422575564663,0.6887848311488313,0.06551033565342994,0.8744300205778719,-0.006588489146965484,-0.3483516198817195,-0.003856278094193026,-0.2317187312279721,0.17504242147611915,0.9161994381784857,False
GUT_GENOME140786_1,GUT_GENOME140786_00744,813700,0.055992060591858385,0.06273174496092329,0.0624370275640645,0.0034524418034777194,0.6866045702947342,0.0664173417830435,0.8755239310429308,-0.006739684369064906,-0.35128504746668043,-0.003980314218978993,-0.23333980913994923,0.17784865110313586,0.9149148066281864,False
GUT_GENOME140786_1,GUT_GENOME140786_00747,816237,0.05207985432778846,0.061020758168955164,0.060092429941344706,0.004115600108326698,0.7605375083971198,0.06061962327649243,0.5509636361202249,-0.008940903841166706,-0.39399220335663643,-0.0005271933351477243,-0.18820958597451945,0.19065270455851718,0.9090762069598546,False
GUT_GENOME140786_1,GUT_GENOME140786_00747,816592,0.04548007896401191,0.04779644168650377,0.05261813689777444,0.003649016544892465,0.5796446977735319,0.05985278889638912,0.9762956487219854,-0.0023163627224918604,-0.26546557807445453,-0.007234651998614679,-0.27587205611060706,0.14657736448509823,0.9293325095050536,False
GUT_GENOME140786_1,GUT_GENOME140786_00747,817038,0.06578124756131898,0.07831767434630967,0.07798989949913197,0.004252464098299344,0.7613465556430912,0.047243220079820174,2.4092729886101604e-13,-0.012536426784990687,-0.4637510623954333,0.0307466794193118,0.22052121266756436,0.2636946531092662,0.8764747992923235,False
GUT_GENOME140786_1,GUT_GENOME140786_00748,819672,0.04662210272302072,0.049742418494243296,0.047615516515335125,0.00439421565826434,0.6136119724881092,0.045929166305309736,0.3505759750968478,-0.0031203157712225774,-0.28106354484492124,0.001686350210025389,-0.15927989670478793,0.10436680173508098,0.9491547750699084,False
GUT_GENOME140786_1,GUT_GENOME140786_00748,819675,0.03668080411391894,0.05514114295143515,0.04777029349077692,0.005034429633594263,0.9859747403674795,0.04611173236121714,0.370910170581363,-0.01846033883751621,-0.5786843703695037,0.0016585611295597755,-0.15964308335395724,0.3603615145727075,0.835119243879137,False
GUT_GENOME140786_1,GUT_GENOME140786_00772,851434,0.04002878830577678,0.053353350774480175,0.04906102080318232,0.005367201135100064,0.876429278769618,0.04593855638570079,0.28036157176835885,-0.013324562468703394,-0.4790421471479304,0.003122464417481534,-0.1405107435665316,0.24922464780171902,0.8828390918663102,False
GUT_GENOME140786_1,GUT_GENOME140786_00772,851539,0.03250086316087865,0.06908222704679395,0.06793259658916563,0.0034696786568264412,0.9999999676188985,0.052813532026002995,6.578346089443316e-06,-0.036581363885915305,-0.9302610538561503,0.015119064563162636,0.016277640047863393,0.8656505898870832,0.6486738085005253,False
GUT_GENOME140786_1,GUT_GENOME140786_00772,851547,0.03240678447237652,0.06330231351168632,0.06233677025201346,0.0031760748009305754,0.9999779341488312,0.05020958024563843,6.718863580428348e-05,-0.030895529039309796,-0.8199468220241617,0.012127190006375028,-0.022824369691507723,0.6728337427993369,0.7143252619673046,False
GUT_GENOME140786_1,GUT_GENOME140786_00772,851550,0.040296144861229954,0.06989482990856233,0.06898100843639135,0.0035220045239238223,0.9985023465113321,0.05071819448104964,1.0780678591514757e-07,-0.029598685047332374,-0.7947859876629021,0.01826281395534171,0.05736456298460428,0.6349754592717094,0.7279756132453725,False
GUT_GENOME140786_1,GUT_GENOME140786_00772,851571,0.05481860037162197,0.08687168539038581,0.09029222753434861,0.007610947265391703,0.9943569554256906,0.0687359408216519,0.0023109125342800413,-0.03205308501876384,-0.8424052475889199,0.021556286712696715,0.10040828069071095,0.719728423996614,0.697771068577479,False
GUT_GENOME140786_1,GUT_GENOME140786_00772,851580,0.07352319429565478,0.08851600041547414,0.08914396423326601,0.007446757422097133,0.7371825245448457,0.06896573095365258,0.003367538898105169,-0.01499280611981936,-0.5114087251169191,0.020178233279613433,0.08239794712256412,0.2683283058157255,0.8744465098838262,False
GUT_GENOME140786_1,GUT_GENOME140786_00772,851633,0.10685989617921833,0.0829474366000318,0.08049354139763934,0.006063826119090142,0.2270075620873977,0.07038495713755501,0.047754150916757644,0.02391245957918653,0.24341525686481127,0.010108584260084333,-0.0492063386053911,0.061672251033510456,0.969634458402852,False
GUT_GENOME140786_1,GUT_GENOME140786_00775,853960,0.08851833457169503,0.08966937328590405,0.08933566839082652,0.0043354845553831975,0.5164501158306913,0.07109763224102345,1.2956955783753e-05,-0.0011510387142090184,-0.24285644040563145,0.018238036149803072,0.05704073189640104,0.06223289574177113,0.9693626862825067,False
GUT_GENOME140786_1,GUT_GENOME140786_00775,854262,0.0783535759582483,0.08646877505615377,0.0862467640189792,0.0038716814296647054,0.6253203776907117,0.07098392610157199,4.037335251765729e-05,-0.008115199097905479,-0.3779722191449474,0.015262837917407207,0.01815667173559881,0.14319266317387042,0.9309065975655895,False
GUT_GENOME140786_1,GUT_GENOME140786_00775,854285,0.08122346304858549,0.082628800759042,0.08277120914923893,0.003373122792269232,0.5302671267803761,0.06963411361011275,4.9172544561220095e-05,-0.0014053377104565057,-0.24779024505939043,0.013137095539126176,-0.009625508834226307,0.06149265596691053,0.969721533094907,False
GUT_GENOME140786_1,GUT_GENOME140786_00775,854449,0.09766531824793638,0.08134569703346595,0.08188136529322558,0.0031326610763898134,0.2219768082092985,0.0699896518423428,7.351225934467265e-05,0.016319621214470434,0.0961021262120344,0.011891713450882774,-0.025901907332704137,0.00990652746594578,0.9950589834483143,False
GUT_GENOME140786_1,GUT_GENOME140786_00776,854901,0.12668580540298965,0.08475095980806743,0.08574252466507042,0.003248474558793227,0.05929179002906439,0.07013677831368247,7.77544942871724e-07,0.04193484559492222,0.5930781863627345,0.01560574635138795,0.022638279727754805,0.35225422684834246,0.8385113905084738,False
GUT_GENOME140786_1,GUT_GENOME140786_00776,854959,0.136866048052733,0.08908311944585544,0.09020841428942973,0.0034221076516479086,0.04284362791697736,0.07187385551416652,4.2148613303923695e-08,0.047782928606877564,0.7065402904438445,0.018334558775263216,0.05830222483976315,0.5025983314417384,0.777789648748397,False
GUT_GENOME140786_1,GUT_GENOME140786_00776,855526,0.13170015402968327,0.09331685001679806,0.09519918845308363,0.0048143053450919165,0.07433010996128327,0.07611760798466864,3.6926820487365256e-05,0.038383304012885214,0.5241726356368499,0.019081580468414988,0.06806535125656892,0.27938984399216193,0.869623497934777,False
GUT_GENOME140786_1,GUT_GENOME140786_00776,855637,0.1268541899441257,0.08220187264451186,0.08385870154687568,0.003934520645392239,0.04331336621841276,0.07483166285272408,0.010886140439585218,0.044652317299613845,0.6458014559820042,0.009027038694151598,-0.06334149181785836,0.42107166513418837,0.8101500248781134,False
GUT_GENOME140786_1,GUT_GENOME140786_00776,856171,0.09169929917051257,0.06680830687907553,0.06762297991429797,0.0035468237691755754,0.1252026423465561,0.07059594936213504,0.799042529349201,0.024890992291437042,0.26240034654585126,-0.002972969447837065,-0.22017441590421521,0.11733071528614517,0.9430222915628582,False
GUT_GENOME140786_1,GUT_GENOME140786_00778,857192,0.08079440161688256,0.07264003874688757,0.07256545011462878,0.0039255470686914585,0.33462405787810934,0.07487356474393722,0.7217247016967494,0.008154362869994991,-0.062316861725734425,-0.0023081146293084387,-0.21148516135963716,0.048609364730656066,0.9759882980289796,False
GUT_GENOME140786_1,GUT_GENOME140786_00778,857356,0.08292032872537142,0.07516339236618136,0.07520545363230477,0.0037899891530577033,0.331329600115974,0.07733623759372167,0.7130147981183359,0.007756936359190059,-0.07002756761711071,-0.0021307839614169016,-0.20916755566749573,0.04865492657028393,0.9759660643710755,False
GUT_GENOME140786_1,GUT_GENOME140786_00778,857440,0.08929724380092367,0.07681691797662249,0.07722835917823452,0.003827464188792083,0.26649527267419837,0.07908689126727075,0.6863667717846805,0.012480325824301183,0.02161369431615084,-0.0018585320890362328,-0.20560938664558956,0.042742371658767556,0.9788555598154676,False
GUT_GENOME140786_1,GUT_GENOME140786_00778,857695,0.09869741577919137,0.07451537424567378,0.07629313179741593,0.005116827472990937,0.11153897211430414,0.08234009519274704,0.8813534593843381,0.024182041533517593,0.24864557519274366,-0.0060469633953311175,-0.26034967692944316,0.12960657634019576,0.9372518137642226,False
GUT_GENOME140786_1,GUT_GENOME140786_00778,857944,0.0996792412777039,0.09603446880376926,0.09642872767995618,0.007507864690342413,0.43303102494772217,0.09520132029147192,0.43506912336952763,0.003644772473934646,-0.14981008195447626,0.0012274073884842585,-0.16527800469263887,0.04975987949038685,0.9754270150144527,False
GUT_GENOME140786_1,GUT_GENOME140786_00778,857949,0.12403649790678044,0.10181991387633585,0.10418775701592532,0.009504358080294236,0.1728830268315144,0.10208543053482834,0.4124698917145049,0.02221658403044459,0.21051257616985453,0.0021023264810969833,-0.15384333581493126,0.06798331670033451,0.9665795674721652,False
GUT_GENOME140786_1,GUT_GENOME140786_00778,858070,0.12729392574522427,0.11066229608151829,0.11347570072397817,0.011927728073375964,0.23764945500194729,0.11229553820329727,0.4605918527985178,0.016631629663705988,0.10215558596439751,0.0011801625206808997,-0.16589546683749756,0.037957069660960664,0.9812004236501882,False
GUT_GENOME140786_1,GUT_GENOME140786_00778,858153,0.12543072970257654,0.11211156560545157,0.11454492589145363,0.011850596476733602,0.30046787449530155,0.11589273457069221,0.5452754342044198,0.01331916409712497,0.037888489872879454,-0.001347808679238588,-0.19893453736130856,0.04101048782000516,0.979703558983755,False
GUT_GENOME140786_1,GUT_GENOME140786_00778,858331,0.12066657809149894,0.09918876239704937,0.10263094874567352,0.008620706280365114,0.19611495619677166,0.11881383416232585,0.9697554157897083,0.02147781569444958,0.19617929641662002,-0.01618288541665233,-0.3928201111246373,0.19279395604649244,0.9081034473930721,False
GUT_GENOME140786_1,GUT_GENOME140786_00778,858371,0.11055389086380711,0.09333456505010787,0.09602239056903639,0.007629637196921887,0.21458315609743694,0.1102986257787585,0.9693382128842489,0.01721932581369924,0.11355782522849216,-0.014276235209722113,-0.367901334101777,0.1482467713044921,0.9285571161473872,False
GUT_GENOME140786_1,GUT_GENOME140786_00778,858388,0.10582120339126058,0.08322548055283967,0.08659185629887946,0.007803208150610563,0.16329397228029008,0.10075542852918488,0.9652454243373936,0.022595722838420915,0.21786847156392736,-0.014163572230305427,-0.36642889639264126,0.18173680701313083,0.9131378687344653,False
GUT_GENOME140786_1,GUT_GENOME140786_00778,858491,0.07808368730833865,0.07114480352552836,0.07246965982103987,0.00595135067702926,0.36798842302686874,0.0838017404643264,0.9715526642660666,0.006938883782810282,-0.08589908763063872,-0.01133208064328653,-0.3294229960746019,0.11589816359854332,0.9436979976175434,False
GUT_GENOME140786_1,GUT_GENOME140786_00778,858631,0.057504864156211914,0.08225227030727846,0.081682917645084,0.0044283137913085175,0.9385645462826459,0.08059016328774637,0.40254491796400155,-0.02474740615106654,-0.7006634675260744,0.0010927543573376192,-0.16703783921624438,0.5188309344556943,0.7715024224760572,False
GUT_GENOME140786_1,GUT_GENOME140786_00779,858873,0.058485573374162915,0.07735621391607464,0.07691987909440551,0.003779737096240788,0.9005422596020809,0.07733213915023608,0.5434269486879241,-0.018870640541911725,-0.5866448754775212,-0.0004122600558305739,-0.18670747680452054,0.3790118918187469,0.8273677974288889,False
GUT_GENOME140786_1,GUT_GENOME140786_00779,859848,0.058175698173125394,0.07466015797739936,0.07421767232678501,0.0033289618154225473,0.8585131608289527,0.07045355837702479,0.12908709717557776,-0.016484459804273967,-0.5403491770996571,0.0037641139497602283,-0.1321247682242487,0.3094341875705881,0.8566574969349153,False
GUT_GENOME140786_1,GUT_GENOME140786_00779,859999,0.051154670799416636,0.06014656521097975,0.059910740338495194,0.00262630636285097,0.757589025058603,0.05953843633471286,0.44363496852946716,-0.00899189441156311,-0.39498150145545696,0.00037230400378233247,-0.17645369412818948,0.1871462926634918,0.9106714027173834,False
GUT_GENOME140786_1,GUT_GENOME140786_00779,860030,0.04704175864599672,0.059229817426821554,0.0588806351227648,0.00266608761201232,0.8366241022486465,0.05869125093395018,0.4716851506419998,-0.012188058780824837,-0.45699216949559085,0.0001893841888146175,-0.17884434662736087,0.24082714330085442,0.8865537074079968,False
GUT_GENOME140786_1,GUT_GENOME140786_00780,860850,0.044705712972661835,0.05972244647958144,0.05929682965369293,0.0025990526473773927,0.8958280698177807,0.05850086015294144,0.3797057426855129,-0.015016733506919608,-0.5118729544515588,0.0007959695007514894,-0.17091663965806134,0.29122641921097114,0.8644920157338538,False
GUT_GENOME140786_1,GUT_GENOME140786_00784,865394,0.036362023514983355,0.05812908557947819,0.05753398606149164,0.002391041868121115,0.9922614487277347,0.0585091101591004,0.6582985290783451,-0.021767062064494837,-0.6428400559471313,-0.0009751240976087622,-0.19406377294120877,0.450904085498288,0.7981553368657799,False
GUT_GENOME140786_1,GUT_GENOME140786_00785,865544,0.04165888237760535,0.05810838427799119,0.057658263174661446,0.002329958843156962,0.9167034403443035,0.05874912533235651,0.6801754432794873,-0.01644950190038584,-0.53967093820987,-0.0010908621576950633,-0.19557640011417743,0.32949484982994215,0.8481078879599375,False
GUT_GENOME140786_1,GUT_GENOME140786_00785,865664,0.04630942192904226,0.05802009868215788,0.05811824528502227,0.003436652476941165,0.8003577677059635,0.05906592667675931,0.6086326900507321,-0.011710676753115615,-0.44773019951266396,-0.0009476813917370444,-0.1937051132006671,0.23798400243573314,0.887814902171526,False
GUT_GENOME140786_1,GUT_GENOME140786_00785,865744,0.04286429953157257,0.0625591251100302,0.06191456368985354,0.0034312935839120344,0.9161438252329068,0.0594135471583038,0.23303617420762668,-0.019694825578457628,-0.6026353749638473,0.0025010165315497435,-0.1486326954822922,0.38526107332414866,0.8247866462804607,False
GUT_GENOME140786_1,GUT_GENOME140786_00785,865964,0.0455279586352317,0.07584206492469375,0.07497268584711828,0.003309636426141785,0.979764905641373,0.06628937731570385,0.004349730083571355,-0.030314106289462052,-0.808666296692444,0.008683308531414427,-0.067833839313034,0.6585426091622184,0.7194478007825589,False
GUT_GENOME140786_1,GUT_GENOME140786_00786,866238,0.04228529487746342,0.07803463511935751,0.0773717191128693,0.0027270713962785583,0.9974724725650125,0.06550779240724504,6.79361522103836e-06,-0.03574934024189409,-0.9141184729278549,0.011863926705624264,-0.02626506346211428,0.8363024361066222,0.6582626796972431,False
GUT_GENOME140786_1,GUT_GENOME140786_00786,866319,0.04037921332201029,0.0879950197903378,0.0859861863214825,0.004574619189779801,0.9999157586814158,0.06619676775222648,7.594963522743638e-06,-0.04761580646832751,-1.1443467756564765,0.01978941856925602,0.07731637157431308,1.3155073642687913,0.5180136518566116,False
GUT_GENOME140786_1,GUT_GENOME140786_00786,866741,0.03328813030491839,0.061894122974462694,0.06116650871870931,0.0027948067215299408,0.9990668991472514,0.05887112859645946,0.20573715759475875,-0.028605992669544306,-0.7755261779681941,0.0022953801222498488,-0.15132024027288904,0.6243386678302,0.7318575894241743,False
GUT_GENOME140786_1,GUT_GENOME140786_00788,867864,0.03846247906901209,0.06114800147874659,0.060578543000521345,0.0029388945066826477,0.9747789104059349,0.05793185117796048,0.18390744624510896,-0.022685522409734503,-0.6606596462424326,0.0026466918225608663,-0.14672880661937854,0.45800051086512317,0.7953283303523153,False
GUT_GENOME140786_1,GUT_GENOME140786_00788,868236,0.04899687492596923,0.056727030910377306,0.056453638831926375,0.0028392574373528995,0.7063076830554528,0.05722384067377241,0.6069078337419573,-0.007730155984408078,-0.3705017708407689,-0.0007702018418460355,-0.1913855617099025,0.17389999542716056,0.9167229327298128,False
GUT_GENOME140786_1,GUT_GENOME140786_00793,871283,0.05088076465524871,0.05643108860070354,0.056236292719413696,0.00261660734923644,0.6476302928938886,0.056981036312158354,0.6120330606251284,-0.005550323945454828,-0.3282095651423488,-0.000744743592744658,-0.19105283763159814,0.1442227054180155,0.9304272844439521,False
GUT_GENOME140786_1,GUT_GENOME140786_00795,873875,0.05298512612563903,0.05956198907663446,0.05905736227158768,0.0031541552296845314,0.6719971482276627,0.056926461538678176,0.24965200613860028,-0.006576862950995431,-0.348126053203797,0.002130900732909502,-0.1534698874462042,0.1447447552720035,0.9301844514240712,False
GUT_GENOME140786_1,GUT_GENOME140786_00795,873933,0.06099822486586325,0.05939144618450611,0.05928181272876377,0.0030930453923309438,0.4600699400400575,0.05718775956402141,0.24919667623784048,0.0016067786813571405,-0.18935040026688169,0.002094053164742357,-0.15395146310788263,0.059554627074286055,0.9706616626953939,False
GUT_GENOME140786_1,GUT_GENOME140786_00795,874338,0.06947638920246732,0.06268649364758432,0.06280668565766474,0.0032826184442789094,0.3516683064842294,0.05795764240433818,0.06981267871110897,0.006789895554883005,-0.08878969602135181,0.004849043253326565,-0.11794539158616875,0.021794725515978743,0.9891617984043227,False
GUT_GENOME140786_1,GUT_GENOME140786_00795,874646,0.07375964868849792,0.06438249493647438,0.0646534901087032,0.002727364925008466,0.31877480084717147,0.06148124168707663,0.12239072687422564,0.00937715375202354,-0.03859277538111075,0.0031722484216265626,-0.13986009642942906,0.021050248884866066,0.9895300708642811,False
GUT_GENOME140786_1,GUT_GENOME140786_00796,874924,0.08558546048272943,0.07460016531455801,0.07485395230895049,0.003284452826026513,0.3311866011502369,0.0700867023056103,0.07332598667824256,0.010985295168171413,-0.007392276283696962,0.00476725000334019,-0.11901438040801832,0.014219068492559004,0.9929156787061538,False
GUT_GENOME140786_1,GUT_GENOME140786_00797,876167,0.08490852123792782,0.08129033658362701,0.0813283788252186,0.0038872295133646653,0.4368862831363118,0.0725635775783021,0.012073943134323188,0.0036181846543008045,-0.15032592790817043,0.00876480124691649,-0.06676877829701638,0.027055954356728577,0.9865631146793994,False
GUT_GENOME140786_1,GUT_GENOME140786_00797,876386,0.09033052153144071,0.0732751269051921,0.07588405470073052,0.009319384134979822,0.22510169190513224,0.07422616835019144,0.4294021074355713,0.01705539462624861,0.11037729967599245,0.0016578863505390812,-0.15965190231188423,0.03767187819556726,0.9813403486196357,False
GUT_GENOME140786_1,GUT_GENOME140786_00797,876743,0.09744221051457515,0.08740195463581107,0.08789002660705988,0.010813091615491878,0.3498390481685293,0.07521469059194985,0.1205541149267691,0.010040255878764073,-0.025727540334543955,0.012675336015110034,-0.015660429437553035,0.0009071553818341639,0.999546525159893,False
GUT_GENOME140786_1,GUT_GENOME140786_00798,877231,0.09672568085654125,0.12037272936856312,0.1132626971382017,0.013510128109459023,0.8190999551680771,0.08037345144402253,0.007457960903181857,-0.023647048512021873,-0.6793147806636446,0.03288924569417917,0.24852327149621578,0.5232323877032773,0.7698064234541999,False
GUT_GENOME140786_1,GUT_GENOME140786_00798,877232,0.08973908774207798,0.11338904912726369,0.10816848263105512,0.014290649096590629,0.8157370295350481,0.08675309716742248,0.06699399572962213,-0.023649961385185714,-0.6793712950320993,0.02141538546363264,0.098566785698652,0.4712607677565556,0.7900726435575292,False
GUT_GENOME140786_1,GUT_GENOME140786_00798,877498,0.09191709526949958,0.11358867660595792,0.10771424099924788,0.014992107134310836,0.8041350235556011,0.09338784701118458,0.16963825262732907,-0.021671581336458343,-0.6409875780872806,0.014326393988063305,0.005917910066093543,0.410900096921748,0.8142807681289405,False
GUT_GENOME140786_1,GUT_GENOME140786_00798,877504,0.08786773099396983,0.09016380683549736,0.09348082643843693,0.019128247348735746,0.5355554659486619,0.0938696628105856,0.508109085137373,-0.0022960758415275367,-0.2650719803442668,-0.0003888363721486765,-0.18640134327850635,0.10500861553966294,0.9488502336185864,False
GUT_GENOME140786_1,GUT_GENOME140786_00798,877570,0.08864418865318513,0.08082321818197,0.08878668954442887,0.017290956162528452,0.3782057576877327,0.09296007502997941,0.5953628473685038,0.007820970471215133,-0.06878520408217498,-0.004173385485550546,-0.23586313503566442,0.06036282276947853,0.9702694996482126,False
GUT_GENOME140786_1,GUT_GENOME140786_00798,877661,0.08471184293505639,0.07702272260608478,0.07783304277534388,0.0059213249825161825,0.3736022817141031,0.09027015839650201,0.9821529029628545,0.007689120328971608,-0.07134330637514193,-0.012437115621158137,-0.3438651418420619,0.12333310313859873,0.9401963415223216,False
GUT_GENOME140786_1,GUT_GENOME140786_00798,877865,0.0794622485428617,0.07160493260040898,0.0727207553792374,0.005382983093018779,0.3491027009443683,0.08299430884809787,0.9718382503997897,0.007857315942452717,-0.06808004418071577,-0.010273553468860469,-0.315588679461997,0.10423110702021529,0.949219174897846,False
GUT_GENOME140786_1,GUT_GENOME140786_00798,877868,0.08069319257355394,0.0722981766143312,0.07340359859629385,0.005427060469012605,0.3358103629569228,0.0804627451027879,0.9033247489146405,0.008395015959222735,-0.057647809353943744,-0.007059146506494057,-0.27357830437337444,0.07816835854711934,0.9616697530777846,False
GUT_GENOME140786_1,GUT_GENOME140786_00800,878914,0.097485409337709,0.06335531868926782,0.0659646098492859,0.00518508969579709,0.09715453297675974,0.08079666579938545,0.9978852697082844,0.03413009064844118,0.4416535372503918,-0.014832055950099551,-0.3751655785047638,0.3358070582605973,0.8454353906381198,False
GUT_GENOME140786_1,GUT_GENOME140786_00800,879121,0.09187788411258808,0.06586812233339684,0.06798061507500838,0.0053306254493983565,0.14172392736801137,0.07857900420203674,0.9766056232253003,0.026009761779191246,0.2841062525329646,-0.01059838912702836,-0.31983408709132416,0.1830102059938654,0.9125566593662957,False
GUT_GENOME140786_1,GUT_GENOME140786_00800,879147,0.07538166864830553,0.06788870775847797,0.06809840078015517,0.0036611490160470103,0.36229619932453727,0.07706783414317658,0.9928551206772486,0.007492960889827566,-0.07514911122694613,-0.008969433363021417,-0.2985446102298362,0.09477627321548474,0.9537171532017293,False
GUT_GENOME140786_1,GUT_GENOME140786_00804,880943,0.07364351954328735,0.07179460361026363,0.07180636572695981,0.003112918629190494,0.46568998843177756,0.07603164009460102,0.912662653391182,0.0018489159330237204,-0.1846525527851782,-0.00422527436764121,-0.23654129166769003,0.09004834791390223,0.9559743718704594,False
GUT_GENOME140786_1,GUT_GENOME140786_00804,881003,0.07277089746102167,0.07760827490989396,0.07738290663856147,0.0032667281706131447,0.5881176678969853,0.076928851879177,0.44472754869374026,-0.00483737744887229,-0.3143772701092344,0.0004540547593844674,-0.1753852606825079,0.12959305762600576,0.9372581490053309,False
GUT_GENOME140786_1,GUT_GENOME140786_00804,881018,0.06497772832758679,0.07326551249993629,0.07295846304657977,0.0030719294251661334,0.6497155315266446,0.07322410168396813,0.5344547498732399,-0.008287784172349502,-0.3813206438576921,-0.0002656386373883629,-0.18479122262236541,0.17955322939031346,0.9141353668723913,False
GUT_GENOME140786_1,GUT_GENOME140786_00804,881040,0.0653838310761018,0.07657605634082035,0.07623296559768233,0.0032400214455851396,0.6990803601224596,0.07486814503764036,0.3367906035308502,-0.011192225264718553,-0.4376714167256793,0.0013648205600419738,-0.1634820967858793,0.2182826649881708,0.8966036893074247,False
GUT_GENOME140786_1,GUT_GENOME140786_00804,881348,0.0786671465455873,0.07523935777163311,0.07523331928701585,0.003188685523524733,0.44482989828342234,0.07425439903775119,0.37942242686830074,0.0034277887739541935,-0.15401991055997938,0.0009789202492646587,-0.16852558287596545,0.052123004932587945,0.9742751674404411,False
GUT_GENOME140786_1,GUT_GENOME140786_00805,882250,0.0895087205684701,0.07334261633760095,0.07357148992284855,0.0029922176312834675,0.2642716528269832,0.07413510791011417,0.5747032805650595,0.016166104230869158,0.0931236527642435,-0.0005636179872656188,-0.18868563437656086,0.044274283324240604,0.9781060867582924,False
GUT_GENOME140786_1,GUT_GENOME140786_00805,882687,0.08475683967378775,0.08414170006982824,0.08423121218421076,0.006846168376118388,0.4883673183957175,0.07626769559643798,0.12237259738873613,0.0006151396039595081,-0.2085897742601326,0.007963516587772779,-0.077241089201484,0.04947587978692468,0.9755655353406594,False
GUT_GENOME140786_1,GUT_GENOME140786_00806,883362,0.0872481004105369,0.07325135560240152,0.07707774017823792,0.005238977692709178,0.25458436707950916,0.07593823243066153,0.41390711504113437,0.013996744808135383,0.0510346324633402,0.0011395077475763876,-0.16642680038899227,0.030302413598385695,0.9849629952408125,False
GUT_GENOME140786_1,GUT_GENOME140786_00806,883370,0.09241510275135341,0.08328621622809766,0.08355344924024251,0.0032762791368317417,0.3596714445353078,0.08005430037914142,0.14275455988411156,0.009128886523255747,-0.043409554160207045,0.003499148861101087,-0.13558770334425166,0.020268414690556742,0.9899169707050849,False
GUT_GENOME140786_1,GUT_GENOME140786_00806,883384,0.08468759236736059,0.07703120672028456,0.07723836211189646,0.0025623608345523396,0.3748361366088899,0.07508094029778592,0.19990337110618372,0.007656385647076033,-0.07197841122517651,0.0021574218141105356,-0.1531232727884911,0.028627628351959276,0.985788141424611,False
GUT_GENOME140786_1,GUT_GENOME140786_00806,883400,0.07234261346912028,0.0746632096174571,0.07471469943294128,0.0024936704882243866,0.5425515544827831,0.07340690530682946,0.29998437794399224,-0.0023205961483368093,-0.2655477132635169,0.0013077941261118164,-0.16422739814548337,0.0974862263211181,0.952425763919799,False
GUT_GENOME140786_1,GUT_GENOME140786_00806,883533,0.07000665592111635,0.07353357847239467,0.07349394247480787,0.002435508347691221,0.5742136049107275,0.06904791916662914,0.03396271832585684,-0.0035269225512783164,-0.28895236254885187,0.004446023308178726,-0.12321262105091343,0.09867481780879912,0.9518599095010682,False
GUT_GENOME140786_1,GUT_GENOME140786_00807,883912,0.06825938841749096,0.07233209310975663,0.07247283661879701,0.0026663652262634368,0.5766604395906829,0.06808527884150858,0.04993129267922981,-0.004072704692265672,-0.29954140342938024,0.004387557777288428,-0.12397673054644807,0.10509528208542931,0.9488091177233373,False
GUT_GENOME140786_1,GUT_GENOME140786_00807,884056,0.06007426896847907,0.0755363519939657,0.07546805759106984,0.002651956773353428,0.7837775394148561,0.06618636418930277,0.00023268019067196972,-0.015462083025486635,-0.5205134428517446,0.009281693401767072,-0.060013307207054244,0.27453584123130464,0.8717366386251453,False
GUT_GENOME140786_1,GUT_GENOME140786_00809,886286,0.07259158662908234,0.07270838022093243,0.07270562686072832,0.0024435907164872825,0.502316726292917,0.0655758088092846,0.0017627622158409857,-0.00011679359185008675,-0.2227904414315106,0.00712981805144372,-0.0881370300801819,0.05740371686460225,0.9717061272723253,False
GUT_GENOME140786_1,GUT_GENOME140786_00809,886787,0.0673970383182559,0.07625947050109173,0.0760958224715464,0.0023620772368845027,0.6677605787930401,0.06568827101293591,5.262389177007203e-06,-0.008862432182835833,-0.3924697284795266,0.010407551458610498,-0.04529901626060855,0.1560844886469722,0.9249253528724175,False
GUT_GENOME140786_1,GUT_GENOME140786_00809,886804,0.07987311166097136,0.07643975638836863,0.07647423817441104,0.0023590795966584466,0.4440161038680812,0.0656953676126482,2.4491153458298836e-06,0.003433355272602731,-0.15391191164003645,0.01077887056176284,-0.040446097826933675,0.025324763374116276,0.9874174489639644,False
GUT_GENOME140786_1,GUT_GENOME140786_00810,888064,0.10373094693798952,0.08014125876541127,0.08042642114976174,0.0025250146002106922,0.21298255377454567,0.06623625528841602,9.556986245837787e-09,0.023589688172578255,0.23715297863515436,0.014190165861345722,0.004137489986113111,0.05625865409891116,0.9722626188143269,False
GUT_GENOME140786_1,GUT_GENOME140786_00810,888483,0.09392721517658587,0.07896556003509995,0.07914273419679824,0.0024417998274927095,0.3006541699405897,0.0663176224166354,7.509799262723424e-08,0.01496165514148591,0.06975542634532554,0.012825111780162837,-0.013702949833159235,0.005053590338748215,0.9974763944904352,False
GUT_GENOME140786_1,GUT_GENOME140786_00810,889135,0.09360054693235702,0.08238594847361287,0.0825329063420827,0.0024932009628255264,0.3489904060979392,0.06870664587314101,1.4648560688905816e-08,0.011214598458744146,-0.002943428042672187,0.013826260468941684,-0.0006185356853878242,9.046355036487207e-06,0.9999954768327113,False
GUT_GENOME140786_1,GUT_GENOME140786_00810,889232,0.1045021780941712,0.09290448496583244,0.09310032351819778,0.003927110488603748,0.35605881443782206,0.07373064460007435,4.0633918039344396e-07,0.011597693128338762,0.004489217353366646,0.019369678918123426,0.07183062555954389,0.0051797918407211685,0.9974134549666381,False
GUT_GENOME140786_1,GUT_GENOME140786_00812,890046,0.1140053886057767,0.09918064526804628,0.09965842907370744,0.00445297723325088,0.3199999436773058,0.07619269580180203,6.833355672935884e-08,0.014824743337730428,0.06709911977514178,0.023465733271905403,0.1253636043641584,0.020218325173772055,0.9899417632469051,False
GUT_GENOME140786_1,GUT_GENOME140786_00812,890090,0.09705005665894006,0.10094578143795674,0.10082480932118594,0.004546911079942495,0.5504948196307254,0.07728643286511194,1.1287166635077328e-07,-0.003895724779016674,-0.2961077118596346,0.023538376456073998,0.12631300730233141,0.10363475283650721,0.9495022525124818,False
GUT_GENOME140786_1,GUT_GENOME140786_00813,890554,0.11254785405376606,0.09623760609154572,0.09757674538994446,0.006053811387026434,0.3008256400468284,0.08266137486463346,0.006873671415930398,0.016310247962220345,0.0959202702226095,0.014915370525311,0.013615480889533444,0.009386079559431677,0.9953179553245926,False
GUT_GENOME140786_1,GUT_GENOME140786_00813,890577,0.11874977782618201,0.11517831823877757,0.11578045020240786,0.007735724285645971,0.4539833261065081,0.08648501776714028,7.622885415446889e-05,0.0035714595874044436,-0.15123246846044264,0.029295432435267582,0.20155428319667798,0.06349538859156545,0.9687509726436985,False
GUT_GENOME140786_1,GUT_GENOME140786_00813,890583,0.11650067604898642,0.08876834437387207,0.09283641045792689,0.010191320938318987,0.17237249497614826,0.08754646906985362,0.30185827564257595,0.027732331675114352,0.31752684598532493,0.00528994138807326,-0.11218311685448798,0.11340834962857597,0.9448735454185055,False
GUT_GENOME140786_1,GUT_GENOME140786_00813,890760,0.1131195628303001,0.08870294499678381,0.09186634195065885,0.009649058399301757,0.18541402876350843,0.08371559613085518,0.19913379159568795,0.024416617833516285,0.25319672819638656,0.00815074581980367,-0.07479411520059956,0.06970274283799541,0.965748943486253,False
GUT_GENOME140786_1,GUT_GENOME140786_00814,891769,0.12340648998030505,0.0881798651096489,0.09432189298078132,0.011723728256759765,0.11743979867054521,0.08379807284783738,0.18468573512836217,0.035226624870656156,0.46292804375023305,0.010523820132943937,-0.043779454277016794,0.21621901430721108,0.8975293051692483,False
GUT_GENOME140786_1,GUT_GENOME140786_00814,891796,0.13418982574283517,0.08752298747384722,0.09421722287000284,0.011569277706024703,0.06844392308031334,0.08319748028830272,0.17042161101532155,0.046666838268987945,0.684886364221752,0.011019742581700118,-0.037298044694772214,0.47046047603494356,0.7903888511159384,False
GUT_GENOME140786_1,GUT_GENOME140786_00814,891797,0.13252308716427472,0.087243342727252,0.09400192958307192,0.01230921317776247,0.05560666011034082,0.08113539600345591,0.14794755441794055,0.04527974443702272,0.6579745395416023,0.012866533579616007,-0.0131615917063736,0.4331037221812289,0.8052907705820848,False
GUT_GENOME140786_1,GUT_GENOME140786_00814,892431,0.13734697470533436,0.07809679267349891,0.08911485734429561,0.013508352183657125,0.025616584210622694,0.0808134252400379,0.26942904586314453,0.05925018203183545,0.9290232304033451,0.008301432104257711,-0.07282473565260209,0.8683876047519382,0.6477867007176172,False
GUT_GENOME140786_1,GUT_GENOME140786_00814,893440,0.13360413832776616,0.07181200266572232,0.0867009724710884,0.012782545667403656,0.009311528024119711,0.08038103507595906,0.31050504007643626,0.061792135662043834,0.978341170448048,0.006319937395129344,-0.0987216855227333,0.966897416986106,0.6166530638190069,False
GUT_GENOME140786_1,GUT_GENOME140786_00814,893470,0.1372011218477448,0.06553181791645418,0.09208700364125957,0.014551730278256876,0.0010159239195897522,0.08141962675032208,0.23175912607413734,0.07166930393129062,1.1699739314572333,0.010667376890937497,-0.041903253372643376,1.3705948829327068,0.5039403145343465,False
GUT_GENOME140786_1,GUT_GENOME140786_00814,893696,0.1275082699681219,0.08509292754484424,0.10106213650947117,0.015321755024424162,0.011407422560054264,0.083154042840879,0.12124176306240975,0.04241534242327766,0.6024005884281729,0.017908093668592168,0.05272858114647342,0.3656667722083292,0.8329069180433892,False
GUT_GENOME140786_1,GUT_GENOME140786_00814,893966,0.1407799385285186,0.10207579405722858,0.11691280640560016,0.016303374616677586,0.027646381988495883,0.08442270540462529,0.023139203122515765,0.03870414447129003,0.5303974504027379,0.032490101000974866,0.24330668925493001,0.3405196004299199,0.8434456607652765,False
GUT_GENOME140786_1,GUT_GENOME140786_00814,893969,0.18383500631105326,0.1291169510991546,0.14964649849708342,0.018034036046988024,0.021109287315612426,0.09733094394161093,0.0018602591079384372,0.05471805521189865,0.8410927677369945,0.05231555455547249,0.5024135011420461,0.9598563700692864,0.6188278313096783,False
GUT_GENOME140786_1,GUT_GENOME140786_00814,894055,0.1959721529323068,0.15828216510187745,0.17377065052389112,0.021406658109311444,0.08896463133607185,0.1010600346066544,0.00034109880144206123,0.037689987830429345,0.5107211998938707,0.07271061591723672,0.7689647461444582,0.852142924834046,0.653069670515923,False
GUT_GENOME140786_1,GUT_GENOME140786_00814,894098,0.19791503864928037,0.17956430545715404,0.18256636473014168,0.022498999991090392,0.2560832678448719,0.1067609829568164,0.00037682710946325133,0.018350733192126323,0.13550892637852652,0.07580538177332528,0.8094114835824673,0.6735096188834316,0.7140839050710259,False
GUT_GENOME140786_1,GUT_GENOME140786_00814,894230,0.17276953706279385,0.17796420045914996,0.16943611746805484,0.021863093599228795,0.571587822207575,0.10187641377836847,0.0010003595852311048,-0.005194663396356103,-0.3213091852816512,0.06755970368968638,0.7016454062906592,0.5955458687151427,0.7424699100158938,False
GUT_GENOME140786_1,GUT_GENOME140786_00814,894424,0.1647377492038352,0.17833036264053628,0.1679182274714438,0.02196793604359614,0.6632281651588191,0.10138287365405504,0.0012278450235227692,-0.013592613436701095,-0.4842427619079847,0.06653535381738876,0.6882577665608333,0.7081898056915796,0.7018083605842395,False
GUT_GENOME140786_1,GUT_GENOME140786_00814,894787,0.1876360482779965,0.17120105333305236,0.17850569316235543,0.026816920480953594,0.3591220483724773,0.1002141121915734,0.0017530547166898398,0.01643499494494413,0.09834055993270344,0.07829158097078202,0.8419046190357634,0.7184742532816316,0.6982087678205149,False
GUT_GENOME140786_1,GUT_GENOME140786_00814,895006,0.11660678598791077,0.11934237536683256,0.12009356619085217,0.018320654134895042,0.544793739698711,0.091181608362918,0.057270481991817175,-0.0027355893789217933,-0.27359924143528375,0.028911957827934168,0.19654249959875453,0.1134854990624891,0.9448370978919123,False
GUT_GENOME140786_1,GUT_GENOME140786_00814,895144,0.09906848212972265,0.1051753429583002,0.10469098628111076,0.01695224603354629,0.6037853906288194,0.09213347657715465,0.22942013129010141,-0.0061068608285775455,-0.33900726511151064,0.01255750970395611,-0.017200348802100765,0.11522177779729997,0.9440172035542169,False
GUT_GENOME140786_1,GUT_GENOME140786_00814,895247,0.08396200188643882,0.0952721249583024,0.09292135174796336,0.010654074687458171,0.7201201817962092,0.08949930277854397,0.37403083217533584,-0.011310123071863576,-0.439958821544981,0.003422048969419389,-0.13659535278216098,0.21222205505693145,0.8993247927236561,False
GUT_GENOME140786_1,GUT_GENOME140786_00814,895339,0.07981339548347528,0.08705598826336058,0.0853864467072034,0.008762213413975603,0.6447136418439963,0.08582371295265612,0.5199004072175671,-0.007242592779885301,-0.36104226984794935,-0.0004372662454527193,-0.18703429273600114,0.16533334727621565,0.9206579756538528,False
GUT_GENOME140786_1,GUT_GENOME140786_00814,895427,0.07024105568906984,0.0718913918101786,0.07147667387012645,0.0068073944767254695,0.5343975891395684,0.07842923819168085,0.8464498322046279,-0.0016503361211087642,-0.25254360357230915,-0.0069525643215544025,-0.27218533900853353,0.13786313047647797,0.9333905542527803,False
GUT_GENOME140786_1,GUT_GENOME140786_00815,895721,0.05030416676302027,0.06391566731664877,0.06269522152489732,0.005490528015073662,0.8302446775130329,0.0686701182997371,0.8617507752889579,-0.013611500553628503,-0.484609201991381,-0.005974896774839783,-0.259407809333443,0.302138490197899,0.8597881604816175,False
GUT_GENOME140786_1,GUT_GENOME140786_00815,895872,0.05083905728466793,0.06214912634609008,0.06176128392346359,0.004823404841644251,0.8129644146762033,0.06512650736477499,0.7573132987965945,-0.011310069061422151,-0.4399577736565851,-0.0033652234413113977,-0.22530094082430044,0.2443233565371739,0.8850052708151699,False
GUT_GENOME140786_1,GUT_GENOME140786_00815,895997,0.040606975985214934,0.06153934366613839,0.05988525987430599,0.005250082031334917,0.9587985680418415,0.06304887631128193,0.7266073302888261,-0.020932367680923457,-0.6266456584272801,-0.0031636164369759426,-0.22266605794488095,0.4422649545864725,0.8016104780692948,False
GUT_GENOME140786_1,GUT_GENOME140786_00815,897551,0.05609949999077742,0.06114962259910229,0.060859384682878215,0.0036043819275571234,0.6243347164597725,0.06282449949474053,0.7071925661017279,-0.005050122608324867,-0.3185048642926982,-0.0019651148118623174,-0.20700235904028416,0.1442953252263528,0.9303935013317525,False
GUT_GENOME140786_1,GUT_GENOME140786_00817,898689,0.062330191943594015,0.062195310628270634,0.06218419028287125,0.0033497914226041825,0.49707193951626477,0.061050919723803596,0.36756449932460705,0.00013488131532338188,-0.21790754827593414,0.001133270559067652,-0.16650831670967542,0.07520871912911814,0.9630939044156563,False
GUT_GENOME140786_1,GUT_GENOME140786_00817,898902,0.05948681466506949,0.060205494950020616,0.0601402283712807,0.00264307667553622,0.5161425844377868,0.05774215604050423,0.18212320069661397,-0.0007186802849511245,-0.23446799978320565,0.00239807233077647,-0.1499781145715104,0.07746867777276242,0.9620062428519637,False
GUT_GENOME140786_1,GUT_GENOME140786_00817,899347,0.05323688629553407,0.05131111656509806,0.05135925528969028,0.0020150252301259146,0.44878166951229376,0.05126982267131671,0.48229960490304313,0.0019257697304360041,-0.18316146698095917,8.943261837356803e-05,-0.1801506538293071,0.06600238106174383,0.9675374077051927,False
GUT_GENOME140786_1,GUT_GENOME140786_00818,900995,0.04307690658656773,0.051193950390161835,0.05102110601293917,0.001960713063673914,0.7329014272903782,0.051179802430253184,0.5322544155712698,-0.008117043803594105,-0.3780080093668738,-0.0001586964173140165,-0.18339355181380487,0.17652324999238928,0.9155213221255395,False
GUT_GENOME140786_1,GUT_GENOME140786_00818,901094,0.04598863885575469,0.054862704078908524,0.05475604887708515,0.0016398799717015464,0.7574022489193474,0.05141009655111768,0.02065703424914557,-0.008874065223153836,-0.3926954279486762,0.0033459523259674676,-0.1375898903661783,0.17314067706277086,0.9170710410858378,False
GUT_GENOME140786_1,GUT_GENOME140786_00835,917297,0.04038647952720829,0.0568753014592506,0.05663028326352289,0.0017966647884410545,0.9074988354465574,0.05074157681231801,0.0005235116056074276,-0.016488821932042312,-0.5404338093105637,0.0058887064512048795,-0.1043576158564427,0.3029592142331676,0.8594354084603101,False
GUT_GENOME140786_1,GUT_GENOME140786_00836,918224,0.041319473334805366,0.06108873648599403,0.06070206974951007,0.0020899260168792057,0.9629986115901935,0.05056269583351074,6.125114185488897e-07,-0.01976926315118866,-0.6040795821694372,0.010139373915999332,-0.048803936231023894,0.3672939657856437,0.8322295432419654,False
GUT_GENOME140786_1,GUT_GENOME140786_00836,919454,0.04592346250541875,0.062155409872023934,0.06181417697147526,0.0020946458194139716,0.9374034766629188,0.050688051253564105,5.430428209444977e-08,-0.016231947366605187,-0.535450034521486,0.011126125717911155,-0.03590768077767831,0.2879961010078922,0.8658894361055984,False
GUT_GENOME140786_1,GUT_GENOME140786_00837,919771,0.05011980259771469,0.06455960614482117,0.06424892425832036,0.002240704464434568,0.9084705053460791,0.05140639747067452,4.978245563564664e-09,-0.014439803547106486,-0.5006795963863592,0.012842526787645844,-0.01347534610870933,0.25086164319035703,0.882116785748434,False
GUT_GENOME140786_1,GUT_GENOME140786_00837,919814,0.05756041361734345,0.07533135227537183,0.07477280380251293,0.0027921188882328372,0.8922796141068476,0.06219108351624896,3.3006448813007842e-06,-0.017770938658028375,-0.565308911307333,0.012581720286263968,-0.016883930982025386,0.3198592323288878,0.8522037682252845,False
GUT_GENOME140786_1,GUT_GENOME140786_00837,920455,0.07130668221198654,0.07622845210763658,0.07589433284223042,0.0029603481102701834,0.6151186093650717,0.07044067557887886,0.032720382506006035,-0.004921769895650047,-0.3160146176914048,0.005453657263351563,-0.11004344835297991,0.1119747991200597,0.94555105017458,False
GUT_GENOME140786_1,GUT_GENOME140786_00838,921252,0.06776953390127786,0.07633386766825798,0.07570564346725459,0.00387826218526119,0.7129328068680546,0.07484952515291869,0.4126443581052766,-0.008564333766980112,-0.38668614548026153,0.0008561183143358936,-0.17013053066520495,0.17847057257080623,0.9146303482785013,False
GUT_GENOME140786_1,GUT_GENOME140786_00838,921351,0.08084820828596048,0.06840559776075635,0.0686117709460832,0.003531332427004353,0.23564972119627986,0.07624177639396874,0.9846391577049091,0.012442610525204137,0.020881957577316746,-0.007630005447885543,-0.2810390890628448,0.07941902573353447,0.9610685766631076,False
GUT_GENOME140786_1,GUT_GENOME140786_00839,921774,0.08867750150164451,0.07338660356688675,0.07363318320422033,0.004640180686883616,0.18737605407014146,0.08206161093253775,0.9653455406800076,0.015290897934757755,0.0761432597604458,-0.008428427728317422,-0.29147399039075983,0.09075488308125948,0.9556367167588643,False
GUT_GENOME140786_1,GUT_GENOME140786_00839,921794,0.09541696230688536,0.07409931612011295,0.07479579073190809,0.004663130053731645,0.08924371991771252,0.08539067021335404,0.9884583508374142,0.021317646186772413,0.19307175342970703,-0.010594879481445954,-0.3197882181241799,0.13954120642345966,0.9326077325881407,False
GUT_GENOME140786_1,GUT_GENOME140786_00839,921801,0.13361410777651278,0.07937181621721379,0.08256187125982599,0.005363487800055369,0.012272521170920855,0.09606562470454816,0.9940941190225153,0.054242291559298994,0.8318621968030804,-0.013503753444722169,-0.3578054597844572,0.8200194615216136,0.6636437923458955,False
GUT_GENOME140786_1,GUT_GENOME140786_00839,921962,0.15132464309712285,0.08862138925842754,0.10483505097330689,0.012646773231166706,0.01544752251901839,0.11053317130779873,0.6738463697039994,0.06270325383869531,0.99601831100472,-0.005698120334491838,-0.2557905069162808,1.0574812592851832,0.5893467082931697,False
GUT_GENOME140786_1,GUT_GENOME140786_00839,922002,0.1559676595496603,0.10329915696544491,0.12850755159783514,0.018480179489334943,0.030136683452879367,0.11492966840207818,0.23125294664614282,0.05266850258421539,0.8013281896544824,0.013577883195756965,-0.0038646779853962854,0.6421418032708609,0.7253718191185902,False
GUT_GENOME140786_1,GUT_GENOME140786_00839,922203,0.16179719049360514,0.09119057258465849,0.13263038313221837,0.02091394312150388,0.008457446407820769,0.11261154341579444,0.1692329973456591,0.07060661790894665,1.1493561338257292,0.02001883971642393,0.08031476865303598,1.3274699844266182,0.5149244993789776,False
GUT_GENOME140786_1,GUT_GENOME140786_00839,922314,0.17815191347309955,0.11875919386175997,0.15754723590295933,0.025086292957206914,0.036027094540410226,0.11066116284485361,0.03081198529783019,0.05939271961133959,0.931788685963416,0.046886073058105715,0.4314534276629888,1.0543822155315714,0.5902606217923134,False
GUT_GENOME140786_1,GUT_GENOME140786_00839,922380,0.1301668683564452,0.16106629581136372,0.14467426210147738,0.023493273949345757,0.872201757520045,0.10817130428852045,0.06012059134986759,-0.030899427454918527,-0.8200224574822502,0.03650295781295693,0.2957523259841986,0.7599062691002926,0.6838934594359544,False
GUT_GENOME140786_1,GUT_GENOME140786_00839,922442,0.1356074226983267,0.1708852460251996,0.15256573885166688,0.02469909001232994,0.8959547309978773,0.09669733182253507,0.011849870605435511,-0.035277823326872904,-0.9049702954517882,0.05586840702913182,0.5488471564944748,1.1202044368421673,0.5711506787442671,False
GUT_GENOME140786_1,GUT_GENOME140786_00839,922487,0.11209997875259925,0.15455568202404385,0.125675985248917,0.02253395874817512,0.9428340216619042,0.1040159319090663,0.16822121046562877,-0.0424557032714446,-1.0442325733106657,0.021660053339850688,0.10176444840048048,1.1007776701212688,0.576725515675633,False
GUT_GENOME140786_1,GUT_GENOME140786_00839,923043,0.10902888160334312,0.1515951898650402,0.1353989871711377,0.020382587066214337,0.9304345046587205,0.10248286873986925,0.053164696024255956,-0.04256630826169708,-1.0463784858926624,0.03291611843126846,0.24887448208591284,1.1568464435725518,0.560781898495596,False
GUT_GENOME140786_1,GUT_GENOME140786_00839,923103,0.10373982226817081,0.09935358749633394,0.10122398873470319,0.015485891910545457,0.44163599621856786,0.09466739360953179,0.3360048198971156,0.004386234771836875,-0.13542453505905472,0.006556595125171399,-0.0956287106371359,0.02748465499408221,0.9863516672240974,False
GUT_GENOME140786_1,GUT_GENOME140786_00839,923200,0.10227383112295059,0.09536715580931145,0.09541977940321436,0.013437251092023648,0.41581594487490997,0.09009736889046822,0.34601795259040613,0.0069066753136391434,-0.08652398311757317,0.005322410512746137,-0.11175876482866279,0.019976421170558444,0.9900615059260562,False
GUT_GENOME140786_1,GUT_GENOME140786_00839,923570,0.08024448273551875,0.07468195020744306,0.07514361244327585,0.008135803630576147,0.41327549866256397,0.07048959929672742,0.28364710334589294,0.005562532528075689,-0.11260248924063883,0.004654013146548425,-0.12049431835096519,0.027198201338051932,0.9864929493621561,False
GUT_GENOME140786_1,GUT_GENOME140786_00839,923571,0.06574769650634393,0.06724273688193222,0.06420484150473751,0.007555295105634993,0.5359267866820421,0.06119361535608884,0.3451093183256544,-0.0014950403755882857,-0.24953061931651507,0.0030112261486486755,-0.1419645611610645,0.0824194666021372,0.9596278429249469,False
GUT_GENOME140786_1,GUT_GENOME140786_00839,923595,0.13706124391307345,0.12255561171335753,0.12483883102882884,0.014225208634501905,0.37177235068575454,0.058170727340332434,1.388790739983783e-06,0.014505632199715915,0.06090785657302487,0.0666681036884964,0.6899927279218219,0.4797997315773175,0.7867066333708759,False
GUT_GENOME140786_1,GUT_GENOME140786_00839,925157,0.07043918866511968,0.05741085184993249,0.05992716176832348,0.006904230699846717,0.25778326839866705,0.05657733973950477,0.3137729275939226,0.01302833681518719,0.03224597842675387,0.0033498220288187136,-0.13753931566603433,0.019956866478579714,0.9900711861472739,False
GUT_GENOME140786_1,GUT_GENOME140786_00843,928463,0.06719456343755685,0.055080263513676654,0.05719203720141259,0.006408056708874617,0.27608680501934213,0.05674863368432759,0.47241732365447825,0.012114299923880197,0.014512210167405464,0.00044340351708500175,-0.17552446604430533,0.031019442424081438,0.9846099351032525,False
GUT_GENOME140786_1,GUT_GENOME140786_00848,932912,0.07038073173462471,0.05382242496762904,0.05690249291904693,0.0065850624651597345,0.2074844848361534,0.0567494403511475,0.490728464037702,0.01655830676699567,0.10073300524502894,0.00015305256789942961,-0.1793191791672646,0.04230250636291657,0.9790708657862126,False
GUT_GENOME140786_1,GUT_GENOME140786_00848,932913,0.07962362180065799,0.05453291677096495,0.05789111714087932,0.0051792191636891895,0.10787621576077899,0.056745868699377436,0.4124980331976589,0.025090705029693038,0.2662750910472548,0.0011452484415018852,-0.1663517729553466,0.09857533647761099,0.9519072568240531,False
GUT_GENOME140786_1,GUT_GENOME140786_00848,933024,0.07646092026711608,0.059020696461089886,0.06042958729266533,0.004631073162342791,0.2032491792648346,0.05810064249706771,0.3075189528697406,0.017440223806026195,0.11784359732602757,0.002328944795597622,-0.15088157008159844,0.03665236162102724,0.9818407225190126,False
GUT_GENOME140786_1,GUT_GENOME140786_00850,933617,0.0708668200221617,0.060716009839060996,0.06129809804217178,0.0048421988224026675,0.3025119363518314,0.06027305464757238,0.4161745799463103,0.010150810183100704,-0.023582611139863548,0.001025043394599405,-0.16792278097239027,0.028754199917675374,0.9857257570243924,False
GUT_GENOME140786_1,GUT_GENOME140786_00850,934300,0.0740412680624351,0.07082836104754997,0.07131814808458714,0.006836323614298332,0.44013939307439665,0.07017279836770204,0.43347304539441234,0.0032129070148851357,-0.15818895817144166,0.0011453497168850968,-0.16635044934670407,0.052696218485216474,0.9739959735867942,False
GUT_GENOME140786_1,GUT_GENOME140786_00851,934665,0.09212053777483767,0.07715491475125497,0.07951874167509825,0.008452127722975378,0.26406411769161525,0.07488687852095761,0.29184200476670485,0.014965623023582703,0.06983240956367717,0.004631863154140631,-0.12078380549436551,0.019465293095169874,0.9903145623767633,False
GUT_GENOME140786_1,GUT_GENOME140786_00851,935087,0.09042806054426426,0.07327175189810152,0.07645857876203431,0.009058430508678786,0.23496287131011134,0.07702791035032218,0.5250574305842524,0.017156308646162743,0.11233519203274138,-0.0005693315882878691,-0.18876030772217692,0.048249649140403805,0.9761638529193165,False
GUT_GENOME140786_1,GUT_GENOME140786_00851,935322,0.08177492157981694,0.07611267605293599,0.07721247732757036,0.008004347799390722,0.3879231225998782,0.07249185429604338,0.27767666650303446,0.005662245526880952,-0.11066789860203921,0.004720623031526983,-0.11962376702211319,0.02655722941755205,0.9868091571696871,False
GUT_GENOME140786_1,GUT_GENOME140786_00851,935739,0.08629203184240304,0.08243207236259974,0.08284094703296621,0.007047998588758756,0.4230399773082019,0.07179072504692594,0.05845778332795779,0.0038599594798033043,-0.14563511207001004,0.011050221986040276,-0.03689969712279421,0.02257117351539833,0.9887778565871223,False
GUT_GENOME140786_1,GUT_GENOME140786_00851,935903,0.07007764622189226,0.08782503431283571,0.08622047963878024,0.006280071261902625,0.8702856955403482,0.07044467558407991,0.006001736620895207,-0.01774738809094345,-0.564851992879825,0.015775804054700332,0.024860832125912682,0.3196758348343027,0.8522819178263242,False
GUT_GENOME140786_1,GUT_GENOME140786_00851,935924,0.06260216578566276,0.09118151857065868,0.08844804456956892,0.006698415824497934,0.9763008314406869,0.06717943242503235,0.0007487424895171656,-0.028579352784995918,-0.7750093218724173,0.02126861214453657,0.09664854626586758,0.6099803904844496,0.7371306017431951,False
GUT_GENOME140786_1,GUT_GENOME140786_00852,937459,0.06921630685939,0.09584958110821594,0.09481393297798439,0.004116918642068089,0.9269358430696997,0.06586123881798817,1.0135075787846888e-12,-0.026633274248825944,-0.7372523056040892,0.028952694159996226,0.1970748990770091,0.5823794779647586,0.7473738586087919,False
GUT_GENOME140786_1,GUT_GENOME140786_00852,937572,0.0701081203687432,0.09425435638504305,0.09341642935732021,0.0037990748119878844,0.8828590956367409,0.06423642916775633,7.903829022357902e-15,-0.024146236016299852,-0.688999811544805,0.029180000189563876,0.20004565283465167,0.5147390035268189,0.7730825056347778,False
GUT_GENOME140786_1,GUT_GENOME140786_00853,938428,0.07010687223021615,0.09318036918467122,0.09219688923103565,0.003977828196049697,0.8580160891964007,0.06434720850151147,1.268646408259386e-12,-0.02307349695445507,-0.6681869689709086,0.02784968072952418,0.18265917372411059,0.4798381992481048,0.7866915021305029,False
GUT_GENOME140786_1,GUT_GENOME140786_00853,939592,0.09197104555259014,0.0951596508644942,0.09457321439049494,0.004177807425168669,0.5463456151200701,0.0655047805499134,1.7278865132504768e-12,-0.0031886053119040553,-0.28238847045842796,0.02906843384058154,0.19858754742892992,0.11918026224168793,0.9421506126735547,False
GUT_GENOME140786_1,GUT_GENOME140786_00855,940768,0.1163238009349221,0.09787586449752293,0.09778522993622898,0.004308480802616116,0.25163010790336426,0.06569486518370209,4.731630875611054e-14,0.01844793643739917,0.13739482381015033,0.0320903647525269,0.23808237574067134,0.07556055524814446,0.962924493706501,False
GUT_GENOME140786_1,GUT_GENOME140786_00855,940821,0.11817321696906032,0.09756130865040187,0.09781455018202448,0.004197140445054827,0.21930483569139364,0.06562206288396684,8.59310948821487e-15,0.020611908318658445,0.17937931724468198,0.03219248729805764,0.23941705628765256,0.08949746629661326,0.9562377224915799,False
GUT_GENOME140786_1,GUT_GENOME140786_00856,942067,0.12979556552913554,0.09392901527497963,0.09411083400840614,0.004477338073211184,0.07671116047149244,0.0696167056691902,2.2414349246724687e-08,0.035866550254155916,0.47534361314594126,0.024494128339215937,0.13880411237164444,0.24521813216991833,0.88460941879587,False
GUT_GENOME140786_1,GUT_GENOME140786_00856,942082,0.1105077423229789,0.09589256028196903,0.09559833740562788,0.004458455056660024,0.24069291882393157,0.07204715613151312,6.376384431362809e-08,0.014615182041009867,0.06303329758840598,0.023551181274114763,0.1264803586100943,0.0199704777190066,0.9900644481217249,False
GUT_GENOME140786_1,GUT_GENOME140786_00856,942088,0.12201690420960008,0.09314860460322281,0.09216807646992246,0.0047315175857589094,0.11283331710008265,0.07235531253029341,1.4108319316231525e-05,0.028868299606377268,0.3395664291079081,0.019812763939629052,0.07762148159225302,0.12133045418167243,0.9411382546352768,False
GUT_GENOME140786_1,GUT_GENOME140786_00856,942207,0.10493407421842028,0.10376677635651263,0.08034670914961851,0.008410239637255986,0.47957115519911586,0.07204011685661219,0.16165566297052758,0.001167297861907654,-0.19787702657777545,0.008306592293006329,-0.07275729507417017,0.04444894163377151,0.9780206733100612,False
GUT_GENOME140786_1,GUT_GENOME140786_00856,942305,0.12458944176129513,0.07971175259684798,0.08692695364317635,0.006541807560624435,0.0398474882056926,0.07249739176889587,0.013700915914221876,0.04487768916444715,0.6501740283159458,0.014429561874280475,0.007266252590181695,0.42277906552328864,0.8094586947805666,False
GUT_GENOME140786_1,GUT_GENOME140786_00856,942369,0.12151841947887841,0.0855307345256725,0.08763346527422301,0.004650205397802387,0.08397345542597828,0.07134268013266146,0.00022981764069067534,0.03598768495320591,0.4776938188121992,0.016290785141561556,0.0315913267010798,0.22918939645411654,0.8917274894073366,False
GUT_GENOME140786_1,GUT_GENOME140786_00856,942865,0.12330561184859921,0.1080745270116498,0.11110204822158279,0.012561662437513624,0.28087076926847293,0.07099148014160013,0.0007037857624390032,0.015231084836949418,0.07498279060926082,0.04011056807998266,0.34290163292190573,0.12320394874806165,0.940257058725511,False
GUT_GENOME140786_1,GUT_GENOME140786_00858,944777,0.11685184637443566,0.10545644939847318,0.1069694964860617,0.010494793825170694,0.3320271169133393,0.07217409555922823,0.00045741042770632766,0.01139539697596248,0.0005643505125227738,0.034795400926833475,0.2734355795015454,0.07476733462884694,0.9633064752320167,False
GUT_GENOME140786_1,GUT_GENOME140786_00858,944786,0.1099408046651617,0.09697464402136194,0.09808666359448413,0.007056796034752749,0.2783187451813982,0.07236531209542962,0.0001337452704097737,0.012966160643799768,0.031039661892788346,0.02572135149905451,0.15484318454448096,0.024939872410294803,0.987607491276583,False
GUT_GENOME140786_1,GUT_GENOME140786_00858,944815,0.1070426171401463,0.10490313896797376,0.10508079813096187,0.00682540802945179,0.46655837675463185,0.07236708295180148,8.218075627282184e-07,0.0021394781721725403,-0.17901518359035878,0.032713715179160385,0.24622919272468105,0.09267525130573798,0.9547195699517202,False
GUT_GENOME140786_1,GUT_GENOME140786_00858,944874,0.12058160675367782,0.10378382272672668,0.10543702210330942,0.007131693098464262,0.2804960017549291,0.07183880128860091,1.2318304678007552e-06,0.016797784026951146,0.10537924466033476,0.03359822081470851,0.2577891519807491,0.07756003208413645,0.961962302146588,False
GUT_GENOME140786_1,GUT_GENOME140786_00858,945148,0.09169681863288896,0.10475021948884723,0.10414324303343897,0.006104467930984901,0.706408671691276,0.07133870917845554,3.853512934384646e-08,-0.01305340085595827,-0.4737811809364057,0.03280453385498343,0.24741613846025437,0.28568335298007896,0.8668913073056959,False
GUT_GENOME140786_1,GUT_GENOME140786_00858,945149,0.08709032798830424,0.10015227307616839,0.0993792776859128,0.006609849298693463,0.7031069687690806,0.07074462789199203,7.384073981015907e-06,-0.013061945087864152,-0.47394695261369146,0.028634649793920774,0.19291824957055811,0.2618431649091728,0.8772865663529176,False
GUT_GENOME140786_1,GUT_GENOME140786_00858,945917,0.07973000032437273,0.0893706005742829,0.08863965298230557,0.00534222089073894,0.6622524595189939,0.06983011173284356,0.000215024823940944,-0.009640600249910161,-0.4075674256289148,0.018809541249462006,0.06450996148768376,0.17027274156492345,0.9183870347029266,False
GUT_GENOME140786_1,GUT_GENOME140786_00859,947568,0.08405286421251594,0.08123158445059235,0.08116708006605006,0.004367247212189437,0.44989693965474264,0.06956686088492262,0.003951505192154684,0.0028212797619235896,-0.16578714924459897,0.011600219181127441,-0.029711562971201894,0.02836815582884263,0.9859160421892721,False
GUT_GENOME140786_1,GUT_GENOME140786_00859,947931,0.09441859648160082,0.08051392182883862,0.08099426597390602,0.004145170011264562,0.29028869581224576,0.06959057053328863,0.0029699542963645036,0.013904674652762197,0.04924832513316714,0.011403695440617395,-0.03228001063489416,0.0034673966150110223,0.9982678036792825,False
GUT_GENOME140786_1,GUT_GENOME140786_00859,948097,0.10216558627837252,0.07955533035262882,0.08037777303234546,0.0039008718735705655,0.19250119052691667,0.06997848060645458,0.003839249090627323,0.0226102559257437,0.21815043655366276,0.010399292425890883,-0.04540695687499947,0.049651404701201704,0.9754799210690925,False
GUT_GENOME140786_1,GUT_GENOME140786_00859,948969,0.08370331095315674,0.08386735232158747,0.08395199297772014,0.004299601719402585,0.5029256921318638,0.07069191630768847,0.0010211041819375957,-0.00016404136843073402,-0.2237071233823371,0.013260076670031679,-0.00801821906082448,0.05010916888890756,0.9752566767315372,False
GUT_GENOME140786_1,GUT_GENOME140786_00859,948994,0.0789742793095085,0.08548141507300826,0.08532679644144564,0.004365020511638682,0.6398355836828405,0.07147167524119694,0.0007514444833148107,-0.006507135763499761,-0.34677323495741724,0.013855121200248705,-0.00024134320113334442,0.12025173472937284,0.9416460036239347,False
GUT_GENOME140786_1,GUT_GENOME140786_00859,949257,0.0799142112107439,0.09331249243418632,0.09268365598662233,0.0054801995912465325,0.7402764930466029,0.07703859887701209,0.002152970159597161,-0.01339828122344243,-0.4804724081421453,0.01564505710961024,0.023152047809168123,0.2313897523036703,0.890746969980389,False
GUT_GENOME140786_1,GUT_GENOME140786_00860,950150,0.09412697162581504,0.09000670803935891,0.09098967556994887,0.006573348862033304,0.4318497320263789,0.07856451867389576,0.029363443623056616,0.004120263586456133,-0.14058479873119364,0.012425156896053113,-0.01893012078465768,0.020122435107211956,0.98998922717551,False
GUT_GENOME140786_1,GUT_GENOME140786_00860,950608,0.08833578395721108,0.09739418604816803,0.09799338803530344,0.0077506061661960805,0.6506030417915961,0.07888171232866716,0.006834813371428035,-0.009058402090956957,-0.3962718561282875,0.019111675706636286,0.06845867800730722,0.16171797455386638,0.9223237416573855,False
GUT_GENOME140786_1,GUT_GENOME140786_00860,951011,0.08042147532321993,0.09685221815083311,0.09622043045493246,0.007724080054399001,0.7524868477595468,0.07956982480244372,0.015554528940602925,-0.016430742827613184,-0.5393069823865608,0.016650605652488742,0.036293965416590336,0.2921692731765589,0.8640845669199555,False
GUT_GENOME140786_1,GUT_GENOME140786_00860,951012,0.07903325913252104,0.10055929874531937,0.09940341865249422,0.007557039237001605,0.8141717715523351,0.08320985872260735,0.016062793549676675,-0.021526039612798323,-0.6381638373564635,0.016193559929886872,0.030320651376410497,0.4081724252094167,0.8153920710826521,False
GUT_GENOME140786_1,GUT_GENOME140786_00860,951074,0.0696355314222934,0.10090475026159361,0.09905597873701877,0.006600647150313866,0.9138475290437931,0.08317381094372557,0.00806075281869996,-0.031269218839300214,-0.8271969980038603,0.015882167793293198,0.02625094252774709,0.6849439854901935,0.7100130046222894,False
GUT_GENOME140786_1,GUT_GENOME140786_00860,951101,0.06691277155151984,0.08679399051776641,0.08551053231870884,0.006447187522918124,0.8152458831087219,0.08333529525671178,0.36791026481950084,-0.019881218966246575,-0.6062517028993616,0.002175237061997057,-0.15289043816152198,0.390916613349598,0.8224576338429314,False
GUT_GENOME140786_1,GUT_GENOME140786_00860,951141,0.060126975687558086,0.08088267773952273,0.07937741098781433,0.0073033897030646,0.8908666135024403,0.0843879328387767,0.7536605636049438,-0.02075570205196465,-0.6232180644722181,-0.005010521850962374,-0.24680400628284044,0.4493129734017581,0.7987905668184903,False
GUT_GENOME140786_1,GUT_GENOME140786_00860,951206,0.06116756638015028,0.07628107498581803,0.0765924159632507,0.00607104059176662,0.8558280123256823,0.08250430652824262,0.8349184429521823,-0.01511350860566775,-0.5137505451602019,-0.005911890564991917,-0.2585843558816521,0.33080549175913354,0.8475522871490314,False
GUT_GENOME140786_1,GUT_GENOME140786_00860,951402,0.07079546906697955,0.09624076670268118,0.09368609618017375,0.006911047006646473,0.9599608304501159,0.08188409783445129,0.0438459657834887,-0.025445297635701636,-0.7142036714023037,0.011801998345722459,-0.02707443006023251,0.5108199090076162,0.7745988825610468,False
GUT_GENOME140786_1,GUT_GENOME140786_00861,952660,0.10684633744726696,0.1132313932413078,0.11298643008701353,0.005751420421125357,0.5913390507615247,0.08016485262548348,5.7596914283373185e-09,-0.0063850557940408476,-0.3444046895430226,0.032821577461530055,0.2476388881967593,0.17993960912655285,0.913958782239152,False
GUT_GENOME140786_1,GUT_GENOME140786_00861,952784,0.10858580544775341,0.11290688061517677,0.11253850629707422,0.005348100162910456,0.5554892601953103,0.08025869684932649,7.911175554420141e-10,-0.0043210751674233605,-0.30436018535251746,0.032279809447747734,0.24055830451943372,0.15050342030108338,0.9275099932634652,False
GUT_GENOME140786_1,GUT_GENOME140786_00861,952833,0.09947968973185196,0.10336129943919165,0.1032015741361639,0.004324327784441249,0.5602806304022148,0.07331186900748936,2.389528317173208e-12,-0.003881609707339681,-0.29583385703772913,0.029889705128674546,0.20932107161122682,0.13133298199029192,0.9364431244324719,False
GUT_GENOME140786_1,GUT_GENOME140786_00861,952841,0.10009470689741966,0.09763360099297376,0.09768130171127253,0.0035926978041873926,0.46203710482294674,0.0706887028367068,2.8853213081959966e-14,0.0024611059044458983,-0.1727750944603022,0.026992598874565732,0.1714576268664752,0.059248951076449785,0.9708100280191876,False
GUT_GENOME140786_1,GUT_GENOME140786_00861,953488,0.10148364903955227,0.10192714457708335,0.10191408645439978,0.0033671136979886093,0.5069180576524297,0.06977301614622947,6.767072918533827e-22,-0.0004434955375310773,-0.22912897836550733,0.032141070308170316,0.23874506700428436,0.10949929574570136,0.946722132187105,False
GUT_GENOME140786_1,GUT_GENOME140786_00861,953837,0.11725416835412039,0.10007851646301218,0.10035802423509009,0.003325628458738546,0.27082749275343065,0.06799395832855672,1.104197077505129e-22,0.017175651891108215,0.11271048172455711,0.032364065906533374,0.24165948600599257,0.07110295986726224,0.9650730510545507,False
GUT_GENOME140786_1,GUT_GENOME140786_00863,955535,0.12793472698481365,0.09364701462897017,0.09450346703535781,0.003625311542711929,0.09973686086613687,0.06696976048413418,1.5407157453798706e-14,0.03428771235584348,0.44471164886306236,0.027533706551223627,0.1785295803328142,0.22964126168831445,0.8915260418395606,False
GUT_GENOME140786_1,GUT_GENOME140786_00864,956060,0.12962408553261853,0.09598328969295714,0.09717235095015792,0.003934769310251259,0.11293802098954198,0.06707550214346178,1.013144839384283e-14,0.0336407958396614,0.4321604403831577,0.030096848806696136,0.21202831550187512,0.23171865280672752,0.8906004984610966,False
GUT_GENOME140786_1,GUT_GENOME140786_00864,956199,0.11106094852630144,0.10068488178299287,0.10103445743845155,0.004206154940636009,0.3379508159485036,0.06890042455626438,1.0880976911233652e-14,0.01037606674330857,-0.019212275898895032,0.032134032882187163,0.23865309205877433,0.05732440989442907,0.9717446595707165,False
GUT_GENOME140786_1,GUT_GENOME140786_00864,956421,0.10279068654678601,0.09844520461049708,0.09851812125076692,0.0038217639163674573,0.4291726838166497,0.07282696753662209,8.942139493614152e-12,0.0043454819362889335,-0.13621520483222452,0.025691153714144835,0.15444851756990252,0.042408926607025374,0.9790187706919496,False
GUT_GENOME140786_1,GUT_GENOME140786_00864,956718,0.10820314437274045,0.11010968935482243,0.11004208801555755,0.004529509649842299,0.5298594268570013,0.07971716925716567,1.0785997017891022e-11,-0.0019065449820819813,-0.2575144626368637,0.030324918758391883,0.2150090532645039,0.11254259145285092,0.9452826499570032,False
GUT_GENOME140786_1,GUT_GENOME140786_00865,957108,0.12825679455190553,0.10974711550502524,0.1103615458710463,0.005027737968333992,0.279326151780412,0.08846740612104487,6.663375945220769e-06,0.018509679046880292,0.13859272855412627,0.02189413975000143,0.1048238176741029,0.030195977159851298,0.9850154146122838,False
GUT_GENOME140786_1,GUT_GENOME140786_00865,957408,0.13339400793325754,0.11269135935812068,0.11344490511333342,0.005397354307672043,0.24306690410064924,0.09290848697068262,7.092943232924509e-05,0.02070264857513686,0.18113982242284943,0.02053641814265081,0.08707920889913433,0.040394423889880494,0.9800053854799252,False
GUT_GENOME140786_1,GUT_GENOME140786_00865,957429,0.12479717754348545,0.11000331754811364,0.11079702797544734,0.005728558041822904,0.3046161167582765,0.09001601380044379,0.00014302461650374858,0.014793859995371805,0.06649993385423349,0.020781014175003554,0.0902759326446438,0.012571985217477693,0.9937337229106327,False
GUT_GENOME140786_1,GUT_GENOME140786_00865,957430,0.10876754735057341,0.09181663654826137,0.09262280691545317,0.004381409702789213,0.26442607643364946,0.08348065501228906,0.018463161141003496,0.016950910802312036,0.10835014744815152,0.009142151903164114,-0.06183703107443383,0.01556357286413667,0.9922484132812892,False
GUT_GENOME140786_1,GUT_GENOME140786_00865,957624,0.10006999263826376,0.07615152526011205,0.07703209012573568,0.00361950214214919,0.1476870939153498,0.06563204030696211,0.0008174198048351088,0.023918467378151703,0.24353181771220203,0.011400049818773572,-0.03232765673038965,0.0603528236278871,0.9702743505913934,False
GUT_GENOME140786_1,GUT_GENOME140786_00865,957658,0.0925788317658554,0.06768729789512994,0.06846402144967452,0.0030683626295357133,0.12946236245500609,0.058154972282067105,0.00039001095311599047,0.024891533870725457,0.26241085404471276,0.010309049167607415,-0.04658638224773351,0.07102974733140749,0.965108379423843,False
GUT_GENOME140786_1,GUT_GENOME140786_00865,957838,0.062134899970619425,0.06506886692841887,0.06515010637754592,0.0032338219953176226,0.5792961508031179,0.05696523834798388,0.005686568757245826,-0.002933966957799447,-0.27744808172294055,0.008184868029562045,-0.07434815834212304,0.0825050867006049,0.9595867620890877,False
GUT_GENOME140786_1,GUT_GENOME140786_00868,960552,0.05600001586108239,0.06004850761358465,0.059885275588242304,0.00267531345055432,0.6027022226544123,0.05522315792943682,0.04069795120462761,-0.004048491752502256,-0.29907163391928093,0.004662117658805483,-0.12038839722653523,0.10393720840192243,0.9493586722490945,False
GUT_GENOME140786_1,GUT_GENOME140786_01000,1072987,0.06274295464371184,0.059721445941629744,0.05984417788434925,0.0024235266624657,0.4285785105961219,0.057345405275157406,0.15125912737771624,0.003021508702082093,-0.16190238960594971,0.002498772609191846,-0.14866202220446167,0.048312780606036596,0.9761330400782677,False
GUT_GENOME140786_1,GUT_GENOME140786_01000,1074137,0.05823546994173239,0.061417344750980096,0.06140505066180737,0.002215018136532848,0.578562793921828,0.05725762800985558,0.030574934364664116,-0.0031818748092477048,-0.28225788801092305,0.004147422651951789,-0.12711515290723055,0.09582777744301538,0.9532158661804018,False
GUT_GENOME140786_1,GUT_GENOME140786_01005,1078110,0.06365577418438553,0.062160416759122865,0.06230765972584926,0.0022523465168416425,0.463390391723969,0.05742760526244645,0.015130642369169802,0.001495357425262668,-0.19151214970340552,0.004880054463402804,-0.11754009363152029,0.05049257709492616,0.9750697339445427,False
GUT_GENOME140786_1,GUT_GENOME140786_01005,1078179,0.06772305486872064,0.06279046174318563,0.0629904599064237,0.0022723954631774356,0.38614736491825297,0.055785688401079704,0.000760720880932579,0.004932593125535012,-0.12482431473623225,0.0072047715053439945,-0.08715743329937473,0.023177527728704923,0.9884781272152771,False
GUT_GENOME140786_1,GUT_GENOME140786_01005,1078274,0.14271042212759663,0.08033803321697089,0.08113424784666412,0.00253492784816096,0.05222878515580265,0.05480425927194172,1.4225562502111754e-25,0.06237238891062574,0.9895990055966619,0.0263299885747224,0.1627977068377088,1.0058092852295186,0.6047714610698026,False
GUT_GENOME140786_1,GUT_GENOME140786_01006,1080684,0.16950232606997295,0.09014498333844556,0.09146532833955091,0.0032404984172861614,0.016177766582713703,0.05659275526770097,2.6160265851601494e-27,0.07935734273152739,1.3191341018496194,0.03487257307184995,0.2744441732472946,1.8154343828919932,0.40344415939411016,False
GUT_GENOME140786_1,GUT_GENOME140786_01008,1081240,0.1750842185441066,0.08133546542593083,0.08248375315207035,0.0024767560966154237,0.008788148705194936,0.059288879411582354,3.801745657618694e-21,0.09374875311817578,1.5983503338739835,0.023194873740487995,0.12182363240528829,2.5695647872074936,0.2767107911190284,False
GUT_GENOME140786_1,GUT_GENOME140786_01008,1081551,0.1736601329544841,0.08518951956731548,0.08636426167135812,0.0027551088812471525,0.01951295860979257,0.06097954003147638,1.5754979539176758e-20,0.08847061338716862,1.4959460351850118,0.025384721639881737,0.1504436337671683,2.2604878271268265,0.322954473838039,False
GUT_GENOME140786_1,GUT_GENOME140786_01008,1082385,0.17288012246466802,0.07305836402377724,0.07421549722832896,0.002164971376477775,0.006871496752997268,0.06342838203512927,3.137310770974306e-07,0.09982175844089078,1.7161762882255849,0.010787115193199692,-0.04033834542868892,2.94688823437967,0.2291349569881232,False
GUT_GENOME140786_1,GUT_GENOME140786_01008,1082467,0.1369899502171214,0.06819594841493774,0.06891116137596205,0.0019051147572171424,0.010831003540812695,0.06315299686322769,0.001253577897133171,0.06879400180218366,1.1141885007835517,0.005758164512734365,-0.1060637208593714,1.2526655281608332,0.534548526484065,False
GUT_GENOME140786_1,GUT_GENOME140786_01008,1083161,0.1117010270976506,0.06465391934964487,0.06511623299280322,0.001763499176334347,0.04066837536248458,0.06341939311171815,0.16797443593339634,0.04704710774800573,0.6922641964308676,0.0016968398810850716,-0.15914280298238972,0.5045561494011664,0.7770286360187768,False
GUT_GENOME140786_1,GUT_GENOME140786_01009,1083475,0.10692405209423926,0.06062840862561729,0.061105568436544244,0.0016877251176614053,0.04631096398850055,0.06531415513872998,0.9936780471866328,0.04629564346862197,0.677684595199768,-0.00420858670218574,-0.23632319386820616,0.5151050625311432,0.7729410216769053,False
GUT_GENOME140786_1,GUT_GENOME140786_01010,1084410,0.09078688160346135,0.05928353460338545,0.05959205142866779,0.0015934144992038868,0.09968844436003466,0.06465401391468292,0.9992554568821834,0.0315033470000759,0.3906905361069512,-0.005061962486015134,-0.24747630459436862,0.21388361633922165,0.8985779613652318,False
GUT_GENOME140786_1,GUT_GENOME140786_01010,1084952,0.07715339261906459,0.06135341081027495,0.061527156433651364,0.0017735742971602593,0.24628194014672727,0.06466780151976026,0.961703003925424,0.015799981808789644,0.08602029594193253,-0.0031406450861088953,-0.22236583613802344,0.056846056395299945,0.9719771060965935,False
GUT_GENOME140786_1,GUT_GENOME140786_01010,1085833,0.05377753685062008,0.05955790429519778,0.0594670144759927,0.0019662052038146105,0.6464481436759049,0.06470253796190895,0.996124813325749,-0.005780367444577696,-0.3326727746055699,-0.005235523485916244,-0.24974464298212343,0.1730435616620366,0.9171155730278417,False
GUT_GENOME140786_1,GUT_GENOME140786_01010,1086139,0.05536321443136072,0.05927467494684818,0.05919410117899969,0.0019186521370820788,0.6006790865834818,0.0637576048418862,0.9913082531944338,-0.003911460515487464,-0.29641301015406574,-0.004563503662886506,-0.24096174611716484,0.14592323568042728,0.9296365107981365,False
GUT_GENOME140786_1,GUT_GENOME140786_01010,1086280,0.05054903234084151,0.05833964702247018,0.05826149009518334,0.0020524099328006794,0.7135187458005611,0.06687912631426043,0.9999865826882384,-0.0077906146816286714,-0.3716747656465245,-0.008617636219077095,-0.2939468321185896,0.2245468715309532,0.8937998272439477,False
GUT_GENOME140786_1,GUT_GENOME140786_01011,1087272,0.06153170406675617,0.060602255871007246,0.06061591913588703,0.0018696688685114016,0.4778749211875934,0.06703698371499421,0.9997029924796124,0.0009294481957489234,-0.20249168808688695,-0.006421064579107183,-0.2652389554917196,0.11135458725461553,0.945844316634415,False
GUT_GENOME140786_1,GUT_GENOME140786_01013,1087736,0.06767882341281455,0.06821237528898472,0.06819366024251777,0.002448546740712022,0.5117236134681074,0.06657603225410891,0.25441897635889155,-0.0005335518761701713,-0.23087621445072426,0.0016176279884088651,-0.16017805500920754,0.07896083570562953,0.9612887779046277,False
GUT_GENOME140786_1,GUT_GENOME140786_01013,1088213,0.06659966970677278,0.07232125150940134,0.07214300048416898,0.002819928078868763,0.6266602538011475,0.06656216271872911,0.023904008851769024,-0.005721581802628564,-0.3315322397308645,0.005580837765439869,-0.10838127531165608,0.12166012681914438,0.940983133655098,False
GUT_GENOME140786_1,GUT_GENOME140786_01014,1088789,0.06833502573924187,0.07532822009776519,0.07501439488320744,0.0033267633677361275,0.6521748705295466,0.06605616953873887,0.003543003189653482,-0.006993194358523316,-0.3562035441348585,0.008958225344468565,-0.06424084111156465,0.13100785052095537,0.9365953703716215,False
GUT_GENOME140786_1,GUT_GENOME140786_01014,1088838,0.06301473282595194,0.0764760797839556,0.0759827175881085,0.003625687446728114,0.8111794033107849,0.06437176222715413,0.0006814028892357729,-0.013461346958003662,-0.48169598361535765,0.01161095536095437,-0.029571247526757945,0.2329054793114557,0.8900721610994479,False
GUT_GENOME140786_1,GUT_GENOME140786_01015,1089129,0.06219552757293355,0.07508808669694236,0.07463386198769847,0.0036912823030519804,0.8061226804787366,0.06512419004332448,0.004993897002021502,-0.012892559124008815,-0.4706605957303258,0.009509671944373993,-0.057033764106505624,0.2247742466213817,0.8936982191115745,False
GUT_GENOME140786_1,GUT_GENOME140786_01017,1091097,0.07550926816393916,0.07905027242034011,0.0791789170483582,0.004826595541437951,0.581853347425463,0.06651399195371853,0.004345352097073075,-0.0035410042564009564,-0.28922557000657745,0.012664925094639665,-0.015796493936883274,0.08390095956632762,0.9589172651876506,False
GUT_GENOME140786_1,GUT_GENOME140786_01017,1091610,0.07846945126077667,0.0879010042365613,0.08612513836603346,0.005815324081350668,0.697772940957927,0.06662798961945886,0.00040010922647112365,-0.00943155297578463,-0.4035115762973963,0.0194971487465746,0.07349657992326075,0.16822333946642573,0.9193285891845488,False
GUT_GENOME140786_1,GUT_GENOME140786_01019,1092085,0.08108314982837415,0.09873224061509014,0.09546594083052921,0.00719718207035509,0.8309312215557999,0.06773981364678898,5.849273497703673e-05,-0.01764909078671599,-0.5629448689658264,0.027726127183740235,0.1810444028308533,0.34968400129133176,0.8395896649150489,False
GUT_GENOME140786_1,GUT_GENOME140786_01019,1092731,0.08397696227585182,0.0942038592593452,0.09377713876489716,0.003850181049807267,0.7176187723593819,0.07047612958995633,7.156229641890708e-10,-0.010226896983493383,-0.418942513990732,0.023301009174940823,0.1232107590086586,0.19069372116436445,0.9090575635407947,False
GUT_GENOME140786_1,GUT_GENOME140786_01019,1092742,0.09047148750217109,0.09529498551729818,0.09517324287976969,0.003852907885559209,0.5787107113050114,0.07505571083131511,8.87928819396972e-08,-0.0048234980151270895,-0.3141079870376765,0.02011753204845458,0.08160461836264654,0.10532314125897435,0.9487010264501431,False
GUT_GENOME140786_1,GUT_GENOME140786_01019,1092745,0.09531037681797018,0.09541893725276475,0.09540810887684466,0.0032080839640287817,0.501451885474008,0.0763889227949259,1.528397136210287e-09,-0.000108560434794569,-0.22263070510067542,0.019019186081918757,0.06724989396979106,0.05408697909257205,0.973318911406036,False
GUT_GENOME140786_1,GUT_GENOME140786_01019,1092895,0.08911711530535041,0.09382709996633849,0.09366936615236508,0.0035890076693716336,0.5726399066434329,0.0770636350467585,1.856518341279893e-06,-0.004709984660988084,-0.311905647574371,0.016605731105606578,0.03570748194747046,0.09856015725581665,0.9519144814571585,False
GUT_GENOME140786_1,GUT_GENOME140786_01019,1092946,0.09509409684714248,0.0939674146921582,0.09402546149046953,0.0037748792534673995,0.48339884126971466,0.07544736843682393,4.2940258964803964e-07,0.0011266821549842793,-0.19866503583770675,0.018578093053645606,0.061485072096368554,0.04324821055509295,0.978608019512646,False
GUT_GENOME140786_1,GUT_GENOME140786_01019,1092988,0.08074725724857698,0.08493471910695707,0.0863985000709822,0.004890427862383767,0.581761379290214,0.06997692420108158,0.0003926827329615272,-0.004187461858380093,-0.3017678748216483,0.016421575869900618,0.033300683238682946,0.0921727857785371,0.954959456920214,False
GUT_GENOME140786_1,GUT_GENOME140786_01021,1094992,0.08836630187829614,0.09014713246293551,0.09359235937075008,0.008049660131382176,0.5334651052151588,0.06727713341815048,0.0005394313932642964,-0.0017808305846393757,-0.25507540354382974,0.026315225952599608,0.16260476820239253,0.09150377213520139,0.955278950806433,False
GUT_GENOME140786_1,GUT_GENOME140786_01021,1094994,0.08071155037561079,0.09032186076967726,0.08403471209397367,0.0066370996945767135,0.6740781212698199,0.06768399316141556,0.006878747613288093,-0.00961031039406647,-0.4069797542895523,0.016350718932558114,0.03237462547740989,0.16668063677638692,0.9200379880910582,False
GUT_GENOME140786_1,GUT_GENOME140786_01022,1096415,0.09184568953081523,0.09008690536200563,0.09053889953211684,0.006844317670321332,0.4658583105240397,0.06734146042342334,0.0003503577819093724,0.0017587841688096045,-0.1864012522464153,0.0231974391086935,0.12185716023229197,0.049594594338910225,0.9755076301464934,False
GUT_GENOME140786_1,GUT_GENOME140786_01022,1096454,0.07292342708378736,0.1018628136093106,0.10037350223263443,0.004964146064359239,0.9475548744403895,0.07594446308399949,4.30304589314582e-07,-0.028939386525523234,-0.7819945485966124,0.024429039148634937,0.13795343560839182,0.6305466244309783,0.7295894413099644,False
GUT_GENOME140786_1,GUT_GENOME140786_01022,1096497,0.08835202894717087,0.10184148252132838,0.10117886095624927,0.004475281784016531,0.7240501323580436,0.07707781708270753,3.6148083254331526e-08,-0.013489453574157512,-0.48224129663517906,0.02410104387354174,0.1336667336769671,0.250423463872248,0.8823100695867419,False
GUT_GENOME140786_1,GUT_GENOME140786_01022,1096631,0.11528663705490376,0.10475638678152964,0.10499890977529444,0.004491132986748293,0.3490483410972296,0.08195131990590092,1.434932626850526e-07,0.01053025027337412,-0.016220870390435765,0.023047589869393523,0.11989872036346395,0.014638819781019443,0.992707311754758,False
GUT_GENOME140786_1,GUT_GENOME140786_01022,1096814,0.13249210460461303,0.15703176004350525,0.15445288484102251,0.014567221335155598,0.7981232278997947,0.09632733320051076,3.301429501600433e-05,-0.02453965543889222,-0.6966327735568782,0.05812555164051175,0.578346685603112,0.8197821099416536,0.6637225554707631,False
GUT_GENOME140786_1,GUT_GENOME140786_01022,1096903,0.14716105934862833,0.15730141415171403,0.1571914573080021,0.014095974044718693,0.6261656536210987,0.0968222094339698,9.230715964193576e-06,-0.0101403548030857,-0.41726345815982996,0.060369247874032306,0.6076704524623451,0.5433721723112913,0.7620934552309859,False
GUT_GENOME140786_1,GUT_GENOME140786_01022,1096971,0.14208390364618664,0.1469908332562401,0.14426701441661302,0.022202369157384924,0.5621236357979786,0.10404659853787505,0.035028874236534925,-0.0049069296100534565,-0.3157266925669647,0.04022041587873797,0.344337277904759,0.21825150535413385,0.8966176583376595,False
GUT_GENOME140786_1,GUT_GENOME140786_01022,1097303,0.1315861611874778,0.18490073074613655,0.16344953603230022,0.02755982561241529,0.9562315260158953,0.10257051716236516,0.013588122923879602,-0.053314569558658764,-1.2549118359620346,0.06087901886993506,0.6143328542670653,1.952208571869524,0.3767760552509073,False
GUT_GENOME140786_1,GUT_GENOME140786_01022,1097432,0.11757365783010082,0.1960806374542667,0.16906520732828806,0.026558925675981882,0.9980571021668481,0.10398208275282518,0.007132542141078233,-0.07850697962416589,-1.743684626475289,0.06508312457546288,0.6692779995673415,3.4883691173111306,0.17478745979181867,False
GUT_GENOME140786_1,GUT_GENOME140786_01022,1097541,0.15103428725356588,0.2140337767606579,0.19598146940350297,0.027893852099985832,0.9274011184129298,0.10709424994139308,0.0007197187690950811,-0.06299948950709203,-1.442814674030494,0.0888872194621099,0.9803832723412034,3.0428655442841666,0.2183987470360901,False
GUT_GENOME140786_1,GUT_GENOME140786_01022,1097552,0.16236170318753537,0.15688036525614005,0.15783506006302297,0.01065436996202205,0.45099570668497235,0.1103882958203588,4.228655209024601e-06,0.005481337931395325,-0.11417779344896453,0.04744676424266417,0.4387813258563289,0.2055656204371123,0.9023229275205586,False
GUT_GENOME140786_1,GUT_GENOME140786_01022,1097762,0.1633280943247906,0.14355118093190275,0.14584609884663038,0.008581708998893,0.305005020646432,0.099408439579497,3.129547482745937e-08,0.01977691339288784,0.1631790887285505,0.04643765926713339,0.42559292780276253,0.2077567551940076,0.9013349132732547,False
GUT_GENOME140786_1,GUT_GENOME140786_01022,1097772,0.14982198084426898,0.13404461675313925,0.1354019551152547,0.006656612781997227,0.3421209209776485,0.093238279190252,1.1936242818151046e-10,0.01577736409112973,0.08558147627573422,0.04216367592500271,0.3697345236157425,0.14402780703489412,0.9305179582485998,False
GUT_GENOME140786_1,GUT_GENOME140786_01022,1097853,0.12464162595864006,0.07619340827625219,0.07595177837749835,0.003179804384899823,0.07186607624586624,0.06055687123406751,6.444314783463549e-07,0.04844821768238787,0.7194479557719974,0.015394907143430843,0.019882737472723906,0.5180006843139152,0.7718227589591313,False
GUT_GENOME140786_1,GUT_GENOME140786_01022,1098027,0.0905734358036463,0.07355142045624966,0.07344197456487728,0.003255725596839694,0.2712342309780065,0.0602254808158621,2.4592974831335833e-05,0.01702201534739664,0.10972968862062403,0.013216493749015179,-0.00858782175295312,0.012114355247239602,0.9939611300937461,False
GUT_GENOME140786_1,GUT_GENOME140786_01022,1098177,0.06043642929304633,0.07264977595532428,0.07257833705730397,0.003315571215226926,0.7523897875550773,0.0599337303528377,6.844975290926953e-05,-0.012213346662277948,-0.4574827945827447,0.012644606704466273,-0.01606204313534344,0.2095484965689194,0.9005277953355051,False
GUT_GENOME140786_1,GUT_GENOME140786_01026,1103106,0.05126239792992187,0.06432902898327386,0.06369458422376446,0.0035766930311872985,0.8884855229552701,0.0579373738634427,0.05373755767390713,-0.013066631053351992,-0.4740378677909923,0.005757210360321764,-0.10607619106031807,0.23596405840969537,0.8887120233328344,False
GUT_GENOME140786_1,GUT_GENOME140786_01026,1103115,0.0678933024492524,0.061194065300884865,0.0615814237135043,0.0036749662081646257,0.30763890427012697,0.057597796631471215,0.13918458847838378,0.006699237148367537,-0.09054861318016387,0.003983627082033085,-0.12925586296998925,0.024906129460967583,0.98762415381191,False
GUT_GENOME140786_1,GUT_GENOME140786_01027,1104782,0.06754631422480457,0.06064066598707349,0.061265130135638966,0.0035528068655542224,0.2817432997230652,0.05780273437659416,0.16489121616915264,0.006905648237731085,-0.0865439100223967,0.0034623957590448062,-0.13606804439040163,0.026004361066193003,0.9870819826530088,False
GUT_GENOME140786_1,GUT_GENOME140786_01027,1105150,0.08130125124380798,0.06726450169838283,0.06760491129011548,0.0030629156901333427,0.2430176476818992,0.0604655186619818,0.009878951199321969,0.01403674954542515,0.051810787941439576,0.007139392628133678,-0.08801189609348725,0.010430451601083617,0.994798349879202,False
GUT_GENOME140786_1,GUT_GENOME140786_01027,1105199,0.11772977640085412,0.0867521362211406,0.08805915769856848,0.003330702633658959,0.10541194707367624,0.07160682316570818,3.9141747633894547e-07,0.030977640179713523,0.38049098834982015,0.016452334532860297,0.033702680553674244,0.14590926289192596,0.9296430056279984,False
GUT_GENOME140786_1,GUT_GENOME140786_01027,1105228,0.11593801548363859,0.0860240191439503,0.08689900644899252,0.0027067833758484075,0.16285660434869348,0.07283489241058162,1.01878364817508e-07,0.02991399633968829,0.35985460753315607,0.014064114038410902,0.002490068105780346,0.12950153900201322,0.9373010382746765,False
GUT_GENOME140786_1,GUT_GENOME140786_01027,1105250,0.11116439108371252,0.07859675492016596,0.08052773995637445,0.003726860270370588,0.1442098044281267,0.0730722817676023,0.02272497040260319,0.03256763616354656,0.41133943722399097,0.007455458188772149,-0.08388110838972906,0.17623617296043906,0.915652744129295,False
GUT_GENOME140786_1,GUT_GENOME140786_01027,1105277,0.10872913155414214,0.08260310643551504,0.08388759067797541,0.0036195445919001016,0.15614743651677404,0.07102767171638462,0.00019049683752189728,0.026126025118627105,0.28636194608124727,0.012859918961590791,-0.013248040804935387,0.0821786747486084,0.9597433851637127,False
GUT_GENOME140786_1,GUT_GENOME140786_01027,1105294,0.09008527457990273,0.06658419239074523,0.06786570700251081,0.003616678692184665,0.16491320964492429,0.06365880310453012,0.12237512296260089,0.0235010821891575,0.23543388174604693,0.004206903897980688,-0.12633776862276738,0.07139034445459153,0.9649343874569745,False
GUT_GENOME140786_1,GUT_GENOME140786_01027,1105466,0.0600776578405192,0.07013435873421606,0.07060597398882441,0.003499703860829228,0.8098254156705007,0.061136103552063906,0.003405913998703295,-0.010056700893696854,-0.4156404393766723,0.009469870436760508,-0.05755394598873506,0.1760694315441074,0.9157290859292978,False
GUT_GENOME140786_1,GUT_GENOME140786_01028,1106153,0.05781124047975333,0.06285321792073885,0.06350903281643248,0.0034574325867987757,0.6846829997240136,0.056281683935645345,0.018291826682961573,-0.005041977440985522,-0.3183468351021882,0.007227348880787139,-0.08686236051550268,0.10888977709390496,0.9470106985553357,False
GUT_GENOME140786_1,GUT_GENOME140786_01030,1108871,0.06137460425561007,0.05139116554459448,0.05570810356597115,0.004173689328493045,0.20116094498232273,0.05527772974336778,0.45893548428972275,0.009983438711015584,-0.026829883681499547,0.00043037382260336515,-0.17569475635255574,0.03158849006814672,0.9843298299714865,False
GUT_GENOME140786_1,GUT_GENOME140786_01032,1109805,0.07248897921005254,0.05459494866647015,0.05767941862591386,0.0045543466250061206,0.14935933576337795,0.055391688360240804,0.3077219264911276,0.017894030543582393,0.12664816921463595,0.0022877302656730547,-0.15142021931970168,0.03896784158424562,0.9807046640160496,False
GUT_GENOME140786_1,GUT_GENOME140786_01043,1117747,0.057288851471750474,0.04852553541984152,0.05218975453947196,0.004476968880217774,0.26642095391288256,0.05527791418849186,0.7548362587324395,0.008763316051908956,-0.050502202261154816,-0.0030881596490199004,-0.22167988288922394,0.05169244291100663,0.9744849329617324,False
GUT_GENOME140786_1,GUT_GENOME140786_01043,1117815,0.044603483208881196,0.06624788797790884,0.06540788813072623,0.0036156101119168985,0.9796399587967114,0.05733405692831543,0.012772887100833942,-0.021644404769027646,-0.640460309490702,0.0080738312024108,-0.07579934321444558,0.41593494846466705,0.8122334547989442,False
GUT_GENOME140786_1,GUT_GENOME140786_01043,1118031,0.0607639660866604,0.07163783613866029,0.07135331166227012,0.0038314022561066986,0.7348055599020625,0.05811985066960369,0.00027622278944190834,-0.010873870051999891,-0.4314948196756023,0.013233460992666424,-0.008366070033785589,0.18625777053469075,0.9110760684460317,False
GUT_GENOME140786_1,GUT_GENOME140786_01043,1118032,0.09255341102942309,0.07598456986438164,0.07607436816762839,0.003939045944371724,0.2141846091434999,0.05890472885035258,6.53792348868886e-06,0.016568841165041454,0.10093738930815853,0.017169639317275803,0.043077424759670635,0.012044021084271841,0.9939960854204347,False
GUT_GENOME140786_1,GUT_GENOME140786_01043,1118035,0.15302101229639756,0.23973727391263386,0.21702125565451813,0.022004989005167497,0.9992554174280356,0.10428439086713055,1.5016393640878366e-07,-0.0867162616162363,-1.902957743137845,0.11273686478738758,1.2920838620847985,5.290728878828249,0.07097948130487425,False
GUT_GENOME140786_1,GUT_GENOME140786_01043,1118059,0.22172229570628127,0.26267643168916527,0.22881409951782303,0.027993273803191634,0.8662232498794009,0.12273767248578092,7.551974262555527e-05,-0.040954135982884,-1.0150997816537823,0.1060764270320421,1.2050359270745734,2.4825391522540334,0.28901705576390274,False
GUT_GENOME140786_1,GUT_GENOME140786_01043,1118215,0.23334880005978495,0.19774783197907006,0.20808632107955538,0.02150871409373107,0.16398639342130955,0.12594659442887587,6.702279998811327e-05,0.03560096808071489,0.4701908969236423,0.0821397266506795,0.892197579852754,1.0170960010449708,0.6013681313986006,False
GUT_GENOME140786_1,GUT_GENOME140786_01043,1118245,0.19901320142193815,0.1229258582586895,0.13029815030368141,0.008403085286771078,0.008627961990160748,0.10535623520201418,0.0014978178874661336,0.07608734316324865,1.2556909136112269,0.02494191510166724,0.14465641734439444,1.5976851496047133,0.44984932986644544,False
GUT_GENOME140786_1,GUT_GENOME140786_01043,1118247,0.11452717883721727,0.09401492305028064,0.09555232631424725,0.004323550189111414,0.20132451034313587,0.07628103437047215,4.15022637667567e-06,0.020512255786936634,0.17744589976359432,0.019271291943775096,0.07054476669207642,0.03646361145055106,0.9819333881934873,False
GUT_GENOME140786_1,GUT_GENOME140786_01044,1118509,0.0709788804814901,0.06524764097216626,0.0646798251559619,0.0029258615944483123,0.3527843464429516,0.057568221112525235,0.007536888376092183,0.005731239509323846,-0.10932930569887717,0.0071116040434366715,-0.08837507626325761,0.019763051189135135,0.9901671362631056,False
GUT_GENOME140786_1,GUT_GENOME140786_01044,1118521,0.0626161596852057,0.06777562300620871,0.06673040060755767,0.003127050686988932,0.6267621876571476,0.05727052459149947,0.0012424459220846701,-0.005159463321003005,-0.3206262478805898,0.009459876016058195,-0.05768456708538318,0.10612870010981348,0.9483189861399678,False
GUT_GENOME140786_1,GUT_GENOME140786_01044,1119929,0.054613386562764696,0.06446454369985358,0.06095585926179006,0.004106946642855045,0.7751211651841104,0.05587396164400953,0.10797103322996582,-0.009851157137088881,-0.41165256385271004,0.00508189761778053,-0.11490212441239052,0.18266033152098998,0.9127163134706948,False
GUT_GENOME140786_1,GUT_GENOME140786_01054,1127929,0.06533480122936161,0.06560073069183874,0.06300480224918542,0.004438816400360928,0.5068863154024151,0.05548891555168431,0.04520692829543187,-0.0002659294624771241,-0.2256839143252297,0.007515886697501112,-0.08309134394873839,0.05783740062436516,0.9714954435323498,False
GUT_GENOME140786_1,GUT_GENOME140786_01054,1129394,0.06934350301971232,0.06432881081318596,0.06296425133118581,0.004042654537885645,0.38123700781882003,0.05534049742702621,0.02965902184055192,0.005014692206526353,-0.12323146209488638,0.007623753904159605,-0.08168158411915252,0.02185787443425761,0.9891305666486022,False
GUT_GENOME140786_1,GUT_GENOME140786_01054,1129967,0.0651472108013159,0.07206581297179393,0.07115523481202632,0.0036290368171301335,0.6734617163822585,0.055502433444113965,8.045022699671768e-06,-0.00691860217047803,-0.35475633714646077,0.015652801367912354,0.023253260630028687,0.12639277287550138,0.9387590960303145,False
GUT_GENOME140786_1,GUT_GENOME140786_01054,1129973,0.06946665807820605,0.07196092612119227,0.07196724824031196,0.002831101710945579,0.5592134587436628,0.055894842806512336,6.850464758692243e-09,-0.0024942680429862196,-0.2689172240153977,0.016072405433799626,0.028737234626792944,0.07314230202614293,0.9640894955116335,False
GUT_GENOME140786_1,GUT_GENOME140786_01056,1130832,0.08732812191647073,0.07841740491356533,0.07857039321985324,0.002578762099175447,0.36392022645093447,0.06542340130164864,1.7146783108406988e-07,0.008910717002905397,-0.0476423895653667,0.013146991918204592,-0.009496169082921944,0.0023599745107496044,0.9988207086558376,False
GUT_GENOME140786_1,GUT_GENOME140786_01056,1131217,0.10614045383462596,0.07937303338622961,0.07991358455581077,0.0025762428610481268,0.18989520697783197,0.07200706029687337,0.0010738342361167887,0.026767420448396348,0.2988060347705908,0.007906524258937397,-0.07798594482791216,0.09536685400602568,0.9534355712628513,False
GUT_GENOME140786_1,GUT_GENOME140786_01056,1131279,0.0979769157416625,0.07604878907940948,0.07669167909739241,0.002690605218330114,0.22665864822325965,0.07190524855145122,0.037624638199800484,0.02192812666225301,0.20491604481662173,0.004786430545941189,-0.11876370219629677,0.056095402382658394,0.9723419838239863,False
GUT_GENOME140786_1,GUT_GENOME140786_01056,1131403,0.1095399626799422,0.07393222821670392,0.0754233398436787,0.0035605133482320525,0.12858883053377296,0.07046486367943952,0.08186591855738662,0.03560773446323828,0.47032217549758737,0.004958476164239181,-0.11651516893909786,0.2347787333576899,0.8892388857558574,False
GUT_GENOME140786_1,GUT_GENOME140786_01057,1131943,0.09959858463475325,0.05538671961782174,0.05710582424083958,0.002912205731800765,0.05622196084704826,0.05455459651576896,0.1905023695911695,0.044211865016931515,0.6372559817405645,0.002551227725070618,-0.14797646523573174,0.42799222052779246,0.8073515254009507,False
GUT_GENOME140786_1,GUT_GENOME140786_01057,1132459,0.08576179848464899,0.0598620889963064,0.06183294464364211,0.00326826825519827,0.098581020554872,0.0548215971600593,0.015965270445635605,0.02589970948834259,0.28197106319774007,0.007011347483582814,-0.08968536949428484,0.08755114598219033,0.9571687478888657,False
GUT_GENOME140786_1,GUT_GENOME140786_01057,1132517,0.07391840258958703,0.06827043230274425,0.06943004194553262,0.0039816364461082165,0.3870893013609028,0.058236660072408734,0.002467458887743198,0.005647970286842774,-0.11094486094468779,0.011193381873123888,-0.03502868308367584,0.013535770808612709,0.9932549651530714,False
GUT_GENOME140786_1,GUT_GENOME140786_01079,1159143,0.06588462254726501,0.07084319488712885,0.07073619483634354,0.0051480816377314515,0.6003060171927647,0.05975467660407075,0.016457104599725405,-0.00495857233986384,-0.3167286435948143,0.010981518232272787,-0.03779761406348044,0.10174569330230271,0.9503995093300907,False
GUT_GENOME140786_1,GUT_GENOME140786_01079,1159325,0.0580287831865022,0.059729836470734175,0.06059731351079003,0.003982867293031266,0.5380368193721162,0.05863395912041223,0.31102396214201844,-0.0017010532842319723,-0.25352759713553663,0.0019633543903778,-0.15565961786207594,0.08850615914228646,0.9567118026194014,False
GUT_GENOME140786_1,GUT_GENOME140786_01079,1159339,0.04711052159162797,0.06275830457164018,0.06252291899286697,0.003967181208301756,0.8476582876116265,0.059444654088149154,0.21889441561860323,-0.01564778298001221,-0.52411631707996,0.0030782649047178118,-0.1410884047437496,0.29460385178259724,0.8630333659573886,False
GUT_GENOME140786_1,GUT_GENOME140786_01079,1159421,0.050471102059852946,0.06534521997772162,0.06414313501355304,0.003947386420720907,0.8327257930833878,0.055721159405746894,0.016439513109900092,-0.014874117917868676,-0.5091059853823089,0.008421975607806144,-0.07124930420977126,0.2642653677024682,0.8762247264948042,False
GUT_GENOME140786_1,GUT_GENOME140786_01079,1159435,0.07158270676252847,0.08820491251495273,0.08770030656131544,0.005073261144371117,0.8364512484691032,0.0867012307392866,0.42194127368780726,-0.016622205752424263,-0.5430216673967049,0.0009990758220288498,-0.1682621616035929,0.3231846862898112,0.8507879634016299,False
GUT_GENOME140786_1,GUT_GENOME140786_01079,1159513,0.08859953302329132,0.0954737349730895,0.0950475618736702,0.005616877677256604,0.6260268366391601,0.08923464594008891,0.15035742376684724,-0.006874201949798181,-0.35389490230538506,0.0058129159335812836,-0.1053481525591084,0.13633983512535522,0.9341017398008473,False
GUT_GENOME140786_1,GUT_GENOME140786_01079,1159528,0.0975927068557245,0.11982739633489042,0.11703508054872667,0.008151422094182037,0.8575328600961043,0.09764748019319536,0.008693229785785838,-0.022234689479165917,-0.6519127709352946,0.019387600355531318,0.07206484802000003,0.43018360322867966,0.8064674017695613,False
GUT_GENOME140786_1,GUT_GENOME140786_01079,1159583,0.1138821544231863,0.11620373057335469,0.11543490927622849,0.009524869561506461,0.5450269512186118,0.09646553982591603,0.02320956133011112,-0.0023215761501683835,-0.2655667268564475,0.018969369450312454,0.06659882041129807,0.07496108929342332,0.9632131571907948,False
GUT_GENOME140786_1,GUT_GENOME140786_01079,1159638,0.0900123712437094,0.09573438226942146,0.09744407362985559,0.00872576044381151,0.6301462086138705,0.09448721990932725,0.36735576317438234,-0.00572201102571207,-0.3315405673407967,0.0029568537205283407,-0.14267517625322845,0.13027535371154714,0.9369384597560082,False
GUT_GENOME140786_1,GUT_GENOME140786_01079,1160352,0.08282938524754266,0.1047479270948837,0.10289506922285717,0.011586939930721669,0.8966930642066882,0.09419806304483987,0.22645063151076034,-0.021918541847341044,-0.6457790044627978,0.008697006178017302,-0.06765481927034639,0.4216076971754654,0.8099329207873122,False
GUT_GENOME140786_1,GUT_GENOME140786_01079,1160457,0.07392067760086303,0.10513604262258587,0.10016039807035411,0.011653596814706726,0.9717878693345187,0.09420858907145777,0.3047710420567024,-0.03121536502172284,-0.8261521483595174,0.0059518089988963435,-0.10353290332669678,0.6932464343103013,0.7070716905573065,False
GUT_GENOME140786_1,GUT_GENOME140786_01079,1160593,0.09685419568682925,0.11283732255878665,0.10960808780701589,0.01288844359008589,0.7323421895717787,0.09598519951940523,0.14525927436832475,-0.015983126871957395,-0.5306225215050794,0.013622888287610657,-0.003276488371633249,0.28157099570445787,0.8686756245018772,False
GUT_GENOME140786_1,GUT_GENOME140786_01079,1160602,0.09872291669497663,0.1200712508954692,0.11525016596375251,0.012586477251819512,0.8021904582638063,0.09851973441170227,0.09188463001220243,-0.021348334200492577,-0.6347160699520693,0.016730431552050243,0.03733724214589922,0.4042585591064617,0.8169893011028475,False
GUT_GENOME140786_1,GUT_GENOME140786_01079,1160668,0.11073925839698938,0.1217695632647281,0.11951558608259184,0.01362406109086536,0.6539738505877934,0.11822051864923595,0.46213462874522826,-0.011030304867738719,-0.4345299037038185,0.0012950674333558898,-0.1643937284025335,0.21584153515093574,0.8976987204588543,False
GUT_GENOME140786_1,GUT_GENOME140786_01079,1160786,0.12454505769856232,0.10302193733694037,0.10591707949849753,0.011902716423525186,0.2217485645477078,0.1312851954332461,0.9834672858914176,0.021523120361621947,0.19705827895697775,-0.025368115934748567,-0.5128655763872588,0.30186306474852126,0.8599065724050801,False
GUT_GENOME140786_1,GUT_GENOME140786_01079,1160821,0.11115071666177184,0.12300306065848406,0.11956293174240427,0.01613545341787742,0.6677726842558409,0.14271480000936201,0.9243343078280681,-0.011852343996712214,-0.4504787691730093,-0.02315186826695774,-0.4839005458534043,0.437090859752852,0.8036869672156836,False
GUT_GENOME140786_1,GUT_GENOME140786_01079,1160841,0.09907438416743888,0.09781717575808517,0.09773570722193967,0.014429656478490354,0.48094242097513296,0.1515989557405326,0.9999053244348979,0.0012572084093537134,-0.19613261907339163,-0.05386324851859292,-0.8852799041505505,0.822188512957396,0.6629244437321214,False
GUT_GENOME140786_1,GUT_GENOME140786_01079,1160890,0.09503730593473139,0.08851049250673752,0.09040154759542618,0.014418947771196254,0.38833925618885956,0.1509829442319698,0.9999867431495828,0.006526813427993869,-0.09389390736752326,-0.06058139663654363,-0.9730820790588132,0.9557047984261633,0.6201137195004072,False
GUT_GENOME140786_1,GUT_GENOME140786_01079,1160924,0.11062073899252482,0.09943341948514837,0.10383389935341718,0.01619103587958758,0.338416281651939,0.15901486037231255,0.9996729370084976,0.011187319507376448,-0.003472683050335027,-0.05518096101889537,-0.9025016178429321,0.8145212297366781,0.6654707361318547,False
GUT_GENOME140786_1,GUT_GENOME140786_01079,1160958,0.10991756150796404,0.08721582709244516,0.09520771761253312,0.01408485718406132,0.20353424208056398,0.1534138956926774,0.999982060865354,0.022701734415518884,0.2199252646309722,-0.05820617808014429,-0.9420393941592219,0.935805342170877,0.6263144791995741,False
GUT_GENOME140786_1,GUT_GENOME140786_01079,1161022,0.09134034042196683,0.07557411136635378,0.08154271386609645,0.011061270043385895,0.2289914500087336,0.14127171329055987,0.999999966648325,0.01576622905561305,0.0853654388911489,-0.05972899942446343,-0.961941757679711,0.9326192033250102,0.6273130368201496,False
GUT_GENOME140786_1,GUT_GENOME140786_01079,1161045,0.09339091034938098,0.0885389901129248,0.0905919646129554,0.010856040854933746,0.4122234674916545,0.12522942601590217,0.9992901516697613,0.00485192023645617,-0.12638949698800178,-0.03463746140294677,-0.6340103737026404,0.4179434589114418,0.8114181745525949,False
GUT_GENOME140786_1,GUT_GENOME140786_01079,1161212,0.09772830830966532,0.08724281595740521,0.08835413198796913,0.009805004789819608,0.32307303678194055,0.11480530937816907,0.9965092144505056,0.010485492352260109,-0.017089245188384134,-0.026451177390199948,-0.5270205413684339,0.27804269332538584,0.8702094521923336,False
GUT_GENOME140786_1,GUT_GENOME140786_01079,1161214,0.10125390516350725,0.08608460086669364,0.08796412211829155,0.00841790607081341,0.2554020015265782,0.09874853894688028,0.899925679401447,0.01516930429681361,0.07378414995030537,-0.01078441682858873,-0.32226535780810733,0.10929906162707659,0.9468169199678232,False
GUT_GENOME140786_1,GUT_GENOME140786_01079,1161433,0.11750710667136148,0.09251636935680128,0.09600584876756495,0.008521908116929582,0.1745846802900624,0.09374500038939884,0.39538980798992795,0.024990737314560196,0.2643355585071103,0.0022608483781661054,-0.15177154949988075,0.0929078907288607,0.9546085237052804,False
GUT_GENOME140786_1,GUT_GENOME140786_01079,1161568,0.10202070317856014,0.08419410659676817,0.08781025879171109,0.008709346516313946,0.24590233111673976,0.0858783312437727,0.41222609733411586,0.017826596581791976,0.12533984319128363,0.001931927547938389,-0.15607034788294386,0.04006802977951869,0.9801653325239853,False
GUT_GENOME140786_1,GUT_GENOME140786_01080,1162175,0.1108928237278346,0.09791114167442734,0.09943580570682291,0.011028489339495932,0.32206636761685886,0.08310300136739525,0.06930797888969782,0.012981682053407259,0.0313408019054678,0.01633280433942766,0.032140492467563356,0.002015257120135271,0.9989928789271227,False
GUT_GENOME140786_1,GUT_GENOME140786_01080,1162425,0.097106961039952,0.08535285858836499,0.08572117054135313,0.00759437205603696,0.3215624575331426,0.06519493524178227,0.003437678490753163,0.01175410245158702,0.0075238067867536606,0.020526235299570858,0.08694612523478637,0.007616236361907555,0.9961991235057702,False
GUT_GENOME140786_1,GUT_GENOME140786_01080,1162611,0.08626254550904852,0.07409754024398241,0.07501643032601392,0.006336024732900047,0.30745375828398336,0.06378428604644165,0.03813564088461039,0.012165005265066114,0.01549597436626235,0.011232144279572268,-0.03452208163174418,0.0014318993417486688,0.9992843065599382,False
GUT_GENOME140786_1,GUT_GENOME140786_01080,1162631,0.07669257467099042,0.06544541235959261,0.06668371537773092,0.005625829170661101,0.2980539381579842,0.06194185659025609,0.19964977363963476,0.011247162311397801,-0.0023116375514090327,0.00474185878747483,-0.11934622840204911,0.014248865901963158,0.9929008856588617,False
GUT_GENOME140786_1,GUT_GENOME140786_01084,1166475,0.08151422693203283,0.06571606933408264,0.06733445208085935,0.005511094158748101,0.20348495497925806,0.06175600654521818,0.15571618596421444,0.015798157597950196,0.08598490335265017,0.005578445535641172,-0.10841254032331082,0.019146682503918086,0.9904723372977419,False
GUT_GENOME140786_1,GUT_GENOME140786_01084,1166489,0.0785874459059459,0.0664283419407517,0.0672865258975635,0.00471385283574071,0.23941713948076537,0.06329334474171129,0.1984651749362853,0.012159103965194193,0.015381479770526792,0.003993181155852205,-0.12913099694354496,0.016911404291564944,0.9915799467540188,False
GUT_GENOME140786_1,GUT_GENOME140786_01084,1166520,0.08998042831484199,0.06851749820557447,0.07043754090843798,0.005137284158696321,0.09451508007790566,0.06359185208893504,0.0913397353777558,0.021462930109267517,0.19589049240823256,0.00684568881950294,-0.09185042908261778,0.04680958633860082,0.9768669746503283,False
GUT_GENOME140786_1,GUT_GENOME140786_01085,1167023,0.09584872852941118,0.09099582367367387,0.09135140108797793,0.00683599301228193,0.39249922790649905,0.06496460024723608,5.6697999009573196e-05,0.004852904855737306,-0.12637039380921172,0.026386800840741853,0.16354020915090525,0.04271487644061709,0.9788690168315457,False
GUT_GENOME140786_1,GUT_GENOME140786_01085,1167135,0.13126253317482742,0.08814088410239004,0.089674755992523,0.005023916983920503,0.023854728831543742,0.08053439765842972,0.034427583807255864,0.043121649072437374,0.6161040598693802,0.009140358334093282,-0.06186047194869,0.3834109305772475,0.825549985813478,False
GUT_GENOME140786_1,GUT_GENOME140786_01085,1167228,0.12904250528681932,0.08108279694129099,0.08288914951219771,0.004818257551270432,0.011128132847047837,0.07998089616953863,0.27305804400132905,0.04795970834552833,0.7099700983082712,0.002908253342659081,-0.14331035410333903,0.5245953980850807,0.7692819751080597,False
GUT_GENOME140786_1,GUT_GENOME140786_01085,1167230,0.1241759610610302,0.0790969425391147,0.08057761954695235,0.004476987696513131,0.017162064263412984,0.08083691839968153,0.5230930878013543,0.045079018521915495,0.6540801377991659,-0.00025929885272918396,-0.18470836543140254,0.46193800692371634,0.7937640695921869,False
GUT_GENOME140786_1,GUT_GENOME140786_01086,1168214,0.11616180173486165,0.07117374329253848,0.07257516630315441,0.0038680012122664026,0.018333467791067988,0.073251046038804,0.5693565291381638,0.044988058442323176,0.6523153677032504,-0.0006758797356495871,-0.1901528282362466,0.46167343702807023,0.7938690795761839,False
GUT_GENOME140786_1,GUT_GENOME140786_01086,1168229,0.1054522708081384,0.06492647602051307,0.06594479702470195,0.003105720055553727,0.012949917518162454,0.07013005629768541,0.9111059945960427,0.04052579478762533,0.5657403614675921,-0.004185259272983466,-0.23601831833062975,0.37576680318110023,0.8287113280223966,False
GUT_GENOME140786_1,GUT_GENOME140786_01086,1168314,0.09075593403613462,0.05503115271844768,0.05600058212963566,0.002819270988265356,0.018748329411314556,0.06722475006909148,0.9999657203027822,0.035724781317686936,0.4725930704822636,-0.011224167939455819,-0.32801264162420646,0.3309365033331439,0.8474967693878208,False
GUT_GENOME140786_1,GUT_GENOME140786_01087,1170721,0.07932707103010453,0.04985245317026563,0.05052495719844049,0.0022281318814803045,0.03465060184896096,0.06701987483713998,0.9999999999999334,0.029474617859838896,0.35132996677314005,-0.016494917638699487,-0.39689818550706923,0.28096091521161964,0.8689406459474821,False
GUT_GENOME140786_1,GUT_GENOME140786_01087,1170751,0.07157415808973393,0.05125980546078669,0.05165762403328021,0.0022373835099723793,0.0894569984366772,0.06719797990936473,0.9999999999981181,0.020314352628947235,0.17360626399510928,-0.015540355876084516,-0.38442263460072434,0.1779198968917016,0.9148822152952542,False
GUT_GENOME140786_1,GUT_GENOME140786_01088,1171136,0.06832235813282125,0.04927610148045178,0.049572951180947476,0.0019227683768562212,0.11680904180009138,0.06794189201718939,1.0,0.019046256652369475,0.14900318681833796,-0.018368940836241916,-0.42139054704537865,0.19977194282122399,0.9049406012531702,False
GUT_GENOME140786_1,GUT_GENOME140786_01088,1171215,0.06824764824106067,0.05233335236858923,0.052525218443125084,0.0019793578819227334,0.15825427917367757,0.07093424407366315,1.0,0.015914295872471437,0.08823817044283869,-0.01840902563053807,-0.4219144313149958,0.18579776207495574,0.9112856438962015,False
GUT_GENOME140786_1,GUT_GENOME140786_01089,1171968,0.06595250768669854,0.05323405049479311,0.0533901823401833,0.001994222367917947,0.21894855309761696,0.07009804359333978,1.0,0.012718457191905432,0.026233821280979328,-0.01670786125315648,-0.3996812310955094,0.16043329986902435,0.9229163749533251,False
GUT_GENOME140786_1,GUT_GENOME140786_01090,1172472,0.0707401648786774,0.05426678837345699,0.05449921623048413,0.0020698964577368743,0.17361802399742132,0.07206591281069373,1.0,0.016473376505220412,0.09908522319722278,-0.017566696580209602,-0.4109056947839217,0.17866137146190086,0.9145430972123126,False
GUT_GENOME140786_1,GUT_GENOME140786_01090,1172767,0.061314233702707055,0.05309814469431218,0.053283730962533124,0.0022260246648243068,0.28964255548937146,0.07512090944087005,1.0,0.008216089008394878,-0.06111927654690994,-0.021837178478336924,-0.4667183371935269,0.22156157223830833,0.8951349534298925,False
GUT_GENOME140786_1,GUT_GENOME140786_01090,1172919,0.0644368186672987,0.06027132966510529,0.06032519606117387,0.0024501399582176966,0.40267126929287717,0.07170384209881009,0.9999982920242577,0.0041654890021934066,-0.13970735379462146,-0.01137864603763622,-0.3300315779081044,0.1284389871208087,0.9377991360673842,False
GUT_GENOME140786_1,GUT_GENOME140786_01090,1173135,0.07168139180050856,0.05771354792341133,0.05790901560409931,0.0023758813105961346,0.222848041264884,0.0673837276245763,0.9999666657789921,0.013967843877097229,0.05047390847245491,-0.009474712020476984,-0.3051482998598378,0.09566310034383525,0.9532943558235867,False
GUT_GENOME140786_1,GUT_GENOME140786_01091,1173716,0.06375370122217701,0.05394963353452568,0.05406030305913283,0.002110776665573385,0.2664839072964533,0.06296216591205339,0.9999876399445503,0.009804067687651331,-0.030309966587382456,-0.008901862852920564,-0.29766150410559594,0.08952106510093395,0.9562264395246975,False
GUT_GENOME140786_1,GUT_GENOME140786_01091,1173899,0.06080293290637956,0.05544070751380337,0.055525445741087025,0.0020633069254367524,0.3646436362897463,0.060149348356949114,0.9874874615867895,0.005362225392576192,-0.11648876599316974,-0.00462390261586209,-0.24175112428214876,0.07201323869429439,0.9646339082152815,False
GUT_GENOME140786_1,GUT_GENOME140786_01092,1174386,0.06419681178556703,0.05397738139948299,0.054074449611366884,0.0020495639873358484,0.2759117389842697,0.05759709454707679,0.9571681299001872,0.010219430386084041,-0.022251270152219286,-0.0035226449357099038,-0.22735834553506676,0.052186936307829855,0.9742440245625362,False
GUT_GENOME140786_1,GUT_GENOME140786_01093,1175759,0.058066195590018105,0.056630116279030765,0.056518037999224446,0.002482169479483771,0.463472559889579,0.056391572670272005,0.47968287507508367,0.0014360793109873399,-0.1926622393238657,0.0001264653289524409,-0.17966665846712013,0.06939884662602729,0.9658956983583519,False
GUT_GENOME140786_1,GUT_GENOME140786_01094,1177879,0.05706643068567221,0.051753588121848305,0.05190379479324214,0.0022709941844769404,0.3714192212878834,0.05386625588280468,0.806245011025144,0.005312842563823902,-0.11744687134910559,-0.0019624610895625366,-0.2069676764781506,0.05662938669645777,0.9720824107940045,False
GUT_GENOME140786_1,GUT_GENOME140786_01094,1178200,0.06071348093412274,0.05092682409402249,0.05135742640070957,0.0021905482439615463,0.27184808449045283,0.054323228778693756,0.9121172500586606,0.009786656840100251,-0.030647764698822143,-0.002965802377984189,-0.22008074659092328,0.04937482050105256,0.9756148315642706,False
GUT_GENOME140786_1,GUT_GENOME140786_01094,1179030,0.06915563528803631,0.047224462632001196,0.04768371253146534,0.002060052817509148,0.1470079652911062,0.05636359909923693,0.999987423873839,0.021931172656035114,0.20497514193662314,-0.008679886567771591,-0.29476040691750927,0.12889850629811445,0.9375836924747056,False
GUT_GENOME140786_1,GUT_GENOME140786_01105,1186742,0.07638123417472631,0.04490137243716132,0.04518701677046661,0.001882298309380299,0.07078891928997967,0.05670759021857284,0.9999999995335372,0.031479861737564986,0.3902348846919597,-0.011520573448106232,-0.3318864842155536,0.262431903635508,0.877028358071233,False
GUT_GENOME140786_1,GUT_GENOME140786_01105,1187278,0.07298062743243977,0.043075403210822406,0.04356212320692242,0.0020969174155083944,0.07759865722321725,0.05722701283007932,0.999999999964054,0.029905224221617364,0.3596844145021166,-0.0136648896231569,-0.3599114131922382,0.2589091033817644,0.8785745172351332,False
GUT_GENOME140786_1,GUT_GENOME140786_01105,1187487,0.07715606241909762,0.041486302168116926,0.04215295312279744,0.002390688519398445,0.04938966870770813,0.05771327579088067,0.9999999999621031,0.03566976025098069,0.4715255743498531,-0.015560322668083229,-0.38468358862148244,0.3703178306206608,0.8309722191507698,False
GUT_GENOME140786_1,GUT_GENOME140786_01105,1187581,0.09060579023601507,0.04417606944230906,0.045060463537339425,0.003285639643974564,0.037360609934486345,0.0592782521605365,0.9999924509186116,0.04642972079370601,0.6802859083792325,-0.014217788623197072,-0.3671374721977575,0.5975788406311167,0.7417155832243806,False
GUT_GENOME140786_1,GUT_GENOME140786_01105,1187587,0.12633702155193138,0.05157647794814445,0.05317550734528325,0.003974402765562349,0.0057548184764509,0.06076454607657151,0.9718998377153831,0.07476054360378694,1.229948893636021,-0.0075890387312882585,-0.2805036785966062,1.5914565946627004,0.45125246924842377,False
GUT_GENOME140786_1,GUT_GENOME140786_01110,1192644,0.06837721864866121,0.044866506967168464,0.04621167428966539,0.0029251547424373942,0.0642143801813084,0.05921489557921717,0.9999956117506796,0.023510711681492748,0.23562070920033515,-0.01300322128955178,-0.3512638040984129,0.1789033786737571,0.914432440894815,False
GUT_GENOME140786_1,GUT_GENOME140786_01112,1193980,0.06252330567060349,0.05773740388891892,0.0568787537647776,0.005258514500611448,0.3789847873464302,0.05933265551051036,0.6796259315198552,0.004785901781684573,-0.12767035992569534,-0.0024539017457327617,-0.21339051171377083,0.061835231293021556,0.9695554459844312,False
GUT_GENOME140786_1,GUT_GENOME140786_01112,1193985,0.05155711212196224,0.06004006441208097,0.05782417489684488,0.005989830394975335,0.7655660464997376,0.06059686418204041,0.6782817844890743,-0.00848295229011873,-0.38510721549943805,-0.0027726892851955287,-0.21755687405158464,0.19563856087682768,0.9068127677525889,False
GUT_GENOME140786_1,GUT_GENOME140786_01112,1193986,0.03588398501838322,0.06378559251459862,0.05477096562549981,0.005849785803645666,0.9993916582023805,0.05997414252081451,0.8131232572050822,-0.027901607496215397,-0.7618599862116731,-0.005203176895314701,-0.2493218924032706,0.6425920446219987,0.7252085413039271,False
GUT_GENOME140786_1,GUT_GENOME140786_01112,1193989,0.049928750468577233,0.06385949138198198,0.06474258345849826,0.00578244831655709,0.882255026716172,0.0808874737689846,0.9973812445723091,-0.013930740913404745,-0.490802972301032,-0.01614489031048634,-0.39232353782814644,0.39480531595352064,0.8208600409160132,False
GUT_GENOME140786_1,GUT_GENOME140786_01112,1194093,0.12136078937600646,0.10003328939999077,0.10382932771113976,0.012333187235993078,0.2169831436914892,0.12979589332986308,0.9823727114247136,0.021327499976015685,0.19326293260045888,-0.02596656561872332,-0.5206869555684868,0.30846546681650877,0.8570725283874059,False
GUT_GENOME140786_1,GUT_GENOME140786_01112,1194162,0.1377746046624896,0.10328452897250995,0.10938379119857908,0.014992387723106642,0.11183141666394031,0.1464035058854087,0.9932298692971456,0.034490075689979666,0.4486378191368122,-0.03701971468682963,-0.6651449982799665,0.6436937614966918,0.7248091640703724,False
GUT_GENOME140786_1,GUT_GENOME140786_01112,1194165,0.11157319010026134,0.102497736110661,0.10348877992392978,0.017284775062385786,0.35356154047801885,0.15320099699377887,0.9979866957848813,0.009075453989600343,-0.04444623022696824,-0.04971221706984909,-0.8310284076200628,0.6925836816529259,0.7073060362043979,False
GUT_GENOME140786_1,GUT_GENOME140786_01112,1194170,0.12454538244627522,0.10642952925341788,0.11083836568433059,0.016043658164392488,0.26981655977050595,0.1486136221759615,0.9907268987617414,0.018115853192857342,0.13095188112640765,-0.03777525649163091,-0.6750194774565141,0.4727996901162102,0.7894649471584454,False
GUT_GENOME140786_1,GUT_GENOME140786_01112,1194172,0.10259002749675133,0.08659605173537156,0.08841567786051827,0.009461473185724135,0.2708323886030196,0.13644467019984574,0.9999998075418711,0.015993975761379772,0.08978408691324563,-0.048028992339327475,-0.8090296678476725,0.6625901857205605,0.7179932630904742,False
GUT_GENOME140786_1,GUT_GENOME140786_01113,1194380,0.08641578243285841,0.07409701536101478,0.07548128955048379,0.006875345356514717,0.2859367291165721,0.11623092809468968,0.9999999984566764,0.012318767071843637,0.01847919777274021,-0.04074963854420589,-0.7138928706355631,0.5099845114946088,0.7749224991334964,False
GUT_GENOME140786_1,GUT_GENOME140786_01113,1194487,0.08350493260031708,0.07178653773409817,0.07259229890442026,0.006215802942312224,0.2859230821625225,0.10352151970230129,0.999999675276016,0.01171839486621891,0.006831022884876881,-0.030929220797881032,-0.5855458884767294,0.34291065038565616,0.8424379029302195,False
GUT_GENOME140786_1,GUT_GENOME140786_01113,1194497,0.06802263739985115,0.04763378683682529,0.04904069753397797,0.0034643576653805986,0.11588938467999699,0.07580742667525987,0.9999999999999944,0.020388850563025862,0.17505164230676745,-0.026766729141281906,-0.5311446138888174,0.31275767833739737,0.8552351324253629,False
GUT_GENOME140786_1,GUT_GENOME140786_01113,1194751,0.0659122613661876,0.0469510031676465,0.04916635153305405,0.003943330636294072,0.14019955289186592,0.0664514625473115,0.9999941573603585,0.018961258198541095,0.14735408173633185,-0.017285111014257455,-0.40722553997350436,0.18754586581106977,0.9104894809713532,False
GUT_GENOME140786_1,GUT_GENOME140786_01113,1194932,0.057810258949110495,0.04970544015719787,0.05034354820867609,0.002896933425686884,0.30456555369854327,0.06579542994780661,0.9999999519307298,0.008104818791912625,-0.06327809557492776,-0.015451881739130521,-0.3832663305848995,0.15089719753960318,0.927327395077884,False
GUT_GENOME140786_1,GUT_GENOME140786_01114,1196210,0.06082130339044952,0.05074621853140042,0.05157876494538989,0.0028923613871249475,0.26278403222353697,0.06578407801603045,0.9999995476740402,0.0100750848590491,-0.025051802767539516,-0.01420531307064056,-0.3669744241927995,0.13529782083354044,0.9345885402845417,False
GUT_GENOME140786_1,GUT_GENOME140786_01117,1198226,0.05683127634970006,0.052797880436519756,0.0532805915990068,0.00300275951293841,0.40094316189586887,0.06572875224148603,0.9999830517970433,0.004033395913180304,-0.14227016964100406,-0.01244816064247923,-0.34400949365998457,0.13858333289787902,0.9330544996945955,False
GUT_GENOME140786_1,GUT_GENOME140786_01117,1198487,0.0546367996574165,0.050682574101315596,0.05160600677136321,0.0036655668041901115,0.4016059787048697,0.0657383236937069,0.9999422355640742,0.003954225556100907,-0.14380620038419245,-0.014132316922343686,-0.3660204082247285,0.15465116250593539,0.9255884502961442,False
GUT_GENOME140786_1,GUT_GENOME140786_01117,1198489,0.04543122533285087,0.04639763291047959,0.046509456737620164,0.002166643315587729,0.5274872180204149,0.06659672057350763,1.0,-0.0009664075776287182,-0.23927430294409713,-0.020087263835887464,-0.4438480001879556,0.25425323932023103,0.8806221614587806,False
GUT_GENOME140786_1,GUT_GENOME140786_01117,1198613,0.046027304987646143,0.04886533419851742,0.04881129912773118,0.002008195842247045,0.5698018649644748,0.07190663231829944,1.0,-0.0028380292108712776,-0.2755867369703065,-0.023095333190568258,-0.483161666242766,0.30939324532042695,0.8566750338571859,False
GUT_GENOME140786_1,GUT_GENOME140786_01117,1198729,0.049451116742099226,0.05538985146435959,0.055212364384525175,0.0024340426882466883,0.6249796122270048,0.08123984139597468,1.0,-0.005938734722260364,-0.33574535146652396,-0.0260274770114495,-0.521483031014302,0.3846694926672432,0.8250306462781081,False
GUT_GENOME140786_1,GUT_GENOME140786_01117,1198781,0.04098032873283214,0.05846245433408584,0.05820543012479228,0.0022220914358938026,0.8608936761473972,0.08546027859207182,1.0,-0.0174821256012537,-0.5597054790303354,-0.02725484846727954,-0.5375240413269877,0.6022023182610744,0.7400029109092298,False
GUT_GENOME140786_1,GUT_GENOME140786_01117,1198973,0.04729134898424997,0.05800646193077143,0.057833656955706976,0.0018924225578983089,0.7335090108215273,0.08465736905240714,1.0,-0.010715112946521457,-0.4284146795359043,-0.026823712096700168,-0.531889347010294,0.46644541510488846,0.7919771745842117,False
GUT_GENOME140786_1,GUT_GENOME140786_01117,1198974,0.049173410252330185,0.05505033880486012,0.05497479220986827,0.0017046309740873376,0.6332864197370944,0.08077186800218224,1.0,-0.005876928552529935,-0.3345462135527029,-0.025797075792313967,-0.5184718249815619,0.380734202302162,0.8266556120084293,False
GUT_GENOME140786_1,GUT_GENOME140786_01118,1199881,0.05000349995782301,0.04026354661542684,0.04033323168371758,0.0010046846198875836,0.2508953922913497,0.060285828672399865,1.0,0.00973995334239617,-0.03155388677448683,-0.019952596988682285,-0.44208798509673414,0.19643743433746738,0.9064506257568479,False
GUT_GENOME140786_1,GUT_GENOME140786_01118,1200171,0.05222907769370013,0.04016794035735612,0.04023611883108368,0.0009457732247209053,0.1792050193444622,0.05985515544192236,1.0,0.012061137336344008,0.01348077148434967,-0.019619036610838678,-0.4377285506032262,0.19178801521301442,0.90856031144737,False
GUT_GENOME140786_1,GUT_GENOME140786_01118,1200198,0.05399181720196696,0.03981509107710158,0.0398926454017449,0.0010941468407891272,0.16568814886114974,0.059441150587218945,1.0,0.014176726124865383,0.05452655603038384,-0.019548505185474047,-0.4368067470886762,0.1937732796147253,0.9076588926884668,False
GUT_GENOME140786_1,GUT_GENOME140786_01122,1205020,0.047277667713625016,0.04124405374091272,0.0412378941796809,0.0011619956808741612,0.33401997297038843,0.058595807424563544,1.0,0.006033613972712293,-0.10346276058207339,-0.017357913244882645,-0.4081770215536715,0.17731302375168986,0.9151598661392023,False
GUT_GENOME140786_1,GUT_GENOME140786_01122,1205872,0.060524368953571425,0.04286898720206632,0.04281773415513105,0.0013235442769388844,0.17785760347126423,0.05954336913336328,1.0,0.017655381751505106,0.12201800339275055,-0.016725634978232228,-0.39991352304419425,0.17481921906557257,0.916301692845823,False
GUT_GENOME140786_1,GUT_GENOME140786_01122,1206256,0.04402221533667338,0.04199554768492089,0.04182487133360712,0.0014413449636348067,0.4209017295415441,0.05749566583603494,1.0,0.002026667651752488,-0.18120388696258818,-0.015670794502427816,-0.38612738937598545,0.18192920947666433,0.9130500279719828,False
GUT_GENOME140786_1,GUT_GENOME140786_01122,1206789,0.0529337866559859,0.04105711594709133,0.04088494003264883,0.001540336609396915,0.2337185339941671,0.05692617651770131,1.0,0.011876670708894574,0.009901825761388578,-0.016041236485052478,-0.39096884436934387,0.15295468342090912,0.926373904099171,False
GUT_GENOME140786_1,GUT_GENOME140786_01122,1207133,0.05101467981614633,0.04257663872841173,0.042416984868480764,0.0014770416131378308,0.2986317154948178,0.05638181778821239,1.0,0.008438041087734605,-0.056813053486194066,-0.013964832919731628,-0.3638314925542943,0.13560107802071067,0.9344468406817248,False
GUT_GENOME140786_1,GUT_GENOME140786_01133,1216993,0.037683759976317496,0.040767014887230724,0.04072881625363021,0.0010771437660267804,0.5855365505656848,0.055057867389173315,1.0,-0.0030832549109132273,-0.28034450525858867,-0.014329051135543107,-0.3685916066404973,0.21445281411450595,0.8983222634643625,False
GUT_GENOME140786_1,GUT_GENOME140786_01133,1217122,0.03469690787838898,0.0444445024607673,0.04374256557361884,0.0023619749441170746,0.7524911451640605,0.05524112421575881,0.9999994368939951,-0.009747594582378324,-0.40964328571191533,-0.011498558642139972,-0.3315987638780314,0.27776536173429234,0.8703301288449827,False
GUT_GENOME140786_1,GUT_GENOME140786_01133,1217124,0.030062793129727015,0.041826702001024195,0.04091468520857048,0.0024146009256457795,0.8749031302320636,0.0553269462890999,0.9999999988049486,-0.01176390887129718,-0.4487629872007367,-0.014412261080529419,-0.3696791108180657,0.3380508636565643,0.8444874262537232,False
GUT_GENOME140786_1,GUT_GENOME140786_01133,1217128,0.03216132104259832,0.0442996364762098,0.04325463530608527,0.003032092282006354,0.8019147936321118,0.055809409861091994,0.9999826823944987,-0.012138315433611477,-0.45602706950858196,-0.012554774555006726,-0.34540287368540873,0.32726383327472347,0.8490544872007478,False
GUT_GENOME140786_1,GUT_GENOME140786_01134,1218011,0.04880898466519697,0.04703923264955519,0.047182427050674346,0.003949755034401915,0.4625065108617385,0.06852680183615355,0.9999999674098603,0.001769752015641779,-0.18618845858800212,-0.021344374785479202,-0.4602776878842153,0.2465216920754153,0.8840330359684772,False
GUT_GENOME140786_1,GUT_GENOME140786_01134,1219017,0.042965332707032594,0.03988041000941218,0.040089471538870415,0.003984781784827435,0.4219182756390048,0.06915886956128549,0.9999999999998508,0.0030849226976204167,-0.16067205731633288,-0.029069398022415073,-0.5612391179556225,0.34080485752586814,0.843325369914045,False
GUT_GENOME140786_1,GUT_GENOME140786_01134,1219046,0.046066066649660266,0.04465523983422122,0.0446600466614985,0.004185073058458782,0.46394529865390427,0.07447187845866295,0.9999999999994734,0.0014108268154390466,-0.19315217786823155,-0.02981183179716445,-0.5709422830249022,0.36328285436092855,0.8339003007950667,False
GUT_GENOME140786_1,GUT_GENOME140786_01135,1219746,0.03922298922450393,0.04468566870646023,0.04371816859059998,0.00415812030926208,0.6506357782888212,0.07324187471403376,0.9999999999993774,-0.005462679481956299,-0.3265091232677595,-0.02952370612343378,-0.5671766529202511,0.4282975631948999,0.8072282753755333,False
GUT_GENOME140786_1,GUT_GENOME140786_01135,1220203,0.03398638649556123,0.044898170194355234,0.043816250749552185,0.003654966404119455,0.9015125652567183,0.0732484078629034,0.9999999999999996,-0.010911783698794003,-0.4322304046749694,-0.029432157113351218,-0.5659801621530307,0.5071566666762588,0.7760189543890561,False
GUT_GENOME140786_1,GUT_GENOME140786_01135,1220347,0.040338431976834274,0.04206780212178923,0.04181468370752491,0.003053065228404859,0.5572065137726114,0.0709563837920148,1.0,-0.0017293701449549587,-0.25407698923411554,-0.029141700084489887,-0.5621840626322007,0.380606036735919,0.8267085880981393,False
GUT_GENOME140786_1,GUT_GENOME140786_01135,1220551,0.041480407652265475,0.0419732684349857,0.04179028984862879,0.0027428190350163224,0.5156179353165076,0.06959828006503009,1.0,-0.0004928607827202267,-0.23008674257237482,-0.027807990216401304,-0.5447532729177117,0.3496960374621252,0.8395846122079511,False
GUT_GENOME140786_1,GUT_GENOME140786_01135,1221068,0.038446857937290815,0.03496787199321693,0.03497308365030188,0.001321825800746187,0.381617923277319,0.06556003785352958,1.0,0.0034789859440738855,-0.1530266040982032,-0.030586954203227705,-0.5810726689404244,0.3610625881513763,0.8348265551627547,False
GUT_GENOME140786_1,GUT_GENOME140786_01137,1222134,0.02647019448022792,0.03246815790257387,0.03243017651195619,0.0007935810836751293,0.7556101134004708,0.052370329657524424,1.0,-0.005997963422345948,-0.33689448237317515,-0.019940153145568233,-0.4419253515152102,0.3087959085653317,0.8569309338123435,False
GUT_GENOME140786_1,GUT_GENOME140786_01137,1222169,0.02577405741672273,0.03244405320671857,0.0324085912443573,0.0007460231475455278,0.789365629973618,0.051908379338335905,1.0,-0.0066699957899958445,-0.34993297828513253,-0.019499788093978607,-0.4361700438613277,0.31269739645349554,0.855260910406328,False
GUT_GENOME140786_1,GUT_GENOME140786_01137,1222225,0.026308449275579925,0.03216336453784503,0.03212294161405927,0.0007681200009826883,0.763684746298942,0.049656346414240486,1.0,-0.005854915262265108,-0.3341191207385124,-0.017533404800181215,-0.4104705911449815,0.28012169303798723,0.8693053395857027,False
GUT_GENOME140786_1,GUT_GENOME140786_01145,1235568,0.028146648950187092,0.03108039679703183,0.031010775267071657,0.0009551718570721728,0.6310985630951416,0.045648634680114986,1.0,-0.002933747846844737,-0.2774438306222127,-0.014637859413043328,-0.3726275459973188,0.21582636718631096,0.8977055286158887,False
GUT_GENOME140786_1,GUT_GENOME140786_01145,1235965,0.029304990908625143,0.03139742584501405,0.031279936747940995,0.0009834574518966287,0.5823292911169752,0.04613793700696985,1.0,-0.002092434936388908,-0.2611210231627809,-0.014858000259028857,-0.3755046550940992,0.20918793473491595,0.9006901579472342,False
GUT_GENOME140786_1,GUT_GENOME140786_01167,1259701,0.03592974361565649,0.0321144115373469,0.031973188045659635,0.0011395763618460971,0.37696151272563977,0.04608836363709279,1.0,0.0038153320783095926,-0.1465009545799056,-0.014115175591433153,-0.36579638128927794,0.15526952225715437,0.9253023212091732,False
GUT_GENOME140786_1,GUT_GENOME140786_01167,1260376,0.03314300794981807,0.03195652155464885,0.031840346745434546,0.0010557577904313313,0.4579632889518839,0.04705934891975652,1.0,0.0011864863951692173,-0.19750473853849204,-0.015219002174321976,-0.38022273405757,0.18357744923937172,0.9122978752658301,False
GUT_GENOME140786_1,GUT_GENOME140786_01167,1260772,0.03546401196743469,0.03037793816920735,0.030350533699911603,0.0009721215241704992,0.328271748126395,0.04860241184517593,1.0,0.005086073798227342,-0.12184654577777942,-0.018251878145264324,-0.4198606077394883,0.19112951064934897,0.9088595062556806,False
GUT_GENOME140786_1,GUT_GENOME140786_01172,1265564,0.03853098869125876,0.0314902710756329,0.031631125993732516,0.0009099421349343749,0.2818590768351903,0.050306896062851054,1.0,0.007040717615625858,-0.0839233494418547,-0.01867577006911854,-0.42540062147348157,0.188008817331564,0.9102787491171473,False
GUT_GENOME140786_1,GUT_GENOME140786_01172,1265832,0.049724549190631295,0.033264435867192105,0.03340719925771015,0.0009839193593047285,0.1396530814630299,0.051713139616133344,1.0,0.01646011332343919,0.0988278963931006,-0.018305940358423194,-0.42056716850777787,0.18664369633213504,0.9109002815276301,False
GUT_GENOME140786_1,GUT_GENOME140786_01172,1265840,0.05283597963793219,0.03222316470047172,0.03246182946271167,0.0010730435629918696,0.10756726125956267,0.0518144030190572,1.0,0.02061281493746047,0.1793969070902206,-0.01935257355634553,-0.43424603796634575,0.22075287176300623,0.8954969746477918,False
GUT_GENOME140786_1,GUT_GENOME140786_01172,1265882,0.053308828146899974,0.029099983963414337,0.0325361447647261,0.004221127726977484,0.05789088545618486,0.05456373488866446,0.9999999097689126,0.024208844183485637,0.24916558919632517,-0.02202759012393836,-0.46920690343501775,0.28223860907063,0.8683857031645166,False
GUT_GENOME140786_1,GUT_GENOME140786_01187,1279778,0.05505853871136887,0.03009586178030247,0.03387585680703357,0.004213140338743673,0.050042934534426604,0.054112603446249935,0.9999992194279197,0.0249626769310664,0.26379114247436586,-0.020236746639216367,-0.4458016509579634,0.26832487884477707,0.8744480082365026,False
GUT_GENOME140786_1,GUT_GENOME140786_01187,1279862,0.04511879472314198,0.030507433879513424,0.03321873521560038,0.00502893719622374,0.13033064064520472,0.05628728165842618,0.9999977534330864,0.014611360843628556,0.06295916028664293,-0.023068546442825806,-0.4828115794823652,0.23707087714625544,0.8882203378376472,False
GUT_GENOME140786_1,GUT_GENOME140786_01187,1279953,0.059780203974653556,0.0440206172675718,0.04937881999330051,0.008377683345030227,0.1612215580035537,0.05487676601437691,0.7441718650485375,0.015759586707081753,0.08523656677376272,-0.005497946021076401,-0.2531743484496817,0.07136252302829894,0.964947810475805,False
GUT_GENOME140786_1,GUT_GENOME140786_01187,1280024,0.05718668998662068,0.05813007472157671,0.05832403118919565,0.011087452046401526,0.524800792362617,0.055530529432230316,0.400539220838489,-0.000943384734956032,-0.23882762320883497,0.0027935017569653345,-0.1448100886464286,0.07800859538136776,0.9617465758481857,False
GUT_GENOME140786_1,GUT_GENOME140786_01187,1280026,0.08659024483148549,0.09570497907689658,0.09171736109412318,0.016339926167414098,0.6647435890797206,0.1263786688737405,0.983050231328928,-0.009114734245411094,-0.39736478944655984,-0.03466130777961732,-0.634322031573023,0.560263215630836,0.7556842809536173,False
GUT_GENOME140786_1,GUT_GENOME140786_01187,1280027,0.11241357267283024,0.11569493652643574,0.11112739147816507,0.01461678338500139,0.549347346387278,0.15765711530695703,0.9992719868476578,-0.003281363853605501,-0.2841881335773382,-0.04652972382879196,-0.7894351257677272,0.7039707130620783,0.7032904205123809,False
GUT_GENOME140786_1,GUT_GENOME140786_01187,1280114,0.10995260422440026,0.12546667788829463,0.11972204120082891,0.013733758546269832,0.7261426260687852,0.1596737244428481,0.998187141546125,-0.015514073663894373,-0.5215221438592719,-0.0399516832420192,-0.7034640724338135,0.7668470477407366,0.6815241963886176,False
GUT_GENOME140786_1,GUT_GENOME140786_01187,1280188,0.07641172092894741,0.10311759788711485,0.09793280959708485,0.010730178024130226,0.9380698082909459,0.14006920478226825,0.9999569771172079,-0.026705876958167438,-0.7386609135439961,-0.0421363951851834,-0.7320169499217822,1.08146876017044,0.5823204507664665,False
GUT_GENOME140786_1,GUT_GENOME140786_01187,1280200,0.034276930266033685,0.04882670366385308,0.048100267683339706,0.0031396871396062015,0.9562065846703963,0.07256245204948474,0.9999999999999967,-0.014549773397819397,-0.5028131862519382,-0.02446218436614503,-0.5010255930101569,0.5038477451200056,0.777303909973381,False
GUT_GENOME140786_1,GUT_GENOME140786_01187,1280209,0.03169924451401458,0.047817362750289395,0.047111186560520296,0.0028553124449478768,0.9739595327398742,0.07187256253825577,1.0,-0.016118118236274813,-0.5332415684982431,-0.024761375977735478,-0.5049358482993724,0.5393067812722734,0.7636441346785323,False
GUT_GENOME140786_1,GUT_GENOME140786_01187,1280231,0.04151996032934361,0.04763751129055729,0.04735678644574326,0.002928558130184406,0.6901030076066612,0.07154135007229188,0.9999999999999999,-0.0061175509612136775,-0.3392146706731831,-0.024184563626548625,-0.49739725610715335,0.3624706231828412,0.8342390294837728,False
GUT_GENOME140786_1,GUT_GENOME140786_01189,1282591,0.05717713232516955,0.045179768563047694,0.04581953459107713,0.0032337553112178944,0.242103671444928,0.0709949004128473,0.9999999999999966,0.011997363762121856,0.012243462796831769,-0.02517536582177017,-0.5103464477767871,0.26060339913964226,0.87783054986605,False
GUT_GENOME140786_1,GUT_GENOME140786_01189,1282681,0.07602534018495212,0.05303178710873435,0.055021393180493296,0.004612200682879286,0.11695679476917398,0.07104047722957542,0.9997428516600262,0.022993553076217768,0.22558701040054127,-0.016019084049082123,-0.39067932529004346,0.2035198344705375,0.9032463795275499,False
GUT_GENOME140786_1,GUT_GENOME140786_01189,1282735,0.08673129840472249,0.059857265025626924,0.0625368879733569,0.00488873223492415,0.09610111911025515,0.07119513116298809,0.9617247239736109,0.026874033379095566,0.3008744950531582,-0.008658243189631196,-0.2944775409193615,0.17724248387940716,0.9151921443384619,False
GUT_GENOME140786_1,GUT_GENOME140786_01190,1283460,0.09402812276614961,0.057530012782190366,0.060471339550189074,0.004687242200851664,0.04095871520344121,0.0716210457785985,0.9913139158440012,0.03649810998395924,0.4875968755654197,-0.011149706228409426,-0.3270394716281781,0.3447055290639973,0.8416822051624939,False
GUT_GENOME140786_1,GUT_GENOME140786_01190,1283481,0.0991367807800382,0.0647911873509136,0.06589934340718458,0.004509431872039298,0.05190267951564297,0.0836918404086675,0.9999602028419047,0.03434559342912459,0.4458346336680869,-0.01779249700148293,-0.41385677114230485,0.37004594759829135,0.8310851904485642,False
GUT_GENOME140786_1,GUT_GENOME140786_01190,1283521,0.12598945441273082,0.06852314285694255,0.07096835742967042,0.004909167846287765,0.05428157948411925,0.0865184341746936,0.9992313763270264,0.05746631155578827,0.8944133082789992,-0.015550076745023178,-0.3845496805395497,0.9478536228296539,0.6225528146600544,False
GUT_GENOME140786_1,GUT_GENOME140786_01190,1283758,0.12536823089428373,0.08308702322365094,0.08657804055811723,0.0075588237837138856,0.12149063311886721,0.10193846818692538,0.9789291827763903,0.04228120767063279,0.5997981610627656,-0.015360427628808154,-0.38207108010074475,0.505736144263625,0.7765703263335972,False
GUT_GENOME140786_1,GUT_GENOME140786_01190,1284030,0.13521011400683247,0.08679204388026605,0.09479167266284144,0.01103222877355783,0.10347113300284305,0.1079856384236926,0.8841414647254705,0.04841807012656642,0.7188630452792064,-0.013193965760851162,-0.35375672017257076,0.6419078949353489,0.7254566593371208,False
GUT_GENOME140786_1,GUT_GENOME140786_01190,1284037,0.1486519919165435,0.08662135395211763,0.09602242777501448,0.009479250507991954,0.056881989882510864,0.11376159323460718,0.9693529500010664,0.06203063796442586,0.982968494137047,-0.0177391654595927,-0.4131597598101698,1.136928047592451,0.5663947397579724,False
GUT_GENOME140786_1,GUT_GENOME140786_01190,1284046,0.14539622766048604,0.09862814220867279,0.1079639213313492,0.015796740116395494,0.10968872256780382,0.11384919199360259,0.6452629015656741,0.046768085451813254,0.6868507204684332,-0.005885270662253389,-0.2582364496855913,0.5384499761542247,0.7639713518653481,False
GUT_GENOME140786_1,GUT_GENOME140786_01190,1284085,0.14356626428354477,0.09381864199704283,0.10040496057290577,0.010801493378754898,0.08514520769565176,0.10747699267864623,0.7436783128341109,0.04974762228650194,0.7446584700779783,-0.007072032105740464,-0.27374671144314533,0.6294534990848119,0.7299883166605193,False
GUT_GENOME140786_1,GUT_GENOME140786_01190,1284177,0.10217455197040592,0.09337282405075571,0.09391960736052568,0.00979227668193606,0.3832099351777855,0.10292819044631306,0.8212053095666881,0.008801727919650212,-0.04975695098365098,-0.009008583085787378,-0.2990562736742194,0.09191040899509906,0.9550847447334978,False
GUT_GENOME140786_1,GUT_GENOME140786_01190,1284183,0.12178735365040914,0.06078519915570465,0.0649301069048251,0.004972736296737374,0.02406422140410766,0.0986945028601018,0.9999999999943895,0.061002154494704496,0.9630142803803908,-0.033764395955276694,-0.6225999308548765,1.315027178117059,0.5181380382791883,False
GUT_GENOME140786_1,GUT_GENOME140786_01190,1284258,0.0857893989357127,0.04964039559470445,0.05112966002083663,0.0030229898358979635,0.05566874505481881,0.0974405079437011,1.0,0.036149003341008255,0.48082365189931653,-0.04631084792286447,-0.7865745486804046,0.8498909048575772,0.6538054476564008,False
GUT_GENOME140786_1,GUT_GENOME140786_01191,1284952,0.07443605404340045,0.04831681274594665,0.04903913180099907,0.002301004576602525,0.09087770663720185,0.0967358499608716,1.0,0.0261192412974538,0.28623032916978075,-0.04769671815987253,-0.8046870431972797,0.7294490388262217,0.6943879149223351,False
GUT_GENOME140786_1,GUT_GENOME140786_01191,1284969,0.07253280053988266,0.06065949939639591,0.06070540673897102,0.0017080439047242719,0.2606422761294557,0.09384198450881244,1.0,0.011873301143486753,0.009836450837635154,-0.03313657776984142,-0.6143947229374018,0.377577631338408,0.8279613406946428,False
GUT_GENOME140786_1,GUT_GENOME140786_01191,1285223,0.05229110404294729,0.05324355040264283,0.05323734066703428,0.0012074936170156255,0.5303055641909143,0.08263392302679076,1.0,-0.0009524463596955399,-0.2390034331293228,-0.02939658235975648,-0.5655152214159996,0.37693010670078975,0.8282294467771719,False
GUT_GENOME140786_1,GUT_GENOME140786_01191,1285227,0.050415887193185745,0.05105793606525192,0.051057705413393106,0.0011303040444066584,0.5160244593510498,0.07710932254210613,1.0,-0.0006420488720661754,-0.23298122859222567,-0.026051617128713025,-0.5217985278984232,0.32655395659330444,0.8493559026803976,False
GUT_GENOME140786_1,GUT_GENOME140786_01192,1285765,0.059691543412721565,0.04866225962807241,0.04882550381649548,0.0012061962974438617,0.29699993106502276,0.07103904787650438,1.0,0.011029283784649152,-0.006538827218254844,-0.022213544060008895,-0.47163721008099935,0.2224844141943789,0.894722014660839,False
GUT_GENOME140786_1,GUT_GENOME140786_01192,1285952,0.056284635185616126,0.049075969963232983,0.04893085105535491,0.0013131335284644826,0.3748649082924411,0.06969655424621049,1.0,0.007208665222383143,-0.08066489897199774,-0.020765703190855578,-0.45271479649308527,0.21145751288993822,0.8996686443046569,False
GUT_GENOME140786_1,GUT_GENOME140786_01193,1286637,0.0614142813048306,0.04793350221405532,0.04792272282261762,0.0015873904320880684,0.2932499736853872,0.06889652171494054,1.0,0.013480779090775281,0.04102407758480704,-0.02097379889232292,-0.45543448276035764,0.20910354302887876,0.9007281641386005,False
GUT_GENOME140786_1,GUT_GENOME140786_01195,1288576,0.05781475680636135,0.04808001688292825,0.04803819136760637,0.001596351995318506,0.34537949257926326,0.06876176781329964,1.0,0.0097347399234331,-0.031655035387424944,-0.020723576445693268,-0.45216422514781024,0.20545452776889875,0.9023730496434001,False
GUT_GENOME140786_1,GUT_GENOME140786_01195,1288749,0.056399612480109815,0.04823582466086326,0.048247453322767794,0.0015507224816660042,0.3705619596321287,0.069396791145081,1.0,0.008163787819246558,-0.062134002732325076,-0.021149337822313208,-0.4577286715105335,0.21337617101833845,0.8988059798817127,False
GUT_GENOME140786_1,GUT_GENOME140786_01195,1288750,0.05168296013826203,0.04933295423688188,0.04944111067462618,0.0011282629382472797,0.4550481100718144,0.07035593451457309,1.0,0.0023500059013801464,-0.17493061107754038,-0.02091482383994691,-0.45466371412396717,0.23731981163296223,0.8881097903806175,False
GUT_GENOME140786_1,GUT_GENOME140786_01195,1288981,0.06334096927049947,0.05271561220544987,0.05279651137400304,0.0011493181251879018,0.33510850445792495,0.07011240577130821,1.0,0.0106253570650496,-0.014375647490240359,-0.017315894397305173,-0.4076278603652507,0.166367131786716,0.9201822176449108,False
GUT_GENOME140786_1,GUT_GENOME140786_01195,1289019,0.04964268161336996,0.054221297725778744,0.05419589273695144,0.0012615797951659627,0.6000247663905063,0.06962913616140404,1.0,-0.004578616112408784,-0.3093568889638284,-0.015433243424452597,-0.3830227389675945,0.24240810331561646,0.8858531813392247,False
GUT_GENOME140786_1,GUT_GENOME140786_01196,1289358,0.04859206979222638,0.05358046773669659,0.053571164303239605,0.0010483986827185988,0.6179344062440429,0.06820974762448996,1.0,-0.004988397944470209,-0.31730730772239446,-0.014638583321250356,-0.372637007044306,0.2395422665529725,0.8871234465217347,False
GUT_GENOME140786_1,GUT_GENOME140786_01196,1289469,0.04716744268669636,0.050031641631167384,0.050007141407101295,0.0015709535926834415,0.5738568672081754,0.06665784951836541,1.0,-0.0028641989444710206,-0.27609447139052573,-0.016650708111264116,-0.39893427373867746,0.23537671189581988,0.8889730526139898,False
GUT_GENOME140786_1,GUT_GENOME140786_01196,1289482,0.04900935577255882,0.048481182828746514,0.048458440516957225,0.001380545275862648,0.48651359626662277,0.06531794502823021,1.0,0.0005281729438123065,-0.21027706567255547,-0.016859504511272987,-0.4016631177165007,0.2055497044815997,0.9023301082149168,False
GUT_GENOME140786_1,GUT_GENOME140786_01198,1292042,0.05582958614978851,0.04585107800797027,0.04594756618470489,0.0012103504704632966,0.32941748320116016,0.06382123319404669,1.0,0.009978508141818242,-0.02692554455948372,-0.017873667009341794,-0.41491761456257503,0.17288161182412232,0.9171898393938579,False
GUT_GENOME140786_1,GUT_GENOME140786_01199,1292806,0.05795491873872662,0.04546412640016839,0.04557677398794461,0.0012128725470854586,0.29401107820856753,0.06404559426452854,1.0,0.01249079233855823,0.021816761325899468,-0.018468820276583926,-0.4226959115501022,0.1791478047159231,0.9143206921723506,False
GUT_GENOME140786_1,GUT_GENOME140786_01199,1292984,0.0629989049336195,0.045176690290233794,0.045323226752658284,0.0012112473021974794,0.2142255874795851,0.06340018227156415,1.0,0.017822214643385702,0.12525482662251858,-0.01807695551890586,-0.4175744737089061,0.1900572126855071,0.909346921006454,False
GUT_GENOME140786_1,GUT_GENOME140786_01199,1294929,0.0662990108761939,0.05210399772108919,0.05218282390963609,0.0013385180571442049,0.2539345809698944,0.06603575444118985,1.0,0.014195013155104713,0.05488135347838648,-0.013852930531553759,-0.3623689953174155,0.1343232517269727,0.9350440618191888,False
GUT_GENOME140786_1,GUT_GENOME140786_01201,1295919,0.06096253631045085,0.050728654204261446,0.05077989311731102,0.0012714926021284063,0.29498375769473295,0.0663898843083251,1.0,0.010233882106189404,-0.021970883815808938,-0.015609991191014076,-0.3853327264882343,0.14896402983850418,0.9282241680954765,False
GUT_GENOME140786_1,GUT_GENOME140786_01201,1296168,0.045699467104128956,0.050532876973542945,0.05048872419515294,0.001131292085059198,0.6567602831785978,0.06646857536437335,1.0,-0.004833409869413989,-0.3143002927625504,-0.015979851169220412,-0.3901665750321906,0.2510146303029749,0.8820493120790956,False
GUT_GENOME140786_1,GUT_GENOME140786_01201,1296471,0.04376886552273141,0.05229270245376772,0.05221556642531337,0.0013303214955114751,0.7654870546871557,0.06845196129347589,1.0,-0.00852383693103631,-0.38590044250624117,-0.016236394868162515,-0.39351944762902136,0.3037767071887628,0.859084189048946,False
GUT_GENOME140786_1,GUT_GENOME140786_01201,1296489,0.04116063951134698,0.05268601413511342,0.052583264318008124,0.0013445273358324641,0.8421946291646463,0.06680942292132191,1.0,-0.01152537462376644,-0.444135043725086,-0.01422615860331379,-0.36724686282822355,0.3321261953218561,0.8469927892394677,False
GUT_GENOME140786_1,GUT_GENOME140786_01201,1296490,0.04292217765019111,0.0517865282514765,0.051712856476004855,0.001264241003352894,0.7753641419848701,0.0651278625408281,1.0,-0.00886435060128539,-0.39250694884615783,-0.013415006064823244,-0.3566455846468855,0.2812577779406391,0.8688116774734462,False
GUT_GENOME140786_1,GUT_GENOME140786_01201,1296851,0.036246905568872265,0.05519037842410386,0.05500702054851124,0.001700655592108055,0.9657424592096885,0.05602137445799269,0.7245622606986896,-0.018943472855231597,-0.5880579380994904,-0.001014353909481451,-0.19457648310228137,0.3836721463382764,0.825442169520554,False
GUT_GENOME140786_1,GUT_GENOME140786_01201,1296966,0.02478630274373266,0.056099760781131096,0.05577281099071643,0.0015746913165169904,0.9999930172234749,0.0548143218410182,0.2713670118240592,-0.031313458037398434,-0.8280553087509587,0.0009584891496982328,-0.16879260511873292,0.714166537893414,0.6997142308417352,False
GUT_GENOME140786_1,GUT_GENOME140786_01202,1298120,0.028106891973232136,0.0617528440273032,0.060831909658123975,0.0023799618921348615,0.9988475485058946,0.051589850539890236,5.152832606055597e-05,-0.03364595205407107,-0.8733093994243039,0.00924205911823374,-0.06053130357064422,0.7663333458347998,0.6816992690107535,False
GUT_GENOME140786_1,GUT_GENOME140786_01210,1305812,0.029168429182551105,0.0695631852707143,0.0659811644073732,0.004348925635753058,0.9999984852125887,0.04819344548782238,2.1555554005026854e-05,-0.04039475608816319,-1.0042469227415638,0.01778771891955082,0.05115535522404604,1.011128752203999,0.6031650673991811,False
GUT_GENOME140786_1,GUT_GENOME140786_01210,1307605,0.03725234231021858,0.06804585126542707,0.06530368966676901,0.004256190810442415,0.9993353834693832,0.04897603535728186,6.247303923934013e-05,-0.030793508955208493,-0.8179674702644479,0.016327654309487155,0.03207318465867318,0.6700994715849699,0.7153025093306735,False
GUT_GENOME140786_1,GUT_GENOME140786_01417,1523432,0.04644567253741143,0.05380766489118691,0.053667595677327186,0.0017730177151744758,0.767824597606438,0.04894849699989072,0.0038882855749557787,-0.007361992353775479,-0.36335881132868286,0.004719098677436466,-0.11964368941770909,0.14634423818767456,0.9294408417422125,False
GUT_GENOME140786_1,GUT_GENOME140786_01499,1599671,0.04907951172996427,0.05294786789385593,0.052933670547767236,0.0017140267456795702,0.6482844709985809,0.047809082893316306,0.0013958261783831687,-0.0038683561638916605,-0.2955767172325881,0.005124587654450931,-0.11434419118424996,0.10044018982757366,0.9510200867804658,False
GUT_GENOME140786_1,GUT_GENOME140786_01499,1600061,0.05093158186480074,0.05072609924583865,0.050741429884429916,0.0014160495446214662,0.49200340232792716,0.04968799989899015,0.2284619230251428,0.0002054826189620898,-0.21653777078725264,0.001053429985439766,-0.16755178522024913,0.07496220690800526,0.9632126189404102,False
GUT_GENOME140786_1,GUT_GENOME140786_01499,1600067,0.06372405790409255,0.049778222748758365,0.05014946580794277,0.001837207942578484,0.1246518552857237,0.04780557810768182,0.10101524941938855,0.013945835155334187,0.05004690429445923,0.0023438877002609493,-0.15068627526138137,0.025211046181607556,0.9874735937301707,False
GUT_GENOME140786_1,GUT_GENOME140786_01499,1600069,0.06598044815100526,0.05414638719708447,0.05430066387003973,0.002102599072223431,0.1720629956390417,0.05271804317968312,0.22581590986599592,0.01183406095392079,0.009075128800380567,0.001582620690356605,-0.16063557944193588,0.02588614734538999,0.9871403276942414,False
GUT_GENOME140786_1,GUT_GENOME140786_01499,1600074,0.07186273665094475,0.06579070980806419,0.06479853727688605,0.003964228387912938,0.3485524170926424,0.056862923285922344,0.022652829804141763,0.006072026842880565,-0.1027174898558924,0.007935613990963701,-0.07760575944131977,0.01657353662075935,0.9917474723075012,False
GUT_GENOME140786_1,GUT_GENOME140786_01499,1600875,0.07560350649516284,0.061827232541630577,0.06234029603008796,0.003930933356519917,0.19778885229954163,0.05705681026878289,0.08946138868793518,0.013776273953532266,0.0467571475164454,0.005283485761305072,-0.11226748803248097,0.014790219712997895,0.9926321666892963,False
GUT_GENOME140786_1,GUT_GENOME140786_01499,1601111,0.059010665608836346,0.04666336022670804,0.045587668678489596,0.004010577905606364,0.16631860200527498,0.058090617972436843,0.9990880191856535,0.012347305382128304,0.019032886344738664,-0.012502949293947248,-0.3447255485421818,0.11919795458031988,0.9421422782865776,False
GUT_GENOME140786_1,GUT_GENOME140786_01506,1608010,0.06305463189289458,0.04525996618247204,0.045383812459175006,0.003763892676496351,0.07568205436821511,0.05825574949683742,0.9996867181625182,0.017794665710422534,0.12472033354285463,-0.012871937037662415,-0.3495479975033945,0.13773896415767398,0.9334485038861738,False
GUT_GENOME140786_1,GUT_GENOME140786_01506,1608023,0.054947185895254554,0.05221437355873401,0.05196900739293888,0.003636111014623281,0.4048627454851522,0.058055961717814714,0.9529375240054088,0.0027328123365205417,-0.1675035578879695,-0.006086954324875833,-0.26087233444293967,0.09611181678283731,0.9530805003902628,False
GUT_GENOME140786_1,GUT_GENOME140786_01506,1608026,0.047431310661576964,0.05605428940253881,0.055337418666391594,0.0037878911731486923,0.7986962662459326,0.05854924009709528,0.8017582040835314,-0.008622978740961844,-0.38782395117285284,-0.0032118214307036846,-0.22329606836091,0.20026855124876353,0.9047159285834074,False
GUT_GENOME140786_1,GUT_GENOME140786_01506,1608069,0.05279896257043462,0.06067166783880686,0.059490924036308256,0.004313283539874219,0.7325018289379096,0.05870362113007792,0.42758347376015066,-0.007872705268372242,-0.3732674534859648,0.0007873029062303374,-0.17102990686126157,0.16857982087286869,0.9191647420128723,False
GUT_GENOME140786_1,GUT_GENOME140786_01506,1608182,0.06389300769596293,0.07346576151105187,0.06913064261058519,0.006707675733612282,0.7467775392684347,0.07794959313551843,0.9057038801527502,-0.009572753815088944,-0.40625109697327155,-0.008818950524933242,-0.29657788960407244,0.25299839839399185,0.881174855190704,False
GUT_GENOME140786_1,GUT_GENOME140786_01507,1608941,0.06856703903035967,0.07543792773364509,0.07354917280975354,0.007615534484466763,0.6679829024938018,0.08001876062747176,0.8022054197120028,-0.0068708887032854216,-0.3538306200576966,-0.006469587817718225,-0.26587312517789524,0.19588462638227483,0.9067012069445248,False
GUT_GENOME140786_1,GUT_GENOME140786_01508,1609251,0.06273741465868145,0.08234227072797877,0.07651898509652587,0.00914277638386032,0.9308611878805364,0.08521320600877962,0.8291822810007228,-0.01960485606929732,-0.6008898235085064,-0.008694220912253747,-0.29494774822039815,0.4480627541763673,0.7992900545813748,False
GUT_GENOME140786_1,GUT_GENOME140786_01508,1609600,0.06458362101069647,0.08466671327954686,0.08106418234307153,0.0063231969808699995,0.8971383660285488,0.08543254190284737,0.7551690474918639,-0.020083092268850397,-0.6101683657826358,-0.004368359559775839,-0.23841132948853214,0.42914539663034185,0.80688615033597,False
GUT_GENOME140786_1,GUT_GENOME140786_01508,1609862,0.07661176150550257,0.08228863286201574,0.08099366003450519,0.005556487849196335,0.6027491918676017,0.086062055663632,0.8191572623012762,-0.005676871356513166,-0.33066478602333543,-0.0050683956291268095,-0.24756038192442809,0.1706253434144269,0.91822513649125,False
GUT_GENOME140786_1,GUT_GENOME140786_01509,1610044,0.09368375578191063,0.08538144148070662,0.08558172941905676,0.005608259994616274,0.3702589488495073,0.09249274269423144,0.8910799647904352,0.008302314301204011,-0.05944636883901081,-0.006911013275174682,-0.2716422917017757,0.07732340540913629,0.9620761218501659,False
GUT_GENOME140786_1,GUT_GENOME140786_01509,1610074,0.1081315518495384,0.08656416471788937,0.08749229448658095,0.005883898658644903,0.2307842235337627,0.09411876971004521,0.8699605900643081,0.021567387131649032,0.19791712464331288,-0.006626475223464254,-0.26792354966964016,0.11095421669465678,0.9460336796969738,False
GUT_GENOME140786_1,GUT_GENOME140786_01509,1610078,0.11384807867459637,0.08367564971706083,0.08549540058940017,0.005988072359494649,0.1384071937902263,0.09833938446438552,0.9840206966375498,0.030172428957535538,0.364868611015014,-0.012843983874985351,-0.34918266639792916,0.2550576378167931,0.8802680471044594,False
GUT_GENOME140786_1,GUT_GENOME140786_01509,1610084,0.12104126168483455,0.08761319254163187,0.09002315435089955,0.0066768803516319706,0.12206441313460431,0.10194431421743856,0.9629048983588249,0.03342806914320268,0.4280332044111157,-0.011921159866539008,-0.337121908942664,0.2968636055675938,0.8620587951759212,False
GUT_GENOME140786_1,GUT_GENOME140786_01509,1610710,0.11464810001762318,0.08047284524492893,0.08298684528888106,0.005550818251197003,0.08894865705067206,0.09982902578385304,0.9987940467301941,0.03417525477269426,0.4425297930347675,-0.01684218049497198,-0.4014367031923389,0.3569840443933282,0.8365307305284245,False
GUT_GENOME140786_1,GUT_GENOME140786_01510,1610907,0.11702847987049073,0.07767537769354255,0.07971415187649163,0.00500548044541492,0.06385524121871411,0.09949381338229696,0.9999611849511841,0.03935310217694818,0.5429882612022932,-0.019779661505805332,-0.43982782184209634,0.48828476466985254,0.7833760874054497,False
GUT_GENOME140786_1,GUT_GENOME140786_01510,1610964,0.14068183054910968,0.07826468597071985,0.0813812487630711,0.0051740341290939145,0.018482128223990816,0.10170643233657027,0.9999572266431833,0.06241714457838983,0.9904673366760407,-0.020325183573499175,-0.4469574687571427,1.1807965238999216,0.5541065612249774,False
GUT_GENOME140786_1,GUT_GENOME140786_01510,1611046,0.12835919593029144,0.08312725157877611,0.08541575132362543,0.005947493375104217,0.06319430263384358,0.10227817816199374,0.9977102625702406,0.04523194435151533,0.6570471419198793,-0.016862426838368305,-0.40170131078254473,0.5930748897894966,0.7433877906653596,False
GUT_GENOME140786_1,GUT_GENOME140786_01510,1611047,0.13187577192618063,0.08174777484672902,0.08440196133380838,0.005771368442603453,0.05404032124089093,0.1016260111355266,0.9985793068550405,0.05012799707945162,0.7520383455447351,-0.017224049801718225,-0.40642750647240383,0.7307449911870383,0.6939381138394343,False
GUT_GENOME140786_1,GUT_GENOME140786_01510,1611066,0.1093714100790527,0.07597928557586801,0.07708492518832921,0.0039141779966307255,0.09276087454957144,0.10034426332716573,0.9999999985950068,0.033392124503184684,0.427335821272309,-0.023259338138836516,-0.48530511275523486,0.4181369566088501,0.8113396745758416,False
GUT_GENOME140786_1,GUT_GENOME140786_01510,1611723,0.09749208602919839,0.07479688543545118,0.07571169103795736,0.004361452462318531,0.17155146320532277,0.09341822402241891,0.9999754404045966,0.022695200593747203,0.21979849810519095,-0.01770653298446155,-0.41273327289162465,0.2186601343211299,0.8964344850770133,False
GUT_GENOME140786_1,GUT_GENOME140786_01510,1611893,0.09103488346017063,0.07020788408544949,0.07090714065400414,0.003821301060248201,0.12642833861474,0.08886502104748145,0.9999986954625277,0.020826999374721142,0.18355242555043116,-0.017957880393477316,-0.41601823308923824,0.20676266318813832,0.9017830295471783,False
GUT_GENOME140786_1,GUT_GENOME140786_01510,1611909,0.07778915315159504,0.06345933195012404,0.063923123805387,0.0032574742915772626,0.18438292329352707,0.07889740321463815,0.9999978558703526,0.014329821201471,0.05749684381197332,-0.01497427940925114,-0.3770243539912881,0.14545325055088656,0.9298549941360876,False
GUT_GENOME140786_1,GUT_GENOME140786_01511,1612356,0.060337155460578246,0.05845531170001554,0.05863082480351242,0.003006847308763496,0.43938138284552897,0.06875734222507089,0.9996211733698749,0.0018818437605627042,-0.18401370060271852,-0.01012651742155847,-0.313667006328811,0.13224803286878528,0.9360147758782889,False
GUT_GENOME140786_1,GUT_GENOME140786_01511,1612441,0.05350938331437157,0.05236897681949486,0.052525024747011075,0.0021365576510609034,0.4577173208805039,0.05798775131204964,0.9947178323950343,0.0011404064948767126,-0.1983987618333644,-0.005462726565038566,-0.2527140512390642,0.10322646039067243,0.9496961095979064,False
GUT_GENOME140786_1,GUT_GENOME140786_01512,1613330,0.05422540293424509,0.052695096529606314,0.052782504363151864,0.0019083709251279737,0.4440958893360214,0.057168215686012464,0.9892232046109942,0.001530306404638776,-0.19083408396333412,-0.0043857113228606,-0.23863810664655044,0.09336579354597524,0.9543899897569396,False
GUT_GENOME140786_1,GUT_GENOME140786_01512,1614149,0.05140036622994956,0.049425141928425516,0.049461161746790036,0.0018536715863253026,0.4348948913239365,0.05746860438515827,0.9999921905523899,0.0019752243015240464,-0.18220196970969832,-0.008007442638368237,-0.28597196723608664,0.11497752381097123,0.9441325005770785,False
GUT_GENOME140786_1,GUT_GENOME140786_01518,1620521,0.046651762670697115,0.04832268950662344,0.04823308872754581,0.0016095509804468573,0.5619280175194556,0.05743322774327934,0.9999999945458793,-0.0016709268359263243,-0.252943096162096,-0.009200139015733529,-0.30155979502721053,0.15491851987292057,0.9254647271204126,False
GUT_GENOME140786_1,GUT_GENOME140786_01518,1620583,0.04576783997507052,0.04858939755960124,0.048518455449304686,0.0015961004889470973,0.6021360324110594,0.057690978215199785,0.9999999954534738,-0.002821557584530718,-0.2752671612429413,-0.0091725227658951,-0.3011988671708947,0.16649276764377774,0.9201244155196512,False
GUT_GENOME140786_1,GUT_GENOME140786_01518,1620590,0.048375208296024264,0.05387800717179293,0.0538173546427677,0.0015686667193734,0.6645562458175763,0.05829978135282158,0.9978648719705602,-0.005502798875768669,-0.32728750326460704,-0.0044824267100538814,-0.23990211887039156,0.16467013643168366,0.9209633214549957,False
GUT_GENOME140786_1,GUT_GENOME140786_01518,1620935,0.060481973214118585,0.05446779662449556,0.05452820389086043,0.0015183043569253001,0.37283996608093894,0.05849953961477071,0.9955469637055566,0.006014176589623027,-0.10383987670348106,-0.003971335723910278,-0.23322246558327325,0.06517543844653523,0.9679375393780952,False
GUT_GENOME140786_1,GUT_GENOME140786_01518,1621031,0.07492466260374414,0.07079220102232218,0.07083429396902864,0.001989798536293619,0.42564641888828453,0.0738758347918273,0.9368141166060404,0.004132461581421956,-0.14034813824406245,-0.003041540822798658,-0.2210706027331407,0.06856981130136858,0.9662961621792187,False
GUT_GENOME140786_1,GUT_GENOME140786_01518,1621088,0.0767345615937494,0.0718318170435685,0.07189243553738113,0.002131174858900478,0.4172117656352142,0.07506407606921824,0.9316525361568524,0.004902744550180901,-0.12540342453282327,-0.0031716405318371055,-0.22277092806207854,0.06535290527419928,0.9678516547863228,False
GUT_GENOME140786_1,GUT_GENOME140786_01518,1621573,0.08087250464336385,0.07825386226477647,0.07837891579289705,0.0026515320576195175,0.45477542923611725,0.07820495251911873,0.4738447258900836,0.002618642378587374,-0.16971863650834254,0.00017396327377831866,-0.17904588875705055,0.06086184585905302,0.970027436406538,False
GUT_GENOME140786_1,GUT_GENOME140786_01518,1621579,0.08445163371381181,0.07636208624264483,0.07676419226154496,0.002799778374188208,0.3634897759052622,0.07547747267697127,0.3229091870291769,0.008089547471166983,-0.06357438346625145,0.0012867195845736867,-0.16450282978970363,0.031102883241934186,0.9845688576310174,False
GUT_GENOME140786_1,GUT_GENOME140786_01519,1622521,0.08248444436027269,0.07105101037803983,0.07214454155659182,0.0028152511106207005,0.31209769311748203,0.07238471433167566,0.5339930519804956,0.011433433982232857,0.001302328881769696,-0.00024017277508384116,-0.18445839904405267,0.03402659703841126,0.983130610366672,False
GUT_GENOME140786_1,GUT_GENOME140786_01519,1622759,0.08343799171036824,0.07292029327408037,0.07406037316915229,0.0031849342642588556,0.3276598870028925,0.07352228622049967,0.4329189353134233,0.010517698436287873,-0.016464395977021568,0.0005380869486526219,-0.1742870102643112,0.030647038281760283,0.9847932885823231,False
GUT_GENOME140786_1,GUT_GENOME140786_01520,1624061,0.07581713044270297,0.07685872621611975,0.07747042161957436,0.0037809431934419744,0.5184357968248028,0.07344715860066853,0.14364401460970277,-0.0010415957734167813,-0.2407330734298676,0.004023263018905834,-0.12873784499824267,0.07452584537778159,0.9634227963340745,False
GUT_GENOME140786_1,GUT_GENOME140786_01520,1624111,0.06950454061091588,0.07451858346656842,0.07462050703843674,0.0035764375965370594,0.5965841222828582,0.0767344776950899,0.7227675194998109,-0.005014042855652545,-0.3178048597536794,-0.002113970656653155,-0.20894781583745123,0.14465911862629727,0.9302242812149416,False
GUT_GENOME140786_1,GUT_GENOME140786_01520,1624388,0.06899593932368514,0.07300362838868105,0.072904585574977,0.0033914851118443346,0.5760096212385767,0.07911277510597983,0.9664140712311815,-0.004007689064995906,-0.29827999693889434,-0.006208189531002828,-0.2624568060244696,0.15785453160243287,0.924107136192902,False
GUT_GENOME140786_1,GUT_GENOME140786_01520,1624426,0.06771385166122122,0.07106351635016178,0.07094653830084256,0.0030666538909525686,0.56090064702188,0.07615450441917132,0.9552703568772378,-0.0033496646889405596,-0.28551327832507356,-0.005207966118328758,-0.2493844846815848,0.14371045329983054,0.930665621638469,False
GUT_GENOME140786_1,GUT_GENOME140786_01520,1624427,0.06590912332481451,0.06591314562154753,0.06583459873585307,0.003324444500495729,0.5000735312080586,0.07566232552569774,0.9984427307226693,-4.022296733019459e-06,-0.22060249909249513,-0.00982772678984467,-0.3097619916065861,0.14461795404993302,0.9302434275562086,False
GUT_GENOME140786_1,GUT_GENOME140786_01520,1624587,0.05899803654076222,0.05788066415856975,0.05777377861529002,0.003172753931528461,0.4785848518897287,0.06915040215670228,0.9998319285716484,0.0011173723821924705,-0.1988456602247608,-0.011376623541412258,-0.3300051450929759,0.14844299237805708,0.9284660193791383,False
GUT_GENOME140786_1,GUT_GENOME140786_01520,1624594,0.053061949973689224,0.046117568611825276,0.046364759272702415,0.0033290067932857,0.35226833455520684,0.06711987492298753,0.9999999997735721,0.006944381361863948,-0.08579242586036186,-0.020755115650285115,-0.4525764236747586,0.21218575960124028,0.899341113573332,False
GUT_GENOME140786_1,GUT_GENOME140786_01520,1624974,0.058165378505065105,0.04404493196859175,0.04512654588514229,0.0029485195320396646,0.20613248038576532,0.06591178081019293,0.9999999999991014,0.014120446536473354,0.053434642577253263,-0.02078523492505064,-0.45297006456874345,0.2080371404227704,0.90120856163232,False
GUT_GENOME140786_1,GUT_GENOME140786_01522,1627341,0.05446705848867445,0.04261406471337443,0.04423046898709632,0.00312079720021223,0.2321309535617036,0.06331378246490516,0.9999999995168645,0.011852993775300018,0.009442455622774758,-0.019083313477808832,-0.43072696989931075,0.18561488256682981,0.9113689754412104,False
GUT_GENOME140786_1,GUT_GENOME140786_01523,1627922,0.06266913887403641,0.04627854915022236,0.04703308499715307,0.0026199450150757027,0.17301300300761813,0.06327820154339493,0.9999999997186804,0.016390589723814054,0.0974790280749467,-0.01624511654624186,-0.3936334347413582,0.16444944186071536,0.9210649528648207,False
GUT_GENOME140786_1,GUT_GENOME140786_01523,1629219,0.0661925439694259,0.04501604339826911,0.04558234471383643,0.00241120408503258,0.14503344860243367,0.061195141420237464,0.9999999999526266,0.021176500571156782,0.19033330418115263,-0.015612796706401033,-0.385369392895165,0.1847363356609032,0.9117694035802628,False
GUT_GENOME140786_1,GUT_GENOME140786_01524,1629465,0.07326225608815007,0.04409019780739054,0.0445870882002825,0.0029075067881101056,0.09336598863485845,0.06053233587035869,0.9999999792286836,0.029172058280759527,0.3454598301177505,-0.015945247670076185,-0.3897143280095057,0.27121975168088563,0.8731832159177371,False
GUT_GENOME140786_1,GUT_GENOME140786_01524,1629918,0.1178545797921084,0.053074430921952846,0.054183056010591216,0.00248035785073228,0.022420036277948363,0.054745156589409524,0.589640675577597,0.06478014887015554,1.036313375172472,-0.0005621005788183087,-0.18866580275636452,1.109540196691064,0.5742042565314608,False
GUT_GENOME140786_1,GUT_GENOME140786_01524,1630423,0.10648637864971795,0.054162648918047264,0.05513897201716415,0.0026091526882594156,0.03845428985365846,0.05426574515569023,0.36893387534266053,0.05232372973167069,0.7946390484094287,0.0008732268614739247,-0.16990693219403907,0.6603195828646321,0.7188088647565947,False
GUT_GENOME140786_1,GUT_GENOME140786_01524,1630875,0.0390978577258836,0.03805721030190146,0.038010209832062346,0.0021849292154475838,0.45871407750443594,0.054387728504124676,0.999999999999967,0.0010406474239821398,-0.20033424634371344,-0.01637751867206233,-0.3953638512795784,0.19644638515672425,0.9064465690280674,False
GUT_GENOME140786_1,GUT_GENOME140786_01535,1641765,0.03600539361374832,0.03910830580492713,0.03899691038963049,0.002288666686259932,0.6339530595942777,0.054489410069343824,0.9999999999935263,-0.0031029121911788082,-0.2807258877346728,-0.015492499679713334,-0.38379718275738084,0.2261073015369225,0.8931027431821503,False
GUT_GENOME140786_1,GUT_GENOME140786_01535,1641768,0.027463135203521692,0.040093077552661574,0.03909536792189027,0.0030014819672936973,0.9555590899768187,0.054867550651143536,0.9999999259066609,-0.012629942349139882,-0.46556541295287385,-0.015772182729253265,-0.3874524728169981,0.36687057242998655,0.832405742121161,False
GUT_GENOME140786_1,GUT_GENOME140786_01535,1641772,0.027697960428529487,0.0397734873524534,0.03873902709548366,0.0031148383677160425,0.9642157422143633,0.055040572882156906,0.9999999168406599,-0.012075526923923916,-0.45480887263847875,-0.016301545786673248,-0.39437093113936983,0.3623795419584176,0.8342770221050035,False
GUT_GENOME140786_1,GUT_GENOME140786_01535,1641874,0.03311553462867706,0.03884681334821172,0.037852901273559246,0.0038091228541543534,0.7085053869133991,0.05570880528337364,0.9999986183220799,-0.00573127871953466,-0.3317203753289769,-0.01785590400981439,-0.4146854627903876,0.28200244045807527,0.8684882519424375,False
GUT_GENOME140786_1,GUT_GENOME140786_01535,1642189,0.07811133968846667,0.06226790053291536,0.06160191551390727,0.007708883135724337,0.2119284912644519,0.08553192703123781,0.9990460688106321,0.015843439155551316,0.08686343753060041,-0.02393001151733054,-0.49407041239599514,0.2516508291847812,0.8817687773074169,False
GUT_GENOME140786_1,GUT_GENOME140786_01535,1642922,0.05698952613545816,0.06413787071232514,0.062117853194467394,0.006687096988873685,0.6781498812168829,0.08879530855127729,0.9999668786504595,-0.007148344576866986,-0.35921370493215377,-0.026677455356809897,-0.5299778589585428,0.4099110167973655,0.8146835621813406,False
GUT_GENOME140786_1,GUT_GENOME140786_01535,1642957,0.0651000679643153,0.06826365613745052,0.061898038168440785,0.00923244606900265,0.5766810979365671,0.09317263563672942,0.9996472927441148,-0.0031635881731352095,-0.28190309820960735,-0.03127459746828864,-0.590059754841678,0.42763987106399676,0.8074937728693223,False
GUT_GENOME140786_1,GUT_GENOME140786_01535,1642971,0.07471452089799181,0.06123166612433852,0.06445150140257469,0.008652723255884539,0.22271676896472564,0.09224542455765827,0.9993412928663683,0.01348285477365329,0.0410643491312715,-0.027793923155083583,-0.5445694248458057,0.2982421392464666,0.8614648113649502,False
GUT_GENOME140786_1,GUT_GENOME140786_01536,1643027,0.0716254467746797,0.06787378233657679,0.06896518691040342,0.008293643010784885,0.4166667015804611,0.09180061292117862,0.9970506949892824,0.003751664438102917,-0.14773620797917517,-0.022835426010775206,-0.4797648349643477,0.2520002840164339,0.8816147215868726,False
GUT_GENOME140786_1,GUT_GENOME140786_01536,1643268,0.08207686797415623,0.06988923422658713,0.07008718921712066,0.00739783768031406,0.28869407935345687,0.08955185193896513,0.9957449093742456,0.012187633747569093,0.01593500288752339,-0.019464662721844467,-0.43571097627101973,0.19009797916007048,0.9093283857612966,False
GUT_GENOME140786_1,GUT_GENOME140786_01536,1643300,0.07491783841660073,0.056440065032506,0.05732541993994961,0.003442572878263978,0.17716268826813963,0.08135371633852498,0.9999999999985215,0.018477773384094724,0.13797370799228537,-0.02402829639857537,-0.4953549369677054,0.26441325767541984,0.8761599364647322,False
GUT_GENOME140786_1,GUT_GENOME140786_01536,1643622,0.07680222544533415,0.04746580889712977,0.049642346573469893,0.003563447536916611,0.07848079724213565,0.0709280418963596,0.9999999988377994,0.029336416548204375,0.3486486417008444,-0.0212856953228897,-0.459510782429416,0.33270603452873787,0.8467472650187563,False
GUT_GENOME140786_1,GUT_GENOME140786_01536,1643727,0.06668598400127267,0.043785656717486694,0.04627543863331303,0.003677275374828349,0.11116218637793684,0.06742126846755302,0.9999999955485551,0.022900327283785972,0.22377828187491733,-0.021145829834239988,-0.4576828242060422,0.2595502870121089,0.8782928985806185,False
GUT_GENOME140786_1,GUT_GENOME140786_01536,1643830,0.05911822736592738,0.0441113454963618,0.047806037209937396,0.004879695286392062,0.19345742197449184,0.06629147736292591,0.9999241398269813,0.015006881869565579,0.07063289674342574,-0.018485440152988517,-0.4229131233872648,0.18384451603553928,0.9121760611637877,False
GUT_GENOME140786_1,GUT_GENOME140786_01538,1645601,0.07336401588604205,0.03428671902387442,0.04308681979798623,0.004571759286336579,0.020833432650533605,0.061095573987086295,0.9999591111948479,0.03907729686216763,0.5376371997916087,-0.018008754189100064,-0.41668312314868483,0.46267858371670423,0.7934702023788305,False
GUT_GENOME140786_1,GUT_GENOME140786_01538,1645897,0.07908391417044744,0.03820399073757845,0.046897077010747766,0.004769781484565856,0.022809415401192416,0.06131595265116958,0.9987484381063055,0.04087992343286899,0.5726110199590324,-0.01441887564042181,-0.36976555915686626,0.4646099489171134,0.7927043318640449,False
GUT_GENOME140786_1,GUT_GENOME140786_01541,1648951,0.07452076785073107,0.045562458425845886,0.0463303485412565,0.004084349558157174,0.07153044815704195,0.06172337524974639,0.9999179772505006,0.028958309424885184,0.34131276262865134,-0.015393026708489889,-0.38249713056075413,0.2627984568204127,0.8768676340312088,False
GUT_GENOME140786_1,GUT_GENOME140786_01541,1648965,0.07164349375463135,0.059547988853247164,0.06130779461526328,0.005668400685772247,0.2593000913763265,0.06526119136651984,0.7572377727248312,0.012095504901384183,0.014147556862332676,-0.003953396751256562,-0.2329880139476495,0.054483568008443055,0.9731259267946222,False
GUT_GENOME140786_1,GUT_GENOME140786_01541,1648971,0.089837335687606,0.062228089089476454,0.06369442446316315,0.004773518574872222,0.10807427978431372,0.06635313135821914,0.7112260549956857,0.02760924659812955,0.31513879988763255,-0.0026587068950559983,-0.21606719243400432,0.14599749484093036,0.9296019944254972,False
GUT_GENOME140786_1,GUT_GENOME140786_01541,1648975,0.08533105594068859,0.06235970413727872,0.06372571980259618,0.004528617073265532,0.14786369170489422,0.06679539493518906,0.7510632404030851,0.022971351803409867,0.2251562704262773,-0.003069675132592875,-0.22143830132300577,0.09973026740508922,0.9513577219425331,False
GUT_GENOME140786_1,GUT_GENOME140786_01542,1649342,0.1072267618269962,0.09160071708739022,0.09304051469089707,0.006657683901745106,0.27668516372825824,0.10951149350190297,0.9933191467622218,0.01562604473960598,0.08264564038267747,-0.0164709788110059,-0.39658531935714986,0.16411021740387538,0.9212211899934848,False
GUT_GENOME140786_1,GUT_GENOME140786_01542,1649343,0.12024701427289361,0.09615770684739697,0.09833213825543516,0.007526452854651494,0.18794126913114334,0.10986296363960425,0.9372436941230692,0.024089307425496642,0.24684638612606455,-0.011530825384169094,-0.3320204708838342,0.17117073142942113,0.9179747761364313,False
GUT_GENOME140786_1,GUT_GENOME140786_01542,1649423,0.15702869474141784,0.09131200370932414,0.11900464537264967,0.019708737376442197,0.010550246268197392,0.1337087655112752,0.772187778656831,0.0657166910320937,1.0544837814469625,-0.014704120138625529,-0.37349353402184177,1.2514334652908101,0.5348779266299235,False
GUT_GENOME140786_1,GUT_GENOME140786_01542,1649659,0.20761798828298547,0.10271315698156341,0.1456984392175895,0.022959963613291275,0.0006962889981498261,0.14268191053752602,0.44773651636424955,0.10490483130142206,1.8147959796312014,0.0030165286800634683,-0.14189526024918164,3.313618712566755,0.19074661470093773,False
GUT_GENOME140786_1,GUT_GENOME140786_01542,1649666,0.0948663213891592,0.0882797689870272,0.09455984532394042,0.011725084297718347,0.3728844473439688,0.13672859603135293,0.9998387089905449,0.00658655240213199,-0.09273487633333623,-0.04216875070741251,-0.7324398172316614,0.5450678431549087,0.7614475992333968,False
GUT_GENOME140786_1,GUT_GENOME140786_01542,1649675,0.11569846274160171,0.09221013724440986,0.10317847768557799,0.01182493544263831,0.0727113664072862,0.13561400525271428,0.9969557537783449,0.023488325497191848,0.2351863816492496,-0.03243552756713629,-0.6052324163855534,0.42161891195716233,0.8099283791895975,False
GUT_GENOME140786_1,GUT_GENOME140786_01542,1649678,0.11328817482783568,0.08388960128380255,0.10699208366014161,0.015401413340954568,0.16253663383680256,0.13679570087844892,0.9735123504573078,0.029398573544033135,0.3498545861984985,-0.029803617218307307,-0.5708349233958872,0.44825074125251096,0.7992149300118665,False
GUT_GENOME140786_1,GUT_GENOME140786_01542,1649679,0.1431263128211523,0.07491532971580565,0.12886462689108125,0.021824871390540287,0.03250131054701638,0.1290499921595195,0.5033882973468659,0.06821098310534664,1.102877011543997,-0.0001853652684382645,-0.18374209773597008,1.2500988610726325,0.5352349709134214,False
GUT_GENOME140786_1,GUT_GENOME140786_01542,1649684,0.1497293253215526,0.10079048010222637,0.11884095219183671,0.015188473468908868,0.0890567612922269,0.12591421298195293,0.6792846074077372,0.04893884521932622,0.7289669096834509,-0.00707326079011622,-0.2737627696125356,0.6063388094393667,0.7384739847951485,False
GUT_GENOME140786_1,GUT_GENOME140786_01542,1649688,0.15212201770675546,0.10634942610110718,0.12143344414754031,0.01602380861597203,0.09134676300202921,0.11775271111683208,0.40916089089520713,0.04577259160564828,0.6675365578351793,0.003680733030708233,-0.13321450693052303,0.46335116090318207,0.7932034122624464,False
GUT_GENOME140786_1,GUT_GENOME140786_01542,1650084,0.273079910259568,0.09690260790142075,0.16573092861869532,0.023093923456953817,5.2473143475476095e-06,0.12375044821059067,0.034546206814196914,0.17617730235814727,3.1975951828272255,0.04198048040810465,0.3673402678573566,10.359553825629392,0.005629262090571347,True
GUT_GENOME140786_1,GUT_GENOME140786_01542,1650126,0.2007599833788551,0.10585811287109403,0.12726300808830282,0.014232252474945,0.0026989295079457173,0.08840368442846029,0.0031631582162755727,0.09490187050776105,1.6207226437415752,0.03885932365984253,0.32654861725430184,2.733375887367377,0.2549499713939191,False
GUT_GENOME140786_1,GUT_GENOME140786_01542,1650152,0.16007776869698156,0.09383271072787774,0.10630043995059905,0.011385781290146274,0.02432595765241043,0.08412295942581403,0.02571810516319485,0.06624505796910382,1.0647349396944608,0.02217748052478502,0.10852691201340726,1.1454385824373328,0.5639896993477567,False
GUT_GENOME140786_1,GUT_GENOME140786_01542,1650213,0.11943050985034673,0.07661835142644012,0.08333658150413471,0.00863686882838799,0.06743432400382074,0.0789069767073463,0.3040205678353257,0.04281215842390661,0.6100994494519253,0.004429604796788417,-0.12342720116786164,0.3874556122096741,0.823882129436798,False
GUT_GENOME140786_1,GUT_GENOME140786_01544,1651505,0.1282868272887826,0.07799292268075761,0.08396585081826255,0.007892798075701568,0.0620633857503278,0.08037303139195996,0.32448187172920195,0.05029390460802499,0.7552572152557754,0.0035928194263025875,-0.1343634851214348,0.5884670073298867,0.7451024869672727,False
GUT_GENOME140786_1,GUT_GENOME140786_01544,1651535,0.1223023977867699,0.07569189834195332,0.08134728824728667,0.007296039210770031,0.061371825483876326,0.08068521475106515,0.46384791060476044,0.046610499444816586,0.6837933015003662,0.0006620734962215213,-0.17266658029688786,0.4973870271281923,0.7798189406904934,False
GUT_GENOME140786_1,GUT_GENOME140786_01544,1651700,0.12545405926295583,0.07361522137646319,0.08193159029050699,0.008516563409268317,0.04849050658418216,0.0838131148600939,0.5874247123512628,0.05183883788649264,0.7852313760331644,-0.0018815245695869148,-0.2059098846047655,0.6589871944848846,0.7192878905903222,False
GUT_GENOME140786_1,GUT_GENOME140786_01545,1652708,0.10627342820726615,0.0734637969190374,0.07602281700985433,0.005806445993837565,0.10019044716325376,0.08490256638051229,0.9369039205652749,0.03280963128822875,0.4160345272163321,-0.008879749370657955,-0.29737249412794087,0.2615151280999892,0.8774304692969437,False
GUT_GENOME140786_1,GUT_GENOME140786_01545,1652713,0.09735454453924013,0.0719186047257768,0.07300735322536252,0.004220129146901877,0.14961474389258883,0.08459543742314864,0.996982811090039,0.02543593981346333,0.2729731944921761,-0.01158808419778612,-0.3327688093068601,0.1852494453587688,0.911535514722609,False
GUT_GENOME140786_1,GUT_GENOME140786_01545,1652859,0.09092961894857084,0.0695856788023117,0.07024638486542104,0.0036430587230633182,0.17973550301748342,0.08186476176129664,0.9992866196268271,0.021343940146259135,0.1935818980295508,-0.01161837689587561,-0.3331647167398906,0.14847267972509495,0.9284522376349593,False
GUT_GENOME140786_1,GUT_GENOME140786_01546,1653137,0.0756702132433666,0.06240201387308613,0.06276129210768054,0.0030823848675066825,0.2609322799306301,0.07752083974065628,0.9999991592227417,0.013268199370280474,0.036899693180036004,-0.014759547632975739,-0.3742179381981445,0.14140065262605106,0.9317410685759108,False
GUT_GENOME140786_1,GUT_GENOME140786_01546,1653201,0.05697396917073637,0.05573244531096936,0.05578902735634368,0.002521878262111468,0.4718717575078698,0.06985797057853876,0.9999999878877547,0.001241523859767009,-0.1964369242609264,-0.014068943222195082,-0.3651921518946598,0.17195277301854522,0.9176158990788472,False
GUT_GENOME140786_1,GUT_GENOME140786_01546,1653204,0.05246039294389022,0.04935722583808769,0.049518018948685315,0.002365807843097888,0.42198811945464826,0.06485899022073495,0.9999999999554731,0.0031031671058025304,-0.16031808680397433,-0.015340971272049635,-0.38181679716306666,0.17148595555234902,0.9178301036409572,False
GUT_GENOME140786_1,GUT_GENOME140786_01547,1654635,0.05106461890308599,0.045733716465390054,0.04612444591370794,0.0027782088874565973,0.3642926792025304,0.06378846203566887,0.9999999998978405,0.0053309024376959335,-0.11709648109562064,-0.017664016121960932,-0.41217760294623373,0.18360196225548014,0.9122866937480973,False
GUT_GENOME140786_1,GUT_GENOME140786_01548,1655732,0.05738680128152035,0.04522196071355937,0.04614669029619283,0.002796867321573583,0.24797188056766495,0.0634430894025355,0.9999999996879176,0.01216484056796098,0.015492778980689603,-0.017296399106342668,-0.40737306858082967,0.16619284320550584,0.9202624097655868,False
GUT_GENOME140786_1,GUT_GENOME140786_01550,1657581,0.06859972752595242,0.04579108691712436,0.04708590295830398,0.0030641229920160876,0.13043799149116286,0.06379635108983055,0.9999999753175138,0.022808640608828062,0.22199941467421955,-0.01671044813152657,-0.3997150400474898,0.20905585335586246,0.900749642110481,False
GUT_GENOME140786_1,GUT_GENOME140786_01551,1658605,0.0580115840232236,0.05054216596715601,0.05044640744331276,0.0025530870794849333,0.312024985791017,0.06481955532448143,0.9999999909745209,0.0074694180560675935,-0.07560587961566043,-0.014373147881168669,-0.3691679247127284,0.14200120566916044,0.9314613306103225,False
GUT_GENOME140786_1,GUT_GENOME140786_01551,1658667,0.055188572344818054,0.05192304291312005,0.05205415289247666,0.0022856744093773446,0.4216281355683367,0.06481747325629435,0.9999999882509503,0.003265529431698007,-0.15716799965884604,-0.012763320363817686,-0.3481284425862609,0.1458951926542986,0.9296495458000027,False
GUT_GENOME140786_1,GUT_GENOME140786_01551,1658668,0.06011438252497432,0.05669321058882673,0.05686897681940492,0.0023258043461539158,0.4280159449141182,0.06981480852427277,0.9999999869803389,0.0034211719361475906,-0.15414828772876543,-0.01294583170486785,-0.3505137565758126,0.14662158815859824,0.9293119604835061,False
GUT_GENOME140786_1,GUT_GENOME140786_01551,1658672,0.0664982911735333,0.06536696262438214,0.06546141219786064,0.003300433290213866,0.4793111604307012,0.08199726397295898,0.999999728141457,0.001131328549151156,-0.19857488840691853,-0.016535851775098337,-0.39743317016961444,0.19738511105688986,0.9060212164225216,False
GUT_GENOME140786_1,GUT_GENOME140786_01551,1658674,0.06654462455843327,0.06475594074071324,0.06514633572953576,0.0037717195627074494,0.46650867818412756,0.08669332775097735,0.9999999944426291,0.0017886838177200298,-0.18582115154166673,-0.021546992021441586,-0.4629257738863479,0.2488297724885452,0.8830134147561367,False
GUT_GENOME140786_1,GUT_GENOME140786_01551,1658689,0.06935307059626389,0.06463993095763207,0.06509027217052227,0.004014202683695974,0.40616143706201935,0.0884142338417072,0.999999996883063,0.004713139638631819,-0.12908206113296938,-0.02332396167118493,-0.4861497036440967,0.25300371285957873,0.881172513707093,False
GUT_GENOME140786_1,GUT_GENOME140786_01551,1659194,0.052903386801084605,0.05920664668479356,0.05799634902378666,0.004920108299239691,0.6242543147308736,0.0885414643064722,0.9999999997320597,-0.006303259883708952,-0.3428177188942624,-0.030545115282685532,-0.5805258592906638,0.4545342616930291,0.7967079285981208,False
GUT_GENOME140786_1,GUT_GENOME140786_01551,1659877,0.062445389998483015,0.06466085081840857,0.06337252964366794,0.005507397841675752,0.5445014339504015,0.08895333109888634,0.9999982980295017,-0.0022154608199255535,-0.2635079208135101,-0.025580801455218405,-0.5156452488417631,0.33532644698454295,0.8456385779416273,False
GUT_GENOME140786_1,GUT_GENOME140786_01551,1660060,0.060624854704311885,0.06562485050794495,0.06485780275201167,0.004586010355967537,0.6006576568573329,0.08837353860970316,0.9999998533569215,-0.004999995803633063,-0.31753232462122505,-0.023515735857691497,-0.4886560774797,0.33961153923720566,0.8438286978503265,False
GUT_GENOME140786_1,GUT_GENOME140786_01551,1660201,0.054856382076722464,0.06556189843458403,0.06502476616706489,0.003883868476028297,0.7400917397723382,0.08810753669611847,0.9999999986028035,-0.010705516357861565,-0.4282284904652077,-0.02308277052905358,-0.48299747977586194,0.4166662055159447,0.8119365333631726,False
GUT_GENOME140786_1,GUT_GENOME140786_01551,1660373,0.05135131778479221,0.06314217293449766,0.06264258981940461,0.003491663568671254,0.8083529184606573,0.08276453167458657,0.9999999958647946,-0.011790855149705445,-0.4492857878243097,-0.020121941855181957,-0.4443012211444021,0.3992612942513176,0.8190332094880766,False
GUT_GENOME140786_1,GUT_GENOME140786_01551,1660417,0.05357145460812275,0.06433862691860295,0.06394029518625528,0.003347562815860612,0.7877225139045279,0.08158806518695257,0.9999999324635916,-0.010767172310480203,-0.4294247139283382,-0.017647770000697283,-0.4119652758650608,0.35412097345101073,0.8377291114996716,False
GUT_GENOME140786_1,GUT_GENOME140786_01552,1660635,0.059667055675409766,0.07395143211797953,0.07334339737636067,0.004036124538512936,0.8544899270012298,0.08174620778648242,0.9813242285394743,-0.01428437644256976,-0.49766406355689696,-0.008402810410121753,-0.29113918737460026,0.3324315465811058,0.8468634839532171,False
GUT_GENOME140786_1,GUT_GENOME140786_01552,1660650,0.0708872342286732,0.07587610796486594,0.07563561002142494,0.004533215003564045,0.6067439013425616,0.0804077398721172,0.8537614746589459,-0.0049888737361927366,-0.3173165388379296,-0.004772129850692267,-0.24368836552337003,0.16007380531153487,0.9230822815704167,False
GUT_GENOME140786_1,GUT_GENOME140786_01552,1661280,0.0707592902247069,0.07569222723955284,0.07575639774581235,0.004644329200182676,0.6009308359007096,0.07902103148543448,0.7589500052652864,-0.004932937014845942,-0.31623127755035363,-0.0032646337396221303,-0.2239862936288788,0.1501720806347311,0.9276636664184699,False
GUT_GENOME140786_1,GUT_GENOME140786_01552,1662048,0.08778993874261784,0.08195041340252605,0.08286733033599053,0.005358338415142372,0.3937854350551343,0.07907346309234783,0.23946314604463553,0.005839525340091786,-0.10722838849643933,0.0037938672436426957,-0.13173591048135597,0.028852277409895155,0.9856774194544763,False
GUT_GENOME140786_1,GUT_GENOME140786_01552,1662159,0.10945155304737696,0.08894338999062466,0.09056440976563637,0.004908079322176495,0.192577088497426,0.08375867437146052,0.08277589789295481,0.020508163056752293,0.17736649429393833,0.006805735394175852,-0.09237259643843716,0.03999156987090003,0.9802028049161426,False
GUT_GENOME140786_1,GUT_GENOME140786_01552,1662225,0.106208040655017,0.08417538484917866,0.0852846580735593,0.0036851208670273584,0.19413810136355197,0.0849649836766434,0.4654361770384226,0.02203265580583834,0.20694407631766956,0.00031967439691589494,-0.17714153158969065,0.0742049729369148,0.9635773766460066,False
GUT_GENOME140786_1,GUT_GENOME140786_01553,1662461,0.09414356187882152,0.07914973525854792,0.07954814844965755,0.0029665829732728644,0.2466111134573341,0.08104462589914019,0.6930255897404503,0.014993826620273598,0.07037960416003672,-0.0014964774494826416,-0.20087754920611833,0.045305078456779946,0.9776021031487427,False
GUT_GENOME140786_1,GUT_GENOME140786_01553,1662518,0.08485664330336375,0.07518337178000806,0.07549299614771192,0.002789702543346129,0.3204775886351182,0.07688520856723453,0.6911293548123096,0.00967327152335569,-0.03284762003320112,-0.0013922124195226149,-0.19951486766998125,0.040885148563215686,0.9797649585656579,False
GUT_GENOME140786_1,GUT_GENOME140786_01553,1662554,0.06178655736415491,0.06476842706171884,0.0646242524311773,0.003802326214625316,0.5831643071821389,0.05130139707186708,0.00022927489078087196,-0.0029818696975639283,-0.27837747100038696,0.013322855359310215,-0.007197739166697505,0.0775458238096831,0.9619691360830639,False
GUT_GENOME140786_1,GUT_GENOME140786_01553,1662557,0.0543394780353088,0.04700287009083124,0.048290178822122214,0.0026157858725470795,0.2866442664551062,0.049043451074118144,0.6133157915110568,0.007336607944477561,-0.07818260683951249,-0.0007532722519959303,-0.19116430210337904,0.042656310410893745,0.9788976814872049,False
GUT_GENOME140786_1,GUT_GENOME140786_01553,1662937,0.053761338851542884,0.055295132829540836,0.055277055337479584,0.0016527514576390027,0.5428795133975052,0.05356829905396563,0.15059477418033734,-0.001533793977997952,-0.2502825007896635,0.0017087562835139541,-0.15898706273493338,0.08791821631860955,0.956993089881921,False
GUT_GENOME140786_1,GUT_GENOME140786_01671,1765219,0.05441548028892447,0.052074562173451494,0.052103908806890115,0.0018393408010289871,0.4368942936691949,0.04890948943331346,0.04121833084938713,0.002340918115472976,-0.17510692856625562,0.0031944193735766527,-0.13957033535735577,0.05014231494367251,0.9752405139098625,False
GUT_GENOME140786_1,GUT_GENOME140786_01671,1765264,0.049740244608622905,0.05401939542276712,0.05390489811450402,0.002257327088298667,0.6205327140058947,0.04874991150542641,0.01119551237225122,-0.004279150814144213,-0.3035467862736112,0.005154986609077608,-0.11394689504187583,0.10512454634672166,0.9487952347259377,False
GUT_GENOME140786_1,GUT_GENOME140786_01671,1765309,0.052871886924828485,0.05451753116876165,0.05444722886797638,0.0024363090831873145,0.5423975063216802,0.04875399942218467,0.009724126959253137,-0.001645644243933167,-0.2524525736988711,0.00569322944579171,-0.10691238331891804,0.0751625596741152,0.963116132617038,False
GUT_GENOME140786_1,GUT_GENOME140786_01671,1765387,0.04800794225278778,0.05413452104590567,0.05398616445570914,0.0023453202924941198,0.6674922088336902,0.0487924246663013,0.013396791155093577,-0.006126578793117891,-0.33938982495896336,0.0051937397894078405,-0.11344041416978627,0.12805418085268844,0.9379795889195729,False
GUT_GENOME140786_1,GUT_GENOME140786_01678,1774121,0.06735156363241218,0.06832821695435565,0.06829742780404337,0.003028430240529679,0.5163043019434506,0.05795912891130353,0.00032037858987412764,-0.0009766533219434659,-0.23947308666612224,0.010338298892739836,-0.04620410584700437,0.05948217863452128,0.9706968247937507,False
GUT_GENOME140786_1,GUT_GENOME140786_01679,1774889,0.05448449670883107,0.06219850559855805,0.061972994514722844,0.0027758050692439974,0.6735213753452829,0.05539892131379692,0.008933853211676106,-0.007714008889726981,-0.3701884915433361,0.0065740732009259215,-0.09540028264812536,0.14614073320047283,0.9295354194771928,False
GUT_GENOME140786_1,GUT_GENOME140786_01679,1775132,0.06489887345391032,0.039468838065233554,0.060779607897644215,0.010951074538572575,0.08604840864679658,0.057034399159667716,0.36617746493424036,0.025430035388676768,0.27285863926813053,0.0037452087379764992,-0.13237184802698146,0.09197414317333405,0.9550543094477673,False
GUT_GENOME140786_1,GUT_GENOME140786_01679,1775154,0.06826587378753719,0.05798892186171317,0.062647809812525,0.005692572294838399,0.2848582175801874,0.056940627096401276,0.15803501456604918,0.010276951925824021,-0.02113526086925579,0.005707182716123728,-0.10673002242708826,0.011837996939298259,0.9940984842913071,False
GUT_GENOME140786_1,GUT_GENOME140786_01679,1775571,0.07958476580452842,0.08279770251478373,0.08225586896728185,0.005193590369828062,0.5608060508704569,0.08173996572268978,0.46043630198582347,-0.0032129367102553125,-0.28286053825338325,0.0005159032445920669,-0.17457693799883578,0.11048719138204305,0.9462546163292217,False
GUT_GENOME140786_1,GUT_GENOME140786_01679,1775574,0.08110162370297766,0.09496363678492616,0.09360688977793068,0.005114435337329576,0.723917540651149,0.09537616501114363,0.6353051761947898,-0.013862013081948496,-0.4894695431499723,-0.0017692752332129497,-0.20444285296262157,0.2813773137989387,0.8687597519504184,False
GUT_GENOME140786_1,GUT_GENOME140786_01679,1775681,0.07127376793557444,0.09960509357015959,0.09760451280835225,0.005791910298456239,0.9105172919422104,0.09549392526350652,0.35777867306815303,-0.028331325634585153,-0.7701972009949748,0.002110587544845735,-0.15373536865620516,0.616838291996353,0.734607345741707,False
GUT_GENOME140786_1,GUT_GENOME140786_01679,1775699,0.07441635476035315,0.10046505983984881,0.09927811723404087,0.005248193776133983,0.8904213314975021,0.09079807556325481,0.05306857128834767,-0.026048705079495665,-0.7259107347341874,0.00848004167078606,-0.07049041552073296,0.5319152934826135,0.7664715893830872,False
GUT_GENOME140786_1,GUT_GENOME140786_01680,1775789,0.054667799990542464,0.07148311237936256,0.0709391740249671,0.0027000561978369635,0.8915158323601824,0.059531254098811,1.1943453802843657e-05,-0.016815312388820093,-0.5467682430237445,0.011407919926156106,-0.03222479913737207,0.2999939492587165,0.8607105803896398,False
GUT_GENOME140786_1,GUT_GENOME140786_01680,1776071,0.04893074839569221,0.06484458022631405,0.0643051720181611,0.0027731785555481347,0.880890071111576,0.05873257107735617,0.02224400368775397,-0.01591383183062184,-0.5292780875809633,0.005572600940804938,-0.1084889256796723,0.2919051409884913,0.8641986907294005,False
GUT_GENOME140786_1,GUT_GENOME140786_01680,1776197,0.04193771329962195,0.06378679185060879,0.0631200753131224,0.0029230151912253365,0.9607927536806167,0.058368439358876305,0.052018026311866784,-0.02184907855098684,-0.6444313061239326,0.004751635954246096,-0.11921844668424743,0.4295047463424025,0.80674118620667,False
GUT_GENOME140786_1,GUT_GENOME140786_01689,1782154,0.05344840069679282,0.05475292682406695,0.056140605624971515,0.0028215925670461947,0.5269227942179033,0.05594143998305375,0.4718635265072879,-0.001304526127274129,-0.24583434013802788,0.00019916564191776315,-0.17871650888976698,0.09237411334084575,0.954863331928665,False
GUT_GENOME140786_1,GUT_GENOME140786_01690,1783341,0.04910109781636027,0.058765784462408176,0.05906633987116051,0.0026526207988064343,0.7082181719779522,0.055706940341030194,0.10267682458665722,-0.009664686646047908,-0.4080347399915757,0.0033593995301303137,-0.1374141434562853,0.18537499586181733,0.91147829464742,False
GUT_GENOME140786_1,GUT_GENOME140786_01693,1786471,0.03980020259501017,0.056936143134947007,0.05705656453699884,0.002581499533423806,0.8786741013168639,0.055781102412584535,0.31062554744848114,-0.017135940539936834,-0.5529889386908496,0.0012754621244143033,-0.16464995805609237,0.33290637500230524,0.8466624503927449,False
GUT_GENOME140786_1,GUT_GENOME140786_01693,1786480,0.0416159147303825,0.06539361440700406,0.0650834973098948,0.0023052357177955744,0.9410775410463158,0.05771279400987847,0.0006934222631110142,-0.023777699676621557,-0.6818496208849313,0.007370703300016324,-0.08498880405767442,0.4721420023160783,0.7897246005810166,False
GUT_GENOME140786_1,GUT_GENOME140786_01693,1786582,0.04901098717351531,0.07463623017067103,0.07408208088798758,0.002879537754351785,0.9426263153417633,0.060279463789124736,8.201171123617574e-07,-0.02562524299715572,-0.7176948973798551,0.013802617098862845,-0.0009275403811217848,0.5150868260562395,0.7729480695688092,False
GUT_GENOME140786_1,GUT_GENOME140786_01694,1787136,0.05628324812035845,0.07947272358664902,0.07900138786008346,0.0028699594856872856,0.9389512167413484,0.06340482896837481,2.748781750555699e-08,-0.023189475466290563,-0.6704371364111021,0.015596558891708648,0.022518205128689434,0.4499930234413365,0.7985190042118571,False
GUT_GENOME140786_1,GUT_GENOME140786_01694,1787745,0.06391224054287643,0.08628854892062345,0.08549330301918033,0.004406941742289005,0.891869881025235,0.07296081848190392,0.0022289135517072774,-0.022376308377747012,-0.6546604026255103,0.012532484537276414,-0.01752741275236528,0.42888745296358705,0.8069902226331589,False
GUT_GENOME140786_1,GUT_GENOME140786_01694,1788006,0.0656378635947904,0.08669721301011389,0.08560410409835353,0.005195330780421953,0.8518761634060475,0.07953372746421515,0.1213168238109324,-0.02105934941532349,-0.6291093058713131,0.006070376634138383,-0.10198329530001989,0.4061791112541364,0.8162051423891008,False
GUT_GENOME140786_1,GUT_GENOME140786_01694,1788075,0.06594240640954259,0.07217229281804588,0.07176062089124358,0.004787753267732052,0.6200534429912269,0.08295387256062439,0.9903035830173129,-0.006229886408503291,-0.3413941568717059,-0.011193251669380816,-0.32760858447855,0.22387735497018216,0.8940990842237062,False
GUT_GENOME140786_1,GUT_GENOME140786_01694,1788078,0.05669752064998691,0.06149707130287139,0.06135235322463394,0.003537108596735335,0.6135292391420355,0.07831237313991186,0.9999991861487341,-0.004799550652884475,-0.3136433701535309,-0.016960019915277923,-0.4029767938856573,0.26076246005162834,0.8777607383782411,False
GUT_GENOME140786_1,GUT_GENOME140786_01694,1788132,0.054435616364165204,0.05851632695360753,0.05870188213735972,0.0034160540757167605,0.599302779283033,0.0760259036604872,0.9999998025029956,-0.004080710589442323,-0.2996967305574088,-0.01732402152312748,-0.4077340770354436,0.25606520788274517,0.8798246929242982,False
GUT_GENOME140786_1,GUT_GENOME140786_01695,1789066,0.05210143987732282,0.0557506575970317,0.05615905614744132,0.0033910907714813656,0.5944738867058117,0.07574270637723118,0.9999999961530265,-0.003649217719708879,-0.29132508316528616,-0.019583650229789862,-0.43726607178262433,0.27607192161346805,0.871067366897335,False
GUT_GENOME140786_1,GUT_GENOME140786_01695,1789999,0.05613046237411729,0.053630611937645685,0.05429079802531164,0.0031579324064384697,0.4324969003560891,0.07536134901269366,0.9999999999874054,0.0024998504364716068,-0.172023388967017,-0.021070550987382017,-0.4566989747340344,0.23816599987481585,0.8877341158280213,False
GUT_GENOME140786_1,GUT_GENOME140786_01695,1790292,0.0568885853809123,0.05205973500522062,0.0522578096061334,0.0027356932494664,0.3804768924272812,0.07232775905361094,0.9999999999998902,0.004828850375691682,-0.12683708894896506,-0.020069949447477538,-0.4436217114945675,0.21288787004241697,0.899025450591133,False
GUT_GENOME140786_1,GUT_GENOME140786_01695,1790400,0.07133414541972226,0.051425305967068034,0.05185092743704665,0.0020526149092071327,0.1686269410152899,0.07087233002360278,1.0,0.019908839452654224,0.16573866394210743,-0.019021402586556137,-0.4299178316059809,0.21229864665810338,0.8992903530201841,False
GUT_GENOME140786_1,GUT_GENOME140786_01695,1790701,0.07693146565289893,0.04845644897860045,0.049087452058441707,0.001828726513822658,0.08777042055734807,0.062435946771086076,0.9999999999998554,0.028475016674298484,0.33193611522870625,-0.01334849471264437,-0.3557763210827508,0.23675837523630155,0.888359133956895,False
GUT_GENOME140786_1,GUT_GENOME140786_01695,1790754,0.08991540181679619,0.04912155503356223,0.049584466316874305,0.0014036470019299814,0.02882772488506969,0.06024955948383141,0.999999999999985,0.040793846783233965,0.5709409961649315,-0.010665093166957101,-0.32070586896902076,0.4288258754929791,0.807015069224012,False
GUT_GENOME140786_1,GUT_GENOME140786_01696,1790932,0.08248096835090994,0.04587198172027881,0.04626364562752197,0.0013490937907125451,0.04097150699367315,0.05926078878568568,1.0,0.036608986630631134,0.4897480587136637,-0.012997143158163707,-0.35118436655909685,0.36318362032931634,0.833941677465957,False
GUT_GENOME140786_1,GUT_GENOME140786_01700,1793944,0.06688074258143559,0.047512714291756984,0.04776846623225189,0.0016156623531310569,0.1485736661464846,0.05902900257315041,0.9999999999984109,0.019368028289678603,0.1552460679347793,-0.011260536340898526,-0.3284879548635907,0.13200567809967453,0.9361282065732136,False
GUT_GENOME140786_1,GUT_GENOME140786_01701,1795415,0.06923381169262721,0.04853435451146667,0.04878434647896912,0.001628085158166188,0.14404088547304583,0.05904355247178389,0.9999999998525098,0.020699457181160542,0.18107790430801343,-0.010259205992814768,-0.31540116653743216,0.1322671032817551,0.9360058508266791,False
GUT_GENOME140786_1,GUT_GENOME140786_01701,1796635,0.06120366115562854,0.04944174933338705,0.049591173827254025,0.0017598302408960488,0.2512706332407648,0.05908513250660853,0.9999999657029156,0.01176191182224149,0.007675320987936172,-0.009493958679354507,-0.3053998421717211,0.09332797415078002,0.954408037153671,False
GUT_GENOME140786_1,GUT_GENOME140786_01701,1796659,0.06470497309509653,0.05323998727199003,0.053283022022879316,0.0020319685311813683,0.2626195187023356,0.06063480457408258,0.9998515897761208,0.011464985823106497,0.0019144847362329354,-0.007351782551203265,-0.2774028823271361,0.0769560243752082,0.9622528623426266,False
GUT_GENOME140786_1,GUT_GENOME140786_01702,1798397,0.054804068330211134,0.05371533647613619,0.053578582588929294,0.0019182718299449552,0.4739211159756495,0.061391588201678886,0.9999767882830204,0.0010887318540749452,-0.1994013319851591,-0.007813005612749592,-0.2834307916870697,0.12009390487381472,0.9417203164824625,False
GUT_GENOME140786_1,GUT_GENOME140786_01703,1799137,0.0672887475172448,0.05584232252241348,0.05589907076724604,0.0018510426654959413,0.2759769890447432,0.06335305784946671,0.9999717429895701,0.011446424994831318,0.0015543751712208337,-0.00745398708222067,-0.2787386343753575,0.07769764237561215,0.9618961164671782,False
GUT_GENOME140786_1,GUT_GENOME140786_01703,1799191,0.08266963419152983,0.05756924863450852,0.057831208993920816,0.0021458144342474694,0.10860259730638427,0.06361205899001768,0.9964701196455513,0.025100385557021307,0.26646290866151134,-0.005780849996096862,-0.2568717340775184,0.13698556946034426,0.9338001976996078,False
GUT_GENOME140786_1,GUT_GENOME140786_01705,1800941,0.105703173924981,0.0665447247711135,0.06688426342673019,0.0025044493186912125,0.03207550947198916,0.07222494265572599,0.9835161513654296,0.0391584491538675,0.5392116832160826,-0.0053406792289957955,-0.2511189656056168,0.353809974203556,0.8378593881900209,False
GUT_GENOME140786_1,GUT_GENOME140786_01705,1800947,0.07097727873565066,0.06751968913363633,0.06768587925340136,0.002912917122186455,0.41261140008594444,0.07140069826119258,0.8988969915233979,0.0034575896020143243,-0.15344172713677054,-0.00371481900779122,-0.22986994563578972,0.07638455553331606,0.9625278503919563,False
GUT_GENOME140786_1,GUT_GENOME140786_01705,1801012,0.07940213864377917,0.07091000431283363,0.07127432676806394,0.0032025623457379885,0.31604713353304736,0.07396816570471935,0.7998683629226258,0.008492134330945533,-0.05576355860407011,-0.00269383893665541,-0.21652634719023153,0.04999323349573425,0.9753132117532547,False
GUT_GENOME140786_1,GUT_GENOME140786_01705,1801034,0.08572947186789086,0.07814095317534966,0.07856406887630502,0.004635979317644665,0.3444255075587448,0.07519859658433847,0.23393582849664873,0.0075885186925411935,-0.0732951379958735,0.0033654722919665425,-0.13733477609379802,0.024233017978567774,0.9879566003312775,False
GUT_GENOME140786_1,GUT_GENOME140786_01705,1801042,0.08438714010233397,0.08384053074267059,0.08396023506649453,0.005419730204932984,0.48828362624408517,0.07548191571125501,0.05886846866105434,0.0005466093596633859,-0.20991936990628446,0.008478319355239516,-0.07051292515407383,0.0490382144756355,0.9757790442980273,False
GUT_GENOME140786_1,GUT_GENOME140786_01705,1801046,0.08277789480116803,0.0877206801275958,0.08703256119957681,0.005346808257118124,0.6096417705018922,0.07346690496342448,0.00558794787833263,-0.004942785326427779,-0.3164223504457686,0.01356565623615233,-0.004024477029262853,0.10013930027698387,0.9511631735467808,False
GUT_GENOME140786_1,GUT_GENOME140786_01705,1801619,0.08141454145581722,0.08056436242249639,0.08015683590492596,0.00419033573541222,0.4792676809925941,0.07395394050154488,0.0693984663994852,0.0008501790333208387,-0.20402963581085923,0.0062028954033810785,-0.10025135430208545,0.05167842632851412,0.9744917624598893,False
GUT_GENOME140786_1,GUT_GENOME140786_01706,1803060,0.07511271912366424,0.07743173877812977,0.07729552275388572,0.0036166790855424414,0.5596964185975966,0.07352624646732198,0.1486611897440625,-0.002319019654465529,-0.2655171267770835,0.003769276286563747,-0.13205729957202492,0.08793847498221337,0.9569833962304767,False
GUT_GENOME140786_1,GUT_GENOME140786_01706,1803307,0.08724990252813167,0.076424587969819,0.07653862587426065,0.002066412981426677,0.2797182102965286,0.07292588280944606,0.04020465427522776,0.010825314558312663,-0.010496154352740289,0.003612743064814586,-0.13410309509091953,0.018093809369160756,0.9909938954266627,False
GUT_GENOME140786_1,GUT_GENOME140786_01707,1803629,0.07642728189555895,0.0723208930808844,0.07235246598027191,0.0017949414121042854,0.4063256447630912,0.06984896552584328,0.08154512324122232,0.0041063888146745525,-0.1408539913532486,0.0025035004544286255,-0.14860023209696022,0.041921875859411484,0.9792572156365651,False
GUT_GENOME140786_1,GUT_GENOME140786_01707,1803824,0.06714090247850583,0.06858707852968404,0.06856082797066715,0.001708701473602614,0.5342967301648153,0.06667406895204418,0.13475181771184702,-0.001446176051178208,-0.2485825737688142,0.001886759018622966,-0.15666067352650997,0.0863358626113077,0.9577505402628329,False
GUT_GENOME140786_1,GUT_GENOME140786_01708,1803918,0.057886475955817855,0.06189365762999627,0.06190836588754625,0.0017527039474255829,0.6135715362487575,0.0593977461155682,0.07601088393351825,-0.004007181674178413,-0.29827015275070023,0.0025106197719780496,-0.14850718687769335,0.11101946857625218,0.9460028149616457,False
GUT_GENOME140786_1,GUT_GENOME140786_01708,1804336,0.06167497520086552,0.06009883308702848,0.06019258044501372,0.0019420772922703693,0.45326983498523854,0.05877683476976537,0.23300534652448152,0.0015761421138370396,-0.18994479836375333,0.0014157456752483533,-0.16281653601019075,0.06258825082380465,0.9691904676042032,False
GUT_GENOME140786_1,GUT_GENOME140786_01709,1804633,0.05429956114988519,0.055106566690554755,0.05529926023528219,0.001780118025645395,0.5286069934979919,0.05860761482475249,0.9684511870735862,-0.0008070055406695642,-0.23618165010876174,-0.0033083545894702984,-0.2245576989682832,0.10620793201402766,0.9482814183245779,False
GUT_GENOME140786_1,GUT_GENOME140786_01713,1808558,0.05412365014656973,0.05341701152006486,0.05362532360547855,0.0017367858166439057,0.4752925116905879,0.05847113219182932,0.9973654234061238,0.0007066386265048713,-0.20681454781445144,-0.004845808586350767,-0.24465130249971057,0.1026265170025009,0.9499810342813025,False
GUT_GENOME140786_1,GUT_GENOME140786_01713,1808806,0.05654729565288857,0.04761055305250799,0.048024936332381765,0.001633828463923611,0.23154023990325312,0.059420580931190674,0.9999999999984686,0.008936742600380576,-0.047137451615022086,-0.011395644598808909,-0.3302537389285328,0.11128947142103407,0.9458751118562844,False
GUT_GENOME140786_1,GUT_GENOME140786_01713,1808987,0.05853128137723283,0.04811031162273479,0.048358133454804525,0.0015755152318377113,0.24873168348595448,0.05972985861117403,0.9999999999997358,0.010420969754498043,-0.01834108612290866,-0.011371725156369507,-0.3299411261322831,0.1091975421536071,0.9468649813651985,False
GUT_GENOME140786_1,GUT_GENOME140786_01713,1809122,0.07077283817585582,0.051663392157669304,0.05187651663631248,0.0016050580756177648,0.16231974605514043,0.06297743149582684,0.9999999999976805,0.019109446018186517,0.15022916093438515,-0.011100914859514359,-0.32640179763967353,0.12910693429745979,0.9374859882192491,False
GUT_GENOME140786_1,GUT_GENOME140786_01714,1809450,0.12773182497184304,0.07498431512946077,0.07625187018965383,0.0029063051110192117,0.04048737672500369,0.08504810043140028,0.9987634051284869,0.05274750984238227,0.8028610560195747,-0.008796230241746444,-0.296280949101525,0.7323682760733672,0.6933751127220209,False
GUT_GENOME140786_1,GUT_GENOME140786_01714,1809819,0.13966053555769278,0.07749014687718078,0.07936822822984146,0.003209764941229846,0.020177888111417405,0.09241356181170707,0.9999759079156645,0.062170388680512,0.9856798801179847,-0.013045333581865604,-0.35181418655360863,1.095338047929782,0.5782962351942871,False
GUT_GENOME140786_1,GUT_GENOME140786_01714,1809866,0.16859473257456228,0.10653949837033994,0.1131793079819608,0.009736790431143328,0.022500745627885732,0.10094750787468655,0.10451346983439508,0.06205523420422235,0.9834457002769201,0.012231800107274246,-0.021457178284729705,0.9676258558931046,0.6164285076734448,False
GUT_GENOME140786_1,GUT_GENOME140786_01714,1810032,0.20566008128772578,0.1273532356183046,0.13654622460930255,0.010394164949464546,0.010020409481124247,0.10614930757844847,0.0017254868357250803,0.07830684566942117,1.2987527894171642,0.03039691703085408,0.2159500275926714,1.7333932224361404,0.4203377974934429,False
GUT_GENOME140786_1,GUT_GENOME140786_01714,1810035,0.27115539841532443,0.1504367255722245,0.1651753941815515,0.012387206132655764,0.0017751287172464742,0.11250521481829695,1.0594337629757887e-05,0.12071867284309992,2.1216096365604846,0.05267017936325455,0.5070482351272187,4.758325362691939,0.09262810428811305,False
GUT_GENOME140786_1,GUT_GENOME140786_01714,1810084,0.36412192036673435,0.19459690577889371,0.2189026200750669,0.016520670451472173,0.00021223950736828624,0.1366990472170036,3.248914447163867e-07,0.16952501458784064,3.0685302284089984,0.08220357285806329,0.8930320115695781,10.213383936347785,0.006056083541116483,True
GUT_GENOME140786_1,GUT_GENOME140786_01714,1810151,0.3347295734824701,0.18953306733487824,0.20874175508881435,0.015530121142760379,0.002611460996298069,0.14762955059509464,4.15852144604638e-05,0.14519650614759189,2.5965185023198503,0.06111220449371971,0.6173804508020279,7.123066953921834,0.028395247852286063,True
GUT_GENOME140786_1,GUT_GENOME140786_01714,1810200,0.31824994205159274,0.18897573452394567,0.21681297797986385,0.020166002012002582,0.004361049655691079,0.15078233385455578,0.0005295178734836825,0.12927420752764707,2.2876006057145055,0.06603064412530807,0.6816615129677401,5.697778949526842,0.05790859413489593,False
GUT_GENOME140786_1,GUT_GENOME140786_01714,1810206,0.28723058812949737,0.17318256287165684,0.19890892875835411,0.019515027560956133,0.008934142520544745,0.14512423517433534,0.002925064310249921,0.11404802525784052,1.992188472555146,0.05378469358401877,0.521614268925702,4.2408963557285,0.11997784504572766,False
GUT_GENOME140786_1,GUT_GENOME140786_01714,1810215,0.2824192212389069,0.19362893895307254,0.21654143894863395,0.02046320364009688,0.03303683769067575,0.14104629362805865,0.00011243060506500027,0.08879028228583435,1.502148119830144,0.0754951453205753,0.8053568788299329,2.905048676187928,0.2339789001254796,False
GUT_GENOME140786_1,GUT_GENOME140786_01714,1810236,0.23522641064792638,0.15939696762971914,0.1796300234157912,0.016157955327493683,0.035852914448108494,0.13854504500427728,0.0054998397877183145,0.07582944301820724,1.2506872409479968,0.04108497841151393,0.35563659274408127,1.690695960768732,0.42940790668073037,False
GUT_GENOME140786_1,GUT_GENOME140786_01714,1810328,0.18270919293253274,0.1655206563413939,0.17415333644220182,0.014399376711515113,0.23444548345498623,0.13659472220941565,0.004548993827876032,0.017188536591138837,0.11296046538124249,0.03755861423278617,0.30954912355244735,0.10858072663123519,0.947157046909572,False
GUT_GENOME140786_1,GUT_GENOME140786_01714,1810605,0.22126752970898525,0.15591402515752492,0.17956271889478906,0.016366547935114353,0.04301874077659854,0.13705338131388758,0.004697570959811392,0.06535350455146033,1.0474373865544426,0.042509337580901474,0.37425211457048924,1.2371897240124834,0.5387008550734824,False
GUT_GENOME140786_1,GUT_GENOME140786_01714,1810606,0.2409262788839165,0.1712096484640179,0.19212762688630905,0.016399282028014283,0.03019237402005445,0.1381815213338632,0.0005017552253499041,0.06971663041989859,1.132088962189003,0.05394610555244586,0.5237238267436152,1.5559120650091498,0.45934393650981575,False
GUT_GENOME140786_1,GUT_GENOME140786_01714,1810613,0.2533586428419792,0.17672503290414376,0.19433596533825492,0.015543316756596282,0.025619663570839515,0.13907154264018606,0.00018862308809370677,0.07663360993783541,1.2662893571537532,0.05526442269806886,0.5409534427884399,1.8961193633055315,0.3874921526371487,False
GUT_GENOME140786_1,GUT_GENOME140786_01714,1810627,0.2814842258512526,0.16880531024153558,0.19719254506064116,0.017696151648814572,0.0013584557428233108,0.13963620676828295,0.0005720178989671164,0.11267891560971702,1.965625569621608,0.057556338292358206,0.5709074078323294,4.189619148268101,0.12309368164321702,False
GUT_GENOME140786_1,GUT_GENOME140786_01714,1810698,0.37912456353184487,0.20839107406089946,0.2545823690535137,0.022960832365128907,3.5224832275254323e-06,0.16589467098436034,5.6101442876418715e-05,0.1707334894709454,3.0919765616238197,0.08868769806915339,0.977775647154212,10.516364273798898,0.005204757660923705,True
GUT_GENOME140786_1,GUT_GENOME140786_01714,1810701,0.36912387227060084,0.24315808261724364,0.274955555172947,0.025439442332705904,0.0001171163887723494,0.1633858546577428,5.780733105805985e-06,0.1259657896533572,2.2234120412859424,0.1115697005152042,1.276829723626747,6.573855248472076,0.037368483229146286,True
GUT_GENOME140786_1,GUT_GENOME140786_01714,1810704,0.3721907816540948,0.19123034074871598,0.2767132036786204,0.032030951290512054,9.561081876281086e-07,0.1663122964253528,0.00028374483500472406,0.18096044090537883,3.2903956719055945,0.1104009072532676,1.2615542952476149,12.418222917552775,0.002011023547771902,True
GUT_GENOME140786_1,GUT_GENOME140786_01714,1810752,0.24525357213564586,0.16048978184969515,0.19365794004215303,0.02303438713973258,0.004437778570858757,0.1382319932232917,0.008059139644398564,0.08476379028595071,1.4240277762169296,0.055425946818861344,0.5430644663706427,2.322774122071764,0.3130516578404723,False
GUT_GENOME140786_1,GUT_GENOME140786_01714,1810830,0.17320830173935448,0.14121648083029656,0.1508167796348727,0.02151183381834764,0.15659029043232964,0.13058769014209884,0.1735138270793688,0.031991820909057916,0.40016770621355224,0.020229089492773855,0.08306260738975176,0.1670335898425999,0.9198756373025672,False
GUT_GENOME140786_1,GUT_GENOME140786_01714,1810834,0.1266452532553283,0.15985197350367505,0.14536968976764011,0.02007330352328814,0.8779510540807725,0.12988897193160667,0.2202914490498868,-0.033206720248346755,-0.8647876043754058,0.015480717836033442,0.021004231865019443,0.748298778437593,0.6878741431720271,False
GUT_GENOME140786_1,GUT_GENOME140786_01714,1811113,0.09688374470880387,0.1522521289421182,0.12730489477329845,0.020850038217048707,0.9970685987135787,0.12002420114996848,0.3634720983998311,-0.05536838423331433,-1.2947591045289637,0.007280693623329976,-0.08616517665873902,1.6838255764292756,0.4308855418867492,False
GUT_GENOME140786_1,GUT_GENOME140786_01714,1811154,0.10097411022299668,0.1498991106600602,0.1252981278231748,0.01855365256668554,0.9855388980609959,0.118575869013224,0.3585584825590584,-0.04892500043706352,-1.1697472191931733,0.006722258809950782,-0.09346358543126539,1.3770439986118292,0.502317946957239,False
GUT_GENOME140786_1,GUT_GENOME140786_01714,1811292,0.1141684679203886,0.1391723605801032,0.1286075464299819,0.017556664615571996,0.8186236482703098,0.11490717165560864,0.21759191629446506,-0.025003892659714616,-0.7056397133967531,0.013700374774373261,-0.002263786367404104,0.4979325298513691,0.7796062730166449,False
GUT_GENOME140786_1,GUT_GENOME140786_01714,1811295,0.11005964180742352,0.10996741824733755,0.11039280997123242,0.015088366506541507,0.4986737689928468,0.10746816793433613,0.42315283835366785,9.22235600859661e-05,-0.2187351765183376,0.0029246420368962966,-0.1430961636787354,0.06832158950607975,0.9664160975057836,False
GUT_GENOME140786_1,GUT_GENOME140786_01714,1811319,0.104788695701148,0.09628750754492611,0.09867505384449285,0.010549431395443126,0.38065150512439,0.10573879899660854,0.7484389354580298,0.00850118815622189,-0.055587900005562185,-0.007063745152115691,-0.2736384059192354,0.0779679918210486,0.9617661012139369,False
GUT_GENOME140786_1,GUT_GENOME140786_01714,1811953,0.0995091894481385,0.09845033027479023,0.0998468204597728,0.007985578241619204,0.4831277857997344,0.1000855507291285,0.5119246735549406,0.0010588591733482616,-0.19998090946428582,-0.00023873026935569697,-0.18443954635756452,0.07401031041074707,0.9636711674134675,False
GUT_GENOME140786_1,GUT_GENOME140786_01714,1811961,0.11180492602505236,0.09914547102082605,0.10129768561313829,0.007893529411942558,0.3061592638584182,0.09726783988461224,0.30484178017218033,0.012659455004226314,0.02508908507498233,0.004029845728526049,-0.12865181292343622,0.01718075115838653,0.9914464162697944,False
GUT_GENOME140786_1,GUT_GENOME140786_01714,1811964,0.1284094886561106,0.09882811285294363,0.10101200871865981,0.008155630873187525,0.13520188909416908,0.0965448002272069,0.29193340076894697,0.02958137580316697,0.3534012405311583,0.0044672084914529064,-0.12293574338542508,0.1400056338106887,0.9323911934445132,False
GUT_GENOME140786_1,GUT_GENOME140786_01715,1812532,0.14836048192252346,0.08935285938826179,0.0938184452088279,0.007108995942190342,0.014155948068890164,0.09617482385491115,0.6298531136342822,0.05900762253426167,0.9243171906800177,-0.0023563786460832487,-0.2121159431715645,0.8993554423341626,0.6378336787950638,False
GUT_GENOME140786_1,GUT_GENOME140786_01715,1812668,0.12850851455482984,0.08280736969378547,0.084675202052874,0.00575890945294162,0.028920223179098897,0.09597195887568882,0.9750962735427875,0.045701144861044374,0.6661503774482161,-0.011296756822814821,-0.32896133488329865,0.5519718852226027,0.7588235977645337,False
GUT_GENOME140786_1,GUT_GENOME140786_01715,1812948,0.14894153170796348,0.0941719784281585,0.0971380622363144,0.006431400430679588,0.031557270587523736,0.0961182962628809,0.43700758150891467,0.05476955327980498,0.8420919120940118,0.0010197659734334924,-0.16799175370834946,0.7373400177281556,0.6916536123571408,False
GUT_GENOME140786_1,GUT_GENOME140786_01715,1813052,0.16180214367911203,0.09757823867441554,0.10139063560744752,0.007923706466557467,0.02078727756469526,0.09978080926960657,0.4195027128877405,0.06422390500469649,1.0255213602116429,0.0016098263378409444,-0.16028001791263138,1.0773837443924117,0.5835110603819383,False
GUT_GENOME140786_1,GUT_GENOME140786_01715,1813075,0.17476593217333242,0.09359405041589967,0.09900441269734225,0.006341895912368585,0.008418809151469291,0.10193387328254505,0.6779313343993283,0.08117188175743274,1.354339042579021,-0.0029294605852027977,-0.2196057811108164,1.8824609413511508,0.3901474748574118,False
GUT_GENOME140786_1,GUT_GENOME140786_01715,1813142,0.15323807155820512,0.07804286716336882,0.0829901111018931,0.005344065898446256,0.007487868528268595,0.08840144429605419,0.8443713328340664,0.0751952043948363,1.238382003736066,-0.005411333194161094,-0.2520423706420181,1.5971153437762022,0.4499775115102951,False
GUT_GENOME140786_1,GUT_GENOME140786_01715,1813355,0.14756381498163101,0.07282866615904922,0.07829485844894124,0.005485091373222001,0.004920874550463994,0.08513014820781747,0.893646777885187,0.0747351488225818,1.229456194523795,-0.006835289758876234,-0.27065263066632755,1.584815380739535,0.45275339194727127,False
GUT_GENOME140786_1,GUT_GENOME140786_01715,1813630,0.10082859090108996,0.05582008185133072,0.05820869304342489,0.004579364215620907,0.018351708668755882,0.07437916605716287,0.9997931302029971,0.04500850904975924,0.6527121419871806,-0.01617047301373798,-0.39265788844770555,0.5802133576577042,0.7481837479551108,False
GUT_GENOME140786_1,GUT_GENOME140786_01715,1813841,0.08334199297508248,0.05841325054423538,0.05750154827235066,0.006350424028972949,0.07192430348974242,0.07256292584789126,0.9911470597008931,0.024928742430847098,0.2631327592421252,-0.015061377575540595,-0.378162674894083,0.21224585766942214,0.8993140896475743,False
GUT_GENOME140786_1,GUT_GENOME140786_01715,1813864,0.0698501523764317,0.052501554614116985,0.05354734658196774,0.006170255771297268,0.1410093984153235,0.07221054625803917,0.9987556187356362,0.01734859776231472,0.1160659064678645,-0.018663199676071433,-0.42523633396007604,0.1942972343640124,0.9074211377392569,False
GUT_GENOME140786_1,GUT_GENOME140786_01718,1815694,0.05822071390703562,0.05309345245841662,0.05193678155615715,0.006039641958711719,0.34958594844367274,0.07232804156948729,0.999632576468636,0.005127261448618997,-0.12104743990564307,-0.020391260013330137,-0.447821048277197,0.21519617398779786,0.8979884371445063,False
GUT_GENOME140786_1,GUT_GENOME140786_01718,1815847,0.050200049603814176,0.051925268250513815,0.05101957362785911,0.005182407162456423,0.5571061814234536,0.07272762015319205,0.9999859780840197,-0.0017252186466996389,-0.25399644357048956,-0.02170804652533294,-0.4650306598567313,0.2807677079532438,0.8690245928221506,False
GUT_GENOME140786_1,GUT_GENOME140786_01718,1815863,0.05179658278510559,0.048895648335822335,0.0491043727905812,0.004720728417082533,0.4072045879427375,0.07270796076901793,0.9999997133313875,0.0029009344492832573,-0.16424172172428594,-0.023603587978436737,-0.4898042521159698,0.2668835485458423,0.8750784195715151,False
GUT_GENOME140786_1,GUT_GENOME140786_01718,1815993,0.049227161634018,0.044523807542637184,0.0448789695981609,0.0042606112606809335,0.33081381600857823,0.0729248719977017,0.9999999999768855,0.0047033540913808194,-0.1292719163006224,-0.0280459023995408,-0.5478626427544685,0.31686470366994546,0.8534806982412193,False
GUT_GENOME140786_1,GUT_GENOME140786_01718,1816021,0.05344408578459647,0.045541986636196304,0.04653562195505715,0.004866917226990123,0.2941336165730719,0.07343996946458085,0.9999999838054489,0.00790209914840017,-0.0672111788168165,-0.026904347509523703,-0.5329432035934221,0.28854580081436576,0.8656514791805879,False
GUT_GENOME140786_1,GUT_GENOME140786_01718,1816088,0.04689016371774152,0.04857645508821913,0.048189276796196834,0.004071403027996351,0.5611273639952249,0.07274418245227596,0.9999999991855983,-0.0016862913704776133,-0.2532411925493826,-0.024554905656079123,-0.5022374047733957,0.31637351235734923,0.8536903351353432,False
GUT_GENOME140786_1,GUT_GENOME140786_01718,1816099,0.03674673237435226,0.041902699708679395,0.04121464877158794,0.004219187259828087,0.6970035280862258,0.06519949845713563,0.9999999934482016,-0.005155967334327133,-0.3205584201833302,-0.02398484968554769,-0.4947871144324664,0.3475719893588391,0.8404767449088455,False
GUT_GENOME140786_1,GUT_GENOME140786_01719,1817150,0.0415897175009789,0.04048884951587152,0.0406611120595127,0.003760878603184088,0.46002993153235816,0.06437334465055357,0.9999999998558766,0.001100867985107383,-0.19916587175664843,-0.02371223259104087,-0.49122417217596676,0.2809682318025496,0.8689374671116723,False
GUT_GENOME140786_1,GUT_GENOME140786_01719,1818091,0.04555708829030071,0.04989350538080884,0.04977671301463541,0.003189354759891766,0.6403058653735985,0.06431321667557884,0.999997415629963,-0.004336417090508131,-0.30465784304141996,-0.014536503660943424,-0.371302886981532,0.23068223520747083,0.8910621350781005,False
GUT_GENOME140786_1,GUT_GENOME140786_01721,1819790,0.04748321560241234,0.053513480259789095,0.05328380771308792,0.0030835875590061817,0.6908159958769708,0.06290866273281324,0.9990997801925768,-0.006030264657376758,-0.3375211776652087,-0.009624855019725327,-0.3071105789953677,0.20823745310337938,0.9011183044009283,False
GUT_GENOME140786_1,GUT_GENOME140786_01721,1819847,0.047052180964479565,0.04952602720470711,0.04956716666421758,0.0028457487554539715,0.5791429273671644,0.060527683750034575,0.999941311485799,-0.002473846240227548,-0.2685210085879848,-0.010960517085816995,-0.32456688276931384,0.1774471934436981,0.9150984748397492,False
GUT_GENOME140786_1,GUT_GENOME140786_01723,1821433,0.04805056290996352,0.04983567569438443,0.04993152428975469,0.0029604845650116366,0.560908172900621,0.06077155400955918,0.9998746641902151,-0.0017851127844209086,-0.25515848502477234,-0.010840029719804488,-0.3229921850104777,0.16942980405797964,0.9187741877223669,False
GUT_GENOME140786_1,GUT_GENOME140786_01723,1821508,0.045903591797876446,0.049683106647148687,0.04975112558782097,0.002953083391831665,0.6432430353232005,0.059021655948988845,0.9991531576031558,-0.0037795148492722405,-0.2938530545442432,-0.009270530361167872,-0.3024797677809133,0.17784362758177719,0.9149171046781086,False
GUT_GENOME140786_1,GUT_GENOME140786_01724,1822076,0.04766675365949296,0.05186305616512742,0.0521115104849575,0.003170538410848798,0.6700359196276225,0.0604107580882656,0.9955726623781981,-0.004196302505634464,-0.3019393974277518,-0.0082992476033081,-0.28978568347468675,0.17514314206592518,0.9161532992663834,False
GUT_GENOME140786_1,GUT_GENOME140786_01729,1825298,0.05318709332353509,0.054207923550492976,0.055773254700032776,0.004182191003306341,0.5340226124614275,0.061145738238203295,0.9005356633902657,-0.0010208302269578834,-0.24033018882840007,-0.005372483538170519,-0.2515346288907912,0.12102826919352248,0.9412804643045753,False
GUT_GENOME140786_1,GUT_GENOME140786_01730,1826230,0.06634091647369741,0.06452724842390573,0.06505974575687755,0.005282113429585477,0.45250590334236185,0.06169383643634059,0.2619882483233517,0.001813668049791689,-0.18533641773506618,0.0033659093205369583,-0.13732906439195608,0.05320885966563697,0.9737463503571355,False
GUT_GENOME140786_1,GUT_GENOME140786_01730,1826548,0.05707649140436924,0.06497958040009849,0.06551713634076403,0.004585475557259309,0.7394200102584851,0.062205937241955105,0.23511467584137574,-0.007903088995729252,-0.37385694608186426,0.003311199098808927,-0.138044094244394,0.1588251880894131,0.9236587497158086,False
GUT_GENOME140786_1,GUT_GENOME140786_01731,1826682,0.06933750359233368,0.06071932673996275,0.06566348226354977,0.006159203885254818,0.3204379376302823,0.06285542615239074,0.32422656289875706,0.008618176852370929,-0.0533181333843224,0.0028080561111590296,-0.14461987194829165,0.02375773070992867,0.9881914098277162,False
GUT_GENOME140786_1,GUT_GENOME140786_01731,1826698,0.09997548977993546,0.09017766887309102,0.09142906450975154,0.008195700708438372,0.35620903480325095,0.0783570113078492,0.0553573379310358,0.009797820906844446,-0.030431164062287276,0.013072053201902342,-0.010475573252143794,0.001035793381146875,0.9994822373947692,False
GUT_GENOME140786_1,GUT_GENOME140786_01731,1826702,0.10724388252528963,0.11542622899136255,0.11453881399203335,0.013116843312653129,0.6032178637803944,0.09542165002915576,0.07249588443797123,-0.008182346466072923,-0.3792749847965656,0.01911716396287759,0.06853040623151126,0.148545930670691,0.9284182332555027,False
GUT_GENOME140786_1,GUT_GENOME140786_01731,1826704,0.12391056783881613,0.1590598018188523,0.13883822947109126,0.031291324816157914,0.8381942213039051,0.10471961999435696,0.13777870063716946,-0.035149233980036165,-0.9024754577716996,0.0341186094767343,0.26459032032673707,0.8844699894908441,0.6425986104143178,False
GUT_GENOME140786_1,GUT_GENOME140786_01731,1827257,0.12971789339723505,0.13982375548344292,0.1288258582610212,0.02922369566837435,0.6125862379090375,0.10306683120077931,0.18903899924095174,-0.010105862086207867,-0.41659424463730776,0.025759027060241885,0.1553355815793576,0.19767990756952628,0.90588768031677,False
GUT_GENOME140786_1,GUT_GENOME140786_01731,1827316,0.11796096906112186,0.1663357572357826,0.11973737943686423,0.027866340905908366,0.9167128612996505,0.0955257536804937,0.1924650275495567,-0.04837478817466073,-1.1590722269169307,0.024211625756370536,0.1351119726992917,1.361703672376867,0.5061856214325873,False
GUT_GENOME140786_1,GUT_GENOME140786_01731,1827497,0.10032555855190343,0.1265559814105369,0.11336266533002726,0.019216589416298287,0.8303447378458837,0.09442388221231916,0.1621786089849397,-0.02623042285863346,-0.7294363484314914,0.018938783117708094,0.06619907535090641,0.5364597039903831,0.7647319857274728,False
GUT_GENOME140786_1,GUT_GENOME140786_01731,1827834,0.08322378021878621,0.11390702618730332,0.1041836485116499,0.014320530108136022,0.914362301383554,0.08561838851538559,0.0974173560514936,-0.03068324596851711,-0.8158281930950412,0.01856525999626432,0.06131735171732711,0.6693354582703461,0.715575811849597,False
GUT_GENOME140786_1,GUT_GENOME140786_01732,1828364,0.07786076786726763,0.09960056961299577,0.09306550710464637,0.011787985826178604,0.8912787033193146,0.07822826304252548,0.10407385708909739,-0.021739801745728135,-0.6423111624415384,0.014837244062120891,0.01259441477644001,0.4127222486805614,0.813539234410069,False
GUT_GENOME140786_1,GUT_GENOME140786_01732,1828387,0.07920536843579683,0.07639338780510205,0.07705524412253409,0.009821878374272458,0.43420203150000497,0.07389171381560163,0.3736921989979357,0.0028119806306947798,-0.1659675671684195,0.0031635303069324633,-0.1399740369704535,0.047137964377609726,0.9767065969860602,False
GUT_GENOME140786_1,GUT_GENOME140786_01732,1828700,0.07843447774813544,0.06750589717186306,0.06842192289764239,0.005776021790350272,0.287129263509759,0.0692202265652979,0.5549627531586075,0.010928580576272384,-0.008492629496161665,-0.0007983036676555144,-0.19175283575352958,0.03684127477527917,0.9817479855849562,False
GUT_GENOME140786_1,GUT_GENOME140786_01732,1828943,0.07787577144047886,0.0650960359052488,0.06685251515904031,0.005312107868113494,0.24439203207028348,0.0668367216176581,0.49881389793117864,0.012779735535230055,0.02742271852371729,1.5793541382203014e-05,-0.18111307249060496,0.033553950518218155,0.9833629744530523,False
GUT_GENOME140786_1,GUT_GENOME140786_01733,1830380,0.07431165046688003,0.06674501399754473,0.06738277351605229,0.004764715550288219,0.32596290239592873,0.06688633768828768,0.4585092752707298,0.0075666364693352944,-0.07371968790083179,0.0004964358277646103,-0.17483136548499514,0.036000598741543995,0.9821607383280383,False
GUT_GENOME140786_1,GUT_GENOME140786_01734,1830833,0.08349835539176025,0.05962673742501877,0.060983938694802224,0.003811545605603016,0.10660043402240105,0.0669851388679035,0.9423116739344527,0.023871617966741476,0.24262286467875516,-0.006001200173101275,-0.2597515790054254,0.1263367372607373,0.9387853983703105,False
GUT_GENOME140786_1,GUT_GENOME140786_01735,1831493,0.08984491134135375,0.06021106938763626,0.0617087185219727,0.003937769749662451,0.04400205190642875,0.06709905253195252,0.9144815960498998,0.029633841953717488,0.35441916722992917,-0.005390334009979819,-0.25176792387334856,0.18900003359145273,0.9098277193448124,False
GUT_GENOME140786_1,GUT_GENOME140786_01735,1831936,0.11570981310095008,0.06462658937053521,0.06696371866752183,0.004038504563914323,0.014914675274562071,0.07009343357666016,0.780820942753859,0.051083223730414865,0.7705712605993051,-0.003129714909138326,-0.22222298526702464,0.6431631228425905,0.7250014954635133,False
GUT_GENOME140786_1,GUT_GENOME140786_01736,1833119,0.12278643608812077,0.0625096015725025,0.06418996153159971,0.0031730530003367123,0.008066270051813904,0.0680372105059666,0.8873347893346187,0.06027683451561827,0.9489419201230296,-0.0038472489743668903,-0.23160072603601695,0.9541296640671925,0.6206022930804389,False
GUT_GENOME140786_1,GUT_GENOME140786_01736,1833258,0.10929006735368393,0.05607850239827289,0.05748944728931287,0.00264340147623859,0.010610864565837461,0.062586656912266,0.9730896442912047,0.053211564955411045,0.8118644626788514,-0.005097209622953132,-0.24793696357778347,0.7205966436689911,0.6974682250316386,False
GUT_GENOME140786_1,GUT_GENOME140786_01736,1833396,0.07831628622696887,0.044417467455189624,0.04648344333532771,0.002538627324040114,0.010819863952764484,0.04570811093994756,0.38002541972241066,0.03389881877177925,0.4371664953108015,0.0007753323953801489,-0.17118635427339904,0.2204193125117467,0.8956463377529913,False
GUT_GENOME140786_1,GUT_GENOME140786_01736,1833560,0.06826336799767557,0.03949757014521338,0.04018995186835044,0.001726380719842694,0.03429220513736546,0.04621853470507067,0.9997603227730423,0.028765797852462194,0.33757773218834775,-0.0060285828367202254,-0.2601094540296603,0.1816156533450358,0.9131931854110398,False
GUT_GENOME140786_1,GUT_GENOME140786_01736,1833564,0.08545979636496999,0.04028035263212548,0.04118905628597903,0.0016579779147763327,0.01570392818234019,0.04588126540120399,0.997673177200259,0.04517944373284451,0.6560285464847986,-0.004692209115224964,-0.24264384934553418,0.48924949142817586,0.7829983065899148,False
GUT_GENOME140786_1,GUT_GENOME140786_01790,1891407,0.09042021160544354,0.04104805589694233,0.042064096592638066,0.0017072637448250832,0.008887071270725674,0.045326474683820575,0.9719900713679169,0.04937215570850121,0.7373738217812618,-0.0032623780911825093,-0.22395681365383954,0.5938768074302846,0.7430897825222086,False
GUT_GENOME140786_1,GUT_GENOME140786_01790,1893061,0.09824317791449211,0.044221230914694806,0.04571294767388329,0.0020864328638744815,0.03809982229793942,0.047894289809037024,0.852101436646455,0.0540219469997973,0.8275871621818588,-0.0021813421351537313,-0.2098283207378017,0.728928435191868,0.69456868888529,False
GUT_GENOME140786_1,GUT_GENOME140786_01790,1893076,0.08200019391579984,0.040976848953971294,0.042464250327301084,0.0021775433334806707,0.022381859073075612,0.0460620904669247,0.9507579283370802,0.041023344961828544,0.5753936255432921,-0.003597840139623616,-0.22834110184385564,0.38321748310712034,0.8256298399534205,False
GUT_GENOME140786_1,GUT_GENOME140786_01790,1893301,0.07567857278504231,0.03825486696132717,0.04001730193177354,0.002469535727945261,0.03203203079597766,0.045753982774984735,0.9899098728326167,0.03742370582371514,0.5055549057939119,-0.005736680843211196,-0.2562944696857354,0.3212726179637835,0.8516017346947191,False
GUT_GENOME140786_1,GUT_GENOME140786_01790,1893397,0.06991664163571762,0.05836981543856456,0.05808441073718473,0.004445315576312572,0.2632015772270574,0.06290752094629595,0.8610363232610794,0.01154682619715306,0.0035023180517185656,-0.00482311020911122,-0.2443546482947824,0.05972146037500219,0.9705806967278627,False
GUT_GENOME140786_1,GUT_GENOME140786_01790,1893499,0.0761990562454692,0.0641562491013228,0.06310567938962697,0.003889048283010204,0.25481536154391815,0.06933863201427021,0.9454988366085206,0.012042807144146406,0.013125136625764502,-0.00623295262464324,-0.26278044483696844,0.06922583140016,0.9659792593038365,False
GUT_GENOME140786_1,GUT_GENOME140786_01790,1893706,0.07686639337715309,0.059542331785742066,0.059470767633469285,0.003345658726756139,0.1725868375547288,0.07078275512912768,0.9996390111350104,0.017324061591411026,0.11558986575997177,-0.011311987495658399,-0.3291603906613946,0.12170757984677019,0.9409608076706396,False
GUT_GENOME140786_1,GUT_GENOME140786_01792,1895878,0.08596258945674352,0.07781755730875153,0.07888695286765628,0.00562122887357723,0.35730013983675457,0.07023564701783666,0.0618970536427372,0.00814503214799199,-0.06249789256077765,0.008651305849819615,-0.06825209520700767,0.008564335074684947,0.9957269878690763,False
GUT_GENOME140786_1,GUT_GENOME140786_01792,1895967,0.09218058710886957,0.1058833306983733,0.10519521537250517,0.0063223552956947655,0.726551095683676,0.07023375402230315,1.602834429917358e-08,-0.013702743589503727,-0.4863794618888529,0.03496146135020202,0.27560588984331746,0.31252358746361697,0.8553352396535143,False
GUT_GENOME140786_1,GUT_GENOME140786_01792,1896009,0.08027616572833907,0.10873503583652461,0.10687034795146655,0.006929222756312738,0.9107890792224437,0.0630057591338045,1.222818598710339e-10,-0.02845887010818554,-0.7726717664737879,0.043864588817662045,0.3919644370804295,0.7506577786415017,0.6870632738542535,False
GUT_GENOME140786_1,GUT_GENOME140786_01792,1896021,0.07389391757300602,0.0995886510501457,0.0988130641323914,0.007134654824166989,0.9002683065279635,0.06232007774664219,1.5696054952765232e-07,-0.025694733477139672,-0.719043123124337,0.03649298638574921,0.2956220053987626,0.6044153829883865,0.7391845266069708,False
GUT_GENOME140786_1,GUT_GENOME140786_01795,1897966,0.09631121112765487,0.1787914774488073,0.17044300565839554,0.012030166605319706,0.9996488722978588,0.05611741987277977,1.0172759105859567e-21,-0.08248026632115243,-1.820772702659564,0.11432558578561577,1.3128474946391537,5.038781778930515,0.08050863047254218,False
GUT_GENOME140786_1,GUT_GENOME140786_01795,1898579,0.1310310772032,0.2080084575709296,0.19844448570734455,0.013813618440396882,0.9887485105733799,0.055592902488168894,2.289986849072285e-25,-0.07697738036772958,-1.7140079700938098,0.14285158321917565,1.68566520751478,5.779290513370949,0.055595931398700796,False
GUT_GENOME140786_1,GUT_GENOME140786_01795,1898801,0.059083393247797426,0.07648670640186707,0.07031715510644129,0.008109524086735308,0.8493405317846084,0.05610088685291482,0.0397981193763984,-0.017403313154069643,-0.5581763923078994,0.014216268253526475,0.004478632628927849,0.3115809430800869,0.8557384731523452,False
GUT_GENOME140786_1,GUT_GENOME140786_01805,1908451,0.04567465091466601,0.07370922880631377,0.06418243881658786,0.0072354438637337835,0.9973825242693048,0.056062567795318194,0.13088118879167265,-0.02803457789164776,-0.764439823196786,0.008119871021269667,-0.07519763033803699,0.5900229268975896,0.7445230526150999,False
GUT_GENOME140786_1,GUT_GENOME140786_01805,1908452,0.042612189063341244,0.07155714888602056,0.0665454248439936,0.00756473409146903,0.9921567815722625,0.05712125157446605,0.10641824639457897,-0.02894495982267932,-0.7821026794184058,0.009424173269527554,-0.058151180613479216,0.6150661609601912,0.7352585444398483,False
GUT_GENOME140786_1,GUT_GENOME140786_01805,1908466,0.05762654349378012,0.09699700675693722,0.08938096233178694,0.009969067978457768,0.9932319375618797,0.057247016579026755,0.0006334698010339239,-0.039370463263157095,-0.9843740141520675,0.032133945752760185,0.23865195332931305,1.0259469545657514,0.5987126708819559,False
GUT_GENOME140786_1,GUT_GENOME140786_01805,1908468,0.07821847089541903,0.10770770648744898,0.10100527621122565,0.011142387341627874,0.9423783799403435,0.05742625174059627,4.5937790476703114e-05,-0.029489235592029955,-0.792662494295288,0.043579024470629384,0.3882322819826979,0.7790381346359205,0.6773825715896207,False
GUT_GENOME140786_1,GUT_GENOME140786_01805,1908514,0.12071939628572317,0.16279501993100923,0.15776065053323687,0.016739688276124553,0.9466567048572007,0.09989743488045331,0.00027346904480880264,-0.04207562364528605,-1.0368584245487293,0.05786321565278356,0.5749181112586885,1.4056062272109309,0.4951952678945225,False
GUT_GENOME140786_1,GUT_GENOME140786_01805,1908780,0.10812822101021718,0.1709493336524219,0.1533880777798204,0.021881283399000577,0.9961723105534357,0.09884684839914058,0.006340627812174406,-0.06282111264220472,-1.4393538793789593,0.054541229380679804,0.5315017389809255,2.3542336886230073,0.30816594941314823,False
GUT_GENOME140786_1,GUT_GENOME140786_01805,1908934,0.13757150880916758,0.1991307489584137,0.1746538389661897,0.02877310581034098,0.9820008087763259,0.10854448673504447,0.010792021170312655,-0.06155924014924613,-1.4148715476746276,0.06610935223114522,0.6826901808021016,2.4679273793828025,0.2911363136535579,False
GUT_GENOME140786_1,GUT_GENOME140786_01805,1909219,0.17653610085449437,0.21679083657129758,0.1995870954582435,0.029926387162482845,0.8573157127746667,0.10702119473206112,0.0009903208039724577,-0.040254735716803214,-1.0015303050197835,0.09256590072618237,1.0284614346723975,2.0607958744814265,0.35686492246734264,False
GUT_GENOME140786_1,GUT_GENOME140786_01805,1909352,0.17314081989626517,0.21029371714052303,0.19742250982560994,0.026393794376231884,0.8429058844910433,0.10721104120797725,0.0003155262237533372,-0.037152897244257854,-0.9413497092766565,0.09021146861763268,0.9976904162049499,1.8815254417424518,0.3903300089492588,False
GUT_GENOME140786_1,GUT_GENOME140786_01805,1909360,0.19121100487338297,0.1780690312320532,0.17928691258580676,0.01243407483665204,0.36492085985378186,0.10657638990166195,2.492343073768384e-09,0.013141973641329768,0.03445071344314776,0.07271052268414481,0.7689635276437494,0.5924917585030613,0.7436045686056693,False
GUT_GENOME140786_1,GUT_GENOME140786_01805,1909376,0.18936238136876715,0.1721191901645896,0.1739804602947625,0.011856754585131747,0.31594668492936373,0.10658440051088547,6.571659473738613e-09,0.017243191204177555,0.11402085173014255,0.06739605978387703,0.6995066783870346,0.5023103477373294,0.7779016521841433,False
GUT_GENOME140786_1,GUT_GENOME140786_01805,1909748,0.21376497898541216,0.17464282762087682,0.17797901873372668,0.01083685852500709,0.1567647424571208,0.11240745355136433,7.206820744702118e-10,0.03912215136453534,0.5385074484193637,0.06557156518236235,0.6756616259546036,0.7465089047907523,0.6884900226181225,False
GUT_GENOME140786_1,GUT_GENOME140786_01805,1909753,0.22903479308200697,0.1658352106196228,0.17094197365232938,0.010190548642754755,0.04940689049010715,0.10663988741763945,1.3954212516609874e-10,0.06319958246238416,1.0056478750591793,0.06430208623468993,0.6590702959260106,1.445701303583042,0.4853666706184574,False
GUT_GENOME140786_1,GUT_GENOME140786_01805,1909765,0.22031724790682328,0.13802394745442997,0.14536687628556394,0.009893121854782793,0.013482406528617607,0.10013593004471176,2.4159289529848562e-06,0.0822933004523933,1.3760963473960015,0.04523094624085218,0.4098219107996511,2.061595155888094,0.35672233321286545,False
GUT_GENOME140786_1,GUT_GENOME140786_01805,1909897,0.1774150514899386,0.11687068609717957,0.13240105788092757,0.010471021390616033,0.04432200047380201,0.09767808081781194,0.0004564122023221755,0.060544365392759036,0.954132444293942,0.034722977063115626,0.27248904295039433,0.984618999782354,0.6112131661468694,False
GUT_GENOME140786_1,GUT_GENOME140786_01805,1910470,0.14397483232059805,0.11624789890015685,0.1280522752793885,0.009827629211610268,0.133539330653962,0.09714513375395536,0.0008306514809315614,0.02772693342044119,0.31742211126587405,0.03090714152543314,0.22261835635365979,0.15031572930609,0.9275970399846236,False
GUT_GENOME140786_1,GUT_GENOME140786_01805,1910471,0.12447162262411005,0.10963160106638284,0.12688456717902258,0.010578287811189378,0.2724019394535765,0.09711534358908865,0.0024450792353951237,0.014840021557727207,0.06739554152290164,0.029769223589933932,0.2077464500113466,0.04770074650948209,0.9764317991402701,False
GUT_GENOME140786_1,GUT_GENOME140786_01805,1910815,0.1265501377646339,0.09323125204034557,0.11238159743806038,0.01026604657804629,0.09373632591948339,0.10079129099639375,0.1294501525661113,0.033318885724288316,0.4259148725722093,0.011590306441666628,-0.029841116542912043,0.18229397091472893,0.9128835204357123,False
GUT_GENOME140786_1,GUT_GENOME140786_01805,1910851,0.11040165388433697,0.11141540697289956,0.11131194392720674,0.009146854700785979,0.5158374723022686,0.10875889632444996,0.3900773105978902,-0.001013753088562594,-0.2401928810966936,0.0025530476027567778,-0.14795268052361962,0.07958261580365464,0.9609899692400766,False
GUT_GENOME140786_1,GUT_GENOME140786_01805,1910902,0.11110445582113869,0.11376988235789388,0.11327600622905402,0.009850829399975532,0.5378891158468315,0.11097700372609988,0.4077325429520861,-0.0026654265367551944,-0.2722379707959548,0.002299002502954145,-0.1512728979251767,0.09699700238978007,0.9526587671545932,False
GUT_GENOME140786_1,GUT_GENOME140786_01805,1911050,0.1283929499616962,0.12741278579137602,0.12701558604967067,0.0115191004899884,0.487803517965972,0.12069349724130626,0.29155924627582347,0.0009801641703201802,-0.20150771758345612,0.006322088808364407,-0.09869356783943005,0.05034578057857009,0.9751413049911792,False
GUT_GENOME140786_1,GUT_GENOME140786_01805,1911184,0.1574262227654838,0.22154953973638947,0.1924964369987363,0.023542508292014395,0.9690004975729858,0.13491402440933573,0.007224730936393693,-0.06412331697090567,-1.4646187127911885,0.05758241258940058,0.5712481832885014,2.4714324607685314,0.2906265322535121,False
GUT_GENOME140786_1,GUT_GENOME140786_01805,1911241,0.11710993018418096,0.13156653196449955,0.12852352825614358,0.01572253279201681,0.7095987817973028,0.1306010388339022,0.552561588475973,-0.014456601780318587,-0.501005508806069,-0.0020775105777586234,-0.20847130442864303,0.29446680462420805,0.8630925061188129,False
GUT_GENOME140786_1,GUT_GENOME140786_01805,1911250,0.11397723245927259,0.11574696522869483,0.12544103536013002,0.014965071550082275,0.5316867735787881,0.1396326196060984,0.8285151426212778,-0.0017697327694222442,-0.25486008829220547,-0.014191584245968392,-0.3667949966714072,0.19949223418748838,0.9050671699531476,False
GUT_GENOME140786_1,GUT_GENOME140786_01805,1911269,0.14364226335534597,0.1868304051491319,0.1699011000087897,0.02642091130427872,0.9518337589811363,0.1633159649765125,0.4015877588207352,-0.04318814179378594,-1.0584430446198136,0.006585135032277201,-0.0952557111331694,1.1293753292075466,0.5685376934747963,False
GUT_GENOME140786_1,GUT_GENOME140786_01805,1911274,0.18011118442342602,0.2897307482941531,0.2353591334712073,0.032144052232445375,0.9999786539842848,0.18768638317098113,0.06902430864149454,-0.10961956387072705,-2.347318204315921,0.04767275030022616,0.4417348283698965,5.705032410907902,0.057698955640266926,False
GUT_GENOME140786_1,GUT_GENOME140786_01805,1911290,0.37765287203040415,0.548143851068569,0.4781024749157977,0.04795467453603499,0.9982487326725982,0.22545880378228328,6.881474190057488e-08,-0.17049097903816485,-3.5283203941229053,0.25264367113351444,3.120582083021045,22.18707734045558,1.5210285668769562e-05,False
GUT_GENOME140786_1,GUT_GENOME140786_01805,1911318,0.24404339485624427,0.33796755673142137,0.2953226441559038,0.03376989652428598,0.987489270536215,0.2246160449439267,0.018139969078031327,-0.0939241618751771,-2.0428024628031283,0.07070659921197711,0.7427734472649155,4.724754295996333,0.09419603891691927,False
GUT_GENOME140786_1,GUT_GENOME140786_01805,1911334,0.22295782216613763,0.29507380611359796,0.27293144336716374,0.029793941900292924,0.9623759201986386,0.2104005100334125,0.017918143484243417,-0.07211598394746033,-1.6196891539127618,0.06253093333375123,0.635922387593657,3.027790238345456,0.22005118091300432,False
GUT_GENOME140786_1,GUT_GENOME140786_01805,1911335,0.12573000042196888,0.15406233527123114,0.14418350918270634,0.015037789005551737,0.9018411129607531,0.1452946103658145,0.5294499575616564,-0.02833233484926226,-0.7702167813635332,-0.0011111011831081707,-0.1958409120627226,0.6315875531315598,0.729209814815012,False
GUT_GENOME140786_1,GUT_GENOME140786_01805,1911340,0.11651429185878469,0.08624264972867374,0.0898932321111696,0.009488368942255567,0.09415919021682101,0.10673194784761776,0.9620237347746591,0.03027164213011095,0.3667935042304413,-0.016838715736448157,-0.40139142087218416,0.2956525474954377,0.8625809548826837,False
GUT_GENOME140786_1,GUT_GENOME140786_01805,1911343,0.09642755143849324,0.048024122027470015,0.07265996405297283,0.0109309443130673,0.012014531046288397,0.07777496811095701,0.6800855307714776,0.04840342941102323,0.7185789921309548,-0.005115004057984179,-0.24816952619318863,0.5779438816628905,0.749033222357248,False
GUT_GENOME140786_1,GUT_GENOME140786_01805,1911512,0.1998783673676893,0.18778907584857235,0.1894903767845442,0.020868212638201992,0.39471288115712594,0.07619922733490311,2.8353429375046357e-08,0.012089291519116946,0.014027007372173298,0.11329114944964108,1.29932803086609,1.6884500887301699,0.42989037512600514,False
GUT_GENOME140786_1,GUT_GENOME140786_01805,1911934,0.12193653538006737,0.060502651951277304,0.09362230789012023,0.014021164679695549,0.00915434040825684,0.07653097156643199,0.11142836870370787,0.06143388342879006,0.9713905077960932,0.01709133632368824,0.042054051499940716,0.9453680618839114,0.623326992108109,False
GUT_GENOME140786_1,GUT_GENOME140786_01805,1913425,0.11894458607631521,0.07897840904740973,0.10074101063263065,0.015317236302332313,0.07740159163283898,0.07679944072751134,0.05902069605429774,0.03996617702890548,0.554882887615784,0.02394156990511931,0.13158250435916927,0.32520897442226154,0.8499272790546109,False
GUT_GENOME140786_1,GUT_GENOME140786_01805,1913426,0.09567394382347905,0.07953411958115636,0.09367390702387556,0.014324101533508814,0.2589589503340907,0.07696238620769891,0.12167153115620133,0.016139824242322687,0.09261377922284295,0.016711520816176648,0.03709009014661823,0.009952986889021761,0.9950358687836401,False
GUT_GENOME140786_1,GUT_GENOME140786_01805,1913539,0.06786350977189907,0.07325615401782941,0.07744269897854311,0.010015948057187344,0.6343116590932111,0.07702057650229223,0.48319153985845587,-0.005392644245930334,-0.3251503283903478,0.00042212247625088295,-0.17580259651072874,0.13662928899226512,0.9339665599028331,False
GUT_GENOME140786_1,GUT_GENOME140786_01805,1913655,0.059686878014398204,0.06052497247062702,0.06345359124187779,0.007883442467470747,0.5216492960286516,0.07960987199268942,0.9797882048193023,-0.0008380944562288162,-0.2367848244764548,-0.01615628075081163,-0.3924724040657114,0.21010164105546453,0.9002787687815236,False
GUT_GENOME140786_1,GUT_GENOME140786_01805,1913749,0.04987616931866797,0.0637907394308975,0.06180067083543189,0.006985903349961161,0.8525284739264947,0.08469942784237937,0.9994769988153214,-0.013914570112229525,-0.4904892330599393,-0.022898757006947476,-0.48059253317900513,0.4715488706951406,0.7899588406293132,False
GUT_GENOME140786_1,GUT_GENOME140786_01805,1913959,0.04795098210437779,0.06302461330949431,0.0601735629956215,0.0072352727686673165,0.9321990634862278,0.08715412046596377,0.9999038913005992,-0.015073631205116525,-0.5129768602171911,-0.026980557470342267,-0.533939222167598,0.5482363520872273,0.7602422275334243,False
GUT_GENOME140786_1,GUT_GENOME140786_01805,1914014,0.05115492376272152,0.033827747200940006,0.044411063176184734,0.006970458023795313,0.05910880720181802,0.09421139730153895,0.9999999999995484,0.017327176561781517,0.11565030113540396,-0.049800334125354215,-0.8321800447950739,0.7058986191078409,0.702612808231238,False
GUT_GENOME140786_1,GUT_GENOME140786_01806,1914498,0.054175303305183053,0.06744819168182901,0.06417532244035912,0.007306368562104463,0.8672151436574509,0.09327966187153655,0.9999660348204836,-0.013272888376645961,-0.47803958764264787,-0.029104339431177434,-0.5616957812547685,0.5440239980329575,0.7618451196428486,False
GUT_GENOME140786_1,GUT_GENOME140786_01806,1914957,0.05383418424028457,0.07081721728825374,0.06800124697170336,0.00678180676223378,0.9217084238414469,0.08702953979979645,0.99749029274971,-0.016983033047969172,-0.550022290349342,-0.019028292828093096,-0.43000788293887315,0.4874312992707075,0.7837104509348607,False
GUT_GENOME140786_1,GUT_GENOME140786_01806,1915086,0.058956412880771025,0.08032125351679856,0.07680098862520225,0.007853403265517027,0.9551711420878665,0.08697122485482961,0.9023416203382362,-0.021364840636027532,-0.6350363210331239,-0.010170236229627358,-0.3142383849833823,0.5020168916282493,0.7780158005543711,False
GUT_GENOME140786_1,GUT_GENOME140786_01806,1915170,0.05750228203009057,0.07314853936343696,0.07151739177715194,0.00598904858227312,0.891975638904748,0.08107258806472933,0.9446935952930702,-0.01564625733334639,-0.5240867171101178,-0.009555196287577394,-0.30620018105882946,0.36842543793172056,0.8317588541237657,False
GUT_GENOME140786_1,GUT_GENOME140786_01806,1915186,0.06505278560511206,0.06952449741817066,0.0693274477208676,0.00545501448055481,0.6344551057920501,0.07693542801472601,0.9184432869504624,-0.004471711813058596,-0.30728277566639534,-0.00760798029385841,-0.2807512334823606,0.1732439593231112,0.9170236837236342,False
GUT_GENOME140786_1,GUT_GENOME140786_01806,1915188,0.058626757425757764,0.067265795993922,0.06664927429002233,0.004907685381369025,0.7644588307525553,0.0759736696960136,0.9712806749058992,-0.00863903856816424,-0.3881355373425152,-0.009324395405991268,-0.30318375167706885,0.24256958262914557,0.8857816607447325,False
GUT_GENOME140786_1,GUT_GENOME140786_01808,1916640,0.06334978142343749,0.062474872798628664,0.06269697575676367,0.0033098713896392664,0.4736971453910319,0.07198101337029815,0.9974838134059408,0.0008749086248088234,-0.20354984243625135,-0.009284037613534482,-0.302656299484889,0.13303337397370957,0.9356473025918229,False
GUT_GENOME140786_1,GUT_GENOME140786_01808,1917183,0.05564485239311356,0.06465859322673534,0.06440502230819244,0.003064120265948488,0.7687262111786065,0.06951597791655337,0.9523422339418324,-0.009013740833621782,-0.3954053567612646,-0.0051109556083609314,-0.24811661537971938,0.21790725098299055,0.896772003894875,False
GUT_GENOME140786_1,GUT_GENOME140786_01808,1917339,0.060529524299530256,0.06372745377353392,0.0636577666014121,0.002689891774541383,0.6064893814990565,0.06554032077880549,0.7579933870340716,-0.003197929474003665,-0.2825693740209205,-0.0018825541773933863,-0.20592334096254797,0.12224987348775265,0.9407057037263075,False
GUT_GENOME140786_1,GUT_GENOME140786_01810,1918188,0.06989947197036053,0.0611330777707847,0.0613400922275988,0.002565194677551957,0.2710171537171505,0.06227234880983479,0.641856388208279,0.008766394199575832,-0.05044248130469061,-0.000932256582235988,-0.193503520172654,0.03998805623938277,0.9802045269533896,False
GUT_GENOME140786_1,GUT_GENOME140786_01812,1919172,0.07941844772365096,0.05996339683622791,0.06042121416427397,0.0025821914005174497,0.13987806881841347,0.06116382968263941,0.6131701583325282,0.019455050887423053,0.15693444462548364,-0.0007426155183654429,-0.1910250249731719,0.061118980075909934,0.9699027308006343,False
GUT_GENOME140786_1,GUT_GENOME140786_01813,1920291,0.10300869684075864,0.05925771812008662,0.060267568267325225,0.002562919132438081,0.022731542258601106,0.06098984057996542,0.610957803002278,0.04375097872067202,0.628314055162428,-0.0007222723126401945,-0.19075915145030173,0.4311676057766938,0.8060707163733078,False
GUT_GENOME140786_1,GUT_GENOME140786_01816,1922913,0.11281899831723748,0.052503865157476605,0.05416141579452357,0.0023452568470090783,0.0011296713505568876,0.06074674067476556,0.9975069726342212,0.06031513315976087,0.949684974682787,-0.006585324880241994,-0.26738573931331866,0.9733966847263757,0.6146524195779288,False
GUT_GENOME140786_1,GUT_GENOME140786_01817,1923908,0.11666442552977256,0.05265320920851341,0.05474125498101604,0.0024970146194158815,0.00038730017151071766,0.06207172855960671,0.9983359937019608,0.06401121632125915,1.0213948617526252,-0.0073304735785906655,-0.2771243868090859,1.1200453893789761,0.5711961005835771,False
GUT_GENOME140786_1,GUT_GENOME140786_01817,1924084,0.1052574170511303,0.050545585643631714,0.051337074210851846,0.0018058054134962723,0.0013190030442000289,0.062489781669953746,0.9999999996713314,0.054711831407498586,0.8409720160408956,-0.0111527074591019,-0.327078695917011,0.8142144050866609,0.665572835376151,False
GUT_GENOME140786_1,GUT_GENOME140786_01817,1924094,0.10037716920041506,0.051634087246050876,0.05203000448562133,0.001900826457464534,0.0025651001584829055,0.0629185498747678,0.999999994928545,0.048743081954364186,0.7251687912403693,-0.010888545389146471,-0.3236262557708372,0.6306037292132696,0.7295686100842524,False
GUT_GENOME140786_1,GUT_GENOME140786_01817,1924095,0.08117656849998083,0.051633233135813576,0.05161135085238972,0.001965615557378167,0.023671435249195592,0.06281304563888529,0.9999999939681238,0.02954333536416725,0.3526631955615068,-0.011201694786495568,-0.32771893096580584,0.23177102721702422,0.890577176428509,False
GUT_GENOME140786_1,GUT_GENOME140786_01817,1924096,0.05411508792967434,0.05270647988004448,0.05240599145789245,0.0020089589484224213,0.44654511435948513,0.06270374452835961,0.9999998519520136,0.0014086080496298545,-0.19319522545094533,-0.01029775307046716,-0.31590495377088035,0.13712033495402365,0.933737277797169,False
GUT_GENOME140786_1,GUT_GENOME140786_01817,1924277,0.04607481822540946,0.05186268538929537,0.05128672330309624,0.0025880877435680615,0.6940201484957254,0.06218486498007935,0.9999872814286619,-0.005787867163885914,-0.3328182810785437,-0.010898141676983109,-0.3237516735092242,0.21558315432009983,0.8978147020211624,False
GUT_GENOME140786_1,GUT_GENOME140786_01817,1924278,0.03248821892065055,0.045615226038989244,0.04518262600285352,0.0020432585532000197,0.9583003250569896,0.06192586931704996,0.9999999999999999,-0.013127007118338696,-0.47520925940009306,-0.016743243314196438,-0.40014365345618114,0.3859387836208453,0.8245072104258924,False
GUT_GENOME140786_1,GUT_GENOME140786_01822,1928672,0.04146384954170861,0.042840458949611436,0.042557078614223066,0.002212165898636508,0.5555789811217837,0.061707163673779264,1.0,-0.0013766094079028235,-0.24723287033544145,-0.019150085059556197,-0.4315996345081512,0.2474023366818709,0.8836438621931844,False
GUT_GENOME140786_1,GUT_GENOME140786_01822,1928963,0.03974695246443327,0.041424134918510915,0.041391179595627485,0.002111900556150782,0.5624250335764923,0.06164921842955912,1.0,-0.0016771824540776428,-0.2530644650955269,-0.020258038833931638,-0.4460799271989377,0.2630289249438947,0.8767665948338206,False
GUT_GENOME140786_1,GUT_GENOME140786_01822,1929036,0.04169048821624456,0.04172446530699616,0.04191667597363601,0.002101443715727239,0.5012490708038104,0.06173721475515973,1.0,-3.3977090751598216e-05,-0.2211836696999773,-0.01982053878152372,-0.44036206336958056,0.24284096259706314,0.8856614771994312,False
GUT_GENOME140786_1,GUT_GENOME140786_01823,1929575,0.04842316326822242,0.04593650565747482,0.0460449440171724,0.002319456161723965,0.41327063538545095,0.06230061292282858,0.9999999999987946,0.0024866576107476016,-0.1722793507518208,-0.016255668905656183,-0.39377134776303085,0.18473604901458268,0.9117695342579445,False
GUT_GENOME140786_1,GUT_GENOME140786_01823,1929577,0.07408558397202637,0.06869201502212437,0.06910315353049121,0.0037955797179274457,0.36986593244871513,0.08910981617333008,0.9999999321745363,0.005393568949902006,-0.1158806511705341,-0.020006662642838874,-0.44279459083680456,0.20949537499004017,0.9005517143823145,False
GUT_GENOME140786_1,GUT_GENOME140786_01823,1929587,0.09618194192420033,0.07695561485697014,0.07786608913947053,0.004224757294433734,0.20295796317404918,0.0980500206400837,0.999999112720063,0.019226327067230195,0.15249683903071043,-0.020183931500613164,-0.4451113887077086,0.2213794342716633,0.895216476172078,False
GUT_GENOME140786_1,GUT_GENOME140786_01824,1929861,0.09364244291741297,0.06012046790121843,0.06398489506745296,0.006279912509659252,0.0715115498792629,0.09975267352255862,0.9999999938525365,0.03352197501619454,0.42985512758037453,-0.03576777845510566,-0.6487829410490299,0.605694735303369,0.7387118390888994,False
GUT_GENOME140786_1,GUT_GENOME140786_01824,1929862,0.0910813909479126,0.059224237059841985,0.06257772068921628,0.0070555191906515975,0.06731768797404947,0.09653399223691377,0.9999992555684215,0.03185715388807061,0.3975549519964321,-0.03395627154769748,-0.6251076300050845,0.5488094889474591,0.7600243973248934,False
GUT_GENOME140786_1,GUT_GENOME140786_01824,1929863,0.21648097535919655,0.0892947729568501,0.10551973826985894,0.011391374961630469,0.004095034848834431,0.08067927259358497,0.0146050992489961,0.12718620240234646,2.2470899880703255,0.024840465676273973,0.14333053407472945,5.069957056484043,0.07926342117145596,False
GUT_GENOME140786_1,GUT_GENOME140786_01824,1929871,0.22422438775930384,0.08792454037246969,0.1065572730659321,0.013113601928212348,0.0025218567219260817,0.08038855377711633,0.02299199931131658,0.13629984738683415,2.4239091839802147,0.02616871928881577,0.16069001379493858,5.901157012717047,0.05230943585230371,False
GUT_GENOME140786_1,GUT_GENOME140786_01824,1930222,0.19283712914608628,0.08681707131788256,0.1024912398364603,0.012481507396017248,0.010391061711079515,0.08001396485938833,0.035863563533512444,0.10602005782820371,1.836433146545049,0.02247727497707197,0.11244504606970951,3.385130590114968,0.1840467835886405,False
GUT_GENOME140786_1,GUT_GENOME140786_01826,1931594,0.18481788689050468,0.08311455115505553,0.09827445644616752,0.0123594105088261,0.009631159785838103,0.08036636715391066,0.07367666084868259,0.10170333573544915,1.7526818779026463,0.01790808929225686,0.0527285239503903,3.0746740623663333,0.21495275242156542,False
GUT_GENOME140786_1,GUT_GENOME140786_01826,1931643,0.20572860689542916,0.08306217086557996,0.10999322014394991,0.015070026479700715,0.002006517637722554,0.08103990436465777,0.027349984105702507,0.1226664360298492,2.159399337727262,0.028953315779292138,0.1970830232691507,4.7018472178378445,0.09528111907171243,False
GUT_GENOME140786_1,GUT_GENOME140786_01826,1931714,0.1603877008898337,0.08105365959423726,0.0988670383127034,0.013159495529341406,0.014976407348890984,0.08075347258293064,0.0843390847342359,0.07933404129559644,1.3186820169624123,0.018113565729772754,0.05541397800551771,1.7419929708184516,0.41853427807848587,False
GUT_GENOME140786_1,GUT_GENOME140786_01826,1931848,0.10111671926833761,0.06334748107166198,0.07737743188687099,0.010551599770205911,0.04192601214658184,0.08130567482312982,0.6451611000341559,0.03776923819667563,0.5122587829420456,-0.003928242936258833,-0.2326592686408678,0.3165393959857693,0.8536195314465074,False
GUT_GENOME140786_1,GUT_GENOME140786_01826,1931993,0.08987825232150094,0.06273181841417039,0.06763458028126904,0.007787095192669929,0.10321308550736974,0.1046518905062423,0.9999990012337253,0.027146433907330556,0.3061594981940445,-0.03701731022497326,-0.6651135734026392,0.536109703858857,0.7648658255859166,False
GUT_GENOME140786_1,GUT_GENOME140786_01826,1931994,0.08197303269460361,0.06272115087754464,0.06968627766656454,0.010627092565849696,0.16068035754884424,0.10598821022587063,0.9996822350868844,0.019251881817058974,0.15299264178845381,-0.03630193255930608,-0.6557640154852509,0.4534331924467505,0.7971466646559573,False
GUT_GENOME140786_1,GUT_GENOME140786_01826,1931996,0.08222161934810135,0.05966165992469216,0.06984568353348419,0.011796333805956294,0.13152127600604557,0.11023269191318136,0.9996911165165345,0.022559959423409187,0.21717460447824113,-0.040387008379697165,-0.7091535114293954,0.5500635116029222,0.7595480027864119,False
GUT_GENOME140786_1,GUT_GENOME140786_01826,1932096,0.07878298589034839,0.05893385700032084,0.06808522590952733,0.011508093435955657,0.14522377438126516,0.10719054887854552,0.9996606864473431,0.019849128890027552,0.16458018413639347,-0.0391053229690182,-0.6924026502352052,0.5065080670631051,0.776270657997374,False
GUT_GENOME140786_1,GUT_GENOME140786_01826,1932413,0.06446684731338359,0.05459013889370504,0.06214547912006907,0.01096256560654001,0.27235798248354903,0.09673841058809374,0.9991990228644854,0.009876708419678554,-0.028900620946947547,-0.03459293146802467,-0.6334283941055789,0.4020667763502918,0.8178851234062279,False
GUT_GENOME140786_1,GUT_GENOME140786_01826,1932464,0.09991050705940431,0.08137690458968379,0.08819404711484684,0.012876332651084347,0.24565841164340635,0.09706256433634089,0.7545083068458549,0.018533602469720523,0.13905688097582164,-0.008868517221494052,-0.2972256966611137,0.10767993090240821,0.947583740504493,False
GUT_GENOME140786_1,GUT_GENOME140786_01826,1933074,0.1213327262131448,0.08844694379795554,0.09539219177163238,0.012341772780448401,0.12361026161983657,0.09684601144520086,0.5468856139475197,0.03288578241518926,0.41751198009711776,-0.0014538196735684739,-0.2003200376067528,0.2144443709913869,0.8983260557951028,False
GUT_GENOME140786_1,GUT_GENOME140786_01826,1933196,0.11670679087668906,0.1129896255440814,0.11378850657318562,0.014091150202527769,0.44436149460423746,0.10018399622529327,0.16715601439712074,0.003717165332607658,-0.1484055454510281,0.013604510347892354,-0.003516677044057485,0.022036572938049368,0.9890421925205847,False
GUT_GENOME140786_1,GUT_GENOME140786_01826,1933208,0.14263632898278267,0.09312627319949802,0.10524014890883712,0.014127334413541132,0.07498095689331195,0.09955238157353556,0.3436185856499433,0.04951005578328464,0.740049302379927,0.005687767335301561,-0.10698376983380344,0.5591184969608689,0.756116927709015,False
GUT_GENOME140786_1,GUT_GENOME140786_01826,1933241,0.08589515140729258,0.05643011846857806,0.059657134936513916,0.00769400867547391,0.08305594850620474,0.10194884624447398,0.9999999806525584,0.029465032938714518,0.35114400407117424,-0.04229171130796006,-0.7340468386855727,0.6621268729794201,0.7181596100708207,False
GUT_GENOME140786_1,GUT_GENOME140786_01826,1933256,0.11538174057783762,0.05962555993747414,0.07310899745918124,0.009515752495345276,0.012974148263091716,0.11794115844209724,0.9999987696704941,0.05575618064036348,0.8612340508160696,-0.044832160982915994,-0.7672489954094053,1.330395111241798,0.5141719401154844,False
GUT_GENOME140786_1,GUT_GENOME140786_01826,1933307,0.13817638722516365,0.07702383854785323,0.09270048486930425,0.01135619027219854,0.02098200870012554,0.13377576436788463,0.9998509782711853,0.06115254867731042,0.965932166526183,-0.04107527949858038,-0.7181488030043188,1.4487626535865017,0.4846243002978605,False
GUT_GENOME140786_1,GUT_GENOME140786_01826,1933365,0.1442460168641456,0.08392454056643936,0.1328796550196102,0.026635771626752233,0.023150483300484026,0.13231170208961626,0.4914940227151533,0.060321476297706234,0.949808041639307,0.0005679529299939257,-0.17389667976377798,0.9323753711955615,0.6273895210191803,False
GUT_GENOME140786_1,GUT_GENOME140786_01826,1933373,0.1437793695296747,0.08636463001246572,0.10982935947029152,0.015931762633266334,0.014575671645912532,0.12193569087358704,0.7763387851520551,0.05741473951720899,0.8934127287733741,-0.01210633140329552,-0.33954199009789854,0.9134750669739279,0.633346550510123,False
GUT_GENOME140786_1,GUT_GENOME140786_01826,1933395,0.10141224331703085,0.06462066644694597,0.07357487406028956,0.008513114110095706,0.04134194365030358,0.08545468222430341,0.9185631491957728,0.03679157687008487,0.4932905995275924,-0.01187980816401385,-0.33658146694077257,0.3566226994702939,0.8366818822487094,False
GUT_GENOME140786_1,GUT_GENOME140786_01826,1933694,0.08772146861193804,0.0642353834913688,0.07111424685643028,0.00834691443084233,0.10795122803490731,0.08425970695165645,0.9423589157815321,0.02348608512056924,0.2351429147824121,-0.013145460095226172,-0.3531227801548049,0.1799878882366274,0.9139367199471142,False
GUT_GENOME140786_1,GUT_GENOME140786_01826,1933697,0.07352197985145617,0.0640160199966818,0.06737121317541235,0.00748069275424051,0.2589606758866927,0.07596117411120229,0.8745743603505932,0.00950595985477437,-0.036093732291824915,-0.00858996093578994,-0.293585132730432,0.08749498767109931,0.9571956247563591,False
GUT_GENOME140786_1,GUT_GENOME140786_01827,1934672,0.08270941689462184,0.06038421923038737,0.06179774403523749,0.004925111877856669,0.09357794873711112,0.06931329159292696,0.9364906894326781,0.02232519766423447,0.21261985327185565,-0.007515547557689468,-0.2795431929441251,0.12335159872674178,0.9401876468203718,False
GUT_GENOME140786_1,GUT_GENOME140786_01827,1934748,0.10060085487282135,0.06229059077623208,0.0639982292128681,0.0039682719733999065,0.03324418019677666,0.06947440756844098,0.916205243420789,0.03831026409658927,0.5227555451872267,-0.005476178355572875,-0.2528898580900871,0.337226640348819,0.8448355210856732,False
GUT_GENOME140786_1,GUT_GENOME140786_01829,1936733,0.0927794426243504,0.06301191517884962,0.06411074714055416,0.0037424712100132275,0.08898849402131803,0.06814814511907759,0.8596627461934385,0.029767527445500777,0.357012878220666,-0.004037397978523427,-0.23408585971102094,0.18225438493205187,0.9129015893101433,False
GUT_GENOME140786_1,GUT_GENOME140786_01829,1936738,0.08794779743522284,0.060688225849678264,0.061525826944472436,0.0035743201416922324,0.12261232265850008,0.0663147343350607,0.909846325397905,0.027259571585544574,0.30835454894738906,-0.004788907390588265,-0.24390763792799933,0.1545734636961638,0.9256244095551008,False
GUT_GENOME140786_1,GUT_GENOME140786_01829,1936786,0.09501835435311816,0.060380839077919655,0.06168276239796495,0.003745122276700408,0.08605100181507613,0.06426591067048942,0.7548201083035175,0.034637515275198504,0.45149838139791154,-0.0025831482725244756,-0.21507968646139652,0.2501100599332666,0.8824483401456991,False
GUT_GENOME140786_1,GUT_GENOME140786_01830,1937306,0.10955616537894344,0.059343992429637324,0.06160111571654469,0.00391545752572676,0.029818393616946638,0.06327394768130007,0.6653969811152846,0.05021217294930612,0.753671491190415,-0.0016728319647553794,-0.2031823971677858,0.6093038031520316,0.7373800105412636,False
GUT_GENOME140786_1,GUT_GENOME140786_01830,1938548,0.13635633106958567,0.0585862216021745,0.062455525611525904,0.003935592396323986,0.0022678355430062274,0.0629422295112165,0.549210629461234,0.07777010946741117,1.2883392541284104,-0.00048670389969059785,-0.18768041328711701,1.695041971259772,0.4284758141348156,False
GUT_GENOME140786_1,GUT_GENOME140786_01833,1940998,0.1357982298479982,0.05902251141246197,0.06160377911974212,0.0031804534835669467,0.0022430914008595942,0.06274490199643928,0.6401248404998476,0.07677571843553622,1.2690464878449517,-0.0011411228766971607,-0.19623327762913512,1.6489864875606803,0.4384571270523415,False
GUT_GENOME140786_1,GUT_GENOME140786_01835,1941927,0.1168757985629807,0.050788823307271656,0.05502610859682719,0.003966379601207592,0.0023880029555310967,0.06307350594022545,0.9787658870867247,0.06608697525570906,1.0616678838329154,-0.008047397343398266,-0.2864941513168575,1.2092175943010273,0.5462880943024169,False
GUT_GENOME140786_1,GUT_GENOME140786_01835,1941930,0.10712267863099317,0.056480974437679285,0.0577573018779906,0.0026750945636287698,0.018658821227772203,0.0632102454848762,0.9792456029976612,0.05064170419331389,0.7620050799260857,-0.005452943606885606,-0.25258619383137004,0.6444515271473787,0.7245345983438584,False
GUT_GENOME140786_1,GUT_GENOME140786_01835,1941940,0.10482006025359267,0.05824264748434851,0.05933163478297792,0.0027281598332609823,0.04180688082597674,0.06578122472786523,0.9909625620038641,0.04657741276924416,0.6831513674136198,-0.006449589944887306,-0.26561176494926286,0.5372454004785611,0.7644316211123998,False
GUT_GENOME140786_1,GUT_GENOME140786_01835,1941945,0.10215093297680605,0.0591272870187888,0.060142075829407234,0.0028725631798526535,0.053730890017768256,0.06679080259432224,0.98968155405457,0.043023645958017255,0.6142026437051643,-0.006648726764915007,-0.2682143639982521,0.44918383258939987,0.7988421467150914,False
GUT_GENOME140786_1,GUT_GENOME140786_01836,1942876,0.10377617363662352,0.059218883891219036,0.0603635943878288,0.0032934963371800724,0.05619483288891614,0.06808933788870271,0.9905057695795386,0.04455728974540448,0.6439577704145739,-0.007725743500873905,-0.28229032811358856,0.4943694394237866,0.7809964147734947,False
GUT_GENOME140786_1,GUT_GENOME140786_01836,1943602,0.08677128944520066,0.06008705976786867,0.060956830935966634,0.0030713075745153343,0.15972193581308192,0.07063981246805692,0.9991912234553396,0.026684229677331986,0.29719200160693765,-0.009682981532090289,-0.30787025772168797,0.1831071814087566,0.9125124126586882,False
GUT_GENOME140786_1,GUT_GENOME140786_01836,1943605,0.08944717469907738,0.05740015344696198,0.05767975224565271,0.002922327603352781,0.07564218522461476,0.06796461929626932,0.9997837455832982,0.03204702125211541,0.401238680592079,-0.010284867050616611,-0.3157365412040651,0.2606820422547787,0.8777960328801835,False
GUT_GENOME140786_1,GUT_GENOME140786_01838,1945564,0.07703790960161007,0.05920071511063449,0.05928507859876235,0.002590179056362637,0.21418427493634012,0.067691097300064,0.9994134532338326,0.01783719449097558,0.1255454594714175,-0.008406018701301643,-0.2911811178200724,0.10054810576883622,0.9509687730509584,False
GUT_GENOME140786_1,GUT_GENOME140786_01839,1945703,0.059069993517761044,0.06248311634491293,0.06241155335167819,0.0017734259815744451,0.5737664149328827,0.06809005093312011,0.9993175984305896,-0.0034131228271518863,-0.28674446705269724,-0.00567849758144192,-0.2555340492786668,0.14752003972608746,0.9288945833450197,False
GUT_GENOME140786_1,GUT_GENOME140786_01839,1945750,0.053628893510891104,0.05897216321339917,0.058868701015769596,0.0015650881322858373,0.6318539752076979,0.06790478199062011,0.9999999961185772,-0.005343269702508063,-0.3241923837829812,-0.009036080974850515,-0.29941565462604425,0.19475043593803437,0.9072155386906277,False
GUT_GENOME140786_1,GUT_GENOME140786_01839,1945994,0.057498924873842956,0.05933528957499311,0.05927123655873809,0.0014123967000794697,0.5449314638831492,0.06765896067811347,0.9999999985630724,-0.0018363647011501519,-0.25615285365777596,-0.008387724119375384,-0.29094201858409824,0.15026154261481173,0.9276221720322959,False
GUT_GENOME140786_1,GUT_GENOME140786_01840,1947002,0.06269218083917041,0.0541992044565873,0.054249549698259764,0.0011913391194816694,0.32731237553767445,0.06433144253117119,1.0,0.008492976382583117,-0.05574722146413043,-0.01008189283291143,-0.31308378966421746,0.10112921205147876,0.9506925062236908,False
GUT_GENOME140786_1,GUT_GENOME140786_01841,1947989,0.05197715147620655,0.05005724017189045,0.050067697016938306,0.000998758190435804,0.44483266813287214,0.060280234338407165,1.0,0.0019199113043161034,-0.18327512975777147,-0.01021253732146886,-0.3147912349354032,0.13268329477988416,0.935811092252941,False
GUT_GENOME140786_1,GUT_GENOME140786_01841,1948320,0.05511380982833498,0.046871839670108176,0.04691893448174416,0.0011818602142403046,0.2768003683304122,0.05961435189029159,1.0,0.008241970158226801,-0.06061714111039763,-0.012695417408547433,-0.347240991602634,0.12425074404557838,0.9397650591586856,False
GUT_GENOME140786_1,GUT_GENOME140786_01843,1950460,0.06156935666728766,0.04940515709216055,0.04946896069668442,0.001041625636646023,0.21945539167779415,0.0589350418605279,1.0,0.012164199575127113,0.015480342701060404,-0.009466081163843482,-0.30503549972943905,0.09328629710533089,0.9544279258144661,False
GUT_GENOME140786_1,GUT_GENOME140786_01843,1950797,0.05119081087714238,0.04754296744536774,0.04756819351252522,0.0010166356842262049,0.40135213565981465,0.05600150270119023,1.0,0.0036478434317746417,-0.14975050049207944,-0.008433309188665014,-0.2915377881558168,0.1074194943204142,0.9477071412741024,False
GUT_GENOME140786_1,GUT_GENOME140786_01844,1952002,0.05471100343074348,0.04891866102539959,0.048968203444698696,0.001060972332501501,0.3535955694663919,0.05774943996155803,0.9999999999999999,0.005792342405343889,-0.10814381241266519,-0.008781236516859331,-0.2960849900914003,0.09936140552057034,0.9515331979247197,False
GUT_GENOME140786_1,GUT_GENOME140786_01847,1953905,0.0504109121774891,0.04740453655666345,0.0474459926172456,0.0010663212767394318,0.41902688079023864,0.05762013813502294,1.0,0.0030063756208256534,-0.16219599543149563,-0.010174145517777337,-0.31428947703968785,0.12508541631189424,0.9393729430706166,False
GUT_GENOME140786_1,GUT_GENOME140786_01848,1955859,0.04255605009437586,0.05060743445395208,0.05057378023797224,0.001094586000929523,0.7219781398444646,0.057674964338708175,0.999999999956379,-0.008051384359576218,-0.37673411180833444,-0.007101184100735937,-0.27412771056947866,0.21707459270207846,0.897145433941953,False
GUT_GENOME140786_1,GUT_GENOME140786_01848,1956056,0.04393959509768136,0.05201937924011485,0.05197302948881921,0.0011503759160596387,0.7309718299162254,0.05784594572952989,0.9999998347905797,-0.008079784142433488,-0.37728511272809656,-0.005872916240710679,-0.2580749847904835,0.20894675406086083,0.9007987790261331,False
GUT_GENOME140786_1,GUT_GENOME140786_01853,1960101,0.05094948715129404,0.055393571912101036,0.05534193066152798,0.001602517376174359,0.6266547263313593,0.05873088254397735,0.9827751217159587,-0.004444084760806995,-0.30674676694839026,-0.0033889518824493647,-0.22561105734785986,0.14499392823090934,0.9300685702367909,False
GUT_GENOME140786_1,GUT_GENOME140786_01853,1960119,0.059745375569135756,0.058975592971989156,0.058992027271624885,0.0019400636814843788,0.48238938419141103,0.060047507111421705,0.7067943731376987,0.0007697825971465996,-0.20558945443694637,-0.0010554798397968204,-0.19511397439652162,0.08033648678048774,0.9606278062769824,False
GUT_GENOME140786_1,GUT_GENOME140786_01854,1960612,0.06699766468768761,0.05715449429310456,0.05742629509804932,0.002213125778769679,0.2927406739407674,0.06046797954324915,0.9153387345679211,0.009843170394583052,-0.029551311931716652,-0.0030416844451998312,-0.22107247979196212,0.04974632135825312,0.9754336275210441,False
GUT_GENOME140786_1,GUT_GENOME140786_01854,1961298,0.07281638040664144,0.06878996194079573,0.06891133928311335,0.0032621971399552324,0.4226227242236965,0.06294079937020142,0.03360849062602466,0.004026418465845713,-0.14240554320770607,0.005970539912911937,-0.1032881014914716,0.030947770645994382,0.984645220107869,False
GUT_GENOME140786_1,GUT_GENOME140786_01854,1961613,0.09088748857306939,0.08040457992880853,0.08082953191526454,0.004037821216286885,0.33057207091139407,0.0737163640159039,0.03906547814390888,0.010482908644260852,-0.017139373229543533,0.007113167899360645,-0.08835463760234134,0.008100300100542664,0.995958040745728,False
GUT_GENOME140786_1,GUT_GENOME140786_01854,1962012,0.10434924032726282,0.08474822408527757,0.08565478884438567,0.004389360608999494,0.2061970501787816,0.07902154144840477,0.06536742692521016,0.01960101624198525,0.1597664044690281,0.006633247395980896,-0.09462691133611306,0.03447955634597368,0.9829079764983868,False
GUT_GENOME140786_1,GUT_GENOME140786_01854,1962014,0.138204686851073,0.09081014170388503,0.09365184712283023,0.006762602927969847,0.05476082775826896,0.08664932950886539,0.1502231762930682,0.04739454514718798,0.6990050341151305,0.007002517613964837,-0.089800770605276,0.49667221611959617,0.7800977020847131,False
GUT_GENOME140786_1,GUT_GENOME140786_01854,1962015,0.14050215326281368,0.09259587433643499,0.09622131762289443,0.0069200862790211835,0.06083027553958197,0.08875902805985339,0.14043832758002756,0.04790627892637869,0.7089334826678714,0.007462289563041041,-0.0837918264167969,0.5096077530218598,0.7750684921927313,False
GUT_GENOME140786_1,GUT_GENOME140786_01854,1962412,0.16454934099196908,0.09659241110518971,0.10172616662357813,0.0075869022830755565,0.023258061146419463,0.09282688731724915,0.12040205400856785,0.06795692988677937,1.097947975367819,0.008899279306328972,-0.065011230549251,1.2097162167118207,0.5461519155352842,False
GUT_GENOME140786_1,GUT_GENOME140786_01854,1962675,0.1518611043346377,0.09984988140229144,0.10611554083702368,0.008368381130863578,0.061624277682606386,0.09162242024257937,0.0416465216043606,0.052011222932346265,0.7885759198733742,0.014493120594444311,0.008096927021109961,0.6219175416313234,0.7327440856875467,False
GUT_GENOME140786_1,GUT_GENOME140786_01854,1963001,0.14564108783327373,0.07298828230914625,0.08752662499999359,0.009955498703219604,0.008324899609182927,0.08390038659318345,0.35783761641336,0.07265280552412748,1.1890554253180878,0.003626238406810131,-0.13392671904836492,1.4317891705534385,0.48875468342329464,False
GUT_GENOME140786_1,GUT_GENOME140786_01854,1963156,0.09199651179289892,0.0615844687768644,0.07257302986310231,0.009897890996811938,0.062203432687201424,0.06604047383604819,0.25462860137841015,0.030412043016034514,0.36951750453946103,0.006532556027054118,-0.09594288726147837,0.14574822377713936,0.9297178630850496,False
GUT_GENOME140786_1,GUT_GENOME140786_01854,1963242,0.08040509607669488,0.05595463575071079,0.06407671783018293,0.00867423377709415,0.09187054126631017,0.06543640482670539,0.5622790987989552,0.024450460325984094,0.25385332633203145,-0.0013596869965224606,-0.1990897798587146,0.1040782517340283,0.9492917242545156,False
GUT_GENOME140786_1,GUT_GENOME140786_01854,1963243,0.0738517428959785,0.05903875424375509,0.06356043230044017,0.008237837680797257,0.19358634698855598,0.06524235986713423,0.5808900641259153,0.014812988652223406,0.06687106019600929,-0.0016819275666940525,-0.20330127124116049,0.04580314558001021,0.9773586777269612,False
GUT_GENOME140786_1,GUT_GENOME140786_01858,1966667,0.06803291246594127,0.05664223914153002,0.062050972874214544,0.008685399828191396,0.2240735383280455,0.06532961967820132,0.6470950484095124,0.011390673324411252,0.0004727041657023474,-0.003278646803986776,-0.22416943599292669,0.050252159482615126,0.9751869529584162,False
GUT_GENOME140786_1,GUT_GENOME140786_01858,1966928,0.06324773972834678,0.057063920936246584,0.060055328680149865,0.008220483682707197,0.3270720309276584,0.06520275322426773,0.734398449443297,0.006183818792100199,-0.10054854838364281,-0.0051474245441178665,-0.2485932425424181,0.07190861081981127,0.9646843733330199,False
GUT_GENOME140786_1,GUT_GENOME140786_01859,1967043,0.06630307080120096,0.1406773437385855,0.09769831419069679,0.0190994886080376,0.9999997662564671,0.06551941565139324,0.046013177598154854,-0.07437427293738455,-1.663503549142137,0.032178898539303544,0.23923945934397617,2.8244795769156843,0.24359706577980333,False
GUT_GENOME140786_1,GUT_GENOME140786_01859,1967083,0.07502636687079928,0.14969792054434355,0.10092879453804501,0.019434678843479387,0.9999992666276841,0.06594493281086508,0.035924470518061274,-0.07467155367354428,-1.6692712678558608,0.03498386172717993,0.2758986493631873,2.8625866304095435,0.23899962043146067,False
GUT_GENOME140786_1,GUT_GENOME140786_01859,1967113,0.11631476928399631,0.31694581681376693,0.15503493354820977,0.029195417029858884,1.0,0.08909472247952559,0.011954733727860293,-0.20063104752977062,-4.113085620816044,0.06594021106868418,0.6804796070442962,17.380525819766863,0.0001682157948127228,False
GUT_GENOME140786_1,GUT_GENOME140786_01859,1967129,0.12179493923422803,0.25344870774625167,0.16034709840490652,0.027251667428651434,0.999999987195344,0.09257466750905,0.00644290852666079,-0.13165376851202365,-2.7748167906465837,0.06777243089585652,0.7044256235523165,8.195823680771277,0.016607317950234485,False
GUT_GENOME140786_1,GUT_GENOME140786_01859,1967720,0.2443828881314306,0.32604078474584014,0.26407284873909914,0.040073000562274544,0.9559957522753554,0.09875846894937593,1.851012061835938e-05,-0.08165789661440953,-1.8048174234562995,0.16531437978972321,1.9792405141005422,7.1747589446684135,0.02767074745562989,False
GUT_GENOME140786_1,GUT_GENOME140786_01859,1967771,0.16254307822911626,0.1863446348140568,0.1714609101018045,0.02515201941401041,0.8340693189966393,0.09931625714157902,0.00206313080308102,-0.023801556584940542,-0.682312482819211,0.07214465296022549,0.7615679490404587,1.0455360652166068,0.592877171216624,False
GUT_GENOME140786_1,GUT_GENOME140786_01859,1968145,0.16280265475997494,0.13132343576336994,0.13821685240981949,0.01780427084712713,0.15604968021793791,0.09870749128630028,0.013240144999430083,0.031479218996604996,0.3902224144959056,0.0395093611235192,0.3350442178395525,0.2645281606827319,0.8761096012048712,False
GUT_GENOME140786_1,GUT_GENOME140786_01859,1968149,0.19128578512155353,0.10402611446512386,0.13358284426724248,0.018698945542199703,0.009151379378989575,0.09970419302716459,0.03500895882640734,0.08725967065642967,1.4724518218042368,0.0338786512400779,0.2614542097951327,2.2364726713542136,0.3268557504031347,False
GUT_GENOME140786_1,GUT_GENOME140786_01859,1968162,0.2508793167073415,0.1179406452879622,0.16512844775246927,0.022474048877977205,0.001225272828102683,0.1168471718550802,0.015844476748808862,0.13293867141937926,2.35869702870221,0.048281275897389064,0.44968789370578705,5.765670874954182,0.05597582166418783,False
GUT_GENOME140786_1,GUT_GENOME140786_01859,1968163,0.26931376384949857,0.14343207308626432,0.1742462488402685,0.019523373045990007,0.002187178007829039,0.11781095728531775,0.0019222133920034903,0.12588169076323424,2.221780389169389,0.05643529155495074,0.556255997951207,5.2457288329543745,0.07259462349203961,False
GUT_GENOME140786_1,GUT_GENOME140786_01859,1968167,0.28038947508130846,0.13305090181130033,0.16830143981208373,0.019474017063532502,0.00044957270951557474,0.11705447531959479,0.00424974417995977,0.14733857327000813,2.6380780086222497,0.051246964492488944,0.48844766859890587,7.198036704536041,0.027350557886781382,True
GUT_GENOME140786_1,GUT_GENOME140786_01859,1968293,0.2512664737053601,0.12289033719716838,0.15453557752528183,0.01612503013783414,0.00032479980778607264,0.1025045066890359,0.0006260742321693372,0.1283761365081917,2.2701766007417032,0.05203107083624592,0.4986954692029552,5.40239896955871,0.06712494907723252,False
GUT_GENOME140786_1,GUT_GENOME140786_01859,1968759,0.23061477087010812,0.11435352497036463,0.13851324055628425,0.014850494141428132,0.00023817810210320433,0.09347877868595193,0.0012125939347551963,0.11626124589974349,2.0351284702112484,0.04503446187033232,0.40725397767816657,4.3076036925990655,0.11604214367654815,False
GUT_GENOME140786_1,GUT_GENOME140786_01859,1968800,0.19195609062282737,0.11367162466919546,0.1293330962646979,0.014042324183584325,0.015056469685886253,0.0914682606265911,0.0035038382809259878,0.07828446595363191,1.2983185873654837,0.03786483563810682,0.31355125403819484,1.7839455432076297,0.409846421319888,False
GUT_GENOME140786_1,GUT_GENOME140786_01859,1968806,0.14665614945664335,0.10850096026428226,0.11490345627812859,0.011385673041093553,0.1297897190654383,0.08793836866850209,0.008934175018501253,0.03815518919236109,0.5197468456034595,0.0269650876096265,0.17109807109995562,0.2994113334488719,0.8609613487091811,False
GUT_GENOME140786_1,GUT_GENOME140786_01860,1969697,0.10906197642190765,0.10729451186789049,0.10637385592114022,0.01029525660553466,0.4748723896899462,0.0854901515157751,0.021255728967669186,0.0017674645540171618,-0.18623283897870507,0.02088370440536512,0.09161803249258915,0.04307653419188141,0.9786920250509354,False
GUT_GENOME140786_1,GUT_GENOME140786_01861,1970012,0.10611416836019509,0.10969189921749586,0.10780793859376299,0.010578061707168173,0.5482627429222073,0.08504333005085053,0.01569637011078156,-0.0035777308573007732,-0.28993812442916717,0.022764608542912457,0.11620032379833406,0.0975666312483409,0.9523874748273456,False
GUT_GENOME140786_1,GUT_GENOME140786_01861,1970013,0.10937485743881824,0.09352800804686638,0.09473696173316999,0.010772353984621341,0.29796735076828473,0.08385120235467597,0.15612132798509182,0.015846849391951856,0.08692960153624607,0.010885759378494023,-0.039049124968104934,0.009081589784025191,0.9954694989305068,False
GUT_GENOME140786_1,GUT_GENOME140786_01861,1970099,0.11219085629405051,0.07282914494755115,0.0814770691226544,0.013971586589233795,0.09516041371605732,0.08412457806471785,0.5751465295061918,0.039361711346499365,0.5431552927730954,-0.002647508942063448,-0.21592084189066943,0.34163948203020245,0.8429735133267553,False
GUT_GENOME140786_1,GUT_GENOME140786_01861,1970345,0.08945821431455762,0.07335875096623608,0.07542028297596329,0.012014100138560736,0.26763801372222984,0.08259554720445236,0.7248253953635513,0.016099463348321547,0.09183071373854626,-0.0071752642284890755,-0.2750958935002521,0.08411063060643288,0.9588167418667667,False
GUT_GENOME140786_1,GUT_GENOME140786_01862,1971253,0.07928800467681336,0.07322573709760764,0.0735622960141,0.011587045659233646,0.40108538240814573,0.0819595082590871,0.7656840774824891,0.006062267579205721,-0.10290683508039869,-0.008397212244987101,-0.2910660227069436,0.09530924628070339,0.9534630342856208,False
GUT_GENOME140786_1,GUT_GENOME140786_01862,1971788,0.08613552521561105,0.08418727321820194,0.08312200064667126,0.01596440913970938,0.46834185891298297,0.08209474260913494,0.47434705988899184,0.0019482519974091117,-0.18272527527334026,0.0010272580375363244,-0.16789383691472842,0.061576866697667404,0.9696807034750198,False
GUT_GENOME140786_1,GUT_GENOME140786_01862,1971790,0.0787234228199261,0.07428802539905284,0.07302393142889885,0.018366959784517026,0.4276905435499909,0.08352058177020873,0.7161683805740837,0.0044353974208732605,-0.13447070153951232,-0.01049665034130988,-0.3185044220553986,0.11952743644137206,0.9419870816749328,False
GUT_GENOME140786_1,GUT_GENOME140786_01862,1971805,0.07645703148720578,0.0785911853979405,0.07239577626923618,0.01713396685826981,0.5355849509960139,0.0856774769476764,0.7808797658541082,-0.0021341539107347096,-0.2619304375639964,-0.013281700678440214,-0.35490336303373854,0.1945639512151242,0.907300133553655,False
GUT_GENOME140786_1,GUT_GENOME140786_01862,1972067,0.0839542879870119,0.07346861686274787,0.0754640021462905,0.014305736177849377,0.3248814135467584,0.09009072968696179,0.8467131661904153,0.010485671124264032,-0.017085776727407367,-0.014626727540671292,-0.37248205908814297,0.13903480810892166,0.9328438979772716,False
GUT_GENOME140786_1,GUT_GENOME140786_01862,1972594,0.09474595425235507,0.0671055713241352,0.0775801090589082,0.014436816756287942,0.18210463871393973,0.09714509246995162,0.9123253869836583,0.02764038292821988,0.3157428941725787,-0.019564983411043416,-0.4370221076342042,0.2906818977815182,0.8647274149914637,False
GUT_GENOME140786_1,GUT_GENOME140786_01862,1972624,0.0991020375659946,0.06476535318250005,0.07935912811489997,0.014631768918335373,0.12907609002264897,0.098008385146634,0.8987697834831744,0.03433668438349455,0.4456617840247982,-0.018649257031734034,-0.42505411194363607,0.379285423820359,0.8272546493816181,False
GUT_GENOME140786_1,GUT_GENOME140786_01863,1972832,0.09980911240635161,0.07534159131507082,0.08334789949376135,0.01346853427434389,0.20969027580491978,0.098238695562387,0.8655499071239124,0.024467521091280794,0.2541843322913929,-0.014890796068625645,-0.3759332766963502,0.20593550331007587,0.902156066052448,False
GUT_GENOME140786_1,GUT_GENOME140786_01863,1972833,0.08210037500838197,0.07746246331514206,0.07831923013634733,0.010609471926195288,0.4075995586522988,0.09476577819226047,0.9394503528221133,0.0046379116932399045,-0.1305416028242238,-0.01644654805591314,-0.3962660240105552,0.1740678718530513,0.9166459878744254,False
GUT_GENOME140786_1,GUT_GENOME140786_01863,1972860,0.08597648621177732,0.08203338632477859,0.08337279466498912,0.011309146385568953,0.4377452833820263,0.09234863177839722,0.7863089674780382,0.00394309988699873,-0.14402205604545146,-0.008975837113408103,-0.2986283034145724,0.10992121622782508,0.9465224325229654,False
GUT_GENOME140786_1,GUT_GENOME140786_01863,1973304,0.09112505433049334,0.09811117508906031,0.09717046718888259,0.014507305339265777,0.6260760984137215,0.08884457134323806,0.2830141607078125,-0.006986120758566972,-0.3560663050544908,0.008325895845644526,-0.07250500919488728,0.13204018995350836,0.9361120529526694,False
GUT_GENOME140786_1,GUT_GENOME140786_01863,1973826,0.09371518948335673,0.10571695967457,0.10381821423179148,0.017219546436364603,0.7085270052895872,0.08926286889177101,0.19897714693468055,-0.012001770191213262,-0.4533778748112607,0.014555345340020467,0.008910167202597111,0.2056308884479534,0.9022934815897229,False
GUT_GENOME140786_1,GUT_GENOME140786_01863,1974000,0.09259613231890865,0.11101712483889718,0.10534349051376689,0.01533719808038439,0.8025104815237694,0.08961910200553508,0.15262375600903244,-0.018420992519988535,-0.5779209892811356,0.01572438850823181,0.024188861707164284,0.3345777708823747,0.8459551918954435,False
GUT_GENOME140786_1,GUT_GENOME140786_01863,1974230,0.08914007202846759,0.12495444044734057,0.10998125644431478,0.018087858991844688,0.949780977617966,0.09051388516546617,0.1409038628622118,-0.03581436841887298,-0.9153801229026414,0.019467371278848608,0.07310740624270186,0.8432654622527903,0.655974914325699,False
GUT_GENOME140786_1,GUT_GENOME140786_01863,1974254,0.08510494417983082,0.12002563086723336,0.11187233868950193,0.011515567830642998,0.95116392737078,0.09038410127230324,0.03101954165475643,-0.034920686687402544,-0.8980412770921095,0.021488237417198686,0.09951891712789558,0.8163821502275359,0.664851830045794,False
GUT_GENOME140786_1,GUT_GENOME140786_01864,1974862,0.08750108232018358,0.1321432747328557,0.12012798551380281,0.012580751268374536,0.9777607019128208,0.0912033146488132,0.01074903144921032,-0.044642192412672116,-1.086653937372532,0.028924670864989607,0.1967086513839726,1.2195110731365277,0.5434837147298814,False
GUT_GENOME140786_1,GUT_GENOME140786_01864,1974997,0.08236022593854299,0.1161336016779688,0.10737976855076756,0.010561321736697141,0.9574857005403724,0.09187612568432624,0.0710569654233374,-0.03377337573942581,-0.8757816214191972,0.01550364286644132,0.02130384829119966,0.7674473023676526,0.6813196830540529,False
GUT_GENOME140786_1,GUT_GENOME140786_01864,1975065,0.08500455742025895,0.09621337903394007,0.0944846004554869,0.007433144185229051,0.708772434580623,0.09328843609937791,0.43607699731207566,-0.011208821613681128,-0.4379934122701181,0.001196164356108989,-0.16568633242598374,0.21929018994479524,0.8961521277602671,False
GUT_GENOME140786_1,GUT_GENOME140786_01864,1975180,0.07234068714330902,0.08971567855259924,0.08812081500899342,0.007012352521219146,0.8127098513341933,0.09080222464798895,0.6489116282978454,-0.01737499140929022,-0.557626905450864,-0.0026814096389955328,-0.21636390370908776,0.35776110451094223,0.8362057763258239,False
GUT_GENOME140786_1,GUT_GENOME140786_01864,1975189,0.06156629145554224,0.0917696135193166,0.09012415421843743,0.005462822343305465,0.9654959258920377,0.07900460448370422,0.020900525614690024,-0.030203322063774365,-0.806516906658167,0.011119549734733211,-0.03599362494191024,0.6517650617619174,0.7218899822314906,False
GUT_GENOME140786_1,GUT_GENOME140786_01864,1976023,0.0677852537227825,0.08933804268877828,0.0884012972033701,0.005334076255922455,0.8947098572024952,0.07763134935684916,0.021739246496160866,-0.021552788965995773,-0.6386828173179974,0.010769947846520939,-0.04056271237465893,0.4095610747724437,0.8148261206604879,False
GUT_GENOME140786_1,GUT_GENOME140786_01864,1976091,0.07296903436649614,0.09064998960013347,0.08953159378004988,0.0049078117037248395,0.8227515745118372,0.07350485281842521,0.0005462442525562781,-0.01768095523363733,-0.563563089874402,0.016026740961624666,0.028140427306887896,0.3183952399177975,0.8528278065189439,False
GUT_GENOME140786_1,GUT_GENOME140786_01864,1976172,0.06908150016924652,0.08804607601465239,0.08665471391139924,0.0048760061579554426,0.8408675668539201,0.07319927734502597,0.0028943170912040885,-0.018964575845405868,-0.5884673696452946,0.013455436566373269,-0.005464982143821718,0.34632371116708405,0.8410014830422767,False
GUT_GENOME140786_1,GUT_GENOME140786_01865,1977922,0.07332473743903618,0.08987694743527133,0.08874597443407552,0.004939473181619564,0.8105235605794312,0.07333540066234902,0.0009046173161570503,-0.016552209996235148,-0.5416636384908686,0.015410573771726499,0.02008749092764736,0.29380300455493474,0.8633790140948618,False
GUT_GENOME140786_1,GUT_GENOME140786_01865,1977931,0.06905670427113998,0.08602154448841295,0.08496024599884382,0.004728485302643657,0.8541298765871108,0.07302770418886642,0.005808922202762059,-0.016964840217272972,-0.549669320522176,0.011932541809977396,-0.025368305116214625,0.30277991282778,0.8595124609024497,False
GUT_GENOME140786_1,GUT_GENOME140786_01865,1978442,0.08698718715374586,0.08197122832484743,0.08195962022208608,0.004409740756468498,0.40228950381510586,0.07327703907651126,0.024479128961324627,0.005015958828898423,-0.12320688760797888,0.008682581145574825,-0.06784334581059749,0.019782656724821455,0.9901574299321174,False
GUT_GENOME140786_1,GUT_GENOME140786_01865,1978447,0.09565948446520917,0.08661709515354984,0.08630075111667652,0.005925444138896938,0.34561670503963937,0.0778104240066295,0.07594904047328113,0.009042389311659321,-0.045087737524707204,0.008490327110047019,-0.0703559909857058,0.006982869542677606,0.9965146531997302,False
GUT_GENOME140786_1,GUT_GENOME140786_01865,1978468,0.10388322555044191,0.10139753834880148,0.10120860221203673,0.006547080503520601,0.462305081522188,0.09215736895899622,0.0834115884534109,0.002485687201640427,-0.17229817823065352,0.009051233253040511,-0.06302528341427817,0.033658848571052134,0.9833113993749709,False
GUT_GENOME140786_1,GUT_GENOME140786_01865,1978483,0.14840116981192314,0.12918984223480734,0.12919855334079652,0.010351635883684578,0.2963638048273284,0.11996108496489755,0.1860978646705036,0.0192113275771158,0.1522058250856204,0.009237468375898977,-0.060591301825276105,0.026837919046876175,0.9866706733393884,False
GUT_GENOME140786_1,GUT_GENOME140786_01865,1978506,0.13173803224441163,0.14244816640480112,0.13793854213405052,0.013693630160626656,0.6346375302916911,0.12051227966982633,0.10158326676104473,-0.01071013416038949,-0.42831808317276304,0.017426262464224185,0.046431335694391694,0.18561224930715525,0.9113701753775862,False
GUT_GENOME140786_1,GUT_GENOME140786_01865,1978587,0.08556854818227898,0.12145541623427344,0.11435231902411222,0.011132193253840954,0.9520009100682724,0.1142767311515511,0.49729119268328725,-0.03588686805199447,-0.9167867310000737,7.558787256112254e-05,-0.18033159637062093,0.873017394787378,0.6462888768329753,False
GUT_GENOME140786_1,GUT_GENOME140786_01866,1979050,0.0779766172445691,0.107834407148187,0.09565841014262019,0.016932044029684686,0.9250863948613155,0.11623591994965986,0.8878741168607471,-0.0298577899036179,-0.7998130336387697,-0.020577509807039665,-0.4502552216054415,0.8424306533614169,0.6562487783232465,False
GUT_GENOME140786_1,GUT_GENOME140786_01866,1979074,0.06583986189327573,0.11758581977979908,0.11097450925300989,0.010810933897329374,0.9949338328517741,0.11727310410810689,0.7199232055492336,-0.05174595788652335,-1.2244782767182913,-0.006298594855096998,-0.2636383495003487,1.5688522294822647,0.45638153728335296,False
GUT_GENOME140786_1,GUT_GENOME140786_01866,1979075,0.06393178728207292,0.12584342425196499,0.11642216781996008,0.01065116852880761,0.9997935947129846,0.11810340072891198,0.5627105017517798,-0.06191163696989206,-1.4217086060166935,-0.0016812329089519046,-0.20329219248024205,2.0625830759453536,0.3565461701512761,False
GUT_GENOME140786_1,GUT_GENOME140786_01866,1979135,0.07780755593968376,0.12819061852181518,0.1224921862954205,0.009939844170796061,0.9903453580201494,0.11567359959204437,0.24636119805645762,-0.05038306258213142,-1.1980359419288489,0.006818586703376123,-0.09220463751904577,1.4437918133333627,0.4858302933665519,False
GUT_GENOME140786_1,GUT_GENOME140786_01866,1979146,0.0815820613278293,0.12401326560510287,0.12034620790386942,0.009329448877210865,0.9821307395166069,0.11438502092861275,0.2614230013782383,-0.042431204277273565,-1.043757253890467,0.005961186975256674,-0.10341033878863974,1.1001229032173498,0.5769143569758597,False
GUT_GENOME140786_1,GUT_GENOME140786_01866,1979259,0.08778271284475668,0.11801686132956522,0.11718938682661512,0.007718841983351599,0.9219599352084484,0.10968285239699548,0.1654022014888264,-0.030234148484808543,-0.8071149882149229,0.007506534429619641,-0.08321357249236394,0.658359102848117,0.7195138154180931,False
GUT_GENOME140786_1,GUT_GENOME140786_01866,1979418,0.08512522846157633,0.11950035122016366,0.11858379975944078,0.009397903407319571,0.9461957242037455,0.10640632441186919,0.097528210813075,-0.034375122758587326,-0.8874564698744987,0.01217747534757159,-0.02216717037920543,0.7880703693647276,0.6743303297245822,False
GUT_GENOME140786_1,GUT_GENOME140786_01866,1979720,0.08347016321509976,0.1097885875883397,0.10904632009909794,0.006552608994325019,0.8666925107855095,0.10644492732134438,0.34568333602415213,-0.026318424373239946,-0.7311437176649931,0.002601392777753564,-0.14732083802230647,0.5562745651965818,0.7571928649748758,False
GUT_GENOME140786_1,GUT_GENOME140786_01867,1979963,0.0744707702037927,0.10584341611207833,0.10426847211867245,0.0059989595924018575,0.9048707781381324,0.10111688090195389,0.2996677630551129,-0.03137264590828563,-0.8292036475062763,0.003151591216718555,-0.14013007373368086,0.7072151266023198,0.7021504629043278,False
GUT_GENOME140786_1,GUT_GENOME140786_01867,1980063,0.07888223211196023,0.09090218253585694,0.09016085259851431,0.004921964678995029,0.6827229921388991,0.10121257379428839,0.9876283874615974,-0.01201995042389671,-0.4537306002169588,-0.011051721195774078,-0.32575886589832637,0.3119902962846055,0.8555633414325319,False
GUT_GENOME140786_1,GUT_GENOME140786_01867,1980124,0.06667233766526914,0.08819897284697135,0.08714784188725443,0.004528624830480458,0.8140305403093868,0.09915796571514833,0.9959997243752187,-0.02152663518170221,-0.6381753923396645,-0.012010123827893904,-0.3382846146702354,0.5217043119104743,0.7703948094806005,False
GUT_GENOME140786_1,GUT_GENOME140786_01867,1980246,0.05994089192485578,0.08141022159096087,0.08046787425782669,0.004232690105956803,0.8453634374813914,0.09595953039541062,0.9998738935792484,-0.02146932966610509,-0.6370635742683733,-0.015491656137583937,-0.3837861581666324,0.5531418128598986,0.7583798432179358,False
GUT_GENOME140786_1,GUT_GENOME140786_01867,1980247,0.06626428165761988,0.0761242059775642,0.0757087045729397,0.0038882923060384197,0.6671650370947616,0.09425641405671158,0.9999990795230995,-0.009859924319944313,-0.411822661132726,-0.01854770948377188,-0.42372694627072466,0.34914242921835364,0.8398170448569556,False
GUT_GENOME140786_1,GUT_GENOME140786_01869,1981083,0.06696045039105583,0.0745321871849024,0.07422910591258335,0.004086013578389578,0.6418183503189949,0.09345934393281613,0.9999987390854279,-0.007571736793846567,-0.3674281867874664,-0.019230238020232784,-0.4326471857304794,0.32218705976642925,0.8512124535825258,False
GUT_GENOME140786_1,GUT_GENOME140786_01869,1981084,0.0735119697165662,0.07219240044043737,0.07221071862228441,0.004282252450999085,0.47629975833911786,0.09471531319203826,0.9999999261151821,0.0013195692761288347,-0.19492271915539075,-0.022504594569753844,-0.47544106604176384,0.2640390737218602,0.8763238742944689,False
GUT_GENOME140786_1,GUT_GENOME140786_01869,1981353,0.0715075141535741,0.06747954370634393,0.0674244841964518,0.0028047742674323674,0.42826864229916073,0.0877060706993652,0.9999999999997604,0.004027970447230175,-0.14237543230247168,-0.020281586502913396,-0.4463876811386125,0.21953272559562326,0.8960434599295823,False
GUT_GENOME140786_1,GUT_GENOME140786_01869,1981405,0.06646017437004978,0.061435220608387756,0.06155248069867482,0.002294477156217638,0.40740611477340755,0.08005675733109102,0.9999999999999997,0.005024953761662024,-0.12303237161780912,-0.018504276632416203,-0.42315930489924225,0.19420076178871254,0.9074649094219598,False
GUT_GENOME140786_1,GUT_GENOME140786_01869,1981656,0.0507212091677799,0.051879896703507226,0.05187376960847189,0.001809372478723101,0.5282437194443609,0.06338429587990674,0.9999999999001766,-0.001158687535727329,-0.2430048396984312,-0.011510526271434847,-0.3317551736299656,0.16911284734710885,0.9189198050829488,False
GUT_GENOME140786_1,GUT_GENOME140786_01869,1981880,0.0460209710574508,0.04788675085870749,0.04802361730142884,0.0018418038802767783,0.5555250259122941,0.06000520776696069,0.9999999999612452,-0.001865779801256691,-0.25672355334569447,-0.01198159046553185,-0.3379117007021525,0.18009130031386072,0.91388946512147,False
GUT_GENOME140786_1,GUT_GENOME140786_01869,1982068,0.04972457662621952,0.04667005318610853,0.04715473874727645,0.0019441188658460829,0.413125610601871,0.05949141454733236,0.9999999998892477,0.0030545234401109927,-0.16126185122186937,-0.012336675800055909,-0.3425524534962053,0.1433475680557742,0.9308344993694364,False
GUT_GENOME140786_1,GUT_GENOME140786_01875,1985661,0.04800367047671739,0.04438743090600177,0.04462017134054196,0.0015236154858877555,0.38488206178896944,0.057290166958715354,1.0,0.003616239570715621,-0.15036366562080847,-0.01266999561817339,-0.34690874401807437,0.14295490861512414,0.9310172677872156,False
GUT_GENOME140786_1,GUT_GENOME140786_01877,1987837,0.05931108092783353,0.04695074837592332,0.04719911619820779,0.001678079070598026,0.25014151661817663,0.059706834417027656,0.9999999999999546,0.012360332551910207,0.019285634141008798,-0.012507718218819866,-0.34478787553593643,0.11925061480080525,0.9421174719031049,False
GUT_GENOME140786_1,GUT_GENOME140786_01878,1988509,0.056860048754778326,0.048441645254188676,0.048494777442746696,0.0015085834402135667,0.3318803462764977,0.060041176832583115,0.9999999999999902,0.008418403500589651,-0.05719405388444211,-0.011546399389836419,-0.3322240138164425,0.11364395515604425,0.9447622432594556,False
GUT_GENOME140786_1,GUT_GENOME140786_01878,1988577,0.058281892253876776,0.04643232629660245,0.04649352191925563,0.0012786802567635945,0.2905286587871151,0.06001454506614127,1.0,0.011849565957274329,0.009375950505660868,-0.013521023146885636,-0.3580311644553499,0.12827422316913842,0.9378763969955601,False
GUT_GENOME140786_1,GUT_GENOME140786_01879,1989330,0.05357135062503376,0.04569605992500517,0.04573422765029223,0.0012493125430612837,0.3483587778492486,0.05996098582431764,1.0,0.00787529070002859,-0.06773130531864126,-0.014226758174025411,-0.36725469885856515,0.13946354355386237,0.9326439477876409,False
GUT_GENOME140786_1,GUT_GENOME140786_01884,1992272,0.05036633556023067,0.044411011433236905,0.044426004089304874,0.001301331989967837,0.3768932816134775,0.05997456707929282,1.0,0.005955324126993768,-0.10498170800557094,-0.015548562989987948,-0.3845298966672625,0.15888440044670252,0.9236314041146593,False
GUT_GENOME140786_1,GUT_GENOME140786_01884,1992276,0.053850911251299864,0.0455455726600196,0.045597705613155654,0.0014768776002942287,0.3230154112780978,0.06031449452600778,1.0,0.008305338591280263,-0.059387692805394035,-0.014716788912852129,-0.37365910731837937,0.143148026538716,0.930927374066516,False
GUT_GENOME140786_1,GUT_GENOME140786_01886,1993507,0.07140916590767368,0.04908931099809096,0.04922378589616978,0.0023698300254907626,0.16736637127162873,0.06331916621207061,0.9999999986415169,0.02231985490958272,0.21251619534101962,-0.014095380315900824,-0.36553766888607825,0.17878092065689058,0.914488432400585,False
GUT_GENOME140786_1,GUT_GENOME140786_01887,1995183,0.06594357242827883,0.04551640026604159,0.04575620767998466,0.0020153559563914716,0.1725092682039695,0.05859159086832254,0.9999999999047388,0.020427172162237245,0.1757951422313389,-0.012835383188337879,-0.3490702605711903,0.15275397884737535,0.9264668725035665,False
GUT_GENOME140786_1,GUT_GENOME140786_01889,1997005,0.05836792154180403,0.04585000234857845,0.04593900835749897,0.002049405061963858,0.27585206132256956,0.05744787589298735,0.9999999902122466,0.012517919193225577,0.02234306541586663,-0.011508867535488382,-0.3317334949439436,0.11054632423990116,0.9462266393729506,False
GUT_GENOME140786_1,GUT_GENOME140786_01889,1997327,0.04009746201907623,0.041154332811019954,0.041034266820673626,0.0021401511360312035,0.5330449259844589,0.04653220307597982,0.9948996068548824,-0.0010568707919437273,-0.241029433064025,-0.005497936255306195,-0.25317422081691016,0.12219237368941488,0.9407327493092142,False
GUT_GENOME140786_1,GUT_GENOME140786_01889,1997366,0.04023647652118222,0.048804560002295314,0.04725895535991167,0.00390520347126088,0.8017933069695656,0.04791352914481535,0.566557227846211,-0.008568083481113091,-0.3867588958934073,-0.0006545737849036823,-0.1898743722121854,0.18563472077565898,0.9113599355220168,False
GUT_GENOME140786_1,GUT_GENOME140786_01889,1997367,0.04320281781893411,0.049096430497391555,0.04854288514738323,0.0030180057795938897,0.7261595019319511,0.04817623876893749,0.4516529296673844,-0.0058936126784574425,-0.3348699121097547,0.0003666463784457383,-0.17652763590509699,0.1432998642746373,0.9308567017968365,False
GUT_GENOME140786_1,GUT_GENOME140786_01954,2057672,0.05824027320324386,0.05111700076616735,0.05155379714235574,0.002942379369057199,0.3264542388296022,0.048884720327713245,0.18217296157166313,0.007123272437076514,-0.08232165471134506,0.0026690768146424917,-0.1464362481708949,0.028220429612781837,0.9859888677019315,False
GUT_GENOME140786_1,GUT_GENOME140786_01954,2058219,0.06251884336953864,0.053186103689028,0.054477685542585565,0.004058857187603432,0.3166481476007834,0.05012502126274293,0.14177319986394732,0.00933273968051064,-0.03945447895035908,0.004352664279842634,-0.12443276767336263,0.017040169580097367,0.9915161082701127,False
GUT_GENOME140786_1,GUT_GENOME140786_01954,2058231,0.06699742677523564,0.07539541623042609,0.07242536712748915,0.010080504748878548,0.6581419498492447,0.04806509836149357,0.007833706735301708,-0.00839798945519045,-0.3834588014806987,0.024360268765995577,0.1370546478682294,0.16582462893529826,0.920431852238698,False
GUT_GENOME140786_1,GUT_GENOME140786_01954,2058303,0.0677801438824218,0.07715547891575353,0.07150976027669151,0.010012075696647745,0.6791578276993259,0.04639556748400317,0.006064132340165592,-0.009375335033331725,-0.4024208588734512,0.02511419279268834,0.14690798365318258,0.18352450331748987,0.9123220268115286,False
GUT_GENOME140786_1,GUT_GENOME140786_01954,2058341,0.13792241631755872,0.13849129770128005,0.13891456697906385,0.015164411368962032,0.5071641487156264,0.09149461754898504,0.0008828342575822591,-0.0005688813837213258,-0.23156166304211886,0.04741994943007881,0.4384308723052288,0.24584243358115565,0.8843333304344261,False
GUT_GENOME140786_1,GUT_GENOME140786_01954,2058570,0.1799903057880521,0.19830647790367883,0.19170680365874598,0.020956895227480284,0.6940664027226406,0.10092627180232956,7.395639541440775e-06,-0.018316172115626722,-0.5758873068581586,0.09078053185641642,1.0051277321361136,1.34192794810943,0.511215541669173,False
GUT_GENOME140786_1,GUT_GENOME140786_01954,2058647,0.24937048139670204,0.21855868522661095,0.23187447104641415,0.02578638208342194,0.2424471963323106,0.11095557219443204,1.3710133627841804e-06,0.030811796170091083,0.377273351007371,0.1209188988519821,1.3990181501403633,2.0995869658024953,0.3500100247026616,False
GUT_GENOME140786_1,GUT_GENOME140786_01954,2058716,0.2627961553361481,0.1807011435702175,0.23593639307783323,0.033756654654116806,0.033680684830840635,0.12128252951635907,0.0003412904675857221,0.08209501176593059,1.3722492317624606,0.11465386356147417,1.3171378886864953,3.6179201718861815,0.1638244115602486,False
GUT_GENOME140786_1,GUT_GENOME140786_01954,2058918,0.26000385467332837,0.18505623583131361,0.22245965395451037,0.031792280776489545,0.07551135506027631,0.12045227905203504,0.0006670121368980253,0.07494761884201476,1.233578450553632,0.10200737490247533,1.1518558511788901,2.8484876955653453,0.24069039299071884,False
GUT_GENOME140786_1,GUT_GENOME140786_01954,2058956,0.20300173900463217,0.19443807823865544,0.2011401103022243,0.026739141117271516,0.42054259399300686,0.11053047203648052,0.00035118571756582073,0.008563660765976727,-0.05437583209617525,0.0906096382657438,1.0028942551904585,1.008753618210176,0.6038817918218153,False
GUT_GENOME140786_1,GUT_GENOME140786_01954,2059059,0.18526873428133706,0.1495869204383271,0.16093406568047464,0.020171096900279864,0.19550296093330788,0.10281301977434763,0.001979549488430647,0.035681813843009946,0.4717594331905329,0.058121045906127,0.5782877983515072,0.5569737405264863,0.7569282059527509,False
GUT_GENOME140786_1,GUT_GENOME140786_01954,2059092,0.14693393619197567,0.08920423628376943,0.09883140240937431,0.011512583946313453,0.05349207554613335,0.08492529216487131,0.11354186074475925,0.05772969990820624,0.8995234608870772,0.013906110244503,0.0004250530889482263,0.8091426373563936,0.6672627926525125,False
GUT_GENOME140786_1,GUT_GENOME140786_01954,2059100,0.11161744257088531,0.0687813801199709,0.07434791503595412,0.007637737605206518,0.07106530993541704,0.07970987277635487,0.7586712754098301,0.04283606245091441,0.6105632255636482,-0.005361957740400755,-0.251397063013915,0.43598793570270866,0.8041302922853834,False
GUT_GENOME140786_1,GUT_GENOME140786_01954,2059223,0.08029858628866651,0.059450323671192205,0.06199378076984514,0.00586014724066989,0.1258556844818391,0.07372740977672491,0.9773724430576276,0.020848262617474307,0.18396496625093586,-0.011733629006879777,-0.3346709928492094,0.14584778226238357,0.9296715835858617,False
GUT_GENOME140786_1,GUT_GENOME140786_01955,2060329,0.09183694848150183,0.06854552577518308,0.07064262716428131,0.005711230327073421,0.1576929787149024,0.07286567586211802,0.651451300928203,0.023291422706318746,0.23136615459258286,-0.0022230486978367103,-0.21037340054956244,0.09778726514974559,0.9522824161402191,False
GUT_GENOME140786_1,GUT_GENOME140786_01956,2060537,0.09235809105511077,0.06709573889548939,0.06883581430651343,0.004706064510602742,0.13925075578589197,0.06750948564053771,0.38903542552129583,0.025262352159621373,0.26960531814583366,0.0013263286659757206,-0.16398516280288555,0.09957816119200508,0.9514300784041515,False
GUT_GENOME140786_1,GUT_GENOME140786_01956,2061326,0.07807908117939008,0.07425354358242457,0.07439612901628338,0.004094012914442087,0.42585205370564294,0.06526831993260052,0.01288864517674804,0.0038255375969655087,-0.14630295129958756,0.009127809083682867,-0.06202448314048834,0.025251590067814213,0.9874535759245632,False
GUT_GENOME140786_1,GUT_GENOME140786_01957,2062357,0.06647889730124089,0.07382112552707933,0.07353773899047131,0.004091554054859587,0.6533444440211708,0.0636357099552389,0.0077578117353750906,-0.0073422282258384375,-0.36297535583797236,0.009902029035232407,-0.05190589176531704,0.13444533054565547,0.9349869890238097,False
GUT_GENOME140786_1,GUT_GENOME140786_01957,2062828,0.06176630518245463,0.06930871473689464,0.06898978461573231,0.003665852909505954,0.6583870078993285,0.059629811436894914,0.005335582117449133,-0.007542409554440008,-0.36685919173675385,0.009359973178837397,-0.058990237373308885,0.13806551466710368,0.9332961072855741,False
GUT_GENOME140786_1,GUT_GENOME140786_01958,2063289,0.05320440252797621,0.06456591509589063,0.06424274543316018,0.0030917505384665703,0.7479126688061076,0.05870661581282917,0.03667768599732935,-0.011361512567914421,-0.4409558594354619,0.0055361296203310095,-0.10896558400919482,0.20631556846893173,0.9019846432966396,False
GUT_GENOME140786_1,GUT_GENOME140786_01959,2064736,0.059024088102409576,0.06455197815028527,0.06443264409539842,0.0030934511420077234,0.6136716782216265,0.05852226304163273,0.028027309945969962,-0.00552789004787569,-0.32777431187784045,0.0059103810537656926,-0.10407434177380873,0.11826746814264336,0.942580705572484,False
GUT_GENOME140786_1,GUT_GENOME140786_01961,2066784,0.061803645175532024,0.06616705552934311,0.06610238246070259,0.0031788389900738174,0.590442850605422,0.05842938195961858,0.007894115088414607,-0.00436341035381109,-0.30518155524661744,0.007673000501084007,-0.08103796057277082,0.09970293271653817,0.9513707245649035,False
GUT_GENOME140786_1,GUT_GENOME140786_01962,2067993,0.06560235592816649,0.06601935954202078,0.06617080095860368,0.00352054863059849,0.5081278910042506,0.05868852285160475,0.016780129723889693,-0.00041700361385428597,-0.22861499294577575,0.0074822781069989325,-0.08353058811095145,0.05924217414975852,0.9708133175789564,False
GUT_GENOME140786_1,GUT_GENOME140786_01962,2068065,0.07661467114604328,0.07710263955539808,0.07710578682361187,0.003833675225045039,0.5086571225965614,0.05958488704308979,2.435575486341933e-06,-0.00048796840935479147,-0.22999182275422966,0.017520899780522077,0.04766818877541171,0.05516849475494128,0.972792723865292,False
GUT_GENOME140786_1,GUT_GENOME140786_01962,2068224,0.07771160704176353,0.07866293926368526,0.07866207892952605,0.003206107424553555,0.516923428079551,0.05968779933035893,1.6277452862553172e-09,-0.0009513322219217302,-0.23898181708594682,0.018974279599167122,0.06666299311797169,0.061556263549147686,0.9696906927642476,False
GUT_GENOME140786_1,GUT_GENOME140786_01963,2069262,0.06605361296356373,0.07671127512296205,0.07657513771881415,0.0029348312316789236,0.7159546267987973,0.05982661860742118,5.755716651760667e-09,-0.010657662159398326,-0.4273000429661462,0.016748519111392968,0.03757363572061516,0.1839971048201359,0.9121064699002775,False
GUT_GENOME140786_1,GUT_GENOME140786_01965,2070622,0.06250875106095875,0.07185659816007096,0.07169395303097999,0.002900981184804987,0.6982077170796446,0.05956057527032312,1.4415527122732558e-05,-0.009347847099112211,-0.401887549266352,0.012133377760656865,-0.02274349944658242,0.1620308690223912,0.9221794579455967,False
GUT_GENOME140786_1,GUT_GENOME140786_01965,2070749,0.0655550676057956,0.07386576638201076,0.07365447515577263,0.003496007976144374,0.6834064959465131,0.06146690352156871,0.0002450226573060992,-0.008310698776215153,-0.38176522358808695,0.01218757163420392,-0.022035217955821498,0.14623023677162258,0.9294938220382029,False
GUT_GENOME140786_1,GUT_GENOME140786_01965,2070899,0.0628693987282234,0.06363452956121368,0.06379245655874327,0.003115805679144971,0.5184131864528326,0.060688278144254655,0.1595599018545929,-0.0007651308329902767,-0.2353692142333885,0.003104178414488616,-0.14074973068098168,0.07520915369561161,0.9630936951515086,False
GUT_GENOME140786_1,GUT_GENOME140786_01967,2073028,0.06645540147720227,0.06325356652695475,0.06349036378187663,0.0030459823124556833,0.4260493816803332,0.060391459444072246,0.15448768477356722,0.00320183495024752,-0.1584037738209011,0.0030989043378043812,-0.14081865970656707,0.04492165048225713,0.9777895411125581,False
GUT_GENOME140786_1,GUT_GENOME140786_01969,2074521,0.0935965632334435,0.06183246371053275,0.06250417221841416,0.0024560204396328255,0.08429177372505925,0.06023724566654331,0.17800151407902504,0.031764099522910746,0.3957495494323122,0.00226692655187085,-0.1516921114075111,0.1796282025391469,0.9141010997112173,False
GUT_GENOME140786_1,GUT_GENOME140786_01971,2076332,0.09453724923185691,0.06308050795090189,0.06368207983648885,0.0024360739478238194,0.08044407351910865,0.06045563500149452,0.09267772556260467,0.03145674128095502,0.3897863110911883,0.0032264448349943325,-0.13915178174473153,0.17129658667681003,0.9179170119826572,False
GUT_GENOME140786_1,GUT_GENOME140786_01971,2076340,0.0893744752772815,0.06633232611443818,0.0667975559778793,0.0029180433013024708,0.1727863030398354,0.06069971916337544,0.018322351897595367,0.02304214916284332,0.22652985170894455,0.0060978368145038625,-0.10162440717830373,0.06164329384961808,0.9696484974461448,False
GUT_GENOME140786_1,GUT_GENOME140786_01971,2076356,0.08359809254862569,0.06767892866459108,0.06792050006370416,0.002936908246940165,0.2404743095134919,0.061824844556732046,0.01896849481190441,0.01591916388403461,0.0883326176033047,0.0060956555069721155,-0.10165291556217211,0.01813596657494175,0.9909730068800257,False
GUT_GENOME140786_1,GUT_GENOME140786_01972,2076694,0.07811239030373646,0.06764468551122985,0.06782038841409622,0.0027673655910176666,0.32569579957276107,0.0617563100095783,0.014215695938046578,0.01046770479250661,-0.01743435211521376,0.006064078404517927,-0.10206560939149847,0.010721345254135201,0.9946536701380386,False
GUT_GENOME140786_1,GUT_GENOME140786_01972,2076953,0.07213639238828624,0.0652572856777257,0.06539663677217682,0.002954628410800106,0.3924812142443539,0.06138396231905725,0.0872163207771639,0.006879106710560551,-0.0870588578287357,0.0040126744531195635,-0.12887623121552622,0.024188327698761787,0.9879786766063778,False
GUT_GENOME140786_1,GUT_GENOME140786_01975,2079732,0.07954365839158174,0.049766998267113276,0.05074801759186549,0.0030083863271147624,0.1333211122127076,0.06119301592319002,0.9997416637708724,0.029776660124468467,0.35719006670609843,-0.010444998331324534,-0.3178293612000151,0.22860024659431671,0.891990208663372,False
GUT_GENOME140786_1,GUT_GENOME140786_01978,2081293,0.054958075646578404,0.044603468585904936,0.045670854625892265,0.003932555400537259,0.2773576377345861,0.06125426391345032,0.9999629415063094,0.010354607060673468,-0.019628627845287377,-0.015583409287558053,-0.3849853169200522,0.14859897727512184,0.9283936088646811,False
GUT_GENOME140786_1,GUT_GENOME140786_01978,2081309,0.042427585222517494,0.05054166604786439,0.05019417666619211,0.002817320148155347,0.7215965933613255,0.06108746515653111,0.9999448054152811,-0.008114080825346898,-0.37795052288017594,-0.010893288490339,-0.32368824526454915,0.2476206778678413,0.8835473995342997,False
GUT_GENOME140786_1,GUT_GENOME140786_01978,2081410,0.04187591598523616,0.05394291231716804,0.05343774905901684,0.0028337257549766698,0.8888808482869355,0.061822885484574056,0.9984570552663623,-0.012066996331931874,-0.4546433655971977,-0.008385136425557216,-0.29090819897469955,0.29132817011225054,0.8644480354317472,False
GUT_GENOME140786_1,GUT_GENOME140786_01978,2081803,0.04633966534480876,0.051986276916826286,0.05173733105197249,0.0030251583347038957,0.6602947939767009,0.06319900764772979,0.9999243072813675,-0.005646611572017526,-0.3300776981159139,-0.011461676595757295,-0.3311167376067121,0.21858958071681264,0.8964661089767832,False
GUT_GENOME140786_1,GUT_GENOME140786_01978,2081954,0.04795417690120561,0.052865858717227654,0.0526654913534641,0.0029726370145267632,0.6437044933538096,0.06445419025740129,0.9999634153653743,-0.004911681816022043,-0.31581889291485993,-0.01178869890393719,-0.335390723442927,0.2122285104935377,0.8993218899612468,False
GUT_GENOME140786_1,GUT_GENOME140786_01980,2083667,0.046344476547038396,0.05508605710533859,0.05459689656906599,0.004459540680970287,0.735600866825587,0.06507360908025052,0.9905951377271118,-0.008741580558300197,-0.39012501490870316,-0.010476712511184531,-0.31824384654899085,0.2534766731238135,0.8809641585515318,False
GUT_GENOME140786_1,GUT_GENOME140786_01980,2083728,0.056282059327964214,0.06046947773223954,0.06165076752094605,0.006567218135125818,0.6096474427575325,0.06544539366159693,0.7183049206792471,-0.004187418404275327,-0.3017670317429595,-0.003794626140650882,-0.23091297709553796,0.14438414443808076,0.9303521838405134,False
GUT_GENOME140786_1,GUT_GENOME140786_01980,2084960,0.06671746194684247,0.06313648729836939,0.06411513890647054,0.005406394225642145,0.4227780181277332,0.06477180711586702,0.5483372065234993,0.0035809746484730814,-0.15104786115457833,-0.0006566682093964854,-0.18990174508673663,0.058878129146360675,0.9709900435312668,False
GUT_GENOME140786_1,GUT_GENOME140786_01981,2085392,0.06575929192147323,0.0646797425612057,0.06487461776191562,0.004926401375790547,0.4762606790409126,0.06540783457320005,0.5430959835873688,0.0010795493602675232,-0.19957948695764702,-0.0005332168112844315,-0.18828830920241282,0.07528445899658101,0.9630574328039121,False
GUT_GENOME140786_1,GUT_GENOME140786_01981,2085443,0.0627011848951106,0.06716185374734207,0.06675396405105213,0.0047693237856644465,0.6047069657731802,0.06593201717527429,0.43158498659738065,-0.004460668852231467,-0.3070685246771105,0.0008219468757778431,-0.17057713091462845,0.1233876364384435,0.9401707058673198,False
GUT_GENOME140786_1,GUT_GENOME140786_01981,2086355,0.05711397502563426,0.062424748795205494,0.06192121287400252,0.004085811681195501,0.6420682692125963,0.06705374405597221,0.8954753633190069,-0.005310773769571231,-0.323561911042161,-0.005132531181969692,-0.24839859521322152,0.16639417238115717,0.9201697765919347,False
GUT_GENOME140786_1,GUT_GENOME140786_01981,2086614,0.05612293897012499,0.06940313549371904,0.06810616659401905,0.004816915302107499,0.8179604794712823,0.06983848339887941,0.6404388188649914,-0.013280196523594051,-0.4781813773073926,-0.0017323168048603566,-0.20395982842467217,0.27025704121461663,0.8736036284039619,False
GUT_GENOME140786_1,GUT_GENOME140786_01981,2086745,0.044938329453040875,0.06842429379322483,0.06634510805876859,0.004561988558497487,0.9750879639106156,0.07089795920766101,0.8408596067848333,-0.023485964340183955,-0.6761894917384482,-0.004552851148892423,-0.2408225241350799,0.515227716868292,0.772893620846065,False
GUT_GENOME140786_1,GUT_GENOME140786_01983,2087459,0.052037910001868706,0.06124663465194538,0.060055346291096524,0.006235606351150868,0.7407921988999137,0.07420054741996815,0.9883492981976897,-0.009208724650076675,-0.3991883526646247,-0.014145201128871625,-0.3661887970925025,0.2934455760191508,0.8635333260317408,False
GUT_GENOME140786_1,GUT_GENOME140786_01983,2087703,0.06542360911647542,0.06665285432620274,0.06623414191833031,0.006811971166969727,0.5233343008822968,0.07448901181157444,0.8872089891204187,-0.0012292452097273227,-0.24437377070278635,-0.00825486989324413,-0.2892056933654104,0.14335847288246578,0.9308294240888256,False
GUT_GENOME140786_1,GUT_GENOME140786_01984,2088222,0.0658463793990279,0.07610002292104595,0.07652871981545786,0.005160427426823511,0.6851659226145479,0.07219668980917278,0.20060248276379172,-0.010253643522018047,-0.4194614393431408,0.004332030006285084,-0.124702445278589,0.19149859895427884,0.9086917970237438,False
GUT_GENOME140786_1,GUT_GENOME140786_01984,2088571,0.0676974222968459,0.07454450464297764,0.07653482842730759,0.00572622312110611,0.633849624641224,0.07015540411313008,0.1326241696884099,-0.006847082346131739,-0.35336873889635856,0.006379424314177512,-0.09794422709530373,0.13446253725049925,0.9349789450358359,False
GUT_GENOME140786_1,GUT_GENOME140786_01984,2088742,0.07331912128470916,0.06904214369257772,0.06938429649401295,0.0037775368877434874,0.42432039777389774,0.05267833529142396,4.879437584546153e-06,0.004276977592131442,-0.137544297974527,0.016705961202588993,0.03701742932460668,0.02028872397910772,0.9899069185014235,False
GUT_GENOME140786_1,GUT_GENOME140786_01984,2088768,0.07438807734028045,0.06934556406165059,0.0696400040115729,0.0033278890992198963,0.40767646471874047,0.052073471223266166,6.509399153028575e-08,0.005042513278629868,-0.12269168908342196,0.017566532788306735,0.0482645848745678,0.01738272072325744,0.9913463003243295,False
GUT_GENOME140786_1,GUT_GENOME140786_01984,2088805,0.0706471294785028,0.07161719502420814,0.07153132326938991,0.0036844517575351245,0.5176521231058118,0.05202175238518756,5.9472965290127066e-08,-0.0009700655457053481,-0.23934527333794883,0.019509570884202347,0.07365892982707006,0.06271179781248667,0.9691305991714976,False
GUT_GENOME140786_1,GUT_GENOME140786_02023,2110706,0.05047731182827068,0.07222693799843975,0.07077006189383188,0.003980848711085818,0.9384794470153602,0.05265471009980678,2.6743332195892794e-06,-0.021749626170169074,-0.642501771888459,0.018115351794025097,0.05543732079628807,0.41588182341688,0.8122550300560397,False
GUT_GENOME140786_1,GUT_GENOME140786_02023,2111482,0.04868806531652284,0.08010415181952774,0.07596733561865371,0.005432488629390734,0.9871047036104799,0.055135875586974616,6.288255593392876e-05,-0.0314160865030049,-0.8300464640786994,0.020831460031679093,0.09093522979818347,0.697246348548,0.7056589906367506,False
GUT_GENOME140786_1,GUT_GENOME140786_02023,2111682,0.06250096843565942,0.07648299627834415,0.0740204737909581,0.0049250157993100925,0.7632784763959124,0.05554199975227627,8.7727895857167e-05,-0.013982027842684736,-0.49179802023316127,0.018478474038681823,0.06018311119546675,0.2454872995784228,0.8844903727944775,False
GUT_GENOME140786_1,GUT_GENOME140786_02023,2112040,0.06159877003543207,0.08188306493454375,0.07888427561757781,0.005658775616225332,0.8502310086539185,0.056001700501059605,2.6303463936555218e-05,-0.020284294899111682,-0.6140720165566467,0.022882575116518207,0.1177420763091763,0.3909476380515425,0.8224448756904101,False
GUT_GENOME140786_1,GUT_GENOME140786_02023,2112125,0.0784600791827827,0.08016332984387232,0.07984076473749008,0.004783975901969328,0.5302168422748269,0.061064584104796316,4.339970563999466e-05,-0.0017032506610896309,-0.2535702297385998,0.018776180632693762,0.06407395819375425,0.06840333352830123,0.9663765989435071,False
GUT_GENOME140786_1,GUT_GENOME140786_02023,2112192,0.0784626139182552,0.07443675330366364,0.07508190076019285,0.004666370139913956,0.43105139364716366,0.0630334286141003,0.004911770677388649,0.00402586061459155,-0.14241636640856217,0.012048472146092545,-0.02385316501063133,0.020851394902042245,0.9896284617534128,False
GUT_GENOME140786_1,GUT_GENOME140786_02023,2112216,0.06773482443649784,0.08183402171135888,0.08046385692933818,0.004482498160458126,0.7787847046531089,0.06566973217809147,0.0004827018659006059,-0.014099197274861044,-0.49407129342055195,0.01479412475124671,0.012030871191388253,0.24425118484388092,0.8850372075558826,False
GUT_GENOME140786_1,GUT_GENOME140786_02023,2112556,0.07048014749327979,0.09490873097645446,0.09014752315116101,0.009293116398381516,0.9003854225691826,0.06482998263219406,0.003221578615508435,-0.02442858348317467,-0.6944778011027675,0.025317540518966952,0.14956561672652996,0.5046692899313223,0.7769846805461622,False
GUT_GENOME140786_1,GUT_GENOME140786_02023,2112571,0.06799776262022779,0.08422645165122618,0.08012737970436769,0.009335991347406225,0.8177951546055799,0.06470692202311884,0.04929566831331633,-0.01622868903099839,-0.5353868176326364,0.015420457681248848,0.02021666770931728,0.2870477581480708,0.8663001134957091,False
GUT_GENOME140786_1,GUT_GENOME140786_02029,2116205,0.04242801269536428,0.08274407669008076,0.07149861871420934,0.010114653192404954,0.9999881809928618,0.06446620783998018,0.24344318108590723,-0.040316063994716475,-1.002720171072896,0.007032410874229164,-0.08941008358554603,1.013441904523232,0.6024678643238602,False
GUT_GENOME140786_1,GUT_GENOME140786_02029,2116213,0.034553300424863743,0.06057591295334348,0.053152366022809004,0.00790624975168925,0.998123193806438,0.06542435278468785,0.939691388412108,-0.02602261252847974,-0.7254044977787512,-0.012271986761878843,-0.34170700648537,0.6429753636788349,0.7250695614957237,False
GUT_GENOME140786_1,GUT_GENOME140786_02029,2116216,0.04912938340754874,0.07388128072576092,0.07060703123962939,0.006666105805227001,0.9853108468834817,0.06563310274349136,0.2277877856969231,-0.024751897318212174,-0.7007506033059671,0.004973928496138022,-0.11631321620981858,0.5045801722987489,0.7770193028351586,False
GUT_GENOME140786_1,GUT_GENOME140786_02029,2116343,0.07368831862964018,0.08040949896772748,0.07958933899963776,0.00612708048090133,0.658939622921256,0.06567663497286053,0.011582857364495415,-0.006721180338087301,-0.3509260398595023,0.013912704026777231,0.0005112298767153894,0.12314934680745987,0.9402827290059567,False
GUT_GENOME140786_1,GUT_GENOME140786_02029,2116348,0.0818739889716526,0.09895385111790875,0.09589619830744853,0.008177796363532382,0.8136997152484658,0.08264710048840529,0.05260211677640629,-0.017079862146256147,-0.5519009287348534,0.013249097819043237,-0.008161706072104147,0.3046612485844012,0.858704325292666,False
GUT_GENOME140786_1,GUT_GENOME140786_02029,2116349,0.09570652050685084,0.10496188455708369,0.10401579991461536,0.008041420444378682,0.6903679915133492,0.08509056213802403,0.009299566739029845,-0.009255364050232848,-0.40009323114599754,0.01892523777659133,0.06602204584976333,0.1644335041470329,0.9210722927288166,False
GUT_GENOME140786_1,GUT_GENOME140786_02029,2116409,0.12161747443247137,0.11670679451203703,0.11747244190464763,0.010641793144633314,0.416560274495457,0.0892681994115393,0.004020682854870223,0.004910679920434341,-0.12524946573918488,0.028204242493108336,0.18729308375935025,0.05076612789203824,0.9749363775132098,False
GUT_GENOME140786_1,GUT_GENOME140786_02030,2116934,0.1671476029281332,0.12463575754856783,0.1277960324636274,0.008985546053839425,0.08463071881443607,0.09103772819266157,2.1491988874502755e-05,0.04251184537956536,0.6042728991406006,0.036758304270965825,0.2990895513586134,0.45460029636768307,0.7966816238579497,False
GUT_GENOME140786_1,GUT_GENOME140786_02030,2117476,0.16668564457305798,0.13423654093651158,0.13624176657339895,0.009120288192803389,0.15683069974543434,0.09018550864999662,2.2105691397199547e-07,0.032449103636546406,0.40903971783081633,0.04605625792340233,0.4206082405192175,0.3442247827557858,0.8418845472867367,False
GUT_GENOME140786_1,GUT_GENOME140786_02030,2117675,0.16165624988309868,0.1410872639950516,0.1422128953231993,0.00933742485248323,0.27591888451904745,0.09045121641522277,1.482727975210843e-08,0.020568985888047092,0.17854655387940765,0.05176167890797653,0.4951746779388296,0.2770768335740358,0.8706298038269038,False
GUT_GENOME140786_1,GUT_GENOME140786_02030,2117699,0.12085302389568905,0.12798910497473578,0.12722084001287776,0.008179485639189762,0.6031005461747914,0.08027014508003542,4.7322989449061655e-09,-0.00713608107904673,-0.35897577358555083,0.04695069493284233,0.43229799688785653,0.31574516413459786,0.8539585846740981,False
GUT_GENOME140786_1,GUT_GENOME140786_02031,2118229,0.1063995173700506,0.11812332232023881,0.11696561890530481,0.0073600883332505486,0.6777642481907231,0.07414416608100112,2.97668483843409e-09,-0.01172380495018821,-0.44798490739892394,0.04282145282430369,0.37833127399234134,0.3438250301378905,0.8420528368805995,False
GUT_GENOME140786_1,GUT_GENOME140786_02031,2118231,0.10288184458158882,0.11112552709479383,0.11084978078959051,0.007194725799852365,0.6146040415663148,0.06721886544754527,6.626824627458357e-10,-0.008243682513205008,-0.38046500158486996,0.043630915342045246,0.3889104646140132,0.2960049669172627,0.8624289731327086,False
GUT_GENOME140786_1,GUT_GENOME140786_02031,2118655,0.10146399957022054,0.10495313794484,0.10473517244398,0.006456253508794603,0.5508323521445063,0.06565880012048766,7.131449798870945e-10,-0.003489138374619463,-0.28821928947586,0.03907637232349234,0.32938531337870924,0.19156504349556008,0.908661608720399,False
GUT_GENOME140786_1,GUT_GENOME140786_02031,2118990,0.08216261131271012,0.08390298094435034,0.08360043005693352,0.007051921489216471,0.5278433134224636,0.06376392832516417,0.0024546815540867593,-0.0017403696316402179,-0.2542903967559599,0.019836501731769346,0.07793172032781603,0.07073695891555642,0.965249676042862,False
GUT_GENOME140786_1,GUT_GENOME140786_02033,2121991,0.08056540499758295,0.07794501166824126,0.07775447963155648,0.006245208412012869,0.45096629591633364,0.0641400669662804,0.014629571571029506,0.0026203933293416914,-0.16968466528113507,0.013614412665276077,-0.003387259682657011,0.0288043591597286,0.985701035705972,False
GUT_GENOME140786_1,GUT_GENOME140786_02033,2121992,0.08313702552697334,0.0741671153577874,0.07401609749313298,0.006140321821967449,0.35157572128964165,0.06242363169139079,0.02951802382471621,0.00896991016918594,-0.046493948071002905,0.01159246580174219,-0.029812894999159865,0.003050495915460046,0.998475914641777,False
GUT_GENOME140786_1,GUT_GENOME140786_02033,2122226,0.09009937167682937,0.0804780840151595,0.07931444313590925,0.007671939295006238,0.33900314199314163,0.06197965815832701,0.011925995707185999,0.009621287661669864,-0.03385618956155381,0.017334784977582243,0.04523577969573145,0.003192517336308615,0.998405014675095,False
GUT_GENOME140786_1,GUT_GENOME140786_02033,2122416,0.08442694540794098,0.07582024054174133,0.07566360085498079,0.006912278706985502,0.34860410928572194,0.061950595028028736,0.023635623014941987,0.008606704866199646,-0.05354070814708178,0.013713005826952056,-0.0020987060702258573,0.002871011996060192,0.9985655238478628,False
GUT_GENOME140786_1,GUT_GENOME140786_02039,2127762,0.059459992112573426,0.0628817012923972,0.061793831053257135,0.007105360892589097,0.5811025574309963,0.06095095507287186,0.452786087168208,-0.003421709179823776,-0.286911055939781,0.0008428759803852728,-0.17030360004404452,0.11132127020844203,0.9458600731350398,False
GUT_GENOME140786_1,GUT_GENOME140786_02039,2127766,0.04110662539543205,0.054382232326172064,0.051998758750239675,0.00554726370560888,0.8786131854087486,0.06099909025179535,0.9476498305965856,-0.013275606930740015,-0.4780923319123409,-0.009000331501555672,-0.29894843040710734,0.31794244187625303,0.8530209077573679,False
GUT_GENOME140786_1,GUT_GENOME140786_02039,2127818,0.0492831497515957,0.03972499492779958,0.04140509501627052,0.005487619044434324,0.20753510177786866,0.06145623977514047,0.9998708504557741,0.00955815482379612,-0.035081066945667996,-0.020051144758869946,-0.44337594546958115,0.19781291027909143,0.9058274395618162,False
GUT_GENOME140786_1,GUT_GENOME140786_02039,2127825,0.04869813248638137,0.047580530715775206,0.0461778314122701,0.0070362555988048876,0.4617741287362732,0.061595551658103445,0.9857807063418039,0.001117601770606165,-0.19884120972499594,-0.015417720245833343,-0.3828198603140831,0.18608887213579392,0.9111530113394858,False
GUT_GENOME140786_1,GUT_GENOME140786_02039,2127830,0.11639760334817861,0.08940695096096407,0.10133150754123525,0.01717726762303743,0.15768036768400634,0.15160464431620324,0.9982872412958433,0.026990652387214542,0.3031370891391144,-0.05027313677496799,-0.8383592924403522,0.7947383980328234,0.6720858463882791,False
GUT_GENOME140786_1,GUT_GENOME140786_02039,2127940,0.12795113722990367,0.0811907083781328,0.1041806411814242,0.016192240193991438,0.025300605487752776,0.15911910437280438,0.9996542009006856,0.04676042885177087,0.6867021702599049,-0.05493846319138018,-0.8993323163788172,1.2803584859229522,0.5271979190573289,False
GUT_GENOME140786_1,GUT_GENOME140786_02039,2127952,0.1378688494069017,0.07344688593385362,0.1007486903584016,0.014824076826893512,0.0014318050000512671,0.17967965688013599,0.9999999493876316,0.06442196347304807,1.0293640092479701,-0.07893096652173438,-1.2128999747443827,2.5307166122699796,0.2821381861844215,False
GUT_GENOME140786_1,GUT_GENOME140786_02039,2128015,0.13272299032199072,0.07639843566325114,0.0980872367794593,0.013622243448222321,0.004816239193920525,0.16983032166352355,0.9999999305181512,0.05632455465873959,0.872261410020471,-0.07174308488406425,-1.1189586638816034,2.0129084588866033,0.3655127087835034,False
GUT_GENOME140786_1,GUT_GENOME140786_02039,2128016,0.12306714235762808,0.0837175994411317,0.10450333189356906,0.014520881124329428,0.018648403507303422,0.16878381333190223,0.9999952170860851,0.03934954291649638,0.5429192058932273,-0.06428048143833318,-1.0214269034159003,1.3380741831495273,0.5122015435897319,False
GUT_GENOME140786_1,GUT_GENOME140786_02039,2128017,0.056372187786748386,0.0737201882540686,0.06691670545730143,0.011733879020065835,0.9671349421231314,0.11761303512543192,0.9999922165139362,-0.01734800046732022,-0.557103238283215,-0.050696329668130494,-0.8438901702615936,1.022514637569786,0.5997410388887912,False
GUT_GENOME140786_1,GUT_GENOME140786_02039,2128019,0.05486163135465243,0.07385409059951481,0.06612174626930227,0.011895300211820142,0.9891485385930661,0.11648997069752991,0.9999885365700024,-0.018992459244862377,-0.5890083519064564,-0.05036822442822764,-0.8396020311559236,1.0518624093367124,0.5910047616516227,False
GUT_GENOME140786_1,GUT_GENOME140786_02039,2128027,0.06702138121016149,0.08972665801994806,0.08566880880561485,0.009458672791023165,0.9085982830979042,0.11518752272432164,0.9990982260357113,-0.022705276809786568,-0.6610429129967151,-0.029518713918706793,-0.567111407792439,0.7585930816715047,0.6843426470334741,False
GUT_GENOME140786_1,GUT_GENOME140786_02040,2128587,0.09080961451990023,0.09809018206377153,0.1005069423149169,0.008491359696963621,0.61820734561259,0.11253000216173133,0.9216000844184431,-0.007280567543871297,-0.3617790406179651,-0.012023059846814427,-0.33845368069496945,0.24543496820642757,0.8845135163946228,False
GUT_GENOME140786_1,GUT_GENOME140786_02040,2128598,0.30548012956144155,0.1004605543638311,0.10551906183520152,0.011132571414826509,4.045402737232793e-08,0.12159181902861757,0.9255966993770014,0.20501957519761044,3.7571811114395417,-0.016072757193416054,-0.39138080116165935,14.269588835676013,0.0007968895923328755,False
GUT_GENOME140786_1,GUT_GENOME140786_02040,2128628,0.23708860908722532,0.09750511097341312,0.10341196543494832,0.00920370266401055,7.953319565206855e-05,0.11245848997419611,0.8371771578436134,0.1395834981138122,2.4876172263915053,-0.009046524539247786,-0.2995521457619608,6.277970953070361,0.04332673159817507,False
GUT_GENOME140786_1,GUT_GENOME140786_02040,2128630,0.17442448608685746,0.08671926009305483,0.0916604156473891,0.006906795676322067,0.0027308155308038646,0.10019322184588847,0.8916632249757768,0.08770522599380262,1.4810963034163405,-0.008532806198499374,-0.29283815452270046,2.2794004447378096,0.3199149107770079,False
GUT_GENOME140786_1,GUT_GENOME140786_02040,2128671,0.15564170081652462,0.08340226430513235,0.08738095432101879,0.006047694436371882,0.005994135041347484,0.09702396794606487,0.9445873041829694,0.07223943651139227,1.181035409553779,-0.009643013625046076,-0.30734790109849347,1.4893073709295117,0.47489873579998154,False
GUT_GENOME140786_1,GUT_GENOME140786_02040,2129213,0.15235873732375307,0.08032760080858055,0.08454261039931014,0.0060542263507324615,0.006168357733057642,0.09590451713583241,0.9697197107719661,0.07203113651517253,1.176994058601191,-0.011361906736522265,-0.3298128052614695,1.4940915004969442,0.4737641048546336,False
GUT_GENOME140786_1,GUT_GENOME140786_02040,2129562,0.14098336938878633,0.07576847335031452,0.08049851577681062,0.006314818975801753,0.008266820083616148,0.09616730893199014,0.993454306437077,0.06521489603847182,1.044748161128764,-0.015668793155179522,-0.3861012329653107,1.2405728822792665,0.5377903702435778,False
GUT_GENOME140786_1,GUT_GENOME140786_02041,2129703,0.13466103101519175,0.07206354003765991,0.07588726028183262,0.0049690773976515034,0.020229111170510086,0.09270745072007801,0.9996440730959836,0.06259749097753184,0.9939663434220586,-0.016820190438245383,-0.40114930631256596,1.1488898578108706,0.5630172967162304,False
GUT_GENOME140786_1,GUT_GENOME140786_02042,2130001,0.10514132105285422,0.061766525751542546,0.06393475057909515,0.003857943467761229,0.057981585423301736,0.08857950570131586,0.9999999999159955,0.04337479530131167,0.621015499004146,-0.02464475512222071,-0.5034116835185306,0.6390835731063297,0.7264818445694964,False
GUT_GENOME140786_1,GUT_GENOME140786_02042,2130077,0.08690669797931427,0.05941145807124197,0.06069098722008941,0.0034893686293529795,0.11099191817803145,0.07829470925212291,0.999999773190809,0.027495239908072303,0.3129268889235142,-0.017603722032033503,-0.4113895952785258,0.26716463691477865,0.8749554410308527,False
GUT_GENOME140786_1,GUT_GENOME140786_02042,2130319,0.06753528738346203,0.05934503985435703,0.05969800469608521,0.003168746252614763,0.33414370279773953,0.07345908582413263,0.9999929645731651,0.008190247529104994,-0.06162064231186312,-0.013761081128047421,-0.36116857858793994,0.1342398457181595,0.935083056778917,False
GUT_GENOME140786_1,GUT_GENOME140786_02042,2130495,0.059700477577367246,0.06578685657908019,0.06550336359154986,0.0036939806041449683,0.6380493646565649,0.07079423210389968,0.923970237637675,-0.006086379001712945,-0.33860988512105367,-0.0052908685123498195,-0.250467969352115,0.1773908579730652,0.9151242514544097,False
GUT_GENOME140786_1,GUT_GENOME140786_02043,2130759,0.05424039451618676,0.06295142325548467,0.0625356075246511,0.0036903904152116498,0.6959235340552157,0.06887698539310574,0.9571334915831702,-0.00871102873929791,-0.3895322610677577,-0.006341377868454651,-0.2641974978781426,0.22153570029763092,0.895146532943995,False
GUT_GENOME140786_1,GUT_GENOME140786_02043,2131725,0.04665158815024569,0.06344152235034822,0.0624650061270194,0.0038539241923757064,0.9254594908934355,0.06730207743478443,0.8952792903016074,-0.01678993420010253,-0.5462758658321459,-0.004837071307765034,-0.2445371114980926,0.3582157204904913,0.8360157216730584,False
GUT_GENOME140786_1,GUT_GENOME140786_02043,2132311,0.054257778114908256,0.06450370091568847,0.06406528050218041,0.003756048494065066,0.7831343866114828,0.06707641605840092,0.788629923944747,-0.01024592280078021,-0.41931164508152075,-0.003011135556220512,-0.22067322409733875,0.2245189275344855,0.8938123155007982,False
GUT_GENOME140786_1,GUT_GENOME140786_02044,2132807,0.0630801867188368,0.0710235062987801,0.07078887806690383,0.0035559140674417448,0.7160759533194743,0.0663618792946594,0.1065717799636346,-0.007943319579943292,-0.37463748334920566,0.004426998772244423,-0.12346126034887547,0.15559592673715916,0.9251513221197024,False
GUT_GENOME140786_1,GUT_GENOME140786_02044,2133110,0.06339358099464729,0.07045371427486027,0.0702252926596055,0.0035742278049585904,0.6961378324332859,0.065565255465779,0.09615284827381998,-0.007060133280212988,-0.3575022655935492,0.004660037193826502,-0.12041558765859595,0.14230778365568558,0.9313185587836448,False
GUT_GENOME140786_1,GUT_GENOME140786_02044,2134289,0.06779901350909187,0.06644680994134283,0.0665059862655098,0.003022220372376544,0.46145718273102904,0.06523315563021125,0.3368200552071182,0.0013522035677490385,-0.19428956203623646,0.0012728306352985524,-0.16468435004381782,0.0648693690655873,0.9680856787347732,False
GUT_GENOME140786_1,GUT_GENOME140786_02045,2134732,0.0665322497600623,0.06804737996311243,0.06799442584982042,0.0030915376763437047,0.5430088861672229,0.0651854013959193,0.18177609958010393,-0.0015151302030501218,-0.24992039389560133,0.0028090244539011183,-0.14460721628823187,0.083371450287564,0.9591711765930205,False
GUT_GENOME140786_1,GUT_GENOME140786_02045,2134811,0.07010171686133256,0.07276588945715459,0.07282696536077098,0.00407505412282761,0.5678891788291832,0.06522368180959345,0.031033859289270542,-0.002664172595822037,-0.27221364234911527,0.007603283551177523,-0.08194911938056842,0.0808159252482227,0.9603975529144124,False
GUT_GENOME140786_1,GUT_GENOME140786_02045,2135169,0.07728393928646587,0.07708033026573462,0.07720633732617393,0.0043212413162899855,0.495021067355609,0.06561169299733251,0.003646346824731844,0.00020360902073125742,-0.21657412157041325,0.011594644328841427,-0.02978442295388022,0.047791461984691766,0.9763875114073389,False
GUT_GENOME140786_1,GUT_GENOME140786_02045,2136011,0.07556899076403321,0.07136806351107884,0.07161916751096015,0.0037815787488499324,0.40090954262587664,0.06425350553749593,0.025720986446356123,0.004200927252954373,-0.13901979541214413,0.0073656619734642215,-0.08505469117834011,0.026560804007877213,0.9868073934520303,False
GUT_GENOME140786_1,GUT_GENOME140786_02045,2136207,0.0678658230701657,0.06747666792618845,0.06752110683389312,0.003957172170374943,0.4906091232461164,0.06414938731425725,0.19709240130345773,0.00038915514397724893,-0.2129742319134872,0.0033717195196358712,-0.1372531285672946,0.06419644476065013,0.9684114577290918,False
GUT_GENOME140786_1,GUT_GENOME140786_02046,2137492,0.07250632816308117,0.07124748074529301,0.07129153654274856,0.004630982224127489,0.4763066036825145,0.06836368275926437,0.2636177416810578,0.0012588474177881587,-0.19610081970508603,0.0029278537834841883,-0.14305418807314885,0.0589200322142745,0.9709697000135127,False
GUT_GENOME140786_1,GUT_GENOME140786_02048,2137919,0.06914359639113413,0.07104269133544326,0.07107010521266766,0.004007172301885298,0.5374228436924094,0.06684002389569584,0.14556921379367388,-0.0018990949443091348,-0.25736992006462883,0.0042300813169718204,-0.1260348536288654,0.08212406008332296,0.959769593553422,False
GUT_GENOME140786_1,GUT_GENOME140786_02048,2138014,0.06085108561444671,0.06166807740800877,0.061697660490497915,0.00265960057018798,0.5162662680341669,0.06375451365251057,0.7803480433579046,-0.0008169917935620594,-0.2363753992848169,-0.0020568531620126576,-0.20820132436886532,0.0992211208560061,0.951599943023267,False
GUT_GENOME140786_1,GUT_GENOME140786_02050,2140510,0.04703360094910722,0.05988746158588223,0.05952346305260014,0.002592101666228887,0.7971535512496335,0.06367636940471665,0.9454375273092902,-0.01285386063677501,-0.4699097835791769,-0.0041529063521165074,-0.2355954850189968,0.2763204372647652,0.8709591366846956,False
GUT_GENOME140786_1,GUT_GENOME140786_02050,2140584,0.04395138772849017,0.0573402908357002,0.05677478893336127,0.0028211499542479786,0.8322653164098031,0.06385977781380027,0.9939870479561201,-0.013388903107210026,-0.48029045778373375,-0.007084988880439,-0.2739160487334751,0.305708925591868,0.8582546207003292,False
GUT_GENOME140786_1,GUT_GENOME140786_02050,2140588,0.05448725883650773,0.06307208575129705,0.062460929618157676,0.00322430509371022,0.6978052463685877,0.06687417977424,0.9144604367431133,-0.008584826914789324,-0.387083745115035,-0.004413250156082321,-0.23899802271402182,0.2069538805934935,0.9016968153631053,False
GUT_GENOME140786_1,GUT_GENOME140786_02050,2141471,0.05165620735488799,0.05967200605189415,0.059255374003622775,0.002636379933017234,0.7049377120619135,0.0690029017091908,0.9998910541518405,-0.008015798697006159,-0.376043693402497,-0.00974752770556802,-0.3087138375764113,0.236713092858946,0.8883792476913591,False
GUT_GENOME140786_1,GUT_GENOME140786_02051,2142231,0.060830443273908456,0.07227515747023239,0.07196543386526673,0.00238498298349282,0.7565118970624245,0.07054043364994164,0.27509059795712165,-0.011444714196323931,-0.44257010324886514,0.0014250002153250868,-0.16269558471048037,0.22233814957399622,0.894787450141445,False
GUT_GENOME140786_1,GUT_GENOME140786_02051,2143236,0.05692963503785904,0.07095256150023274,0.07062683549291951,0.0022399805874941574,0.8047044716820116,0.07049789174241386,0.47704769484379894,-0.0140229264623737,-0.492591518450344,0.0001289437505056501,-0.17963426698082202,0.27491487392295283,0.8715714459367239,False
GUT_GENOME140786_1,GUT_GENOME140786_02051,2143349,0.06577142214519714,0.07049836910144999,0.07030735736979986,0.0021979243401405854,0.602132667943388,0.07058723949759914,0.5506640682717849,-0.0047269469562528504,-0.3122347430586264,-0.00027988212779928023,-0.18497737651692187,0.13170716459596954,0.9362679404564975,False
GUT_GENOME140786_1,GUT_GENOME140786_02051,2143361,0.06637803849931034,0.07012887491320244,0.07004086779456967,0.002196623203811,0.577702832958403,0.06825133859916713,0.2076298108903496,-0.0037508364138920947,-0.2932966473227086,0.0017895291954025394,-0.157931409121322,0.1109652533177877,0.946028459202782,False
GUT_GENOME140786_1,GUT_GENOME140786_02052,2143939,0.0631484923395171,0.06955143275371327,0.06943790937133934,0.002024647970191947,0.6241216148415352,0.06893679359990514,0.4022577030509173,-0.006402940414196173,-0.34475167959589403,0.0005011157714342046,-0.1747702014223064,0.14939834388938353,0.9280226195808217,False
GUT_GENOME140786_1,GUT_GENOME140786_02054,2144822,0.06732647027977787,0.07156136453822819,0.07149452463901061,0.0021811153385479635,0.5724786569680207,0.0686728675806837,0.09788864038356898,-0.00423489425845032,-0.30268813876157236,0.002821657058326918,-0.1444421157093421,0.11248363413753584,0.9453105160313561,False
GUT_GENOME140786_1,GUT_GENOME140786_02055,2146136,0.08034048436936583,0.07924676447428004,0.07921463323453887,0.0028021864264884885,0.48307548894885993,0.06868628108771171,8.591536325781114e-05,0.0010937198950857902,-0.19930455606266,0.010528352146827152,-0.04372022356809605,0.041633764016178285,0.9793982935985773,False
GUT_GENOME140786_1,GUT_GENOME140786_02055,2146524,0.07447541769978962,0.07495451064176778,0.07485646779393025,0.0029930439413366934,0.5082689794402048,0.06875857706394824,0.02080727858297387,-0.00047909294197816255,-0.22981962458241903,0.006097890729982014,-0.10162370253527415,0.0631444367601819,0.9689209800233645,False
GUT_GENOME140786_1,GUT_GENOME140786_02056,2147200,0.07291516746965052,0.07526866155380564,0.07515338518756923,0.003232907737869152,0.5381914615616471,0.06862227702294955,0.021681516339548616,-0.002353494084155125,-0.26618598549909234,0.006531108164619673,-0.09596180995691174,0.08006364784632944,0.9607588635495545,False
GUT_GENOME140786_1,GUT_GENOME140786_02056,2147201,0.08337399536632052,0.07509795111700986,0.0751882634545629,0.0032465904819535727,0.3885200974162975,0.06917773280424333,0.032060597015446814,0.008276044249310666,-0.05995604959354961,0.006010530650319576,-0.10276544648909174,0.014155464874966557,0.9929472557228193,False
GUT_GENOME140786_1,GUT_GENOME140786_02057,2148147,0.11291988388567648,0.07097091879937888,0.07166513959979914,0.0025112202948449156,0.1044746709473382,0.07030240205124924,0.29368213214510974,0.0419489650862976,0.5933521269338123,0.0013627375485499027,-0.16350932049934194,0.37880204442703547,0.827454612470425,False
GUT_GENOME140786_1,GUT_GENOME140786_02058,2149135,0.13647162755618825,0.06918250905771442,0.07063172031487464,0.002791843805560989,0.031912741208009625,0.07031457140334571,0.454778088928713,0.06728911849847383,1.0849913731630325,0.000317148911528925,-0.17717453817212703,1.2085970968147093,0.5464576057910805,False
GUT_GENOME140786_1,GUT_GENOME140786_02059,2149633,0.13754688079594896,0.061436028018327454,0.06414748473354219,0.0035932553668166257,0.018473627735738893,0.07058538274074132,0.9634064131551227,0.0761108527776215,1.2561470374910397,-0.006437898007199128,-0.2654589583216193,1.6483738383507147,0.43859145783194897,False
GUT_GENOME140786_1,GUT_GENOME140786_02059,2150218,0.14318081521412795,0.06054002335636465,0.06387256572627138,0.0039640278542733935,0.012966608714404984,0.07077090746077298,0.9590911569929077,0.0826407918577633,1.3828382328861322,-0.006898341734501601,-0.27147668224943833,1.9859411673368033,0.3704745292145594,False
GUT_GENOME140786_1,GUT_GENOME140786_02059,2150219,0.14761907190465406,0.06479810473469118,0.06841624949878437,0.004681121172196597,0.018104798117651685,0.07099500837869352,0.7091437038409228,0.08282096716996289,1.3863339202735792,-0.002578758879909146,-0.21502231972708435,1.968156336481927,0.37378363379432183,False
GUT_GENOME140786_1,GUT_GENOME140786_02059,2150220,0.10935542435881829,0.06303555858880262,0.06510254852590006,0.004074961967896773,0.05860696549933727,0.07013742849915633,0.8916898306114804,0.046319865770015664,0.678154546340372,-0.005034879973256273,-0.2471223523622267,0.5209630457591563,0.7706803961989827,False
GUT_GENOME140786_1,GUT_GENOME140786_02063,2152848,0.09656207648031158,0.0636657229330813,0.0652593281738691,0.004468125162163983,0.09267220213240934,0.06972873130585433,0.8414139444569695,0.03289635354723028,0.41771707685813175,-0.004469403131985225,-0.23973190849999795,0.23195894425195376,0.8904935030482988,False
GUT_GENOME140786_1,GUT_GENOME140786_02063,2153008,0.08855529132155089,0.06399779331619816,0.06521555327125766,0.0036257588950049345,0.1445776750154827,0.0696482816509935,0.8892531083189715,0.02455749800535273,0.2559300274137871,-0.004432728379735837,-0.2392525914389296,0.1227419814422652,0.9404742678205081,False
GUT_GENOME140786_1,GUT_GENOME140786_02064,2153161,0.0811370241105166,0.061288024532419556,0.06240352037216688,0.0033679940772670027,0.19000602838244485,0.06787082026279989,0.9477384687426702,0.01984899957809704,0.16457767527944178,-0.005467299890633014,-0.25277382186732456,0.09098041622179931,0.9555289589597443,False
GUT_GENOME140786_1,GUT_GENOME140786_02064,2153165,0.08161939240310662,0.05727782635937874,0.05909882393617342,0.003843856890703222,0.14561277311138365,0.06664940511889847,0.9752537475752135,0.024341566043727877,0.2517406042037829,-0.007550581182725051,-0.28000106145476805,0.14177392622068247,0.93156718763374,False
GUT_GENOME140786_1,GUT_GENOME140786_02064,2153211,0.06411038714453893,0.05678445374893883,0.05719672357461439,0.003744866931860875,0.34351293900675706,0.06568161481293164,0.9882663173890466,0.007325933395600094,-0.07838971005150146,-0.00848489123831725,-0.2922119346715197,0.09153276140643096,0.9552651044864795,False
GUT_GENOME140786_1,GUT_GENOME140786_02065,2153874,0.050763267948367115,0.05670175741682814,0.056563054556297634,0.003404363356830697,0.6618543270673801,0.06395562220325436,0.9850532195526703,-0.005938489468461025,-0.3357405931530647,-0.007392567646956727,-0.277935919117651,0.18997012102654515,0.9093865201345973,False
GUT_GENOME140786_1,GUT_GENOME140786_02065,2153972,0.04433644920003335,0.060410800961170054,0.059429771488651376,0.004199023090092714,0.9307977222576058,0.06298750878550449,0.8015797351326823,-0.016074351761136703,-0.5323924293278121,-0.003557737296853117,-0.22781698169148126,0.33534227595258603,0.8456318851750991,False
GUT_GENOME140786_1,GUT_GENOME140786_02067,2157156,0.06268736707885185,0.062497505786506424,0.06187473732187317,0.0047342281617287416,0.4957311312721377,0.06398302882801325,0.6719591774491799,0.00018986129234542515,-0.21684084934869605,-0.0021082915061400795,-0.2088735927393705,0.09064813169011632,0.955687725894647,False
GUT_GENOME140786_1,GUT_GENOME140786_02067,2157331,0.046036517295561664,0.05116194411537876,0.05062460916202385,0.0037177132843076977,0.6626348735104323,0.05294994721588981,0.7341704422833271,-0.0051254268198170985,-0.31996588566749923,-0.0023253380538659635,-0.2117102612099186,0.14719940269255916,0.9290435142847265,False
GUT_GENOME140786_1,GUT_GENOME140786_02067,2157403,0.05164085706686143,0.0530200834919465,0.05296615047760315,0.003980200765624745,0.5367235772952793,0.0529246630962906,0.4958417246312017,-0.0013792264250850686,-0.24728364462768504,4.148738131255075e-05,-0.18077726938117344,0.09382962202526457,0.9541686787917146,False
GUT_GENOME140786_1,GUT_GENOME140786_02067,2157457,0.051974628837744605,0.05424444725132783,0.05420774907700047,0.0036871007420645773,0.5625961376396039,0.05298121941264683,0.3696976507577477,-0.002269818413583223,-0.2645625445144009,0.0012265296643536386,-0.16528947602168445,0.09731395084345737,0.9525078072549699,False
GUT_GENOME140786_1,GUT_GENOME140786_02086,2173795,0.05265430284466071,0.05447216892061341,0.05431588234184123,0.004048104372215141,0.55219062532062,0.05293870751468093,0.3668520550668635,-0.0018178660759527038,-0.2557939509313236,0.0013771748271603004,-0.16332063390900578,0.09210417479349589,0.9549922178366572,False
GUT_GENOME140786_1,GUT_GENOME140786_02086,2174171,0.05571867093638556,0.05678478300332571,0.056653518018052955,0.004115245344730886,0.5312561408244765,0.05444088204961758,0.29540311791423957,-0.0010661120669401558,-0.24120872848499345,0.002212635968435378,-0.15240165683863013,0.08140791570450687,0.9601133218892192,False
GUT_GENOME140786_1,GUT_GENOME140786_02086,2174507,0.059515150155937245,0.05098766065728604,0.05203640424721479,0.006596207434434261,0.2541699799428336,0.056014737723828235,0.7267870234465398,0.008527489498651203,-0.055077612164899356,-0.003978333476613444,-0.23331392202275938,0.057468929571429316,0.9716744439954662,False
GUT_GENOME140786_1,GUT_GENOME140786_02086,2174512,0.05972652531638468,0.06473872883017849,0.06065397941945093,0.007162202707734785,0.6444378312951162,0.05507668889257947,0.21807480257992357,-0.005012203513793813,-0.317769173598577,0.005577290526871462,-0.10842763559662694,0.11273379985059748,0.9451922812864262,False
GUT_GENOME140786_1,GUT_GENOME140786_02086,2174549,0.07923665916846627,0.08071607678424654,0.07918500751741796,0.00997231291343843,0.52671452727698,0.08663803376001546,0.7725804425034313,-0.0014794176157802708,-0.24922751294888187,-0.007453026242597499,-0.2787260767765712,0.13980257908594415,0.9324858614686988,False
GUT_GENOME140786_1,GUT_GENOME140786_02087,2175120,0.07860317238424458,0.08382967326247179,0.0815194486080318,0.010436304508138242,0.6016114524605801,0.09925220447033986,0.9553537170084109,-0.005226500878227208,-0.3219268830253999,-0.01773275586230806,-0.41307599020997693,0.2742686917024025,0.8718530884185167,False
GUT_GENOME140786_1,GUT_GENOME140786_02087,2175123,0.07714499894567123,0.08739136451588786,0.0850326158820254,0.013564766354939726,0.668601879067238,0.107103993662393,0.9481432157263725,-0.010246365570216631,-0.4193202355122271,-0.022071377780367593,-0.4697791818964511,0.3965219396533285,0.8201557892927743,False
GUT_GENOME140786_1,GUT_GENOME140786_02087,2175158,0.11752640433988228,0.11374021828933234,0.10999116802354011,0.0207177676045166,0.4528102374656848,0.10981809619759382,0.49666735976697846,0.003786186050549936,-0.14706643383669052,0.00017307182594629433,-0.17905753944665947,0.05369013839413368,0.973512056845698,False
GUT_GENOME140786_1,GUT_GENOME140786_02087,2175241,0.11851780905881532,0.08918601710576253,0.10763716046952314,0.02438398750157874,0.16218538939035831,0.11649839898871657,0.6418484417704,0.029331791953052785,0.3485589172055953,-0.008861238519193432,-0.2971305683785448,0.20977989342849412,0.900423611710662,False
GUT_GENOME140786_1,GUT_GENOME140786_02087,2175252,0.11567986760630895,0.09245435183545,0.11035316895571011,0.02493818128216972,0.2189843138754779,0.11863546331150009,0.6300980352763039,0.023225515770858948,0.2300874553067623,-0.008282294355789976,-0.28956411467660204,0.13678761359798566,0.9338926278855096,False
GUT_GENOME140786_1,GUT_GENOME140786_02087,2175253,0.12141836553578965,0.09390858663897123,0.1171470858759919,0.02835828426804851,0.2051460922133116,0.12661440924984857,0.63075242914335,0.027509778896818424,0.3132089684102407,-0.009467323373856668,-0.3050517346708151,0.19115641871828054,0.9088472785108153,False
GUT_GENOME140786_1,GUT_GENOME140786_02087,2175427,0.10657179659090472,0.1210403089732638,0.11036183766716975,0.019804964562018555,0.7305066051867319,0.13072998662365828,0.8481277329126952,-0.014468512382359078,-0.50123659341373,-0.02036814895648853,-0.4475190005968698,0.451511378472222,0.7979130165933982,False
GUT_GENOME140786_1,GUT_GENOME140786_02087,2175712,0.1037860137817305,0.10863423886874103,0.10546449508851995,0.018431413959638165,0.5837626766450094,0.12823651605485878,0.8916778527717025,-0.004848225087010535,-0.3145877315279522,-0.022772020966338832,-0.47893616898319824,0.32834529478820557,0.8485955014304144,False
GUT_GENOME140786_1,GUT_GENOME140786_02087,2175750,0.10327853895536392,0.10161648847486492,0.09902428362466838,0.016270124009627098,0.46882446962905816,0.12707023824361108,0.9576253301885427,0.001662050480499,-0.18827803952676167,-0.0280459546189427,-0.5478633252307966,0.3356028433009865,0.8455217203225744,False
GUT_GENOME140786_1,GUT_GENOME140786_02087,2175755,0.09845981104766997,0.08770759236811758,0.09235119601448494,0.015508417243836522,0.32250189417946307,0.11755560620626396,0.9479409208867111,0.010752218679552394,-0.011914330563105797,-0.02520441019177902,-0.5107260403089617,0.2609830395224382,0.8776639357169246,False
GUT_GENOME140786_1,GUT_GENOME140786_02087,2175789,0.09653197295334116,0.07408228709497594,0.08760873788023309,0.015755700830724768,0.16396805311731272,0.1043298192487784,0.8557168068125177,0.022449685858365223,0.2150351220719834,-0.016721081368545318,-0.39985401009104493,0.20612333311040226,0.9020713441339606,False
GUT_GENOME140786_1,GUT_GENOME140786_02087,2175849,0.1744661206224694,0.13674020885421434,0.15590038796873737,0.03432492290252759,0.22795770885678013,0.10283253130030166,0.061046916145697516,0.03772591176825507,0.5114181813772479,0.053067856668435706,0.5122456394853134,0.5239441514149293,0.769532512058533,False
GUT_GENOME140786_1,GUT_GENOME140786_02087,2176107,0.22650065117653959,0.13674020885421434,0.18598239387185656,0.03748462018621025,0.04779895969334558,0.10161281149790098,0.012199780589807922,0.08976044232232525,1.520970766295769,0.08436958237395557,0.9213404595270114,3.1622203142877834,0.20574656035808098,False
GUT_GENOME140786_1,GUT_GENOME140786_02087,2176630,0.2930675788647578,0.10842149759341718,0.22660400826459817,0.042467551472078466,0.003822114532606448,0.10147176154278638,0.0016067655713772027,0.18464608127134063,3.3619029521465564,0.12513224672181178,1.4540840849963796,13.41675198589149,0.001220644851658898,True
GUT_GENOME140786_1,GUT_GENOME140786_02087,2176636,0.18217492169166116,0.09865871458192989,0.12679484153908782,0.02652398474261412,0.044346099816575335,0.10212072769756313,0.17611910213765203,0.08351620710973127,1.3998226799656155,0.024674113841524695,0.14115641516062874,1.9794286688871177,0.3716828528469136,False
GUT_GENOME140786_1,GUT_GENOME140786_02087,2176642,0.24696755038351692,0.09375891475653901,0.159151467939001,0.033493883987184045,0.0049679065692991116,0.1040519152034258,0.04997839923807439,0.1532086356269779,2.7519665469257473,0.05509955273557521,0.5387986910577797,7.8636239048839975,0.019608111379919656,True
GUT_GENOME140786_1,GUT_GENOME140786_02087,2176671,0.33543554452721036,0.10101874946897996,0.19977596186421367,0.03302433792117601,2.410508929255136e-05,0.11376351704770535,0.004600194746445599,0.2344167950582304,4.327533894172306,0.08601244481650833,0.9428116883535698,19.61644348490623,5.499755971946551e-05,True
GUT_GENOME140786_1,GUT_GENOME140786_02087,2176722,0.33382665858387217,0.10800401862935978,0.21095779093745107,0.03435096807583598,7.592267656233862e-05,0.11908440730229206,0.0037414802062881738,0.2258226399545124,4.160793627511621,0.09187338363515901,1.0194106507829315,18.351401685670996,0.00010352464653490039,True
GUT_GENOME140786_1,GUT_GENOME140786_02087,2176737,0.3340666935322961,0.11553529730796458,0.23584181024331358,0.03805016272813976,3.441839535437273e-05,0.12800238851785006,0.002297472409109069,0.21853139622433154,4.019331912056608,0.10783942172546351,1.2280772125175838,17.66320265918159,0.00014604418725845314,True
GUT_GENOME140786_1,GUT_GENOME140786_02087,2176749,0.579301105271898,0.2701361800110693,0.46220415090001027,0.06495308513440098,0.00026967024174854714,0.12802063034603653,1.337615294515302e-07,0.3091649252608287,5.777766408241881,0.3341835205539737,4.186259111141177,50.9073500138208,8.822860251652633e-12,True
GUT_GENOME140786_1,GUT_GENOME140786_02087,2176755,0.2213587789066631,0.1266220933282761,0.16893040845856833,0.027361204064565575,0.03420315687105203,0.12031432752036574,0.03779848997197342,0.09473668557838702,1.6175177936033414,0.04861608093820259,0.4540635951993475,2.8225375611087786,0.2438337153316321,False
GUT_GENOME140786_1,GUT_GENOME140786_02087,2176757,0.09118077385702825,0.11806656006652413,0.11660277454345254,0.012729238670968646,0.8318260346270439,0.09538945438245891,0.04780659080869541,-0.026885786209495888,-0.7421514389277248,0.02121332016099363,0.09592591313470897,0.5599905391132203,0.7557873166563854,False
GUT_GENOME140786_1,GUT_GENOME140786_02087,2177154,0.1461451885863538,0.10854523461321701,0.11313727191905253,0.009203317899907571,0.12214011479652476,0.09807969251468869,0.05090897781759583,0.0375999539731368,0.5089743999825037,0.015057579404363836,0.01547406582289359,0.2592943865506409,0.878405283549332,False
GUT_GENOME140786_1,GUT_GENOME140786_02087,2177172,0.10468522650223247,0.08652818463417107,0.08903265706821811,0.006360841643492931,0.2522850886036045,0.07846796940496249,0.048367306504142865,0.0181570418680614,0.1317510068815332,0.01056468766325562,-0.04324534011616532,0.01922848725606063,0.9904318254542345,False
GUT_GENOME140786_1,GUT_GENOME140786_02088,2177692,0.11117966547554939,0.08052238985768852,0.081831634292577,0.004829714265153709,0.1601556634558689,0.0748537748048848,0.07426028416233514,0.03065727561786087,0.3742754067333289,0.006977859487692209,-0.09012303755710376,0.1482042419839179,0.9285768618089609,False
GUT_GENOME140786_1,GUT_GENOME140786_02088,2177701,0.09015278932562286,0.07428663292643028,0.07435928754333197,0.004154469586000044,0.2918863624422634,0.07307145034869314,0.37828490575922447,0.015866156399192574,0.08730418815900139,0.0012878371946388328,-0.164488223295072,0.03467839687287179,0.9828102603859785,False
GUT_GENOME140786_1,GUT_GENOME140786_02090,2179079,0.0790930950225198,0.07207785508496563,0.07155114278000507,0.004154010142484173,0.4014710221748862,0.06885471565638322,0.2581322701437352,0.007015239937554166,-0.0844176568850298,0.00269642712362185,-0.14607879600243434,0.028465355435479442,0.9858681280278521,False
GUT_GENOME140786_1,GUT_GENOME140786_02090,2179439,0.07273188082510593,0.07013133762570584,0.06992303141109792,0.003817535910697002,0.4554260866503893,0.06677056139735042,0.20446257735867324,0.0026005431994000905,-0.17006978934740655,0.0031524700137474937,-0.1401185883824964,0.048556952058974694,0.976013875441238,False
GUT_GENOME140786_1,GUT_GENOME140786_02090,2179991,0.08724077843349144,0.06837809117156367,0.06895197149316915,0.004229323703063888,0.25098451931121424,0.06631143777145009,0.26620233375307145,0.018862687261927774,0.14544164891919686,0.00264053372171906,-0.14680928931159104,0.04270624066850936,0.978873243485547,False
GUT_GENOME140786_1,GUT_GENOME140786_02092,2180959,0.08269271353388583,0.06894922285231184,0.06805809993960571,0.003947979358287761,0.2890962733560206,0.06630570460755482,0.32856776259925413,0.013743490681573989,0.04612109994197609,0.0017523953320508906,-0.15841672648970648,0.027223015091572215,0.986480710141634,False
GUT_GENOME140786_1,GUT_GENOME140786_02092,2181543,0.07376597149139896,0.07269544065099852,0.07126743259347688,0.0041300518040503185,0.4814017849819006,0.06643110998389842,0.12079783396400035,0.0010705308404004438,-0.19975446057510837,0.004836322609578461,-0.11811164278630713,0.05385220468133275,0.9734331732995337,False
GUT_GENOME140786_1,GUT_GENOME140786_02095,2183629,0.08882338954681857,0.07401116023607196,0.07401863772000045,0.004179242356288395,0.2772296851296459,0.06667530770669199,0.03945072399603547,0.014812229310746605,0.06685632776463002,0.007343330013308461,-0.08534655653129374,0.011753803273920956,0.9941403335697312,False
GUT_GENOME140786_1,GUT_GENOME140786_02095,2183632,0.07048008643429561,0.0728395225034417,0.0725259084172657,0.005078728709565865,0.5513210913669757,0.06908829467085816,0.24924580386948603,-0.002359436069146084,-0.26630126945079313,0.003437613746407539,-0.13639193046286585,0.08951912480649116,0.9562273672055709,False
GUT_GENOME140786_1,GUT_GENOME140786_02095,2183644,0.08248261360312141,0.07520376526707594,0.0765102182944129,0.005542821090488184,0.3378260788115913,0.0703466259870895,0.13307003492546254,0.007278848336045474,-0.07930323503343657,0.006163592307323398,-0.10076502224359332,0.016442592794520337,0.9918124060374891,False
GUT_GENOME140786_1,GUT_GENOME140786_02095,2183647,0.09000270007530263,0.06252920774565031,0.06578997535758338,0.005485319971996275,0.0731789758672375,0.07357260273193043,0.9220228062464005,0.02747349232965232,0.31250495134137735,-0.007782627374347054,-0.2830337662933458,0.17776745747507292,0.914951950008392,False
GUT_GENOME140786_1,GUT_GENOME140786_02095,2183735,0.0876102332664814,0.07097366647376596,0.07380189790478127,0.007682698497423263,0.21139492296136775,0.07958726429567477,0.7742865572574082,0.01663656679271544,0.10225137411316135,-0.005785366390893498,-0.256930760654326,0.07646875927844024,0.9624873270201226,False
GUT_GENOME140786_1,GUT_GENOME140786_02095,2183911,0.1042063005374181,0.0724012733918883,0.0817192570252156,0.011658776351520446,0.06879723132478337,0.08054887192070262,0.46001869749130664,0.031805027145529796,0.3965436103524294,0.0011703851045129776,-0.1660232518147643,0.184810555054488,0.9117355687219559,False
GUT_GENOME140786_1,GUT_GENOME140786_02095,2183920,0.12052730128719737,0.09961122273405054,0.10247358844547556,0.007613065457187407,0.18243225254236156,0.08300731841184988,0.005279635351840657,0.020916078553146825,0.1852807031746257,0.01946627003362568,0.07309301362676324,0.03967152760992595,0.9803596706276714,False
GUT_GENOME140786_1,GUT_GENOME140786_02095,2183998,0.11219972538848168,0.09438242044187893,0.09521695467996792,0.005528998428687712,0.22940902741777813,0.07748263705351591,0.0006694470802133144,0.017817304946602747,0.1251595707025435,0.017734317626452015,0.05045743228536293,0.01821087061127697,0.9909358936359556,False
GUT_GENOME140786_1,GUT_GENOME140786_02095,2184002,0.09673930150598449,0.08510444360041568,0.08534798277086998,0.004400284194696623,0.28958162958650346,0.07459413870832078,0.0072647745514002274,0.011634857905568813,0.005210273093103373,0.0107538440625492,-0.04077317919261928,0.001689599087178159,0.9991555571990796,False
GUT_GENOME140786_1,GUT_GENOME140786_02098,2185334,0.0991807926194448,0.06008985168090827,0.06117786799470316,0.0030440242608080264,0.03936369958704309,0.06130938931997439,0.5172314977079282,0.03909094093853654,0.5379019165560416,-0.00013152132527123606,-0.18303838962583333,0.3228415239114811,0.8509339551364772,False
GUT_GENOME140786_1,GUT_GENOME140786_02099,2185606,0.09257754519485663,0.0547894889189779,0.05669437150842413,0.003503586500259217,0.03918141217500132,0.059242008002231096,0.7664332761160012,0.03778805627587873,0.5126238835838771,-0.0025476364938069665,-0.21461556876831872,0.3088430883783654,0.8569107191301557,False
GUT_GENOME140786_1,GUT_GENOME140786_02099,2185814,0.0916038277951913,0.0569984262621687,0.058563589469916175,0.0032704756391099305,0.05709005873410858,0.0590624158980351,0.5606132171274677,0.0346054015330226,0.45087532376522277,-0.0004988264281189231,-0.1878388474780141,0.2385719902022631,0.8875539283850442,False
GUT_GENOME140786_1,GUT_GENOME140786_02102,2190270,0.07390631697400031,0.05485890581274433,0.05567321731514256,0.002620110310914555,0.1456257280232215,0.05899860078841819,0.8978110104252663,0.01904741116125598,0.14902558612545713,-0.0033253834732756282,-0.22478025628737133,0.07273478893665239,0.9642859550703449,False
GUT_GENOME140786_1,GUT_GENOME140786_02102,2190566,0.06678372152127104,0.05361325122567421,0.0539939696918391,0.0024012952655806806,0.2204553848982263,0.05895799339021581,0.9806436407184389,0.013170470295596835,0.03500359382220591,-0.004964023698376709,-0.24619630325894773,0.06183787131884173,0.9695541661595701,False
GUT_GENOME140786_1,GUT_GENOME140786_02103,2191721,0.05593636435862418,0.05307738887121852,0.053175645544567045,0.002329329822032056,0.4063931561172745,0.057617513354237565,0.971735142840441,0.002858975487405664,-0.1650557922650013,-0.00444186780967052,-0.2393720383179799,0.0845423872887317,0.9586097764395465,False
GUT_GENOME140786_1,GUT_GENOME140786_02104,2192294,0.05192620136838949,0.05635682429881177,0.05622126788886963,0.002361509815089734,0.6451560289344839,0.06108792397804454,0.9803400827435278,-0.004430622930422276,-0.3064855860456721,-0.0048666560891749075,-0.2449237668838278,0.1539210660383227,0.9259263964047186,False
GUT_GENOME140786_1,GUT_GENOME140786_02104,2192331,0.057036478575139556,0.06456122309226857,0.06443810511866109,0.0023951519644032637,0.7221626014208176,0.06841095254735445,0.9514122434071278,-0.007524744517129013,-0.36651646194001886,-0.00397284742869336,-0.23324222265999195,0.18873625130440255,0.9099477254768267,False
GUT_GENOME140786_1,GUT_GENOME140786_02104,2192802,0.06208251273755226,0.06828588323287091,0.06817434943534384,0.0025171178199425402,0.6680780477440016,0.07308009016130869,0.9743493956736465,-0.006203370495318647,-0.34087970601739837,-0.0049057407259648494,-0.2454345796934601,0.17643710688381337,0.9155607559010981,False
GUT_GENOME140786_1,GUT_GENOME140786_02104,2193152,0.062481534193803194,0.057475536107262505,0.057688153559338415,0.0031739726462166134,0.3691936393862577,0.08103733513958512,0.9999999999999055,0.005005998086540689,-0.12340014183911888,-0.02334918158024671,-0.4864793127607364,0.25188971675007304,0.8816634617990028,False
GUT_GENOME140786_1,GUT_GENOME140786_02104,2193263,0.06502663264127663,0.06055554283661524,0.06064367822999537,0.003419932985704321,0.37779404664044247,0.08670690653753023,0.9999999999999875,0.004471089804661391,-0.1337782125724452,-0.02606322830753486,-0.5219502790560199,0.29032870396573535,0.8648801366638108,False
GUT_GENOME140786_1,GUT_GENOME140786_02104,2193269,0.06660833438793463,0.06359445426871602,0.06365007911991813,0.003683965465809608,0.41660623899996835,0.09095473981049328,0.9999999999999377,0.0030138801192186176,-0.16205039623668283,-0.027304660690575147,-0.5381750572714985,0.3158927231896466,0.8538955823373653,False
GUT_GENOME140786_1,GUT_GENOME140786_02104,2193408,0.06479379343048208,0.05998568520798012,0.06002412088842859,0.0038090589440071764,0.3733411239308016,0.09138801628823523,0.9999999999999999,0.00480810822250196,-0.12723951968383448,-0.03136389539980664,-0.5912268253593912,0.36573905439391696,0.8328768164211315,False
GUT_GENOME140786_1,GUT_GENOME140786_02104,2193480,0.07081524963662003,0.058509440555680046,0.05885418503024829,0.00367664629888553,0.2538242337511437,0.0867350483760254,0.9999999999999831,0.012305809080939985,0.018227792156645745,-0.027880863345777107,-0.5457056811021145,0.2981269427940285,0.8615144316390411,False
GUT_GENOME140786_1,GUT_GENOME140786_02105,2194179,0.07014517291569411,0.05685101590705506,0.05782855527970844,0.0041064543486408174,0.20645506612139913,0.08548832331459214,0.9999999999918419,0.013294157008639049,0.037403312615519296,-0.027659768034883694,-0.5428160977202611,0.2960483237388663,0.862410277245791,False
GUT_GENOME140786_1,GUT_GENOME140786_02105,2194284,0.0644965284740718,0.05513580575622139,0.05608329915133445,0.004248456905940507,0.2876473882216153,0.08580075565674604,0.9999999999986726,0.009360722717850406,-0.03891156355591969,-0.02971745650541159,-0.5697088544478571,0.326082288614656,0.849556233292738,False
GUT_GENOME140786_1,GUT_GENOME140786_02105,2194719,0.06327223719345902,0.05756935803341704,0.057636761862473226,0.004744663419453694,0.3856387346965872,0.08478194803365488,0.9999999947114021,0.005702879160041981,-0.10987954154460941,-0.027145186171181654,-0.5360908207528386,0.29946688174550573,0.860937436573058,False
GUT_GENOME140786_1,GUT_GENOME140786_02105,2195079,0.0696895156298311,0.0575040414904833,0.057995188171446034,0.004497296825573247,0.2957328382825365,0.08448630543821291,0.9999999980743124,0.012185474139347799,0.01589310305602681,-0.026491117266766874,-0.5275425316500671,0.2785537134245116,0.8699871333356344,False
GUT_GENOME140786_1,GUT_GENOME140786_02105,2195085,0.06655784873034264,0.055915951781362355,0.05614968962859815,0.003941370354379152,0.322618607506981,0.08543937090098291,0.9999999999999463,0.010641896948980281,-0.014054747457153276,-0.029289681272384765,-0.5641180881872435,0.318426753346115,0.852814368860837,False
GUT_GENOME140786_1,GUT_GENOME140786_02105,2195200,0.058653781962740945,0.06004872631885218,0.059700403635839554,0.0033815289844451356,0.5253089169882939,0.08752731813406166,0.9999999999999999,-0.001394944356111233,-0.24758859746819442,-0.027826914498222104,-0.5450006019544149,0.3583257697269422,0.8359697214927256,False
GUT_GENOME140786_1,GUT_GENOME140786_02105,2195338,0.06687456619238207,0.063545409673407,0.06323451898507437,0.003960220827958939,0.4453909709575253,0.08941768918386743,0.9999999999809832,0.003329156518975071,-0.15593353305085678,-0.026183170198793057,-0.5235178477862986,0.29838620368052077,0.8614027603795587,False
GUT_GENOME140786_1,GUT_GENOME140786_02106,2196204,0.07394004463198625,0.0714225310787619,0.0713851400087829,0.003177629622603965,0.4604298661135074,0.08757553615359816,0.999999825737443,0.0025175135532243542,-0.1716806964321641,-0.016190396144815253,-0.3929182718463527,0.1838590298781572,0.9121694415979108,False
GUT_GENOME140786_1,GUT_GENOME140786_02106,2196238,0.07575737357365223,0.07285705892554387,0.0728289156458208,0.003051153486187083,0.45410379730194067,0.08467767849913996,0.9999484910322375,0.0029003146481083597,-0.16425374685205382,-0.011848762853319164,-0.3361757233114511,0.13999341029891593,0.9323968920092922,False
GUT_GENOME140786_1,GUT_GENOME140786_02107,2196367,0.079378769440045,0.07433310241421463,0.07467145748558193,0.003318666569166059,0.4164666837734641,0.07727840231399687,0.7839314414005296,0.005045667025830369,-0.12263050137586423,-0.002606944828414934,-0.2153906932040025,0.06143139058659657,0.9697512387291484,False
GUT_GENOME140786_1,GUT_GENOME140786_02107,2196553,0.07454995117608702,0.06863657916982864,0.06892345120429677,0.003125730331006688,0.375833638165581,0.07206716031006692,0.8427325260405447,0.005913372006258383,-0.10579564581725566,-0.003143709105770151,-0.22240588104109743,0.06065709459555699,0.9701267486616437,False
GUT_GENOME140786_1,GUT_GENOME140786_02107,2197163,0.07688945340421498,0.07685249866160537,0.0768428071503181,0.0022097029902589478,0.49923041696526094,0.07347151522888817,0.06354522506807053,3.695474260960452e-05,-0.2198074794094086,0.003371291921429931,-0.13725871701991715,0.06715528340227128,0.9669798303577444,False
GUT_GENOME140786_1,GUT_GENOME140786_02107,2197194,0.08083803925614202,0.06972553201375062,0.06979603737299626,0.0016080281490283242,0.2701412941877067,0.06922459165930885,0.3611560355108804,0.011112507242391406,-0.0049241598811056286,0.0005714457136874185,-0.17385103117142953,0.03024842838990405,0.9849895823159606,False
GUT_GENOME140786_1,GUT_GENOME140786_02108,2198695,0.08501007523053031,0.07436290209913159,0.07445488106281907,0.001805248880104075,0.28451986207613866,0.06875095910930018,0.0007898428892761737,0.010647173131398721,-0.013952381133438628,0.0057039219535188895,-0.10677263864267889,0.01159506530201282,0.9942192406112472,False
GUT_GENOME140786_1,GUT_GENOME140786_02108,2199248,0.09777449663063441,0.07552015686479815,0.07566900396550794,0.0020217481976033706,0.18761940649548475,0.06878812420108679,0.0003327265305335972,0.022254339765836254,0.21124509743706474,0.006880879764421144,-0.0913905044952692,0.052976715503094796,0.9738593816824154,False
GUT_GENOME140786_1,GUT_GENOME140786_02108,2199476,0.11455863443828647,0.0733647021899428,0.07365655776329853,0.0019518441648058366,0.058899285505519025,0.06824654194859248,0.0027878281724146494,0.04119393224834367,0.578703289995374,0.005410015814706057,-0.1106138159661893,0.34713291413407193,0.8406612814222982,False
GUT_GENOME140786_1,GUT_GENOME140786_02108,2199481,0.09743873941541184,0.07113191708758153,0.07129209682902792,0.001993448846756101,0.14387565139045816,0.06739381223162726,0.025259220934982715,0.026306822327830312,0.2898696992588701,0.0038982845974006586,-0.13037123816434978,0.10102110228893339,0.9507438971831952,False
GUT_GENOME140786_1,GUT_GENOME140786_02110,2201596,0.08463471282928989,0.06620945253220467,0.06632109107241038,0.0021893088432730834,0.2004943668358567,0.06682052445827491,0.5902249890670658,0.018425260297085216,0.1369548706516196,-0.0004994333858645283,-0.18784678005246852,0.05404304937128235,0.9733402904550811,False
GUT_GENOME140786_1,GUT_GENOME140786_02112,2202888,0.08291176733208465,0.0642027641724222,0.06434379464782476,0.0020087372984613325,0.19628208188381158,0.06652652152559294,0.8613968113948466,0.018709003159662452,0.14245993310374203,-0.0021827268777681735,-0.20984641849496655,0.06433035189508729,0.9683466212980009,False
GUT_GENOME140786_1,GUT_GENOME140786_02112,2202889,0.057141005817043414,0.05354376533847781,0.05377093494043277,0.002761906376594929,0.39806701484089,0.06688591220542411,0.999998975464464,0.0035972404785656054,-0.15073227820147203,-0.013114977264991341,-0.352724387808434,0.14713471344664053,0.929073564332885,False
GUT_GENOME140786_1,GUT_GENOME140786_02112,2202903,0.056859432330855615,0.05297778544971487,0.05349348110392484,0.0027597753460323663,0.3886509655149081,0.06718816018525728,0.999999651583386,0.003881646881140746,-0.1452143420189066,-0.013694679081332435,-0.36030074358079595,0.15090383095285845,0.9273243194100673,False
GUT_GENOME140786_1,GUT_GENOME140786_02112,2203138,0.06176378052811418,0.061224540731794425,0.06134510780817376,0.0025466189585370198,0.48610975287353725,0.07645802904631918,0.9999999985263273,0.000539239796319757,-0.21006235114670424,-0.015112921238145421,-0.3788363197140519,0.18764314850376865,0.9104451946142444,False
GUT_GENOME140786_1,GUT_GENOME140786_02113,2203366,0.05755797434196633,0.07550645876111715,0.07494028900481708,0.00352452032863874,0.8305741102794231,0.0916960839135738,0.9999990031601729,-0.017948484419150826,-0.568753581225057,-0.016755794908756713,-0.40030769528461513,0.48372688706040784,0.7851633893720947,False
GUT_GENOME140786_1,GUT_GENOME140786_02113,2203607,0.06634406450794815,0.06048497614991808,0.0608120920222546,0.0050981460851099005,0.40116708716216987,0.1011807703422032,0.9999999999999988,0.005859088358030069,-0.10684883485930449,-0.0403686783199486,-0.7089139485195183,0.5139756599163251,0.7733776257462384,False
GUT_GENOME140786_1,GUT_GENOME140786_02113,2203808,0.07476013870066872,0.05484647497438173,0.0585405968000317,0.008737191475244504,0.24490899539894834,0.10137833668835199,0.9999995278847614,0.019913663726286994,0.16583226251721625,-0.042837739888320285,-0.7411831054180071,0.5768527350486596,0.7494419863847409,False
GUT_GENOME140786_1,GUT_GENOME140786_02113,2203829,0.0575768607063708,0.05008612352092229,0.051925880144935814,0.007627474742241587,0.3725324705191826,0.09460947714602039,0.9999999890343734,0.007490737185448515,-0.07519225462576344,-0.042683597001084574,-0.7391685501405235,0.5520240206725492,0.7588038172175019,False
GUT_GENOME140786_1,GUT_GENOME140786_02114,2203988,0.051435028765453965,0.05411498132377287,0.054101510232175624,0.006462346742195862,0.5526339552894258,0.09204122691604746,0.9999999978326704,-0.0026799525583189043,-0.2725197986987354,-0.03793971668387184,-0.6771688737352298,0.5328247242386389,0.7661231421927367,False
GUT_GENOME140786_1,GUT_GENOME140786_02114,2204076,0.04473676768377095,0.052981379368125234,0.051451741224861305,0.006458349510509577,0.6842348952933649,0.08822620876618266,0.9999999937986661,-0.00824461168435428,-0.3804830289817849,-0.036774467541321354,-0.6619397648752231,0.5829315876662194,0.7471675709044847,False
GUT_GENOME140786_1,GUT_GENOME140786_02114,2204078,0.05393265016454175,0.051153360065174035,0.05124060200139896,0.004948321097786541,0.4410741217112915,0.08710107277243706,0.999999999999787,0.002779290099367712,-0.1666018154272619,-0.0358604707710381,-0.6499943741394087,0.45024885131654113,0.7984168690341737,False
GUT_GENOME140786_1,GUT_GENOME140786_02115,2205203,0.04208997827860133,0.0555923325382919,0.054525237945545105,0.004842354788589529,0.8306226269772681,0.08272489224984456,0.9999999971193259,-0.013502354259690569,-0.4824915904360155,-0.02819965430429945,-0.5498720881249906,0.5351574481404131,0.7652300862244825,False
GUT_GENOME140786_1,GUT_GENOME140786_02115,2205215,0.05870949952851438,0.05940156130981376,0.05871895379907924,0.00629471517624906,0.5124774229150896,0.08348292492307405,0.9999582436200308,-0.0006920617812993732,-0.23395155851080165,-0.02476397112399481,-0.5049697653077166,0.3097277956045635,0.8565317454038235,False
GUT_GENOME140786_1,GUT_GENOME140786_02115,2205301,0.05652225066013499,0.05631453144014941,0.05665320491656511,0.005750262261118381,0.4951187811358012,0.060450711479050366,0.7455032751871966,0.0002077192199855804,-0.21649437717303813,-0.003797506562485259,-0.2309506224849029,0.10020800537370583,0.9511304992290885,False
GUT_GENOME140786_1,GUT_GENOME140786_02115,2205511,0.059178056076968306,0.05109909504734496,0.05480957813648336,0.005947288074052313,0.30166758692814793,0.059497314418421876,0.784714256805686,0.008078961029623348,-0.06377977725594577,-0.004687736281938519,-0.24258539209159202,0.0629155324430495,0.969031881467342,False
GUT_GENOME140786_1,GUT_GENOME140786_02115,2205590,0.06541556242252458,0.0513367050577488,0.057876952228546046,0.006703267591218515,0.17666392745077913,0.05937103613469601,0.5881890102395568,0.01407885736477578,0.052627746553692956,-0.0014940839061499678,-0.2008462670273607,0.04310890268614562,0.9786761857855095,False
GUT_GENOME140786_1,GUT_GENOME140786_02119,2210802,0.0568696849384549,0.04862581827142681,0.04947487449132584,0.0037705094287032066,0.26643748840314596,0.05889832677731617,0.9937772068400905,0.008243866667028088,-0.060580345825761196,-0.009423452285990327,-0.3044783658104347,0.0963770535469617,0.9529541127771717,False
GUT_GENOME140786_1,GUT_GENOME140786_02120,2211500,0.049341726874853456,0.04723175440710969,0.04797668846411856,0.004915444219577102,0.4262024532290311,0.05888913512064456,0.9867917243171963,0.002109972467743769,-0.17958764114611506,-0.010912446656526,-0.32393863102993264,0.13718795752597265,0.9337057074727639,False
GUT_GENOME140786_1,GUT_GENOME140786_02121,2212017,0.042170944479761024,0.04512120782827076,0.04500152939449063,0.004148628207670873,0.6105317366228429,0.05892698776667406,0.9996055235696595,-0.0029502633485097365,-0.27776425760059775,-0.013925458372183425,-0.36331689078457097,0.2091521459297791,0.9007062754037156,False
GUT_GENOME140786_1,GUT_GENOME140786_02121,2212079,0.03853262106651954,0.04425342400403305,0.04385611134491042,0.0039384386455136875,0.7211382906537889,0.05942490338009289,0.9999614171826194,-0.005720802937513508,-0.3315171285098765,-0.015568792035182466,-0.3847942781803242,0.25797024301575067,0.8789870434500968,False
GUT_GENOME140786_1,GUT_GENOME140786_02121,2212097,0.05079712778511307,0.048305180056197015,0.04850769303405572,0.004799314039257874,0.43099792898720946,0.06982460376028407,0.9999955365780868,0.002491947728916054,-0.17217671405240953,-0.02131691072622835,-0.45991874906778907,0.24117007660596512,0.8864017060434319,False
GUT_GENOME140786_1,GUT_GENOME140786_02121,2212103,0.07962955838402341,0.05652634596570767,0.05873085072083953,0.006461112310787455,0.16258096354120927,0.07994310997320912,0.9994865772018573,0.02310321241831574,0.22771457590553673,-0.021212259252369595,-0.4585510169411927,0.26212296321764045,0.8771638432888907,False
GUT_GENOME140786_1,GUT_GENOME140786_02122,2213445,0.07130222972236955,0.055936267277831485,0.059050050302464824,0.007990881352822186,0.1890977506392461,0.07925672373767782,0.9942759769897229,0.015365962444538063,0.07759963054110663,-0.020206673435213,-0.4454086121812655,0.20441053446535723,0.9028442083148882,False
GUT_GENOME140786_1,GUT_GENOME140786_02122,2213501,0.07817690710760095,0.061167100586306596,0.06470285852684549,0.007983724975682739,0.15896161183885177,0.08002631563174015,0.97252913785632,0.01700980652129435,0.10949281799223275,-0.015323457104894661,-0.38158789748105393,0.15759800069589153,0.9242256748156391,False
GUT_GENOME140786_1,GUT_GENOME140786_02123,2213970,0.06282569074476083,0.06055065572647799,0.059173187207899346,0.005617707674387311,0.41727181534077884,0.07995036841636763,0.9998915681203656,0.0022750350182828352,-0.17638516535176155,-0.020777181208468283,-0.45286480731337925,0.23619826025915236,0.888607960426135,False
GUT_GENOME140786_1,GUT_GENOME140786_02123,2213976,0.09931225279151829,0.06979246453432533,0.07252999902854844,0.005192508755950717,0.037598497162472065,0.08405276801794025,0.986760515833198,0.029519788257192953,0.3522063442656438,-0.011522768989391807,-0.33191517862606523,0.23421699474334198,0.8894886807438422,False
GUT_GENOME140786_1,GUT_GENOME140786_02123,2213979,0.09540201666834602,0.06869650278551581,0.07090070625186504,0.004571075263456833,0.0675857416398358,0.0790508901225042,0.9627060769108529,0.026705513882830212,0.29760494901801005,-0.008150183870639163,-0.2878375097073794,0.1714191376745581,0.9178607678830332,False
GUT_GENOME140786_1,GUT_GENOME140786_02123,2213991,0.09313873124496899,0.06871292806843969,0.07079851462115229,0.004551744125072099,0.09265296362946718,0.07879637433262086,0.9605494319722597,0.0244258031765293,0.25337493844799086,-0.007997859711468575,-0.285846724117149,0.14590720912202865,0.9296439602648987,False
GUT_GENOME140786_1,GUT_GENOME140786_02123,2213992,0.08897789899089786,0.0641399247989602,0.06555202731733516,0.005194596597245534,0.06751353503612953,0.07754970025056367,0.9895460859536134,0.02483797419193766,0.2613717111603268,-0.01199767293322851,-0.3381218889291559,0.18264158316789775,0.9127248694746566,False
GUT_GENOME140786_1,GUT_GENOME140786_02123,2214091,0.08991767720071768,0.06630471514117992,0.06796504177207312,0.004263682088511099,0.10911056953445575,0.0759608803729818,0.9696267768050553,0.023612962059537765,0.23760452902853516,-0.007995838600908689,-0.28582030941182063,0.1381491614871409,0.9332570744760587,False
GUT_GENOME140786_1,GUT_GENOME140786_02124,2215058,0.1251656095694011,0.06652836197002687,0.06913140850677135,0.0046486649235931024,0.0066028698161291885,0.07447257171608296,0.8747152332394947,0.05863724759937422,0.9171313283512299,-0.005341163209311606,-0.25112529093866914,0.9041937851923227,0.63629251470451,False
GUT_GENOME140786_1,GUT_GENOME140786_02125,2216021,0.11106470113972713,0.06722670992083983,0.06904682437882127,0.004592247426981006,0.03906533624849641,0.07454592368681862,0.8844391744800476,0.043837991218887304,0.6300022359062166,-0.005499099307997343,-0.25318942121946497,0.4610077002642799,0.794133377477906,False
GUT_GENOME140786_1,GUT_GENOME140786_02125,2216402,0.09926271656363433,0.06668001018260558,0.0675456125087709,0.00449235577677702,0.10746746847244432,0.07516048947042042,0.9549693394862929,0.03258270638102875,0.41163182339241466,-0.0076148769616495166,-0.2808413688025481,0.24831263246025292,0.8832417650682809,False
GUT_GENOME140786_1,GUT_GENOME140786_02125,2216405,0.07607845613333253,0.06352182557090943,0.06382398509910724,0.0039664810410914636,0.2795106361619471,0.06794101383218931,0.8503544914725196,0.012556630562423093,0.023094127497583272,-0.004117028733082076,-0.23512658601194214,0.055817850174505856,0.9724769310198376,False
GUT_GENOME140786_1,GUT_GENOME140786_02125,2217012,0.057609709591264,0.062417872430170204,0.062166857311441656,0.003718403468376119,0.6268190152603179,0.0633545384488994,0.6252907466115473,-0.004808162838906206,-0.3138104602486554,-0.0011876811374577495,-0.1968417662308977,0.13722368589437228,0.9336890277310027,False
GUT_GENOME140786_1,GUT_GENOME140786_02126,2218500,0.06481216135779796,0.07216685984856383,0.07195625404403978,0.0036739798998807506,0.6608072466767054,0.05971748089392393,0.00043235747152449086,-0.007354698490765865,-0.36321729879504433,0.012238773150115852,-0.02136604478834466,0.13238331401386605,0.9359514654441433,False
GUT_GENOME140786_1,GUT_GENOME140786_02126,2218712,0.0690951929140169,0.0756702961422393,0.07599796058722774,0.00384963027090463,0.639695659984368,0.0589562302014985,4.780989754201436e-06,-0.006575103228222398,-0.3480919117854862,0.017041730385729245,0.04140573158131218,0.12288241365825839,0.9404082336961076,False
GUT_GENOME140786_1,GUT_GENOME140786_02126,2218767,0.06859637713852615,0.08755349773676444,0.08644052994618136,0.004692518615419321,0.8473904800064433,0.05860063679245155,1.4888282102671926e-09,-0.018957120598238286,-0.5883227260025232,0.027839893153729804,0.18253125596660694,0.37944128933578697,0.8271901816575664,False
GUT_GENOME140786_1,GUT_GENOME140786_02130,2224918,0.07216414555692592,0.08764471911908486,0.0867338639623652,0.004826561724363539,0.7739089919213731,0.058437084026663574,2.2767285721488145e-09,-0.015480573562158942,-0.520872188647955,0.02829677993570162,0.18850249274788225,0.30684102667907626,0.8577689426778535,False
GUT_GENOME140786_1,GUT_GENOME140786_02130,2225118,0.09213746430221192,0.07787869079480737,0.07887264442518906,0.004498218954182389,0.3033970049660179,0.058037870578343885,1.812650564093523e-06,0.014258773507404551,0.05611840563959949,0.02083477384684517,0.09097853937899611,0.011426370079066179,0.9943031041662691,False
GUT_GENOME140786_1,GUT_GENOME140786_02130,2225124,0.12437669011764999,0.07679349557187973,0.08315389923717138,0.00602615795818761,0.0734401848377663,0.05840842946261716,2.0098648347635263e-05,0.04758319454577026,0.7026651322452397,0.024745469774554225,0.14208899449686885,0.5139275704303514,0.773396221636047,False
GUT_GENOME140786_1,GUT_GENOME140786_02130,2225668,0.14030556986803047,0.12097364336298283,0.11958808798446152,0.010558797416228366,0.27037177324092887,0.05905860727045467,4.9448066761606475e-09,0.019331926505047642,0.15454563594075013,0.06052948071400685,0.6097645997771238,0.3956972207296868,0.8204940580320207,False
GUT_GENOME140786_1,GUT_GENOME140786_02131,2225943,0.18600564566784256,0.1573775293371378,0.161026768954242,0.009893999164192273,0.2008744811627235,0.08185856033915614,6.138699257623235e-16,0.02862811633070475,0.3349064918657065,0.07916820861508586,0.8533616176614595,0.8403884087915774,0.6569192308239821,False
GUT_GENOME140786_1,GUT_GENOME140786_02131,2226145,0.2042167455297175,0.16914248082362132,0.17172924765584566,0.009217609005545068,0.1843962453143353,0.08680110488206189,1.5755895222459142e-20,0.035074264706096175,0.4599720144302355,0.08492814277378377,0.9286405096392594,1.0739474502020723,0.5845144799797227,False
GUT_GENOME140786_1,GUT_GENOME140786_02131,2226234,0.219119855394001,0.16529077117316465,0.1680055918330023,0.008366474821040899,0.08260212207639878,0.0927055103539261,1.1263689898759585e-19,0.05382908422083635,0.8238453177765888,0.07530008147907619,0.8028075111725245,1.3232210076174316,0.5160196133737458,False
GUT_GENOME140786_1,GUT_GENOME140786_02131,2226378,0.2079363679072972,0.13492771649959145,0.1400434366383074,0.008490149965165384,0.029884317502290245,0.0870956942330543,2.2391621563709038e-10,0.07300865140770574,1.195959400962218,0.0529477424052531,0.510675817957152,1.691108679796114,0.4293193034163103,False
GUT_GENOME140786_1,GUT_GENOME140786_02131,2226459,0.16311315086339914,0.11548827091909405,0.11799407202172253,0.007395985725282728,0.05410654299389529,0.07948985228911144,9.642688661731162e-08,0.04762487994430509,0.7034738952223644,0.03850421973261109,0.3219076214646918,0.5985000380163814,0.7413740286622732,False
GUT_GENOME140786_1,GUT_GENOME140786_02131,2226655,0.19940360802134216,0.12719058146930037,0.13740067242609952,0.010735517887772552,0.025371973365443286,0.06646988288855814,1.9594225912908874e-11,0.07221302655204179,1.1805230143722338,0.07093078953754138,0.745703480636067,1.9497082684952505,0.3772473770225211,False
GUT_GENOME140786_1,GUT_GENOME140786_02131,2226662,0.09044848233188406,0.06398501153200903,0.08166844302537173,0.009562119702418466,0.0865875137214604,0.06505767376655436,0.041180966950754946,0.02646347079987503,0.2929089285589586,0.016610769258817368,0.03577332759446453,0.087075371396738,0.9573964732563948,False
GUT_GENOME140786_1,GUT_GENOME140786_02132,2227512,0.09585778195248004,0.0599747499706739,0.07040715578879349,0.007358213235496208,0.03175520858648307,0.06473492596454232,0.22039183473217816,0.03588303198180614,0.4756633848547667,0.005672229824251168,-0.10718683580361146,0.23774467346108427,0.8879211484434594,False
GUT_GENOME140786_1,GUT_GENOME140786_02134,2229839,0.11392183173823289,0.05748302246935526,0.06828937395880276,0.006990307601222152,0.0062211132330887925,0.06447904950563452,0.2928469078367274,0.056438809268877635,0.8744781310281461,0.003810324453168243,-0.1315208246029421,0.7820097289507173,0.6763768658126897,False
GUT_GENOME140786_1,GUT_GENOME140786_02134,2230319,0.0934508561286118,0.055114640432305274,0.062367853179213256,0.006505402735836392,0.04153863577892634,0.06489833798773059,0.6513552828252817,0.038336215696306526,0.5232590474634718,-0.002530484808517336,-0.2143914065073308,0.31976370593657144,0.8522444731731245,False
GUT_GENOME140786_1,GUT_GENOME140786_02134,2230496,0.07913396474825113,0.05416294993478478,0.05802480408723008,0.005401431098999071,0.09156639565836999,0.06514047118423463,0.906142182013111,0.02497101481346635,0.26395291064331033,-0.007115667097004556,-0.2743169946622445,0.14492095259760124,0.9301025070273934,False
GUT_GENOME140786_1,GUT_GENOME140786_02134,2230512,0.07034853549982237,0.05795975741634017,0.05912844669827626,0.006253540093539787,0.22894188136936933,0.06748718551078901,0.9093300944675959,0.012388778083482196,0.01983752265853934,-0.008358738812512756,-0.29056319797189384,0.08482049932088202,0.9584764852507498,False
GUT_GENOME140786_1,GUT_GENOME140786_02134,2230526,0.08914870072138005,0.07623237438117261,0.07733132586370638,0.008455229346560055,0.2740046230759,0.08475445853772282,0.8100102108760392,0.012916326340207437,0.03007279720748148,-0.007423132674016439,-0.278335385727326,0.07837496007986168,0.9615704169861312,False
GUT_GENOME140786_1,GUT_GENOME140786_02135,2230974,0.1246599095797721,0.08806113710523623,0.09625868200594254,0.012340121089231552,0.08072794495668778,0.10221036304006662,0.6852047457407353,0.03659877247453587,0.48954988785329595,-0.005951681034124079,-0.25910439349753744,0.30679417942690135,0.8577890349721525,False
GUT_GENOME140786_1,GUT_GENOME140786_02135,2231149,0.12052101042410135,0.08664241585003035,0.09265683667379747,0.010364380002090648,0.11508994883347506,0.10384540699708388,0.8598223271396659,0.033878594574071,0.43677411373539643,-0.011188570323286406,-0.32754740208700833,0.2980589270432893,0.8615437304126531,False
GUT_GENOME140786_1,GUT_GENOME140786_02135,2231272,0.12409247792868669,0.09365507385190544,0.10122916109174956,0.012146947605280194,0.13130614833533927,0.10495837991616784,0.6205816321598346,0.03043740407678125,0.3700095494212062,-0.003729218824418276,-0.23005814262042562,0.1898338156488441,0.9094484993831512,False
GUT_GENOME140786_1,GUT_GENOME140786_02135,2231310,0.14904500721233083,0.09416325040221112,0.10436510716885392,0.011419806095857197,0.03271438055424703,0.11334488920937638,0.784164086746828,0.05488175681011971,0.8442688388935822,-0.008979782040522466,-0.29867986125081153,0.8019995318435215,0.6696502177884602,False
GUT_GENOME140786_1,GUT_GENOME140786_02135,2231315,0.1679746172685339,0.11160606746795415,0.12059985799374212,0.012312238917230479,0.04373529813310275,0.12504071135678338,0.6408329393292989,0.05636854980057976,0.8731149856883142,-0.004440853363041258,-0.2393587801077092,0.8196224038481559,0.6637755578551863,False
GUT_GENOME140786_1,GUT_GENOME140786_02135,2231319,0.14534947737587423,0.1163392650063475,0.1196162874509913,0.009367282830081014,0.1624528900453111,0.12719578783870325,0.7907844435337332,0.029010212369526722,0.34231976223775323,-0.007579500387711949,-0.2803790181550205,0.19579521344008521,0.9067417432619358,False
GUT_GENOME140786_1,GUT_GENOME140786_02135,2231411,0.1435793229311282,0.11500050085237877,0.11846593523186909,0.009800635803506179,0.16379301799153856,0.12624362477915627,0.7862830105642149,0.02857882207874944,0.3339501050403964,-0.007777689547287178,-0.2829692318490963,0.1915942588297594,0.908648335391059,False
GUT_GENOME140786_1,GUT_GENOME140786_02136,2231600,0.13471619194203713,0.11702860583228933,0.1196686985289786,0.010265235464262492,0.250774965095069,0.12542600536106843,0.7125517455546988,0.0176875861097478,0.12264281912114018,-0.005757306832089831,-0.25656403901516694,0.0808663671977568,0.9603733310574147,False
GUT_GENOME140786_1,GUT_GENOME140786_02136,2231607,0.12402790926352614,0.10359066594120181,0.10521390120963867,0.008303833431714775,0.20208591250453067,0.10676212454589526,0.5739528104512862,0.020437243322324328,0.1759905387419018,-0.0015482233362565934,-0.2015538369749411,0.07159661892598597,0.9648348719235897,False
GUT_GENOME140786_1,GUT_GENOME140786_02136,2231673,0.11477207669200463,0.08939721418807756,0.09119211364968755,0.0059261121274107355,0.15600241538584286,0.10360278106284555,0.9818804441316451,0.02537486250392708,0.27178819762441125,-0.012410667413158008,-0.343519479593468,0.1918744572280931,0.9085210434039074,False
GUT_GENOME140786_1,GUT_GENOME140786_02136,2231752,0.08787195017700068,0.07449848291999953,0.07510826453348844,0.0037810398983070745,0.26256916929729845,0.09435888116670263,0.9999998222432142,0.013373467257001156,0.03894205747190453,-0.019250616633214188,-0.4329135220049953,0.18893060137491463,0.9098593055706956,False
GUT_GENOME140786_1,GUT_GENOME140786_02136,2232477,0.09292355483077147,0.07456937466111922,0.07499922168003771,0.003750554315201208,0.23350489556466875,0.09384746753039594,0.9999997488812008,0.01835418016965225,0.13557580322039287,-0.018848245850358228,-0.4276547767028643,0.20126940645563138,0.9042632970235872,False
GUT_GENOME140786_1,GUT_GENOME140786_02136,2232478,0.06591559380254784,0.05544547688120355,0.055610203436979505,0.002372819232425972,0.2659156389598021,0.07318620604025895,0.9999999999999355,0.010470116921344294,-0.01738755298245883,-0.017576002603279448,-0.4110273189355381,0.1692457839100544,0.9188587280925573,False
GUT_GENOME140786_1,GUT_GENOME140786_02136,2232502,0.06624872212402744,0.05297174976513081,0.05331002079793427,0.0025198700826560834,0.24527263731205762,0.07156882735594369,0.9999999999997853,0.013276972358896626,0.03706990310103631,-0.018258806558009426,-0.41995115794722426,0.17773315277713472,0.9149676437181201,False
GUT_GENOME140786_1,GUT_GENOME140786_02136,2232645,0.057832012355655014,0.052808207676169415,0.05299440098712341,0.0024131866907363057,0.3742223052700959,0.06977491414479775,0.9999999999982205,0.0050238046794855995,-0.12305466563812872,-0.016780513157674343,-0.400630748003428,0.17564744698109788,0.9159223180829079,False
GUT_GENOME140786_2,GUT_GENOME140786_02154,7217,0.0576110310371442,0.06851230608136054,0.0676582623730699,0.003106142747053626,0.7500207168788977,0.05732838139764773,0.0004410950206803816,-0.01090127504421634,-0.43202652007603237,0.010329880975422173,-0.04631412298799503,0.18879191203715354,0.9099224016506314,False
GUT_GENOME140786_2,GUT_GENOME140786_02154,7906,0.06237908854083414,0.06640582020390118,0.06633866468655186,0.002163284990177502,0.5888217867909078,0.05678558438011472,5.027056024372986e-06,-0.0040267316630670374,-0.2986494536035662,0.009553080306437145,-0.05646644279541898,0.09237995529967696,0.9548605427966013,False
GUT_GENOME140786_2,GUT_GENOME140786_02160,13855,0.06330674008894845,0.06846633499574306,0.06840498241754082,0.002141303097686847,0.5983741155680591,0.05784798285396046,4.107793851340054e-07,-0.005159594906794615,-0.32062880085406037,0.010556999563580367,-0.04334581897738528,0.10468168795993296,0.9490053489513127,False
GUT_GENOME140786_2,GUT_GENOME140786_02160,14163,0.06868943710049608,0.06989353817387568,0.06985626902892926,0.002192483912333799,0.5216394641751092,0.05880170753428506,2.3031400924815631e-07,-0.001204101073379607,-0.2438859344991138,0.011054561494644198,-0.03684298234265422,0.06083775439440716,0.9700391211677585,False
GUT_GENOME140786_2,GUT_GENOME140786_02160,14174,0.07437407474177381,0.07013291453157297,0.07010157401794616,0.002188747775037693,0.4268556107354197,0.05959031456629432,7.838449354240116e-07,0.004241160210200837,-0.13823921210420254,0.010511259451651836,-0.043943614863597075,0.021041121050470846,0.9895345870078948,False
GUT_GENOME140786_2,GUT_GENOME140786_02160,14175,0.07704119844279411,0.0698438664857958,0.06983093875352224,0.0020975253560615577,0.37532573876469255,0.059509655500577345,4.3118639563125547e-07,0.007197331956998315,-0.08088478233104777,0.010321283252944895,-0.046426490074803616,0.008697766993406818,0.9956605592037698,False
GUT_GENOME140786_2,GUT_GENOME140786_02162,19893,0.07116611898213125,0.06730254101423466,0.06716276434928739,0.0026019820505239644,0.4209955956923547,0.05881140447529338,0.0006645649954409374,0.0038635779678965892,-0.14556490765057598,0.008351359873994012,-0.07217220958526921,0.026397970175740734,0.9868877395374793,False
GUT_GENOME140786_2,GUT_GENOME140786_02164,21261,0.05415211442924425,0.06651663701674453,0.06608216922683588,0.002621230932277937,0.8156878429498706,0.05737196500651443,0.0004453635917501529,-0.012364522587500273,-0.4604158477776238,0.008710204220321448,-0.06748232875681649,0.2165366175792311,0.8973867873635504,False
GUT_GENOME140786_2,GUT_GENOME140786_02166,22854,0.043024874685795675,0.05212315891679145,0.05060487972448167,0.004137033427596659,0.7545175582053304,0.05723703260185038,0.9455457009274049,-0.009098284230995776,-0.3970456330248896,-0.006632152877368715,-0.26799775320794206,0.22946803042864033,0.8916032652735206,False
GUT_GENOME140786_2,GUT_GENOME140786_02166,22942,0.049947953766744185,0.06794696483906822,0.0676118980362075,0.002223769246204697,0.8902600827462149,0.05875650562954183,3.414669959488933e-05,-0.01799901107232403,-0.5697338785925,0.00885539240666567,-0.06558480606035391,0.3288980592020278,0.8483609971408536,False
GUT_GENOME140786_2,GUT_GENOME140786_02166,22943,0.0601934717596298,0.06713253348044154,0.06710103267880844,0.0015533322103043945,0.6541670755836072,0.05672518241391451,1.1968591468040353e-11,-0.00693906172081174,-0.3551532849368171,0.010375850264893932,-0.045713331888462216,0.1282235645137567,0.9379001530750146,False
GUT_GENOME140786_2,GUT_GENOME140786_02166,23941,0.05840157119496332,0.06485298823790567,0.06482153976491709,0.0014203888001859033,0.6582212939422787,0.055479547099698656,2.399088935514966e-11,-0.006451417042942345,-0.34569220323159744,0.00934199266521843,-0.059225231924485075,0.12301072747162511,0.940347901948184,False
GUT_GENOME140786_2,GUT_GENOME140786_02167,24318,0.07008390065568078,0.06491759790933718,0.0649814785440322,0.0013948137255711125,0.3800573225351793,0.054719945254007446,9.410088059952522e-14,0.005166302746343596,-0.12028997668618564,0.010261533290024757,-0.047207386328200956,0.0166982158151031,0.9916856490966184,False
GUT_GENOME140786_2,GUT_GENOME140786_02167,24629,0.0631608628156836,0.06177277595862318,0.06169381293455768,0.0015315606023528696,0.4643487665308201,0.05454104644760759,1.5041880928898318e-06,0.0013880868570604193,-0.19359336919863526,0.007152766486950089,-0.08783710776337299,0.0451937500979135,0.9776565220822053,False
GUT_GENOME140786_2,GUT_GENOME140786_02167,24632,0.060171346425547494,0.06186586254938769,0.06169852698387482,0.0016889340173822341,0.5441447559923109,0.053931146228962404,2.122780521259459e-06,-0.0016945161238401951,-0.25340076583521987,0.007767380754912415,-0.07980446714436813,0.07058070110207246,0.9653250928908639,False
GUT_GENOME140786_2,GUT_GENOME140786_02178,35257,0.059175411721895166,0.06306488935858136,0.06297260574689535,0.0017078820138221216,0.5999281073823312,0.053695499107313145,2.7872881388438784e-08,-0.003889477636686192,-0.2959865073705975,0.009277106639582207,-0.060073253443509195,0.09121680832473286,0.9554160258839864,False
GUT_GENOME140786_2,GUT_GENOME140786_02179,36110,0.05659078912383231,0.06267396414777304,0.06259370546721282,0.0016228783558020201,0.6560747747588883,0.05366379769414608,1.8720877125416393e-08,-0.0060831750239407345,-0.33854772286057944,0.008929907773066743,-0.06461093482095408,0.11878913355252127,0.9423348817582651,False
GUT_GENOME140786_2,GUT_GENOME140786_02179,36341,0.07015130890853555,0.07311219363832568,0.07265082748527849,0.002903159949501891,0.5723100237659235,0.05449500260757281,2.0027288865713584e-10,-0.002960884729790128,-0.27797032927671067,0.018155824877705673,0.05596627977575794,0.08039972843014136,0.9605974309136459,False
GUT_GENOME140786_2,GUT_GENOME140786_02181,37509,0.06753796387338713,0.0683382160782129,0.06890171258306406,0.0022844155814188867,0.5191174049794721,0.05458113691444515,1.8190455415346348e-10,-0.0008002522048257688,-0.23605062466113438,0.014320575668618912,0.00584186811337689,0.05575402482596583,0.972507965854572,False
GUT_GENOME140786_2,GUT_GENOME140786_02181,37571,0.0641400578790438,0.08759421142501636,0.08742534920198355,0.0018117669419489043,0.8972399383232017,0.06656471998393601,5.609638069416636e-31,-0.023454153545972564,-0.6755723117777095,0.020860629218047544,0.09131645360547215,0.46473664313975904,0.792654117924959,False
GUT_GENOME140786_2,GUT_GENOME140786_02182,37807,0.05623672747323816,0.09340238742097746,0.09309078379926049,0.0021048699101898836,0.9827782816015662,0.06620136326130355,1.132760280174856e-37,-0.03716565994773931,-0.9415973260064137,0.02688942053795694,0.1701091477620234,0.9155426464947504,0.632692141650285,False
GUT_GENOME140786_2,GUT_GENOME140786_02182,37887,0.06701532378432955,0.09207469689367655,0.09130759776328612,0.0033056888392187164,0.8785392533750981,0.07101953441722347,4.196316268317941e-10,-0.025059373109347,-0.7067161222879722,0.020288063346062646,0.08383336035479,0.5064757098101241,0.7762832170919995,False
GUT_GENOME140786_2,GUT_GENOME140786_02182,38245,0.06385417792363886,0.08785984643275978,0.08681639377987685,0.0041279429271168285,0.8817763655509043,0.07247205534889534,0.0002554874035273266,-0.02400566850912092,-0.6862725785186402,0.014344338430981513,0.006152433194800094,0.4710079044608397,0.7901725400586881,False
GUT_GENOME140786_2,GUT_GENOME140786_02183,39093,0.05636973777947628,0.08421593332543073,0.08303016066391232,0.004159764178619548,0.9357576481821706,0.07195843046580366,0.0038882289697465353,-0.027846195545954452,-0.7607849063171176,0.011071730198108656,-0.03661859766430713,0.5801345953748458,0.7482132128652812,False
GUT_GENOME140786_2,GUT_GENOME140786_02184,39616,0.05955695911741017,0.0712227469634484,0.06991937457274812,0.0055221210001061205,0.747781717359207,0.07283832893443003,0.7014560823179468,-0.011665787846038222,-0.4468592833788659,-0.002918954361681908,-0.21946847105765732,0.24784962893025933,0.8834462607654572,False
GUT_GENOME140786_2,GUT_GENOME140786_02184,40517,0.05753508202230429,0.072925912694556,0.07166531368226135,0.005135586054539974,0.8275639495919875,0.0728732132787632,0.5929739842275478,-0.015390830672251714,-0.5191310339662624,-0.0012078995965018463,-0.19710600938930944,0.3083478093642592,0.8571229503555631,False
GUT_GENOME140786_2,GUT_GENOME140786_02184,40529,0.06137241940953386,0.07472202619114361,0.07334763134362846,0.005367483051222132,0.797907663517792,0.07321844405588042,0.4903989830699707,-0.013349606781609749,-0.4795280466182033,0.00012918728774803656,-0.17963108409482764,0.2622144738665528,0.877123709290819,False
GUT_GENOME140786_2,GUT_GENOME140786_02184,40540,0.0800888042608161,0.0809299789687257,0.08060839733225592,0.005907148098174172,0.5167510152803538,0.07931720112859293,0.413487840598921,-0.0008411747079095921,-0.23684458625413232,0.0012911962036629837,-0.1644443230575841,0.08313729342375821,0.959283481424411,False
GUT_GENOME140786_2,GUT_GENOME140786_02184,40582,0.11345791278562142,0.08711277554944374,0.0887657691461665,0.006130295976000406,0.16178924820588708,0.08878075356637159,0.5009751426093937,0.02634513723617768,0.29061306937004666,-1.4984420205088611e-05,-0.1815153220271084,0.11740376821928442,0.9429878469197254,False
GUT_GENOME140786_2,GUT_GENOME140786_02185,41274,0.1229632659396657,0.0838899159457362,0.08660871545083998,0.006419519478182443,0.07151267196927183,0.09301190942074096,0.8407286067949675,0.0390733499939295,0.5375606242755099,-0.0064031939699009804,-0.2650053973254375,0.3591992853830889,0.8356046848949299,False
GUT_GENOME140786_2,GUT_GENOME140786_02185,41501,0.12599298275338353,0.0726550941230133,0.07696467669685025,0.005900055608389781,0.019165970917926663,0.09438349177983077,0.9984229884252905,0.05333788863037023,0.8143153427239578,-0.017418815082980516,-0.4089729721262134,0.8303683693253854,0.6602186673531197,False
GUT_GENOME140786_2,GUT_GENOME140786_02185,41717,0.13394779300423018,0.07271620355435424,0.07658370786305528,0.005667807415632342,0.00746352664581864,0.09487119696249698,0.9993735479932326,0.061231589449875945,0.9674656831238693,-0.018287489099441695,-0.4203260215964673,1.112663812453449,0.5733081597458566,False
GUT_GENOME140786_2,GUT_GENOME140786_02185,41720,0.11837779478258689,0.07361678551337017,0.07605578623593638,0.005338259045832463,0.02225393533523395,0.09434852117618087,0.9996945440207973,0.04476100926921672,0.647910252923267,-0.018292734940244484,-0.4203945815959822,0.5965193000783527,0.7421086261959515,False
GUT_GENOME140786_2,GUT_GENOME140786_02185,41762,0.09556798767655078,0.06523696103814793,0.06658685415267553,0.004337869976478803,0.06150244828325995,0.08175495339446293,0.9997644477763298,0.030331026638402855,0.36794565806390217,-0.0151680992417874,-0.379557463196125,0.2794478751559558,0.8695982656690193,False
GUT_GENOME140786_2,GUT_GENOME140786_02186,42417,0.09223693650228533,0.0610465870489809,0.06211769031291457,0.0035104243076513305,0.0733889084003701,0.07905161991398914,0.9999992961036539,0.031190349453304428,0.38461788629053856,-0.016933929601074565,-0.40263580909477814,0.3100465132200083,0.8563952604014319,False
GUT_GENOME140786_2,GUT_GENOME140786_02186,42505,0.08206923004207964,0.05496681890004995,0.055737673300066466,0.002844960037412384,0.08826594050912001,0.07287735507557888,0.9999999991522395,0.027102411142029686,0.30530538658716505,-0.017139681775512415,-0.4053248668664395,0.2574996267794352,0.8791939005738019,False
GUT_GENOME140786_2,GUT_GENOME140786_02186,42595,0.0802252387944167,0.06765641274068639,0.06777066657550876,0.0016421900233800882,0.26958683601312494,0.06946856409536233,0.8494138457500308,0.012568826053730317,0.023330739409758886,-0.0016978975198535667,-0.20350998897050643,0.04196063901218172,0.9792382362719652,False
GUT_GENOME140786_2,GUT_GENOME140786_02187,43514,0.07009446373810677,0.06429519567130489,0.06432816432725334,0.0012254943270139473,0.381885983671902,0.06600357592806845,0.9142079163703842,0.00579926806680188,-0.10800944357426624,-0.0016754116008151076,-0.2032161114671045,0.05296282786103325,0.973866144011149,False
GUT_GENOME140786_2,GUT_GENOME140786_02187,44923,0.05372916435549983,0.05951776455478364,0.059497784824462524,0.0010560462654330464,0.7037391118907032,0.06039192265971724,0.8014144551569704,-0.0057886001992838165,-0.3328325031301873,-0.0008941378352547158,-0.19300533096470981,0.1480285329207033,0.928658445077894,False
GUT_GENOME140786_2,GUT_GENOME140786_02187,45174,0.04877472210053032,0.05526212454054214,0.055222536189805806,0.0010201037819631304,0.7448531748991316,0.05699018718370246,0.9584357097653693,-0.006487402440011822,-0.3463903771219731,-0.001767650993896655,-0.20442162512690878,0.1617744941822292,0.9222976773281195,False
GUT_GENOME140786_2,GUT_GENOME140786_02187,46299,0.05195665913446275,0.055432737100339656,0.055380936952710055,0.0011045838389348859,0.6108734106150877,0.05878210800559563,0.9989620132384731,-0.0034760779658769073,-0.28796589679093054,-0.0034011710528855724,-0.2257707545919571,0.1338967913436266,0.9352434627021019,False
GUT_GENOME140786_2,GUT_GENOME140786_02187,46483,0.05021586137306092,0.054735804274825633,0.05466876527244249,0.0011976432421241577,0.6363981661286067,0.058507754609255995,0.9993257500796405,-0.0045199429017647105,-0.30821853543511457,-0.0038389893368135017,-0.2314927775168106,0.14858757162821454,0.9283989033446247,False
GUT_GENOME140786_2,GUT_GENOME140786_02192,52161,0.05046786434877335,0.05432154793984341,0.054286827382159314,0.0012260520723391803,0.6003720347887244,0.058458684850042415,0.9996663527022789,-0.0038536835910700576,-0.29529204600250825,-0.004171857467883101,-0.23584316475931083,0.1428193907960349,0.9310803546393721,False
GUT_GENOME140786_2,GUT_GENOME140786_02193,52821,0.05774491083711439,0.057031274597692166,0.057043158644575764,0.0014936816236714601,0.4803817856177955,0.05928500313498591,0.9333073584415265,0.0007136362394222218,-0.20667878300339718,-0.002241844490410143,-0.21061905030870698,0.08707650369670698,0.9573959312265498,False
GUT_GENOME140786_2,GUT_GENOME140786_02193,52891,0.054381912462825976,0.05318698792386616,0.05343684227416875,0.0016286274153546334,0.4587016858038316,0.05988908536615621,0.9999628015089327,0.0011949245389598143,-0.19734102513923577,-0.006452243091987463,-0.2656464399938816,0.10951151128442743,0.9467163498443294,False
GUT_GENOME140786_2,GUT_GENOME140786_02193,52892,0.06112854068818416,0.056013718632911935,0.05641017911977538,0.0017221016893168946,0.32473764049694476,0.06004699164513598,0.9826501439597999,0.005114822055272222,-0.12128878390498991,-0.0036368125253605985,-0.22885044759941106,0.06708349646760213,0.9670145392396059,False
GUT_GENOME140786_2,GUT_GENOME140786_02194,52947,0.10043256631704447,0.1053178614946261,0.10516958998939926,0.0029276740821903863,0.5688653249695719,0.09265817643781353,9.621438390972376e-06,-0.004885295177581628,-0.3153069501960311,0.012511413551585734,-0.01780279792378763,0.09973541245583765,0.9513552745538014,False
GUT_GENOME140786_2,GUT_GENOME140786_02194,52979,0.12951143135323379,0.13786651452157003,0.13766343164128853,0.0056313631081347576,0.5932407966371263,0.13013404402859957,0.09060392421569075,-0.008355083168336247,-0.3826263513299684,0.007529387612688954,-0.08291489506789619,0.15327780455620466,0.9262242506947407,False
GUT_GENOME140786_2,GUT_GENOME140786_02194,53070,0.12808614019630454,0.14109443705106536,0.13977852191917842,0.009790280531340073,0.6411194356281501,0.13930113192630214,0.4805546320920382,-0.01300829685476082,-0.47290609163485553,0.0004773899928762759,-0.17508028314753835,0.2542932770523766,0.8806045325781253,False
GUT_GENOME140786_2,GUT_GENOME140786_02194,53137,0.12255307439653704,0.12326411140965032,0.12331264988902221,0.014193404571417054,0.5080030207883264,0.13917689372956918,0.8681565757568697,-0.0007110370131132859,-0.2343197081630265,-0.015864243840546965,-0.3886556564405417,0.20595894491683428,0.9021454921205481,False
GUT_GENOME140786_2,GUT_GENOME140786_02194,53179,0.107543407662478,0.10354665771087848,0.10388500592032314,0.006153610598516519,0.4515914438010574,0.11201336900879393,0.9067342396792242,0.003996749951599515,-0.1429811595326543,-0.008128363088470786,-0.28755232514476703,0.10312995167746417,0.9497419376783379,False
GUT_GENOME140786_2,GUT_GENOME140786_02194,53198,0.06483452347730172,0.0803588274584023,0.08023537531294404,0.003279036686974763,0.813726226629393,0.08349307602496277,0.8397651731897922,-0.015524303981100579,-0.5217206282708748,-0.003257700712018724,-0.22389568310770683,0.322321690877623,0.851155155671824,False
GUT_GENOME140786_2,GUT_GENOME140786_02194,53241,0.0730993459828741,0.07973700678261443,0.07976949652018052,0.0024242338029174713,0.6357217231798113,0.07880185398616897,0.3448898805838244,-0.006637660799740333,-0.3493056280880966,0.000967642534011548,-0.168672975864306,0.15046499460094043,0.9275278135450942,False
GUT_GENOME140786_2,GUT_GENOME140786_02195,53588,0.08876287157700767,0.067967136918984,0.06827844998448691,0.0017141274027664005,0.16795565594453132,0.06534888989764967,0.043719188210852016,0.020795734658023673,0.18294584036127728,0.0029295600868372434,-0.14303188770959313,0.05392730140726361,0.9733966231636232,False
GUT_GENOME140786_2,GUT_GENOME140786_02197,54281,0.07945242820449201,0.06867251602092668,0.06886354166791428,0.0017898142325305957,0.307297900559106,0.06418388362197579,0.004466529037033344,0.010779912183565332,-0.011377032575327066,0.004679658045938492,-0.12015915486510291,0.014567659368115837,0.9927426331142234,False
GUT_GENOME140786_2,GUT_GENOME140786_02197,54554,0.08499169271356621,0.06746376779590009,0.06777246558779695,0.001953509977057736,0.21750876237628053,0.062385083095772405,0.002909622830012971,0.017527924917666124,0.11954513826458406,0.005387382492024549,-0.11090961994698083,0.026591983879482247,0.9867920093080361,False
GUT_GENOME140786_2,GUT_GENOME140786_02198,56450,0.09742661743742415,0.06728224816941086,0.06777681356793232,0.0019034077867234656,0.10721059941764938,0.06112765854170519,0.00023855420668906499,0.030144369268013282,0.3643242084464203,0.0066491550262271285,-0.09441900812994176,0.1416470779563527,0.9316262733478793,False
GUT_GENOME140786_2,GUT_GENOME140786_02200,57619,0.07671669454850245,0.07160290985311382,0.07161842657298267,0.0017477875982606734,0.41150235264376617,0.061214267635343156,1.3182943761624776e-09,0.005113784695388632,-0.12130891033528184,0.010404158937639518,-0.0453433544791837,0.016771871522158355,0.9916491281152868,False
GUT_GENOME140786_2,GUT_GENOME140786_02200,59334,0.08209481317879173,0.07028486197059991,0.07033032347754285,0.0016143759032548452,0.3044564361104895,0.06124128882185876,9.007299960933056e-09,0.011809951208191824,0.008607361418543354,0.009089034655684093,-0.06253124170688844,0.003984242859994732,0.9980098615269163,False
GUT_GENOME140786_2,GUT_GENOME140786_02200,59527,0.09048318181031946,0.07254632998891039,0.07263881888157574,0.001786226893515657,0.2259892086282077,0.06283524808686426,2.0276768616090912e-08,0.01793685182140907,0.12747897005513772,0.009803570794711475,-0.05319268203900569,0.019080349228821458,0.9905051884795333,False
GUT_GENOME140786_2,GUT_GENOME140786_02200,59536,0.10837014493174486,0.07591950546517597,0.07618127208587003,0.0018860111906757137,0.1117092120084841,0.06800678310512023,7.31210192711954e-06,0.0324506394665689,0.40906951537396113,0.008174488980749794,-0.07448380629795773,0.17288570580891913,0.9171879619151504,False
GUT_GENOME140786_2,GUT_GENOME140786_02200,59544,0.14880843252398412,0.07794497193577633,0.07868452054766774,0.002022139404378118,0.009925566783352748,0.07080350804864415,4.8622781420761766e-05,0.07086346058820779,1.1543392899723202,0.007881012499023593,-0.07831936826050725,1.338633119818525,0.5120584194776774,False
GUT_GENOME140786_2,GUT_GENOME140786_02200,59666,0.20887217157102225,0.09395334116084657,0.0975377307147648,0.004014541676162482,0.0018018732145581517,0.08296597728971647,0.00014185192564973275,0.11491883041017568,2.0090834763754803,0.014571753425048337,0.009124611053228685,4.036499673571858,0.13288783708039953,False
GUT_GENOME140786_2,GUT_GENOME140786_02202,61168,0.165540327072469,0.09501023582866346,0.09741829664075749,0.0040842067259702726,0.00816997627483408,0.07995476561129149,9.519677860234859e-06,0.07053009124380553,1.1478713949074426,0.017463531029466003,0.046918413535857975,1.31981007677548,0.5169004178582024,False
GUT_GENOME140786_2,GUT_GENOME140786_02202,61171,0.14947970208953693,0.09355920337802644,0.11446545903522168,0.011532819481025802,0.01599912269175107,0.08182756575084965,0.0023273912795595277,0.05592049871151049,0.8644220825271064,0.03263789328437203,0.245238245941252,0.8073673340328416,0.6678553525337257,False
GUT_GENOME140786_2,GUT_GENOME140786_02202,61179,0.20499418326037663,0.15406230442139718,0.16322554054922211,0.01533061810602021,0.08319277036981665,0.0835307589026588,1.0050220454730495e-07,0.050931878838979455,0.7676349291913747,0.07969478164656331,0.8602436120146683,1.3292824565266899,0.5144580676151556,False
GUT_GENOME140786_2,GUT_GENOME140786_02202,61186,0.24496336088283913,0.12637208426017027,0.1444672891836168,0.010806956428430813,0.0004814939619525435,0.08465085640541643,1.5562001463098328e-08,0.11859127662266886,2.0803347690712823,0.059816432778200354,0.6004454900346082,4.688327537909766,0.09592738605797993,False
GUT_GENOME140786_2,GUT_GENOME140786_02202,61195,0.2674400890841754,0.1668050830485083,0.18388405045798106,0.014098731716807774,0.004144975755134205,0.16039035296003257,0.04781991399136997,0.10063500603566708,1.7319545839600308,0.023493697497948496,0.12572908006119596,3.015474482473198,0.22141040991280164,False
GUT_GENOME140786_2,GUT_GENOME140786_02202,61206,0.2271424016389773,0.16208007252137466,0.17232308016657413,0.012403422986189381,0.0449550469175177,0.16662982196548087,0.3231145631004443,0.06506232911760265,1.0417881204077952,0.00569325820109326,-0.10691200750433762,1.0967526651714146,0.5778873459042553,False
GUT_GENOME140786_2,GUT_GENOME140786_02202,61215,0.23778940967002918,0.14603639121519796,0.16458697981128953,0.014913584207639073,0.00925837805925073,0.16961603691549673,0.6320218975043094,0.09175301845483122,1.5596299098260071,-0.005029057104207202,-0.24704625094889995,2.493477305731786,0.2874407138037946,False
GUT_GENOME140786_2,GUT_GENOME140786_02202,61243,0.20732593592473295,0.135667737798893,0.1529584059605961,0.014422381360638564,0.02572345488969115,0.15474496294643597,0.5492924505967334,0.07165819812583996,1.1697584611823806,-0.0017865569858398767,-0.20466871512585916,1.410224140459041,0.4940532024976375,False
GUT_GENOME140786_2,GUT_GENOME140786_02202,61288,0.1270652347060479,0.09256707566690091,0.09438634278701774,0.009082378685194304,0.14139299858418852,0.09008861243074666,0.3180372611105574,0.034498159039147006,0.44879464895654525,0.004297730356271082,-0.12515072117500378,0.21707933994265222,0.8971433044618781,False
GUT_GENOME140786_2,GUT_GENOME140786_02202,61357,0.09370125976311532,0.09554140982825604,0.09146339339247883,0.008919282443182372,0.5314985426545258,0.08857991280062073,0.373239266343271,-0.0018401500651407249,-0.25622629573481304,0.002883480591858098,-0.14363411912914653,0.08628267480398973,0.9577760109271106,False
GUT_GENOME140786_2,GUT_GENOME140786_02202,61368,0.07657566344784,0.08691671748467818,0.08581560476046608,0.00699981567270088,0.7131802171839665,0.0861565435173769,0.5194235293328152,-0.010341054036838174,-0.42115734224158285,-0.00034093875691081077,-0.18577535011536564,0.21188598763448044,0.899475922303251,False
GUT_GENOME140786_2,GUT_GENOME140786_02203,62346,0.06741003553851369,0.07591584798360636,0.07560670812902835,0.004396024482028164,0.685800649326926,0.08244804107924139,0.9401762086817581,-0.008505812445092673,-0.3855507388348048,-0.006841332950213039,-0.2707316115600861,0.2219449777139852,0.8949633700556118,False
GUT_GENOME140786_2,GUT_GENOME140786_02203,62544,0.07598076338940188,0.0795626280360481,0.07912380327476033,0.0048733442670239255,0.5862146136354394,0.08267502683080588,0.7669085076943942,-0.0035818646466462267,-0.2900183265117991,-0.003551223556045549,-0.2277318509977764,0.13597242567157794,0.9342733544685738,False
GUT_GENOME140786_2,GUT_GENOME140786_02203,62791,0.07177784189680618,0.06513204230084653,0.06543292832110505,0.0037097689707152447,0.3340507852840524,0.07467550460316,0.9936382403599063,0.0066457995959596505,-0.09158538661869893,-0.009242576282054951,-0.30211442469817984,0.09966100865280873,0.9513906674373678,False
GUT_GENOME140786_2,GUT_GENOME140786_02203,62802,0.060667866104116806,0.0615364452932899,0.06150519294629687,0.0037271492805965754,0.5245468890163346,0.07002557815540644,0.9888738277926288,-0.0008685791891730951,-0.23737627674126321,-0.008520385209109575,-0.2926758196256739,0.14200663215310477,0.9314588033337735,False
GUT_GENOME140786_2,GUT_GENOME140786_02203,62839,0.06297513825706816,0.06111114148866839,0.0614156741119414,0.004088708776110173,0.4439785936834063,0.06856943379725713,0.9599095890219137,0.0018639967683997671,-0.18435996061274,-0.007153759685315737,-0.27481484199202727,0.10951179245623396,0.9467162167493655,False
GUT_GENOME140786_2,GUT_GENOME140786_02205,64287,0.06767342981492633,0.0594576778652052,0.06008912586916152,0.003971480678975401,0.29458532732695003,0.06806340523516889,0.9776722818246344,0.008215751949721128,-0.06112581602082716,-0.007974279366007371,-0.2855385431154456,0.08526862498870319,0.9582617503511812,False
GUT_GENOME140786_2,GUT_GENOME140786_02207,65442,0.06567116867371434,0.051244312766939526,0.06106525647328651,0.0068982063855663476,0.15570960101854214,0.06751777844772014,0.8252066507213744,0.01442685590677481,0.0593794713003577,-0.006452521974433627,-0.2656500848205343,0.07409588917706708,0.9636299334008401,False
GUT_GENOME140786_2,GUT_GENOME140786_02207,65497,0.058250567811459104,0.04789345933508424,0.05598014812480318,0.006313882651340498,0.2150091126074261,0.0688657062836893,0.9793661128231054,0.010357108476374867,-0.019580096405483593,-0.012885558158886125,-0.34972601740517895,0.12269166742533555,0.9404979276372285,False
GUT_GENOME140786_2,GUT_GENOME140786_02208,65955,0.0663829473789666,0.04935361186194425,0.056089048690565975,0.006542774591007375,0.15235477398395175,0.06970927728629966,0.9813160007016187,0.017029335517022355,0.10987171154442081,-0.01362022859573369,-0.35932772029464966,0.1411882035698504,0.9318400475881382,False
GUT_GENOME140786_2,GUT_GENOME140786_02208,66072,0.0731945147059453,0.05879617875788282,0.06022014925596051,0.005610239081648197,0.21399117612187396,0.07520016606399306,0.9962088033729933,0.014398335948062488,0.05882613877802667,-0.01498001680803255,-0.37709933835937276,0.14566442559460835,0.9297568182347331,False
GUT_GENOME140786_2,GUT_GENOME140786_02208,66092,0.08589459908395046,0.06763718530243744,0.06959046818068049,0.006344382911728488,0.1894607634477532,0.08505187888984068,0.9925956430141292,0.01825741378151302,0.13369838151140534,-0.015461410709160198,-0.3833908685198411,0.16486381528316738,0.9208741402140164,False
GUT_GENOME140786_2,GUT_GENOME140786_02208,66258,0.08500799816443173,0.06005435909783949,0.06433082624087054,0.007329818575329476,0.10942764314140246,0.08708954050724346,0.9990484414400321,0.024953639066592245,0.26361579354078524,-0.022758714266372923,-0.47876225837906367,0.2987065866523592,0.8612647820431709,False
GUT_GENOME140786_2,GUT_GENOME140786_02208,66294,0.09466994922963477,0.06513694663479465,0.07287237979324697,0.009537488217518385,0.1074986023229274,0.08865722206941773,0.9510409335225968,0.029533002594840124,0.3524627234159433,-0.01578484227617076,-0.3876179255181285,0.27447762758076116,0.871762012480443,False
GUT_GENOME140786_2,GUT_GENOME140786_02208,66333,0.08398273448191008,0.06139647565768515,0.06590937814982435,0.00728285472859384,0.15728122893791863,0.08479288622685029,0.9952410868129417,0.022586258824224936,0.21768485464851525,-0.018883508077025934,-0.4281156329000148,0.23066969107672547,0.8910677238955895,False
GUT_GENOME140786_2,GUT_GENOME140786_02208,66480,0.08176168618174941,0.06254879228652087,0.06902413061414407,0.008583783904528505,0.156357985349602,0.08372405723152544,0.9565998271319054,0.01921289389522854,0.15223621414616698,-0.01469992661738137,-0.37343872720911647,0.1626323478771225,0.9219021639221987,False
GUT_GENOME140786_2,GUT_GENOME140786_02209,67225,0.0742067858098804,0.06299909919403124,0.06358971823315063,0.0038968720511480186,0.27547846716075713,0.08255727776384213,0.9999994345645173,0.011207686615849158,-0.003077528778988723,-0.0189675595306915,-0.4292141350923554,0.18423424494646423,0.9119983277898641,False
GUT_GENOME140786_2,GUT_GENOME140786_02210,67604,0.06280777191973813,0.05813525261512596,0.058541378780212205,0.003206954125286141,0.3784682076044748,0.07768481357922959,0.999999998809004,0.004672519304612169,-0.12987016016592173,-0.01914343479901738,-0.43151271958326975,0.20306948566367175,0.9034497903928136,False
GUT_GENOME140786_2,GUT_GENOME140786_02210,67677,0.05093757956809091,0.05418042691993471,0.054095506392028085,0.0023090977695527973,0.6263433996009766,0.07056475513284363,0.9999999999995066,-0.0032428473518437972,-0.2834408522335555,-0.016469248740815547,-0.39656270837525576,0.23760069838880238,0.8879850699999734,False
GUT_GENOME140786_2,GUT_GENOME140786_02210,67900,0.05294321676038396,0.05151703783077708,0.05152497824578318,0.001992040305993886,0.44723304473530756,0.061635507871127565,0.9999998067246203,0.0014261789296068778,-0.19285432245612222,-0.010110529625344387,-0.3134580554014214,0.13544874218605055,0.9345180182621248,False
GUT_GENOME140786_2,GUT_GENOME140786_02211,68130,0.05071276985558451,0.049539415592131715,0.0496243641445838,0.0018696945425391031,0.45657740388100587,0.05921576752011331,0.9999998550755438,0.0011733542634527958,-0.19775952276309514,-0.009591403375529509,-0.30667338602744215,0.1331573945410237,0.9355892846360597,False
GUT_GENOME140786_2,GUT_GENOME140786_02211,68612,0.0409132182020751,0.04902994788216779,0.04892835702114183,0.0019211665991864478,0.7940453301728814,0.05863843012374224,0.9999997839672461,-0.008116729680092687,-0.3780019148717479,-0.009710073102600407,-0.30822432833321756,0.23788768422317125,0.8878576595733284,False
GUT_GENOME140786_2,GUT_GENOME140786_02215,71772,0.03822693982070142,0.04902043955762238,0.048886705211147234,0.0020592748849222425,0.873968180170814,0.058357544147253734,0.9999978785371411,-0.01079349973692096,-0.42993550784027523,-0.0094708389361065,-0.30509768096526135,0.27792913583225576,0.8702588629970065,False
GUT_GENOME140786_2,GUT_GENOME140786_02216,72584,0.04004718617863842,0.04897887298244989,0.048596647057476745,0.0022622333533850506,0.7822176169904411,0.05847010638468532,0.9999936285585035,-0.00893168680381147,-0.3938133781844251,-0.009873459327208574,-0.3103596884977718,0.25141211308146294,0.881874029791931,False
GUT_GENOME140786_2,GUT_GENOME140786_02216,73124,0.04245332066505366,0.04579017450976348,0.045647421139555666,0.0021533078583941176,0.6142424238659058,0.05723458315497155,0.9999999629836968,-0.0033368538447098167,-0.2852647275882759,-0.011587162015415882,-0.3327567569352322,0.19210302409206648,0.9084172204337707,False
GUT_GENOME140786_2,GUT_GENOME140786_02216,73904,0.04095735861033385,0.04208001733442199,0.04204518079644715,0.0020610427925715448,0.5404822158617578,0.05831661449379702,0.9999999999999986,-0.0011226587240881353,-0.24230582349640944,-0.016271433697349867,-0.3939773841548131,0.21393029132574232,0.8985569910528128,False
GUT_GENOME140786_2,GUT_GENOME140786_02216,74340,0.04501167623731179,0.046579515661486014,0.046518417165367684,0.0020339015773652197,0.5510522636036597,0.06163469407871811,0.9999999999999466,-0.001567839424174225,-0.2509430365497824,-0.015116276913350428,-0.37888017638051896,0.20652259564695857,0.9018912804612215,False
GUT_GENOME140786_2,GUT_GENOME140786_02217,74744,0.04468926504343587,0.049134735363069566,0.049042725425041934,0.0021006196758152646,0.6361556759517991,0.0646837220207277,0.9999999999999518,-0.0044454703196336945,-0.30677364899152887,-0.015640996595685762,-0.38573794856971994,0.24290383668235366,0.8856336350594428,False
GUT_GENOME140786_2,GUT_GENOME140786_02217,74929,0.052518234167457475,0.06183903710425985,0.061456061940132166,0.005369208492581592,0.7447545799791969,0.07503780901972709,0.9942897542320109,-0.009320802936802375,-0.4013628495395335,-0.013581747079594926,-0.35882478991094424,0.28984736684512746,0.8650883111706618,False
GUT_GENOME140786_2,GUT_GENOME140786_02217,75424,0.06606383821025273,0.06582165040538761,0.06673927838754591,0.0062382679284018125,0.4941694183526829,0.07972957364730565,0.9813450223063207,0.0002421878048651238,-0.2158256318496328,-0.01299029525975974,-0.3510948686256094,0.16984831013852714,0.9185819515439648,False
GUT_GENOME140786_2,GUT_GENOME140786_02217,75646,0.08035265073957695,0.07656761526911954,0.07706227997112952,0.008194328226077295,0.4165296452878532,0.08498320526545368,0.8331367595941794,0.003785035470457415,-0.14708875691896284,-0.007920925294324158,-0.28484123733240096,0.10276963289701892,0.9499130580207042,False
GUT_GENOME140786_2,GUT_GENOME140786_02217,75805,0.071477783157245,0.08685363476754235,0.08239844949985814,0.011457661217585492,0.81533659118982,0.0892368472229959,0.724693105248357,-0.01537585161029735,-0.5188404163599409,-0.006838397723137754,-0.27069324989902493,0.34247021318945287,0.8426234438532216,False
GUT_GENOME140786_2,GUT_GENOME140786_02217,75940,0.07948695989192224,0.1364772059667718,0.11627719627281288,0.019359997060927555,0.9991946330751844,0.09258605493296439,0.11052965989512831,-0.05699024607484955,-1.3262258016831006,0.023691141339848495,0.12830955289934937,1.7753382184152136,0.41161406288953795,False
GUT_GENOME140786_2,GUT_GENOME140786_02217,75954,0.0848725738626944,0.1299548738305813,0.11884201750675674,0.0162170363366264,0.9892459181842155,0.0948944773647828,0.06987933766868851,-0.0450822999678869,-1.0951927233532674,0.023947540141973936,0.13166053178151102,1.216781596914937,0.5442259340202469,False
GUT_GENOME140786_2,GUT_GENOME140786_02217,76057,0.09993086483753538,0.133244911991889,0.12724833432276175,0.01443842292558711,0.9177275259451695,0.09465097599366837,0.01198276603336276,-0.033314047154353627,-0.8668699169135761,0.032597358329093384,0.2447084783370272,0.8113456922197736,0.6665281890495481,False
GUT_GENOME140786_2,GUT_GENOME140786_02217,76093,0.09949383850632694,0.13459319452728946,0.12945311295663053,0.012558992072511729,0.9138018249945628,0.09363328431571423,0.002171393696439666,-0.03509935602096252,-0.9015077461006789,0.035819828640916304,0.2868242365769136,0.8949843589674553,0.6392292153332624,False
GUT_GENOME140786_2,GUT_GENOME140786_02217,76538,0.1076444595024434,0.1302064014267013,0.12743224154859414,0.010616141735246457,0.8024933520043118,0.08487708770481128,3.0548558820310114e-05,-0.02256194192425791,-0.6582619884327068,0.04255515384378286,0.3748509057040765,0.5738220469225475,0.7505785097438964,False
GUT_GENOME140786_2,GUT_GENOME140786_02217,76591,0.1082806451179514,0.13058451336575172,0.12596174353828068,0.010511624506670834,0.8151108453843348,0.07942129202373695,4.766086846404177e-06,-0.022303868247800326,-0.6532549489842304,0.04654045151454374,0.4269363609524755,0.6090166846757319,0.7374858758525937,False
GUT_GENOME140786_2,GUT_GENOME140786_02217,76943,0.1118878375779891,0.11739967938045807,0.11497638719631394,0.009715357075905194,0.5780371991262145,0.0806391201428991,0.00020440602976288884,-0.00551184180246897,-0.3274629504134197,0.03433726705341483,0.26744804398147803,0.17876044012298037,0.9144977970542082,False
GUT_GENOME140786_2,GUT_GENOME140786_02218,77412,0.12284334625410116,0.09469012928180702,0.09651447126652292,0.006582166729669756,0.15716468395557326,0.07554506471857082,0.000721794584853972,0.028153216972294143,0.32569268961257797,0.020969406547952096,0.09273810820115062,0.11467608477980337,0.944274810494384,False
GUT_GENOME140786_2,GUT_GENOME140786_02218,77802,0.11850980600300953,0.08542582064140823,0.08698560021100611,0.005705642479764884,0.13637966523968348,0.07338665801333957,0.008576306912978383,0.0330839853616013,0.42135743223741945,0.013598942197666539,-0.003589449434820381,0.17755496984895663,0.9150491631563822,False
GUT_GENOME140786_2,GUT_GENOME140786_02219,79037,0.11139541343471707,0.08074784247376159,0.08184026107994968,0.00480538103349222,0.1177810199720955,0.07285483623967677,0.030751124137575685,0.03064757096095548,0.37408712096692986,0.008985424840272913,-0.06388535998103573,0.14402251329323296,0.9305204212127004,False
GUT_GENOME140786_2,GUT_GENOME140786_02219,79239,0.10482684456534576,0.0745963453826385,0.07564727252906284,0.004258914407811718,0.13390012735838958,0.07295948046554131,0.2639882475205752,0.03023049918270726,0.3659952656673125,0.0026877920635215297,-0.1461916510696285,0.15532453333335067,0.9252768706209425,False
GUT_GENOME140786_2,GUT_GENOME140786_02219,79241,0.10954245034671323,0.0749536981087907,0.0759807511208259,0.004275189914626425,0.11531181911145111,0.07309613288038493,0.24992222241762346,0.03458875223792253,0.45055230098157567,0.002884618240440978,-0.1436192507430817,0.22362386510379653,0.8942124139342355,False
GUT_GENOME140786_2,GUT_GENOME140786_02219,79252,0.07778017545999502,0.05900279934667558,0.059628292696890225,0.003217935045458018,0.2056093431672505,0.06795293751836946,0.9951585517728277,0.018777376113319443,0.1437864770615318,-0.008324644821479238,-0.29011760991526153,0.10484277856871027,0.9489289141048902,False
GUT_GENOME140786_2,GUT_GENOME140786_02223,81690,0.07081780417219607,0.05804063313038213,0.05845480066785171,0.0033540354222701945,0.2642944793984313,0.0675757415303415,0.9967299086637795,0.012777171041813945,0.027372963276006346,-0.009120940862489789,-0.3005247225665516,0.0910643879922124,0.9554888410727603,False
GUT_GENOME140786_2,GUT_GENOME140786_02223,81693,0.05663577032592445,0.05675597519934612,0.05610301406837423,0.0038376918902204337,0.5027076170534198,0.06752616707902334,0.998542530491494,-0.00012020487342167402,-0.22285662571513554,-0.011423153010649112,-0.3306132574067558,0.15897020159824177,0.9235917806455647,False
GUT_GENOME140786_2,GUT_GENOME140786_02223,81894,0.062467430305603165,0.05339764764047275,0.05335011648277496,0.003697102914012279,0.3138498373906812,0.07213295114031712,0.9999998116990975,0.009069782665130414,-0.04455626293443312,-0.018782834657542158,-0.4267998915631263,0.1841434080049787,0.9120397502998987,False
GUT_GENOME140786_2,GUT_GENOME140786_02224,82646,0.05454236699742256,0.054119574774051465,0.05373444102556286,0.003952711168482591,0.4906771980104919,0.07348337776263052,0.999999707798651,0.0004227922233710976,-0.21232161911791517,-0.01974893673706766,-0.43942626750429997,0.23817591451761363,0.8877297150556004,False
GUT_GENOME140786_2,GUT_GENOME140786_02224,82665,0.059491799463421945,0.07662756822917724,0.07623220630888919,0.004498727463483755,0.7993479084959977,0.08366096184040939,0.9506614897078424,-0.017135768765755295,-0.5529856059987479,-0.007428755531520198,-0.2784088731094679,0.3833045810678863,0.8255938853986147,False
GUT_GENOME140786_2,GUT_GENOME140786_02224,82768,0.057172542840960065,0.0807281892705969,0.07997756027699347,0.004559790145136195,0.8823899431511717,0.08310223145962918,0.7534120990645163,-0.023555646429636833,-0.677541435011129,-0.0031246711826357076,-0.22215706678044214,0.5084161584774297,0.7755304134782164,False
GUT_GENOME140786_2,GUT_GENOME140786_02224,82787,0.05861897082446868,0.08427110541944899,0.0834369166774981,0.0046532700292162416,0.8907621285952587,0.08298002929481314,0.46089217912410935,-0.025652134594980308,-0.7182166371132076,0.0004568873826849562,-0.17534823999137217,0.5465821430942768,0.7608712874114927,False
GUT_GENOME140786_2,GUT_GENOME140786_02224,82789,0.0448864084892042,0.06632974165878644,0.06590128145368677,0.002948102767118061,0.9328590279447855,0.06383248025460632,0.24142070760096934,-0.02144333316958224,-0.6365592009227505,0.0020688011990804556,-0.15428149118509923,0.42901039480170855,0.8069406177271458,False
GUT_GENOME140786_2,GUT_GENOME140786_02225,83298,0.05704689726190103,0.05897095185720626,0.059850719512315076,0.0029253693442468265,0.5479070324057445,0.057537604775610394,0.21455702441236124,-0.0019240545953052302,-0.25785417695929974,0.0023131147367046814,-0.1510884594766108,0.08931649916237333,0.9563242502063347,False
GUT_GENOME140786_2,GUT_GENOME140786_02225,83299,0.06867836370399673,0.06502552022033309,0.06584467312326577,0.003149402091438268,0.42274942962520534,0.05724506150973495,0.0031614013223032296,0.0036528434836636398,-0.14965349153945673,0.008599611613530816,-0.0689277079349037,0.027147196451109634,0.9865181076636296,False
GUT_GENOME140786_2,GUT_GENOME140786_02227,86596,0.06775466843061057,0.059794660180310946,0.06048583780419625,0.0025913031391453538,0.3477876649171363,0.0563646420601221,0.055872890160276065,0.007960008250299619,-0.06608765021205375,0.004121195744074151,-0.12745792289567756,0.020613099619431252,0.9897463806751406,False
GUT_GENOME140786_2,GUT_GENOME140786_02232,91939,0.06725696619592399,0.06255981191085566,0.0629098340298957,0.0028573733097900997,0.4161920434578123,0.056322899809612165,0.010576538789543007,0.004697154285068325,-0.12939220239568516,0.00658693422028353,-0.09523219682278936,0.025811513352500443,0.9871771654936742,False
GUT_GENOME140786_2,GUT_GENOME140786_02233,93434,0.06541141293340721,0.05427069550722979,0.05446180176693263,0.0017550368469114043,0.2957901564215,0.056329824225479795,0.8564212326334949,0.011140717426177428,-0.004376837484632558,-0.0018680224585471625,-0.20573342009485457,0.042345396850292795,0.9790498695980429,False
GUT_GENOME140786_2,GUT_GENOME140786_02233,93578,0.06988265043229465,0.05361817695579053,0.05380077529279785,0.0016372024540940216,0.23368826871844095,0.05636015404273628,0.9410046787810227,0.016264473476504122,0.09503217245587538,-0.002559378749938432,-0.2147690330278991,0.055156851349422054,0.9727983871918622,False
GUT_GENOME140786_2,GUT_GENOME140786_02233,93675,0.0705280937577389,0.0613371458315894,0.06141379058482669,0.0015963658475275202,0.3314707559521698,0.05728249159650064,0.004827590223465938,0.009190947926149502,-0.042205464317406315,0.0041312989883260515,-0.12732587954037017,0.01799318081897671,0.9910437578205163,False
GUT_GENOME140786_2,GUT_GENOME140786_02233,95136,0.0663554991495023,0.06263038751319394,0.0626467167388386,0.0015996900441004823,0.42014128436803766,0.05926271275072378,0.01719741138405292,0.0037251116363083564,-0.14825137453113768,0.0033840039881148296,-0.13709257791686125,0.04077284497026233,0.9798199756728466,False
GUT_GENOME140786_2,GUT_GENOME140786_02233,95246,0.06826697643932671,0.05857591543131264,0.05865265606945892,0.0018270678855750724,0.29850278578446715,0.061611692920698825,0.9473360440124377,0.00969106100801407,-0.03250247576015779,-0.002959036851239903,-0.2199923252057262,0.04945303407996164,0.975576679146478,False
GUT_GENOME140786_2,GUT_GENOME140786_02233,95247,0.070713524924276,0.05744759961159309,0.057539219825592236,0.0019559201513491345,0.2386958758813177,0.06161140787835016,0.9813278847739144,0.013265925312682912,0.036855572848759316,-0.004072188052757927,-0.23454054515846548,0.05636760057324039,0.9722096579645935,False
GUT_GENOME140786_2,GUT_GENOME140786_02235,97627,0.07760312631178871,0.05909984671190622,0.05919994810585958,0.0024945588967846266,0.17971128574017575,0.06149882544649443,0.8216200604886064,0.018503279599882495,0.1384685691125039,-0.0022988773406348514,-0.21136443552544049,0.06384846923705235,0.9685799641297231,False
GUT_GENOME140786_2,GUT_GENOME140786_02236,98023,0.07524605533590137,0.05984820645994499,0.059854899661500545,0.002483019776097437,0.22164824930643917,0.06160111182271743,0.7590535941095149,0.015397848875956376,0.07821827798386072,-0.001746212161216884,-0.20414143241550536,0.047791823439414856,0.9763873349474161,False
GUT_GENOME140786_2,GUT_GENOME140786_02238,100707,0.07613332225107376,0.059835393048636824,0.05979122874341745,0.002471578063314755,0.2046304522097548,0.06140506029739845,0.743107655078276,0.016297929202436938,0.09568126670610029,-0.001613831553981003,-0.20241129711230632,0.05012523799717024,0.9752488410104543,False
GUT_GENOME140786_2,GUT_GENOME140786_02238,100768,0.06816431410308435,0.05666181288830148,0.056698341937638876,0.002366965210754767,0.2567748662743382,0.06485224139898743,0.9997143383147906,0.01150250121478287,0.002642342953417358,-0.008153899461348556,-0.28788607025406965,0.0828853714226146,0.959404321341962,False
GUT_GENOME140786_2,GUT_GENOME140786_02239,101104,0.06032040961181838,0.059029540997951845,0.058980417147185195,0.0024312304407476527,0.4679504824940937,0.0666941614517502,0.9992450494989231,0.0012908686138665346,-0.1954795576137616,-0.007713744304565,-0.2821335057996747,0.11781157253968702,0.9427955892622368,False
GUT_GENOME140786_2,GUT_GENOME140786_02239,101105,0.054885878530388114,0.06128981708919952,0.06111001265905124,0.0024663867159388573,0.659091333842761,0.06840705964430446,0.99845479056735,-0.006403938558811405,-0.3447710451876597,-0.007297046985253221,-0.2766875212408857,0.19542305801021687,0.9069104833924595,False
GUT_GENOME140786_2,GUT_GENOME140786_02239,101148,0.06050347074627738,0.09216780558357048,0.09005159923850438,0.005876112842524119,0.9636399247944337,0.08558744954641795,0.22371356777000123,-0.0316643348372931,-0.834862876274865,0.00446414969208643,-0.12297572006237076,0.7121190499067992,0.700430925876115,False
GUT_GENOME140786_2,GUT_GENOME140786_02239,101183,0.06395123933971723,0.09035739799135552,0.08786254690394994,0.005997228598982885,0.9258153085369323,0.08652287947064737,0.4116194620800222,-0.026406158651638284,-0.7328459020913706,0.001339667433302577,-0.16381083309753655,0.5638971052522237,0.7543124909315863,False
GUT_GENOME140786_2,GUT_GENOME140786_02239,101781,0.06381189305776892,0.08641164043437052,0.0840289010278047,0.007127860859294377,0.8916484018370525,0.08772629976538697,0.6980236939137294,-0.0225997473766016,-0.6589954742877954,-0.0036973987375822637,-0.22964227313066155,0.48701060874041374,0.7838753180563622,False
GUT_GENOME140786_2,GUT_GENOME140786_02239,102053,0.04712032700673313,0.08687008851877118,0.08352649578846696,0.006042862740530176,0.999651465502785,0.07824764373912103,0.19117675572427412,-0.039749761512038045,-0.9917330029530701,0.005278852049345931,-0.11232804787438502,0.9961519394855842,0.6076987664298281,False
GUT_GENOME140786_2,GUT_GENOME140786_02240,102153,0.05062467203755636,0.08581932671242702,0.08302193666867645,0.006151737418769729,0.9945128301109627,0.07051303267012773,0.021006382590573434,-0.03519465467487066,-0.9033566914330913,0.012508903998548718,-0.01783559627994607,0.8163714204516025,0.6648553969109445,False
GUT_GENOME140786_2,GUT_GENOME140786_02240,102286,0.042511881988210896,0.0778291703535722,0.0761631503297661,0.004472123242038133,0.9994483984258153,0.05924777106913353,7.766033259858336e-05,-0.035317288365361306,-0.9057359799154632,0.016915379260632572,0.03975439800086444,0.8219380774738355,0.6630074588313095,False
GUT_GENOME140786_2,GUT_GENOME140786_02241,103583,0.04288956703403641,0.0735289081850597,0.07171486399804677,0.004730521403428426,0.9937187834623782,0.05879519248812777,0.003155873212938449,-0.030639341151023285,-0.8149763698630585,0.012919671509919003,-0.012467110761801941,0.6643419122859159,0.7173646744731528,False
GUT_GENOME140786_2,GUT_GENOME140786_02241,103980,0.0453855982856417,0.07676548048993866,0.07495425711838632,0.005146452500194723,0.9961524709784013,0.060461396386979636,0.0024306209829249477,-0.03137988220429696,-0.8293440431486637,0.014492860731406688,0.008093530766743285,0.6878770471464448,0.7089725118065195,False
GUT_GENOME140786_2,GUT_GENOME140786_02244,107475,0.05385781879181689,0.08619281010037075,0.0848241447070128,0.004699216571962386,0.9878032414069481,0.06035092271887568,9.547606970105189e-08,-0.032334991308553857,-0.8478746776103279,0.024473221988137117,0.13853087887606086,0.7380822733349912,0.6913969680981166,False
GUT_GENOME140786_2,GUT_GENOME140786_02245,108899,0.060017635644781096,0.07845624017472337,0.0778605373193923,0.0037923631684679674,0.8751971930681871,0.059310772842303225,5.00740950329784e-07,-0.018438604529942275,-0.5782626902628699,0.018549764477089073,0.06111483455619394,0.33812276195288277,0.8444570681957946,False
GUT_GENOME140786_2,GUT_GENOME140786_02246,109070,0.07062097764298679,0.08136940488029588,0.08108124104446411,0.0035122653970666652,0.7090326518042572,0.059862781499240465,7.646426749283128e-10,-0.010748427237309094,-0.429061029719547,0.021218459545223646,0.09599308181053483,0.19330803897948204,0.9078700571479957,False
GUT_GENOME140786_2,GUT_GENOME140786_02246,109464,0.08684190743023662,0.08754937938807965,0.08746710861469761,0.003780038647889825,0.5114668039494575,0.0605538871941504,5.403128736282615e-13,-0.0007074719578430283,-0.23425054042527346,0.026913221420547216,0.17042021105200633,0.08391636402454306,0.9589098794156223,False
GUT_GENOME140786_2,GUT_GENOME140786_02246,109465,0.0935893027518853,0.08291473262801281,0.0830674743461648,0.0042220323496574945,0.31165230685382816,0.05990727496411601,2.0608423685819444e-08,0.01067457012387249,-0.01342083594072961,0.02316019938204878,0.12137045929402912,0.014910907226591559,0.9925722693424746,False
GUT_GENOME140786_2,GUT_GENOME140786_02246,109470,0.080243395915113,0.07339347891902322,0.07360224761741946,0.003891463623433485,0.342474166000994,0.05902859148677674,9.018536125245507e-05,0.006849916996089778,-0.08762518467714228,0.014573656130642716,0.009149478276526466,0.00776188594243592,0.9961265781551216,False
GUT_GENOME140786_2,GUT_GENOME140786_02255,116091,0.07911677133199063,0.07719094495817003,0.07732403966328784,0.004349670186897041,0.4657811393118063,0.059184351506515784,1.5205978797867036e-05,0.001925826373820605,-0.18316036800928145,0.018139688156772055,0.055755382491419474,0.036656383086059896,0.9818387483019307,False
GUT_GENOME140786_2,GUT_GENOME140786_02255,116196,0.0764371599162259,0.0723592179383266,0.07240832443881617,0.0036472130752962933,0.4276630228868866,0.05903718287028828,0.0001231264608733475,0.004077941977899305,-0.14140590519379656,0.013371141568527894,-0.0065666673128246394,0.0200387511432743,0.9900306511535274,False
GUT_GENOME140786_2,GUT_GENOME140786_02255,116201,0.05986822294487562,0.08646073570100453,0.08586020899771339,0.0037472483226584736,0.9853093912917964,0.05913499921477193,4.947629110030621e-13,-0.026592512756128908,-0.7364614678684691,0.02672520978294146,0.16796301147854933,0.5705870668799234,0.7517935453827235,False
GUT_GENOME140786_2,GUT_GENOME140786_02255,116248,0.05671553254256531,0.0917014958444906,0.0905389668432085,0.00445860846871589,0.9984142077984214,0.05919190396074505,1.0276246421236162e-12,-0.034985963301925285,-0.8993077471500585,0.03134706288246345,0.2283678651852153,0.8609063059333661,0.6502143813773451,False
GUT_GENOME140786_2,GUT_GENOME140786_02255,116353,0.05629004863360106,0.0892956092451617,0.08855209391844875,0.004143094406673897,0.9967464844543862,0.06084183612092871,1.1288906408865464e-11,-0.03300556061156063,-0.8608847877431375,0.027710257797520038,0.1808369994512122,0.7738246381380646,0.6791506408765358,False
GUT_GENOME140786_2,GUT_GENOME140786_02255,116359,0.04741732778861119,0.08852798361766095,0.08754845228601751,0.00405418482197735,0.9999479741175326,0.06106407840313041,3.2318479435510365e-11,-0.04111065582904976,-1.0181365154074096,0.026484373882887102,0.1648154304116389,1.0637660901077162,0.587497642901833,False
GUT_GENOME140786_2,GUT_GENOME140786_02255,117070,0.04207064371200736,0.07578131543028448,0.07263764605082054,0.004403438008408129,0.9997305977949075,0.06118751049659288,0.004657497853216088,-0.033710671718277116,-0.8745650637610154,0.011450135554227664,-0.031673066145672,0.765867233870377,0.6818581616181827,False
GUT_GENOME140786_2,GUT_GENOME140786_02258,120804,0.0532044377866403,0.07263746582877707,0.07155994222905805,0.00433467397790994,0.9566510456635461,0.06143827824831621,0.00977050380435088,-0.01943302804213677,-0.5975560867161446,0.010121663980741845,-0.049035394484964,0.35947774668380855,0.8354883512100035,False
GUT_GENOME140786_2,GUT_GENOME140786_02259,121179,0.051429859636915064,0.07545277140637707,0.07465075430699546,0.003618647422294917,0.990988260107474,0.061609753444945424,0.0001567793058720159,-0.02402291176946201,-0.68660712517188,0.013041000862050033,-0.010881408748348214,0.4715477493931424,0.7899592835206506,False
GUT_GENOME140786_2,GUT_GENOME140786_02259,121370,0.05465136171111502,0.080294338257377,0.08000196706110316,0.0036295051413557187,0.995114126295236,0.06250478613374538,7.14856509779132e-07,-0.025642976546261985,-0.7180389564142958,0.017497180927357775,0.04735819756092942,0.5178227418047511,0.7718914320532313,False
GUT_GENOME140786_2,GUT_GENOME140786_02259,121506,0.06550005204090703,0.08278992757235511,0.0823469171130298,0.0038667455545367815,0.9162161543620709,0.06308177573424374,3.1422550407138203e-07,-0.017289875531448076,-0.5559755221563831,0.019265141378786058,0.07046438248894919,0.3140740104366118,0.8546724308926044,False
GUT_GENOME140786_2,GUT_GENOME140786_02259,121533,0.11514324597122913,0.12233260976397618,0.1224150194027213,0.005636434708765363,0.6264841405610259,0.09243023255524536,5.1936565760382947e-08,-0.007189363792747053,-0.36000954290709275,0.029984786847475936,0.21056373276698062,0.1739439565409383,0.916702782870692,False
GUT_GENOME140786_2,GUT_GENOME140786_02259,121536,0.14824926116556256,0.13139003104310845,0.13263635290456913,0.007259955516341337,0.2684656039202941,0.10719786781209,0.00022920998248036098,0.016859230122454105,0.10657139656192062,0.025438485092479132,0.15114628991373574,0.0342026635198452,0.9830440660024398,False
GUT_GENOME140786_2,GUT_GENOME140786_02259,121560,0.15171099366095403,0.11080788980463745,0.11351596089938881,0.007973703983014176,0.05900787152819829,0.11772329054771485,0.701129065072353,0.04090310385631658,0.5730607570117519,-0.004207329648326041,-0.23630676492664063,0.38423951837697673,0.8252080363290059,False
GUT_GENOME140786_2,GUT_GENOME140786_02259,121826,0.1770492507698956,0.11167602766733759,0.11704571437645543,0.008738526508172485,0.01939800003693177,0.11848281821541046,0.5653139415919483,0.06537322310255803,1.04781995778204,-0.0014371038389550256,-0.20010157165323417,1.1379673029044506,0.5661005018406815,False
GUT_GENOME140786_2,GUT_GENOME140786_02260,122055,0.19870397659568365,0.11155507378824558,0.117883603563207,0.007558875273508352,0.009766259010467668,0.11871137196046762,0.5436007930596374,0.08714890280743806,1.4703027495038892,-0.0008277683972606198,-0.19213792213403072,2.1987071563206793,0.33308632839831576,False
GUT_GENOME140786_2,GUT_GENOME140786_02260,122118,0.1838399198931964,0.10920742737055736,0.11398130580480932,0.0069742609754814,0.026895136674281568,0.11431710659558401,0.5192010866975577,0.07463249252263904,1.2274644991656967,-0.00033580079077469294,-0.18570819997317828,1.5411566322493726,0.4627453778002133,False
GUT_GENOME140786_2,GUT_GENOME140786_02260,122161,0.14113489856172917,0.08897886475314559,0.09136212508109262,0.004810319827143155,0.050123240020954286,0.09667234047927746,0.8651864005916188,0.05215603380858358,0.7913854810027435,-0.005310215398184839,-0.2507208215703443,0.6891519099108522,0.7085207344821937,False
GUT_GENOME140786_2,GUT_GENOME140786_02260,122162,0.09932932474651562,0.07452166977583978,0.07527792454741099,0.003592895152516797,0.16524278809216397,0.0799710212433453,0.9042604226388944,0.024807654970675844,0.2607834700851858,-0.004693096695934318,-0.24265544949416437,0.12688968543888596,0.938525884408556,False
GUT_GENOME140786_2,GUT_GENOME140786_02260,122507,0.08524652621823611,0.06820419275730852,0.06863422780073598,0.0035524521022289677,0.24308953090050106,0.07599145318775215,0.9808218788830423,0.017042333460927594,0.11012389231223854,-0.007357225387016164,-0.2774740169335263,0.08911910173122435,0.956418642839642,False
GUT_GENOME140786_2,GUT_GENOME140786_02260,122605,0.084478311446692,0.06077109913415387,0.061542317708817254,0.003578928448875396,0.17907137333063577,0.07501028397566939,0.9999160994084865,0.023707212312538133,0.23943313371724034,-0.013467966266852135,-0.35733774278928976,0.1850184879434025,0.9116407837439047,False
GUT_GENOME140786_2,GUT_GENOME140786_02261,123984,0.06961804924147107,0.062075795238877345,0.06256038330071888,0.003839090415195853,0.3263077134544697,0.07465773359020475,0.9991867105988982,0.007542254002593722,-0.074192746503716,-0.012097350289485873,-0.339424612315846,0.12071363107952701,0.9414285573082105,False
GUT_GENOME140786_2,GUT_GENOME140786_02262,124328,0.06081642307828771,0.06175867745224711,0.061312436492138446,0.004200275421849136,0.5219410588910467,0.07452749338306841,0.9991730669519556,-0.0009422543739594016,-0.2388056924091547,-0.013215056890929965,-0.3540323686190889,0.18236707675705824,0.912850152486209,False
GUT_GENOME140786_2,GUT_GENOME140786_02263,124892,0.07224274006209987,0.06071955231043195,0.060710204722176364,0.00390505353328004,0.2908257686075122,0.07500250403476025,0.9998738675941395,0.01152318775166792,0.003043694643591878,-0.014292299312583884,-0.3681112823113803,0.13551518024201215,0.934486974997544,False
GUT_GENOME140786_2,GUT_GENOME140786_02263,124910,0.09177748554770215,0.061475519435551046,0.06246775184661348,0.0036041415354764092,0.12208312756104073,0.07902596451977678,0.9999978281266947,0.030301966112151107,0.36738183767224786,-0.0165582126731633,-0.39772541372372117,0.2931549193731431,0.8636588310013635,False
GUT_GENOME140786_2,GUT_GENOME140786_02263,124912,0.08199171868591615,0.0594645083258052,0.06044359620146115,0.0037579215395272224,0.19544337238794246,0.08176953906331903,0.9999999930627438,0.022527210360110947,0.21653922060614023,-0.021325942861857884,-0.4600367936744895,0.2585230855950195,0.8787441062960221,False
GUT_GENOME140786_2,GUT_GENOME140786_02263,125450,0.09071002034740776,0.061567107772107256,0.06293503481917494,0.003962943591714118,0.15021930355256752,0.0848142773318247,0.9999999831421182,0.0291429125753005,0.34489435711411,-0.021879242512649763,-0.46726808894553346,0.3372915845159662,0.8448080879614343,False
GUT_GENOME140786_2,GUT_GENOME140786_02263,125501,0.08910705642898686,0.06243294621021371,0.06385296371207871,0.004140673662566423,0.1797864293834679,0.087186452823144,0.9999999912568054,0.026674110218773153,0.2969956680292679,-0.02333348911106528,-0.4862742215809024,0.32466904540226366,0.8501567602305284,False
GUT_GENOME140786_2,GUT_GENOME140786_02263,125680,0.09435012527366204,0.06178415019206134,0.06356568277507117,0.004219059526786484,0.12176986671720774,0.08523849299366341,0.9999998603327606,0.0325659750816007,0.4113072095944852,-0.021672810218592242,-0.464570142417513,0.38499903789023004,0.8248947150231402,False
GUT_GENOME140786_2,GUT_GENOME140786_02263,125713,0.10007348796961646,0.0614697224259462,0.06352423853614024,0.0047249059356688555,0.07566025169105564,0.0799508035130341,0.9997460839751691,0.03860376554367026,0.5284499396868569,-0.016426564976893862,-0.3960048571281865,0.43607918562415815,0.8040936047093212,False
GUT_GENOME140786_2,GUT_GENOME140786_02264,126826,0.11265995205090475,0.06057264420710606,0.06325557906521789,0.0047339289935122405,0.036093889415333535,0.07942468632002132,0.9996817668802505,0.05208730784379868,0.7900520880680746,-0.01616910725480343,-0.39264003879587467,0.7783485019263506,0.6776161844532044,False
GUT_GENOME140786_2,GUT_GENOME140786_02264,126961,0.12069624386562258,0.06057104800350847,0.06379139455849697,0.004732388338807214,0.017580447734231574,0.07943270942834056,0.9995253941171831,0.060125195862114116,0.9459998892641251,-0.01564131486984359,-0.385742108222467,1.0437127645436506,0.5934179143361258,False
GUT_GENOME140786_2,GUT_GENOME140786_02264,127144,0.15050038805567123,0.0683973115811152,0.07391100992251003,0.005742316670842711,0.0027040817210273117,0.08593151732918247,0.9818397091044768,0.08210307647455603,1.3724056999260577,-0.012020507406672445,-0.3384203218300182,1.9980257194170652,0.3682427690885346,False
GUT_GENOME140786_2,GUT_GENOME140786_02265,127796,0.21027787985637061,0.07179516669920874,0.08124228294361119,0.0064065486186289265,1.2747846298471552e-06,0.09005307513905476,0.9154775278799456,0.13848271315716187,2.466260248888441,-0.008810792195443576,-0.2964712651206234,6.170334826289499,0.04572237873223928,False
GUT_GENOME140786_2,GUT_GENOME140786_02265,127803,0.12410742665419991,0.07146138955514114,0.07865369791807286,0.005579241960633487,2.4633553569676863e-05,0.09485059423479905,0.9981523442637545,0.05264603709905877,0.8008923235407726,-0.01619689631672619,-0.3930032252026999,0.7958800489262616,0.6717023121607435,False
GUT_GENOME140786_2,GUT_GENOME140786_02265,127805,0.18134482896593193,0.07976116087923123,0.08940113080484233,0.0070415645795976565,0.0009961252684631146,0.09829857981986574,0.8968062475809837,0.1015836680867007,1.750360135343643,-0.008897449015023415,-0.29760381788608153,3.152328635820589,0.20676667033902474,False
GUT_GENOME140786_2,GUT_GENOME140786_02265,127808,0.29993634832622895,0.08919920538428747,0.11102245322020167,0.010032497730961855,1.4604531192972123e-07,0.11031714241824667,0.4719764015278275,0.21073714294194149,3.868111011916652,0.0007053108019550031,-0.17210149458964816,14.991901724950855,0.000555328425002578,False
GUT_GENOME140786_2,GUT_GENOME140786_02265,127809,0.559289683493899,0.20930781369035176,0.3250410241654641,0.028823963517967264,1.2157941640765758e-32,0.2486786438623738,0.004033326654528364,0.3499818698035472,6.569679997791006,0.07636238030309031,0.816691120987811,43.82767966047556,3.040466932080814e-10,True
GUT_GENOME140786_2,GUT_GENOME140786_02265,127823,0.5453397365144054,0.2004288628829985,0.30872246051117946,0.027444791581916178,7.883078338143044e-33,0.24125378382771365,0.006979014076540353,0.3449108736314069,6.471294613332191,0.06746867668346582,0.7004557378014816,42.36829221316125,6.307281901943e-10,True
GUT_GENOME140786_2,GUT_GENOME140786_02265,127827,0.5500395360893705,0.2746008392748607,0.41452673025627434,0.03500473733825517,1.8826370925413347e-21,0.23986415840494454,3.023909850432823e-07,0.27543869681450983,5.12342397937816,0.1746625718513298,2.1014157891999528,30.665421591566,2.1932508622741345e-07,True
GUT_GENOME140786_2,GUT_GENOME140786_02265,127844,0.26267771991985134,0.07151124348043532,0.08710158687097827,0.008336373881138191,7.831783383375184e-07,0.08144671346261888,0.2487789247269001,0.19116647643941603,3.4884089804805787,0.005654873408359393,-0.10741367377103263,12.18053491241054,0.002264803098160904,False
GUT_GENOME140786_2,GUT_GENOME140786_02265,127846,0.1375615680275607,0.06595776253704916,0.06862687255137145,0.006496392445269622,0.019996813693755687,0.07080444380736976,0.6312617573966985,0.07160380549051154,1.1687031576173899,-0.002177571255998309,-0.2097790376042135,1.4098743152430078,0.49413962618986174,False
GUT_GENOME140786_2,GUT_GENOME140786_02265,127850,0.06949083453170957,0.059479609734253557,0.05855316704879402,0.005712602897460822,0.11808490685413736,0.06717917234097785,0.934477727716104,0.01001122479745601,-0.026290789447497517,-0.008626005292183832,-0.294056210894978,0.08716026077568444,0.9573558377227721,False
GUT_GENOME140786_2,GUT_GENOME140786_02267,129325,0.12633041800472197,0.05982241076850543,0.06293810514245089,0.005845898492986236,0.00019506307965707332,0.0639611286469428,0.5694595963787147,0.06650800723621654,1.0698365733498318,-0.0010230235044919045,-0.1946897895200809,1.1824544078202834,0.5536474293690875,False
GUT_GENOME140786_2,GUT_GENOME140786_02268,130496,0.10946677386125811,0.054044651315116855,0.05782045089124164,0.005356738981175695,0.0035923453348282084,0.06374873842345709,0.8657875466534786,0.055422122546141254,0.8547527929101381,-0.00592828753221545,-0.2587986544292353,0.7975790805220642,0.671131932742542,False
GUT_GENOME140786_2,GUT_GENOME140786_02269,132312,0.0842914384169214,0.056564823182733134,0.05773974470561184,0.00472863762961298,0.06668941056322622,0.06368581775126776,0.8957064569473675,0.027726615234188262,0.3174159379469124,-0.00594607304565592,-0.2590311004447914,0.16784998866035775,0.9195002212386987,False
GUT_GENOME140786_2,GUT_GENOME140786_02269,132628,0.07363557354817687,0.05720224605075863,0.05823658753437833,0.0038753920947884714,0.1617735190338937,0.06446601272789405,0.9460200672829587,0.016433327497418243,0.09830820880082905,-0.006229425193515721,-0.2627343434233947,0.07869383913174971,0.9614171168760584,False
GUT_GENOME140786_2,GUT_GENOME140786_02269,132629,0.07313055999637383,0.05863893711894853,0.05949693839457375,0.0037973301163697192,0.21052943321357265,0.06752823323098067,0.9827843713996148,0.014491622877425302,0.06063605345726986,-0.008031294836406924,-0.2862837011882666,0.08563508854492562,0.9580861824320707,False
GUT_GENOME140786_2,GUT_GENOME140786_02269,132899,0.060654573682100824,0.05952390542156054,0.05961703268429444,0.0038900040816582993,0.46914336749989893,0.07039693900284155,0.9972073335249715,0.0011306682605402851,-0.19858769905528603,-0.010779906318547111,-0.3222064081415256,0.14325404366353625,0.9308780282525955,False
GUT_GENOME140786_2,GUT_GENOME140786_02270,133337,0.07105696099103398,0.07765024698935681,0.07708002025124908,0.005956387024982447,0.6582188104759787,0.0810280130297872,0.7462760209467041,-0.0065932859983228315,-0.3484446864211062,-0.00394799277853812,-0.2329173872586433,0.17566420878249586,0.915914641861079,False
GUT_GENOME140786_2,GUT_GENOME140786_02270,133341,0.07865197500882534,0.09236382545689686,0.09025360549169406,0.00818198448128591,0.7609903716384605,0.08593868379360387,0.2989688223183851,-0.013711850448071522,-0.48655614941749414,0.004314921698090196,-0.124926040626911,0.2523434021626955,0.8814634855557062,False
GUT_GENOME140786_2,GUT_GENOME140786_02270,133758,0.106772577316603,0.10298595232916992,0.10287787060885974,0.0101886951767016,0.4464268817591192,0.09497167826311842,0.2188813054591488,0.003786624987433082,-0.14705791776360833,0.007906192345741317,-0.0779902827347259,0.027708515378010674,0.9862412708710986,False
GUT_GENOME140786_2,GUT_GENOME140786_02270,134145,0.13669224830051085,0.10587522006495767,0.1101019971522721,0.01210852320347557,0.17992091119736692,0.09477222118872514,0.10275084080315366,0.030817028235553184,0.377374861392023,0.015329775963546968,0.019031511934414415,0.1427739844571583,0.9311014933543812,False
GUT_GENOME140786_2,GUT_GENOME140786_02270,134163,0.138988141992196,0.10731869339904294,0.11261551751220363,0.010470500745338429,0.15768068758450543,0.09338556956053813,0.03313570922062366,0.03166944859315306,0.393913170977768,0.019229947951665494,0.07000442546070142,0.16006820585384318,0.9230848659541253,False
GUT_GENOME140786_2,GUT_GENOME140786_02270,134185,0.13478972806959214,0.12921019799532968,0.13283027186819782,0.012777492008422469,0.4290017101062223,0.08929577861810876,0.00032825707403246206,0.0055795300742624565,-0.11227270983247656,0.043534493250089054,0.3876502855833757,0.16287790528600024,0.9217889809172665,False
GUT_GENOME140786_2,GUT_GENOME140786_02270,134208,0.125028978017571,0.11346431537835983,0.11695782073680018,0.009436266784243242,0.3248601217257976,0.08134443432143068,8.029412793578388e-05,0.011564662639211187,0.003848373372940686,0.0356133864153695,0.28412616025027243,0.08074248491618105,0.9604328195194952,False
GUT_GENOME140786_2,GUT_GENOME140786_02270,134466,0.10377409564946966,0.08816388632556689,0.08913602977475854,0.005348791284544646,0.2500547515635483,0.0620436577564952,2.0405109353502235e-07,0.015610209323902766,0.08233840815272919,0.02709237201826334,0.17276160213767788,0.03662618463030273,0.9818535734208551,False
GUT_GENOME140786_2,GUT_GENOME140786_02270,134879,0.10052283381409045,0.089957352306879,0.09147251018905495,0.006256846270683008,0.33220715020439756,0.06204142682471929,1.2766871745922194e-06,0.010565481507211455,-0.015537328465263763,0.029431083364335656,0.20332715964884773,0.04158334242670551,0.97942298531917,False
GUT_GENOME140786_2,GUT_GENOME140786_02271,135210,0.09111454398902104,0.10372251431902488,0.10329263653535371,0.0061841128626035505,0.7379871095115824,0.06207588315381678,1.323849730449015e-11,-0.01260797033000384,-0.465139120864169,0.041216753381536936,0.35735881273139836,0.3440597227950866,0.8419540308690807,False
GUT_GENOME140786_2,GUT_GENOME140786_02274,138457,0.08068415677425501,0.09978956996758061,0.09849124230187903,0.005362355728577765,0.8278227441091248,0.06223583740629869,6.847560128533243e-12,-0.019105413193325593,-0.5911998380106559,0.03625540489558034,0.2925169575212031,0.4350834189012871,0.8044940492151991,False
GUT_GENOME140786_2,GUT_GENOME140786_02274,139210,0.0935877565447686,0.09740447384791631,0.09704094691427484,0.005089950685870598,0.5684794233427892,0.0622590360613623,4.144891805496892e-12,-0.0038167173031477125,-0.294574841270776,0.03478191085291254,0.27325927230957286,0.16144496701286015,0.9224496509190954,False
GUT_GENOME140786_2,GUT_GENOME140786_02275,139718,0.10216361707380818,0.09321179950744787,0.09332981841136304,0.003916290681737376,0.3486536038104293,0.06270815767204044,2.66123774216876e-15,0.008951817566360307,-0.046844973318199916,0.030621660739322598,0.2188872933471668,0.050106098714031516,0.9752581738369595,False
GUT_GENOME140786_2,GUT_GENOME140786_02275,139726,0.10574132368410054,0.08908100125862033,0.08953069634228636,0.0034366799395517495,0.2461597751532713,0.0636986898265126,2.811841782057189e-14,0.016660322425480212,0.10271227114074438,0.02583200651577376,0.1562893793829812,0.034976180750807224,0.9826639387539983,False
GUT_GENOME140786_2,GUT_GENOME140786_02275,139728,0.09073826675864047,0.0891118840646203,0.08893883054728402,0.0035173444334723764,0.47421832361966765,0.06409882882383268,8.197499168265527e-13,0.0016263826940201703,-0.18897005126693883,0.02484000172345134,0.14332447048902594,0.056251584116789155,0.9722660557600681,False
GUT_GENOME140786_2,GUT_GENOME140786_02276,141018,0.10165971906491919,0.09108940750026269,0.09103718800204087,0.003497470590822782,0.35075454159521036,0.06782869970282072,1.613820699381582e-11,0.010570311564656501,-0.015443617675005277,0.023208488299220148,0.1220015665392359,0.01512288756491934,0.9924670720147792,False
GUT_GENOME140786_2,GUT_GENOME140786_02276,141576,0.1044052649705716,0.08629596498802958,0.08599689443699197,0.004068887119245467,0.2437240678800307,0.06866459741681025,1.0234414227196373e-05,0.01810929998254203,0.1308247384320681,0.017332297020181728,0.04520326358161651,0.019158447224248133,0.9904665109998566,False
GUT_GENOME140786_2,GUT_GENOME140786_02276,141769,0.10995846679436667,0.07098917159383078,0.07159260885214237,0.0036825955347146865,0.074715853050587,0.06884904669267473,0.22813352182779462,0.038969295200535894,0.5355417959220088,0.0027435621594676385,-0.14546276929552368,0.30796443243049326,0.8572872666881168,False
GUT_GENOME140786_2,GUT_GENOME140786_02277,143030,0.09675679257136294,0.06871265420242494,0.06927054966257552,0.0034052308893412894,0.14078583786839832,0.06854703203942315,0.4158692489244369,0.028044138368938,0.32357639136207167,0.0007235176231523699,-0.1718635423338735,0.1342387582304477,0.9350835652247221,False
GUT_GENOME140786_2,GUT_GENOME140786_02280,144261,0.0850882831006777,0.06854221187833374,0.06896573445844092,0.0030152791342403346,0.2627150455340287,0.06867921823918038,0.46214889155466915,0.016546071222343958,0.10049561623431834,0.00028651621926054083,-0.17757488912557998,0.04163221013027742,0.9793990545354728,False
GUT_GENOME140786_2,GUT_GENOME140786_02280,144264,0.08398395568466757,0.06755564203499079,0.06788077974517248,0.002836979839689432,0.2706843550461529,0.06803301366297308,0.5213971956894825,0.016428313649676785,0.09821093218674454,-0.00015223391780060103,-0.18330909081314528,0.04324760997573128,0.9786083133785799,False
GUT_GENOME140786_2,GUT_GENOME140786_02280,144265,0.08396895371260531,0.051554083212326844,0.052622351817418124,0.0030966706916811383,0.11106812516047437,0.06654233661956226,0.9999965238776318,0.03241487050027846,0.408375540584646,-0.013919984802144132,-0.36324535450023715,0.2987177697138048,0.8612599662681455,False
GUT_GENOME140786_2,GUT_GENOME140786_02281,144400,0.0912628618115025,0.04990899432986612,0.05149942629122085,0.003157123598426262,0.07161359054633751,0.064368654393072,0.9999771161885196,0.041353867481636386,0.5818062876869249,-0.012869228101851156,-0.3495125933337127,0.46065760929089805,0.7942723991086637,False
GUT_GENOME140786_2,GUT_GENOME140786_02282,145513,0.07154360469245148,0.05186887954911933,0.052464773646210945,0.003017480418165619,0.20574372411456476,0.0629357962506895,0.9997398881659234,0.01967472514333215,0.1611964742917767,-0.010471022604478554,-0.3181694828739068,0.12721612315634867,0.9383727117854833,False
GUT_GENOME140786_2,GUT_GENOME140786_02284,146793,0.07204336192919682,0.05270741952750821,0.05344014725376326,0.0034655828715656136,0.20271717027784708,0.062454605324257235,0.9953542417445255,0.019335942401688608,0.15462355071756242,-0.009014458070493975,-0.29913305620799735,0.1133890277528435,0.9448826738272137,False
GUT_GENOME140786_2,GUT_GENOME140786_02285,148805,0.07495818889323144,0.053929188707751596,0.05492840049083002,0.003875606981131932,0.18664280994971333,0.06249716863965297,0.9745857338773998,0.021029000185479846,0.1874715622945434,-0.0075687681488229505,-0.2802387542162765,0.1136793460338475,0.9447455254248186,False
GUT_GENOME140786_2,GUT_GENOME140786_02285,149427,0.06460634128441188,0.05390882697217611,0.05460720033842464,0.0038359374021221617,0.3047433247915531,0.062311624392865694,0.9777041290627698,0.01069751431223577,-0.012975682224065681,-0.007704424054441057,-0.28201169570897655,0.07969896484583232,0.9609340657349406,False
GUT_GENOME140786_2,GUT_GENOME140786_02288,151453,0.0647796353244696,0.050951697172071944,0.0516964120916921,0.003219566435833348,0.24844374378832657,0.06104427228687762,0.9981546388591709,0.013827938152397662,0.0477595150780804,-0.00934786019518552,-0.3034904224275268,0.09438740778573203,0.9539026050454189,False
GUT_GENOME140786_2,GUT_GENOME140786_02289,151662,0.0609307330307999,0.0492871342151698,0.049855855769797806,0.0030483585769951436,0.2636806002100709,0.06195064851377763,0.9999637062298853,0.011643598815630096,0.005379860639160685,-0.012094792743979822,-0.33939118672684204,0.11521532052835096,0.9440202514456251,False
GUT_GENOME140786_2,GUT_GENOME140786_02289,151815,0.06575736959415952,0.05183288451438308,0.052628031623686615,0.0034335943018637726,0.2377187246397202,0.06540954188240171,0.9999013649778392,0.013924485079776443,0.04963267889955288,-0.012781510258715094,-0.34836617362542593,0.12382239374116653,0.9399663550387871,False
GUT_GENOME140786_2,GUT_GENOME140786_02289,152202,0.06719041733405953,0.056747196890115856,0.057682812553876694,0.004309428102998053,0.28274636365454187,0.06844544528388224,0.9937457056477063,0.010443220443943677,-0.017909387387340804,-0.01076263273000555,-0.32198065267799736,0.103992286855539,0.9493325280052948,False
GUT_GENOME140786_2,GUT_GENOME140786_02289,152514,0.09002889176762519,0.07349517668783452,0.07476246742771082,0.005503330154812321,0.2427169618518939,0.08246774693832061,0.9192601339782771,0.016533715079790665,0.10025588743266542,-0.007705279510609786,-0.2820228760090882,0.08958814555734881,0.9561943680095439,False
GUT_GENOME140786_2,GUT_GENOME140786_02289,152524,0.10083646380272974,0.07634210721965,0.07842891246907029,0.006140196542347276,0.15087994427795537,0.08740087557776773,0.9280176613482317,0.024494356583079746,0.25470498347868553,-0.00897196310869744,-0.29857767249170064,0.1540232551194387,0.925879087829519,False
GUT_GENOME140786_2,GUT_GENOME140786_02289,152850,0.111131609886459,0.08368973001899535,0.087268702962248,0.008065624238394577,0.14606678430920866,0.09762259220219355,0.9003775564192313,0.027441879867463645,0.3118916193370643,-0.010353889239945555,-0.31663861990694725,0.1975363978292724,0.9059526845017764,False
GUT_GENOME140786_2,GUT_GENOME140786_02289,152899,0.13390922215315754,0.09048398109678486,0.09647222652067662,0.008700394622412217,0.07574460490404222,0.09843273308541133,0.5891408036511933,0.043425241056372674,0.6219942268196508,-0.001960506564734704,-0.2069421320084868,0.42970186419719314,0.8066616785788294,False
GUT_GENOME140786_2,GUT_GENOME140786_02289,153058,0.1964603601111719,0.09249141075460594,0.11428505039052414,0.01215214766732644,0.005976275135271464,0.10887638936801272,0.3281314721522396,0.10396894935656596,1.7966383826173056,0.0054086610225114184,-0.11063152228929346,3.240148811617774,0.19788397481862383,False
GUT_GENOME140786_2,GUT_GENOME140786_02289,153067,0.24140249069227088,0.11937903623010597,0.14188339752944581,0.01603000756443696,0.001339467304085145,0.11340007088827904,0.03779436857385311,0.12202345446216491,2.1469244735015507,0.028483326641166776,0.1909405465350631,4.645742987231019,0.09799179839942776,False
GUT_GENOME140786_2,GUT_GENOME140786_02289,153568,0.21637951862265936,0.12156084008254775,0.13811654928926898,0.014271918191707823,0.007034981953959556,0.1141700349529219,0.046685617892744016,0.09481867854011161,1.61910858736227,0.023946514336347077,0.1316471251159404,2.6388435832215373,0.2672898065021118,False
GUT_GENOME140786_2,GUT_GENOME140786_02289,153571,0.17439296134337232,0.11710159766382343,0.12373174317863872,0.011293532787897478,0.03299408941602429,0.1120250268009596,0.14996445337907605,0.05729136367954889,0.8910190414565102,0.011706716377679116,-0.02831970835372405,0.7947169381193183,0.6720930578790343,False
GUT_GENOME140786_2,GUT_GENOME140786_02289,153579,0.1591034940121673,0.11426329784418626,0.11943630234407814,0.012189280000835509,0.09081823774353143,0.11892399598128345,0.48323768812361834,0.044840196167981045,0.6494466046014307,0.0005123063627946872,-0.1746239470910965,0.4522744151260011,0.7976086562175266,False
GUT_GENOME140786_2,GUT_GENOME140786_02289,153600,0.14337387519880168,0.12329722351864295,0.1263359478731945,0.0121862861015022,0.2897432935849982,0.1244215225350873,0.437584318950983,0.020076651680158736,0.16899448783931875,0.0019144253381071924,-0.15629909128989164,0.05298854285811953,0.9738536226091183,False
GUT_GENOME140786_2,GUT_GENOME140786_02289,153601,0.1491039358932249,0.1372718357027834,0.13873439703888987,0.013421661953530813,0.3667314727681986,0.15134214646817984,0.826226589976875,0.011832100190441508,0.009037086872878866,-0.012607749429289966,-0.34609522358539563,0.11986357272777295,0.9418287769585594,False
GUT_GENOME140786_2,GUT_GENOME140786_02289,153735,0.1474999510985561,0.13227405621014632,0.13474156975277776,0.01332306331691567,0.3313849878396151,0.16735632637939338,0.9928172640422218,0.01522589488840978,0.07488209735983596,-0.032614756626615615,-0.6075748329195085,0.37475450610217664,0.829130885220885,False
GUT_GENOME140786_2,GUT_GENOME140786_02289,153745,0.14418345701078178,0.13719973392293755,0.13831774639376979,0.017827455967466245,0.40341207063237683,0.1806501231062745,0.9912150769810427,0.006983723087844229,-0.08502913385530998,-0.04233237671250473,-0.7345783111836272,0.546835248865574,0.7607750030471241,False
GUT_GENOME140786_2,GUT_GENOME140786_02289,153769,0.11247205079068737,0.0948704062103524,0.10472024064502035,0.01427035497810755,0.25751858592571475,0.14729397599934582,0.9985745299778135,0.01760164458033496,0.12097541687407991,-0.04257373535432547,-0.7377327241725491,0.5588846238029078,0.7562053506056854,False
GUT_GENOME140786_2,GUT_GENOME140786_02289,153801,0.10137942809518297,0.10550366348105515,0.09682957325779737,0.012610955486626808,0.5644775872769124,0.14283719188397498,0.9998679714626177,-0.004124235385872185,-0.3005411807768292,-0.04600761862617761,-0.7826115232636428,0.70280579768777,0.7037001767453597,False
GUT_GENOME140786_2,GUT_GENOME140786_02289,153877,0.13003477354914073,0.12925249244718406,0.13325566531424235,0.01972705464291503,0.4916236106143042,0.05944158280535799,9.136470323401982e-05,0.0007822811019566611,-0.2053469635812731,0.07381408250888435,0.7833863940426924,0.6558616178232612,0.720412864131031,False
GUT_GENOME140786_2,GUT_GENOME140786_02289,153880,0.04886760658711939,0.01950176093200806,0.03927181569562744,0.007904436892995257,0.0018371125205271046,0.0590148022520369,0.9937500697106224,0.029365845655111328,0.34921961314295025,-0.019742986556409464,-0.4393485022044415,0.314981444592998,0.8542847393722304,False
GUT_GENOME140786_2,GUT_GENOME140786_02289,153892,0.0568487849820075,0.07793348878431987,0.07938955513148621,0.009130769411602535,0.9728043462297116,0.05909109150478842,0.013105082045119197,-0.021084703802312366,-0.6296012212715499,0.020298463626697794,0.08396928579784213,0.4034485387840269,0.8173202570871443,False
GUT_GENOME140786_2,GUT_GENOME140786_02297,162613,0.07096837474855566,0.0901285142467987,0.08837584899589657,0.0072330988386051015,0.9101292597975297,0.05720104624679365,8.161978426822818e-06,-0.019160139498243037,-0.5922616152959345,0.031174802749102913,0.22611652834454196,0.4019025053435375,0.8179523035714441,False
GUT_GENOME140786_2,GUT_GENOME140786_02297,162625,0.07217956121526568,0.06421186767304714,0.06453072728331004,0.004122445378361746,0.3114624861259689,0.0567186373946788,0.029045302674551195,0.007967693542218546,-0.06593854333552407,0.007812089888631239,-0.07922014552628887,0.010623722954417172,0.9947022215123041,False
GUT_GENOME140786_2,GUT_GENOME140786_02297,163171,0.0701193000361584,0.06166281311806554,0.06204720850406266,0.003782040938027229,0.3205438461783665,0.05667184840826126,0.07761688280329263,0.008456486918092865,-0.05645517506352243,0.005375360095801397,-0.11106674546988811,0.015523008740725874,0.9922685383289225,False
GUT_GENOME140786_2,GUT_GENOME140786_02297,163192,0.06141142625623694,0.05913824835213892,0.058917250604539444,0.0038787239389218428,0.4445249038140323,0.057117588029765645,0.32132990679480666,0.00227317790409802,-0.17642119631823333,0.0017996625747737985,-0.15779897191804126,0.0560249540487474,0.9723762343635821,False
GUT_GENOME140786_2,GUT_GENOME140786_02297,163284,0.05908216359193436,0.0646352931821839,0.06441656111147463,0.002982378441029222,0.6396377472621289,0.0621453349766141,0.22316473022765537,-0.005553129590249541,-0.32826399911003723,0.0022712261348605337,-0.15163591843125263,0.13075070487020402,0.9367157988263715,False
GUT_GENOME140786_2,GUT_GENOME140786_02298,164727,0.05139989710072381,0.06304671233384354,0.06268042393373037,0.0024680068564187966,0.8287623392672172,0.0629025593404857,0.5358587736071403,-0.01164681523311973,-0.4464911845373741,-0.00022213540675533605,-0.18422266143585192,0.23329236685609595,0.8898999988353634,False
GUT_GENOME140786_2,GUT_GENOME140786_02299,166078,0.05394121273200194,0.0628056600339186,0.06260849411893558,0.002289185676914661,0.749804518876775,0.06400783525536688,0.7294940009299523,-0.008864447301916663,-0.3925088249920791,-0.0013993411364312952,-0.1996080357332478,0.1939065456259481,0.9075984146633157,False
GUT_GENOME140786_2,GUT_GENOME140786_02299,166897,0.05238568084006457,0.0616744488514583,0.0614657427511967,0.0023120555261098874,0.7621231574933276,0.06213726645679125,0.6142618804834106,-0.009288768011393729,-0.40074132107738347,-0.0006715237055945483,-0.19009589753062903,0.19673005667682195,0.9063180116072409,False
GUT_GENOME140786_2,GUT_GENOME140786_02299,167145,0.05097403873647059,0.0524716786941865,0.05563973963772301,0.0045258000909447005,0.5450523356915936,0.05891114956646984,0.7651095878274294,-0.0014976399577159086,-0.2495810553409916,-0.0032714099287468323,-0.22407485436500618,0.11250024354382183,0.9453026655407405,False
GUT_GENOME140786_2,GUT_GENOME140786_02300,167318,0.07223464129227668,0.0745747125335714,0.07458874887724465,0.0024361610706469423,0.5318563532831778,0.05487641935385579,2.9454066615186647e-16,-0.0023400712412947194,-0.265925561016304,0.01971232952338886,0.07630886388470827,0.07653944670921095,0.9624533097431264,False
GUT_GENOME140786_2,GUT_GENOME140786_02300,168475,0.04957264820551877,0.055015784973059936,0.05447649313824787,0.004062379427578404,0.6456843601813871,0.0539662855961525,0.45002694275232685,-0.005443136767541164,-0.32612996355123963,0.0005102075420953742,-0.17465137742143555,0.1368638567611376,0.933857027100096,False
GUT_GENOME140786_2,GUT_GENOME140786_02300,169133,0.048877759714765476,0.051334760292209,0.051263192509522666,0.0021520222323842637,0.5670135122615318,0.05430231957413367,0.9210572821037215,-0.0024570005774435244,-0.2681941759592056,-0.0030391270646110066,-0.22103905635832766,0.12078638045421727,0.9413943137615836,False
GUT_GENOME140786_2,GUT_GENOME140786_02308,179653,0.05282309130646274,0.05690648358200756,0.056831911479640396,0.0019157256571833417,0.5929706434243418,0.054842441742086134,0.14952004696791332,-0.004083392275544821,-0.29974875952947583,0.0019894697375542614,-0.15531830590522122,0.1139730949887274,0.9446067766090375,False
GUT_GENOME140786_2,GUT_GENOME140786_02308,179801,0.057810731266488134,0.06361871057631574,0.0632446740624692,0.00289034239595593,0.6081576660441688,0.058162395004640995,0.03934264893340054,-0.005807979309827606,-0.33320848867160724,0.005082279057828203,-0.11489713921926963,0.12422924952358884,0.9397751591133235,False
GUT_GENOME140786_2,GUT_GENOME140786_02308,179802,0.0748035624077073,0.06292442465242541,0.06273974453829127,0.002897602104597644,0.3357840401292054,0.05850022185780919,0.07171807140894736,0.01187913775528189,0.009949690381880184,0.004239522680482083,-0.12591146065869768,0.015952692263902054,0.9920553805066004,False
GUT_GENOME140786_2,GUT_GENOME140786_02308,179860,0.074884438732885,0.0626836684646774,0.062309875965719234,0.002874606617828361,0.33353290696474436,0.05847824383162606,0.09127837382976128,0.012200770268207595,0.016189872264189595,0.0038316321340931755,-0.13124234596647658,0.017486665338715103,0.9912947791081931,False
GUT_GENOME140786_2,GUT_GENOME140786_02314,184077,0.08762152676486885,0.06025362400722462,0.06008863794685399,0.003055890434540333,0.17537403941203183,0.0574569319767351,0.1945663712073687,0.02736790275764423,0.3104563458437177,0.002631705970118893,-0.14692466274135713,0.11796999919629557,0.9427209102435267,False
GUT_GENOME140786_2,GUT_GENOME140786_02323,192230,0.06954684206680067,0.057086574300458985,0.05678794708280219,0.002503738260359365,0.24640021469386109,0.05445115805371578,0.17532738220794286,0.012460267766341689,0.021224536115897422,0.0023367890290864057,-0.15077905064488595,0.023184803046708117,0.9884745314754597,False
GUT_GENOME140786_2,GUT_GENOME140786_02323,193327,0.07325424847323143,0.048455319880866474,0.04816779478847114,0.00231824309205315,0.08757713133065503,0.053761168372926375,0.9920839674475556,0.02479892859236496,0.2606141644781798,-0.005593373584455233,-0.2544215295870653,0.1326500574440817,0.9358266443159283,False
GUT_GENOME140786_2,GUT_GENOME140786_02323,193332,0.07968276792275608,0.053656569455825094,0.0539261865892819,0.002667366095810622,0.12058415850359899,0.05394597138865382,0.502959069104433,0.026026198466930987,0.2844251503959503,-1.978479937191774e-05,-0.1815780601096621,0.113868258090947,0.9446562927288462,False
GUT_GENOME140786_2,GUT_GENOME140786_02326,195894,0.07045431663745268,0.054771817495531526,0.054796526251932015,0.0016654007025710055,0.21525401036469793,0.05403686346974687,0.32414316314239905,0.01568249914192115,0.08374094550372758,0.0007596627821851443,-0.17139114673917044,0.03638747113442613,0.9819707712643678,False
GUT_GENOME140786_2,GUT_GENOME140786_02326,195903,0.09504209981212339,0.06078609203956801,0.06096696293089194,0.0011763438877855862,0.07356803121643296,0.05954220023232163,0.11291345596489916,0.03425600777255538,0.44409652956302365,0.0014247626985703088,-0.16269868891230513,0.22369259094370458,0.8941816867125751,False
GUT_GENOME140786_2,GUT_GENOME140786_02326,195966,0.10540045758639457,0.06432068058178812,0.06455841694910602,0.0013644446702601558,0.06935878134850534,0.06287090056266846,0.10808458767285706,0.04107977700460645,0.576488496853786,0.0016875163864375625,-0.15926465547706894,0.3577042174889671,0.8362295612922731,False
GUT_GENOME140786_2,GUT_GENOME140786_02326,196154,0.1160102214848089,0.06384527917838555,0.06428857812549618,0.0017748617955034034,0.04111408680124219,0.0641521267209239,0.4693594974053332,0.05216494230642335,0.7915583200180304,0.0001364514045722881,-0.17953614643570506,0.6587978018667495,0.7193560077238876,False
GUT_GENOME140786_2,GUT_GENOME140786_02327,196927,0.11482280120622905,0.062273641622158045,0.06267655002441058,0.0020556553181034064,0.027305401111712157,0.06333191549570372,0.6250650713984115,0.052549159584071005,0.799012745794323,-0.0006553654712931345,-0.18988471907944982,0.6744775744816651,0.7137383879323216,False
GUT_GENOME140786_2,GUT_GENOME140786_02327,197125,0.09649801371371423,0.06165830213238358,0.06228407567670668,0.0021593578606165357,0.06220549743096296,0.06119933720281685,0.30771310603213825,0.03483971158133065,0.4554213110629457,0.001084738473889825,-0.167142602015184,0.23534521997869853,0.8889870504570423,False
GUT_GENOME140786_2,GUT_GENOME140786_02328,199612,0.08120067876300072,0.06391905438518358,0.06467954639740642,0.002664128779839135,0.1861660716572463,0.06065574730455406,0.06547552912008507,0.017281624377817134,0.11476651637593274,0.004023799092852359,-0.12873083883261635,0.029742982147616285,0.9852385434152856,False
GUT_GENOME140786_2,GUT_GENOME140786_02330,201442,0.06891903201125245,0.061402361387056875,0.061623456405904914,0.0023639611249529303,0.33728882364414725,0.060471849648923603,0.3130755538598845,0.007516670624195573,-0.07468910470120106,0.0011516067569813104,-0.1662686735776543,0.033223734174339534,0.9835253491204404,False
GUT_GENOME140786_2,GUT_GENOME140786_02330,201532,0.06106623765513934,0.06273340568344589,0.0620521761939657,0.002304768632246143,0.5467885440403945,0.06203373437814476,0.4968078611241326,-0.0016671680283065482,-0.25287016932085515,1.8441815820939567e-05,-0.18107846112875456,0.09673273161711583,0.9527846554057969,False
GUT_GENOME140786_2,GUT_GENOME140786_02330,201639,0.06319331873492627,0.06502048318802489,0.06490456605599325,0.002282356120595568,0.5512849037047742,0.06318939629238432,0.22617864973250046,-0.0018271644530986203,-0.2559743542247377,0.0017151697636089286,-0.15890324238873338,0.09077311046242403,0.9556280074212059,False
GUT_GENOME140786_2,GUT_GENOME140786_02330,202094,0.09624191688364175,0.09243410220612577,0.09287777853055021,0.0030957532330471668,0.4180563210786301,0.0719881763157144,7.503870745713573e-12,0.0038078146775159805,-0.14664680410179518,0.02088960221483581,0.09169511333237258,0.029913278962306944,0.9851546554939706,False
GUT_GENOME140786_2,GUT_GENOME140786_02330,202121,0.13473144156543765,0.1687631345637764,0.1693716756807326,0.00602173082609438,0.8450538898643598,0.10154668416712788,9.949838625671638e-30,-0.03403169299833875,-0.8807933867544036,0.06782499151360473,0.7051125593673342,1.2729807115278446,0.5291462841516154,False
GUT_GENOME140786_2,GUT_GENOME140786_02330,202133,0.1642360869455216,0.21893603106209816,0.21764290657760882,0.00914978042463197,0.939034992788337,0.10743909093574261,1.0376309512379948e-33,-0.054699944116576554,-1.2817903039934302,0.11020381564186621,1.2589784258512589,3.2280130601704835,0.19908836052154283,False
GUT_GENOME140786_2,GUT_GENOME140786_02330,202136,0.24145771521887524,0.18208817835525318,0.20973364301026132,0.02753343239233857,0.04962415912315987,0.12233923710965752,0.0007514588843075994,0.05936953686362206,0.9313389038161662,0.0873944059006038,0.960873092581611,1.7906692538088473,0.40847089041939133,False
GUT_GENOME140786_2,GUT_GENOME140786_02330,202137,0.3833560053563905,0.2863765596321508,0.35507134967646503,0.03604016351523871,0.0038229521153254776,0.22850974676484154,0.00022264000900513572,0.09697944572423967,1.6610309045796192,0.1265616029116235,1.4727649148888795,4.928060160496237,0.08509133412572426,False
GUT_GENOME140786_2,GUT_GENOME140786_02330,202155,0.49231014155992947,0.3517925252041865,0.44770126255743264,0.03432625629965393,3.522767579938788e-10,0.2733805154238043,1.9036332130716937e-07,0.14051761635574295,2.5057406047658097,0.17432074713362833,2.096948344730933,10.675928338841924,0.004805644235786965,True
GUT_GENOME140786_2,GUT_GENOME140786_02330,202157,0.537909051306111,0.484373193715411,0.5213558441826035,0.04003790738025767,0.08783600119001672,0.30615222039551243,3.829202249927787e-08,0.05353585759070001,0.818156255162418,0.21520362378709107,2.6312630730842623,7.592925017638227,0.02245004840168554,False
GUT_GENOME140786_2,GUT_GENOME140786_02330,202169,0.6838234918351073,0.5264489729982966,0.6555612538062111,0.0493907409812522,0.002339706303153181,0.3489076240121181,2.6707752104079984e-10,0.15737451883681064,2.8327913015295216,0.306653629794093,3.8264599162937514,22.666502049024103,1.1968276610246702e-05,True
GUT_GENOME140786_2,GUT_GENOME140786_02330,202173,0.7228082561989787,0.576981796451337,0.6872394597452578,0.05004564601382866,0.005911648112828349,0.3408366727089611,2.2306987858293196e-12,0.14582645974764175,2.608740603269684,0.3464027870362967,4.345957610503656,25.69287508744252,2.635500255458735e-06,True
GUT_GENOME140786_2,GUT_GENOME140786_02330,202190,0.7306570414967121,0.6381951628306455,0.7081251046130608,0.05686811535535891,0.07116519926967206,0.3462071933862027,9.817926467584781e-11,0.09246187866606659,1.5733829244295485,0.36191791122685807,4.5487309974528305,23.166487514074703,9.320970935749608e-06,False
GUT_GENOME140786_2,GUT_GENOME140786_02330,202199,0.6126435012048904,0.5456764464925513,0.5604926288692353,0.04232828789149781,0.1495833197987005,0.29065672491562977,9.157927262600553e-11,0.0669670547123391,1.078742823895098,0.26983590395360557,3.3452742759632987,12.354546061526943,0.0020760815529333966,False
GUT_GENOME140786_2,GUT_GENOME140786_02330,202202,0.4563599999225524,0.44043759055160087,0.44420698680478415,0.03703062335683422,0.3744343236956668,0.23151239177155652,4.630159239795106e-09,0.015922409370951518,0.08839558520715153,0.21269459503322763,2.5984715689928377,6.759868274348215,0.03404969727003164,False
GUT_GENOME140786_2,GUT_GENOME140786_02330,202203,0.5574291577694753,0.5421865154691361,0.4912413511506067,0.027490655129131313,0.40150926823612293,0.07358745974153494,1.980197851813228e-52,0.015242642300339226,0.07520702376589816,0.4176538914090717,5.277166898942744,27.854146575720698,8.944352818111387e-07,False
GUT_GENOME140786_2,GUT_GENOME140786_02330,202209,0.13111564535533338,0.04414628557270046,0.07979734715586997,0.009505467816314048,0.0029878968219901095,0.07263322500779708,0.22551939651583403,0.08696935978263293,1.466819329496712,0.007164122148072896,-0.08768869606916822,2.159248252803495,0.33972319462931094,False
GUT_GENOME140786_2,GUT_GENOME140786_02330,202226,0.09454470658803837,0.07117506894071576,0.07344939464748712,0.007691863054433974,0.13794660509303697,0.07141346118779529,0.39562543150641793,0.02336963764732261,0.232883648745579,0.00203593345969183,-0.15471105286667758,0.07817030373217013,0.9616688177654257,False
GUT_GENOME140786_2,GUT_GENOME140786_02332,204651,0.23503506854185036,0.07884857464449263,0.09659861572482491,0.0109712757125383,9.775046053993557e-06,0.07473873182281054,0.02316002565478421,0.15618649389735773,2.809741729720162,0.021859883902014363,0.10437611424396347,7.905542960955517,0.019201411625726694,True
GUT_GENOME140786_2,GUT_GENOME140786_02332,204707,0.1972714529919684,0.07287583554655164,0.08785778075823289,0.01084028053612749,0.0012967539121830534,0.06955190176819373,0.045639376523092495,0.12439561744541677,2.1929482051676112,0.01830587899003916,0.05792739721251189,4.812377413895664,0.09015826013640674,False
GUT_GENOME140786_2,GUT_GENOME140786_02332,204729,0.14509367265370002,0.07047308407740668,0.07953908423099615,0.008729189938419563,0.020184341338540128,0.06891047139512649,0.11168907067789918,0.07462058857629333,1.2272335436890915,0.01062861283586966,-0.04240987637104459,1.5079007683694927,0.4705042042994898,False
GUT_GENOME140786_2,GUT_GENOME140786_02332,204731,0.10725719568914709,0.07115293569464949,0.07621168396833293,0.007870865503909119,0.10657044499248397,0.06777326799862254,0.1418358173286241,0.036104259994497595,0.4799555598718348,0.008438415969710386,-0.07103443851968406,0.2354032309076932,0.888961265348668,False
GUT_GENOME140786_2,GUT_GENOME140786_02335,207484,0.08598109120890329,0.0695454308274601,0.07254453314771943,0.007082373840730341,0.22865547698240263,0.06740197170722569,0.23388657961069714,0.016435660381443187,0.09835347045828266,0.0051425614404937425,-0.1141092845584675,0.022694333973633588,0.9887169692949132,False
GUT_GENOME140786_2,GUT_GENOME140786_02335,208114,0.07346986803180022,0.07174389284444103,0.07207585218355524,0.006025279147503429,0.46104764029134193,0.0663573922859486,0.17129047071496956,0.0017259751873591883,-0.18703779862588907,0.005718459897606637,-0.10658263641480477,0.0463429964999491,0.9770948993381736,False
GUT_GENOME140786_2,GUT_GENOME140786_02335,208201,0.07965324880820779,0.0822720319451099,0.07922145664441516,0.011118952753407997,0.5491830613238146,0.06705720520650985,0.13697517913641283,-0.002618783136902114,-0.27133301471410576,0.01216425143790531,-0.022339998963676104,0.07412068042754218,0.9636179886793492,False
GUT_GENOME140786_2,GUT_GENOME140786_02335,208386,0.07834701495321171,0.08245220037685136,0.08158604505000067,0.010163360927795944,0.5629344954664839,0.0675267671219084,0.08328191415783459,-0.0041051854236396484,-0.300171581235723,0.014059277928092265,0.002426863038458584,0.09010886784576169,0.9559454445562089,False
GUT_GENOME140786_2,GUT_GENOME140786_02336,209039,0.07964779510101372,0.08245220037685136,0.08149147269331004,0.010020395684885018,0.547940262460747,0.07235255104267112,0.1808759327425778,-0.0028044052758376403,-0.27493437919621133,0.009138921650638926,-0.061879248541544536,0.07941795426407236,0.961069091541061,False
GUT_GENOME140786_2,GUT_GENOME140786_02336,209306,0.06621625913769574,0.08101122556828849,0.07738714266080686,0.008659349956289688,0.8525144398398312,0.06940320113677267,0.1782636594328902,-0.014794966430592749,-0.5075703207432953,0.007983941524034185,-0.07697414750942419,0.2635526498842543,0.8765370326257015,False
GUT_GENOME140786_2,GUT_GENOME140786_02336,209518,0.06524701092465228,0.0808836773913261,0.07667946591039886,0.009316878534287176,0.8448924964273041,0.0740410223740585,0.38851573236618986,-0.015636666466673818,-0.5239006390550686,0.0026384435363403513,-0.14683660678345828,0.2960328686939892,0.862416941566309,False
GUT_GENOME140786_2,GUT_GENOME140786_02337,209944,0.07116518296165644,0.0769691811654626,0.07450641356900117,0.010118986082796417,0.6322053563356127,0.07219861207938644,0.4097972810669001,-0.005803998203806157,-0.33313124888810214,0.002307801489614736,-0.15115790043595428,0.13382513984995253,0.9352769690978199,False
GUT_GENOME140786_2,GUT_GENOME140786_02338,210647,0.06895164468092321,0.07603636312690837,0.07459917967772378,0.009652931092282758,0.6781398178025613,0.06955342791863202,0.30058558230204646,-0.007084718445985155,-0.3579792568797519,0.005045751759091763,-0.11537452915117866,0.14146043033303557,0.9317132203197976,False
GUT_GENOME140786_2,GUT_GENOME140786_02338,210703,0.07198820549977386,0.07639747079657998,0.07546318579238886,0.009095413236025382,0.6104484407968389,0.06934317657580935,0.2505157512639211,-0.004409265296806117,-0.3060712140124214,0.006120009216579514,-0.1013346271539573,0.103948294707469,0.9493534098235228,False
GUT_GENOME140786_2,GUT_GENOME140786_02338,210776,0.0627747083059987,0.06235335096881575,0.06254156362539622,0.008786002698419051,0.48853072014372595,0.06798838375702904,0.7323523150159805,0.00042135733718294544,-0.21234945819025594,-0.005446820131632821,-0.2525061636748817,0.10885165508750141,0.9470287497013289,False
GUT_GENOME140786_2,GUT_GENOME140786_02339,211924,0.0589531234822423,0.056420406627501606,0.05718527072914593,0.00827217882359277,0.4322393558882983,0.06776743340556768,0.8995950132606847,0.0025327168547406922,-0.17138572822198364,-0.010582162676421751,-0.31962201709386534,0.1315313016493308,0.9363502714956153,False
GUT_GENOME140786_2,GUT_GENOME140786_02339,212326,0.059314212458588055,0.05540880958484955,0.0566211822806984,0.007816049939493336,0.3996383278020952,0.06779925450407999,0.923662066691994,0.0039054028737385074,-0.14475343800999171,-0.011178072223381588,-0.32741019820464906,0.1281509957041201,0.9379341848412555,False
GUT_GENOME140786_2,GUT_GENOME140786_02340,213064,0.06260307538295133,0.05736831824031316,0.058780947762231334,0.008239007297496263,0.3749751967637651,0.06477178295603789,0.7664270549928884,0.005234757142638172,-0.11896185261179981,-0.005990835193806554,-0.25961611492976383,0.08155244950805592,0.9600439399811318,False
GUT_GENOME140786_2,GUT_GENOME140786_02340,213369,0.06984017955987304,0.07406384859766106,0.07449084621616188,0.007097414365395051,0.5855597255213082,0.06623086073756718,0.12225211801492902,-0.004223669037788022,-0.3024703516418418,0.008259985478594703,-0.07336641824309113,0.09687094494815959,0.9527188139103707,False
GUT_GENOME140786_2,GUT_GENOME140786_02340,213711,0.06236783443383333,0.052525821272191145,0.053856008174029225,0.0046456068854574695,0.23343060003841953,0.05426171875008024,0.5347962278283552,0.009842013161642182,-0.029573764089819505,-0.000405710576051016,-0.1866218790238425,0.03570233325283,0.9823072215767977,False
GUT_GENOME140786_2,GUT_GENOME140786_02340,214018,0.05567322398949507,0.056414689038431345,0.05633486186890897,0.004663883833387858,0.5220244380102208,0.05553987838735764,0.4323260625748128,-0.0007414650489362754,-0.23491006041358004,0.0007949834815513326,-0.17092952633884823,0.08439963945793483,0.9586781986143804,False
GUT_GENOME140786_2,GUT_GENOME140786_02340,214433,0.05078171549132746,0.04177740743593124,0.04208368920776713,0.0016064724225055684,0.22710258504332753,0.04849701522729753,0.9999672655858574,0.009004308055396225,-0.04582657441413402,-0.006413326019530402,-0.2651378171497883,0.07239813700548874,0.9644482830964567,False
GUT_GENOME140786_2,GUT_GENOME140786_02385,280763,0.05689689439728238,0.043178154407826706,0.043419682289601066,0.0015543864934932424,0.15704988935755204,0.05121378521074884,0.9999997338145781,0.01371873998945567,0.045640897181607076,-0.007794102921147773,-0.2831837448216061,0.08227612482673054,0.959696622769041,False
GUT_GENOME140786_2,GUT_GENOME140786_02385,280764,0.06828828217199677,0.04004412136591012,0.041447102302593755,0.0024234389677495727,0.07053847048889388,0.050818078228225975,0.9999448656682407,0.028244160806086653,0.3274571445141596,-0.00937097592563222,-0.30379253118907523,0.19951808349963243,0.9050554723468479,False
GUT_GENOME140786_2,GUT_GENOME140786_02385,281963,0.06414234834444901,0.04466342147235597,0.04511395772624796,0.0028115734602886127,0.1621763651216025,0.05051587297487705,0.9726539288572924,0.019478926872093044,0.15739767667128862,-0.00540191524862909,-0.25191928373080996,0.08823735413696385,0.9568403957214228,False
GUT_GENOME140786_2,GUT_GENOME140786_02385,281965,0.07139196966371762,0.044558111682340744,0.04601623193008042,0.0035843162014401937,0.10170527865943169,0.05069199835047059,0.9039696529884026,0.026833857981376878,0.30009502849152786,-0.004675766420390172,-0.24242895316544102,0.14882882345822251,0.9282869211315343,False
GUT_GENOME140786_2,GUT_GENOME140786_02390,286103,0.1359123943189613,0.07806986269064971,0.07469246646406276,0.00515719875399356,0.05972109916798928,0.05690570212326797,0.00028141703251872394,0.057842531628311586,0.9017125755668913,0.017786764340794792,0.051142879451045974,0.8157011630540209,0.665078246374535,False
GUT_GENOME140786_2,GUT_GENOME140786_02404,302728,0.08267836658658523,0.053268049276805535,0.056079350145903685,0.0034073201604590208,0.06486947375972248,0.05124224567240894,0.07785897203157896,0.029410317309779693,0.35008243391692456,0.004837104473494745,-0.118101424292888,0.13650565695720662,0.9340242957805543,False
GUT_GENOME140786_2,GUT_GENOME140786_02404,302907,0.07333683545798192,0.07122793561431595,0.07511432958497745,0.005373806418123857,0.4413822833519648,0.052228371450412536,1.0276436529117098e-05,0.002108899843665968,-0.17960845175781578,0.022885958134564913,0.11778629033021894,0.04613280613259427,0.9771975927022842,False
GUT_GENOME140786_2,GUT_GENOME140786_02404,302934,0.07030607895921742,0.06316791404248602,0.06292769169147683,0.003943358737097353,0.40659461982332257,0.053371221585911385,0.007687270831163534,0.0071381649167314015,-0.08203271693922823,0.009556470105565443,-0.05642214014969859,0.009912824547503772,0.9950558504694597,False
GUT_GENOME140786_2,GUT_GENOME140786_02404,302956,0.053205768022408576,0.04394852716398797,0.04397207779865214,0.0028849080776753517,0.3565834478455577,0.05487933799139634,0.9999218373603804,0.009257240858420605,-0.040919276080028516,-0.010907260192744198,-0.3238708470525433,0.1065667127254455,0.9481113210409948,False
GUT_GENOME140786_2,GUT_GENOME140786_02404,302962,0.0916618464681773,0.06262981113758422,0.06335684707663658,0.002709980048222086,0.181702310101871,0.09108363979390248,1.0,0.02903203533059308,0.3427431623630262,-0.0277267927172659,-0.5436920702029113,0.41307394254813523,0.8133961886076342,False
GUT_GENOME140786_2,GUT_GENOME140786_02404,303204,0.10129602142501196,0.0659475880883552,0.06695162377534054,0.0029401599655693696,0.13604055228651019,0.096894817245008,1.0,0.03534843333665676,0.46529132156606884,-0.02994319346966745,-0.5726591014610027,0.5444344604108219,0.7616887813064622,False
GUT_GENOME140786_2,GUT_GENOME140786_02404,303324,0.1331087834530468,0.14361457720790186,0.13641166293750875,0.03044177552417701,0.6132882939107996,0.11148445969132377,0.20643641831827697,-0.010505793754855053,-0.42435355457196733,0.024927203246184984,0.14446414219868478,0.2009458276590655,0.9044096090738521,False
GUT_GENOME140786_2,GUT_GENOME140786_02404,303521,0.11687521783570008,0.10699658452742157,0.11117398918328944,0.02139550230788758,0.35868107075161465,0.11205707452293069,0.5164614072438283,0.009878633308278512,-0.02886327504911633,-0.0008830853396412514,-0.1928608814622594,0.038028408244960614,0.981165425549949,False
GUT_GENOME140786_2,GUT_GENOME140786_02404,303760,0.10992606455143566,0.10686642110991608,0.10582245516413569,0.020900629666032768,0.4542726075397697,0.11122793569330942,0.6020387225743972,0.0030596434415195856,-0.1611625150579453,-0.005405480529173737,-0.2519658798136117,0.08946016085004985,0.9562555590955591,False
GUT_GENOME140786_2,GUT_GENOME140786_02404,303838,0.12303924227225611,0.14164620439260703,0.13194220200642917,0.021550134270749366,0.7154132566897039,0.11740862678208873,0.2500260929897732,-0.018606962120350914,-0.5815290950671004,0.014533575224340442,0.008625644820662226,0.33825049015813285,0.8444031394250036,False
GUT_GENOME140786_2,GUT_GENOME140786_02404,303859,0.13436457857782433,0.15406883448997163,0.14646783080284692,0.021011365418634236,0.7336332066537564,0.11896798985974433,0.09529971598806386,-0.019704255912147306,-0.6028183384239129,0.027499840943102594,0.1780869771041547,0.3951049205542629,0.8207370834034903,False
GUT_GENOME140786_2,GUT_GENOME140786_02404,303889,0.12536598104809923,0.18719019016508104,0.16592530590860696,0.021962817013694385,0.991299533435579,0.12139217483939915,0.02129746753472015,-0.061824209116981804,-1.4200123667317492,0.04453313106920781,0.4007018841675131,2.176997121646499,0.33672168148170817,False
GUT_GENOME140786_2,GUT_GENOME140786_02404,303937,0.1417592860249855,0.2079149635536665,0.18961368359837733,0.02189399901095743,0.9910056393555151,0.12179418890785844,0.0009753761024917408,-0.06615567752868101,-1.504049737396215,0.06781949469051889,0.7050407191795995,2.75924802826291,0.2516731608250129,False
GUT_GENOME140786_2,GUT_GENOME140786_02404,304079,0.1452836402038585,0.20663479991457054,0.18868113201148795,0.021591890094251998,0.9846078010528875,0.12413837244053619,0.0013984851597959955,-0.06135115971071203,-1.4108344564900577,0.06454275957095176,0.6622157523814516,2.4289835663217287,0.2968608456439192,False
GUT_GENOME140786_2,GUT_GENOME140786_02404,304080,0.12350315232395305,0.23929674795589553,0.19057346157484642,0.024080212385773958,0.9999986299493281,0.12500345439131652,0.003234770066069525,-0.11579359563194248,-2.467104232123499,0.0655700071835299,0.6756412638423679,6.543094409568192,0.03794766881662808,False
GUT_GENOME140786_2,GUT_GENOME140786_02404,304435,0.24063003734727562,0.4949160773512137,0.39380443689283257,0.04003962038135769,0.9999999992906253,0.12613518020644127,1.1537582083794822e-11,-0.25428604000393806,-5.15407774218808,0.2676692566863913,3.3169574929777985,37.56672438274014,6.958080496500201e-09,False
GUT_GENOME140786_2,GUT_GENOME140786_02404,304448,0.13460349375611316,0.43166394692793597,0.29626645588246636,0.03346939860533141,1.0,0.13162604080022455,4.346424894288994e-07,-0.29706045317182284,-5.983969333832949,0.1646404150822418,1.9704321987598663,39.69049203816279,2.4061304094860295e-09,False
GUT_GENOME140786_2,GUT_GENOME140786_02404,304458,0.1657861240997215,0.46407094473731964,0.3771373733751437,0.030293230886943873,1.0,0.13348515736423958,4.378827123418634e-16,-0.29828482063759815,-6.007724008407734,0.24365221601090412,3.003069146197609,45.111172058042726,1.6004180892924403e-10,False
GUT_GENOME140786_2,GUT_GENOME140786_02404,304467,0.24724344404524734,0.4670386768174345,0.40179389242314684,0.02894884292138748,0.9999979117394134,0.1360701578169277,2.1739577324976804e-20,-0.21979523277218715,-4.484901269834628,0.2657237346062191,3.291530683837533,30.94851364280824,1.9037751379034245e-07,False
GUT_GENOME140786_2,GUT_GENOME140786_02404,304476,0.43758957564050527,0.7135410867901664,0.6306996125368245,0.03658743451683676,0.9999940303430513,0.22065980411470185,1.8811610442105337e-29,-0.2759515111496611,-5.574422312721183,0.4100398084221226,5.177655391537923,57.8822994740855,2.697853540601749e-13,False
GUT_GENOME140786_2,GUT_GENOME140786_02404,304482,0.5548786917678624,0.741981918470799,0.6875946075772887,0.036164208837701675,0.9933046993920446,0.2326349378849502,1.3535370313122687e-36,-0.18710322670293655,-3.8506243986502433,0.45495966969233853,5.764731092587735,48.05943282932833,3.6646015369570104e-11,False
GUT_GENOME140786_2,GUT_GENOME140786_02404,304498,0.6670056601179786,0.9440916375889055,0.8032232000316801,0.044368682853870176,0.999597476718637,0.2536719962992177,1.5556032953724348e-35,-0.2770859774709269,-5.596432762223496,0.5495512037324624,7.0009858269006315,80.33386221055203,3.5952034016643695e-18,False
GUT_GENOME140786_2,GUT_GENOME140786_02404,304511,0.7861972512922892,0.9300200701612361,0.837124010500375,0.043807887782456804,0.9777021568337233,0.2549582238376192,1.3395580438372985e-40,-0.14382281886894688,-3.010915706366974,0.5821657866627559,7.427238905089563,64.22949114412334,1.1291280863173428e-14,False
GUT_GENOME140786_2,GUT_GENOME140786_02404,304528,0.9257575757575758,0.9326272761055372,0.9290205761316872,0.026277477052130523,0.5607258935954992,0.2562112584766281,6.878824109534995e-145,-0.006869700347961416,-0.35380756407590186,0.6728093176550591,8.61189560255405,74.28992566168709,7.381550785361419e-17,False
GUT_GENOME140786_2,GUT_GENOME140786_02404,304530,,,,,,0.2634278152117085,,,,,,,,False
GUT_GENOME140786_2,GUT_GENOME140786_02404,304548,1.0000000000000002,0.9116471734892788,0.9763004366154774,0.009719472918262036,0.0,0.2689128267434259,0.0,0.0883528265107214,1.4936607825975365,0.7073876098720515,9.063813185787016,84.38373200031646,4.745756103228863e-19,True
GUT_GENOME140786_2,GUT_GENOME140786_02404,304561,1.0000000000000002,0.9058564814814817,0.9732022958631146,0.011375583544388043,0.0,0.27891999766475123,0.0,0.09414351851851854,1.6060094099934137,0.6942822981983634,8.892534606095404,81.65643794559175,1.8557941192760643e-18,True
GUT_GENOME140786_2,GUT_GENOME140786_02404,304564,0.9708803005904458,0.9168209876543212,0.9527391975308646,0.01392285140794237,9.474263332057117e-05,0.29389446122861007,0.0,0.05405931293612465,0.8283121207277607,0.6588447363022545,8.42938688245253,71.7406641834073,2.6406613474965275e-16,True
GUT_GENOME140786_2,GUT_GENOME140786_02404,304574,0.9232089023167154,0.9645432692307694,0.9331295253889129,0.018974278453571237,0.9569398229694146,0.31758650112282527,3.6373200033457506e-231,-0.04133436691405401,-1.0224768659733916,0.6155430242660876,7.863459423385656,62.879453044683444,2.2176870415356763e-14,False
GUT_GENOME140786_2,GUT_GENOME140786_02404,304575,0.8374994825949799,0.9628125000000004,0.8630713385145335,0.025113263749831454,0.9999901953335513,0.3018561473102967,6.404597946595252e-111,-0.12531301740502054,-2.651796142583886,0.5612151912042369,7.153427161944749,58.20354294307168,2.297530240213477e-13,False
GUT_GENOME140786_2,GUT_GENOME140786_02404,304578,0.7408918894093166,0.504545052648501,0.6971701966049604,0.03746262476551963,6.867358113852627e-21,0.2746213014023566,8.311391804102013e-30,0.23634683676081558,4.364979770383695,0.4225488952026038,5.3411416687320425,47.5808427213246,4.655338670752716e-11,True
GUT_GENOME140786_2,GUT_GENOME140786_02404,304588,0.8698305551479251,0.7915425423382985,0.8390680363999607,0.035751454065529556,0.0056943955007903455,0.2358771218381866,3.6283762849471815e-64,0.0782880128096266,1.2983874020083692,0.6031909145617742,7.702024742622022,61.00699498165587,5.655869248899822e-14,True
GUT_GENOME140786_2,GUT_GENOME140786_02404,304599,0.741563097355566,0.6988947833775423,0.7344565141988875,0.05158386337348675,0.23438211832950817,0.22783126677117657,4.553939057831686e-23,0.04266831397802373,0.6073086386072627,0.5066252474277109,6.439969270343388,41.84202798549416,8.205764845450177e-10,False
GUT_GENOME140786_2,GUT_GENOME140786_02404,304612,0.704052879602548,0.6988947833775423,0.7077478282179082,0.05350208831258331,0.4665826173711958,0.2263497407284175,1.152017890037976e-19,0.005158096225005737,-0.12044919624176932,0.48139808748949064,6.110265389088387,37.34985113396675,7.755019180733031e-09,False
GUT_GENOME140786_2,GUT_GENOME140786_02404,304671,0.6927301384298843,0.6988947833775423,0.7032533250371336,0.0562657501534183,0.5372367187836559,0.22729610579255013,1.3473241961327736e-17,-0.0061646449476580045,-0.3401283688509649,0.47595721924458345,6.039156497634253,36.587098510215235,1.1355663222691832e-08,False
GUT_GENOME140786_2,GUT_GENOME140786_02404,304675,0.6680148389887353,0.6988947833775423,0.6859275104145774,0.056239137930983896,0.6860026746795845,0.22427223217363532,1.1171421880975745e-16,-0.030879944388807035,-0.8196444550376129,0.4616552782409421,5.852238688815173,34.92051470353904,2.6128024794145552e-08,False
GUT_GENOME140786_2,GUT_GENOME140786_02404,304681,0.7006406169967394,0.6978027115189579,0.6887129699723542,0.054342808827308464,0.4825529330017416,0.22518420479007756,7.335325679498146e-18,0.0028379054777815105,-0.16546458393572117,0.46352876518227665,5.876724041805809,34.56326399207542,3.123795434485827e-08,False
GUT_GENOME140786_2,GUT_GENOME140786_02404,304687,0.5770905236250942,0.4574129314383499,0.5213098423223859,0.04216915136576481,0.006989921430744556,0.2375770195978235,8.574279762067754e-12,0.11967759218674429,2.1014110173639424,0.28373282272456235,3.526898686617952,16.854942609565995,0.0002187740043045996,True
GUT_GENOME140786_2,GUT_GENOME140786_02404,304690,0.5479842550695788,0.3836895678292076,0.5083269167701789,0.052998410136777,0.004302919683659041,0.2539198202294774,7.922280687828602e-07,0.16429468724037122,2.967053565943082,0.25440709654070154,3.143628997635179,18.685810137948323,8.758462676489405e-05,True
GUT_GENOME140786_2,GUT_GENOME140786_02404,304696,0.6421732114834593,0.5431157577133051,0.611653928888058,0.06294043232314436,0.07912263662807711,0.2759681135280815,4.819822398463501e-08,0.09905745377015418,1.7013475629965633,0.33568581535997655,4.20589320509156,20.584121182749705,3.39011849003896e-05,False
GUT_GENOME140786_2,GUT_GENOME140786_02404,304755,0.7846088411840402,0.9999999999999998,0.8241870635606438,0.055193066927290486,0.9995517740946255,0.24069920755035518,2.0143112674414465e-26,-0.2153911588159596,-4.399455236223125,0.5834878560102885,7.444517560167553,74.77604807917413,5.788785673275345e-17,False
GUT_GENOME140786_2,GUT_GENOME140786_02404,304780,0.7909565830951231,0.9999999999999998,0.828619864395375,0.05442250764942632,0.9994566264984636,0.23689573315217108,7.769346619318967e-28,-0.2090434169048767,-4.276298955451643,0.591724131243204,7.552160747828266,75.3218647174348,4.406206971429278e-17,False
GUT_GENOME140786_2,GUT_GENOME140786_02404,304803,0.8146305950369916,0.9999999999999998,0.8584266789909952,0.050565177803563906,0.998175190325219,0.22627927660794692,3.656571776801682e-36,-0.18536940496300813,-3.8169855015429888,0.6321474023830483,8.080468707204934,79.86335284710756,4.548762647338457e-18,False
GUT_GENOME140786_2,GUT_GENOME140786_02404,304810,0.8180673057272057,0.9999999999999998,0.8592192118375725,0.047985998395969565,0.9988925925210795,0.22814186716113655,8.365789436332339e-40,-0.18193269427279413,-3.7503078526052818,0.631077344676436,8.066483693437988,79.13296816581379,6.553816757370459e-18,False
GUT_GENOME140786_2,GUT_GENOME140786_02404,304815,0.7478623914367106,0.9999999999999998,0.8047885719246166,0.06290541086372585,0.9992866613120385,0.23584586177324204,7.523358860209747e-20,-0.25213760856328915,-5.112394757997927,0.5689427101513745,7.254421209454743,78.76320724579149,7.884730578742653e-18,False
GUT_GENOME140786_2,GUT_GENOME140786_02404,304823,0.8460212181856885,0.9999999999999998,0.8993052732448854,0.04514518671997379,0.9896514024897594,0.2359475463411594,3.5280351029336006e-49,-0.15397878181431124,-3.207957527147412,0.6633577269037261,8.488368968466826,82.34339924081232,1.3163095866970908e-18,False
GUT_GENOME140786_2,GUT_GENOME140786_02404,304843,0.8542348837680238,0.9999999999999998,0.8987987731631908,0.04643872996226949,0.9882904595494048,0.24237762606574406,1.1522463543149098e-45,-0.14576511623197597,-3.048599361867409,0.6564211470974467,8.397712022129381,79.81552527579471,4.658851860881377e-18,False
GUT_GENOME140786_2,GUT_GENOME140786_02404,304849,0.8239416591461622,0.9999999999999999,0.8749954080882058,0.047803946546332486,0.9967259408222143,0.2637488483085549,9.74946451962764e-38,-0.17605834085383765,-3.6363360608799775,0.6112465597796508,7.8073072040981275,74.17698572681863,7.810380775193786e-17,False
GUT_GENOME140786_2,GUT_GENOME140786_02404,304855,0.8108318913984488,0.9999999999999999,0.8557423593570941,0.05231654073084647,0.9979174915226452,0.27121820581763934,2.7691767921947806e-29,-0.1891681086015511,-3.8906863889497734,0.5845241535394547,7.458061348621655,70.76011965696328,4.3115680705547453e-16,False
GUT_GENOME140786_2,GUT_GENOME140786_02404,304867,0.8042450403019163,0.9999999999999998,0.8559461932452236,0.05018735666682128,0.9988676297407586,0.2671903357892441,4.4121061213788347e-32,-0.19575495969808343,-4.018481767906209,0.5887558574559795,7.5133671860213855,72.59888219097752,1.7193054350121325e-16,False
GUT_GENOME140786_2,GUT_GENOME140786_02404,304893,0.8030131927255137,0.9999999999999998,0.8670948925422411,0.04659202313905075,0.9989590666666269,0.2667043138878412,2.6942406968593695e-38,-0.19698680727448603,-4.042381568514395,0.6003905786543999,7.6654260283894216,75.09960494217492,4.924112768223663e-17,False
GUT_GENOME140786_2,GUT_GENOME140786_02404,304899,0.8119216485986888,0.9999999999999998,0.8701230209673487,0.04788207036726833,0.9979867205005356,0.26852046481066594,1.659930885283896e-36,-0.18807835140131102,-3.869543367446145,0.6016025561566828,7.681265848942943,73.9752109146836,8.639469008319716e-17,False
GUT_GENOME140786_2,GUT_GENOME140786_02404,304902,0.7694572011572969,0.9999999999999999,0.8162633613364367,0.05447643927578935,0.9998218155868368,0.27633592846141064,1.8605585077022687e-23,-0.230542798842703,-4.6934211314061125,0.5399274328750261,6.87520890188109,69.29669936123442,8.962164820972652e-16,False
GUT_GENOME140786_2,GUT_GENOME140786_02404,304903,0.7737270751618983,0.9097400623088652,0.8163935988375745,0.04613698531784039,0.9838212715947877,0.2767682928038915,6.668060031845202e-32,-0.13601298714696686,-2.8593925597420475,0.539625306033683,6.871260284895821,55.39034371349478,9.378636145455361e-13,False
GUT_GENOME140786_2,GUT_GENOME140786_02404,304911,0.7789027536967219,0.8659771128728959,0.8055805122996842,0.04869534214678734,0.9113953714330667,0.2600769870245477,1.9847145911938525e-29,-0.08707435917617401,-1.9099054048816646,0.5455035252751366,6.948085092108417,51.92362510277542,5.307965222474156e-12,False
GUT_GENOME140786_2,GUT_GENOME140786_02404,304930,0.70752503969984,0.7241393151890652,0.7041352382591634,0.04516992075282454,0.6051374549956177,0.2398097816822914,4.357676560337678e-25,-0.016614275489225117,-0.5428678076880358,0.46432545657687196,5.887136321491822,34.953079524452285,2.5706042338647917e-08,False
GUT_GENOME140786_2,GUT_GENOME140786_02404,304940,0.721276832335889,0.4882099038045014,0.5869870924271201,0.039873253983864314,5.940257358513967e-08,0.21639682445073663,7.415393817607305e-21,0.2330669285313876,4.301344338372373,0.3705902679763835,4.662073509529054,40.23649252550062,1.8312880545264434e-09,True
GUT_GENOME140786_2,GUT_GENOME140786_02404,304942,0.5753098711557346,0.23020664655026007,0.36614272442644674,0.03735771651303625,8.954870594795687e-15,0.16893248982882483,6.495632117779379e-08,0.34510322460547455,6.475026527909182,0.1972102345976219,2.396100245907994,47.667264925567984,4.4584606474807325e-11,True
GUT_GENOME140786_2,GUT_GENOME140786_02404,304974,0.5084258145477907,0.19619226720059216,0.29239538013297606,0.030014039261254292,8.59422932797815e-12,0.16343333531573723,8.667037318638028e-06,0.31223354734719855,5.8373025533064276,0.12896204481723883,1.504137253865867,36.33652997730489,1.2871310576172614e-08,True
GUT_GENOME140786_2,GUT_GENOME140786_02404,305001,0.450317064808333,0.1983186815564967,0.27205757662119173,0.026206901146851428,1.412747216838482e-09,0.14970095473628223,1.5143026253813585e-06,0.2519983832518363,4.6686446454143855,0.1223566218849095,1.4178083296646036,23.806423284822746,6.76863143816309e-06,True
GUT_GENOME140786_2,GUT_GENOME140786_02404,305118,0.40034875841559686,0.20765713305563388,0.2718459243816183,0.021656504761647433,3.497253650484024e-13,0.13776157287415236,2.981374214839884e-10,0.19269162535996298,3.517999293273425,0.13408435150746595,1.5710827364680393,14.844619992300222,0.0005977667106191925,True
GUT_GENOME140786_2,GUT_GENOME140786_02404,305163,0.3980140136305869,0.220202435714989,0.28116408261948644,0.02050592246929107,5.93657614909914e-11,0.1371490814962014,1.0850480736229198e-12,0.17781157791559793,3.229302725797735,0.14401500112328505,1.7008703831844076,13.321356155238554,0.0012802779481655457,True
GUT_GENOME140786_2,GUT_GENOME140786_02404,305382,0.38235168905825473,0.23419018275951506,0.2832335613153208,0.018501257702633826,9.739908664625701e-09,0.13789683108419237,1.9908162981661427e-15,0.14816150629873967,2.6540442171673133,0.14533673023112842,1.7181445915333007,9.99597154409439,0.006751532437767574,True
GUT_GENOME140786_2,GUT_GENOME140786_02404,305384,0.3971584279962675,0.18724976481608008,0.26274204895520203,0.023886268150015984,1.9531732317455574e-08,0.14277855243077528,2.553100356765178e-07,0.20990866318018742,3.8520371879362014,0.11996349652442675,1.3865316135533485,16.76066041262629,0.0002293342053488232,True
GUT_GENOME140786_2,GUT_GENOME140786_02404,305441,0.44994984817629313,0.18804106193656078,0.267182987306888,0.02529562516031119,5.244366221623283e-09,0.14802541552888812,1.2349428896915586e-06,0.26190878623973235,4.860922212781274,0.11915757177799988,1.3759986594853078,25.52193706961576,2.8706601569275165e-06,True
GUT_GENOME140786_2,GUT_GENOME140786_02404,305450,0.36918068567070905,0.16297555361620317,0.24375633482455175,0.027637267882372918,2.6184680883969973e-05,0.150788438777177,0.00038430280441003185,0.20620513205450589,3.780182798525062,0.09296789604737477,1.0337152729153096,15.358349255723143,0.00046235635739275854,True
GUT_GENOME140786_2,GUT_GENOME140786_02404,305452,0.31363185755844614,0.15977727847180667,0.21700832410401716,0.0281454677952417,0.0023106060166547945,0.16735348094334193,0.03884733594910145,0.15385457908663946,2.7644988765627936,0.04965484316067523,0.4676395957197795,7.861140830001906,0.019632470702722678,True
GUT_GENOME140786_2,GUT_GENOME140786_02404,305455,0.31467876988144183,0.15955378401499906,0.2510451097297842,0.0353669512802221,0.0015454288859647178,0.17184468273507247,0.012565248188839464,0.15512498586644277,2.78914678699442,0.07920042699471175,0.8537826925995983,8.508284685583916,0.01420526877370032,True
GUT_GENOME140786_2,GUT_GENOME140786_02404,305464,0.22938118674897948,0.25347005061045114,0.23930553246385497,0.0367540595071102,0.7090849447379665,0.175182111820147,0.04052183788283746,-0.02408886386147166,-0.6878867005665296,0.06412342064370796,0.6567352435880648,0.9044892929869811,0.636198506950798,False
GUT_GENOME140786_2,GUT_GENOME140786_02404,305579,0.18940018158257943,0.13944492889675877,0.1669946360865698,0.022935321354349943,0.045528639887826836,0.16884361556003796,0.5321267732412159,0.049955252685820656,0.7486868297865771,-0.0018489794734681542,-0.20548453967761357,0.6027558651423958,0.7397981260982841,False
GUT_GENOME140786_2,GUT_GENOME140786_02404,305648,0.1746887654911256,0.13178365403989845,0.15018944009855,0.022474149574139877,0.09225962949389721,0.15089530725203032,0.5125279027756182,0.04290511145122716,0.6119028859009187,-0.0007058671534803107,-0.1905447458390135,0.41073244194072694,0.8143490301033788,False
GUT_GENOME140786_2,GUT_GENOME140786_02404,305661,0.1230771359992875,0.10116241814335082,0.10990675190724687,0.015328941159602637,0.1806044862562764,0.11627050011370234,0.6609824770532899,0.021914717855936683,0.20465589266509512,-0.006363748206455466,-0.26448986480656095,0.11183892298793982,0.9456152912664728,False
GUT_GENOME140786_2,GUT_GENOME140786_02404,305662,0.10744388654993602,0.1478882613779829,0.1098475332384929,0.015841111904713958,0.9781854520818665,0.09998634717483082,0.26680462358234786,-0.04044437482804687,-1.0052096051483537,0.009861186063662084,-0.05243968495811801,1.0131962708410158,0.6025418620678171,False
GUT_GENOME140786_2,GUT_GENOME140786_02404,305739,0.09563569834135875,0.06379257928524071,0.0953997725751762,0.013657658991354217,0.06000928309631737,0.09737365121370911,0.5574571999307176,0.031843119056118044,0.3972826539526958,-0.0019738786385329055,-0.20711689700948144,0.20073091615853358,0.9045067983086205,False
GUT_GENOME140786_2,GUT_GENOME140786_02405,306099,0.08153757400725326,0.08434939299489558,0.08545369645247093,0.011666887209035135,0.5583094240204649,0.0969868953644217,0.8385561712313105,-0.0028118189876423227,-0.27507821698693535,-0.011533198911950773,-0.3320514914713202,0.1859262184490397,0.9112271155510215,False
GUT_GENOME140786_2,GUT_GENOME140786_02405,306678,0.09678017157776343,0.08588389941712123,0.08614885798592713,0.011280739230715287,0.3097705141576364,0.09894093984311962,0.8715975864756574,0.010896272160642206,-0.009119464103234269,-0.012792081857192494,-0.348504338090138,0.12153843829317537,0.9410403888221527,False
GUT_GENOME140786_2,GUT_GENOME140786_02405,306695,0.1135626324855863,0.08811196863668802,0.08958845652594177,0.011296683536640914,0.16707985361463396,0.09898127019456267,0.7971449209481458,0.025450663848898283,0.2732588641787383,-0.009392813668620895,-0.3040779374194574,0.16713379887752558,0.9198295485322717,False
GUT_GENOME140786_2,GUT_GENOME140786_02405,306696,0.13085878312377777,0.09507568365355136,0.09888984411307795,0.011224045829902893,0.11477572447206125,0.09892081892549216,0.5011009529720177,0.03578309947022641,0.47372453531949743,-3.097481241420841e-05,-0.18172430688259938,0.2574386590756349,0.8792207021989649,False
GUT_GENOME140786_2,GUT_GENOME140786_02405,306764,0.12424775649456378,0.0933898769294233,0.09595258124409652,0.010638338218360308,0.14185957437786584,0.09772338368734754,0.5661004737417976,0.03085787956514048,0.37816744210608094,-0.001770802443251021,-0.20446281268374267,0.18481565603960332,0.9117332433501387,False
GUT_GENOME140786_2,GUT_GENOME140786_02405,306812,0.12228916537838058,0.09254331365067092,0.09623954438863784,0.010702160820035313,0.16216350325112477,0.09637295410468544,0.504972958159137,0.02974585172770966,0.3565923348489285,-0.00013340971604759722,-0.1830630697630274,0.16067018078407336,0.9228070707887642,False
GUT_GENOME140786_2,GUT_GENOME140786_02405,307254,0.12446889962555834,0.0978765600669356,0.10074258125029167,0.011279038032802391,0.18465288679723524,0.09551155581078667,0.32140163298568547,0.026592339558622738,0.29540918727415544,0.005231025439505002,-0.11295311303948641,0.10002499367128803,0.9512175372172131,False
GUT_GENOME140786_2,GUT_GENOME140786_02405,307412,0.12155163379689571,0.08440907838363002,0.10238525634912535,0.0146111320610334,0.07546946468014162,0.0902838259275899,0.20376911098849493,0.03714255541326569,0.5001001410329384,0.012101430421535442,-0.02316103204755288,0.2506365844666727,0.8822160553726736,False
GUT_GENOME140786_2,GUT_GENOME140786_02406,307793,0.08734837070336021,0.0740314368750237,0.07997871810785968,0.012041094328550038,0.2754182832523078,0.07919879697361723,0.4741779206914448,0.013316933828336514,0.037845219114087676,0.0007799211342424534,-0.17112638220295304,0.03071649929566447,0.9847590868060935,False
GUT_GENOME140786_2,GUT_GENOME140786_02406,307874,0.051255704675852914,0.04817890925409089,0.050978619267584915,0.006938913949541585,0.3945096444028049,0.04845650526928951,0.35812545950502894,0.0030767954217620214,-0.16082973938367975,0.002522113998295404,-0.14835696421933087,0.04787599390259817,0.9763462443249619,False
GUT_GENOME140786_2,GUT_GENOME140786_02406,308407,0.05078203933543791,0.046478962153741754,0.049309837364144314,0.006551777249652787,0.3501025043438743,0.04755140522508023,0.3941995302754607,0.0043030771816961536,-0.1370379244600588,0.001758432139064084,-0.1583378290352363,0.0438502608439125,0.9783134782266424,False
GUT_GENOME140786_2,GUT_GENOME140786_02406,308594,0.05883599422937135,0.04557632114512667,0.049802640016476496,0.006835480619588125,0.19823024475715,0.04698230720716674,0.3399491267099501,0.01325967308424468,0.03673426968114912,0.002820332809309753,-0.1444594228513976,0.022217931419566284,0.9889525109916768,False
GUT_GENOME140786_2,GUT_GENOME140786_02449,345016,0.07062375668898871,0.054837043359896996,0.06121764664354494,0.010195053961948473,0.1833685727922975,0.04946076499481622,0.12441525021296179,0.015786713329091713,0.08576286634980686,0.01175688164872872,-0.027664078286377257,0.008120570471969643,0.9959479465771754,False
GUT_GENOME140786_2,GUT_GENOME140786_02449,345489,0.09033710786248178,0.06216572002008419,0.07035426928784057,0.010671479621162277,0.12635638437265578,0.0497404498602822,0.026699879643211053,0.02817138784239759,0.3260452333693452,0.02061381942755837,0.08809079736611367,0.11406548278346848,0.9445631425483647,False
GUT_GENOME140786_2,GUT_GENOME140786_02449,345810,0.1258220628288388,0.07984056502889844,0.0931984748596995,0.014203692130960188,0.07327603308426629,0.05119139732791934,0.0015508448429797188,0.045981497799940346,0.6715896699937274,0.04200707753178016,0.3676878763446976,0.5862270592531573,0.7459374498897176,False
GUT_GENOME140786_2,GUT_GENOME140786_02449,346063,0.1370169763680168,0.07236045807449175,0.09195483502226129,0.013016160845591726,0.018520630490330692,0.05175691278414545,0.0010064963812262359,0.06465651829352505,1.0339147455147568,0.04019792223811584,0.34404329948488005,1.1873454929132872,0.5522951152696167,False
GUT_GENOME140786_2,GUT_GENOME140786_02449,346156,0.1721401285405213,0.09139066604772945,0.09917368113659825,0.007414303632572935,0.011929277427580326,0.0802848192952385,0.005422956685763375,0.08074946249279184,1.3461434375452739,0.018888861841359753,0.0655466341482677,1.8163985156943734,0.4032497193903717,False
GUT_GENOME140786_2,GUT_GENOME140786_02449,346163,0.15321440944766146,0.09504857913761594,0.0996752793216624,0.00698090284546506,0.03946096128322284,0.0839339261640161,0.012069284558870096,0.05816583031004552,0.9079850837719204,0.0157413531576463,0.02441057952121014,0.8250327887448627,0.6619823438167837,False
GUT_GENOME140786_2,GUT_GENOME140786_02449,346181,0.1693259139527858,0.10461920276639586,0.1111498036371492,0.008214110911362892,0.03088845539562102,0.08772340947812593,0.002172463159689406,0.06470671118638993,1.0348885674018138,0.02342639415902327,0.12484946570431195,1.0865817360256307,0.5808336568591888,False
GUT_GENOME140786_2,GUT_GENOME140786_02449,346238,0.12506290542709536,0.09669463514962769,0.10070263206159094,0.008067502848059023,0.15771843464745827,0.08357069538103058,0.016852904336892308,0.028368270277467675,0.32986506549108446,0.01713193668056036,0.04258467386384759,0.1106244158795277,0.9461896938993749,False
GUT_GENOME140786_2,GUT_GENOME140786_02449,346334,0.10933515632222984,0.09553232686415944,0.09613333650016567,0.009007900208241349,0.3149851822504788,0.0828098267532453,0.06955791427120186,0.013802829458070404,0.04727236650592844,0.01332350974692037,-0.007189186712301463,0.002286361040655157,0.9988574726615981,False
GUT_GENOME140786_2,GUT_GENOME140786_02451,347236,0.1172657805372062,0.09164787953724951,0.09461793002816078,0.0076937069960317786,0.1960771931209126,0.08264295203939194,0.05979889802141579,0.025617900999956686,0.27650353067899586,0.011974977988768842,-0.024813689658611186,0.07706992167242427,0.9621980649028319,False
GUT_GENOME140786_2,GUT_GENOME140786_02451,347617,0.11802111807867834,0.08787477461149523,0.09050508386124363,0.006847140226124505,0.1564168772547448,0.08219243210775598,0.11236762938254635,0.030146343467183104,0.36436251104767015,0.008312651753487652,-0.07267810155243028,0.1380421459022289,0.9333070123379282,False
GUT_GENOME140786_2,GUT_GENOME140786_02451,347797,0.11014295944158421,0.08561998612348982,0.08724996579008337,0.006586163740376023,0.1977296054954238,0.07684828844684034,0.05713103855345041,0.024522973318094388,0.2552601936150764,0.01040167734324303,-0.04537578743264445,0.06721672852953883,0.9669501227147235,False
GUT_GENOME140786_2,GUT_GENOME140786_02452,348387,0.10915150463664558,0.0838448917099298,0.08597122189120482,0.006586454546517064,0.19559801524818488,0.07327468310868725,0.026947828892426334,0.02530661292671578,0.2704640473657351,0.012696538782517572,-0.015383321957966272,0.07338744751191704,0.9639713316597617,False
GUT_GENOME140786_2,GUT_GENOME140786_02452,348552,0.07451565022120044,0.0879002341805185,0.08642316715163557,0.0077282794152428265,0.7263190315465771,0.0726627652817205,0.03749496505155036,-0.013384583959318061,-0.48020665945073165,0.013760401869915076,-0.0014792681565128087,0.23060062401510983,0.8910984961416186,False
GUT_GENOME140786_2,GUT_GENOME140786_02452,348708,0.05813249829918397,0.07948056862388218,0.0767183240665897,0.00691243695305529,0.9021690636844447,0.07329438686558454,0.3101836088020597,-0.021348070324698216,-0.634710950342313,0.003423937201005159,-0.13657067472549264,0.42150953967941834,0.8099726722565156,False
GUT_GENOME140786_2,GUT_GENOME140786_02452,349058,0.04874457464105922,0.06344866604135095,0.06157508352285395,0.0060387353948137025,0.8459816663643883,0.07669705943864474,0.9938629211273637,-0.014704091400291733,-0.5058072007387897,-0.015121975915790793,-0.37895465893140745,0.3994475578450296,0.8189569350054371,False
GUT_GENOME140786_2,GUT_GENOME140786_02453,349610,0.04878563706874782,0.051434683426881705,0.048025026396820186,0.0073856522789080324,0.5781420985628348,0.07787970907649053,0.999973530082866,-0.0026490463581338858,-0.27192016929966983,-0.02985468267967034,-0.5715023184118422,0.4005554784220718,0.8185033910197121,False
GUT_GENOME140786_2,GUT_GENOME140786_02453,349744,0.04803017473691004,0.05900164206558829,0.05632777569396467,0.0068444030364175614,0.8206235698205775,0.07884804422888174,0.9994996304824719,-0.01097146732867825,-0.4333883619426794,-0.022520268534917072,-0.47564591538515505,0.41406450908994097,0.8129934268316189,False
GUT_GENOME140786_2,GUT_GENOME140786_02453,349957,0.05075568126064637,0.05316069659755443,0.052588257978940324,0.006386458990459285,0.5734700971379187,0.07550644842495036,0.9998337451798492,-0.0024050153369080604,-0.26718557967897866,-0.022918190446010032,-0.48084651659611377,0.3026015065110086,0.8595891355483936,False
GUT_GENOME140786_2,GUT_GENOME140786_02453,350207,0.0433795510492658,0.0591998754410642,0.05577951086350165,0.008233503677265929,0.9222804124456858,0.07670975883393742,0.9944902965018907,-0.015820324391798396,-0.5274638946677549,-0.020930247970435772,-0.4548652982776974,0.48512059975533506,0.7846164338772528,False
GUT_GENOME140786_2,GUT_GENOME140786_02453,350306,0.041034804625613895,0.054931503760597536,0.05192607627441127,0.006967135650096775,0.9073797041623675,0.0756829443069764,0.9996750035827301,-0.01389669913498364,-0.4901425077011921,-0.02375686803256513,-0.4918075306811699,0.48211432509032304,0.7857967069647538,False
GUT_GENOME140786_2,GUT_GENOME140786_02453,350397,0.04065623673963855,0.06012031656666288,0.0553459440683318,0.007539192092359169,0.9620801373389614,0.07353250794499958,0.9920732230235881,-0.019464079827024333,-0.5981585406897996,-0.018186563876667776,-0.41900698934128766,0.5333604969170005,0.7659179357560408,False
GUT_GENOME140786_2,GUT_GENOME140786_02454,350809,0.040210033268357676,0.059283936861495176,0.053875097009522116,0.007537289176214623,0.9612980612988866,0.07369575539102834,0.9957267359381233,-0.0190739035931375,-0.5905885016926203,-0.01982065838150622,-0.440363626469768,0.5427149018491396,0.7623439471477271,False
GUT_GENOME140786_2,GUT_GENOME140786_02455,352044,0.035462201140378916,0.06634226233861445,0.05446423743397434,0.008885037478816396,0.9988311807046873,0.07367889554496855,0.9847134839475622,-0.03088006119823554,-0.8196467213261569,-0.01921465811099421,-0.4324435656417283,0.8588281852456505,0.6508903444784497,False
GUT_GENOME140786_2,GUT_GENOME140786_02455,352085,0.043904299485473,0.05738915755175338,0.05287221224835695,0.008155621982020383,0.8279460015910398,0.07633649634258154,0.9979930585114987,-0.01348485806628038,-0.4821521364792793,-0.02346428409422459,-0.48798363372645953,0.47059870949641297,0.7903342239103888,False
GUT_GENOME140786_2,GUT_GENOME140786_02456,352452,0.04537301946771317,0.05401227859926088,0.05024349338515096,0.007697475602687358,0.7218723518422732,0.0776015806386655,0.9998104083382039,-0.008639259131547714,-0.3881398166226693,-0.02735808725351454,-0.5388733104718733,0.4410369619867952,0.8021028150678216,False
GUT_GENOME140786_2,GUT_GENOME140786_02456,352558,0.052122212502908376,0.0525643262720171,0.05216833123349068,0.005058839728618323,0.5110763394626806,0.07886528953627278,0.9999999344454172,-0.0004421137691087221,-0.22910216986223664,-0.026696958302782098,-0.5302327507893588,0.33363457424523546,0.8463542370286378,False
GUT_GENOME140786_2,GUT_GENOME140786_02456,352576,0.049658401108831206,0.0629882199156925,0.06248153568433753,0.0029922043986094784,0.7923607169439142,0.07843748751780445,0.999999951567066,-0.0133298188068613,-0.47914412846145465,-0.015955951833466923,-0.38985422501829137,0.38156541260369947,0.8263121210614143,False
GUT_GENOME140786_2,GUT_GENOME140786_02456,352627,0.04855382914110328,0.06393994726540858,0.06340861928230505,0.002749140906146377,0.8656949326818416,0.07666242555421976,0.9999992860560101,-0.0153861181243053,-0.519039603047021,-0.013253806271914706,-0.3545387998360069,0.3950998701203653,0.8207391559453006,False
GUT_GENOME140786_2,GUT_GENOME140786_02456,352638,0.05159430923266823,0.06223862163767298,0.061862445712048963,0.0026775199371459955,0.7694064726669102,0.0732384605892182,0.9999892499120258,-0.010644312405004748,-0.42704103651576497,-0.01137601487716923,-0.32999719021562157,0.291262192418664,0.8644765530459277,False
GUT_GENOME140786_2,GUT_GENOME140786_02456,352896,0.05292782750074031,0.05514706240066957,0.05485610734334159,0.0029797766129101184,0.5636758678987716,0.06177913975696892,0.9899195366506875,-0.0022192348999292635,-0.26358114396326976,-0.006923032413627329,-0.2717993746475723,0.14334991951179732,0.9308334049618848,False
GUT_GENOME140786_2,GUT_GENOME140786_02457,353498,0.055202567231562825,0.0539368880774953,0.0537530863952601,0.0028956068456690177,0.46666490312214803,0.061137315191068915,0.9946161549956892,0.0012656791540675283,-0.19596827316441623,-0.007384228795808814,-0.2778269353241757,0.11559137007866696,0.9438427689361798,False
GUT_GENOME140786_2,GUT_GENOME140786_02458,354434,0.04997053430673611,0.05217029743736019,0.05204147255307683,0.0033056676086980845,0.559289896694935,0.05988896160391821,0.9912005291636845,-0.0021997631306240745,-0.26320336069462735,-0.007847489050841379,-0.28388146958365895,0.14986469785392398,0.9278062512939418,False
GUT_GENOME140786_2,GUT_GENOME140786_02459,357268,0.05574941597210385,0.04962430152193167,0.048775015151908345,0.0035929482267542667,0.35240617641161187,0.059631683716582666,0.9987430370101469,0.006125114450172185,-0.10168750590873825,-0.010856668564674321,-0.3232096447541278,0.11480482332002916,0.9442140301702601,False
GUT_GENOME140786_2,GUT_GENOME140786_02459,358536,0.07650830064239561,0.04937988935170363,0.05128677800576198,0.0037664305559491794,0.12175094550645899,0.06043409000918712,0.9924222586433743,0.027128411290691982,0.30580983079009705,-0.00914731200342514,-0.30086937759473553,0.18404203498211136,0.9120859795847209,False
GUT_GENOME140786_2,GUT_GENOME140786_02459,358855,0.09264868046563814,0.0520512670142157,0.053214928232058416,0.002823517806212111,0.047725929432666604,0.0599098137592355,0.9911327448059352,0.04059741345142243,0.5671298773601137,-0.006694885527177084,-0.2688176313937498,0.39389921674264355,0.8212320154887748,False
GUT_GENOME140786_2,GUT_GENOME140786_02459,358911,0.09292655522572514,0.05290354449743606,0.05420978136422397,0.0029673500525038967,0.049622252251667116,0.060319156242737225,0.9802464412644524,0.04002301072828908,0.5559855517027323,-0.006109374878513256,-0.261165357659673,0.37732727774369657,0.8280649887306346,False
GUT_GENOME140786_2,GUT_GENOME140786_02462,362352,0.08601877339674908,0.055618902912076884,0.056348034358370144,0.0030873992641678068,0.09282876295925113,0.06200074524284672,0.9664420610559603,0.0303998704846722,0.36928133808670416,-0.005652710884476574,-0.2551970325833653,0.2014942320984619,0.9041616519482785,False
GUT_GENOME140786_2,GUT_GENOME140786_02462,362442,0.0831475261049481,0.05852677992955451,0.05872909226222593,0.003883437235186844,0.08521623201440459,0.062012110385821814,0.8010533737365736,0.024620746175393594,0.2571571424252269,-0.003283018123595882,-0.2242265665238647,0.11640734903538956,0.943457769560414,False
GUT_GENOME140786_2,GUT_GENOME140786_02462,362512,0.1019146142619858,0.058360326853212435,0.07403140472808702,0.010595693583568896,0.011560308542433902,0.06398826520230222,0.17160263806884046,0.04355428740877336,0.6244979311339434,0.010043139525784797,-0.050061662112242486,0.3925038360040158,0.8218051810797599,False
GUT_GENOME140786_2,GUT_GENOME140786_02462,362551,0.13264987605718997,0.04025282509452039,0.11232570957391942,0.020402787644208643,4.6924255301960094e-05,0.06554487021320451,0.01092788684463583,0.09239705096266959,1.5721251639608391,0.04678083936071491,0.430078086223305,2.656544691408396,0.2649345815083115,False
GUT_GENOME140786_2,GUT_GENOME140786_02462,363381,0.3239978680604399,0.11278443726995174,0.29399466231519594,0.041931539417496735,1.0649885120449831e-07,0.1390054477390432,0.00010940620260123404,0.21121343079048815,3.8773517530849793,0.15498921457615275,1.8442967846498193,18.435287247020824,9.927233524027787e-05,True
GUT_GENOME140786_2,GUT_GENOME140786_02462,363423,0.14352930754283447,0.07936573313353533,0.10063979975567576,0.014455354682797922,0.01154685216602785,0.11935219206080355,0.9022528472378538,0.06416357440929914,1.0243508507848347,-0.018712392305127792,-0.42587925217872374,1.2306678029399236,0.5404604046543757,False
GUT_GENOME140786_2,GUT_GENOME140786_02462,363513,0.11830371356597912,0.09098948605716213,0.09763309719614865,0.012916064393579332,0.18112036599174403,0.11621396893563848,0.9248660979089364,0.027314227508816985,0.30941496071690494,-0.01858087173948983,-0.4241603571044513,0.2756496264544195,0.8712513100823537,False
GUT_GENOME140786_2,GUT_GENOME140786_02462,363650,0.06991508947049072,0.06276164877068915,0.06361396973417996,0.004383989804231961,0.35305071760253864,0.06872714326826454,0.8782592318074907,0.007153440699801561,-0.08173634247171749,-0.005113173534084581,-0.24814560234143893,0.06825706964204943,0.9664472745262691,False
GUT_GENOME140786_2,GUT_GENOME140786_02462,363682,0.057254252377980125,0.056613903113304,0.05723792596200154,0.0035154993238900836,0.4847731164913618,0.06576346851986914,0.9923485451792018,0.0006403492646761266,-0.20810066677957342,-0.008525542557867596,-0.2927432230871285,0.12900448217754334,0.9375340131627454,False
GUT_GENOME140786_2,GUT_GENOME140786_02462,363694,0.04537871870080081,0.054344717689171346,0.05384324718983029,0.0033098072942387364,0.745285005176243,0.06313694991488589,0.9975069363589755,-0.008965998988370534,-0.39447908909306506,-0.0092937027250556,-0.30278261670763934,0.24729106471201961,0.8836930259574055,False
GUT_GENOME140786_2,GUT_GENOME140786_02465,366408,0.060586881324740216,0.06388250288144538,0.06335981093865328,0.003048019880455699,0.5647854331720089,0.06558555472912013,0.7673740164280034,-0.0032956215567051667,-0.28446475567551033,-0.002225743790466847,-0.21040862379715247,0.12519198618973942,0.9393228899742695,False
GUT_GENOME140786_2,GUT_GENOME140786_02465,367288,0.06052875644842544,0.06681177875088996,0.06654778376450506,0.0023112093901652333,0.6276869272032969,0.06501539237036393,0.25365702365084064,-0.006283022302464525,-0.34242507765698665,0.0015323913941411305,-0.16129204627987978,0.14327005800154421,0.9308705745847425,False
GUT_GENOME140786_2,GUT_GENOME140786_02465,367728,0.06273209987433097,0.06598318096805246,0.06581348813008085,0.0022393484131674525,0.5614699541335548,0.06483991292133184,0.3318689542921915,-0.003251081093721492,-0.2836005999108703,0.0009735752087490085,-0.16859543935635368,0.10885372244156745,0.9470277707799667,False
GUT_GENOME140786_2,GUT_GENOME140786_02466,369476,0.06434796476200269,0.06537521289098908,0.06528581584315392,0.002039852356313934,0.5215982245615685,0.0651394419750574,0.4713976111815236,-0.0010272481289863855,-0.24045470632694646,0.00014637386809651654,-0.1794064657763062,0.090005145757123,0.9559950221708382,False
GUT_GENOME140786_2,GUT_GENOME140786_02466,369849,0.06079891243592468,0.0666357444651288,0.06650369001515864,0.0020927669697226176,0.6219277589073434,0.06549777828442666,0.3153786815835023,-0.0058368320292041115,-0.3337682772796396,0.001005911730731987,-0.16817282036831915,0.13968336042885332,0.9325414479815,False
GUT_GENOME140786_2,GUT_GENOME140786_02466,369850,0.07389435041048814,0.06592253453309874,0.06595492347019088,0.0019465821046196375,0.3571688249766584,0.06706922962563404,0.7164888551898076,0.007971815877389404,-0.06585856348208201,-0.0011143061554431538,-0.19588279913287823,0.04270742138005495,0.9788726656022475,False
GUT_GENOME140786_2,GUT_GENOME140786_02467,370867,0.0879159986861348,0.06901006203095117,0.06918153132994026,0.0020173198519563514,0.25459994628127713,0.06805749059251621,0.28869706847330623,0.018905936655183628,0.14628075587937658,0.0011240407374240452,-0.16662894495425948,0.0491632648372114,0.9757180354441882,False
GUT_GENOME140786_2,GUT_GENOME140786_02468,371425,0.08998637280901739,0.06968084623867014,0.06987502549841013,0.0021646397707021227,0.23501189772846903,0.06722882059593156,0.11076516987818202,0.020305526570347246,0.17343502443208483,0.0026462049024785633,-0.1467351703734194,0.05161091792427429,0.9745246562069515,False
GUT_GENOME140786_2,GUT_GENOME140786_02468,371596,0.0844834201181799,0.06902504496065384,0.06914683279152872,0.0022610603123385813,0.2805456779572909,0.06666443062464282,0.1361256193240113,0.015458375157526058,0.07939258403339226,0.0024824021668859025,-0.14887597408724787,0.028467238059926153,0.9858672000185693,False
GUT_GENOME140786_2,GUT_GENOME140786_02468,371919,0.08210244080936778,0.06827215117748497,0.0684572475605539,0.0027398641305300944,0.30076228552830153,0.06627202921072575,0.21256163109166726,0.013830289631882806,0.04780513751701339,0.0021852183498281413,-0.15275998870364044,0.025620945321756915,0.9872712321793403,False
GUT_GENOME140786_2,GUT_GENOME140786_02468,371920,0.0817498643593718,0.07006411304004855,0.07016044110298847,0.0027247825495673064,0.3186528355429149,0.06453715062494349,0.019520356289821565,0.011685751319323257,0.006197686198670584,0.005623290478044982,-0.10782644376700397,0.011664953289656062,0.9941844992272508,False
GUT_GENOME140786_2,GUT_GENOME140786_02471,374501,0.07262298903464041,0.067984598267993,0.06804936713412464,0.0025900295552227824,0.4174925755832012,0.06416608072133063,0.06689515296747654,0.004638390766647418,-0.13053230803878477,0.003883286412794007,-0.1305672554603396,0.034086491640377775,0.9831011686992289,False
GUT_GENOME140786_2,GUT_GENOME140786_02472,375273,0.07493462737410578,0.06594110600527622,0.0661383064282869,0.002660437725997552,0.33884348662396824,0.0641193363468938,0.22396024934271141,0.008993521368829555,-0.04603585327550036,0.0020189700813930955,-0.15493275406800133,0.026123458069899182,0.9870232051498091,False
GUT_GENOME140786_2,GUT_GENOME140786_02472,375670,0.07246896572841516,0.07241001854593102,0.07225227427836471,0.003260794666683668,0.4989058151537169,0.06509121621222175,0.014042098148821453,5.8947182484142546e-05,-0.21938079112592473,0.007161058066142964,-0.08772874178605652,0.0558242636504012,0.9724738125461597,False
GUT_GENOME140786_2,GUT_GENOME140786_02473,376165,0.07372693234827003,0.06976444385441108,0.06974920765634499,0.0029175618419674193,0.4232264634526309,0.06713818655254318,0.185411568599553,0.003962488493858954,-0.14364588626040134,0.0026110211038018055,-0.1471950015636695,0.04230050912486483,0.979071843505495,False
GUT_GENOME140786_2,GUT_GENOME140786_02473,376182,0.07377482027995928,0.07383366753140277,0.07390056810069663,0.003584695921545294,0.5010157391590777,0.07287253250360064,0.3871386264594177,-5.884725144349179e-05,-0.2216661903405306,0.0010280355970959942,-0.16788367467667398,0.07732082816302764,0.9620773616044354,False
GUT_GENOME140786_2,GUT_GENOME140786_02474,376571,0.05317936905929465,0.07747623105493345,0.07674503619115738,0.0037166066419567815,0.9589542648455626,0.0740901363919085,0.23751022745246025,-0.024296861995638803,-0.6919221949155844,0.0026548997992488776,-0.14662153327676228,0.5002541978372287,0.7787018046242206,False
GUT_GENOME140786_2,GUT_GENOME140786_02474,376769,0.0605728433657774,0.07434002089314128,0.07397201203876243,0.0032885116944736214,0.8206967539603842,0.07873060237131439,0.9260563888579444,-0.013767177527363873,-0.48762958268038376,-0.004758590332551965,-0.2435114121250441,0.2970804177401783,0.8619653478210049,False
GUT_GENOME140786_2,GUT_GENOME140786_02474,376998,0.05985893784080335,0.07317881832355447,0.07280229400231938,0.003695910384052319,0.8066227935137835,0.07870042914196204,0.9447393566050823,-0.013319880482751116,-0.4789513091799437,-0.005898135139642657,-0.25840458070533134,0.29616728389468017,0.8623589825408343,False
GUT_GENOME140786_2,GUT_GENOME140786_02474,377670,0.07407844086056097,0.07753649417143618,0.0777004720817898,0.004319965560526092,0.5655372473455338,0.0820260104291927,0.8416566887226158,-0.003458053310875217,-0.28761618983949927,-0.004325538347402902,-0.23785168187247163,0.13929649522735432,0.9327218493462798,False
GUT_GENOME140786_2,GUT_GENOME140786_02474,378026,0.07898433374566519,0.07780615812939135,0.07820722469865492,0.00454078216331694,0.4791903942646391,0.08310690141047904,0.8597146161751029,0.001178175616273841,-0.19766598085637546,-0.004899676711824119,-0.24535532665811724,0.0992710763074244,0.9515761745177482,False
GUT_GENOME140786_2,GUT_GENOME140786_02474,378251,0.09424052411826334,0.07610431251426421,0.07686873937911178,0.004509003401304233,0.2632482023780982,0.08653097890730214,0.9839385104973843,0.018136211603999128,0.1313468666557124,-0.00966223952819037,-0.30759917214536636,0.11186925008478822,0.9456009524919267,False
GUT_GENOME140786_2,GUT_GENOME140786_02474,378318,0.09493020278478467,0.07158436677607598,0.0725581588521923,0.004325752486541725,0.2148389113556461,0.08921685492809575,0.9999411941459301,0.023345836008708695,0.23242185913141106,-0.01665869607590345,-0.39903867165550067,0.21325178207868795,0.8988618823815023,False
GUT_GENOME140786_2,GUT_GENOME140786_02474,378943,0.08845853359636113,0.06890959110944397,0.06935412724854763,0.0033973603120072034,0.24744688467277715,0.09105463997482546,0.9999999999156697,0.01954894248691716,0.15875609086620282,-0.021700512726277835,-0.46493219761226356,0.24136544476368696,0.8863151229382407,False
GUT_GENOME140786_2,GUT_GENOME140786_02474,378944,0.08563855145525776,0.061505872755918345,0.0621558435196687,0.0028958684383681393,0.18444371283367428,0.08400786965562776,0.9999999999999776,0.02413267869933941,0.24768785776332045,-0.02185202613595906,-0.4669123871919236,0.2793564521966436,0.8696380172009932,False
GUT_GENOME140786_2,GUT_GENOME140786_02474,378954,0.0760753630172871,0.05636285952966395,0.05710161986316,0.0032147684672566893,0.2277439045304156,0.07892505879473662,0.9999999999943345,0.019712503487623143,0.16192943420756345,-0.021823438931576615,-0.46653876954085993,0.24387956514748121,0.8852016714641036,False
GUT_GENOME140786_2,GUT_GENOME140786_02474,378958,0.07931344216824651,0.05004317673543325,0.053172037968835434,0.004360746851475956,0.13294528834909491,0.06974314669529583,0.9999276700763751,0.02927026543281326,0.3473652049363108,-0.016571108726460393,-0.3978939574216775,0.2789821869531289,0.8698007700708426,False
GUT_GENOME140786_2,GUT_GENOME140786_02475,379541,0.0705045067591898,0.04718144504849907,0.052320478930323364,0.004959078298326594,0.11867080830413612,0.0667726563785638,0.9982174900626899,0.023323061710690735,0.23198000155743245,-0.014452177448240441,-0.3702007938530231,0.19086334889199488,0.9089804661259113,False
GUT_GENOME140786_2,GUT_GENOME140786_02476,380039,0.06490338900440579,0.04827665352382579,0.054049429109664336,0.0055873544835226465,0.16872665687137245,0.06678538434913342,0.9886790918434561,0.016626735480579996,0.10206063103402152,-0.012735955239469084,-0.3477707967897917,0.1313608995068693,0.936430052940478,False
GUT_GENOME140786_2,GUT_GENOME140786_02478,382451,0.0643860974302653,0.05523580649313135,0.058373844892730585,0.00904929231106078,0.291439698334619,0.0667318967729084,0.822156304743346,0.009150290937133952,-0.042994274515530444,-0.008358051880177818,-0.29055422017742377,0.08627026250402764,0.9577819550471277,False
GUT_GENOME140786_2,GUT_GENOME140786_02478,382469,0.06230995377270851,0.04182851081368142,0.04889491193623977,0.005974463771704052,0.1029971470981475,0.06589388138150926,0.9977813184360971,0.02048144295902709,0.17684808193505822,-0.016998969445269484,-0.4034858409302998,0.19407606791534027,0.9075214888429708,False
GUT_GENOME140786_2,GUT_GENOME140786_02478,382505,0.06075911480824493,0.04003303201935167,0.04365621174880335,0.003498405161680879,0.06383735733846578,0.06785207859444924,0.9999999999976813,0.020726082788893263,0.1815944834108779,-0.024195866845645883,-0.4975449824154722,0.2805275659320761,0.8691289437478682,False
GUT_GENOME140786_2,GUT_GENOME140786_02478,382550,0.06102256105771201,0.04420346483494128,0.04529247743319886,0.0034821933670850912,0.11463079805179865,0.0674952424285434,0.9999999999091647,0.01681909622277073,0.10579273512812315,-0.022202764995344543,-0.4714963341573981,0.23350089592975404,0.8898072186610857,False
GUT_GENOME140786_2,GUT_GENOME140786_02479,383022,0.07465060394821098,0.055466994374390274,0.058218104953022556,0.004895116589162904,0.14763778867185573,0.0830558883383956,0.9999998052224833,0.019183609573820704,0.15166805177283404,-0.02483778338537304,-0.5059344473852952,0.2789728629796312,0.869804825079959,False
GUT_GENOME140786_2,GUT_GENOME140786_02479,383037,0.07919334604282642,0.06849301149684035,0.06881000469559653,0.007182560615796696,0.2890221375189005,0.08786981825283553,0.9960183719524396,0.010700334545986068,-0.0129209652074544,-0.019059813557239,-0.4304198400028012,0.18542819000992922,0.9114540523141059,False
GUT_GENOME140786_2,GUT_GENOME140786_02479,383247,0.09901479707743918,0.061221476070409245,0.08511111439417274,0.017524397247022865,0.04988368735880672,0.10255994174735461,0.8402990537114388,0.03779332100702994,0.5127260277348092,-0.017448827353181873,-0.4093652145345897,0.430467858387667,0.8063527886548425,False
GUT_GENOME140786_2,GUT_GENOME140786_02479,383426,0.09492850714027518,0.05889437342362702,0.08091909713519792,0.015636519922138097,0.04549982914943262,0.09899736203356287,0.8761914352937248,0.03603413371664815,0.47859499863836596,-0.01807826489836495,-0.41759158651473743,0.4034359058495529,0.817325419680075,False
GUT_GENOME140786_2,GUT_GENOME140786_02480,383706,0.08128914542189433,0.0765766695688351,0.07783476456396159,0.01017722195734562,0.40615595269026294,0.098825939069885,0.9804229779096036,0.004712475853059228,-0.12909493962795157,-0.020991174505923416,-0.45566157163034154,0.22429297129817735,0.8939133024387361,False
GUT_GENOME140786_2,GUT_GENOME140786_02480,383882,0.07851243796390925,0.07566171400360058,0.0752220444206603,0.010223190235525667,0.44242871810652545,0.09796025454199066,0.9869318150483274,0.0028507239603086654,-0.1652158850038345,-0.022738210121330357,-0.4784942814756427,0.2562530660624919,0.8797420556727253,False
GUT_GENOME140786_2,GUT_GENOME140786_02480,384054,0.07061725004529495,0.0711550200901406,0.07010018359959296,0.00915356823465971,0.5115152445598015,0.09861435444151671,0.9990805498948002,-0.0005377700448456479,-0.2309580536264525,-0.02851417084192376,-0.5539826310250858,0.36023837801239567,0.8351706623175639,False
GUT_GENOME140786_2,GUT_GENOME140786_02480,384056,0.07616611215292976,0.07803284715568001,0.07717465966163446,0.008081835401499845,0.5356958721376447,0.09698184666379076,0.9928735942904413,-0.0018667350027502527,-0.25674208577265545,-0.019807187002156293,-0.44018756360464933,0.2596815897590908,0.8782352393382244,False
GUT_GENOME140786_2,GUT_GENOME140786_02480,384501,0.06660430744928751,0.08496781453561622,0.08222632377755662,0.00764728568017849,0.8342529009913684,0.09658586100622574,0.9697909401602128,-0.01836350708632871,-0.5768056805135061,-0.014359537228669117,-0.36899004163090293,0.46885844389542436,0.791022218922071,False
GUT_GENOME140786_2,GUT_GENOME140786_02480,384566,0.07193321008700944,0.08962584548345416,0.08787300967108068,0.00670383302850471,0.8188285562309794,0.09581625102664607,0.881967660402182,-0.017692635396444722,-0.5637897035947318,-0.007943241355565386,-0.2851328948960576,0.39915959763124176,0.8190748570014877,False
GUT_GENOME140786_2,GUT_GENOME140786_02480,384948,0.07396532030194383,0.08464248427162464,0.08363956986406682,0.006114550231842795,0.7165573407381298,0.09059140666477618,0.8722169501042469,-0.010677163969680811,-0.42767840907748866,-0.006951836800709363,-0.2721758307465298,0.2569885044336154,0.8794186171114357,False
GUT_GENOME140786_2,GUT_GENOME140786_02480,384975,0.07459806252417336,0.07686047902923042,0.07722835234171131,0.00563900786032847,0.5488984863176598,0.08624727549481866,0.9451320363972231,-0.002262416505057055,-0.26441893572603764,-0.009018923153107344,-0.2991914121652814,0.1594328746839457,0.9233781448278622,False
GUT_GENOME140786_2,GUT_GENOME140786_02481,385162,0.07442722291994257,0.07094123263256272,0.07115961956989236,0.004499905456195566,0.4244259064716844,0.08133062564691586,0.9880977835323552,0.0034859902873798504,-0.15289070870691404,-0.010171006077023495,-0.3142484464280753,0.12212765489136136,0.9407631913481671,False
GUT_GENOME140786_2,GUT_GENOME140786_02482,385499,0.06245507225273511,0.06356287770469363,0.06343888191502461,0.003508606136759789,0.529594928800796,0.07448653086666746,0.999180088314481,-0.0011078054519585157,-0.24201764641259058,-0.011047648951642841,-0.32570564410487934,0.16465670777686403,0.9209695051250278,False
GUT_GENOME140786_2,GUT_GENOME140786_02483,386027,0.05902706218435864,0.06700077200872659,0.06668484743664498,0.0031591849531144357,0.704883153171505,0.07234595627534735,0.9634296988396653,-0.007973709824367951,-0.3752271023865743,-0.0056611088387023695,-0.25530678881869373,0.2059769347823378,0.9021373774190098,False
GUT_GENOME140786_2,GUT_GENOME140786_02484,386922,0.054222985252644976,0.0675357180993339,0.06701032106094389,0.003057470282596686,0.8315210816811127,0.07213441216725991,0.9531235650686645,-0.013312732846688921,-0.47881263368146587,-0.005124091106316023,-0.24828828847604162,0.29090861236734367,0.8646293973882029,False
GUT_GENOME140786_2,GUT_GENOME140786_02484,387168,0.053655493020541414,0.07140613093296648,0.07052716327496086,0.0037223237276636793,0.9104042392614001,0.07297509275759712,0.7446135744464247,-0.017750637912425066,-0.5649150445811155,-0.002447929482636252,-0.21331245780966043,0.3646312122508819,0.8333382922385157,False
GUT_GENOME140786_2,GUT_GENOME140786_02484,387221,0.07157249043474866,0.07840486176119446,0.07774978479816412,0.004153670089572417,0.637646812022427,0.07878648248638752,0.5985462168091409,-0.006832371326445805,-0.35308332173601176,-0.001036697688223398,-0.19486850291708271,0.16264156551728107,0.9218979150507857,False
GUT_GENOME140786_2,GUT_GENOME140786_02486,387987,0.09270745303729476,0.08057255181714071,0.08068354754720986,0.004037105279108457,0.29417281174100113,0.0789885938678347,0.33729977750155904,0.012134901220154051,0.014911908054260244,0.0016949536793751524,-0.15916745450979564,0.025556643576946574,0.9873029743210215,False
GUT_GENOME140786_2,GUT_GENOME140786_02486,388268,0.09508423430129533,0.08496141982917718,0.08492776455210412,0.004514810471771751,0.3334425531807698,0.08221223533321743,0.2737630391398553,0.010122814472118144,-0.02412577242311385,0.002715529218886681,-0.14582914305044367,0.021848191857838643,0.9891353553263438,False
GUT_GENOME140786_2,GUT_GENOME140786_02487,388916,0.09701808274015651,0.08768602953420258,0.08769559471863438,0.004578453001053835,0.3490772983063324,0.08223352379412173,0.1164356918624685,0.009332053205953927,-0.03946779764769008,0.005462070924512646,-0.10993348683740832,0.01364307857938964,0.9932016745946451,False
GUT_GENOME140786_2,GUT_GENOME140786_02487,388937,0.10390857811895582,0.10116397396320272,0.10068865726489075,0.005385696004990986,0.455919997278526,0.0831365664430449,0.000558988994242054,0.0027446041557531026,-0.16727477785554942,0.017552090821845848,0.04807583701683154,0.030292137411492358,0.9849680560857251,False
GUT_GENOME140786_2,GUT_GENOME140786_02487,388939,0.10867641028487468,0.10253889346977242,0.10208126083769954,0.0056788337673305935,0.40968065391758796,0.08252757291987012,0.000287375713182197,0.006137516815102259,-0.10144688031952018,0.019553687917829424,0.0742355130513381,0.01580238092455844,0.9921299418948943,False
GUT_GENOME140786_2,GUT_GENOME140786_02487,388943,0.11490972898845295,0.12574443375650618,0.12530696084096443,0.005817640320552666,0.6525126448786682,0.08077269176776723,9.66260776698062e-15,-0.010834704768053233,-0.43073495092640063,0.0445342690731972,0.4007167571985283,0.346106517449273,0.8410928181209315,False
GUT_GENOME140786_2,GUT_GENOME140786_02487,389147,0.1030590306299562,0.10869111865105523,0.10865494187262353,0.004724086875907068,0.5947838830382841,0.07344490446148383,4.5516927962487994e-14,-0.005632088021099033,-0.3297959181475768,0.035210037411139705,0.27885463018027734,0.1865252523997824,0.9109542284306978,False
GUT_GENOME140786_2,GUT_GENOME140786_02488,390096,0.11468996997939215,0.10360584997019816,0.10391516034536533,0.004185261566123685,0.33320131517767265,0.07343827262717481,1.6450803030575361e-13,0.011084120009193996,-0.0054749173175228,0.030476887718190515,0.2169951966115393,0.0471168900721143,0.9767168887468852,False
GUT_GENOME140786_2,GUT_GENOME140786_02488,390633,0.09865837774729491,0.08085360554272199,0.08117170300793854,0.0034204140027826986,0.2388426386330042,0.0647650596486583,8.065709636274295e-07,0.017804772204572925,0.1249164155903978,0.016406643359280243,0.03310552426238614,0.016700086620640417,0.9916847214715504,False
GUT_GENOME140786_2,GUT_GENOME140786_02489,391409,0.09058883850440556,0.07973130613176292,0.07986118738535372,0.0026548471632237346,0.340008503523811,0.06252512764263407,3.2892474422311707e-11,0.010857532372642642,-0.009871077554873193,0.01733605974271965,0.045252440113095954,0.0021452215082836575,0.9989279642871562,False
GUT_GENOME140786_2,GUT_GENOME140786_02489,391443,0.07288189184100834,0.07767108457059291,0.07754074163146944,0.002481294391920436,0.5849214790129157,0.06072081030440718,6.063422084226284e-12,-0.004789192729584571,-0.31344240998092127,0.016819931327062262,0.03850695063727029,0.0997289296220291,0.9513583582978681,False
GUT_GENOME140786_2,GUT_GENOME140786_02489,393941,0.07061022033367087,0.07666718367019304,0.07645740774124521,0.002646022052390519,0.6269347000655989,0.058644014608516246,8.359234309567665e-12,-0.00605696333652217,-0.33803917446960297,0.017813393132728964,0.0514909018235734,0.11692179644669555,0.943215121065611,False
GUT_GENOME140786_2,GUT_GENOME140786_02490,394918,0.07743954755664283,0.07041653116135786,0.07049317233314857,0.002282026635631,0.35747189604266927,0.058655285499116236,1.0659963797492036e-07,0.0070230163952849645,-0.08426678124687102,0.011837886834032335,-0.02660538899825335,0.007808737145456394,0.9961032435641625,False
GUT_GENOME140786_2,GUT_GENOME140786_02494,398903,0.0781179855669517,0.07064681209644388,0.07072380036963442,0.002272269705246073,0.3503824166138083,0.058874746741373725,9.209053108995029e-08,0.007471173470507811,-0.07557182178585291,0.011849053628260699,-0.026459445681317008,0.006411202513795277,0.9967995311971464,False
GUT_GENOME140786_2,GUT_GENOME140786_02494,398905,0.0767018778848467,0.07032313731912371,0.07039668051259165,0.0022255918604277185,0.37308681782327885,0.0589955822940931,1.5057457088404552e-07,0.00637874056572299,-0.09676675620982259,0.011401098218498551,-0.032313954773479765,0.010407996780473733,0.9948095189511466,False
GUT_GENOME140786_2,GUT_GENOME140786_02495,399885,0.08059644844967412,0.07067365500967812,0.07077422569709042,0.00215586156035065,0.3050363342772111,0.06015349042900911,4.1869399272792055e-07,0.009922793439995997,-0.02800649831545475,0.010620735268081313,-0.04251283146710091,0.002591704787243695,0.9987049868605355,False
GUT_GENOME140786_2,GUT_GENOME140786_02495,399940,0.07265025342636529,0.07078333635896468,0.07082918221609408,0.0021024548127085998,0.45605678576574255,0.06126628281204964,2.702192293366465e-06,0.0018669170674006086,-0.18430330217124657,0.009562899404044437,-0.05633811306668717,0.03714169017514065,0.9816005305528477,False
GUT_GENOME140786_2,GUT_GENOME140786_02495,400130,0.08036439030610724,0.07181649130077872,0.07197153109995326,0.0025324475039362184,0.3151832490404264,0.061669223677790076,2.3696702481300816e-05,0.008547899005328527,-0.05468163530100521,0.010302307422163183,-0.04667449282557263,0.0051685895197165705,0.9974190416551325,False
GUT_GENOME140786_2,GUT_GENOME140786_02498,402716,0.07971159253003794,0.07509026368315448,0.07520238820804612,0.0029239844686335314,0.40440447216386044,0.06321065558674203,2.0554073199718744e-05,0.00462132884688346,-0.13086333639664566,0.011991732621304083,-0.02459471663947633,0.017730112899437777,0.9911741223037777,False
GUT_GENOME140786_2,GUT_GENOME140786_02499,403001,0.06767231813251481,0.05774162259436693,0.05790311835752904,0.00227695090056727,0.2733542660507793,0.06476615444922987,0.9987114320431979,0.009930695538147884,-0.02785318505346179,-0.00686303609170083,-0.2710152586294144,0.07422507032759076,0.9635676939991632,False
GUT_GENOME140786_2,GUT_GENOME140786_02499,403438,0.05700074080110825,0.05242070401977648,0.05246673100403461,0.0017574170401356314,0.3798764645565298,0.05849132541039941,0.9996960848126673,0.004580036781331773,-0.13166446808882099,-0.006024594406364804,-0.2600573276320984,0.08496534581226071,0.9584070717863755,False
GUT_GENOME140786_2,GUT_GENOME140786_02503,405816,0.05994934176037613,0.04581349669674187,0.04610368048761211,0.0019130788507135043,0.17262011309782616,0.058303376581701975,0.9999999999097023,0.014135845063634266,0.0537333984751869,-0.012199696094089864,-0.34076221072528795,0.11900616237007877,0.9422326303936731,False
GUT_GENOME140786_2,GUT_GENOME140786_02503,406373,0.04605631396710398,0.0447577097947332,0.04475189616740422,0.0019656916707648316,0.45957627436629644,0.056422944682908815,0.9999999985518911,0.0012986041723707792,-0.19532947548559415,-0.011671048515504594,-0.3338531032830525,0.14961149856520187,0.9279237186708987,False
GUT_GENOME140786_2,GUT_GENOME140786_02503,406615,0.04529166497281545,0.04480432802628488,0.04485272843873697,0.0019126390658063678,0.4848960866119771,0.056884472510859846,0.9999999998419309,0.00048733694653056714,-0.21106934891551982,-0.012031744072122874,-0.3385671783220071,0.15917800428854723,0.9234958232023237,False
GUT_GENOME140786_2,GUT_GENOME140786_02504,407363,0.05089553859165825,0.0434852333466566,0.043719525449636566,0.0019344706505333373,0.31108536330622394,0.05702510121459264,0.9999999999969682,0.00741030524500165,-0.07675276209116218,-0.01330557576495607,-0.3552153961246157,0.1320689641325902,0.9360985851216249,False
GUT_GENOME140786_2,GUT_GENOME140786_02505,409365,0.0477350227140371,0.04061916206382765,0.04077562931649731,0.0017284042481637931,0.2950937187854912,0.05684311486730683,1.0,0.00711586065020945,-0.08246545515522019,-0.016067485550809522,-0.3913119039480127,0.15992555746537632,0.9231507065863856,False
GUT_GENOME140786_2,GUT_GENOME140786_02506,409999,0.051204395920763215,0.03887535725656289,0.039327504093946995,0.0017132443979953347,0.1858910119015602,0.05963296847715612,1.0,0.012329038664200327,0.01867848298785618,-0.020305464383209126,-0.4466997507425205,0.1998895530401576,0.9048873876866828,False
GUT_GENOME140786_2,GUT_GENOME140786_02508,412117,0.05060996829369169,0.03715057404738711,0.03748195914376659,0.001781504267483661,0.21141722060946605,0.061010678975525354,1.0,0.01345939424630458,0.04060917761773531,-0.023528719831758763,-0.4888257702494995,0.24059973896680525,0.8866545162166941,False
GUT_GENOME140786_2,GUT_GENOME140786_02508,412276,0.06064121401579257,0.04168196216674983,0.04201914087725781,0.0020438607458542974,0.1601546215307852,0.06325842798951346,1.0,0.018959251849042735,0.14731515536761572,-0.021239287112255652,-0.45890425489299824,0.23229487015988265,0.8903439456894401,False
GUT_GENOME140786_2,GUT_GENOME140786_02509,412791,0.08562404573645818,0.046726024119461015,0.0473183989250296,0.0024371033338392704,0.037124705643657406,0.0654259071196525,0.9999999999999457,0.03889802161699717,0.534158975134894,-0.018107508194622902,-0.41797377889392506,0.460027890560028,0.7945225225870229,False
GUT_GENOME140786_2,GUT_GENOME140786_02510,413522,0.07244371670970097,0.048693933962155704,0.04927382169672849,0.002403810980727006,0.09666083861865743,0.06723131493378942,0.99999999999996,0.023749782747545266,0.2402590678084089,-0.01795749323706093,-0.4160131731865997,0.2307913799289494,0.8910135090406548,False
GUT_GENOME140786_2,GUT_GENOME140786_02510,413541,0.09133369054626306,0.0629811789142786,0.0655008088818047,0.005016515929625121,0.09773374400161378,0.07872825515781613,0.9958151389271152,0.02835251163198446,0.3295593227254058,-0.013227446276011426,-0.3541942904667215,0.23406294259445246,0.889557197203926,False
GUT_GENOME140786_2,GUT_GENOME140786_02510,413549,0.10669010125533437,0.06794461699574485,0.07099470141119077,0.005452153714242623,0.044430652982888424,0.08337771484021436,0.9884330178176841,0.03874548425958953,0.5311995079920607,-0.012383013429023593,-0.34315805857248866,0.39993037045424695,0.8187592574993818,False
GUT_GENOME140786_2,GUT_GENOME140786_02510,413564,0.1550003369501807,0.08516620768647083,0.09099835572312781,0.007305210602236297,0.008563595816400682,0.09767335266812732,0.819570878702599,0.06983412926370987,1.1343686264856059,-0.006674996944999512,-0.2685576995285433,1.3589154187309034,0.5068918005220626,False
GUT_GENOME140786_2,GUT_GENOME140786_02510,413573,0.17780740882516646,0.08890515279324634,0.097320585716022,0.0077400564312071944,0.004736720632507737,0.1008566899386951,0.6761133279416298,0.08890225603192012,1.5043205884505042,-0.0035361042226730866,-0.22753425035992828,2.3147522679229255,0.31430980669554065,False
GUT_GENOME140786_2,GUT_GENOME140786_02510,413826,0.164223372223072,0.08635812007933975,0.09494922779707708,0.00837377717472564,0.008894922432853464,0.10286468439429529,0.827738750991309,0.07786525214373226,1.2901851732477574,-0.007915456597218207,-0.2847697647343893,1.7456716001752253,0.4177651693707052,False
GUT_GENOME140786_2,GUT_GENOME140786_02510,413994,0.16535418358634196,0.10138317386947325,0.11534005090993031,0.012018831970323553,0.01941605628462018,0.10013489002843685,0.10291570527543309,0.06397100971686871,1.0206147897319697,0.015205160881493457,0.01740286739747207,1.0419574088132868,0.5939389727316027,False
GUT_GENOME140786_2,GUT_GENOME140786_02510,414240,0.1823569430623812,0.10012542750674677,0.11399788545463793,0.011053752205551843,0.0060193194442684185,0.10311931548540645,0.16252044400554522,0.08223151555563443,1.3748976222116354,0.010878569969231477,-0.03914308624411051,1.8918756527639227,0.38831522781801375,False
GUT_GENOME140786_2,GUT_GENOME140786_02510,414382,0.13723975768854632,0.10002572044787233,0.10554020918229251,0.010146073694282876,0.09744473662458691,0.10142229557651204,0.34242171612575456,0.037214037240673986,0.5014870020820595,0.004117913605780468,-0.12750081847872746,0.267745671969997,0.8747012880590901,False
GUT_GENOME140786_2,GUT_GENOME140786_02510,414466,0.11085278433731222,0.09404816018714,0.09684324885403116,0.009747703890119436,0.2492861093005425,0.0995354327933662,0.6087975761382486,0.016804624150172212,0.10551195392100182,-0.002692183939335041,-0.21650471736581497,0.05800706506187904,0.97141303291395,False
GUT_GENOME140786_2,GUT_GENOME140786_02510,414524,0.08597703065534575,0.09290625504574272,0.09111340038646899,0.009296624093486396,0.6387789551475533,0.09643667860971261,0.7165433590233939,-0.006929224390396976,-0.35496242509349435,-0.005323278223243619,-0.25089154487540843,0.18894489051822366,0.9098528050389132,False
GUT_GENOME140786_2,GUT_GENOME140786_02511,415331,0.0796643751731524,0.08976457145163622,0.08537237228003866,0.012926908898729404,0.6949067523889817,0.09606822143894642,0.7959975433932704,-0.010100196278483811,-0.4164843189634799,-0.010695849158907755,-0.3211078313755228,0.27656942731316486,0.8708507133551195,False
GUT_GENOME140786_2,GUT_GENOME140786_02511,415332,0.07887288102904641,0.1327976565840106,0.11937172060359835,0.015234276021707262,0.9985147171169761,0.09586083383326713,0.06138036621959944,-0.053924775554964194,-1.2667508020167546,0.023510886770331224,0.1259537335629938,1.6205219374085487,0.4447419873369499,False
GUT_GENOME140786_2,GUT_GENOME140786_02511,415436,0.06785131125735122,0.11185255974803705,0.10637273208074234,0.009375026127011384,0.9940595168316413,0.09137033381517373,0.05477141676758452,-0.04400124849068583,-1.0742186067115453,0.015002398265568609,0.014752881366244022,1.1541632625139002,0.5615347430712931,False
GUT_GENOME140786_2,GUT_GENOME140786_02511,415466,0.06849395147590932,0.1004824985228411,0.09737820275074459,0.008486379043999272,0.9674426726971548,0.0836641781517074,0.053046697200085445,-0.03198854704693177,-0.8411531083730052,0.013714024599037186,-0.0020853913288358503,0.707542900582563,0.7020353990073451,False
GUT_GENOME140786_2,GUT_GENOME140786_02511,415614,0.06421792237488186,0.08068829485482736,0.07927071111876297,0.005496621248726156,0.8774621974653479,0.07218871927986495,0.0987987897000952,-0.016470372479945497,-0.5400758606204086,0.007081991838898016,-0.0887620900528725,0.29956064385542924,0.8608970758638591,False
GUT_GENOME140786_2,GUT_GENOME140786_02511,415715,0.05660004283545968,0.0658890233901126,0.06418848523555899,0.004879291372491962,0.7472193272520021,0.061985645263036133,0.3258264329588468,-0.009288980554652923,-0.40074544475438106,0.002202839972522859,-0.15252968464203825,0.18386221618838633,0.9121679883716572,False
GUT_GENOME140786_2,GUT_GENOME140786_02511,416022,0.047226931436147715,0.06798380003878585,0.06179743877611394,0.005577744891760393,0.9293293169583148,0.0613572477070653,0.468548452557432,-0.02075686860263813,-0.6232406974091412,0.0004401910690486413,-0.17556645081740352,0.4192525455596525,0.8108872399821785,False
GUT_GENOME140786_2,GUT_GENOME140786_02514,417727,0.046746489965004516,0.0767591662406877,0.0689426271082575,0.006193310448053722,0.979877006063971,0.059561939492583905,0.06493073709146831,-0.03001267627568318,-0.8028180753989652,0.009380687615673601,-0.0587195120820104,0.647964843286448,0.7232629560423836,False
GUT_GENOME140786_2,GUT_GENOME140786_02516,420556,0.04844526152536776,0.0766940968858099,0.06908551643477528,0.006245137387557824,0.9651146186379924,0.05945655877674403,0.06155711476136213,-0.02824883536044214,-0.7685967585848107,0.009628957658031255,-0.05547477122473113,0.593818427549514,0.7431114735852402,False
GUT_GENOME140786_2,GUT_GENOME140786_02516,420863,0.057829231384660354,0.07760356809576864,0.07205274734850124,0.006206391801636613,0.8945628984715901,0.05924543826415126,0.01952936572784167,-0.019774336711108287,-0.6041780172946715,0.012807309084349981,-0.013935620412038312,0.36522527809838873,0.8330908000875747,False
GUT_GENOME140786_2,GUT_GENOME140786_02516,421209,0.061118729020645066,0.07010520560597161,0.06809816858175113,0.005184804967067263,0.7055386409809317,0.06089736685418939,0.08244254652361171,-0.008986476585326544,-0.3948763870165733,0.007200801727561747,-0.08720931591896934,0.16353282580631717,0.9214871810741886,False
GUT_GENOME140786_2,GUT_GENOME140786_02516,421248,0.053748520510683365,0.06870178059696014,0.06653711357388706,0.00498695679362123,0.8322085805189563,0.06403482491325241,0.3079158334698902,-0.014953260086276773,-0.5106414692204773,0.0025022886606346495,-0.14861606951655612,0.28284144620619744,0.8681239950334113,False
GUT_GENOME140786_2,GUT_GENOME140786_02516,421335,0.06745165826614023,0.08054604953463003,0.08005101603811615,0.005156634555191213,0.7814831319040385,0.08195395454071397,0.6439462812182029,-0.013094391268489797,-0.47457646008060933,-0.0019029385025978174,-0.2061897518923999,0.26773703024809165,0.8747050675298963,False
GUT_GENOME140786_2,GUT_GENOME140786_02517,421665,0.07373895838012585,0.07693249774775326,0.07718368734124696,0.006694833231828854,0.566203648834964,0.09328112344590087,0.9919017358795561,-0.00319353936762741,-0.2824841989805575,-0.016097436104653903,-0.39170333976054217,0.23322882905324993,0.8899282704297791,False
GUT_GENOME140786_2,GUT_GENOME140786_02517,421728,0.08472803275434715,0.08127691005989839,0.0819927902972371,0.009878878889221418,0.4329578379436004,0.09868696804495404,0.9544751033602821,0.0034511226944487633,-0.15356719542061442,-0.016694177747716935,-0.39950239586936265,0.18318504781471412,0.9124768863192871,False
GUT_GENOME140786_2,GUT_GENOME140786_02517,421738,0.0724874680815548,0.08662513412071074,0.08344518479231998,0.010629918834025384,0.7891539385695383,0.09902078134453612,0.9285750239286692,-0.014137666039155936,-0.4948176485816151,-0.015575596552216145,-0.3848832091452669,0.392979590029798,0.8216097157673802,False
GUT_GENOME140786_2,GUT_GENOME140786_02517,422180,0.06520508516488786,0.08665706656750044,0.07965753370256608,0.011493358145569482,0.909700462925951,0.09839573978512256,0.9484863156427372,-0.021451981402612577,-0.6367269903871271,-0.018738206082556483,-0.42621662279947276,0.5870818698380367,0.7456187003982677,False
GUT_GENOME140786_2,GUT_GENOME140786_02517,422182,0.07096316221964809,0.08644312770300694,0.07822735909687617,0.012477063037065748,0.7939372939139271,0.09544565777317157,0.9162060814503782,-0.015479965483358851,-0.5208603909528874,-0.0172182986762954,-0.40635234270533166,0.43641777328570597,0.8039574881448515,False
GUT_GENOME140786_2,GUT_GENOME140786_02518,422740,0.06230587170649752,0.07829319651642534,0.07495316493160355,0.009026125572440421,0.8178219894994154,0.0922402797197676,0.9722684695785399,-0.015987324809927823,-0.5307039681729794,-0.017287114788164054,-0.4072517280991507,0.4475006718742913,0.7995147195468992,False
GUT_GENOME140786_2,GUT_GENOME140786_02518,422947,0.06711178348785851,0.07913377770194224,0.07657607173302089,0.009791694271203733,0.7236783388975009,0.09557508684359725,0.9738295621390275,-0.012021994214083731,-0.45377025299453494,-0.01899901511057636,-0.42962524069443525,0.3904852899444757,0.8226350255841453,False
GUT_GENOME140786_2,GUT_GENOME140786_02518,422975,0.08104978243259259,0.08866175634061474,0.08757645674549816,0.01099068983658127,0.6204200831223913,0.09940930087463994,0.8591759358361053,-0.007611973908022152,-0.368208850746439,-0.011832844129141776,-0.33596767511423964,0.24845203648968067,0.8831802034832844,False
GUT_GENOME140786_2,GUT_GENOME140786_02518,423118,0.09859043028203042,0.08485501480930376,0.08736382927747013,0.009795395959717686,0.30309406233201597,0.10191318899694701,0.9312713023785852,0.013735415472726664,0.0459644280573878,-0.014549359719476879,-0.37147090797186555,0.14010336411608498,0.9323456331196363,False
GUT_GENOME140786_2,GUT_GENOME140786_02518,423122,0.09726578105017439,0.08722367517564535,0.08893253736467839,0.009367908354493191,0.358859839290002,0.102018750230627,0.9187810941538495,0.010042105874529042,-0.02569164747672963,-0.013086212865948604,-0.3523484543292163,0.12480949401825638,0.9395025489792176,False
GUT_GENOME140786_2,GUT_GENOME140786_02519,423557,0.08544678948183228,0.0755600554139095,0.076981830193232,0.007370668586315895,0.34677151820768104,0.09526993563801694,0.9934529623188281,0.009886734067922773,-0.02870610743846268,-0.018288105444784944,-0.4203340768612042,0.1775047767750293,0.9150721280096968,False
GUT_GENOME140786_2,GUT_GENOME140786_02519,423760,0.07685863424222339,0.08867069720824838,0.08743250883659832,0.007961621234885833,0.7011017838847284,0.08907579913126826,0.5817613371104827,-0.011812062966024994,-0.44969725316391973,-0.001643290294669933,-0.20279630522125755,0.24335396091456798,0.8854343349077388,False
GUT_GENOME140786_2,GUT_GENOME140786_02519,423767,0.08136887039213261,0.0816079702130491,0.08149653351938045,0.0071065960713727625,0.5043641298322336,0.08083344062586797,0.4628299622355919,-0.0002390998209164802,-0.22516337664185732,0.0006630928935124764,-0.1726532573844319,0.08050769346621778,0.9605455768451234,False
GUT_GENOME140786_2,GUT_GENOME140786_02519,423892,0.08931507702059623,0.07915663640655651,0.07987592230259627,0.006704392707248551,0.3364230528153903,0.07839509930051423,0.4125954473412282,0.010158440614039713,-0.023434568653528186,0.001480823002082035,-0.16196601429901475,0.026782168795885575,0.9866981772915665,False
GUT_GENOME140786_2,GUT_GENOME140786_02519,424687,0.0899744230533851,0.06968851153337707,0.07104050222658703,0.005453443298205221,0.1894034083186093,0.07446239317772099,0.7348255370288719,0.020285911520008026,0.17305446128368304,-0.00342189095113396,-0.226041551260644,0.08104262946650412,0.9602886959958732,False
GUT_GENOME140786_2,GUT_GENOME140786_02519,425137,0.0829491186717741,0.06567988096537382,0.06667661109473888,0.005063375009043421,0.23342985234832997,0.07353013012281767,0.9120596209554226,0.01726923770640028,0.1145261952658109,-0.006853519028078792,-0.2708908763040943,0.08649811626686277,0.9576728441513612,False
GUT_GENOME140786_2,GUT_GENOME140786_02520,425485,0.08158602036358363,0.06527593469548526,0.06624510360978046,0.004749507581630339,0.2429984453161445,0.07188902483535553,0.8826457546101769,0.01631008566809837,0.09591712145872883,-0.005643921225575069,-0.2550821570023712,0.07426700100991088,0.9635474926854922,False
GUT_GENOME140786_2,GUT_GENOME140786_02522,427111,0.07095608718174688,0.06884363806690987,0.06888509139392385,0.00546977917611959,0.4612361013020845,0.07190004501923483,0.7092524207027726,0.0021124491148370172,-0.17953959025667116,-0.0030149536253109843,-0.22072312397513358,0.08095316192687556,0.9603316542901912,False
GUT_GENOME140786_2,GUT_GENOME140786_02522,427114,0.0697866670706557,0.07905321224643533,0.0779845605140488,0.006059098516980519,0.6850435353395866,0.07307939201407618,0.2090982272974342,-0.009266545175779628,-0.40031016275041204,0.00490516849997262,-0.11721186820498294,0.17398684844936368,0.9166831235155914,False
GUT_GENOME140786_2,GUT_GENOME140786_02522,427347,0.06903299138977646,0.08184665501015913,0.08072735205826778,0.005708749530805274,0.7510671620415063,0.07380833930068649,0.11275591116515488,-0.012813663620382665,-0.46912989758092166,0.0069190127575812915,-0.09089212909829386,0.22834423993630695,0.8921043936873964,False
GUT_GENOME140786_2,GUT_GENOME140786_02523,427502,0.07275888400417392,0.08704518128273524,0.085328311056007,0.006890654789417375,0.7337884622965887,0.07667402187136925,0.1045678044281868,-0.014286297278561316,-0.49770133082768486,0.008654289184637745,-0.0682131048065413,0.2523596423749968,0.8814563280076957,False
GUT_GENOME140786_2,GUT_GENOME140786_02523,427566,0.07624667632051593,0.08700091969262003,0.08561906589470245,0.006976855968862712,0.6732648826871397,0.07757809938852978,0.12455371435046209,-0.010754243372104094,-0.4291738719774478,0.00804096650617267,-0.07622886512386835,0.19000105226618763,0.9093724560171619,False
GUT_GENOME140786_2,GUT_GENOME140786_02523,427826,0.08210668306150876,0.08152286906510328,0.0815032239189742,0.005521348257186178,0.4915799168307615,0.07754174132493175,0.23653755380292252,0.0005838139964054745,-0.20919754082867031,0.003961482594042456,-0.12954527817395178,0.06054559018592973,0.9701808368745848,False
GUT_GENOME140786_2,GUT_GENOME140786_02523,428074,0.07829348637653735,0.06845062772760176,0.06941426636118597,0.0052632337150244615,0.3562157297201657,0.07730741790505455,0.9331509789295451,0.009842858648935596,-0.029557360292696858,-0.007893151543868576,-0.28447825103728736,0.08180151286070617,0.9599243915438783,False
GUT_GENOME140786_2,GUT_GENOME140786_02523,428325,0.05915632823038719,0.05648194930835459,0.05660966017581209,0.0033690786709108136,0.44549993061729215,0.0695592409478625,0.9999393926540038,0.002674378922032601,-0.1686372589901754,-0.012949580772050412,-0.35056275463997055,0.1513327700604837,0.9271254579026754,False
GUT_GENOME140786_2,GUT_GENOME140786_02524,429258,0.05106325126802054,0.05596272875339206,0.055735817349060864,0.0034110447070257828,0.6278587653578023,0.06873621870770616,0.9999308717694954,-0.00489947748537152,-0.315582109505377,-0.013000401358645296,-0.35122694928927006,0.22295243774691126,0.8945126636691779,False
GUT_GENOME140786_2,GUT_GENOME140786_02524,429865,0.05001495215119227,0.059648181602300954,0.05900186567936006,0.003370099904461008,0.812846392473322,0.0726396059356073,0.999974026211784,-0.009633229451108685,-0.4074244204186494,-0.013637740256247234,-0.3595565872163592,0.2952755977641477,0.8627435450338603,False
GUT_GENOME140786_2,GUT_GENOME140786_02525,430345,0.05091125104656396,0.05955742766056027,0.05907569787126857,0.0030162423413436627,0.7823348760949522,0.07311996396446696,0.9999983896045362,-0.00864617661399631,-0.38827402677528805,-0.014044266093198393,-0.3648696365886022,0.2838865715725958,0.867670464338646,False
GUT_GENOME140786_2,GUT_GENOME140786_02525,430586,0.05305141373642659,0.062494228617076174,0.06208422921565001,0.002952042214466799,0.7936291480591595,0.07411144066045736,0.999976913640519,-0.009442814880649582,-0.40373007514895615,-0.012027211444807347,-0.3385079395958932,0.27758559874923866,0.8704083589316202,False
GUT_GENOME140786_2,GUT_GENOME140786_02525,431000,0.051144248690532475,0.06707069491922107,0.06659064871386193,0.0028010311210390675,0.9262613154862357,0.07413787305455091,0.9964747020655451,-0.0159264462286886,-0.5295228269499916,-0.007547224340688982,-0.2799571895385174,0.35877045223541615,0.8357838715981597,False
GUT_GENOME140786_2,GUT_GENOME140786_02525,431515,0.05714972424125097,0.07209215101250256,0.07160444281515578,0.0030309388951290177,0.8981355038221347,0.07638001102119915,0.9424417863464898,-0.014942426771251592,-0.5104312856929148,-0.004775568206043371,-0.2437333027698603,0.31994602029322644,0.8521667885125158,False
GUT_GENOME140786_2,GUT_GENOME140786_02525,431522,0.052281633194846744,0.07941167086995345,0.0784837673895089,0.003520536014606226,0.9858453377620879,0.08076927061111945,0.7418928044215648,-0.027130037675106702,-0.7468903055198104,-0.0022855032216105575,-0.21118964379456492,0.602446194125551,0.7399126819856991,False
GUT_GENOME140786_2,GUT_GENOME140786_02525,432047,0.060382188072779897,0.08318063630818238,0.08262011081594361,0.0033678235879796856,0.9456492173457081,0.08153436973574345,0.37357993023266944,-0.022798448235402488,-0.6628505867197125,0.0010857410802001671,-0.1671294985507948,0.4673031696005073,0.7916375864192721,False
GUT_GENOME140786_2,GUT_GENOME140786_02525,432252,0.053521758177355196,0.07667757624029788,0.07615128197205921,0.002913971183516745,0.9674821134850569,0.07695523043561862,0.6086854298290496,-0.02315581806294268,-0.6697841292985235,-0.0008039484635594119,-0.1918266098574305,0.48540822810957607,0.7845036030239922,False
GUT_GENOME140786_2,GUT_GENOME140786_02526,432643,0.048215456503067966,0.07154458639056852,0.07109614887768667,0.002605299775927811,0.9698912060805703,0.07161855454560281,0.5794616838654328,-0.02332912988750055,-0.6731466541184127,-0.0005224056679161426,-0.188147014029351,0.4885257168389747,0.783281715006623,False
GUT_GENOME140786_2,GUT_GENOME140786_02526,433011,0.039590663997171066,0.06307920085445444,0.06272550248634924,0.0019848719604293624,0.9898520357809113,0.06118586602193338,0.21896734196328654,-0.023488536857283374,-0.6762394026583664,0.0015396364644158639,-0.16119735754775955,0.48328431778812436,0.7853371531919466,False
GUT_GENOME140786_2,GUT_GENOME140786_02526,433140,0.04393800177429337,0.06378317978593448,0.06348978394197045,0.0019218501697172918,0.9688024847021118,0.059827214661018244,0.02834121229175019,-0.01984517801164111,-0.6055524511044967,0.0036625692809522103,-0.13345189626833875,0.38450317965627934,0.8250992557961924,False
GUT_GENOME140786_2,GUT_GENOME140786_02526,433306,0.04518321995767804,0.06422766988326387,0.06398989218041268,0.001754973515646061,0.9459986493289845,0.057584879569019275,0.00013130664355504005,-0.019044449925585828,-0.5900170537349756,0.006405012611393403,-0.09760980336598,0.35764779741124636,0.8362531516934348,False
GUT_GENOME140786_2,GUT_GENOME140786_02531,437601,0.050471302437060266,0.06578981988029117,0.06557994982591964,0.001990780581190528,0.8937078045507718,0.056121181059953625,1.0106328493393817e-06,-0.015318517443230907,-0.5177280424046128,0.009458768765966012,-0.057699038181368886,0.27137150489916756,0.8731169642496621,False
GUT_GENOME140786_2,GUT_GENOME140786_02531,437977,0.0532444020752078,0.0673226208076724,0.06716672526202515,0.001888174424554851,0.8499825008620794,0.056942632772838814,3.067811473310344e-08,-0.0140782187324646,-0.4936642763594074,0.010224092489186334,-0.04769671518582719,0.24597939439297528,0.8842727730025208,False
GUT_GENOME140786_2,GUT_GENOME140786_02535,441940,0.051007474101408004,0.060881834219144185,0.06083976569363806,0.0016378814360832536,0.7693993858050876,0.0568459312549172,0.007375916552256118,-0.00987436011773618,-0.41210273855095114,0.00399383443872086,-0.1291224589274591,0.18650127652066695,0.9109651489603853,False
GUT_GENOME140786_2,GUT_GENOME140786_02535,441974,0.053598788526660085,0.06372311723277302,0.06358180859305594,0.0018202879202478793,0.772266409688901,0.05719730718606811,0.0002262431930300956,-0.010124328706112934,-0.4169525264102258,0.006384501406987833,-0.0978778725310502,0.18342948721107455,0.9123653704844994,False
GUT_GENOME140786_2,GUT_GENOME140786_02538,444100,0.04990507599770068,0.06304101406029211,0.06285561322788716,0.0017488709957658069,0.8653720419082795,0.058500454559685215,0.006382327874378305,-0.013135938062591432,-0.47538253391146285,0.004355158668201943,-0.12440016751046536,0.24146395522471495,0.8862714683576693,False
GUT_GENOME140786_2,GUT_GENOME140786_02538,444268,0.05804116495043677,0.06417790403338008,0.06408967776317696,0.0017925967242764951,0.6634820710015805,0.058805858456349516,0.0016013678664713062,-0.006136739082943314,-0.3395869507280931,0.0052838193068274475,-0.11226312879213955,0.12792230719100484,0.9380414383601162,False
GUT_GENOME140786_2,GUT_GENOME140786_02538,444281,0.0747659351837919,0.06738417413576431,0.0674890001414304,0.0020138605820608415,0.3339738078889714,0.06033652002612406,0.0001914291319255986,0.007381761048027596,-0.07730656487428972,0.007152480115306344,-0.08784085046935557,0.01369231998384245,0.9931772215729906,False
GUT_GENOME140786_2,GUT_GENOME140786_02538,444592,0.07116068731494513,0.07038533563521673,0.07041748410438141,0.0022816755527099828,0.48208263851525757,0.061091751374526174,2.1827715469648103e-05,0.0007753516797283921,-0.20548140538459198,0.009325732729855235,-0.059437739547670926,0.04575545284136379,0.9773819844608409,False
GUT_GENOME140786_2,GUT_GENOME140786_02538,445716,0.07047998375161009,0.07284924143484302,0.07267500023404302,0.004399651371822928,0.5507147372386757,0.06100145565502058,0.0039855848835140045,-0.002369257683232928,-0.26649182437237817,0.011673544579022442,-0.028753243907948093,0.0718446414925484,0.9647152289316618,False
GUT_GENOME140786_2,GUT_GENOME140786_02540,449112,0.07842809558243684,0.06679579768375317,0.06717025681596757,0.0029306327433227604,0.2926152194545676,0.061993080511089295,0.03864989367857966,0.011632297898683669,0.005160604891223072,0.005177176304878274,-0.11365688899889423,0.01294452025975028,0.9935486398314148,False
GUT_GENOME140786_2,GUT_GENOME140786_02540,449127,0.06613141085545812,0.06642707105560691,0.06653301622189978,0.0030532428426425337,0.5071733374594717,0.06185832671689845,0.06287762550109423,-0.0002956602001487896,-0.22626073788351617,0.004674689505001328,-0.12022409072134552,0.06564775349736753,0.9677089806330343,False
GUT_GENOME140786_2,GUT_GENOME140786_02540,449256,0.056588455174198214,0.06204610431979221,0.061791169082969756,0.003226788970270187,0.6325093161530805,0.061620541275581364,0.4789143516889474,-0.005457649145593997,-0.3264115267482272,0.00017062780738839184,-0.17908948130640004,0.13861752710870406,0.9330385472998289,False
GUT_GENOME140786_2,GUT_GENOME140786_02540,449547,0.05277101564607152,0.059377680415435,0.05922612044546961,0.002992171737359007,0.6517281444606414,0.060711805006117996,0.6902375594044035,-0.006606664769363481,-0.3487042558405533,-0.0014856845606483829,-0.20073649260889045,0.1618897975062332,0.9222445068668583,False
GUT_GENOME140786_2,GUT_GENOME140786_02540,449710,0.041600733332338,0.04949011644851149,0.04959624961140968,0.0029771711822968866,0.7532631549019243,0.05562422263491112,0.9785525418157214,-0.007889383116173494,-0.3735910302373902,-0.006027973023501436,-0.2601014841358804,0.20722303992352226,0.9015754734730079,False
GUT_GENOME140786_2,GUT_GENOME140786_02540,449712,0.04551217096450694,0.041778847375458096,0.042503204369444735,0.0048689393073436124,0.40771780527476154,0.05550332997422603,0.9962075713976446,0.003733323589048841,-0.14809204959771158,-0.013000125604781296,-0.3512233453513138,0.1452890934738193,0.9299313184073039,False
GUT_GENOME140786_2,GUT_GENOME140786_02541,450228,0.06569926661146942,0.048673715565732883,0.05103508612205521,0.006014346114111778,0.15699897047641392,0.05454465259052737,0.7202325599294895,0.01702555104573654,0.10979828678727468,-0.0035095664684721625,-0.22718741779608587,0.0636697865862739,0.9686665022131199,False
GUT_GENOME140786_2,GUT_GENOME140786_02549,459877,0.0812793741717522,0.055559958359512794,0.05712538286759601,0.004193838393345568,0.13585798839990343,0.05696472813625327,0.48472132518843497,0.025719415812239403,0.27847307936246174,0.0001606547313427395,-0.17921982344116097,0.10966700104389282,0.9466427503565984,False
GUT_GENOME140786_2,GUT_GENOME140786_02549,460367,0.05542824687666608,0.043149887827343504,0.04404557018387771,0.0031272041724230964,0.22490764657835405,0.04914107800953246,0.9483872141580086,0.012278359049322576,0.01769521792026144,-0.005095507825654752,-0.24791472210566537,0.06177483017397483,0.9695847275435464,False
GUT_GENOME140786_2,GUT_GENOME140786_02551,461183,0.05165598426493317,0.042045168671715295,0.04243383425355347,0.0029485126333240945,0.27067541293101727,0.049378831083095834,0.990749204375274,0.009610815593217872,-0.034059364331510966,-0.006944996829542367,-0.27208643641728486,0.0751910691809238,0.963102403731919,False
GUT_GENOME140786_2,GUT_GENOME140786_02551,461254,0.05076763435167892,0.04129340792009324,0.04168309919000908,0.002592138107377295,0.2598128773875731,0.0502631924477372,0.9995335947971061,0.00947422643158568,-0.03670941113176692,-0.00858009325772812,-0.29345616808423625,0.08746410345232461,0.9572104059900282,False
GUT_GENOME140786_2,GUT_GENOME140786_02621,542894,0.051720117765534694,0.03890153527295982,0.039481726456178916,0.00232407994926564,0.1764728480342822,0.04962456593073098,0.9999936216863823,0.012818582492574872,0.028176411230965353,-0.010142839474552065,-0.3138803257922471,0.09931476906930366,0.9515553862492216,False
GUT_GENOME140786_2,GUT_GENOME140786_02621,542895,0.06553588228312832,0.042157047874618464,0.04337566337954384,0.0026453212714381245,0.07495904248328578,0.04998722454707621,0.9937787823384205,0.023378834408509852,0.23306208052790883,-0.006611561167532365,-0.26772863188507623,0.12599655371105212,0.9389450916257852,False
GUT_GENOME140786_2,GUT_GENOME140786_02622,544626,0.0574573698977479,0.0433387252620659,0.04428785793370211,0.003058635779890929,0.1705493483006268,0.04974621200779316,0.9628345717299228,0.014118644635682,0.053399682838358574,-0.005458354074091051,-0.25265690539943425,0.06668703797325595,0.9672062488043184,False
GUT_GENOME140786_2,GUT_GENOME140786_02622,544851,0.06086244551342792,0.04577816887463807,0.04696865106019131,0.0035596269808243126,0.16502812692417534,0.049846771807359344,0.7906117178160601,0.015084276638789848,0.07213447826049818,-0.0028781207471680337,-0.21893480015598368,0.0531358296732548,0.9737819073505878,False
GUT_GENOME140786_2,GUT_GENOME140786_02623,546003,0.08174187483539899,0.05871349958071566,0.060169604138230956,0.004137097211099306,0.14384549201584906,0.057443254017527694,0.25494764695636085,0.023028375254683334,0.22626261600143885,0.0027263501207032623,-0.14568772034030336,0.07241968325776901,0.9644378930294141,False
GUT_GENOME140786_2,GUT_GENOME140786_02649,569395,0.059494866045436766,0.04247017679712522,0.04412284716316811,0.004812676904047967,0.10960315946474258,0.05076121113985778,0.9161065051312822,0.017024689248311548,0.1097815665476797,-0.006638363976689668,-0.268078928558556,0.08391830429076598,0.9589089491458487,False
GUT_GENOME140786_2,GUT_GENOME140786_02649,569519,0.0553915692215054,0.04953253920638628,0.049615608600847294,0.002406343726964896,0.3156878695226815,0.054388703350315724,0.9763467924747861,0.005859030015119122,-0.10684996680449417,-0.00477309474946843,-0.2437009761728565,0.07080708119372467,0.9652158338829951,False
GUT_GENOME140786_2,GUT_GENOME140786_02649,569671,0.05864339331017063,0.05172582484551789,0.05190822161430066,0.002206659197385963,0.2879574137677089,0.054232805259401995,0.8539303704012855,0.006917568464652739,-0.08631263867674545,-0.0023245836451013316,-0.2117004015388989,0.05226693160707345,0.9742050578706889,False
GUT_GENOME140786_2,GUT_GENOME140786_02649,569733,0.05735494023083891,0.05292441160152234,0.05304797971375721,0.002307568813072431,0.35859425292949887,0.05296404615049053,0.48549240871784766,0.004430528629316567,-0.1345651638330922,8.393356326667767e-05,-0.18022252318822093,0.050587941181755774,0.9750232417355867,False
GUT_GENOME140786_2,GUT_GENOME140786_02649,569746,0.07000151134827626,0.060046680762603596,0.06035743519784159,0.002742016412834012,0.24280484194270435,0.06254124724501567,0.7871076461698252,0.009954830585672661,-0.02738492677657676,-0.0021838120471740774,-0.20986060100959847,0.04479140607066835,0.9778532189976777,False
GUT_GENOME140786_2,GUT_GENOME140786_02649,569769,0.07638615296047382,0.06761721583883658,0.06787457980537498,0.0030195176279724793,0.27621943106835234,0.06431157187818898,0.11900161391430819,0.008768937121637246,-0.0503931445755415,0.0035630079271860016,-0.13475310357190007,0.020697867942470655,0.9897044319936648,False
GUT_GENOME140786_2,GUT_GENOME140786_02649,569821,0.077153650644767,0.07412314657846941,0.0739716405338935,0.003176361101965732,0.42795531832396555,0.06572861068481815,0.004727931209239082,0.003030504066297582,-0.1617278652449277,0.00824302984907535,-0.07358801817250621,0.03157109881523859,0.9843383893732103,False
GUT_GENOME140786_2,GUT_GENOME140786_02652,571950,0.08491667819402694,0.07907428046069791,0.07894642386368737,0.0034213904338378674,0.3808006705136969,0.06581714072493125,6.216900056579815e-05,0.0058423977333290356,-0.10717265950289043,0.013129283138756123,-0.009727612231129971,0.01158060538464172,0.9942264288012663,False
GUT_GENOME140786_2,GUT_GENOME140786_02653,573143,0.09860587078844081,0.08271244819357394,0.08265881018836337,0.003849363056502421,0.23939139225867045,0.06574894231661792,5.592423109928619e-06,0.01589342259486687,0.08783319568594111,0.01690986787174545,0.039682367446825045,0.009289360550589664,0.9953660895715182,False
GUT_GENOME140786_2,GUT_GENOME140786_02653,573707,0.09339796592828471,0.07719410850160673,0.07726185658045574,0.002963653373644285,0.23655326669801258,0.06575297318153937,5.151497512971597e-05,0.016203857426677987,0.09385612475951081,0.01150888339891637,-0.030905266977764603,0.009764107681839766,0.9951298440140688,False
GUT_GENOME140786_2,GUT_GENOME140786_02653,573708,0.0909278667647749,0.07779941643283315,0.07783217773832424,0.0029302143649545236,0.2933357264170313,0.06600871368347433,2.7299200802559744e-05,0.013128450331941752,0.0341883397500645,0.011823464054849908,-0.026793886089744236,0.0018867549066560302,0.9990570673872865,False
GUT_GENOME140786_2,GUT_GENOME140786_02655,575207,0.09792431151243074,0.07780863379260143,0.07803786428194659,0.0029665447476985175,0.2159181312493481,0.06614893849058734,3.0660648844447905e-05,0.020115677719829306,0.16975165502828024,0.01188892579135925,-0.025938340374186963,0.029488421886207438,0.9853639526867515,False
GUT_GENOME140786_2,GUT_GENOME140786_02655,575300,0.11627554769511446,0.07862390545836365,0.07928594565479825,0.00295984861544133,0.1378260480020012,0.0677802802985367,5.069359557267642e-05,0.03765164223675081,0.5099772344385051,0.01150566535626156,-0.0309473248691774,0.2610345165621044,0.8776413462370194,False
GUT_GENOME140786_2,GUT_GENOME140786_02655,575331,0.12160677483840496,0.07685862837907834,0.07827826984756174,0.003737086631835725,0.08988778502377559,0.06880853462682524,0.005638618737320895,0.04474814645932662,0.6476606939700951,0.009469735220736505,-0.057555713181238324,0.4227770346336261,0.8094595167416316,False
GUT_GENOME140786_2,GUT_GENOME140786_02656,576012,0.10421598057817479,0.08279809536118388,0.08309429398766541,0.00429982749954729,0.26119725360648693,0.06921446481197857,0.0006233019614752779,0.02141788521699091,0.19501654991368134,0.013879829175686836,8.157524945146719e-05,0.03803146139475669,0.9811639277285829,False
GUT_GENOME140786_2,GUT_GENOME140786_02658,577647,0.10865787524993005,0.10038106070241583,0.10041861507518422,0.0069007296775943855,0.4094358492426898,0.0690237073273045,2.688606199356828e-06,0.008276814547514222,-0.059941104584259094,0.031394907747879716,0.22899316893975985,0.05603080743985448,0.9723733885185452,False
GUT_GENOME140786_2,GUT_GENOME140786_02659,578420,0.10472418793660423,0.095702026633444,0.09652512518887271,0.00547594611939063,0.3961300087255051,0.06816067381526894,1.1104612421887296e-07,0.009022161303160234,-0.045480193035510506,0.028364451373603772,0.18938691793807746,0.03793585264463139,0.9812108327781063,False
GUT_GENOME140786_2,GUT_GENOME140786_02659,578470,0.09732173450270563,0.11016233970993593,0.10835152381705342,0.00821990757122406,0.6581997098246652,0.06887137533071548,7.815615290412573e-07,-0.012840605207230293,-0.4696526071807626,0.039480148486337935,0.33466242615614683,0.33257251091240614,0.8468037972843055,False
GUT_GENOME140786_2,GUT_GENOME140786_02659,578917,0.08361807527147837,0.09156968361258516,0.08976635831439012,0.009430743362075321,0.6050919844232415,0.0722863246186319,0.03190421763591196,-0.007951608341106794,-0.3747982984881006,0.01748003369575822,0.047134093507005134,0.14269538732030246,0.9311380850291266,False
GUT_GENOME140786_2,GUT_GENOME140786_02659,579073,0.06997374044006249,0.08159714002260467,0.07950501477029415,0.009426694784310026,0.6919775635040036,0.0808595866599599,0.5571294651075486,-0.011623399582542174,-0.4460368837045155,-0.0013545718896657566,-0.1990229284736273,0.23855902768305404,0.8875596808711087,False
GUT_GENOME140786_2,GUT_GENOME140786_02659,579247,0.07622458939807848,0.08303967752795637,0.08133175322961851,0.01011237480890373,0.6111032198667465,0.08772322110811089,0.7363210032713925,-0.006815088129877883,-0.35274800025650555,-0.006391467878492374,-0.26485214432910986,0.19457781004069127,0.9072938465182938,False
GUT_GENOME140786_2,GUT_GENOME140786_02659,579248,0.07279220129577509,0.09215458139259605,0.07924693352715324,0.018448017279602585,0.8080966262525757,0.09993898591100936,0.86899244224631,-0.019362380096820966,-0.5961854043048054,-0.020692052383856116,-0.4517522245276023,0.5595171086717214,0.7559662441944878,False
GUT_GENOME140786_2,GUT_GENOME140786_02660,579831,0.08294198486587152,0.08820591741743643,0.08456703731649665,0.018420785541609582,0.5884876157237773,0.10371919820642334,0.8507612347586232,-0.005263932551564904,-0.3226531169737705,-0.01915216088992669,-0.431626764368653,0.29040669761224236,0.8648464097436115,False
GUT_GENOME140786_2,GUT_GENOME140786_02660,579833,0.08212884237837824,0.09252090395309054,0.0868113452808112,0.017582954525796786,0.6732038275516995,0.10362128105261427,0.8304729515623672,-0.0103920615747123,-0.4221469695364355,-0.016809935771803064,-0.4010152839598601,0.33902132185820344,0.8440777557792847,False
GUT_GENOME140786_2,GUT_GENOME140786_02660,579912,0.08731365042004044,0.08542195491888091,0.08604074794936407,0.013699493129489891,0.4644882180175766,0.10776476685246023,0.9436023788582291,0.0018916955011595293,-0.18382256117896345,-0.02172401890309615,-0.4652394092741964,0.25023844194019695,0.8823916967192577,False
GUT_GENOME140786_2,GUT_GENOME140786_02660,579928,0.08177688497242291,0.08499428692378784,0.0846976373427123,0.01208845686742333,0.5596304759027317,0.10286341543243516,0.9335466325652872,-0.003217401951364926,-0.282947171026976,-0.01816577808972286,-0.4187353315467734,0.255398379477755,0.8801180878809298,False
GUT_GENOME140786_2,GUT_GENOME140786_02660,580126,0.08929965850944852,0.11487470357681011,0.11265380899210617,0.00789888919739984,0.8703696946848822,0.09612420038461669,0.018190215426313314,-0.025575045067361593,-0.7167209777683664,0.016529608607489477,0.03471260645845395,0.5148939250203827,0.7730226244058195,False
GUT_GENOME140786_2,GUT_GENOME140786_02660,580209,0.09282827782850443,0.10194331833802049,0.10065348980556932,0.0054190481050505074,0.65949707957681,0.0838848033399885,0.0009860668280158164,-0.00911504050951606,-0.3973707314569046,0.016768686465580815,0.03783721096914338,0.15933515275251886,0.9234232630779888,False
GUT_GENOME140786_2,GUT_GENOME140786_02660,580332,0.0861192049846324,0.0941639531634479,0.09305699307909156,0.004505129186132548,0.6489162166887317,0.0768697171718934,0.00016339800436185157,-0.008044748178815508,-0.3766053593554993,0.01618727590719815,0.030238522961026453,0.1427459649661493,0.9311145379407174,False
GUT_GENOME140786_2,GUT_GENOME140786_02660,580386,0.06423577348092131,0.07156331567896072,0.07133040474802692,0.002657230108837889,0.6555716048264397,0.056580454486283856,1.4212222748329582e-08,-0.007327542198039411,-0.3626904235599481,0.014749950261743063,0.011453537053202335,0.13167552685312367,0.93628275127581,False
GUT_GENOME140786_2,GUT_GENOME140786_02661,581385,0.049348182260348795,0.06730578931869306,0.06487722559262671,0.003866311655965651,0.8864088499670523,0.052547749066110365,0.0007139516065255481,-0.017957607058344267,-0.568930574922914,0.012329476526516343,-0.02018060594721425,0.3240892559385142,0.8504032519231822,False
GUT_GENOME140786_2,GUT_GENOME140786_02661,581730,0.04323421698155157,0.06635534404466951,0.0631527453602116,0.0038941983390691852,0.9590777902038965,0.051398438175569314,0.001270502819163498,-0.023121127063117947,-0.6691110687717243,0.011754307184642293,-0.027697724991100472,0.4484767863225218,0.7991246058188932,False
GUT_GENOME140786_2,GUT_GENOME140786_02663,587698,0.052561757904136114,0.06555239002663604,0.06321026861800005,0.004349959754532791,0.8122540839434083,0.05140797870898518,0.003331892048423768,-0.012990632122499929,-0.4725633677565773,0.01180228990901487,-0.027070619502509198,0.22404895498568778,0.8940223738062723,False
GUT_GENOME140786_2,GUT_GENOME140786_02773,685755,0.055625997757181134,0.06461998479519329,0.061560933573196,0.004656506695204561,0.7085020256543042,0.05115967756239545,0.012751289275784445,-0.008993987038012158,-0.39502210173412594,0.010401256010800553,-0.04538129399548876,0.15810192270315113,0.9239928353215002,False
GUT_GENOME140786_2,GUT_GENOME140786_02774,686479,0.05788184344211919,0.07325883391135046,0.06931216255334009,0.004890787686211703,0.8225834865368997,0.05374570993244564,0.0007292640456826596,-0.015376990469231272,-0.5188625120331095,0.015566452620894455,0.0221247341885653,0.2697078102562234,0.8738435664268436,False
GUT_GENOME140786_2,GUT_GENOME140786_02774,686483,0.07676515591353728,0.058636066316943965,0.05867882713504511,0.0025735287817081824,0.19510572199032977,0.05404753717787963,0.03596290641302842,0.01812908959659331,0.13120868839389682,0.0046312899571654825,-0.12079129683575682,0.031806257301310634,0.984222658414409,False
GUT_GENOME140786_2,GUT_GENOME140786_02774,686503,0.05794417943359527,0.0625091277301657,0.06244686342139035,0.001936408109348138,0.603790471841849,0.052340504362692185,8.98844307246567e-08,-0.004564948296570434,-0.3090917116159621,0.010106359058698167,-0.04923542065566508,0.09796181283682537,0.9521993104201576,False
GUT_GENOME140786_2,GUT_GENOME140786_02774,686649,0.06768074576920205,0.075355089822966,0.0751680775081264,0.002776284105447184,0.6557498178185908,0.06567936035794777,0.00031567523779443135,-0.007674344053763951,-0.3694189306911394,0.009488717150178627,-0.05730763072462797,0.13975451089225518,0.9325082731935211,False
GUT_GENOME140786_2,GUT_GENOME140786_02774,686664,0.06459386531116186,0.061015488245120444,0.06098917458837715,0.0037958262228180223,0.41133852745987587,0.06824167077202598,0.9719752265922118,0.003578377066041416,-0.1510982583817754,-0.0072524961836488225,-0.27610526892877596,0.09906480321623745,0.9516743218584589,False
GUT_GENOME140786_2,GUT_GENOME140786_02774,686665,0.065367506455637,0.05584126099778089,0.056133599455818646,0.003213505376513062,0.27145407123191323,0.07029989575355565,0.9999947922421759,0.009526245457856117,-0.03570015935458995,-0.014166296297737004,-0.36646449832354394,0.13557072990946983,0.9344610201376393,False
GUT_GENOME140786_2,GUT_GENOME140786_02774,687004,0.05120757399080578,0.04995511611460942,0.05002411849036413,0.002251970282239768,0.4628245623200364,0.06836485505540572,0.9999999999999998,0.001252457876196357,-0.19622478696609064,-0.018340736565041593,-0.42102193410180966,0.2157636360147162,0.8977336861172531,False
GUT_GENOME140786_2,GUT_GENOME140786_02776,689236,0.06309934461099094,0.05249135474593884,0.05262406171222426,0.002408470270810801,0.28040240117162596,0.0698777900251807,0.9999999999996075,0.010607989865052098,-0.014712598769776859,-0.01725372831295644,-0.40681538685089563,0.1657152195412043,0.9204822055615962,False
GUT_GENOME140786_2,GUT_GENOME140786_02777,689501,0.04612146745579961,0.04443870017414501,0.04445429655327499,0.0014960967097516912,0.4450965362765107,0.062147869580176256,1.0,0.001682767281654604,-0.18787610066164304,-0.017693573026901263,-0.4125638940031968,0.20550639583490488,0.9023496477744034,False
GUT_GENOME140786_2,GUT_GENOME140786_02777,689672,0.04619022282096513,0.045729232954833804,0.04574228534044007,0.001136556282470502,0.48530953638698615,0.06028412334665297,1.0,0.0004609898661313283,-0.211580524145485,-0.0145418380062129,-0.37137260368145414,0.1826839289628206,0.9127055446491666,False
GUT_GENOME140786_2,GUT_GENOME140786_02777,689754,0.04550117310846686,0.045682984200032715,0.04569706155460714,0.0010755229456057998,0.5066683315326812,0.05988850753274191,1.0,-0.00018181109156585606,-0.22405188425042463,-0.014191445978134765,-0.3667931895935787,0.18473649076839666,0.9117693328691322,False
GUT_GENOME140786_2,GUT_GENOME140786_02781,693388,0.04868940658478249,0.04155739602764057,0.04161392762354143,0.0009131013309656213,0.29194323563376223,0.056692246683517834,1.0,0.007132010557141924,-0.08215212129564149,-0.015078319059976406,-0.37838408995572237,0.149923490564994,0.927778977572387,False
GUT_GENOME140786_2,GUT_GENOME140786_02783,695113,0.054128983242832475,0.042217533148708165,0.04231301278146824,0.0009478144897080797,0.20695777318649783,0.05735987337437939,1.0,0.01191145009412431,0.010576601105504952,-0.015046860592911146,-0.3779729466199228,0.142975412867492,0.9310077229296345,False
GUT_GENOME140786_2,GUT_GENOME140786_02784,696050,0.04964772841905913,0.04389921633369813,0.04398574285487592,0.0011114668243344449,0.3431308266903795,0.05937155079396097,1.0,0.005748512085361,-0.1089941902745458,-0.015385807939085047,-0.3824027855652616,0.15811162392167533,0.9239883534041651,False
GUT_GENOME140786_2,GUT_GENOME140786_02786,697599,0.05433110956626683,0.04638162050684472,0.04642653399856844,0.0011342988116174971,0.3006663005615747,0.05925250081152881,1.0,0.00794948905942211,-0.0662917392319519,-0.012825966812960367,-0.34894719418096154,0.1261587390171628,0.9388689531644087,False
GUT_GENOME140786_2,GUT_GENOME140786_02788,699427,0.05280384534786452,0.04840107381123731,0.04844060805960685,0.0012557041873987294,0.3797756503406504,0.05946544163200109,1.0,0.004402771536627208,-0.13510369554224727,-0.011024833572394241,-0.3254074607537217,0.12414302406335717,0.939815676259524,False
GUT_GENOME140786_2,GUT_GENOME140786_02789,699488,0.05979237343704229,0.05200554890999516,0.05208414851920624,0.001236871697146932,0.3085888941648745,0.06219418765516411,0.9999999999999999,0.007786824527047126,-0.06944768966304275,-0.010110039135957871,-0.3134516449987108,0.10307491535193213,0.9497680731911636,False
GUT_GENOME140786_2,GUT_GENOME140786_02789,699525,0.06022180846530583,0.05801830452988218,0.058061361266023626,0.0016998424544869598,0.447952638401922,0.06539902434559589,0.999992080052765,0.0022035039354236508,-0.17777298203490566,-0.00733766307957226,-0.27721834928380457,0.10845324632122036,0.9472174207706576,False
GUT_GENOME140786_2,GUT_GENOME140786_02789,699537,0.07362834679138543,0.06600897134422928,0.06610227463369038,0.0021395545463731083,0.36749270349960755,0.06971196575204393,0.9542101228762465,0.007619375447156143,-0.07269646791944515,-0.0036096911183535474,-0.22849598704272456,0.05749519254259186,0.9716616845502906,False
GUT_GENOME140786_2,GUT_GENOME140786_02789,699562,0.08208054154569017,0.07359688391136147,0.07368622226539898,0.0026469706655891934,0.3611531887788596,0.07469427067321116,0.6483356616733086,0.008483657634328692,-0.05592801998942285,-0.0010080484078121843,-0.19449407396947735,0.04095588822918181,0.9797303050555589,False
GUT_GENOME140786_2,GUT_GENOME140786_02791,700788,0.09372155762042825,0.0811482281491566,0.08154287306662904,0.0034293357978529815,0.3052799468318005,0.07550978215469234,0.03926673766599359,0.012573329471271641,0.02341811286679597,0.006033090911936698,-0.10247059737268271,0.011048631336156444,0.9944909153039161,False
GUT_GENOME140786_2,GUT_GENOME140786_02791,700854,0.10157662301969374,0.0966746012438582,0.09715889940771015,0.007571853074523805,0.42107621598484335,0.07555504739767128,0.0021642117992385296,0.004902021775835541,-0.1254174475037409,0.021603852010038865,0.10102993065785591,0.025936583027084778,0.9871154344604417,False
GUT_GENOME140786_2,GUT_GENOME140786_02791,701606,0.09854257937115228,0.08467862640473788,0.08542268690420972,0.005069734189060641,0.26973823251429363,0.07537527077154905,0.02374841951069325,0.013863952966414406,0.04845825970398189,0.010047416132660664,-0.05000576942003979,0.004848779908828742,0.9975785465053906,False
GUT_GENOME140786_2,GUT_GENOME140786_02791,701633,0.07976935716634494,0.07830848075879969,0.07836113570242227,0.0041527168252338455,0.47029831581728104,0.07106825835995655,0.03952967970230982,0.0014608764075452474,-0.19218113624362368,0.007292877342465726,-0.08600594274192021,0.044330611314816706,0.9780785397709921,False
GUT_GENOME140786_2,GUT_GENOME140786_02792,702624,0.07469610934137053,0.07593289611504135,0.0757894230487686,0.0038253372403944798,0.5273208581045065,0.06904959303848138,0.03904379691893361,-0.0012367867736708255,-0.24452008902818337,0.006739830010287218,-0.09323394035970682,0.06848264157334809,0.9663382789838617,False
GUT_GENOME140786_2,GUT_GENOME140786_02792,702853,0.07793100471675593,0.0759803366445694,0.0759354127652683,0.002723280445724778,0.46123591698237976,0.06980135989783551,0.012146926524027095,0.0019506680721865371,-0.18267839958308352,0.006134052867432793,-0.10115108504280981,0.04360293967957447,0.9784344645213673,False
GUT_GENOME140786_2,GUT_GENOME140786_02793,703386,0.07665567769885621,0.07173217721288969,0.07180860687468431,0.0024500995849876645,0.4072292660779162,0.0658424095892722,0.007444175008068003,0.004923500485966528,-0.1250007263936903,0.005966197285412103,-0.10334485703371443,0.0263053410742691,0.9869334478582347,False
GUT_GENOME140786_2,GUT_GENOME140786_02793,703613,0.07050696997781963,0.07081786055534452,0.07082536564513384,0.0024117630602207493,0.5060284024680218,0.06510038912282742,0.008803700702937017,-0.00031089057752488325,-0.22655623140840425,0.005724976522306413,-0.10649746803035483,0.06266943668685486,0.9691511261204155,False
GUT_GENOME140786_2,GUT_GENOME140786_02793,704982,0.06674830091297901,0.0701993170224872,0.07009566712168026,0.002677162900400375,0.5675084531829395,0.064912696769764,0.026434239880316512,-0.0034510161095081954,-0.28747965694960825,0.005182970351916269,-0.11358116427200149,0.09554523403724784,0.9533505381214761,False
GUT_GENOME140786_2,GUT_GENOME140786_02793,705053,0.07536680116978109,0.06962116457028349,0.06965475257677099,0.0026698477021689883,0.39451262673561677,0.06396949766512437,0.016609332978286238,0.005745636599497603,-0.1090499792699567,0.00568525491164662,-0.10701660570722,0.023344451875872578,0.9883956302238203,False
GUT_GENOME140786_2,GUT_GENOME140786_02793,705133,0.08139291412057256,0.0723030068520456,0.07218048783829618,0.0031152886334089463,0.3467850348090521,0.0679032883028435,0.08488075176289517,0.009089907268526959,-0.04416581364694835,0.004277199535452678,-0.12541904671484877,0.01768055637395839,0.9911986821808753,False
GUT_GENOME140786_2,GUT_GENOME140786_02797,708314,0.09178268147987055,0.07305397300071177,0.07331401985378656,0.0030678599559731865,0.22666453800745162,0.06777897191118416,0.03559959631451009,0.01872870847915878,0.14284224761724554,0.0055350479426024,-0.10897972088969436,0.03228048726954218,0.9839893121404351,False
GUT_GENOME140786_2,GUT_GENOME140786_02797,708371,0.06393747553567435,0.07405024043405685,0.073976035928807,0.002709266042637223,0.6948546301724954,0.06645711637720506,0.002757873769864229,-0.010112764898382504,-0.41672817016329805,0.007518919551601944,-0.08305170636088573,0.18055995373710548,0.9136753414967439,False
GUT_GENOME140786_2,GUT_GENOME140786_02797,708425,0.07184030611454369,0.07359340608839036,0.07371647195676775,0.0026589206453646935,0.5359704165874268,0.06652523756351021,0.0034196530338135903,-0.001753099973846678,-0.2545373856255544,0.007191234393257542,-0.08733435525201694,0.07241657028837768,0.9644393941634027,False
GUT_GENOME140786_2,GUT_GENOME140786_02797,708470,0.11378211866623614,0.09069889864387701,0.09158966699086203,0.004056247432720621,0.2112265578495235,0.06692546518589894,5.988674284053825e-10,0.02308322002235913,0.22732669165248792,0.024664201804963093,0.14102687077539058,0.07156600301836404,0.9648496416842914,False
GUT_GENOME140786_2,GUT_GENOME140786_02797,708471,0.15085393216777393,0.10072403303300967,0.10179795051022499,0.0036996051831635385,0.07158513319849232,0.07411805434106301,3.664139553971658e-14,0.05012989913476426,0.7520752484405062,0.02767989616916197,0.18044019114082804,0.5981758418957878,0.741494213694891,False
GUT_GENOME140786_2,GUT_GENOME140786_02797,708497,0.14146983450290268,0.1127155802094159,0.11333103040948372,0.003881445574874573,0.19101473146510856,0.07531258081213454,5.919544327118109e-23,0.028754254293486783,0.33735376879944634,0.03801844959734918,0.31555889654338315,0.21338498251086788,0.8988020199793474,False
GUT_GENOME140786_2,GUT_GENOME140786_02797,708635,0.15658133429266757,0.12170933375351295,0.12340822841141248,0.006808373690584515,0.14798826992884673,0.07520155647232257,7.181900089579929e-13,0.034872000539154624,0.45604776815765596,0.04820667193908991,0.44871286462330395,0.4093228017200306,0.8149232019968173,False
GUT_GENOME140786_2,GUT_GENOME140786_02798,709271,0.14222075530939007,0.110899486342549,0.11293710669000719,0.006075064552041089,0.1569071627208269,0.07175726308495799,6.071370630152628e-12,0.03132126896684108,0.38715793290765677,0.0411798436050492,0.3568764240442031,0.27725204705190754,0.8705535341298886,False
GUT_GENOME140786_2,GUT_GENOME140786_02798,709295,0.13871270365365304,0.09811699874677633,0.10008155703323854,0.0048517893391846496,0.07689230878282437,0.06207958833273168,2.3900273387734144e-15,0.04059570490687671,0.5670967288807439,0.03800196870050686,0.3153435010859165,0.42104022358436344,0.8101627611644118,False
GUT_GENOME140786_2,GUT_GENOME140786_02799,710586,0.12811508778722142,0.08919533872363007,0.0910606043788413,0.005011270969800245,0.07987037140441411,0.060043727232896395,3.0192368949008e-10,0.038919749063591344,0.5345805221276171,0.0310168771459449,0.2240525352340116,0.33597587318302374,0.8453640325947942,False
GUT_GENOME140786_2,GUT_GENOME140786_02799,711088,0.09768110045701997,0.0790778748161551,0.07998802749148694,0.004299137585978183,0.19987995797379088,0.05906487747622155,5.670269914897876e-07,0.018603225640864876,0.1404076811396853,0.020923150015265388,0.09213356300472125,0.02820291035496848,0.9859975046363468,False
GUT_GENOME140786_2,GUT_GENOME140786_02802,715216,0.09509302091877017,0.08047741652530732,0.08124635258518743,0.0044419311941173234,0.2695528429550479,0.05905994515124699,2.9453555792725916e-07,0.01461560439346285,0.0630414918971874,0.022186407433940444,0.10864358137307208,0.01577765747419048,0.9921422064083879,False
GUT_GENOME140786_2,GUT_GENOME140786_02802,715431,0.0979937237792754,0.08487200237073397,0.08533051171380561,0.00391205814975625,0.2888168532532106,0.060196773653460794,6.607179396794377e-11,0.013121721408541426,0.03405778794263619,0.025133738060344815,0.1471634286030814,0.02281700763775981,0.9886563263880505,False
GUT_GENOME140786_2,GUT_GENOME140786_02802,715439,0.11375007555560798,0.06777130371051032,0.06829857126500061,0.0022875276711789914,0.04732369489626654,0.06096011840351165,0.0006682423880604641,0.04597877184509766,0.6715367821377498,0.007338452861488959,-0.08541029798646735,0.4582565687660608,0.7952265118189014,False
GUT_GENOME140786_2,GUT_GENOME140786_02802,715654,0.11436030345084382,0.06356984133052992,0.06404390574768062,0.001782741720402036,0.04086953876834337,0.06167728122685246,0.09216843544289338,0.05079046212031389,0.7648912201128204,0.002366624520828163,-0.15038911862516996,0.6076754656065345,0.7379806067796699,False
GUT_GENOME140786_2,GUT_GENOME140786_02802,715715,0.099675440463692,0.06363454575174432,0.06393520787953014,0.002003803275020916,0.08168735261441651,0.06471242038027324,0.650943385896715,0.036040894711947685,0.4787261726916069,-0.0007772125007430991,-0.19147718682561815,0.2658422614946069,0.8755341421092728,False
GUT_GENOME140786_2,GUT_GENOME140786_02803,715953,0.094194022124438,0.062218646882187374,0.062343844450077276,0.0021468251784389986,0.08126847318434105,0.06556479518160627,0.9332358010069313,0.03197537524225063,0.39984863414238686,-0.0032209507315289904,-0.2234153828585633,0.20979336352337077,0.9004175473353445,False
GUT_GENOME140786_2,GUT_GENOME140786_02803,715987,0.09969856687453332,0.056005766360405766,0.05656761279689359,0.002304039241807247,0.0304078489926899,0.06645729285360664,0.9999911593157927,0.04369280051412756,0.6271853054998967,-0.009889680056713056,-0.31057168372385,0.4898161781660659,0.7827764806397874,False
GUT_GENOME140786_2,GUT_GENOME140786_02803,716173,0.09569969662649327,0.0552725272076474,0.05592726400231925,0.002313745904532418,0.049995223768264825,0.06633069906835988,0.9999965436708014,0.040427169418845874,0.5638268725799317,-0.010403435066040627,-0.31728615419949285,0.41857124588997086,0.8111635156405099,False
GUT_GENOME140786_2,GUT_GENOME140786_02805,718790,0.07810066830499099,0.05429596341704639,0.05489547812957956,0.002174173345025892,0.08800585638596131,0.06612178364079972,0.9999998788012223,0.023804704887944596,0.2413246446132536,-0.011226305511220162,-0.3280405784077719,0.1658482051798187,0.9204210021394429,False
GUT_GENOME140786_2,GUT_GENOME140786_02805,719006,0.06467699891923945,0.053423171348412596,0.05367409202739195,0.002035691091706319,0.21747822588832072,0.06624614002308532,0.9999999996708812,0.011253827570826852,-0.002182320926196888,-0.012572047995693371,-0.34562862721656173,0.11946391047622992,0.9420170024693746,False
GUT_GENOME140786_2,GUT_GENOME140786_02805,719259,0.0764581953803861,0.052822923310053504,0.05343553839834927,0.0020121866673522386,0.08088168233942511,0.06660100430305839,0.9999999999698244,0.0236352720703326,0.23803737869254973,-0.013165465904709121,-0.353384244110729,0.18154221764053163,0.9132267165190906,False
GUT_GENOME140786_2,GUT_GENOME140786_02805,719372,0.07537650047926177,0.05198190145101794,0.052920128958492046,0.00203824125172656,0.0845765362386181,0.067639297701772,0.9999999999997429,0.023394599028243826,0.2333679392035464,-0.014719168743279956,-0.37369021027767824,0.19410496830548551,0.907508375075173,False
GUT_GENOME140786_2,GUT_GENOME140786_02805,719379,0.0708911347814894,0.06590473567479026,0.06595845670877083,0.002079149987149204,0.39555889537275657,0.08252596780188814,0.9999999999999992,0.004986399106699138,-0.123780393194327,-0.016567511093117313,-0.3978469385071643,0.17360377221886555,0.9168587200895318,False
GUT_GENOME140786_2,GUT_GENOME140786_02805,719549,0.06559847955289067,0.06781591942484111,0.06776969242872889,0.0023055413931868402,0.5447429735920948,0.09235204916449871,1.0,-0.002217439871950444,-0.26354631756786034,-0.02458235673576982,-0.5025961739547394,0.3220595755775222,0.8512667133764403,False
GUT_GENOME140786_2,GUT_GENOME140786_02805,719652,0.06792196409335756,0.07206105088895867,0.07174729667379703,0.003545266994127352,0.5866426868135688,0.09590688708928098,0.9999999999952738,-0.004139086795601113,-0.3008293217271149,-0.024159590415483947,-0.4970708711856803,0.33757773179208717,0.844687226841053,False
GUT_GENOME140786_2,GUT_GENOME140786_02805,720253,0.07417508119974589,0.07999822735029746,0.07980921336330221,0.0034355731681080678,0.6157165679011614,0.09627017920684762,0.9999991716044411,-0.0058231461505515725,-0.333502749484473,-0.016460965843545408,-0.3964544558654731,0.26840021948929155,0.8744150681186714,False
GUT_GENOME140786_2,GUT_GENOME140786_02806,720373,0.06602088769311772,0.08289541821935827,0.08244110624702554,0.0033688576435183717,0.8167050332143073,0.09089810599001928,0.9939693613731053,-0.01687453052624055,-0.5479171689979062,-0.008456999742993743,-0.29184740952145577,0.38538813452706444,0.8247342487531888,False
GUT_GENOME140786_2,GUT_GENOME140786_02806,720402,0.0859141232201783,0.08128564147572885,0.08148910378745375,0.0035262072746560565,0.4279207652459044,0.09200080316719661,0.9985635564633243,0.00462848174444945,-0.13072455881663272,-0.010511699379742862,-0.3187011039804611,0.11865930395616793,0.9423960552224393,False
GUT_GENOME140786_2,GUT_GENOME140786_02806,720429,0.07432825753345669,0.07174844730571636,0.07110436563563638,0.0035457341199839724,0.4546211339617442,0.0743235928474845,0.8180385844188671,0.0025798102277403284,-0.17047204194600366,-0.0032192272118481136,-0.22339285748790738,0.07896508586185252,0.9612867350930575,False
GUT_GENOME140786_2,GUT_GENOME140786_02806,720490,0.07600859096061631,0.07640272813213994,0.07551379678007722,0.004235817747936975,0.5073957126439759,0.07345836584378224,0.3137494778518877,-0.00039413717152363137,-0.2281713476256971,0.002055430936294983,-0.15445623251724147,0.07591889164074687,0.9627519837164028,False
GUT_GENOME140786_2,GUT_GENOME140786_02806,720498,0.05697648068977845,0.07422806613043455,0.07335971962199195,0.004562573268597579,0.8514628940782769,0.07259374870205461,0.4333383146500124,-0.017251585440656095,-0.5552326335452206,0.0007659709199373393,-0.1713087031543403,0.33762994912998306,0.8446651734697762,False
GUT_GENOME140786_2,GUT_GENOME140786_02807,722850,0.04169740508365143,0.0656195354883114,0.06360804105276477,0.0059021972190389845,0.9965445767285943,0.07281958291063438,0.9407023775691699,-0.023922130404659965,-0.6846518065351184,-0.009211541857869612,-0.3017088233490197,0.5597763102784511,0.755868276710393,False
GUT_GENOME140786_2,GUT_GENOME140786_02807,722855,0.04685070364525819,0.05246478226826335,0.06604482782131275,0.010046193805596319,0.672511109141824,0.073017005179704,0.7561626053072471,-0.005614078623005163,-0.3294465072044032,-0.006972177358391243,-0.27244166966105804,0.18275946447688599,0.912671074458849,False
GUT_GENOME140786_2,GUT_GENOME140786_02807,722856,0.05270707193542612,0.05646954459878178,0.06611567752674151,0.009731596165106184,0.5951821691373615,0.07383988411700992,0.7863220916403251,-0.003762472663355658,-0.293522409054382,-0.007724206590268415,-0.2822702416118574,0.16583189391670428,0.9204285087846245,False
GUT_GENOME140786_2,GUT_GENOME140786_02807,722859,0.0738164301721869,0.08795785493904285,0.09023978168122883,0.013252064028804408,0.778872571335929,0.07391669405954712,0.10902324845176048,-0.01414142476685594,-0.4948905738722853,0.016323087621681706,0.03201350078234213,0.2459415443399809,0.8842895080465357,False
GUT_GENOME140786_2,GUT_GENOME140786_02807,722862,0.23548219440239548,0.151926294878664,0.16896156387604006,0.019578982213843802,0.016146843382885093,0.1735006784765578,0.5916673359547703,0.08355589952373149,1.4005927758755603,-0.004539114600517757,-0.24064299566951874,2.0195691751996074,0.3642974453070526,False
GUT_GENOME140786_2,GUT_GENOME140786_02807,722870,0.23675764428405122,0.12911131253155492,0.14790404993157397,0.017487250313188492,0.008146572707770361,0.17803940683995967,0.9575806775133335,0.1076463317524963,1.8679854451162667,-0.030135356908385702,-0.5751705625900347,3.820190799236354,0.14806626045694657,False
GUT_GENOME140786_2,GUT_GENOME140786_02807,722987,0.24216803781860588,0.1131214792867277,0.1533822310936045,0.023269837130739282,0.0015602331919741857,0.18444063940830743,0.9090138256151885,0.12904655853187819,2.2831838534216455,-0.03105840831470294,-0.5872342919993687,5.557772622225314,0.062107637461169714,False
