contig,gene_id,site_pos,r2N,r2S,r2L,rL_std,rNrS_pval,r2G,r2G_pval,rNrS,rNrS_trans,r_rg,r_rg_transform,iLDS,iLDS_pval,significance
GUT_GENOME112856_1,GUT_GENOME112856_00041,52294,0.03800410473869926,0.031461386580169205,0.03177790691683126,0.0012379932673923448,0.14393070852805895,0.0355118099354001,0.998719727090924,0.006542718158530053,0.1096884688023536,-0.0037339030185688446,-0.31957029043250945,0.11415673071532334,0.9445200488147938,False
GUT_GENOME112856_1,GUT_GENOME112856_00041,52319,0.0386056159084464,0.03171138709457408,0.03207693357986419,0.001276734223465401,0.13361591104171233,0.03558632349795304,0.997008612403043,0.006894228813872319,0.1423771333240152,-0.0035093899180888496,-0.30925129926998834,0.1159076141937403,0.9436935383741971,False
GUT_GENOME112856_1,GUT_GENOME112856_00042,54940,0.03838442597953286,0.03185112799880463,0.0321923771455343,0.0012854909881523649,0.14351885993400681,0.03572777412842302,0.9970223354174425,0.006533297980728228,0.10881244121337931,-0.003535396982888718,-0.3104466267197416,0.10821725540448171,0.9473291947186763,False
GUT_GENOME112856_1,GUT_GENOME112856_00042,55015,0.03905476505779129,0.03179970573939493,0.032160359153863796,0.0013186996443358898,0.12155144782537974,0.035788892972557315,0.9970347536541772,0.007255059318396359,0.175932495394287,-0.003628533818693519,-0.31472734879573716,0.13000554701565442,0.9370648644170633,False
GUT_GENOME112856_1,GUT_GENOME112856_00043,55592,0.03935585652322646,0.03185281972282152,0.03223913751284141,0.0013195326095270224,0.1121110122411928,0.035861319176890644,0.9969749067893154,0.007503036800404934,0.19899311274715734,-0.0036221816640492344,-0.314435393326336,0.1384678754970905,0.9331083652730399,False
GUT_GENOME112856_1,GUT_GENOME112856_00043,55816,0.03919364894460792,0.031781494070852644,0.03217132149959504,0.0013181982604180298,0.11976956321814164,0.035871384694839505,0.9974990352523047,0.007412154873755274,0.19054156578497397,-0.003700063195244463,-0.3180149565251382,0.13743960086547513,0.9335882344520743,False
GUT_GENOME112856_1,GUT_GENOME112856_00043,56603,0.04065761017776323,0.03176545809497847,0.03225694364310742,0.0013368346902859667,0.08499638305441881,0.03591948026341825,0.996925309943705,0.008892152082784759,0.32817361626109265,-0.0036625366203108314,-0.3162901734533623,0.20773739623304088,0.9013436377691809,False
GUT_GENOME112856_1,GUT_GENOME112856_00044,57086,0.04119975442718967,0.031739136447519765,0.032266911360734736,0.0013342416905908663,0.07329396179940126,0.0358898960945752,0.9966900982644263,0.009460617979669905,0.3810379909617411,-0.0036229847338404633,-0.31447230373406215,0.24408278037196815,0.8851117328052157,False
GUT_GENOME112856_1,GUT_GENOME112856_00044,57087,0.04200839361127762,0.03192451954138031,0.03254563767207202,0.0013438993588960695,0.06209281783596022,0.03597813630572395,0.9946773813290287,0.01008387406989731,0.43899756895714637,-0.0034324986336519286,-0.3057172494400089,0.2861819021554491,0.8666752402636296,False
GUT_GENOME112856_1,GUT_GENOME112856_00044,57147,0.042983393198207695,0.03202160102875516,0.032681630804811644,0.0013401300922625688,0.05096938376740994,0.03597910577604969,0.9930640457570862,0.010961792169452533,0.5206393906137678,-0.003297474971238043,-0.299511339957661,0.36077241782190916,0.8349476848978857,False
GUT_GENOME112856_1,GUT_GENOME112856_00044,57162,0.043616199347673,0.03212752315556065,0.032824126566128625,0.0013697236333346122,0.04383775524149236,0.03610210969563901,0.9916482770987289,0.01148867619211235,0.5696368670680169,-0.0032779831295103867,-0.29861546287031543,0.41365735498831824,0.8131589504836191,False
GUT_GENOME112856_1,GUT_GENOME112856_00044,57163,0.04350299000648201,0.03203730061205757,0.03277319742492644,0.0013774506532248953,0.043588944954227014,0.036229453958346196,0.9939492221125545,0.011465689394424439,0.5674992143208596,-0.0034562565334197576,-0.3068092015676137,0.4161872444213495,0.8121309996530708,False
GUT_GENOME112856_1,GUT_GENOME112856_00044,57165,0.04370757391881952,0.031853233725209894,0.03260199790513471,0.0013377124744900827,0.039676683516578326,0.036285677953802595,0.9970538549770388,0.011854340193609626,0.6036417192422819,-0.003683680048667884,-0.3172619601771453,0.46503847658522246,0.7925345021894563,False
GUT_GENOME112856_1,GUT_GENOME112856_00044,57339,0.04331954855374514,0.03146826219361131,0.03223487498730449,0.0013448883128690653,0.03942772820269726,0.036349617571274924,0.998891622325316,0.011851286360133828,0.6033577285965412,-0.004114742583970432,-0.3370743028991117,0.4776596343320996,0.787548898272144,False
GUT_GENOME112856_1,GUT_GENOME112856_00044,57361,0.04370363436070725,0.031461046842593134,0.03223189890804753,0.0013313032293769207,0.035720682070614004,0.0364285033569999,0.9991899205474308,0.012242587518114113,0.639746703114826,-0.004196604448952375,-0.3408368087817982,0.5254455743668494,0.7689550319581964,False
GUT_GENOME112856_1,GUT_GENOME112856_00045,57885,0.04297274429582925,0.031195708246607147,0.031935942637430256,0.001298254736852064,0.04041211872510695,0.036471920420469935,0.9997619941731302,0.011777036049222103,0.5964528354812554,-0.004535977783039678,-0.3564349650931901,0.4828018692946131,0.7855266184060574,False
GUT_GENOME112856_1,GUT_GENOME112856_00045,58086,0.0415528445351107,0.03112196820792881,0.031783628160264664,0.0012900463325499062,0.05372434239783335,0.03650697588348546,0.9998745690186784,0.010430876327181888,0.47126697588476896,-0.0047233477232207985,-0.3650467955508225,0.3553517255014994,0.8372137516751089,False
GUT_GENOME112856_1,GUT_GENOME112856_00045,58145,0.040521688759465074,0.031129131403033628,0.031749972133094,0.0012786671641716965,0.07247673221205657,0.036567038226440834,0.9999174740191825,0.009392557356431446,0.37470870663887784,-0.004817066093346832,-0.3693542459001734,0.27682917379546634,0.8707376204944448,False
GUT_GENOME112856_1,GUT_GENOME112856_00045,58317,0.04053991840374566,0.031102124903789198,0.031713154228713826,0.001244483871793992,0.07151085774410049,0.03671448243522149,0.9999707519950622,0.009437793499956465,0.37891543294281665,-0.0050013282065076645,-0.37782323551917124,0.28632730262041733,0.8666122350624484,False
GUT_GENOME112856_1,GUT_GENOME112856_00045,58474,0.03976114401460429,0.030562039296706953,0.031270957416374305,0.0013426167525153949,0.07365730742782578,0.036884219460053526,0.9999854781110787,0.009199104717897335,0.35671861642179914,-0.005613262043679221,-0.40594872059919923,0.29204253505800937,0.8641393248810569,False
GUT_GENOME112856_1,GUT_GENOME112856_00045,58476,0.0402761008525207,0.030549091243648945,0.03129744600053826,0.0013338757570395422,0.06493063450223398,0.03694595986685258,0.9999885552475323,0.009727009608871757,0.40581102832494487,-0.005648513866314327,-0.40756895231599755,0.3307950416021091,0.8475567156878446,False
GUT_GENOME112856_1,GUT_GENOME112856_00045,58698,0.04046663129754389,0.03082841913763538,0.0316093879655498,0.001350527841721972,0.0679654252321754,0.03709145883575314,0.9999753800815734,0.009638212159908507,0.39755332695679513,-0.0054820708702033386,-0.39991895860845506,0.31798382122888763,0.8530032592134665,False
GUT_GENOME112856_1,GUT_GENOME112856_00045,58758,0.04163083979971622,0.03091269969893019,0.03175605895488591,0.0013452653371702821,0.053641252940465005,0.03734593878591908,0.9999837516030496,0.01071814010078603,0.4979810142271602,-0.005589879831033172,-0.4048740356692823,0.4119080752898424,0.8138704828273876,False
GUT_GENOME112856_1,GUT_GENOME112856_00046,59710,0.04325334890216115,0.031052976595015304,0.03201728948442635,0.0014133328124371865,0.03648040844932209,0.03779988099168158,0.9999785664986441,0.012200372307145844,0.6358209078421072,-0.0057825915072552275,-0.41373138109633556,0.5754418825530426,0.7499708489479819,False
GUT_GENOME112856_1,GUT_GENOME112856_00046,59775,0.04348449169039248,0.03099464618248836,0.032064119745771114,0.0015033312152078855,0.03233445056335728,0.03851768650685147,0.9999911800624537,0.012489845507904121,0.6627404114298016,-0.006453566761080359,-0.44457050674062654,0.6368677884057601,0.7272871542635692,False
GUT_GENOME112856_1,GUT_GENOME112856_00046,59861,0.043384930705487566,0.03073297217744177,0.03196444928735965,0.0016358763477170096,0.030049044486011603,0.039247763436967543,0.9999957510451405,0.012651958528045796,0.6778160799748836,-0.007283314149607895,-0.48270706069242375,0.6924407447148371,0.7073565880903627,False
GUT_GENOME112856_1,GUT_GENOME112856_00046,59919,0.04492812227093565,0.03157304691565982,0.03303989186111333,0.001885462520071422,0.027376463529382136,0.04007401120467763,0.9999045306430202,0.01335507535527583,0.7432022915606411,-0.0070341193435643,-0.4712536577693318,0.7744296561419627,0.6789452227659716,False
GUT_GENOME112856_1,GUT_GENOME112856_00046,60489,0.04561715552661336,0.03150258545698618,0.03302287536450634,0.0018618214640128508,0.021723524936021813,0.040061399600142364,0.9999217276382012,0.014114570069627179,0.8138313537130601,-0.007038524235636022,-0.47145611384990255,0.8845923395728843,0.6425593006203678,False
GUT_GENOME112856_1,GUT_GENOME112856_00046,60505,0.04546590615817061,0.03182791578143678,0.0332691594135156,0.0018324153590994333,0.024750625132982186,0.04018141189653689,0.9999190954686137,0.013637990376733827,0.7695119185492576,-0.006912252483021283,-0.4656524565286958,0.8089808030605682,0.6673167878391411,False
GUT_GENOME112856_1,GUT_GENOME112856_00046,60508,0.04591008427726506,0.03276810622344303,0.03417152415169306,0.001874358628357798,0.030512740263954116,0.04025754678712585,0.9994168363730522,0.013141978053822029,0.7233853497643475,-0.006086022635432786,-0.4276775745407445,0.7061944720187415,0.702508880895953,False
GUT_GENOME112856_1,GUT_GENOME112856_00046,60524,0.04656305785327608,0.03309003166482537,0.034587079582981954,0.0019092866788973874,0.028800407740604037,0.040689488050994975,0.9993036794733118,0.013473026188450712,0.754171106181495,-0.006102408468013021,-0.4284306943418808,0.7523269172532858,0.6864901111399611,False
GUT_GENOME112856_1,GUT_GENOME112856_00046,60525,0.047733010781462866,0.033213921526361045,0.03517892655428483,0.002122290460670461,0.022774225537253973,0.04115625259548641,0.997572123794795,0.01451908925510182,0.8514495361083588,-0.005977326041201575,-0.42268170038965924,0.9036261323834331,0.6364731369526028,False
GUT_GENOME112856_1,GUT_GENOME112856_00046,60560,0.049551221252364115,0.03421317340420527,0.0362298015662715,0.0021260123858476533,0.019430562375720516,0.04234870125423618,0.9979996784422605,0.015338047848158842,0.9276084300101849,-0.006118899687964682,-0.4291886579198483,1.0446603035130007,0.5931368376246956,False
GUT_GENOME112856_1,GUT_GENOME112856_00046,60666,0.05012347638159927,0.03535905776979081,0.037344267169358604,0.002198128572044511,0.025906096930776296,0.0436136269019985,0.9978286682649282,0.014764418611808466,0.8742638915676266,-0.006269359732639895,-0.4361040489059275,0.9545240935711145,0.620479913221096,False
GUT_GENOME112856_1,GUT_GENOME112856_00046,60667,0.04881119264409637,0.035963659057985785,0.037749153463382625,0.002283390760453653,0.039827561896789605,0.043889071217460586,0.9964161148653022,0.012847533586110585,0.6960035441803696,-0.0061399177540779615,-0.43015468278883157,0.669453984636796,0.715533405805719,False
GUT_GENOME112856_1,GUT_GENOME112856_00046,60672,0.049254628612769365,0.03660842659681755,0.03832954333423252,0.0023179235589717135,0.041783989917785286,0.044606253009947,0.9966144986215902,0.012646202015951812,0.6772807542605837,-0.006276709675714483,-0.43644186437179366,0.6491907210681123,0.7228197758833795,False
GUT_GENOME112856_1,GUT_GENOME112856_00046,60889,0.04837490983767541,0.03658707657177923,0.03817253961229137,0.002368701982175607,0.050671371478082886,0.04458238256753198,0.9965956337191354,0.011787833265896178,0.5974569205303497,-0.006409842955240608,-0.4425608887491259,0.5528149121400248,0.7585038108072764,False
GUT_GENOME112856_1,GUT_GENOME112856_00046,60906,0.04749451969101213,0.03651617258537007,0.038095768832193226,0.002417703861484804,0.06162128303523384,0.04457329442169101,0.9963101461024039,0.010978347105642057,0.5221789136610847,-0.006477525589497782,-0.445671693879262,0.4712940765974811,0.7900594854650977,False
GUT_GENOME112856_1,GUT_GENOME112856_00046,61446,0.047970629513987804,0.036536464201320236,0.0382189073769267,0.0024356165066442767,0.0542565204971584,0.04458070904200512,0.9954991324329833,0.011434165312667569,0.5645676385144295,-0.006361801665078416,-0.44035283208089626,0.5126472351794256,0.7738914833671431,False
GUT_GENOME112856_1,GUT_GENOME112856_00046,61504,0.047739410107526574,0.036522163134023525,0.03831995448632217,0.002442967535418999,0.05731803687997761,0.044587535961717176,0.9948495400350785,0.01121724697350305,0.5443953600648881,-0.006267581475395002,-0.43602231727977514,0.48648176922620406,0.7840826175834007,False
GUT_GENOME112856_1,GUT_GENOME112856_00046,61512,0.04805685112607162,0.036026421539206537,0.038668066650866716,0.002519658720118959,0.04277078787385189,0.04458657914910788,0.9905863827850081,0.012030429586865087,0.6200171178666735,-0.005918512498241164,-0.41997853327492285,0.560803194859452,0.7554802815861585,False
GUT_GENOME112856_1,GUT_GENOME112856_00046,61513,0.04731044087966367,0.03671105091679702,0.038571193357218744,0.00240162628082505,0.059067588264305484,0.04552264449672036,0.9981010440908404,0.010599389962866648,0.4869378684182002,-0.006951451139501616,-0.467454091216999,0.45562181509517086,0.7962748151581618,False
GUT_GENOME112856_1,GUT_GENOME112856_00046,61519,0.04864472538450742,0.0375731561631326,0.03944337221213276,0.002459206429461076,0.05748031101747535,0.046232980117957,0.9971178295759724,0.011071569221374818,0.530848086048535,-0.006789607905824238,-0.460015510152196,0.4934139600419779,0.7813696168989219,False
GUT_GENOME112856_1,GUT_GENOME112856_00046,61662,0.05076023516595901,0.038292097426350716,0.040415721642365635,0.0026022531812571943,0.04124972998813217,0.047264717876004246,0.9957551628715673,0.012468137739608295,0.6607217017703596,-0.0068489962336386115,-0.462745095323677,0.6506861904364389,0.7222795004830529,False
GUT_GENOME112856_1,GUT_GENOME112856_00046,61722,0.050712673128874744,0.03848711472874942,0.04070144135206321,0.002605912219987896,0.04519987571271867,0.04742271008010123,0.9950490780091896,0.012225558400125326,0.6381630836239937,-0.006721268728038021,-0.4568745292022101,0.6159864567342255,0.7349202946026554,False
GUT_GENOME112856_1,GUT_GENOME112856_00046,61797,0.05288423953507402,0.039620459460816694,0.04208800917284827,0.003089262068959849,0.04098408989915243,0.04821033012053798,0.9762495726925755,0.013263780074257325,0.734712304789916,-0.006122320947689705,-0.4293459046408268,0.7241400766415603,0.6962336031016587,False
GUT_GENOME112856_1,GUT_GENOME112856_00046,61801,0.053540005420131036,0.03971966054185536,0.042377075933946615,0.003124231072944621,0.03671592667309476,0.04852614361181342,0.975476676421615,0.013820344878275673,0.7864699396912115,-0.0061490676778668055,-0.430575228327212,0.8039299932869286,0.6690041626717378,False
GUT_GENOME112856_1,GUT_GENOME112856_00046,61876,0.05377518696800133,0.04110011332665748,0.04357023735848183,0.003159742736679249,0.05006966868244783,0.049271923541132245,0.9644217957415756,0.012675073641343848,0.6799656654070649,-0.005701686182650413,-0.4100128393817848,0.6304638345903859,0.729619643231835,False
GUT_GENOME112856_1,GUT_GENOME112856_00046,62190,0.053686284832972844,0.04104517475205276,0.04342111958689474,0.0031835679340164957,0.04992281127742949,0.049392580827932145,0.9696526820293954,0.012641110080920087,0.6768072307599772,-0.005971461241037403,-0.42241214453329873,0.6365000474582094,0.7274208931921375,False
GUT_GENOME112856_1,GUT_GENOME112856_00046,62191,0.05303310228741291,0.04099165611536582,0.04345206204111242,0.003402311908320692,0.05714133553824443,0.049471867495273804,0.9615804167018946,0.01204144617204709,0.6210416030471814,-0.006019805454161385,-0.4246341240388103,0.5660068120136206,0.7535172213705589,False
GUT_GENOME112856_1,GUT_GENOME112856_00046,62218,0.053308041638554786,0.04171380351108124,0.04408365078769114,0.0034241579940591667,0.06887818685290423,0.049453220618072634,0.9415761333849838,0.011594238127473545,0.5794535785640581,-0.005369569830381497,-0.3947482258841103,0.49159261154934564,0.7820815141899504,False
GUT_GENOME112856_1,GUT_GENOME112856_00046,62287,0.03866150890092061,0.033712526624369944,0.03450054177547386,0.0030405511743137976,0.2235521137510761,0.03740238772124744,0.8300547293004219,0.004948982276550669,-0.03852068727979023,-0.0029018459457735776,-0.28132757959500715,0.08062905038929247,0.9604872941855529,False
GUT_GENOME112856_1,GUT_GENOME112856_00046,62398,0.033862540398514926,0.032046553564058756,0.031239267473138953,0.0029524020453257187,0.3754730968048411,0.03642886726301686,0.9606054070349985,0.0018159868344561694,-0.32987298456591946,-0.005189599789877909,-0.3864765069799363,0.2581802763938401,0.8788947399878674,False
GUT_GENOME112856_1,GUT_GENOME112856_00046,62425,0.03278286137056934,0.030825731872088806,0.029941400439750958,0.0031608629333121094,0.36478307424129097,0.03633559655846625,0.9784596815321075,0.0019571294984805365,-0.3167474501792201,-0.006394196118715292,-0.44184173442146774,0.29555306547160837,0.8626238615993408,False
GUT_GENOME112856_1,GUT_GENOME112856_00046,62496,0.03366676419118869,0.03301084932322087,0.029757795793299846,0.0030510169929062903,0.4510451366885747,0.03584327263642724,0.9769552775949771,0.0006559148679678231,-0.43775364979525067,-0.006085476843127394,-0.4276524890291914,0.37451490928192566,0.82923021973266,False
GUT_GENOME112856_1,GUT_GENOME112856_00047,63198,0.03702725053092762,0.031577949045535895,0.03231430020835661,0.0032725388671160827,0.18019835849460591,0.0356998109918565,0.8495537106827968,0.0054493014853917235,0.008006399518257885,-0.0033855107834998913,-0.3035576106063367,0.0922113253902743,0.954941055214166,False
GUT_GENOME112856_1,GUT_GENOME112856_00047,63435,0.03576505920079427,0.030725753189073755,0.031128115297033444,0.003105303108700016,0.184966614369185,0.03566075616283977,0.9278061989418412,0.005039306011720517,-0.030121049224904894,-0.004532640865806327,-0.3562815948917747,0.1278438524650358,0.9380782359738452,False
GUT_GENOME112856_1,GUT_GENOME112856_00047,63521,0.03689530480053108,0.02997367817832693,0.03166479174596636,0.002665565708714083,0.10850185302232346,0.03581452293840187,0.9402400534544322,0.006921626622204153,0.14492498714174956,-0.004149731192435509,-0.3386824368599725,0.13570904493544556,0.9343963973721031,False
GUT_GENOME112856_1,GUT_GENOME112856_00047,64053,0.03681965097753906,0.03119121702406103,0.03260729579483078,0.0028316091724864692,0.1583038800345683,0.03571184817060208,0.8635462703369325,0.005628433953478028,0.02466478829031049,-0.0031045523757712995,-0.29064430033540367,0.08508246109886217,0.9583509513700846,False
GUT_GENOME112856_1,GUT_GENOME112856_00047,64082,0.03568383961244166,0.0304622036468966,0.03150581004968598,0.00289905588763339,0.17487702988393344,0.03563643630346022,0.9228950533291251,0.005221635965545063,-0.013165310893111655,-0.004130626253774243,-0.33780434247356644,0.11428509920491084,0.9444594274542569,False
GUT_GENOME112856_1,GUT_GENOME112856_00048,65013,0.035673811570832124,0.03043761263684627,0.031244584689168436,0.0022913028221665456,0.17503627703924557,0.03574963011315084,0.9753593664970728,0.005236198933985855,-0.01181103049629958,-0.004505045423982404,-0.3550132630229522,0.12617391736358838,0.9388618279523362,False
GUT_GENOME112856_1,GUT_GENOME112856_00048,66017,0.036470921245422776,0.030650587119810897,0.031480730598977595,0.0021617276703875814,0.16336979998347306,0.035751298196178186,0.9758962383986807,0.0058203341256118785,0.042510507198673525,-0.0042705675972005905,-0.3442362766591463,0.12030575739044079,0.9416205688559998,False
GUT_GENOME112856_1,GUT_GENOME112856_00048,66077,0.0364919302146569,0.030990083898300692,0.031764352024591415,0.0021565457205882355,0.17239218970329634,0.0355944303793992,0.9621355726881702,0.00550184631635621,0.012892795778630313,-0.003830078354807788,-0.32399066698327816,0.10513617647525891,0.9487897174367117,False
GUT_GENOME112856_1,GUT_GENOME112856_00048,66197,0.03682073903574148,0.030657426032971356,0.03151583739417299,0.0021145442818724883,0.14996729246073887,0.03548275884243976,0.9696735411127728,0.006163313002770121,0.07440576067975312,-0.003966921448266769,-0.330280200507319,0.11462122806948752,0.9443007107544521,False
GUT_GENOME112856_1,GUT_GENOME112856_00049,67434,0.03737579967839352,0.03160784359743204,0.032348378265578064,0.0023121160914625983,0.16305648213462492,0.03554379024627636,0.9165186341404828,0.005767956080961485,0.037639621198901546,-0.0031954119806982956,-0.2948203571368435,0.08833578406629275,0.9567933060139264,False
GUT_GENOME112856_1,GUT_GENOME112856_00049,67439,0.03676560556946898,0.031517919809245384,0.03198611061681384,0.00222114201429957,0.18828313678887887,0.03547238840431873,0.941744500601393,0.005247685760223594,-0.01074281534094825,-0.0034862777875048906,-0.3081890277556178,0.09509588491040268,0.953564755801148,False
GUT_GENOME112856_1,GUT_GENOME112856_00049,67440,0.03653486019393258,0.03132560532288948,0.03172764680597707,0.0021426249011161696,0.18553734332610078,0.03539926638448945,0.9566996457954312,0.005209254871043102,-0.014316688350479206,-0.003671619578512385,-0.3167076411432699,0.10050869752385896,0.9509875112407546,False
GUT_GENOME112856_1,GUT_GENOME112856_00049,67727,0.0357972241203172,0.0309437812332728,0.03135722852674364,0.002064329038465805,0.19358605298426063,0.035276797229929234,0.9711988995661156,0.004853442887044403,-0.04740535408778151,-0.003919568703185591,-0.32810379050287325,0.10989936493854129,0.946532773947202,False
GUT_GENOME112856_1,GUT_GENOME112856_00049,67819,0.03635072918326403,0.02983449275209112,0.030617097704618585,0.002015892877502788,0.1268569848478489,0.03519926471560495,0.9884875452557108,0.006516236431172908,0.1072258057553716,-0.004582167010986366,-0.3585578979374943,0.1400611395932433,0.9323653172521648,False
GUT_GENOME112856_1,GUT_GENOME112856_00049,67931,0.03632771147479925,0.029776844891293668,0.030569833368174586,0.002032481357761803,0.12745312693263078,0.03512722764877901,0.9875283907250129,0.00655086658350558,0.11044622998642228,-0.004557394280604421,-0.3574193025266417,0.13994692753684473,0.9324185624525604,False
GUT_GENOME112856_1,GUT_GENOME112856_00049,67932,0.03621018319689924,0.02779585774039986,0.029275817431386453,0.002093086357333922,0.07301907201773547,0.03504798511521976,0.9970897901882491,0.00841432545649938,0.28373822277081173,-0.005772167683833308,-0.41325228503672695,0.251284830149215,0.8819301553340605,False
GUT_GENOME112856_1,GUT_GENOME112856_00049,68534,0.03681934442542577,0.029293361943110448,0.030218040319256134,0.00213025575275324,0.0993302691518923,0.03497507101567363,0.9872281526864377,0.00752598248231532,0.20112694194063946,-0.004757030696417499,-0.36659492036848834,0.17484388241437165,0.9162903933813659,False
GUT_GENOME112856_1,GUT_GENOME112856_00050,69498,0.03691851861630997,0.029601016706986887,0.030467363089225576,0.002115093300001944,0.10724246623218459,0.03495920189655511,0.9831526812839239,0.007317501909323086,0.18173933190306835,-0.0044918388073295346,-0.3544062652119719,0.15863298558207217,0.9237475187449593,False
GUT_GENOME112856_1,GUT_GENOME112856_00050,69502,0.034993947484759085,0.029082983033843542,0.02962226434684138,0.001967080564476861,0.14772767991422697,0.034700672490027264,0.9950842225103232,0.005910964450915542,0.05093865654298246,-0.005078408143185883,-0.38136595611627555,0.14803473921488494,0.9286555633186131,False
GUT_GENOME112856_1,GUT_GENOME112856_00050,69510,0.036831323662236806,0.02785409269471004,0.02906295313420265,0.002003096316532874,0.07091587617307163,0.03480551960031495,0.9979270693292269,0.008977230967526766,0.3360855104780706,-0.005742566466112299,-0.4118917644104922,0.2826082959424937,0.8682252026016243,False
GUT_GENOME112856_1,GUT_GENOME112856_00050,69521,0.03563306473350415,0.029277610296697447,0.02999633405200235,0.0020542920248780563,0.14043513716283013,0.0349018709803262,0.9915285677007571,0.006355454436806705,0.09227391569149014,-0.004905536928323847,-0.37342051090794753,0.1479573534837928,0.9286914963586348,False
GUT_GENOME112856_1,GUT_GENOME112856_00050,69523,0.03621336771023484,0.029749400152430494,0.030463962231952687,0.0021029749583364615,0.1431603707392271,0.03484626827845115,0.9814135621940593,0.006463967557804345,0.1023650721175634,-0.004382306046498464,-0.34937195946942984,0.13253937405314287,0.9358784359821963,False
GUT_GENOME112856_1,GUT_GENOME112856_00050,69532,0.03592683271413598,0.028446881279722756,0.029320696382429602,0.0019704768937540505,0.1128789580007925,0.03452643056499461,0.9958774558613908,0.007479951434413223,0.19684629365990078,-0.005205734182565008,-0.38721807019025617,0.18868629720950605,0.9099704535681805,False
GUT_GENOME112856_1,GUT_GENOME112856_00050,69581,0.0352036861730885,0.02911254048971571,0.029811243469633538,0.0020478999808670787,0.156251698273062,0.034815092208522934,0.9927252971292411,0.006091145683372788,0.06769457495222515,-0.005003848738889396,-0.37793908333079707,0.1474205061868856,0.9289408125780628,False
GUT_GENOME112856_1,GUT_GENOME112856_00050,69583,0.03300597856964384,0.028701623249196288,0.029098374038527216,0.0020008810228952403,0.22464407182767027,0.034868034727931846,0.9980339619845876,0.00430435532044755,-0.09846764476008892,-0.00576966068940463,-0.4131370594516778,0.1803781069569782,0.9137584197330306,False
GUT_GENOME112856_1,GUT_GENOME112856_00050,69590,0.03529060031081937,0.028715084891916407,0.029403839354185307,0.0016970866621358633,0.147735789034787,0.03475446166650814,0.9991915146904873,0.0065755154189029615,0.11273844360472676,-0.005350622312322834,-0.3938773668073747,0.16784933674952734,0.9195005209548238,False
GUT_GENOME112856_1,GUT_GENOME112856_00050,69591,0.033618063076184444,0.027908403283333993,0.02841622873408619,0.0016202176090650436,0.1591892551672462,0.034679720420785175,0.9999446447995515,0.005709659792850451,0.03221836930807558,-0.006263491686698985,-0.43583434386833253,0.19098959861601147,0.9089230886704099,False
GUT_GENOME112856_1,GUT_GENOME112856_00050,69596,0.034841757420945994,0.028492363657663403,0.029154412399324835,0.001594369920228721,0.1405942506248712,0.03447084410903018,0.9995727405185995,0.006349393763282592,0.09171030454459003,-0.0053164317097053465,-0.392305910507066,0.1623147073784395,0.9220485922813279,False
GUT_GENOME112856_1,GUT_GENOME112856_00050,69598,0.034154969448819114,0.027835646631518027,0.02832098437148537,0.001605364472986193,0.1314098527037474,0.03410783752793285,0.999843741585897,0.006319322817301087,0.08891386281487546,-0.0057868531564474815,-0.41392725349869697,0.17924144618963703,0.9142778840059822,False
GUT_GENOME112856_1,GUT_GENOME112856_00051,70117,0.034499273615522894,0.029110503290450673,0.02962209763629833,0.001660752101115305,0.17483477557463872,0.03405323869091356,0.9961865265545061,0.00538877032507222,0.002377316124286473,-0.004431141054615232,-0.35161649671960016,0.12363981239731937,0.940052169115877,False
GUT_GENOME112856_1,GUT_GENOME112856_00051,70165,0.03549662574285918,0.028349119400523856,0.02919198190456754,0.0016834846278857857,0.1187449283006261,0.03394653464008895,0.9976303036647155,0.007147506342335325,0.16593062745847104,-0.004754552735521406,-0.36648102921232334,0.1618413179012857,0.9222668621624802,False
GUT_GENOME112856_1,GUT_GENOME112856_00051,70169,0.03233655586434326,0.02960424750732534,0.029720057951924485,0.001582964765858281,0.30811166692540826,0.03380153528352283,0.99503669467548,0.002732308357017918,-0.24465984411123362,-0.004081477331598346,-0.3355453772172129,0.17244913949237484,0.9173881904526702,False
GUT_GENOME112856_1,GUT_GENOME112856_00051,70176,0.03340743751885819,0.029530535379620852,0.02983952841089125,0.001593928122344012,0.24728336516183586,0.03381079986628661,0.9936397464623407,0.0038769021392373385,-0.1382185695953325,-0.003971271455395359,-0.33048013398568105,0.12832149194017348,0.9378542311251652,False
GUT_GENOME112856_1,GUT_GENOME112856_00051,70265,0.031337046607564714,0.029613197802671447,0.029705991491554333,0.0015867212438879705,0.373494868524741,0.033837415021889965,0.9953894843054051,0.0017238488048932667,-0.33844134257241004,-0.004131423530335632,-0.33784098661492595,0.22867907459916198,0.8919550524519548,False
GUT_GENOME112856_1,GUT_GENOME112856_00051,70627,0.0332022040843692,0.029553662570098976,0.029851707787832957,0.0015004662144748717,0.2602497735801421,0.03375296730496083,0.9953392406804655,0.003648541514270222,-0.15945492117118606,-0.0039012595171278724,-0.32726227021421916,0.13252646539147378,0.9358844764707367,False
GUT_GENOME112856_1,GUT_GENOME112856_00051,71176,0.033622346875246095,0.02956003596806371,0.029875748556059335,0.0014666837480205078,0.24673320809448834,0.03358758120870947,0.9943093046690664,0.004062310907182384,-0.12097651754763895,-0.003711832652650137,-0.31855590013465224,0.11611317930855272,0.9435965481234537,False
GUT_GENOME112856_1,GUT_GENOME112856_00051,71177,0.032762610402843076,0.028964075844530247,0.02923555661491494,0.0014758189863839186,0.2538552065138016,0.03360482618040045,0.998464662353968,0.0037985345583128292,-0.14550634742875573,-0.004369269565485508,-0.34877278137213635,0.14281455016811379,0.93108260814888,False
GUT_GENOME112856_1,GUT_GENOME112856_00051,71218,0.03205957050496515,0.029063318081434142,0.029254275821681323,0.001471654425199783,0.2971659347814338,0.033553871538942986,0.9982588462307407,0.0029962524235310067,-0.22011441736071752,-0.004299595717261663,-0.3455704567748474,0.1678692973256248,0.9194913441205577,False
GUT_GENOME112856_1,GUT_GENOME112856_00069,94765,0.031473182087761155,0.029401710977838842,0.029533127832427897,0.0014586484186546718,0.353837832933236,0.033525482369882405,0.9969001038101633,0.0020714711099223126,-0.3061142744262773,-0.003992354537454508,-0.3314491470944126,0.20356448611713976,0.9032262140335897,False
GUT_GENOME112856_1,GUT_GENOME112856_00069,94887,0.031079288988555474,0.029176002006382887,0.029314827313662147,0.001441411466526828,0.3663186411578,0.03352313923805644,0.9982474666636137,0.0019032869821725869,-0.3217545244338509,-0.0042083119243942965,-0.3413749035983694,0.22006279880044954,0.8958060070835858,False
GUT_GENOME112856_1,GUT_GENOME112856_00069,94890,0.031277657721134826,0.029141899636094218,0.029292936570669136,0.0014270371089743943,0.350528116155968,0.033489278158496755,0.9983620999336529,0.002135758085040608,-0.3001359197709734,-0.004196341587827619,-0.3408247272524018,0.20624306504344228,0.9020173423775237,False
GUT_GENOME112856_1,GUT_GENOME112856_00069,94893,0.030992547216497662,0.029403239474993587,0.029532574540989977,0.0013680948109616208,0.38642458887696063,0.03342592344073882,0.9977851250638413,0.001589307741504075,-0.35095296240150053,-0.0038933488997488393,-0.32689868523565974,0.230030732227192,0.8913524471786415,False
GUT_GENOME112856_1,GUT_GENOME112856_00069,94898,0.030581189893839338,0.029391690186478598,0.02950219384998448,0.0013636706369826045,0.41328232425382455,0.03342819265077034,0.9980052667567915,0.0011894997073607395,-0.3881330322018059,-0.003925998800785861,-0.32839932835865754,0.2584933695525855,0.8787571627915943,False
GUT_GENOME112856_1,GUT_GENOME112856_00069,94902,0.03019825095087547,0.029287709607261684,0.029392988438218425,0.001385327514520159,0.4334774899474345,0.03341766208075232,0.9981649927834585,0.0009105413436137876,-0.41407471058181633,-0.004024673642533897,-0.3329345862914207,0.2823033046924544,0.868357613242318,False
GUT_GENOME112856_1,GUT_GENOME112856_00069,94921,0.030810792621283174,0.029206384822737703,0.029354279009745056,0.0014109512270329338,0.38459320350910087,0.033415891141784414,0.99800299200082,0.0016044077985454715,-0.3495487355555077,-0.004061612132039358,-0.33463233999019737,0.2341631214957693,0.8895126408884989,False
GUT_GENOME112856_1,GUT_GENOME112856_00069,95104,0.030963370347282953,0.029613890918976957,0.029678557331087558,0.0014025340144518434,0.4042135000983949,0.03346123325600123,0.9965019487325397,0.0013494794283059955,-0.37325574939751505,-0.003782675924913669,-0.3218119733831556,0.24288280067106138,0.885642950208005,False
GUT_GENOME112856_1,GUT_GENOME112856_00069,95105,0.031193159323557897,0.02967356331221563,0.029795761460965603,0.0014097007381814461,0.39448790342640283,0.033426333359255364,0.994994082800133,0.001519596011342269,-0.35743579108919715,-0.003630571898289761,-0.3148210222842649,0.22687262082366982,0.8927610541844127,False
GUT_GENOME112856_1,GUT_GENOME112856_00069,95121,0.03129212170753987,0.029606409176462203,0.029700307059328135,0.0013958435393428743,0.38356564363734785,0.03342733903862734,0.9962084872827,0.0016857125310776704,-0.34198781788380683,-0.003727031979299203,-0.31925448617276164,0.21887909452236187,0.8963363487114789,False
GUT_GENOME112856_1,GUT_GENOME112856_00069,95956,0.0316736509104307,0.02967266386823351,0.029758887838137803,0.0013938864374576335,0.36516007932655214,0.033420375034816645,0.9956906400954162,0.0020009870421971894,-0.31266892649434963,-0.0036614871966788413,-0.31624194021814755,0.19777082234806742,0.9058465019637877,False
GUT_GENOME112856_1,GUT_GENOME112856_00072,97840,0.030988012023943,0.029871311760326504,0.029869313294496352,0.001456602286966133,0.42266365235537623,0.03344858002051247,0.9930001505340912,0.001116700263616495,-0.39490300220912206,-0.00357926672601612,-0.31246295222888076,0.2535814776693657,0.8809179952369313,False
GUT_GENOME112856_1,GUT_GENOME112856_00072,97994,0.03169953057289445,0.029823178447335754,0.029845289935185728,0.0014552405052951232,0.37258988648663216,0.03346515169031907,0.9935671683834065,0.0018763521255586967,-0.32425932614728176,-0.0036198617551333433,-0.3143287664989939,0.20394668404226826,0.9030536249324513,False
GUT_GENOME112856_1,GUT_GENOME112856_00072,98128,0.03223228927958846,0.030058389061482716,0.030068994003630625,0.0014716572464028859,0.35752173867383563,0.033443881535607546,0.9890833787085492,0.0021739002181057447,-0.2965888995798136,-0.003374887531976921,-0.3030693485033752,0.17981600535622505,0.9140152683603128,False
GUT_GENOME112856_1,GUT_GENOME112856_00072,98260,0.03205981701924534,0.03014420543743357,0.030091794848185305,0.0015252370697996307,0.37434558547347263,0.03343693611995182,0.9858533090442014,0.00191561158181177,-0.32060840070517826,-0.003345141271766515,-0.30170216148590057,0.19381394084799658,0.9076404396110654,False
GUT_GENOME112856_1,GUT_GENOME112856_00073,99532,0.03178159014560784,0.030192644909083213,0.03017117957525756,0.001517053888920882,0.3940904955888179,0.033452997460454034,0.984740315363428,0.0015889452365246241,-0.35098667348103857,-0.0032818178851964745,-0.2987917145453873,0.21246813364225736,0.8992141472442955,False
GUT_GENOME112856_1,GUT_GENOME112856_00073,100548,0.032206310275545574,0.030260944115726413,0.030224518514627336,0.0015087625979804847,0.37221716308265074,0.03348413840821098,0.9846314269566122,0.0019453661598191618,-0.31784137955323,-0.0032596198935836464,-0.2977714583608315,0.18969098397063683,0.9095134507301061,False
GUT_GENOME112856_1,GUT_GENOME112856_00073,100590,0.03273270042408635,0.03028470882922227,0.030286943622394077,0.001526804953455318,0.3422876378689587,0.03352375140920556,0.9829964605028239,0.0024479915948640817,-0.271099825701215,-0.0032368077868114853,-0.2967229764340435,0.16153964023910708,0.9224059863103193,False
GUT_GENOME112856_1,GUT_GENOME112856_00074,100871,0.03328490736219256,0.03020355395683855,0.03023251995210864,0.0015444285229862947,0.30766417054565603,0.033586843269825035,0.9850678840453465,0.0030813534053540127,-0.21220046823002164,-0.003354323317716394,-0.30212418341160596,0.13630806091917014,0.9341165800893708,False
GUT_GENOME112856_1,GUT_GENOME112856_00074,101270,0.03347121610219662,0.030198164856251312,0.030217121806070373,0.0015364090143408526,0.2952509747076837,0.03361404674331105,0.9864803823207422,0.003273051245945305,-0.1943735651038158,-0.00339692493724068,-0.30408222387534883,0.13024708168814508,0.9369517044226516,False
GUT_GENOME112856_1,GUT_GENOME112856_00074,101649,0.03331493980836397,0.03021988015219143,0.03022952258542796,0.001529206855518534,0.30290905925846184,0.03360025138285426,0.9862460323410173,0.003095059656172537,-0.21092585812063466,-0.0033707287974262985,-0.30287820622711875,0.13622492543128317,0.934155410015216,False
GUT_GENOME112856_1,GUT_GENOME112856_00074,101680,0.03327222343188846,0.030420598686399746,0.030360902278375596,0.0016345155851779478,0.31593252305239655,0.033618628281031494,0.9768738464096983,0.002851624745488713,-0.2335640399431911,-0.003257726002655899,-0.2976844120205315,0.1431681699145941,0.9309179981037264,False
GUT_GENOME112856_1,GUT_GENOME112856_00074,101686,0.033897408636135475,0.030563506437814688,0.030382174198714713,0.0017676007511208186,0.2915574798765795,0.033623279825606076,0.966644685885741,0.0033339021983207866,-0.18871474271025587,-0.003241105626891363,-0.2969205122290923,0.12377504469858464,0.939988608555692,False
GUT_GENOME112856_1,GUT_GENOME112856_00074,101815,0.03400148989416873,0.030635042626966872,0.030441206437501225,0.0017669907181185177,0.28738145785355285,0.033609106574580196,0.9634993184754854,0.003366447267201856,-0.1856882204062541,-0.003167900137078971,-0.29355586757892677,0.12065516258765799,0.9414560796644803,False
GUT_GENOME112856_1,GUT_GENOME112856_00075,102260,0.034412231081605606,0.0304041030406829,0.03032686784539827,0.0017239600039214609,0.2551200581398064,0.03359006207306626,0.9708109562332016,0.004008128040922706,-0.1260152425793456,-0.003263194227667989,-0.29793574063099476,0.1046455469076707,0.9490224981322164,False
GUT_GENOME112856_1,GUT_GENOME112856_00075,102319,0.03425241802703323,0.03085879636229673,0.030702102973017245,0.0017358137848888717,0.28872836074848796,0.03360328054463983,0.9526751501554959,0.003393621664736498,-0.18316114263183148,-0.0029011775716225874,-0.28129686002032495,0.1126759276274924,0.945219631871424,False
GUT_GENOME112856_1,GUT_GENOME112856_00075,102345,0.034441178127367696,0.03100928101233274,0.030853078159133244,0.0017372039432226106,0.28370689963252205,0.03360415259428609,0.9433601212076135,0.003431897115034957,-0.17960172463067986,-0.002751074435152847,-0.2743978731220706,0.10755097226423052,0.9476448420287316,False
GUT_GENOME112856_1,GUT_GENOME112856_00075,102407,0.033944582469431786,0.030980325069383148,0.030825287541561813,0.0017277521060901767,0.30869016685752093,0.033578717581015084,0.9444926390574399,0.002964257400048638,-0.22308978830063816,-0.0027534300394532717,-0.2745061405679636,0.12512267485354212,0.939355443400659,False
GUT_GENOME112856_1,GUT_GENOME112856_00076,103710,0.03446518050870716,0.030943751830384284,0.03089151243703621,0.0016989662207293785,0.27714033074818056,0.03361993855891287,0.9458556971365328,0.0035214286783228736,-0.1712757544447436,-0.0027284261218766606,-0.2733569194136085,0.10405938945191417,0.9493006772008894,False
GUT_GENOME112856_1,GUT_GENOME112856_00076,104413,0.03423916625599337,0.030947799225550285,0.030803396188112335,0.0017047972484366377,0.2909599737539604,0.03359252058056908,0.9490848769618836,0.003291367030443082,-0.192670292313078,-0.0027891243924567446,-0.2761467117079428,0.11337884792711661,0.9448874832099293,False
GUT_GENOME112856_1,GUT_GENOME112856_00079,107702,0.034414696332986244,0.031236920764629125,0.03114146050746896,0.001680767115693789,0.2952244946367187,0.0336107112789345,0.9291000544074067,0.003177775568357119,-0.20323370807365457,-0.0024692507714655434,-0.26144479426492956,0.10965732054559879,0.9466473323544524,False
GUT_GENOME112856_1,GUT_GENOME112856_00079,107905,0.033890906201405176,0.03130072946087216,0.031193185365477036,0.0016845322401444947,0.32858737772940594,0.033648124579545705,0.9274889703833178,0.0025901767405330164,-0.25787734593823375,-0.0024549392140686688,-0.2607870115610048,0.13451059094706713,0.9349564807084495,False
GUT_GENOME112856_1,GUT_GENOME112856_00081,109721,0.034380303033117086,0.031184918960630525,0.031160111510643712,0.0016477099912257827,0.2959932332116634,0.03360904049105221,0.9313951018398563,0.003195384072486561,-0.20159620868219186,-0.0024489289804085004,-0.2605107713420983,0.1085068933402889,0.9471920134158993,False
GUT_GENOME112856_1,GUT_GENOME112856_00081,110445,0.03451320094192044,0.03132949828318097,0.03131002828360636,0.0016183536945961682,0.2947479648183168,0.033662334762215425,0.9269600288512947,0.0031837026587394693,-0.2026825194648496,-0.0023523064786090675,-0.2560698423270992,0.10665196784604458,0.948070906229885,False
GUT_GENOME112856_1,GUT_GENOME112856_00081,110540,0.034764939186409695,0.031378976581538355,0.03133535819495399,0.0016615220661827385,0.2846847091526235,0.03375541155400839,0.9273766380593741,0.00338596260487134,-0.18387339540334333,-0.0024200533590543957,-0.25918360031765353,0.10098556421077541,0.9507607911387526,False
GUT_GENOME112856_1,GUT_GENOME112856_00082,111549,0.0339593568330636,0.030819435936134457,0.030870840309792178,0.001611483316339222,0.2961829638037917,0.033667837369288064,0.9586885598485557,0.003139920896929143,-0.2067539958261893,-0.0027969970594958864,-0.2765085524264964,0.11920419435509241,0.9421393389133528,False
GUT_GENOME112856_1,GUT_GENOME112856_00082,112840,0.03375755399188451,0.03080781491079487,0.030836030057616502,0.0015800293132878342,0.3047377894810739,0.033744494059600144,0.9671720603546603,0.0029497390810896383,-0.22443991652763917,-0.002908464001983642,-0.28163175633747217,0.12968972230866294,0.9372128502192671,False
GUT_GENOME112856_1,GUT_GENOME112856_00082,112965,0.0332983204468154,0.030952320383035584,0.031018990976708554,0.0015569306701996018,0.33962733797592337,0.03369176346203427,0.9569823895780847,0.002346000063779819,-0.28058450815107644,-0.0026727724853257175,-0.27079898679184367,0.15205975746187061,0.9267885148810181,False
GUT_GENOME112856_1,GUT_GENOME112856_00082,113391,0.03373843998209646,0.03120748120496111,0.03121331503223403,0.001613589162834531,0.3316870643995956,0.03382168318809895,0.9470069585927727,0.0025309587771353524,-0.2633843088417549,-0.0026083681558649215,-0.26783885793917,0.14110894796620782,0.9318769750925463,False
GUT_GENOME112856_1,GUT_GENOME112856_00083,114973,0.034198310412804855,0.03197891220416076,0.031947089246880306,0.001540758422974637,0.351212588760751,0.03366753197272463,0.8679217282774218,0.0022193982086440925,-0.2923578228641743,-0.0017204427258443247,-0.22702834556474086,0.1370149662797433,0.9337864724225945,False
GUT_GENOME112856_1,GUT_GENOME112856_00083,115985,0.03531051727485963,0.031877534724856445,0.031165932369982826,0.0018299288990005023,0.2791908335379203,0.03383514939156283,0.9276686081749088,0.003432982550003183,-0.17950078481848022,-0.0026692170215800066,-0.2706355718334639,0.10546414449207632,0.9486341438518482,False
GUT_GENOME112856_1,GUT_GENOME112856_00083,115986,0.035857383951513416,0.03230165859845407,0.03190106285971196,0.0018134716141090755,0.27374832229646395,0.03384745401368559,0.8584307517866357,0.0035557253530593483,-0.1680863418974126,-0.0019463911539736312,-0.23741330674547872,0.08461809655227666,0.9585734893062683,False
GUT_GENOME112856_1,GUT_GENOME112856_00083,116078,0.041467779721596876,0.03339934131399748,0.03372844040929033,0.0015029646117377111,0.11073141995743141,0.03542495768411301,0.8705047977766025,0.008068438407599396,0.2515725244284104,-0.00169651727482268,-0.22592869250608255,0.11433250914479114,0.9444370393372753,False
GUT_GENOME112856_1,GUT_GENOME112856_00084,116849,0.04397095003810032,0.03410075520469436,0.034606863588414034,0.0014949875772512905,0.08707871502072634,0.03674215532142405,0.9233973300291496,0.009870194833405961,0.4191265102260553,-0.0021352917330100182,-0.24609548788103025,0.23623002072967395,0.8885938492347136,False
GUT_GENOME112856_1,GUT_GENOME112856_00084,117366,0.04433678098067181,0.03393263983349948,0.034447895867176434,0.0014699633371819305,0.07701317382917026,0.03640583491730148,0.9085640805702913,0.010404141147172329,0.468780743058035,-0.0019579390501250488,-0.23794406703553497,0.2763727640994546,0.8709363497154061,False
GUT_GENOME112856_1,GUT_GENOME112856_00084,117895,0.04478541353626624,0.033931619325232504,0.034492151560905134,0.0014797247040568638,0.07363639862835762,0.03634658995688116,0.8949393619200303,0.010853794211033739,0.5105961416307779,-0.0018544383959760297,-0.233187006831941,0.31508460000347716,0.8542406784620424,False
GUT_GENOME112856_1,GUT_GENOME112856_00085,119128,0.044828559119639906,0.034022413899448635,0.03458142466460191,0.0014762415260787217,0.07653823578490303,0.036299355250761854,0.8777310840833341,0.010806145220191271,0.506165033063305,-0.0017179305861599464,-0.22691288349528166,0.30769249739211985,0.857403837835764,False
GUT_GENOME112856_1,GUT_GENOME112856_00085,119202,0.04396964064262412,0.03394220830022887,0.03447401817271494,0.0014715303706148229,0.09370583724383796,0.03623083892667795,0.8837362246608005,0.010027432342395247,0.4337487815667855,-0.0017568207539630093,-0.22870033953687033,0.24044185081495076,0.8867245151011058,False
GUT_GENOME112856_1,GUT_GENOME112856_00085,119208,0.04346423435721892,0.03385424038216886,0.03439099894336931,0.0014777988194640962,0.10141100074270787,0.03624904345543688,0.8956784746541935,0.009609993975050059,0.3949291823847056,-0.001858044512067565,-0.23335274985539942,0.21042256496412867,0.9001343198804277,False
GUT_GENOME112856_1,GUT_GENOME112856_00085,119418,0.043308932868416285,0.03393289852562182,0.03446451121703494,0.0014869184204968266,0.10523553293323179,0.03625888833102888,0.8862407440993119,0.009376034342794465,0.3731721522230801,-0.001794377113993939,-0.23042649158068015,0.1923538232169869,0.9083033124539517,False
GUT_GENOME112856_1,GUT_GENOME112856_00085,119891,0.04349090265068805,0.03390562878102531,0.03446267521311299,0.0015002543108659366,0.10081826149901929,0.036305811503227745,0.8903795711005877,0.009585273869662743,0.3926303410276512,-0.0018431362901147538,-0.2326675434676605,0.20829277047876538,0.9010933809958483,False
GUT_GENOME112856_1,GUT_GENOME112856_00086,120299,0.044058106679571746,0.0340192324040637,0.034598319689208505,0.001503434482211586,0.09177420776082906,0.03630686249670225,0.8721109477444537,0.010038874275508043,0.4348128218947787,-0.0017085428074937459,-0.22648140575574166,0.24035601723719743,0.886762571286531,False
GUT_GENOME112856_1,GUT_GENOME112856_00086,120328,0.044964171171284,0.03419257435472397,0.034818205271087234,0.0014992722625611393,0.07897268989033046,0.03633811939930215,0.8446532477224125,0.01077159681656003,0.5029522110367266,-0.001519914128214915,-0.21781172158000814,0.3004028726443789,0.8605346160369333,False
GUT_GENOME112856_1,GUT_GENOME112856_00086,120457,0.04554958219167372,0.034172209107017924,0.03485780906467378,0.001568896479250411,0.06999890383945086,0.0364207104192011,0.8404183520625689,0.011377373084655792,0.5592862563978418,-0.0015629013545273227,-0.21978748516561036,0.3611076552309358,0.8348077437773092,False
GUT_GENOME112856_1,GUT_GENOME112856_00086,120458,0.04594608101985975,0.03481223954957899,0.03553568144287733,0.0017287581672482436,0.07720726053131106,0.036619949591779506,0.7347342273162206,0.011133841470280764,0.5366390816344692,-0.0010842681489021747,-0.19778871623686745,0.32710188020811454,0.8491232434734928,False
GUT_GENOME112856_1,GUT_GENOME112856_00086,120508,0.045594982949984195,0.03480511525261645,0.03551332457702895,0.0017299559863686923,0.08083677624251145,0.036748370064591175,0.7623608369991949,0.010789867697367742,0.5046513080176048,-0.0012350454875622238,-0.20471869057607148,0.2965826849550608,0.8621798887225305,False
GUT_GENOME112856_1,GUT_GENOME112856_00086,120527,0.04653887930282433,0.03484184308596111,0.035577116068729764,0.0017202816719053217,0.06701933323694216,0.03681768002886795,0.764588314895859,0.011697036216863223,0.5890132667455017,-0.0012405639601381843,-0.20497232864716936,0.3889502839132507,0.8232666428000834,False
GUT_GENOME112856_1,GUT_GENOME112856_00086,120772,0.04694443427579584,0.03490364190477607,0.035665986348351664,0.0017092286947893573,0.0602178360248762,0.03687835664240953,0.7609334458100978,0.012040792371019765,0.6209808029487454,-0.0012123702940578657,-0.20367650140813567,0.4271012748567268,0.8077112586939988,False
GUT_GENOME112856_1,GUT_GENOME112856_00086,120812,0.04756240791809091,0.0350800516214692,0.035908246681370166,0.0018162601017450153,0.05950464960510986,0.03691606671809802,0.7105141956191409,0.012482356296621713,0.662043953693964,-0.0010078200367278564,-0.19427503533258317,0.4760449859762119,0.7881849622594026,False
GUT_GENOME112856_1,GUT_GENOME112856_00086,120831,0.04874810757641056,0.0357910430648933,0.03664502684891656,0.0020444465810905473,0.05796681062402136,0.03698873004467587,0.5667537992026076,0.012957064511517256,0.7061893511280412,-0.0003437031957593123,-0.16375113361734017,0.5255178334076078,0.7689272504835672,False
GUT_GENOME112856_1,GUT_GENOME112856_00086,120844,0.049424668868986,0.03545625194913123,0.03640364781485178,0.0020392130516588293,0.04654272348399575,0.03701253851523591,0.6173739400946101,0.013968416919854766,0.8002398701859316,-0.0006088907003841265,-0.17593958725672285,0.6713385881992626,0.7148594749758742,False
GUT_GENOME112856_1,GUT_GENOME112856_00086,120845,0.050095750321537943,0.03538589311577752,0.03636227697294533,0.001947125900291967,0.0377779837495118,0.03705930693662017,0.639820443350892,0.014709857205760422,0.8691899643024686,-0.0006970299636748431,-0.17999061268474267,0.7878878146987557,0.6743918836078252,False
GUT_GENOME112856_1,GUT_GENOME112856_00086,120853,0.04994417558519187,0.035332339553546185,0.03637992308820118,0.001968958721515292,0.03690865298476521,0.037080825153531734,0.6390707336008841,0.014611836031645682,0.8600745044210713,-0.0007009020653305567,-0.18016858084196943,0.7721888706777605,0.6797063343513803,False
GUT_GENOME112856_1,GUT_GENOME112856_00086,120854,0.0497694681415764,0.03541536043904829,0.03638867145842167,0.0019373171325379273,0.041081308572714054,0.03710534160013402,0.644282371250726,0.01435410770252811,0.8361071089517945,-0.0007166701417123458,-0.1808933075527305,0.7317974863570947,0.6935730266544176,False
GUT_GENOME112856_1,GUT_GENOME112856_00086,120859,0.0503926495886771,0.03554950492832066,0.03655574115093746,0.0019327823421400748,0.037108605318937594,0.03717053163805214,0.6247900470854187,0.014843144660356439,0.8815850050274588,-0.0006147904871146789,-0.17621075115318668,0.8082423499112349,0.6675632244236007,False
GUT_GENOME112856_1,GUT_GENOME112856_00086,120860,0.05052895107751098,0.035682710682403425,0.03666718469719631,0.0019393633237851384,0.036619982535637086,0.03722203481878099,0.6125988935375424,0.014846240395107554,0.8818728922740879,-0.0005548501215846754,-0.17345579342083153,0.8077867103991153,0.6677153258397392,False
GUT_GENOME112856_1,GUT_GENOME112856_00086,120877,0.05063284478444002,0.03591295575816406,0.03693894440413319,0.0019715691049833925,0.03910935894966802,0.03726028463993726,0.5647356852357024,0.01471988902627596,0.8701228714857648,-0.000321340235804074,-0.16272329521658513,0.7835926822887767,0.6758417411012246,False
GUT_GENOME112856_1,GUT_GENOME112856_00086,120909,0.05029669162267148,0.03530843274652847,0.03642813399090407,0.001906989896936165,0.0333444981368521,0.037288181271343666,0.6740042498386154,0.01498825887614301,0.8950798730921335,-0.0008600472804395978,-0.18748315653825065,0.8363179132001761,0.6582575857204149,False
GUT_GENOME112856_1,GUT_GENOME112856_00086,121138,0.05080692224302922,0.03612186868872792,0.037158875621839886,0.0019740610513793726,0.03711503089556906,0.03739661500289234,0.5479293798670017,0.014685053554301296,0.8668833535948355,-0.00023773938105245418,-0.1588808625054568,0.7767298772103064,0.6781648095798805,False
GUT_GENOME112856_1,GUT_GENOME112856_00086,121140,0.051930507083553845,0.03622862123515814,0.037408016549352927,0.0019110985539353602,0.029333018452042257,0.03751043468845035,0.5213695815720959,0.015701885848395707,0.9614434735550086,-0.00010241813909742103,-0.1526612757782235,0.9476790179637553,0.6226071674079425,False
GUT_GENOME112856_1,GUT_GENOME112856_00086,121258,0.050536988644094914,0.03620050287032036,0.03721023751687766,0.0018926362708519293,0.039566256707452015,0.03774105572999216,0.6104396090959932,0.014336485773774554,0.8344683611400427,-0.0005308182131145006,-0.17235124740283939,0.7260423982250636,0.6955716878403138,False
GUT_GENOME112856_1,GUT_GENOME112856_00086,121268,0.05186414577621215,0.03734486174572203,0.03838980601926677,0.0019692732843428163,0.040141258909263976,0.03820076128857276,0.46176139629697854,0.014519284030490118,0.851467649207431,0.00018904473069400463,-0.13926516316318815,0.7443919433176982,0.6892191618662029,False
GUT_GENOME112856_1,GUT_GENOME112856_00086,121331,0.052269934540064664,0.037431288115288036,0.03863669078401682,0.001994768276716796,0.037345532353077235,0.03896099347153429,0.5645741023771104,0.014838646424776628,0.8811666924910588,-0.00032430268751747204,-0.16285945436714067,0.802977941832395,0.6693227016751833,False
GUT_GENOME112856_1,GUT_GENOME112856_00086,121444,0.05125924310564409,0.038480817521131354,0.03965973422267294,0.002219861353287047,0.058437025685084465,0.03952001441230291,0.47490682977808873,0.012778425584512733,0.6895768591121887,0.0001397198103700245,-0.14153221758374104,0.49554761323720276,0.7805364754967695,False
GUT_GENOME112856_1,GUT_GENOME112856_00086,121460,0.052406473386374414,0.038702898883008874,0.03993288505938459,0.002274035130396627,0.043881743269259844,0.040077833739111425,0.5254116671743907,0.01370357450336554,0.7756109015553994,-0.00014494867972683623,-0.1546160493391155,0.6254783933248151,0.7314406498580738,False
GUT_GENOME112856_1,GUT_GENOME112856_00086,121484,0.05289043433134233,0.038995835153046145,0.04036851322147336,0.0024309308857588694,0.0446406974911706,0.04040025123882873,0.5052084069490255,0.013894599178296184,0.7933752037728874,-3.173801735537052e-05,-0.14941270119588138,0.6517683692403203,0.7218887884147149,False
GUT_GENOME112856_1,GUT_GENOME112856_00086,121529,0.05435161990230171,0.039777796388497814,0.041140848368706504,0.002368752093664875,0.037262885654149605,0.04069580373010337,0.425484782246466,0.014573823513803895,0.8565395377722111,0.00044504463860313426,-0.12749898657183192,0.7499159713438773,0.6873181553948157,False
GUT_GENOME112856_1,GUT_GENOME112856_00086,121546,0.054677458792430494,0.03984827257455212,0.04123792128235343,0.002352253317476046,0.038434554932385505,0.04109118126096731,0.47512901742043767,0.014829186217878376,0.8802869424041053,0.0001467400213861214,-0.1412095571453111,0.7948452399963436,0.6720499438615207,False
GUT_GENOME112856_1,GUT_GENOME112856_00086,121552,0.05547772515438038,0.04043155420873047,0.041858584881056336,0.0024110006701601296,0.03414688827999915,0.04151546897885813,0.44341652622781075,0.01504617094564991,0.9004653946491484,0.00034311590219820304,-0.13218379885192044,0.8283104836395716,0.6608983442400146,False
GUT_GENOME112856_1,GUT_GENOME112856_00088,123130,0.05657358520403335,0.04172235878198481,0.04317497363994401,0.002556501437885732,0.03733600621005659,0.041788106032197445,0.29374169030808794,0.014851226422048537,0.8823365668725466,0.0013868676077465683,-0.0842112547001835,0.7856093526586111,0.6751606095563989,False
GUT_GENOME112856_1,GUT_GENOME112856_00092,128076,0.05771948128594977,0.042284577644937385,0.043925746530518346,0.002589417746576226,0.032681863551519176,0.04220361659014411,0.25300460470604735,0.015434903641012382,0.9366155154895315,0.0017221299403742396,-0.06880204677372036,0.881982345495974,0.6433983859875871,False
GUT_GENOME112856_1,GUT_GENOME112856_00092,128077,0.05896414824879145,0.04347363836893233,0.04504149132946514,0.002667747583188542,0.034949311411470035,0.04280867591988301,0.20130569384498442,0.015490509879859116,0.9417866067760883,0.002232815409582131,-0.04533010312180088,0.8890168309518514,0.6411393727710621,False
GUT_GENOME112856_1,GUT_GENOME112856_00092,129637,0.062066060597775446,0.04591982030742827,0.047619447638308166,0.002936582929405046,0.0356773264956104,0.04340961326283163,0.07584569696432872,0.016146240290347176,1.0027661278214017,0.004209834375476534,0.04553693846100761,1.0076135198703295,0.6042261322721446,False
GUT_GENOME112856_1,GUT_GENOME112856_00092,130553,0.06219192854539222,0.046103414398538864,0.04774942066617901,0.002988336300129615,0.03770976782879796,0.043557430571854405,0.08034064247488598,0.016088514146853354,0.9973978964175444,0.004191990094324603,0.04471678596605454,0.9968021547252766,0.6075012310421604,False
GUT_GENOME112856_1,GUT_GENOME112856_00092,130554,0.059716300574226625,0.04575828451807636,0.04723779093031138,0.00288788701826095,0.061324723384815864,0.043638950166118455,0.10634828805612317,0.013958016056150262,0.7992726439035845,0.003598840764192923,0.017454667708374064,0.6391414247174361,0.7264608308008441,False
GUT_GENOME112856_1,GUT_GENOME112856_00093,131963,0.057466450541446626,0.046193918893728356,0.047441465413603695,0.002904375324061603,0.09485344424460695,0.044066932123296085,0.1226422677175949,0.01127253164771827,0.5495365475115419,0.0033745332903076103,0.007145127482162539,0.3020414698976415,0.8598298699460194,False
GUT_GENOME112856_1,GUT_GENOME112856_00094,132807,0.055797213187236155,0.04600608574754073,0.04748520395938356,0.003021673514214036,0.12825565621231394,0.044539773030297186,0.16483765376393,0.009791127439695423,0.41177365343971034,0.002945430929086376,-0.012577122416806715,0.16971572567537402,0.9186428484098909,False
GUT_GENOME112856_1,GUT_GENOME112856_00095,133115,0.05417684712207607,0.04628679728544262,0.047659488660585954,0.003026884777671484,0.16845587076451646,0.04514254070673548,0.202836914991325,0.007890049836633453,0.23498331422331314,0.0025169479538504763,-0.03227090431771622,0.05625856922885552,0.972262660072319,False
GUT_GENOME112856_1,GUT_GENOME112856_00095,133204,0.05419270295633898,0.046621068744650225,0.04801230892195647,0.003019267665576999,0.17956051365451992,0.04533072069034256,0.18722775009209225,0.0075716342116887575,0.20537231556912572,0.002681588231613914,-0.024703766508814427,0.042788064081946575,0.978833196929687,False
GUT_GENOME112856_1,GUT_GENOME112856_00095,133258,0.054196422280810924,0.04674058695258665,0.048525479395001986,0.0032862150442366333,0.17998762502951077,0.045393091645179615,0.17024687280009837,0.007455835328224275,0.19460362108995638,0.0031323877498223712,-0.003984279607976163,0.037886443825317855,0.9812350733119017,False
GUT_GENOME112856_1,GUT_GENOME112856_00095,133259,0.05497173977692394,0.04705503080045927,0.04887377301342173,0.003380930184951393,0.16641312030821898,0.045425134446950344,0.15385793361401529,0.007916708976464668,0.2374624757085606,0.0034486385664713876,0.010551127792145969,0.05649975366732493,0.9721454198297345,False
GUT_GENOME112856_1,GUT_GENOME112856_00095,133274,0.05589400073810324,0.047663145944836796,0.049266537809689245,0.0032631662524731718,0.16563178932624878,0.045691282116735295,0.13661816000504035,0.008230854793266441,0.26667640439108553,0.0035752556929539506,0.016370659064058563,0.07138430313714943,0.9649373021988494,False
GUT_GENOME112856_1,GUT_GENOME112856_00095,133334,0.05533099581159064,0.04806315227016931,0.04953121618000121,0.0032124395731782255,0.1904911383489311,0.04547301439344489,0.10324478199021941,0.007267843541421334,0.17712136170966683,0.004058201786556324,0.03856765541394879,0.03285944081801573,0.9837045113120745,False
GUT_GENOME112856_1,GUT_GENOME112856_00095,133380,0.054277186094488276,0.048474165399583484,0.049739966569650136,0.003383177252272725,0.23319709342522688,0.04558894036305819,0.10991864355555386,0.0058030206949047924,0.04090044810230872,0.004151026206591947,0.04283401834763019,0.0035075997827747687,0.9982477371169758,False
GUT_GENOME112856_1,GUT_GENOME112856_00095,133527,0.05558973692020668,0.04835459998784065,0.049706572077899996,0.0034301148103682475,0.19011162427578632,0.0454199368677459,0.10570347432481725,0.007235136932366035,0.17407981700881328,0.004286635210154099,0.04906683107136179,0.03271133660120747,0.9837773594024278,False
GUT_GENOME112856_1,GUT_GENOME112856_00095,133661,0.056426451786174475,0.048223738020730426,0.0498052247914552,0.003511526669731284,0.15846749431579016,0.04540667398130785,0.10517500918319667,0.008202713765444049,0.2640594350224465,0.004398550810147353,0.05421065601881306,0.07266618045036372,0.9643190347375915,False
GUT_GENOME112856_1,GUT_GENOME112856_00095,133771,0.056831321261467366,0.0478681815792146,0.04946077330406195,0.0035524147285605485,0.13709748504979447,0.04535761318720973,0.12403823313758017,0.008963139682252763,0.33477509416493667,0.004103160116852217,0.040634014178818983,0.11372548678142669,0.9447237300438258,False
GUT_GENOME112856_1,GUT_GENOME112856_00095,133779,0.057287664449349275,0.047973137943859705,0.04985852141044219,0.0035730852321733306,0.13051775374119173,0.0454138020038167,0.10676001124503065,0.00931452650548957,0.3674522429442137,0.00444471940662549,0.05633264060690772,0.13819451724248047,0.933235910426268,False
GUT_GENOME112856_1,GUT_GENOME112856_00095,133824,0.05641552075567076,0.04807051225397718,0.0495974437612109,0.0035191310758487513,0.14871641678834469,0.045281246375142165,0.1100061895483333,0.008345008501693577,0.2772921061399978,0.004316197386068733,0.05042555727199694,0.07943364895374723,0.9610615497300787,False
GUT_GENOME112856_1,GUT_GENOME112856_00095,133910,0.056201677816922466,0.04792960413255033,0.049591716402833,0.0035714326632549447,0.15275958273857076,0.04538552395663188,0.1194516258870838,0.008272073684372133,0.2705095470933939,0.004206192446201115,0.04536954940474661,0.07523381108186285,0.9630818215380831,False
GUT_GENOME112856_1,GUT_GENOME112856_00095,133978,0.056506946833196334,0.04796000166050352,0.04962738937021511,0.0035840080447877443,0.14249302680354703,0.045340430709289135,0.11582187539470967,0.008546945172692812,0.29607116729388433,0.004286958660925974,0.049081697400539685,0.09006714912248139,0.9559653851759188,False
GUT_GENOME112856_1,GUT_GENOME112856_00095,133982,0.056516294738720274,0.04776610037267867,0.04948877546243683,0.003597952885893741,0.13959408447167482,0.04529326173417471,0.12179033038977705,0.008750194366041603,0.3149722862065038,0.004195513728262122,0.04487873797412659,0.10122164220030205,0.9506485709140177,False
GUT_GENOME112856_1,GUT_GENOME112856_00095,133984,0.05612171256961053,0.047870046055485706,0.04942830273553934,0.003574132412565394,0.15091665578799618,0.04530723439164586,0.12444981368976354,0.008251666514124824,0.26861178629464605,0.004121068343893475,0.041457105731962575,0.07387098335207172,0.9637383024865165,False
GUT_GENOME112856_1,GUT_GENOME112856_00095,134033,0.05689841581461127,0.04929504376597124,0.05072106663876,0.003537726372017136,0.1768167060126381,0.045293096883082924,0.062476675377532875,0.007603372048640027,0.20832376949797762,0.005427969755677074,0.10152444295927493,0.053706005456037584,0.9735043334882996,False
GUT_GENOME112856_1,GUT_GENOME112856_00095,134371,0.05755365109789376,0.05154780805390019,0.05272336394382677,0.003553298801915848,0.22912150804755899,0.04524816574646758,0.017700795324205033,0.0060058430439935695,0.05976187271660028,0.007475198197359187,0.19561842746269562,0.04183805059357304,0.9792982597449049,False
GUT_GENOME112856_1,GUT_GENOME112856_00095,134507,0.05740832061711015,0.05233897275915703,0.053292152880794016,0.003593999108881763,0.2663215129689044,0.04515712983138435,0.011802390338445972,0.00506934785795312,-0.027327313620637943,0.008135023049409669,0.22594506231190525,0.05179795325285145,0.9744335251985574,False
GUT_GENOME112856_1,GUT_GENOME112856_00095,134590,0.05699969539963712,0.05228540834935573,0.05315558852772586,0.0035409839270226654,0.2810205864776424,0.04485545929404265,0.009538631330435756,0.004714287050281388,-0.06034612386259279,0.008300129233683208,0.2335336139498888,0.05817960350973509,0.971329233480195,False
GUT_GENOME112856_1,GUT_GENOME112856_00095,134591,0.056063658660052224,0.052477886675157875,0.0531363935192821,0.0034776593966340283,0.3284621371388323,0.04445363082578842,0.006267288080840324,0.003585771984894348,-0.1652921612569884,0.008682762693493683,0.25112007675240566,0.09038279152114037,0.9558145254770553,False
GUT_GENOME112856_1,GUT_GENOME112856_00095,134594,0.05614667698931769,0.05220280712378842,0.05284092144548486,0.003436002076420086,0.3105183619594175,0.04417095248697812,0.005813416073857103,0.003943869865529269,-0.13199091900987908,0.008669968958506746,0.2505320556615046,0.0801879136150517,0.9606991706846508,False
GUT_GENOME112856_1,GUT_GENOME112856_00095,134606,0.05521720018485528,0.05241139918148641,0.052870904202019585,0.003428460278354783,0.3612921313516362,0.043970029369254614,0.004713434090352371,0.0028058010033688713,-0.23782540986332656,0.008900874832764971,0.26114486921559443,0.12475756829428919,0.9395269414708781,False
GUT_GENOME112856_1,GUT_GENOME112856_00095,134630,0.055018432748811255,0.05272421799575665,0.05288972700667048,0.0035058536986724946,0.38446327496058325,0.04387625827043464,0.005070605130486617,0.0022942147530546075,-0.2854002729756112,0.00901346873623584,0.26631987010590186,0.15237958902777782,0.9266403186198049,False
GUT_GENOME112856_1,GUT_GENOME112856_00095,134642,0.05486196629294126,0.04934852462503599,0.05020215655149127,0.0032012495615189023,0.2355264980466703,0.04376584801122464,0.022185906623538188,0.005513441667905267,0.013971103224044113,0.006436308540266625,0.14786935105043542,0.022060536705373803,0.9890303420030928,False
GUT_GENOME112856_1,GUT_GENOME112856_00095,134713,0.05490566216027793,0.04914415502314419,0.04994933629840289,0.003174282184219417,0.22817939131680093,0.04363110937672997,0.0232710929718614,0.005761507137133741,0.03703990293118954,0.006318226921672922,0.14244212575213624,0.02166171359793934,0.9892275857459522,False
GUT_GENOME112856_1,GUT_GENOME112856_00095,134732,0.05541334978505795,0.04949483005401196,0.050274466479217406,0.003213544996149464,0.22743748987379275,0.04349550024448792,0.017450816044076112,0.005918519731045992,0.05164125833839876,0.006778966234729483,0.1636184619636632,0.029437820658127938,0.9853888833151858,False
GUT_GENOME112856_1,GUT_GENOME112856_00095,134774,0.05475943291013356,0.04946492160197258,0.05025852493105892,0.003193819581227585,0.2508587330127453,0.04344615698708423,0.016462995250715453,0.005294511308160985,-0.006388282685094832,0.00681236794397469,0.1651536594277644,0.02731654137804667,0.9864345802814819,False
GUT_GENOME112856_1,GUT_GENOME112856_00095,134777,0.05536100367553015,0.04942673915989917,0.05026473663259524,0.0031975288221683822,0.2296713591963252,0.04343629783217405,0.016358615067492914,0.005934264515630984,0.05310544149598613,0.006828438800421187,0.16589230240802258,0.03034044391471842,0.9849442661917385,False
GUT_GENOME112856_1,GUT_GENOME112856_00095,134825,0.05549327062495571,0.048765876555586195,0.04971166441151498,0.0032218067564941527,0.19389890575316732,0.04346731072637946,0.026302293568727302,0.006727394069369515,0.12686236894710287,0.006244353685135519,0.13904679036481787,0.03542807056562846,0.9824419359224899,False
GUT_GENOME112856_1,GUT_GENOME112856_00095,134861,0.05674794829656881,0.050196545343373665,0.05096731082987832,0.0031403160477308963,0.20451305649257195,0.04388255394677207,0.012033282742788245,0.006551402953195146,0.11049610958061194,0.007084756883106252,0.17767310283511045,0.04377712170350633,0.9783492553842387,False
GUT_GENOME112856_1,GUT_GENOME112856_00095,134862,0.05728662533896447,0.05215025911720974,0.052785392624431195,0.0031856964103235278,0.2586101900873701,0.04405546740789722,0.003068683429657182,0.005136366221754729,-0.021094954009893457,0.008729925216533978,0.2532877438391571,0.06459967826380998,0.9682162294380999,False
GUT_GENOME112856_1,GUT_GENOME112856_00096,135582,0.0592772325449704,0.052757211450104945,0.05351522568818109,0.0032639623195433167,0.2160513249810047,0.04417357219460966,0.002104491187567235,0.006520021094865457,0.10757775981392659,0.009341653493571425,0.2814037810375127,0.09076106238879125,0.9556337641768448,False
GUT_GENOME112856_1,GUT_GENOME112856_00096,135625,0.06198754490051569,0.05605059244796737,0.056682551697788186,0.003391909654873411,0.2425484559285071,0.04547768450846778,0.00047758366398846855,0.0059369524525483205,0.053355405662963235,0.011204867189320407,0.36704014532635376,0.13756526759465026,0.9335295758050437,False
GUT_GENOME112856_1,GUT_GENOME112856_00096,135631,0.06383709182909168,0.05732452894527381,0.05813820292375006,0.0033971393421979084,0.23632495458670533,0.046522266475528325,0.0003138790863352593,0.006512562883817873,0.10688418493885249,0.011615936448221738,0.38593356419909747,0.16036894496546172,0.922946072528272,False
GUT_GENOME112856_1,GUT_GENOME112856_00096,135665,0.06879470705247029,0.06432762004628391,0.06491077928425916,0.003460600669847412,0.31575341844177185,0.049436036291277435,3.8801431320811835e-06,0.004467087006186379,-0.08333444352901533,0.015474742992981724,0.563290656271348,0.3242409929208966,0.8503387355589653,False
GUT_GENOME112856_1,GUT_GENOME112856_00096,135690,0.07622413728449755,0.06990153702073208,0.07070739219794693,0.0038151840908968375,0.27280225193263785,0.05222184706501462,6.322413633838688e-07,0.0063226002637654655,0.08921864830667646,0.01848554513293231,0.7016720719118044,0.5003036637066748,0.778682545281489,False
GUT_GENOME112856_1,GUT_GENOME112856_00096,135695,0.07916519809456254,0.0722211897452068,0.0730740302429469,0.003980935847239645,0.26170302738339424,0.05338495560545821,3.790796589023774e-07,0.00694400834935574,0.14700637147293355,0.019689074637488688,0.7569882663556885,0.5946421086538288,0.7428054931575433,False
GUT_GENOME112856_1,GUT_GENOME112856_00096,135796,0.08305161818167778,0.08002155675039958,0.08036497811208514,0.004549799101695916,0.3946727565597852,0.05498678773870871,1.217403725919788e-08,0.0030300614312781943,-0.21697035530950612,0.02537819037337643,1.0184693775945237,1.0843560081809098,0.5814804054856586,False
GUT_GENOME112856_1,GUT_GENOME112856_00096,135804,0.08585759858674197,0.08494598604851746,0.08499358330558934,0.004777059083949057,0.46879685896651774,0.05589491164072012,5.59861509766244e-10,0.0009116125382245127,-0.41397509504887237,0.029098671664869222,1.1894688136415088,1.5862114379464614,0.4524374674043886,False
GUT_GENOME112856_1,GUT_GENOME112856_00096,135863,0.08607943974484955,0.0858300653207861,0.08587738011059753,0.004817989211740882,0.49151934954457793,0.0560836171127949,3.127674371567825e-10,0.0002493744240634477,-0.475559798722195,0.029793762997802634,1.2214163539246827,1.7180150317953604,0.42358227243866975,False
GUT_GENOME112856_1,GUT_GENOME112856_00096,136281,0.08686713853220908,0.08761946623242839,0.0875713997830472,0.005074827130280228,0.5254584390975292,0.056081460212119454,2.7326623763041476e-10,-0.0007523277002193102,-0.5687128915052053,0.03148993957092775,1.2993754174747982,2.0118108285020178,0.36571336276700067,False
GUT_GENOME112856_1,GUT_GENOME112856_00096,136282,0.08656008175489067,0.09002631755075485,0.08951892976317435,0.005358103826983741,0.6155940401254376,0.055980174112883835,1.9317510927238418e-10,-0.003466235795864178,-0.8210922431205233,0.03353875565029052,1.3935423724158502,2.6161528154310885,0.27033957967864447,False
GUT_GENOME112856_1,GUT_GENOME112856_00096,136758,0.08501382507081914,0.08934136122203896,0.08864940445332048,0.005182612242884685,0.6489313328502925,0.055815595399159194,1.183798297991428e-10,-0.004327536151219821,-0.9011887009112388,0.032833809054161285,1.3611418680356835,2.664848259569756,0.26383691055352254,False
GUT_GENOME112856_1,GUT_GENOME112856_00097,136993,0.08560772574829695,0.088406086234057,0.08803918987132123,0.005070619476142176,0.5960607113598155,0.0554720750764632,6.693500410490988e-11,-0.002798360485760057,-0.7589833095149786,0.03256711479485803,1.3488841614744103,2.3955441451988326,0.30186599881816933,False
GUT_GENOME112856_1,GUT_GENOME112856_00097,136996,0.08552128637937752,0.08763490629849706,0.08722519951514399,0.0047543287734250995,0.5737443994908427,0.05510660990352456,7.109728364599439e-12,-0.0021136199191195415,-0.6953059946822612,0.032118589611619425,1.3282692067474378,2.247749511834556,0.3250179862365955,False
GUT_GENOME112856_1,GUT_GENOME112856_00097,136997,0.08632551000093418,0.0855387597970937,0.08565496207346864,0.004637936643800332,0.47253196404144837,0.05458071201987041,1.041983091463557e-11,0.000786750203840475,-0.42558664337049323,0.031074250053598228,1.2802696439297119,1.8202143521832748,0.4024810853722727,False
GUT_GENOME112856_1,GUT_GENOME112856_00097,137245,0.08550080380869672,0.08348977595770847,0.0836377341413773,0.004513280211813558,0.43030760806487905,0.05423079500985223,3.6188583800198714e-11,0.0020110278509882507,-0.3117351834481323,0.029406939131525076,1.2036372931525652,1.5459215580670749,0.4616442163603667,False
GUT_GENOME112856_1,GUT_GENOME112856_00097,137348,0.08389995197616058,0.07925922805045355,0.07984469406236534,0.004270812380449503,0.3397636972432715,0.05345984715994691,3.2470524033181223e-10,0.004640723925707038,-0.06718711221907568,0.026384846902418435,1.0647369664553539,1.138178915784888,0.5660406079304123,False
GUT_GENOME112856_1,GUT_GENOME112856_00097,137453,0.08123387663099456,0.07659620802254082,0.07718969821778371,0.004135554498232715,0.3359022899474894,0.05222231163355912,7.838018346266683e-10,0.004637668608453743,-0.06747124084841397,0.024967386584224587,0.9995881601478573,1.0037288582494033,0.6054008798101866,False
GUT_GENOME112856_1,GUT_GENOME112856_00097,137512,0.07898007191112431,0.07315389832399759,0.07384994184997343,0.003917206349976298,0.2904031851586546,0.05107769950012288,3.0610377273424466e-09,0.005826173587126726,0.043053546778114286,0.02277224234985055,0.8986957226618622,0.809507609820902,0.6671410374892164,False
GUT_GENOME112856_1,GUT_GENOME112856_00097,137513,0.0741315081453184,0.06969826747061732,0.07021259865341518,0.003700786373312774,0.3310112870662736,0.05026111097925643,3.500445953306881e-08,0.004433240674701078,-0.08648197649393977,0.019951487674158754,0.7690492008870791,0.5989158056433532,0.7412199250203568,False
GUT_GENOME112856_1,GUT_GENOME112856_00097,137517,0.07173249909683736,0.068247427417539,0.06870725449046783,0.003637443152058661,0.36162966736265234,0.049914460245739804,1.19268885360651e-07,0.00348507167929836,-0.17465676644555905,0.018792794244728024,0.7157937461594723,0.5428656731062297,0.7622864795362473,False
GUT_GENOME112856_1,GUT_GENOME112856_00097,137653,0.06966937133728844,0.06692291789013667,0.06734666293131412,0.0035872623321584174,0.3882098530931514,0.049258819073193745,2.3005475649820558e-07,0.00274645344715177,-0.24334442422570005,0.01808784385812038,0.6833930675626869,0.5262425935944767,0.7686486570361012,False
GUT_GENOME112856_1,GUT_GENOME112856_00097,137657,0.06845240297090306,0.06596681631639252,0.0662720087683009,0.0035294913280248456,0.39769334814046986,0.04897180182392714,4.7526037502208206e-07,0.002485586654510541,-0.26760368049543637,0.017300206944373765,0.6471919802548622,0.4904691891209136,0.7825209415509864,False
GUT_GENOME112856_1,GUT_GENOME112856_00097,137676,0.06686047851706406,0.06497325923498815,0.06511450290164877,0.0035054670869412276,0.4216376592178027,0.04859492483020546,1.2233700315149436e-06,0.0018872192820759137,-0.3232487370561778,0.016519578071443317,0.6113129940230727,0.4781933226698673,0.7873387734774642,False
GUT_GENOME112856_1,GUT_GENOME112856_00097,137687,0.06603568940424183,0.06334362011234661,0.06367444019482972,0.0034022480100419574,0.387813123495662,0.04847052332895846,3.9332467145647174e-06,0.0026920692918952216,-0.24840186808823184,0.015203916865871261,0.5508430422735106,0.36513154529085984,0.8331298449723237,False
GUT_GENOME112856_1,GUT_GENOME112856_00097,137899,0.0651223926007778,0.06279682028387495,0.06302122203288757,0.003354121635638552,0.4021212527966005,0.04840652380105528,6.585772883666557e-06,0.002325572316902849,-0.282484182469468,0.014614698231832292,0.5237615852697013,0.35412351154967425,0.8377280483807771,False
GUT_GENOME112856_1,GUT_GENOME112856_00097,138050,0.06466800625307201,0.06255190979044692,0.06283475102115799,0.003370045272081308,0.41165807792338305,0.04831748131748496,8.246655560152241e-06,0.002116096462625089,-0.30196434849518,0.014517269703673029,0.519283609958223,0.3608379353333624,0.834920333498633,False
GUT_GENOME112856_1,GUT_GENOME112856_00098,138871,0.0642693385390279,0.06263466656142887,0.062827098914446,0.0034000435118975393,0.4315613821351314,0.048283850360603266,9.455661101698215e-06,0.0016346719775990337,-0.34673432415411753,0.014543248553842737,0.5204776406171936,0.3911216659290532,0.822373314635817,False
GUT_GENOME112856_1,GUT_GENOME112856_00098,139490,0.06273872319588217,0.061764750899305804,0.061991513933600695,0.003437828015260675,0.4586476408020038,0.048252677082860095,3.216042638786883e-05,0.0009739722965763642,-0.4081759615391621,0.0137388368507406,0.48350555641545623,0.40038523866303943,0.8185730648950131,False
GUT_GENOME112856_1,GUT_GENOME112856_00098,139703,0.06140286375831111,0.061373943595782014,0.061375665084741085,0.0033905406622261342,0.49873566680447223,0.04818727348107889,5.017157358172642e-05,2.8920162529096072e-05,-0.4960608995797216,0.013188391603662197,0.4582061880137451,0.4560293268259301,0.7961125860222494,False
GUT_GENOME112856_1,GUT_GENOME112856_00099,139841,0.06081625414370097,0.05987083139387973,0.05992753998179127,0.0032970710826901103,0.45905245557433394,0.04822266373921675,0.00019255480271627572,0.0009454227498212411,-0.4108309210459088,0.011704876242574519,0.39002138335067776,0.32089872515820606,0.8517609534578526,False
GUT_GENOME112856_1,GUT_GENOME112856_00099,140420,0.060409118207780214,0.05988534120210398,0.05988196286355505,0.003302202940664146,0.4772981252481626,0.048145375399491645,0.0001895877057902657,0.0005237770056762334,-0.4500417844091317,0.011736587464063405,0.39147888321860075,0.3557933237202382,0.837028916030911,False
GUT_GENOME112856_11,GUT_GENOME112856_00928,19408,0.038246144169431805,0.035466078566418195,0.035656765390797276,0.001482046611877795,0.33713515914840614,0.037233505948961985,0.8563116484840947,0.0027800656030136095,-0.24021866837699715,-0.001576740558164709,-0.22042355771427324,0.10629155343223529,0.9482417708348984,False
GUT_GENOME112856_11,GUT_GENOME112856_00928,19444,0.04077096859353512,0.036177024677911215,0.03635853843902499,0.0014062957492696284,0.26325643749669636,0.036975179613248796,0.6694830371095636,0.004593943915623906,-0.07153741009109464,-0.0006166411742238032,-0.1762958117749625,0.03619781429193446,0.9820638944176073,False
GUT_GENOME112856_11,GUT_GENOME112856_00928,19454,0.041244164226775216,0.035840557008011156,0.03602429842405603,0.0013361723867609092,0.22477911581468457,0.03592655761722349,0.470843437501127,0.00540360721876406,0.0037570701461492584,9.774080683253722e-05,-0.14346164159324723,0.02059535818471241,0.9897551604744826,False
GUT_GENOME112856_11,GUT_GENOME112856_00928,19558,0.039459555253661696,0.03536611385262467,0.03551721004602239,0.001282049949792383,0.27693418211338094,0.03571601239045074,0.5616153529819686,0.004093441401037026,-0.11808154337106047,-0.00019880234442835182,-0.15709125229580814,0.03862091243275688,0.9808747962900584,False
GUT_GENOME112856_11,GUT_GENOME112856_00928,19650,0.03844385307983778,0.035307353102574705,0.035416606914166926,0.0013235812475467605,0.32225784842357574,0.03558200819424817,0.5497243553723714,0.003136499977263077,-0.20707212358027033,-0.00016540128008124544,-0.15555608447228372,0.06707655978039102,0.9670178931841158,False
GUT_GENOME112856_11,GUT_GENOME112856_00928,19713,0.03820194868601304,0.03551642834481053,0.035626355727921825,0.0013296796286094755,0.34548555070039916,0.03550507531692962,0.46366276539680495,0.0026855203412025075,-0.24901088647475722,0.00012128041099220693,-0.14237972269063726,0.08227840701640719,0.9596955276648031,False
GUT_GENOME112856_11,GUT_GENOME112856_00929,20406,0.03789328934249192,0.03534658638078574,0.0354438382521002,0.001344499605668674,0.35136268368298007,0.03544347585259444,0.49989246818453237,0.002546702961706178,-0.26192018148236745,3.623995057586149e-07,-0.14793731326887377,0.0904876301249692,0.9557644236600327,False
GUT_GENOME112856_11,GUT_GENOME112856_00931,22582,0.03814055898250348,0.035221193806953904,0.03531364317049376,0.0013061189687815597,0.33246871249868226,0.035213400297722026,0.4694117491936191,0.002919365175549575,-0.22726453192214266,0.00010024287277173027,-0.1433466425296764,0.07219742739432143,0.9645450749730861,False
GUT_GENOME112856_11,GUT_GENOME112856_00932,23066,0.0378625164494212,0.035268351842120536,0.03536681249240704,0.0013084929132575031,0.34718562578173406,0.03508574950010902,0.41496200943358685,0.002594164607300664,-0.2575064950495237,0.0002810629922980201,-0.13503585259622194,0.08454427647907897,0.9586088709418059,False
GUT_GENOME112856_11,GUT_GENOME112856_00932,23105,0.037440229815548016,0.03515386369368682,0.03523072143711976,0.0013125281355108257,0.36295045988862007,0.03499924170028067,0.4300048829499622,0.0022863661218611997,-0.2861301548956507,0.00023147973683908946,-0.13731478052423976,0.1007258144910292,0.9508842790820906,False
GUT_GENOME112856_11,GUT_GENOME112856_00932,23236,0.03699381484783147,0.034983429235914944,0.03505412486648419,0.0012747539680301163,0.37847803868593666,0.03498362475623533,0.47794778877737165,0.002010385611916528,-0.31179490834477247,7.050011024885977e-05,-0.1447136687876823,0.11815811080371608,0.942632246040396,False
GUT_GENOME112856_11,GUT_GENOME112856_00932,23443,0.03615081148751796,0.03515431930650157,0.035194128219054044,0.0012866252189912349,0.43826069393776523,0.034909806359800614,0.41255296850373796,0.000996492181016391,-0.406081729298009,0.0002843218592534294,-0.1348860697138832,0.18309662267252003,0.9125172301603438,False
GUT_GENOME112856_11,GUT_GENOME112856_00932,23486,0.035649462936302403,0.03535929731746417,0.03538725672669956,0.0013141616128100702,0.4816342343666242,0.03491335778344769,0.3591957555411098,0.0002901656188382326,-0.4717664295563802,0.0004738989432518728,-0.1261727952982071,0.2384831383297383,0.8875933596751757,False
GUT_GENOME112856_11,GUT_GENOME112856_00932,23885,0.035941003350995884,0.03582372164175303,0.03583076507014987,0.00134598690428776,0.4926234689142326,0.03483572526117601,0.22987331951269324,0.00011728170924285575,-0.48784373485585636,0.0009950398089738632,-0.10222030443546125,0.24844050027698947,0.8831852977753126,False
GUT_GENOME112856_11,GUT_GENOME112856_00932,23981,0.035857010576929214,0.03556941868145876,0.0355912541908333,0.0013343390344145143,0.48170094785278095,0.034766520869183165,0.2682600549847347,0.0002875918954704515,-0.4720057724566944,0.0008247333216501382,-0.1100478705501171,0.2348999830450561,0.8891849774215203,False
GUT_GENOME112856_11,GUT_GENOME112856_00932,24077,0.03578915097981044,0.03605959414224573,0.03603555425979515,0.001427909152175415,0.51706097762777,0.034707608629569904,0.1761873337346032,-0.0002704431624352896,-0.5239001333301795,0.001327945630225244,-0.08691940564558896,0.2820263327811623,0.8684778769034522,False
GUT_GENOME112856_11,GUT_GENOME112856_00932,24139,0.03534591536408986,0.03596064472467898,0.03590236702530105,0.0014660436778864434,0.539592657831254,0.034529338277716606,0.1744940683420274,-0.0006147293605891224,-0.555916960871099,0.001373028747584444,-0.08484731146215872,0.31624273364651556,0.8537461592212139,False
GUT_GENOME112856_11,GUT_GENOME112856_00932,24250,0.0350244105469939,0.03589817520892398,0.035827336306495906,0.0014581297728248203,0.556901597749342,0.0344990168231376,0.18115432486582494,-0.0008737646619300793,-0.5800058979662128,0.0013283194833583062,-0.08690222274103729,0.3439588379929257,0.8419965021231641,False
GUT_GENOME112856_11,GUT_GENOME112856_00932,24410,0.03519325813709261,0.0361804019612369,0.03606342567348435,0.0014897856905162089,0.564381193027634,0.03446348180393826,0.1414242717852875,-0.0009871438241442834,-0.5905495709418113,0.0015999438695460874,-0.07441791944379302,0.35428682247390025,0.8376596461026092,False
GUT_GENOME112856_11,GUT_GENOME112856_00932,24611,0.03523037609931431,0.03640704506202665,0.036211605200305676,0.0015422286828109901,0.575948785430216,0.034420898617121484,0.12279734017361271,-0.0011766689627123392,-0.6081744240690663,0.0017907065831841915,-0.06565015154088821,0.3741860724890821,0.8293665716447269,False
GUT_GENOME112856_11,GUT_GENOME112856_00932,24664,0.03591187859017631,0.03649689180938917,0.03639233065064012,0.0015422189348633286,0.5371484683234711,0.03439137473052993,0.09723775730289391,-0.0005850132192128585,-0.5531535141261316,0.002000955920110188,-0.05598674639870767,0.30911332596240165,0.8567949422109143,False
GUT_GENOME112856_11,GUT_GENOME112856_00932,24725,0.036037812422095465,0.036654429268264524,0.036546626986641836,0.001551870923394674,0.5386287880945214,0.03437598437218113,0.08094754301738194,-0.0006166168461690588,-0.5560924872227879,0.002170642614460705,-0.04818766698794329,0.3115609055953675,0.8557470466185826,False
GUT_GENOME112856_11,GUT_GENOME112856_00932,24733,0.03629476634262903,0.036466927161427846,0.03637909832308421,0.001562863323266169,0.5108027643237426,0.03438976414596207,0.10153068718105951,-0.000172160818798818,-0.51476038604028,0.0019893341771221387,-0.056520900810768174,0.2681728672647987,0.8745144738740277,False
GUT_GENOME112856_11,GUT_GENOME112856_00932,24803,0.036734564085595896,0.03673102331759715,0.03672039591050125,0.0015641228130321685,0.49977595197434693,0.034415116449665085,0.07026124499093188,3.540767998744254e-06,-0.4984210514014573,0.0023052794608361613,-0.041999536206586766,0.25018750552170255,0.8824141699418029,False
GUT_GENOME112856_11,GUT_GENOME112856_00933,25149,0.037309440934016905,0.036954813994718665,0.03693051263953855,0.0015903744027400857,0.4782173981752931,0.034409653962449084,0.05647493525044501,0.00035462693929824013,-0.4657718616901835,0.0025208586770894686,-0.03209116104903411,0.21797326975981446,0.8967424024880464,False
GUT_GENOME112856_11,GUT_GENOME112856_00934,25341,0.03741571483352561,0.03653406089838994,0.03658413712027158,0.0014850244990753992,0.44661500040883545,0.03440340675012114,0.07098679683933357,0.0008816539351356734,-0.41676108947329493,0.002180730370150437,-0.0477240171537489,0.17596738751225907,0.9157758094652566,False
GUT_GENOME112856_11,GUT_GENOME112856_00934,25590,0.037050904889144,0.03672098345521314,0.036767530029099875,0.0014496720875527447,0.47946849995207247,0.03441331353470619,0.05219165674931848,0.0003299214339308604,-0.4680693453212445,0.002354216494393685,-0.03975030969944545,0.22066899915066027,0.8955345292705431,False
GUT_GENOME112856_11,GUT_GENOME112856_00934,25996,0.03688135957599592,0.03669543225819869,0.0367465825145961,0.001406859126687978,0.4883739284845282,0.034391494725143495,0.04706490773504409,0.00018592731779722843,-0.48146004993815655,0.0023550877894526062,-0.03971026354626448,0.233380684717366,0.8898607026706874,False
GUT_GENOME112856_11,GUT_GENOME112856_00934,26003,0.03733255572848382,0.0366345510064977,0.03671218608384947,0.0014141644082202379,0.45685555337771927,0.03442685516589109,0.05304400458603626,0.0006980047219861188,-0.4338395120675334,0.002285330917958378,-0.04291640402953753,0.19005853996582198,0.9093463175275204,False
GUT_GENOME112856_11,GUT_GENOME112856_00937,27607,0.03766799788290215,0.03664145734043129,0.03672672842666665,0.0014231665002442725,0.43716541562907657,0.03440321376296026,0.051272654353640985,0.0010265405424708593,-0.4032873878119612,0.002323514663706387,-0.04116141630684663,0.16433497936058072,0.9211176680719305,False
GUT_GENOME112856_11,GUT_GENOME112856_00937,27716,0.03902113339195709,0.0365177325480596,0.03663845730760811,0.0014155072128142383,0.36062764964737487,0.034319277407040556,0.05066819091270803,0.0025034008438974895,-0.265947053443752,0.0023191799005675556,-0.04136064914638069,0.0724385385332239,0.9644288007012076,False
GUT_GENOME112856_11,GUT_GENOME112856_00937,27719,0.03923260899214878,0.03635424848965737,0.03647159375548143,0.0014374052025013003,0.3434716199554367,0.034253341639363985,0.06138704448380968,0.002878360502491413,-0.23107775345909304,0.002218252116117446,-0.045999456029216984,0.055512878098685256,0.9726252314805954,False
GUT_GENOME112856_11,GUT_GENOME112856_00937,27922,0.038800473240050835,0.0365166528763127,0.03661105669418617,0.001427584593597095,0.3698630269921451,0.03423916948582521,0.04830966877106746,0.0022838203637381357,-0.28636689717351166,0.0023718872083609566,-0.03893813463761666,0.08352217812584176,0.959098892417871,False
GUT_GENOME112856_11,GUT_GENOME112856_00937,27960,0.038436310435009786,0.037005458647591215,0.03703606399580856,0.001514391314493165,0.41855991953569593,0.034205232098621204,0.03079145248123488,0.0014308517874185717,-0.36568854280522217,0.002830831897187358,-0.017844282305789726,0.13404652875001552,0.9351734448579836,False
GUT_GENOME112856_11,GUT_GENOME112856_00937,27961,0.03884819960311721,0.03658309666801664,0.03665941421087599,0.0014277126442678568,0.375221555653875,0.034174202993412006,0.04086859170764446,0.0022651029351005714,-0.28810752078233437,0.0024852112174639854,-0.03372957689227559,0.08414362788867516,0.9588009228239384,False
GUT_GENOME112856_11,GUT_GENOME112856_00938,28342,0.038515454461811656,0.03644460507494801,0.03652638792050949,0.0014017106036524711,0.38241068086960495,0.034164964869649095,0.04602590514714123,0.002070849386863645,-0.3061720914403032,0.0023614230508603937,-0.0394190845177826,0.09529521380114948,0.9534697240343563,False
GUT_GENOME112856_11,GUT_GENOME112856_00938,28367,0.03837553312738808,0.03633481886340088,0.03643484291311759,0.001400497523558064,0.38235749248386,0.03408501753033596,0.0466881500475529,0.002040714263987199,-0.3089745012877885,0.0023498253827816326,-0.03995213240743683,0.09706141532993899,0.9526280858725834,False
GUT_GENOME112856_11,GUT_GENOME112856_00938,28531,0.038943689459999466,0.0362942096859815,0.03641116618426133,0.001391954802345743,0.3526565341639231,0.0341006823881974,0.0484688743816919,0.002649479774017964,-0.2523624719586135,0.002310483796063932,-0.0417603364044044,0.06543074294967101,0.9678139878577992,False
GUT_GENOME112856_11,GUT_GENOME112856_00939,29774,0.038841280494487256,0.036326344296669366,0.03644429650379927,0.0014458567660056148,0.3622458172243538,0.03407892351217681,0.050923316853920104,0.0025149361978178894,-0.26487432546605977,0.0023653729916224553,-0.03923753874727275,0.07169799273804389,0.9647859686684909,False
GUT_GENOME112856_11,GUT_GENOME112856_00939,29906,0.038801732260494305,0.036406062277637825,0.03652850193731047,0.0014808153134511048,0.36707117029685893,0.03404290951138601,0.04662187254714158,0.00239566998285648,-0.2759654637584275,0.002485592425924457,-0.033712055924785156,0.0772934399020798,0.9620905365075604,False
GUT_GENOME112856_11,GUT_GENOME112856_00940,31055,0.0387237587085246,0.03652197377996292,0.036641240505942745,0.0014521991425612223,0.3760217153061738,0.0339910921058064,0.03400649202953859,0.0022017849285616772,-0.293995766394448,0.0026501484001363457,-0.026148792845694446,0.0871172700251459,0.9573764166669454,False
GUT_GENOME112856_11,GUT_GENOME112856_00953,46717,0.03897501665708252,0.03570915704916327,0.03584308813561889,0.0013350956317931964,0.3191702318485807,0.03396801538340725,0.08009270259256657,0.0032658596079192526,-0.19504235007298248,0.0018750727522116456,-0.061772543727585436,0.04185736548056831,0.9792888022729617,False
GUT_GENOME112856_11,GUT_GENOME112856_00953,46743,0.03815506420103722,0.03555881875977957,0.035689299933856944,0.0013812600734148816,0.3530813824897773,0.03383132345303012,0.08929138075677856,0.0025962454412576455,-0.25731298830339444,0.001857976480826827,-0.06255831646403083,0.07012351690843663,0.9655457838010967,False
GUT_GENOME112856_11,GUT_GENOME112856_00953,46821,0.038897277478105105,0.03568819710198328,0.035832451127477,0.0013885956147482745,0.32376518960217826,0.033757689900283064,0.06756904733612856,0.0032090803761218242,-0.20032252360916328,0.0020747612271939386,-0.05259453316074457,0.04289529838354044,0.9787807160895113,False
GUT_GENOME112856_11,GUT_GENOME112856_00957,52112,0.03859481612532024,0.03556404188431207,0.035703054949135164,0.001408965388297096,0.3331305174986053,0.03374397422086395,0.08219777268794182,0.0030307742410081648,-0.21690406770832915,0.001959080728271216,-0.05791139905189986,0.05040110472856782,0.975114330932347,False
GUT_GENOME112856_11,GUT_GENOME112856_00958,52343,0.03854632917696316,0.03540293821379089,0.03554826544654147,0.001405395066428808,0.3264753209414644,0.03372062591534652,0.09672418131939042,0.003143390963172267,-0.2064312976958041,0.001827639531194955,-0.06395265253831718,0.04670382243506042,0.9769186346484965,False
GUT_GENOME112856_11,GUT_GENOME112856_00958,53703,0.038695917781204056,0.03534804850904602,0.03549753047706828,0.0014192016529546323,0.31618179857631706,0.033664169711662584,0.09820880576287538,0.0033478692721580355,-0.18741587741534596,0.0018333607654056963,-0.06368969520917633,0.03918108838320176,0.9806001035252847,False
GUT_GENOME112856_11,GUT_GENOME112856_00958,53801,0.0381107716479894,0.03513404300782117,0.035302595486102394,0.0014170910594088904,0.3327107567272193,0.03367604074715493,0.12552300146936063,0.002976728640168229,-0.2219300277692214,0.001626554738947461,-0.07319484014199412,0.05461042184905946,0.9730642063714023,False
GUT_GENOME112856_11,GUT_GENOME112856_00959,54229,0.03806314249204096,0.034918803767007046,0.0350571271779918,0.001377850517241637,0.32273547105950573,0.03366162525116563,0.15557526322574328,0.0031443387250339114,-0.20634316076717657,0.0013955019268261717,-0.08381440720181332,0.049602354849980254,0.9755038449349559,False
GUT_GENOME112856_11,GUT_GENOME112856_00959,55468,0.038032238404079106,0.03473890742677549,0.034881388771666244,0.0013853948385488149,0.31499851582015326,0.033639342300604023,0.18498518380497214,0.003293330977303617,-0.19248765545958094,0.0012420464710622206,-0.09086747220551879,0.045308395009347066,0.9776004820157045,False
GUT_GENOME112856_11,GUT_GENOME112856_00959,56625,0.03782109716021918,0.03460412822599148,0.03473920670743392,0.0014526357631321277,0.317718370830407,0.03354457710051107,0.20542817345688913,0.0032169689342277027,-0.1995889286937215,0.001194629606922848,-0.09304682922728086,0.04849345288635821,0.9760448639699483,False
GUT_GENOME112856_11,GUT_GENOME112856_00959,56641,0.037295785248039386,0.03439452144638372,0.03450158930064473,0.0014635767543524033,0.3325714406552067,0.03339034124935097,0.22384591208763044,0.0029012638016556666,-0.22894786564078337,0.001111248051293763,-0.096879182590244,0.06180270120082403,0.9695712159767049,False
GUT_GENOME112856_11,GUT_GENOME112856_00959,56646,0.03660895822104318,0.03416591124172355,0.03429210462756811,0.0014624350769784345,0.35383224548979886,0.033236118026171116,0.23512443747267148,0.0024430469793196297,-0.27155964925496706,0.0010559866013969965,-0.09941908966868929,0.08362879849403161,0.9590477640421947,False
GUT_GENOME112856_11,GUT_GENOME112856_00960,57989,0.03606398077442045,0.03400365932640599,0.03408835642319422,0.0014685577803563955,0.374153877663321,0.03316900944474273,0.2656508140468846,0.0020603214480144558,-0.30715113505083225,0.0009193469784514949,-0.10569927135345686,0.1055141557276663,0.9486104229655986,False
GUT_GENOME112856_11,GUT_GENOME112856_00960,58156,0.035137861065816525,0.03365496766901363,0.0337362346889922,0.0014860913668708607,0.40680258548019177,0.0330852895646074,0.3306840918023892,0.0014828933968028951,-0.3608489435371002,0.0006509451243848011,-0.11803546177707662,0.14414433028876902,0.9304637463377101,False
GUT_GENOME112856_11,GUT_GENOME112856_00960,58309,0.03526684255847044,0.033586062257547976,0.033680756708473064,0.001494451282719476,0.3965551888265408,0.03305294939524144,0.3372090536837351,0.0016807803009224673,-0.34244648966071234,0.0006278073132316223,-0.11909891361262333,0.13145414950465148,0.9363863929081305,False
GUT_GENOME112856_11,GUT_GENOME112856_00963,60826,0.035541228800288656,0.033364108598724705,0.03343319413671632,0.001535574871098783,0.3672500961311028,0.033004243704384886,0.38999121943028076,0.0021771202015639507,-0.2962894578490129,0.00042895043233143193,-0.12823870274844001,0.10423260771506473,0.9492184626539499,False
GUT_GENOME112856_11,GUT_GENOME112856_00963,60833,0.03580465650695498,0.033360957079560265,0.03346460467313368,0.001545577901034581,0.353343710263694,0.03304743629450863,0.3936143866359122,0.0024436994273947174,-0.27149897497405917,0.00041716837862505046,-0.12878022530464084,0.09029603984147885,0.9558559856339983,False
GUT_GENOME112856_11,GUT_GENOME112856_00963,60834,0.03515969801934081,0.03313849119259815,0.0332305690263427,0.001542076993075983,0.37534932737316884,0.032984120664249834,0.4365130647753005,0.002021206826742658,-0.3107885915922297,0.0002464483620928659,-0.13662679790149487,0.11525643056869768,0.9440008472897397,False
GUT_GENOME112856_11,GUT_GENOME112856_00963,60857,0.03479661807112805,0.03313946941270654,0.033150183573589925,0.0015497727306643845,0.39642743932614394,0.032992610709691166,0.4595073945183621,0.001657148658421509,-0.3446441096249137,0.00015757286389875974,-0.14071166189592962,0.13857933409266396,0.9330563652480601,False
GUT_GENOME112856_11,GUT_GENOME112856_00963,60911,0.03458582864861035,0.032882648165065344,0.03288885509852285,0.0015579082773997236,0.39305184549998773,0.03295585443505221,0.517151607411507,0.0017031804835450082,-0.34036338906662306,-6.699933652935808e-05,-0.15103336938921755,0.13865831528597727,0.9330195190230267,False
GUT_GENOME112856_11,GUT_GENOME112856_00963,60915,0.034567784423010756,0.03282254119507136,0.03284452859146,0.001574206016911865,0.39168103600433096,0.03296981082494598,0.5317160965906779,0.001745243227939397,-0.3364517723930694,-0.00012528223348598488,-0.15371214714132092,0.13682721932523287,0.9338741343202739,False
GUT_GENOME112856_11,GUT_GENOME112856_00963,60986,0.03413445701580959,0.03245998109854792,0.03254329822013551,0.0015321064063264012,0.3957062833862461,0.032971587444707094,0.6100858289639196,0.001674475917261671,-0.3430327645840229,-0.0004282892245715819,-0.16763884654776823,0.14577426045002384,0.9297057597838941,False
GUT_GENOME112856_11,GUT_GENOME112856_00963,60994,0.03416546894584501,0.032493202122365755,0.03252245693715343,0.0014876123045666231,0.39615075072830663,0.03298184146230653,0.6212656828226215,0.0016722668234792556,-0.3432381988274883,-0.00045938452515310174,-0.16906803767831088,0.14639646249873312,0.929416572355262,False
GUT_GENOME112856_15,GUT_GENOME112856_01174,18895,0.04234152401511464,0.038563024632560276,0.039032214157528666,0.002283874168139215,0.2933145599030217,0.03978031084733466,0.6283763030202068,0.003778499382554361,-0.14736951467289916,-0.0007480966898059938,-0.18233772336344972,0.05496481921629176,0.9728917959508603,False
GUT_GENOME112856_15,GUT_GENOME112856_01174,18921,0.0427880827346624,0.03814633329081842,0.038746204803139145,0.0023789951728972578,0.25427029867362994,0.03981768431880523,0.6737859607424532,0.004641749443843976,-0.06709174436086211,-0.0010714795156660864,-0.1972009296308218,0.04338950880864361,0.9785388841528172,False
GUT_GENOME112856_15,GUT_GENOME112856_01175,19022,0.04222597905434517,0.03827550752248499,0.038943820001689736,0.002403064970569799,0.28325077366805007,0.039819932770206866,0.6422880458666278,0.003950471531860178,-0.13137699834290836,-0.0008761127685171302,-0.18822155277944647,0.0526872686242985,0.9740003321607956,False
GUT_GENOME112856_15,GUT_GENOME112856_01175,19040,0.042360133136836974,0.038841202292151066,0.03930769159777327,0.00241952975073807,0.302183422433277,0.03983741478628659,0.5866502133135021,0.003518930844685908,-0.17150803999440978,-0.0005297231885133258,-0.17230091827212002,0.05910261422013985,0.9708810632617118,False
GUT_GENOME112856_15,GUT_GENOME112856_01175,19042,0.042827014930429154,0.039691969720923634,0.040019738015446615,0.0024018559698373164,0.32468416135754297,0.039838753077568644,0.46996727700555285,0.00313504520950552,-0.20720740942285,0.00018098493787797182,-0.1396356044900532,0.06243301256103114,0.9692656982460778,False
GUT_GENOME112856_15,GUT_GENOME112856_01175,19270,0.04272575249993913,0.03977932658565098,0.04003331460092685,0.0023158537619351934,0.33636985764377864,0.03982108663781524,0.4634914989040539,0.0029464259142881477,-0.22474802382519116,0.00021222796311161363,-0.13819962369166278,0.0696108102018459,0.9657933364296518,False
GUT_GENOME112856_15,GUT_GENOME112856_01175,19390,0.04292458111171098,0.04000821632763423,0.04028372814401897,0.0022733169830258778,0.3407392587152619,0.03985863219030599,0.4258327862851975,0.0029163647840767457,-0.22754355273928822,0.000425095953712977,-0.12841586092190485,0.06826670172953125,0.9664426200851297,False
GUT_GENOME112856_15,GUT_GENOME112856_01175,19391,0.04199303722209958,0.03989847266825239,0.04012802854803362,0.0021297213845857146,0.38211672312244893,0.03982506109135117,0.4434385640545923,0.0020945645538471905,-0.3039667041332087,0.00030296745668245,-0.13402908740559633,0.1103595534923826,0.9463150072273977,False
GUT_GENOME112856_15,GUT_GENOME112856_01175,19652,0.04140401115015928,0.03993300506507236,0.040106308619442164,0.0021281825489727806,0.4162560105739994,0.0398985854397613,0.4611226184430632,0.0014710060850869205,-0.3619544017610324,0.00020772317968086734,-0.13840667094330003,0.15016739551579378,0.9276658395283206,False
GUT_GENOME112856_15,GUT_GENOME112856_01175,19733,0.04133516199157113,0.03902945146567961,0.03931100068920727,0.001928073565207869,0.3708130911261892,0.03995629566921582,0.6310681869783439,0.0023057105258915203,-0.28433122583302267,-0.0006452949800085442,-0.1776127877912092,0.11239054837067446,0.9453545145324102,False
GUT_GENOME112856_15,GUT_GENOME112856_01175,19794,0.04073640478188559,0.03935985110870098,0.03963756100821773,0.001937654359287967,0.42059690505153735,0.039993244335863994,0.5728221944425685,0.0013765536731846079,-0.3707379852997168,-0.00035568332764626676,-0.16430176017232972,0.16444172213981878,0.9210685080538639,False
GUT_GENOME112856_15,GUT_GENOME112856_01175,19911,0.0407881102549532,0.03906163772454206,0.039373301748819624,0.0018817864923109365,0.4013851127677104,0.040050692906347815,0.6405661048097432,0.0017264725304111384,-0.33819734973194515,-0.0006773911575281913,-0.1790879808711135,0.14644995225820392,0.9293917155532079,False
GUT_GENOME112856_15,GUT_GENOME112856_01175,20103,0.04088180541400585,0.03904860008299035,0.03940499844482799,0.001866656481366159,0.3953703625557479,0.04006046731087715,0.637260572052198,0.0018332053310154972,-0.32827175385202484,-0.0006554688660491623,-0.17808039631791514,0.1394749719298301,0.9326386185000275,False
GUT_GENOME112856_15,GUT_GENOME112856_01175,20115,0.04126820262486494,0.03903332761500941,0.03941665552248696,0.0018398737338461654,0.3735388448426078,0.04013905368211847,0.6527053241770939,0.0022348750098555303,-0.29091856076790434,-0.0007223981596315085,-0.1811565766722618,0.1174513142708819,0.9429654295117785,False
GUT_GENOME112856_15,GUT_GENOME112856_01175,20130,0.04204192261555006,0.03950811278377759,0.03988556166344879,0.0018800292479126813,0.3599097127729849,0.04053154790232841,0.6344280758006033,0.0025338098317724683,-0.2631191755743868,-0.0006459862388796186,-0.17764455918524535,0.10078928996306513,0.9508541006467576,False
GUT_GENOME112856_15,GUT_GENOME112856_01175,20148,0.04145583310945243,0.03950143130475253,0.03985173246618485,0.0018584530232901477,0.39055442028520715,0.0405995130369389,0.6562931034972065,0.0019544018046998984,-0.31700111152791033,-0.0007477805707540516,-0.18232319401217215,0.1337314517847308,0.9353207822688453,False
GUT_GENOME112856_15,GUT_GENOME112856_01175,20216,0.04128570933468125,0.03957034083602746,0.039942187752710016,0.0018589734878822987,0.4029308327836113,0.040606908633015804,0.6396689900053868,0.0017153684986537937,-0.33922996698959357,-0.0006647208803057872,-0.1785056341020156,0.14694123190992342,0.9291634479709963,False
GUT_GENOME112856_15,GUT_GENOME112856_01182,25888,0.04259128436401209,0.039678214590690736,0.040087165474132595,0.0018775412590135109,0.3391120911009786,0.04065722121825598,0.6192906173748096,0.0029130697733213556,-0.22784997161889042,-0.0005700557441233878,-0.17415466882837857,0.08224545824145138,0.9597113381910207,False
GUT_GENOME112856_15,GUT_GENOME112856_01182,26159,0.04311972328311382,0.041318293718513185,0.04164451216814016,0.0020027320522489804,0.39891629951939894,0.04105652189461862,0.38453405016203246,0.0018014295646006373,-0.3312267350239118,0.0005879902735215423,-0.1209289702106911,0.1243349658308189,0.9397254856464349,False
GUT_GENOME112856_15,GUT_GENOME112856_01182,26296,0.043433728670680086,0.04190368962121708,0.042250576435724246,0.002103966284554398,0.41436376986435036,0.04133583103887086,0.3318640055169012,0.001530039049463007,-0.3564646428052758,0.000914745396853385,-0.10591076760798722,0.13828413226560593,0.9331940953842418,False
GUT_GENOME112856_15,GUT_GENOME112856_01182,26506,0.04439053391387376,0.041973570673532,0.04232451720710524,0.002103796333258705,0.3711581505267598,0.041312400607848576,0.31522606121262947,0.0024169632403417546,-0.27398530145059713,0.0010121165992566655,-0.10143542708248841,0.08535709127838141,0.9582193643578241,False
GUT_GENOME112856_15,GUT_GENOME112856_01182,26576,0.0450001633385162,0.041369219358437265,0.041781768125223794,0.0020453966678387107,0.3127135192695818,0.04112463506212547,0.3740013244697151,0.0036309439800789323,-0.16109140041539965,0.0006571330630983224,-0.11775105394179869,0.03981574999219901,0.9802889782729658,False
GUT_GENOME112856_15,GUT_GENOME112856_01182,27140,0.04488535744119021,0.04137361087811595,0.04177967031408265,0.002035488875394606,0.3171209989809334,0.040950741477435895,0.3419165218435247,0.003511746563074257,-0.1721761408552606,0.0008289288366467515,-0.10985503778410158,0.04171275280635692,0.9793596136192464,False
GUT_GENOME112856_15,GUT_GENOME112856_01182,27308,0.045697002345703945,0.041200243324204446,0.041623015993965,0.0020782733218066363,0.27699191961772535,0.04090234395557592,0.36438401082668337,0.0044967590214995,-0.08057510027864426,0.0007206720383890822,-0.11483069818928697,0.01967843603155269,0.9902090287234175,False
GUT_GENOME112856_15,GUT_GENOME112856_01182,27403,0.045165575658956444,0.04133313158661621,0.04172282002254329,0.0021489957323897178,0.3014112128497251,0.040582516735722614,0.2978405553176598,0.0038324440723402353,-0.1423529388157077,0.0011403032868206736,-0.0955437562031594,0.029392968538877386,0.985410981952829,False
GUT_GENOME112856_15,GUT_GENOME112856_01182,27592,0.043928469341933694,0.03823703627925719,0.03891369707448963,0.00211619066526384,0.2182989716159121,0.03942777778662334,0.5959691833542032,0.0056914330626765056,0.030523378106734028,-0.0005140807121337132,-0.17158196434392575,0.030372047099166858,0.9849287026270455,False
GUT_GENOME112856_15,GUT_GENOME112856_01182,27774,0.04345882317974155,0.03841365983637579,0.038961105985504375,0.0020881329962606707,0.2414987566665291,0.03912660258548446,0.5315854091843083,0.005045163343365758,-0.029576347816189567,-0.00016549659998008753,-0.15556046553152553,0.025073818786529162,0.9875413502691456,False
GUT_GENOME112856_15,GUT_GENOME112856_01183,28404,0.04257506769402337,0.03796438036875442,0.0384327951568627,0.002066002655488952,0.26073300897802365,0.038967755594514514,0.6021573110964201,0.004610687325268946,-0.06998035999170994,-0.0005349604376518116,-0.17254163085174418,0.03466786516154888,0.9828154357365786,False
GUT_GENOME112856_15,GUT_GENOME112856_01183,28418,0.04284940056453488,0.03739267038006996,0.037952880941183396,0.001978466154021685,0.22437699339505018,0.038704677034919935,0.64802334448103,0.005456730184464922,0.008697229933056352,-0.0007517960937365384,-0.18250775404933964,0.0333847220966427,0.9834461844553782,False
GUT_GENOME112856_15,GUT_GENOME112856_01183,28518,0.04238503254612935,0.036747565000809966,0.03725741788518219,0.001651360560639083,0.2131389482666553,0.038431348487606376,0.7614228401585583,0.005637467545319387,0.02550486539363551,-0.0011739306024241836,-0.20190974999180422,0.04141804530050035,0.9795039365667824,False
GUT_GENOME112856_15,GUT_GENOME112856_01183,29072,0.042124721331533006,0.03617894600973132,0.0366584224932901,0.0015687104284317678,0.19715121754783305,0.03799396504414532,0.8027162253457267,0.005945775321801683,0.05417588666050461,-0.0013355425508552177,-0.20933770080648842,0.046757299674398706,0.9768925135418997,False
GUT_GENOME112856_15,GUT_GENOME112856_01183,29120,0.03874280163887545,0.03460128700758003,0.0348487832199285,0.0015126963588136687,0.26120411867805643,0.036650876593345615,0.8832344439566897,0.004141514631295425,-0.11361098274222477,-0.0018020933734171143,-0.23078114354809423,0.06616739161702018,0.9674575840557261,False
GUT_GENOME112856_15,GUT_GENOME112856_01183,29642,0.038431982143697044,0.03450802509150478,0.034674032830923796,0.0015246030933273808,0.27250411373625893,0.03639365325437757,0.8703217757517646,0.003923957052192263,-0.1338427071846132,-0.001719620423453777,-0.22699055119513462,0.06943858059837714,0.965876509112483,False
GUT_GENOME112856_15,GUT_GENOME112856_01183,29752,0.039527006694311036,0.03431727398319556,0.03461497556343871,0.001545313612377059,0.21189282728545777,0.03632506789562104,0.8657733043904599,0.005209732711115474,-0.01427225170657278,-0.0017100923321823266,-0.22655262445760532,0.05152978881740452,0.9745641881662346,False
GUT_GENOME112856_15,GUT_GENOME112856_01183,29985,0.038591786761359034,0.03472977255057781,0.03458306176981474,0.0016357992384884751,0.2770024341819391,0.03621833783395122,0.8412673446870076,0.0038620142107812228,-0.1396030695850998,-0.0016352760641364789,-0.22311394579196236,0.06926884984444094,0.965958482064817,False
GUT_GENOME112856_15,GUT_GENOME112856_01183,30030,0.03722267091777445,0.034253243842095556,0.03405204056328108,0.0015615788045090465,0.31704307635931206,0.03616641861605669,0.9121318470452162,0.0029694270756788974,-0.22260903532830276,-0.0021143780527756104,-0.245134260758634,0.10964558840747951,0.9466528854693665,False
GUT_GENOME112856_15,GUT_GENOME112856_01183,30062,0.0378948130725869,0.03381086558121153,0.034009496970372526,0.001522299069109929,0.25894174722575625,0.03607451755713229,0.9125322193317447,0.0040839474913753684,-0.11896442763989355,-0.0020650205867597665,-0.24286571048458303,0.07313628837286877,0.9640923943659673,False
GUT_GENOME112856_15,GUT_GENOME112856_01183,30107,0.037043527664158186,0.034006437747176245,0.034077356240136504,0.0015042719806640556,0.311805047118071,0.036053587495386355,0.9055341476277688,0.0030370899169819415,-0.21631674265858553,-0.001976231255249851,-0.23878480685259823,0.10381111713805335,0.9494185270532911,False
GUT_GENOME112856_15,GUT_GENOME112856_01183,30116,0.03718777777521946,0.03361730799644818,0.0336811068493757,0.001435011311473229,0.28267501298353503,0.03599944007444297,0.9469042319869028,0.0035704697787712833,-0.16671518691722373,-0.002318333225067276,-0.2545083757475974,0.09256846687452505,0.9547705459056903,False
GUT_GENOME112856_15,GUT_GENOME112856_01183,30136,0.03668986065329467,0.03366459623196106,0.033724551740801606,0.00147711547658413,0.3122549740454389,0.035690025281703584,0.9083423084569122,0.0030252644213336136,-0.21741645230941864,-0.0019654735409019783,-0.23829036461716835,0.10405221160419675,0.9493040841748526,False
GUT_GENOME112856_15,GUT_GENOME112856_01183,30138,0.03621700696756084,0.03305763781952243,0.033204357858054506,0.0013941137648771865,0.30612432700883246,0.03557229933437985,0.9552959379922218,0.00315936914803841,-0.2049454095248015,-0.0023679414763253456,-0.25678845252363286,0.10794293023477064,0.9474591417514647,False
GUT_GENOME112856_15,GUT_GENOME112856_01183,30145,0.03644242183387892,0.03288568382832238,0.033045825014568354,0.0013431717843863352,0.2818391689477627,0.035515986697765414,0.9670461722083374,0.003556738005556538,-0.16799217047684661,-0.00247016168319706,-0.2614866612655066,0.09659664336130369,0.9528494890125044,False
GUT_GENOME112856_15,GUT_GENOME112856_01183,30147,0.036450240307295705,0.03277446248296776,0.03287304998122574,0.0013460868119375506,0.27687855382464943,0.03541522415208444,0.9705250159506514,0.0036757778243279443,-0.15692208585381015,-0.0025421741708586965,-0.26479647357571434,0.09474171344684454,0.9537336334661989,False
GUT_GENOME112856_15,GUT_GENOME112856_01183,30240,0.036504510471459556,0.03132894816072693,0.03161305067972462,0.0011286820040204127,0.20274862035139213,0.03522610063778063,0.9993155346619983,0.005175562310732629,-0.017449921395129072,-0.0036130499580560096,-0.31401568510778943,0.09891035025041055,0.9517478191571475,False
GUT_GENOME112856_15,GUT_GENOME112856_01183,30266,0.03600167738434826,0.031180501187167406,0.0314418491509971,0.0011153415600893097,0.21533333616123806,0.03501969166153001,0.999331331534771,0.0048211761971808514,-0.050405988589592304,-0.0035778425105329123,-0.31239749294408475,0.1001329572834436,0.9511661901624971,False
GUT_GENOME112856_15,GUT_GENOME112856_01183,30277,0.03572794305174923,0.030794787479112306,0.031044938932650933,0.001082974571956655,0.20826439125285318,0.034978778650821114,0.9998596228462822,0.004933155572636922,-0.03999248850930457,-0.003933839718170181,-0.32875970981088404,0.10968234593210355,0.9466354873208712,False
GUT_GENOME112856_2,GUT_GENOME112856_00137,32726,0.031439754510225834,0.03181954379915884,0.0317963709674759,0.0010722436322790911,0.5285653037328099,0.033892126988843835,0.9746820189360533,-0.0003797892889330079,-0.5340687549395208,-0.0020957560213679324,-0.2442783615834269,0.34490135294053337,0.8415997984607465,False
GUT_GENOME112856_2,GUT_GENOME112856_00137,32740,0.03197742759482646,0.03180171417198953,0.03180862295166461,0.001115457845216719,0.4871726094764844,0.033961031897829536,0.9731729849286836,0.00017571342283693309,-0.4824098890987689,-0.0021524089461649257,-0.24688222313565394,0.29367013320068935,0.8634363751696666,False
GUT_GENOME112856_2,GUT_GENOME112856_00137,32787,0.032161880430860317,0.031508584352132066,0.031555132108996846,0.0011107401697018546,0.4524493281408687,0.03406054565571686,0.9879529440043618,0.0006532960787282507,-0.43799718358748224,-0.0025054135467200145,-0.2631068948615777,0.2610667709542679,0.8776271924570699,False
GUT_GENOME112856_2,GUT_GENOME112856_00137,32844,0.03236853493777732,0.03155134965516355,0.03158743556477234,0.001101603621148083,0.44054930540333814,0.03416830455142817,0.9904309256227803,0.0008171852826137707,-0.4227563391831511,-0.0025808689866558335,-0.26657495091798245,0.24978512677646425,0.8825917201550528,False
GUT_GENOME112856_2,GUT_GENOME112856_00138,33836,0.0324436248845776,0.031638187064867734,0.03167582119147764,0.0011063037186657175,0.4414540246764864,0.03419822644605056,0.9886970342962269,0.0008054378197098686,-0.42384879219420535,-0.0025224052545729236,-0.2638878616862104,0.2492846021898072,0.8828126272242134,False
GUT_GENOME112856_2,GUT_GENOME112856_00138,35248,0.032636416622021616,0.03174255053314001,0.03177530718862434,0.0011075613467709294,0.4358428850306878,0.03422930715289782,0.9866432389276633,0.0008938660888816036,-0.4156254226284337,-0.002453999964273479,-0.2607438420964379,0.24073184312627627,0.886595952776031,False
GUT_GENOME112856_2,GUT_GENOME112856_00139,38835,0.03273923162362606,0.03154801980779334,0.03158043679868372,0.001130642871633632,0.41440942808518166,0.03430043749045825,0.9919294996943707,0.0011912118158327184,-0.38797381500990963,-0.0027200006917745337,-0.27296967279602397,0.22503612339971196,0.893581207367196,False
GUT_GENOME112856_2,GUT_GENOME112856_00139,38879,0.03357522773365526,0.03157942378705633,0.03162529795740802,0.0011289570120129261,0.3613548497167988,0.03430961288185945,0.9912893746652709,0.0019958039465989286,-0.31315092745397993,-0.002684314924451432,-0.2713294962680281,0.17168319891034967,0.9177395901584683,False
GUT_GENOME112856_2,GUT_GENOME112856_00139,38895,0.03417921502674073,0.03156310512696768,0.031654462420856004,0.0011314974315405433,0.32150224861864146,0.03435455143885162,0.9914905016841148,0.002616109899773046,-0.25546569687582127,-0.0027000890179956147,-0.2720544995374641,0.13927637299882906,0.9327312336145893,False
GUT_GENOME112856_2,GUT_GENOME112856_00139,38901,0.03418593969606416,0.03168232858415464,0.03175985701556865,0.0011490742719428054,0.32924681009218193,0.03442971227063468,0.9899234068428532,0.002503611111909526,-0.2659274996111707,-0.0026698552550660296,-0.27066490609363764,0.14397692644012686,0.9305416312033007,False
GUT_GENOME112856_2,GUT_GENOME112856_00139,38919,0.034348833829405546,0.03179596486109329,0.031896080463023266,0.0011644099104104206,0.32562568825398874,0.03445786934785431,0.9860992052823898,0.0025528689683122566,-0.261346774906148,-0.002561788884831044,-0.2656979980734087,0.13889756293406189,0.9329079143356779,False
GUT_GENOME112856_2,GUT_GENOME112856_00139,38976,0.0353537449573301,0.03223502984245629,0.03236376760806545,0.0011864139776941482,0.29404934863440635,0.03481462155315987,0.9805747214991696,0.003118715114873806,-0.20872602337355176,-0.0024508539450944222,-0.2605992458834045,0.11147851978833559,0.94578570800898,False
GUT_GENOME112856_2,GUT_GENOME112856_00139,38978,0.036344379335118984,0.03268273670081856,0.032825774065712354,0.0012129411916917798,0.2679464182509824,0.03521855675096381,0.975735762939639,0.0036616426343004244,-0.1582365850808951,-0.002392782685251456,-0.2579301953209433,0.09156680251636332,0.9552488454826303,False
GUT_GENOME112856_2,GUT_GENOME112856_00140,39964,0.036820782920647534,0.03205103936212932,0.03223774752245668,0.0012300109780953832,0.2121168778960369,0.035299809258076284,0.9936031139033212,0.004769743558518211,-0.05518895674476773,-0.0030620617356196048,-0.2886913606660579,0.08638852266979577,0.9577253229950864,False
GUT_GENOME112856_2,GUT_GENOME112856_00145,45389,0.03632524532210612,0.0315316882269192,0.03170481888366935,0.001256335253467207,0.20897506748381667,0.03533984244958138,0.9980942472865062,0.004793557095186918,-0.052974421568075324,-0.0036350235659120336,-0.3150256282460306,0.10204743579227843,0.950256132188898,False
GUT_GENOME112856_2,GUT_GENOME112856_00145,45622,0.03561936940271545,0.03134751536129507,0.03147869314735638,0.00128778629554263,0.23133394147645164,0.03526760899690234,0.9983705163794059,0.0042718540414203796,-0.10149009483520713,-0.0037889158495459582,-0.3220987705767168,0.11404785735669179,0.9445714667492965,False
GUT_GENOME112856_2,GUT_GENOME112856_00145,45665,0.035141374292066485,0.03129931617794195,0.03140502292746577,0.0012441702935209805,0.25339155572516675,0.03523056408660378,0.9989466856876772,0.0038420581141245386,-0.14145888288366684,-0.00382554115913801,-0.32378213001185435,0.12484548326170833,0.9394856431383457,False
GUT_GENOME112856_2,GUT_GENOME112856_00145,46103,0.03467942648947888,0.03122630836574866,0.03132245192089637,0.0012272513611626338,0.2738644702222343,0.035192986349059444,0.9991942679786514,0.003453118123730222,-0.17762828108492065,-0.0038705344281630763,-0.3258500946181512,0.13773009040384165,0.9334526454914811,False
GUT_GENOME112856_2,GUT_GENOME112856_00146,46390,0.034719156990167074,0.031149132715028695,0.03123259800770069,0.0012224552958883662,0.2700588781454154,0.03513102795993149,0.9992862110381835,0.003570024275138379,-0.16675661644027762,-0.0038984299522307996,-0.32713221876018705,0.13482325767757275,0.9348103272400848,False
GUT_GENOME112856_2,GUT_GENOME112856_00147,48515,0.03446098981325008,0.031111192142785623,0.031197994671197327,0.001197394336694076,0.28187912820653516,0.03507069337912566,0.9993902332729268,0.00334979767046446,-0.18723654639267337,-0.003872698707928335,-0.3259495684739003,0.14130064549337754,0.9317876601171038,False
GUT_GENOME112856_2,GUT_GENOME112856_00148,48736,0.03466248071828248,0.03163346209603495,0.031751055959100716,0.0011505533344298453,0.3031046081846305,0.03506393701450618,0.9980077148491945,0.0030290186222475257,-0.21706733113099436,-0.0033128810554054616,-0.30021942891119097,0.1372499317400944,0.9336767750823111,False
GUT_GENOME112856_2,GUT_GENOME112856_00148,49052,0.03455806632919087,0.031331869632376816,0.03145157448515158,0.001126275899756963,0.29023631490865054,0.03483618224180253,0.9986726719622772,0.0032261966968140515,-0.19873079472001026,-0.003384607756650948,-0.3035161060079242,0.13161595537626036,0.9363106395642722,False
GUT_GENOME112856_2,GUT_GENOME112856_00150,51315,0.031998570523801804,0.029273777010919325,0.029368820701509236,0.0010046840428806372,0.3105071068682297,0.03337591561702659,0.9999667416083943,0.002724793512882479,-0.24535868556921656,-0.004007094915517352,-0.3321266391010595,0.1705089889848191,0.9182785578261913,False
GUT_GENOME112856_2,GUT_GENOME112856_00150,51371,0.031389543814549385,0.028558932721539566,0.028667398809933072,0.001002904215710304,0.29900518407697146,0.033001660171652604,0.9999922587765693,0.002830611093009819,-0.23551820043823643,-0.004334261361719532,-0.34716374677903455,0.17599148981532295,0.9157647733787064,False
GUT_GENOME112856_2,GUT_GENOME112856_00153,53453,0.031142730575262945,0.02776527978030299,0.027965009793739882,0.0010042084764321645,0.26570504509545745,0.03253496847231052,0.9999973279688432,0.003377450794959956,-0.1846649494983236,-0.00456995867857064,-0.3579967829110764,0.16226284014789877,0.9220725046448462,False
GUT_GENOME112856_2,GUT_GENOME112856_00154,53667,0.030907962806107414,0.027749030453782943,0.02790025045611096,0.0010054487783198885,0.2814407141877225,0.03252785097702465,0.9999979129766959,0.0031589323523244714,-0.20498602925663734,-0.004627600520913693,-0.36064609673934633,0.17208487928372895,0.9175552896759396,False
GUT_GENOME112856_2,GUT_GENOME112856_00154,53681,0.03151606241638247,0.02784070728948796,0.027990617869529957,0.00097913379470941,0.25218863271177366,0.03255297866279108,0.9999984157910031,0.003675355126894507,-0.15696139451881305,-0.004562360793261125,-0.3576475716125147,0.15254866484961932,0.9265619856941915,False
GUT_GENOME112856_2,GUT_GENOME112856_00155,53977,0.03147470573177665,0.027701787957687206,0.02783663813621726,0.000964895370729486,0.24214228011901,0.032497939764676104,0.9999993203733015,0.003772917774089446,-0.14788857525848287,-0.004661301628458844,-0.362195055041477,0.1530562885884825,0.9263268431067103,False
GUT_GENOME112856_2,GUT_GENOME112856_00155,54003,0.031212365182270163,0.02791964582927086,0.028008587126339916,0.0009711399701236926,0.26694583724714605,0.0325146638548455,0.9999982578435811,0.003292719352999303,-0.19254453334192437,-0.0045060767285055835,-0.35506066347414106,0.16314147206655666,0.9216675124441795,False
GUT_GENOME112856_2,GUT_GENOME112856_00156,55131,0.031218035364304147,0.027868979040933883,0.027981322946314027,0.0009847201665887002,0.2659430877525826,0.0325051270565747,0.9999978258495699,0.003349056323370264,-0.1873054878204451,-0.0045238041102606714,-0.3558754430806509,0.16173067675550448,0.9223178839049161,False
GUT_GENOME112856_2,GUT_GENOME112856_00157,55757,0.030820096603017624,0.028335753070736103,0.028444489679784444,0.0009328159557295865,0.31605691724488794,0.03254119993808325,0.9999943783403126,0.002484343532281521,-0.2677192844035577,-0.004096710258298806,-0.33624550756891763,0.18473465660183205,0.9117701690379281,False
GUT_GENOME112856_2,GUT_GENOME112856_00158,56235,0.031320729013778234,0.028436118951100174,0.02855155844127162,0.000940716207669144,0.29263591717646054,0.0325789370589988,0.999990704896945,0.00288461006267806,-0.23049657683401942,-0.00402737861772718,-0.3330589113978606,0.16405691039372897,0.9212457440943709,False
GUT_GENOME112856_2,GUT_GENOME112856_00158,56244,0.03142324825022882,0.02853366682198586,0.02862424743710398,0.0009737936919720072,0.2893649955419074,0.03247603795863342,0.9999618043527666,0.002889581428242957,-0.23003426566735724,-0.003851790521529442,-0.3249885938572153,0.1585333495184103,0.923793539174566,False
GUT_GENOME112856_2,GUT_GENOME112856_00158,56250,0.03141966773107354,0.02839544908092882,0.028499488278166594,0.000955100476136682,0.2823574778838518,0.032438127927769914,0.9999813660609971,0.0030242186501447214,-0.2175137035962305,-0.00393863964960332,-0.32898032254988846,0.15554026387717745,0.9251770707622641,False
GUT_GENOME112856_2,GUT_GENOME112856_00158,56403,0.03153894423569408,0.02895937148086266,0.029060333110164614,0.0009486748007668753,0.3116151701539901,0.03243767912114447,0.9998146200251877,0.002579572754831422,-0.2588634615109023,-0.003377346010979859,-0.30318234423970564,0.15892982556408974,0.9236104263204127,False
GUT_GENOME112856_2,GUT_GENOME112856_00158,56496,0.03171230448172648,0.029353881865461603,0.029454549533080684,0.0009353737406637867,0.3264746075914465,0.032560203036122934,0.9995502792072128,0.0023584226162648783,-0.27942927531669354,-0.00310565350304225,-0.29069490995485775,0.16258425057767537,0.9219243346910058,False
GUT_GENOME112856_2,GUT_GENOME112856_00158,56508,0.03191037437643339,0.02968519510259365,0.02977698956981177,0.0009539949888759128,0.3372711484842687,0.03276338833681307,0.9991271979237583,0.00222517927383974,-0.2918202138389959,-0.002986398767001297,-0.2852137662502612,0.16650592966369593,0.9201183601916342,False
GUT_GENOME112856_2,GUT_GENOME112856_00158,56511,0.03247024848993021,0.02985563845542417,0.029954796236446434,0.0009762731594559465,0.31421633262721976,0.03285801950091126,0.9985292287244697,0.0026146100345060368,-0.25560517655245646,-0.002903223264464825,-0.28139088342615365,0.14451483555576364,0.9302913914434192,False
GUT_GENOME112856_2,GUT_GENOME112856_00158,56601,0.032680007483096775,0.029893691696478243,0.03000039054096909,0.0009781033335921649,0.30486341766673364,0.032847631496442445,0.9981985247033457,0.0027863157866185317,-0.23963743377726315,-0.002847240955473354,-0.278817844478736,0.13516549006712078,0.9346503797392461,False
GUT_GENOME112856_2,GUT_GENOME112856_00158,56847,0.03278090460143121,0.030593318594340977,0.030677334204062025,0.0010598757586636196,0.34483520503452303,0.0328905489934802,0.9816093454495427,0.002187586007090233,-0.2953161923146737,-0.0022132147894181747,-0.2496769596468796,0.1495502376217469,0.9279521418474341,False
GUT_GENOME112856_2,GUT_GENOME112856_00158,56861,0.03264589944713938,0.03082960309456155,0.030912836576438545,0.0010260727286682076,0.3688829688418567,0.03291297936266685,0.974371313293497,0.00181629635257783,-0.3298442009888399,-0.0020001427862283046,-0.2398838201231891,0.16634144408286072,0.9201940364049597,False
GUT_GENOME112856_2,GUT_GENOME112856_00158,57063,0.03346983982687693,0.031021387383417677,0.031107823740973026,0.0010461215061007988,0.332135604298534,0.0329242713687961,0.9587502452434933,0.0024484524434592522,-0.2710569691764017,-0.001816447627823077,-0.2314408886767439,0.12703676549057774,0.9384568677285349,False
GUT_GENOME112856_2,GUT_GENOME112856_00158,57204,0.03377603920960896,0.030992315464224766,0.031096923382335655,0.0010492470509931913,0.31217000317042765,0.03289341785457403,0.9565677798863594,0.002783723745384197,-0.23987848014398844,-0.001796494472238376,-0.23052380884620063,0.1106829116811495,0.9461620202417597,False
GUT_GENOME112856_2,GUT_GENOME112856_00158,57261,0.03360904231724401,0.030712778012708292,0.030819415004889217,0.0010506247204348268,0.30360339888859456,0.03292959922066501,0.977705132540661,0.002896264304535715,-0.22941279289589597,-0.002110184215775794,-0.24494150511610963,0.11262657047284041,0.9452429588350361,False
GUT_GENOME112856_2,GUT_GENOME112856_00158,57263,0.033552882800027675,0.030740892640882082,0.030843919244481096,0.0010507249790878228,0.30853629112731207,0.03293764720013542,0.9768501500637362,0.002811990159145593,-0.23724985053451886,-0.0020937279556543266,-0.24418514834940638,0.11591387825307314,0.9436905827026676,False
GUT_GENOME112856_2,GUT_GENOME112856_00159,57725,0.03395012268959637,0.031162319015886085,0.03127088449784628,0.0010214391101503895,0.3118487856636314,0.03298807288826685,0.9536327313816909,0.0027878036737102874,-0.2394990680086888,-0.0017171883904205723,-0.22687877095904618,0.10883378028891788,0.9470372137132288,False
GUT_GENOME112856_2,GUT_GENOME112856_00159,57736,0.03420489926335695,0.03117520817506492,0.03128237304029944,0.0009985831932848351,0.29752143773074563,0.032993947626535104,0.9567359122921786,0.003029691088292031,-0.21700479528294264,-0.0017115745862356646,-0.22662075129049083,0.09844804609125835,0.9519678430732909,False
GUT_GENOME112856_2,GUT_GENOME112856_00159,57748,0.03443472849115448,0.03122967259278655,0.031348801642489016,0.0009590730610774693,0.28861833009698123,0.033027106650783025,0.959934289309204,0.003205055898367934,-0.20069677912936568,-0.0016783050082940093,-0.22509162679830405,0.09094543760760837,0.9555456706452836,False
GUT_GENOME112856_2,GUT_GENOME112856_00159,58056,0.0344989368286114,0.03139623044773328,0.0315176320410737,0.0009926880519911634,0.29403523841560014,0.03303939856745535,0.9373590620847569,0.0031027063808781244,-0.21021475245487026,-0.0015217665263816543,-0.21789686084480464,0.09166928411568254,0.9551998990219526,False
GUT_GENOME112856_2,GUT_GENOME112856_00159,58380,0.035547169942784757,0.03209763167372844,0.03223512224470334,0.0011002463685029122,0.27968537150539174,0.03310364230756118,0.7850570430527563,0.003449538269056314,-0.17796118896891563,-0.0008685200628578416,-0.18787257954612369,0.06696629092454467,0.967071210632248,False
GUT_GENOME112856_2,GUT_GENOME112856_00159,58385,0.03633189855587165,0.03221584596740696,0.03237217729794009,0.001105344924046235,0.2519872419365746,0.033085474684871614,0.7406389692010714,0.004116052588464689,-0.11597882042646132,-0.0007132973869315232,-0.18073829019872198,0.046117416331470804,0.97720511216952,False
GUT_GENOME112856_2,GUT_GENOME112856_00159,58440,0.036638374744725935,0.03226678413586284,0.03242835594405346,0.0010997831778041688,0.2393198384604608,0.03307230205334451,0.7209012635398147,0.0043715906088630935,-0.09221511228737385,-0.0006439461092910478,-0.17755079147570035,0.040027910487820596,0.9801849944906346,False
GUT_GENOME112856_2,GUT_GENOME112856_00159,58511,0.03652563622984701,0.03244211692049048,0.032588764914990416,0.0010899773190914252,0.25309435754610454,0.03310668935113062,0.6826670676126854,0.004083519309356527,-0.1190042463428415,-0.0005179244361402033,-0.1717586282177458,0.043663037014869524,0.9784050643110488,False
GUT_GENOME112856_2,GUT_GENOME112856_00160,59204,0.036844630128210654,0.03249300384224257,0.03265515856727142,0.0010775928598714013,0.2419303561016506,0.033098740574067906,0.6596989178029968,0.004351626285968087,-0.09407169058336194,-0.0004435820067964849,-0.16834172795776947,0.03718842034101945,0.9815775956429771,False
GUT_GENOME112856_2,GUT_GENOME112856_00160,59526,0.03587829421128154,0.03252896313502508,0.032664003316003054,0.0010700591097382417,0.29471037303853553,0.03309768562232243,0.6573671521188564,0.0033493310762564565,-0.1872799372296263,-0.0004336823063193773,-0.16788672145028072,0.06325972612805691,0.968865128489498,False
GUT_GENOME112856_2,GUT_GENOME112856_00160,59660,0.0364406376510329,0.03262562605706173,0.032785497941295,0.0010573372267721074,0.2703320052355742,0.03318565205665786,0.6474535353180366,0.003815011593971171,-0.14397406872607305,-0.0004001541153628649,-0.1663457106788117,0.04839942792677894,0.9760907513380205,False
GUT_GENOME112856_2,GUT_GENOME112856_00162,61255,0.036770885059957424,0.03304855031452546,0.03320646556490451,0.0010942359415723366,0.27862122437296966,0.03323359268545132,0.509889134958423,0.003722334745431967,-0.15259253409769338,-2.7127120546810435e-05,-0.14920077679896598,0.045545353259770584,0.9774846636269549,False
GUT_GENOME112856_2,GUT_GENOME112856_00163,61661,0.03658414806267317,0.033518488454499,0.033657049066534814,0.0011303511327861852,0.3135698034057042,0.033243518450667586,0.3572412588444649,0.003065659608174169,-0.2136599098238572,0.0004135306158672275,-0.128947422860904,0.06227799492840758,0.9693408277946041,False
GUT_GENOME112856_2,GUT_GENOME112856_00163,61781,0.03623520062998018,0.03369375687866185,0.03382096599875709,0.0011469863931558653,0.34295642768064993,0.03332632928275552,0.3331436704353452,0.0025414437513183313,-0.262409260721942,0.0004946367160015702,-0.12521965317297254,0.08453858165339564,0.9586116005009013,False
GUT_GENOME112856_2,GUT_GENOME112856_00163,61989,0.03619324100194602,0.03376464088322811,0.03389626198809454,0.001127316848091482,0.35035849360255533,0.03340965806334103,0.3329986777042072,0.0024286001187179135,-0.2729031322260334,0.000486603924753512,-0.1255888534633871,0.090248679693028,0.9558786206426853,False
GUT_GENOME112856_2,GUT_GENOME112856_00163,62612,0.03593006760039146,0.03362606970450392,0.03375111387452087,0.0010759225188059862,0.3575173753562184,0.0334790147100285,0.4001733338787261,0.00230399789588754,-0.28449049152468525,0.000272099164492369,-0.1354478448573021,0.09928095844444479,0.9515714727262932,False
GUT_GENOME112856_2,GUT_GENOME112856_00163,62688,0.03611790284692381,0.03361268379710363,0.033743456200519585,0.0010584648588792373,0.3412519036497685,0.03353800619305194,0.4230480590718996,0.0025052190498201787,-0.2657779697402147,0.0002054500074676474,-0.1385111496749596,0.08982326778350955,0.9560819633426578,False
GUT_GENOME112856_2,GUT_GENOME112856_00164,63268,0.03580882916413806,0.03386915176193275,0.03398387904634995,0.0011129968524130741,0.37627845641041635,0.03372429435380918,0.4077912534290246,0.0019396774022053045,-0.31837040445292575,0.00025958469254077493,-0.13602303056003406,0.11986197927425549,0.9418295273390471,False
GUT_GENOME112856_2,GUT_GENOME112856_00184,86930,0.03601830089250115,0.03394452735542977,0.034063547864391,0.0011055545332460301,0.36797854291146803,0.03381369559934377,0.41060178634345273,0.0020737735370713814,-0.3059001606646669,0.00024985226504723596,-0.1364703489262274,0.11219906443071528,0.9454450289689066,False
GUT_GENOME112856_2,GUT_GENOME112856_00184,87058,0.03557913060534154,0.03402346600231761,0.03413065174379849,0.001120606327446856,0.39999734305478046,0.033859505742906734,0.4044041634753881,0.0015556646030239346,-0.3540815994727219,0.0002711460008917588,-0.1354916538232382,0.14373176734091725,0.9306557035686689,False
GUT_GENOME112856_2,GUT_GENOME112856_00184,87118,0.035062509363199976,0.03387128684269505,0.033966204821598116,0.0011433071657055384,0.42205600598106263,0.033883480058070986,0.4711594286249141,0.0011912225205049226,-0.38797281953101537,8.272476352712971e-05,-0.14415180362759292,0.17130265118393395,0.9179142286297479,False
GUT_GENOME112856_2,GUT_GENOME112856_00184,87298,0.035078586605547454,0.033816728735689326,0.033922217716498525,0.0011029666384845555,0.41697700454290143,0.03396025145438175,0.5137540511899703,0.0012618578698581281,-0.3814040990575804,-3.803373788322656e-05,-0.1497020628605226,0.16787979440262044,0.9194865181475043,False
GUT_GENOME112856_2,GUT_GENOME112856_00184,87325,0.036985008274638735,0.03357998572498214,0.03372039082685724,0.0011089681096140794,0.29557458783309165,0.033860783185020074,0.5503704293064793,0.0034050225496565917,-0.182100919572476,-0.0001403923581628358,-0.15440663331015325,0.0570021533193175,0.9719012477387076,False
GUT_GENOME112856_2,GUT_GENOME112856_00184,87439,0.03699109216132558,0.033388064354914905,0.033540021462327846,0.0011250757138485353,0.2831643935112159,0.03366951283516837,0.5458153645127228,0.003603027806410676,-0.1636874595160307,-0.00012949137284052475,-0.15390560610522305,0.05048051999342826,0.9750756122196362,False
GUT_GENOME112856_2,GUT_GENOME112856_00184,88032,0.036687906981586714,0.033304260562964476,0.03344136477104681,0.001130734811125478,0.2914353237623288,0.03358499072226495,0.5505377209019247,0.003383646418622238,-0.18408878868976547,-0.00014362595121814037,-0.15455525456249683,0.05777600883414333,0.9715252649122799,False
GUT_GENOME112856_2,GUT_GENOME112856_00185,88232,0.03612067217215864,0.03343619724624477,0.033573959491886005,0.0011403309925832402,0.33088151514249164,0.03367229071159678,0.534358375199661,0.0026844749259138725,-0.2491081046646944,-9.833121971077746e-05,-0.1524734342449564,0.08530299596008739,0.9582452822990875,False
GUT_GENOME112856_2,GUT_GENOME112856_00185,88274,0.035423660729862305,0.033508401097801836,0.033626953942655496,0.001134282101975606,0.37547505192950303,0.03362745666295843,0.5001768134903493,0.001915259632060469,-0.32064113020334256,-5.027203029348004e-07,-0.1479770755974031,0.12470794928043644,0.9395502509601873,False
GUT_GENOME112856_2,GUT_GENOME112856_00185,88326,0.035228835907648956,0.03348301936870891,0.033591606567035144,0.0011379994902335508,0.38444542803114456,0.033533440170998165,0.47961779870201077,0.0017458165389400426,-0.33639845744889385,5.816639603697937e-05,-0.1452805465675595,0.13427035938496407,0.935068790481332,False
GUT_GENOME112856_2,GUT_GENOME112856_00186,89032,0.03522389284834435,0.033700852551273724,0.03379073407190919,0.0011684566982855247,0.3989544460628637,0.03357935285593205,0.4282205491236794,0.0015230402970706283,-0.35711549041273133,0.0002113812159771425,-0.13823854158188306,0.1466413678714116,0.9293027697671075,False
GUT_GENOME112856_2,GUT_GENOME112856_00186,89038,0.035263965230637774,0.033589924681699794,0.03368770738326576,0.0011953069799192158,0.38890925246971825,0.03352207128548592,0.444894179015764,0.00167404054893798,-0.3430732515759823,0.00016563609777983657,-0.1403410624120586,0.13739486974586257,0.9336091149090671,False
GUT_GENOME112856_2,GUT_GENOME112856_00186,89060,0.03461717648460439,0.033473057802577304,0.03353101312549035,0.0012000879517727325,0.4229864428695629,0.03346834403531453,0.47917653338696825,0.001144118682027087,-0.3923532317611517,6.266909017581951e-05,-0.14507359534321274,0.1749874065392263,0.9162246408522513,False
GUT_GENOME112856_2,GUT_GENOME112856_00186,89359,0.03448123500495971,0.033467982303219034,0.03351351444649855,0.0012179256155044858,0.4322226939107905,0.03344512692740569,0.4776108305847244,0.0010132527017406787,-0.40452308795716224,6.838751909285512e-05,-0.14481076694998207,0.18460908691504005,0.911827416182312,False
GUT_GENOME112856_2,GUT_GENOME112856_00186,89846,0.03434114601394896,0.03341602116646187,0.03343620561058775,0.0012363784694972052,0.4379787520381869,0.03340131365095703,0.4887429045357872,0.0009251248474870938,-0.41271852049648117,3.489195963071734e-05,-0.1463502779243285,0.19175498100933255,0.9085753183544978,False
GUT_GENOME112856_2,GUT_GENOME112856_00186,90788,0.033945127673106944,0.0330000367873747,0.03299029765068249,0.0012594622725509148,0.43686693589900927,0.03336643760828723,0.617396914047982,0.0009450908857322471,-0.41086178268184226,-0.00037613995760474306,-0.16524198051272493,0.19611231659226913,0.9065979893259409,False
GUT_GENOME112856_2,GUT_GENOME112856_00186,90827,0.0342704961426909,0.0326941599438031,0.0327493086180442,0.0012353865746359072,0.39687832381190696,0.03336570813944634,0.6910936622920026,0.0015763361988877997,-0.3521592484655716,-0.0006163995214021403,-0.1762847050140394,0.15509243350172308,0.9253842551547451,False
GUT_GENOME112856_2,GUT_GENOME112856_00187,91381,0.034353107711269315,0.032631640786418684,0.03271667856151123,0.0012324636725995096,0.3876487337381379,0.03333762141249515,0.6928069203262692,0.0017214669248506315,-0.3386628450402904,-0.0006209428509839146,-0.17649352391014175,0.1458424865930035,0.92967404520579,False
GUT_GENOME112856_2,GUT_GENOME112856_00187,91440,0.03416168412940194,0.03254170802858163,0.03260477898979915,0.0012146629754518224,0.3945092986016374,0.03335138278706584,0.7306101018556959,0.0016199761008203056,-0.3481009643357751,-0.0007466037972666886,-0.18226910756826117,0.15439630894522693,0.9257064025672781,False
GUT_GENOME112856_2,GUT_GENOME112856_00188,91787,0.033914768110385254,0.03227294439674416,0.03235067321482135,0.0012096432426844201,0.39315695305085985,0.033343457899825575,0.7940985916008082,0.0016418237136410913,-0.3460692498621344,-0.0009927846850042235,-0.1935839858515958,0.15723868527833124,0.9243917339992318,False
GUT_GENOME112856_2,GUT_GENOME112856_00189,93157,0.03332460433051194,0.03159162203663783,0.03165399420214337,0.0010900286288775343,0.386725406640005,0.033308738351787874,0.9355021309609836,0.0017329822938741066,-0.337591975554172,-0.0016547441496445048,-0.22400873100440222,0.16414825352477128,0.9212036703198032,False
GUT_GENOME112856_2,GUT_GENOME112856_00190,93638,0.0333128249957917,0.031130656083256797,0.031192879253016635,0.0010429086019821667,0.35957225184888203,0.03322980526935161,0.9745973320705577,0.0021821689125349,-0.29581995396146926,-0.0020369260163349764,-0.24157443784477522,0.14586765418178496,0.9296623464523623,False
GUT_GENOME112856_2,GUT_GENOME112856_00190,93750,0.032913869376528446,0.0309932882322947,0.031049136309287375,0.0010427147851044779,0.3739104058883184,0.033167972768772584,0.978925114507622,0.001920581144233744,-0.3201462572214389,-0.0021188364594852092,-0.24533917645993122,0.162684937518933,0.9218779229886132,False
GUT_GENOME112856_2,GUT_GENOME112856_00190,94364,0.032484062341921145,0.03071080156515905,0.03075221332496393,0.0010124684840898028,0.38320573283271386,0.032995539095647855,0.9866439505631737,0.0017732607767620943,-0.3338462859298137,-0.002243325770683924,-0.25106090984360224,0.1744849230806283,0.9164548636350194,False
GUT_GENOME112856_2,GUT_GENOME112856_00190,94424,0.03217554197443119,0.03072933691783194,0.03076673745127284,0.001008296034634525,0.4042304173440648,0.03290595054020348,0.9830648381718363,0.001446205056599252,-0.36426076854594874,-0.0021392130889306415,-0.24627571984523858,0.19333763768697568,0.9078566213572845,False
GUT_GENOME112856_2,GUT_GENOME112856_00191,95399,0.0319506629491287,0.030485842967851985,0.030515756426030556,0.0010082811075785723,0.4033259807659907,0.03283949699188918,0.9894070615469396,0.0014648199812767118,-0.36252967727281227,-0.0023237405658586216,-0.2547569060191911,0.19632884806800038,0.906499841138818,False
GUT_GENOME112856_2,GUT_GENOME112856_00192,96831,0.03131584968463498,0.03039377035923016,0.03039505852703456,0.00100042349283462,0.43836198149822936,0.03279645270781838,0.9918109172707609,0.0009220793254048204,-0.4130017382258095,-0.002401394180783816,-0.2583259938115638,0.23730275485627217,0.8881173645581006,False
GUT_GENOME112856_2,GUT_GENOME112856_00195,99893,0.031028617031060843,0.03052584988386914,0.03050259340045173,0.0010043457819332267,0.4657195102386054,0.03281979394128398,0.9894774408624444,0.0005027671471917045,-0.45199559208241435,-0.0023172005408322524,-0.2544563157181998,0.2690480318708125,0.8741318855295863,False
GUT_GENOME112856_2,GUT_GENOME112856_00195,100033,0.030621054895606754,0.030114135647541763,0.030099237220191487,0.0010120799244725113,0.46487663801509765,0.032758543257575524,0.9957000826270282,0.0005069192480649902,-0.45160946827522913,-0.002659306037384037,-0.2701800467077075,0.2769483694748142,0.8706857279596973,False
GUT_GENOME112856_2,GUT_GENOME112856_00195,100087,0.03094591130305673,0.029753895552646244,0.029752389513643816,0.0010185753613570505,0.4194374411930471,0.032800602247750686,0.9986170470948007,0.0011920157504104849,-0.3878990532713661,-0.0030482127341068706,-0.2880548377909378,0.23344126510358562,0.8898337490263803,False
GUT_GENOME112856_2,GUT_GENOME112856_00195,100099,0.03127490366621553,0.02997880542964613,0.03000959097102553,0.0010019102141600662,0.414022253611879,0.03278771853027484,0.9972214501796288,0.0012960982365693985,-0.37821992286402073,-0.0027781275592493083,-0.2756412791766534,0.21902842483740753,0.8962694261152332,False
GUT_GENOME112856_2,GUT_GENOME112856_00195,100107,0.031589789969055045,0.030050942386040124,0.030095220867723396,0.0009947025546098022,0.39951443397835973,0.032859979745332495,0.9972777251490018,0.0015388475830149205,-0.3556454949534818,-0.002764758877609099,-0.27502683259244537,0.20212347672654002,0.9038772272625997,False
GUT_GENOME112856_2,GUT_GENOME112856_00195,100180,0.031360165601492726,0.02994547726666081,0.029979360510246914,0.000928837629092233,0.40843206606371346,0.032938909605896675,0.9992794578422305,0.0014146883348319164,-0.3671916599115941,-0.0029595490956497612,-0.28397971121827975,0.21547419149224933,0.8978636175680534,False
GUT_GENOME112856_2,GUT_GENOME112856_00195,100254,0.03195858839852919,0.029843425981086857,0.02989859735864948,0.0009480456358255296,0.36693406355452246,0.03290653456413015,0.9992450572533759,0.0021151624174423345,-0.30205120984394174,-0.003007937205480666,-0.2862037082886008,0.17314749600633544,0.9170679143633311,False
GUT_GENOME112856_2,GUT_GENOME112856_00195,100255,0.031692124519613216,0.02976534862179302,0.02981431594011814,0.0009468460997189535,0.37650537511338933,0.03294135906414804,0.9995210158837412,0.0019267758978201953,-0.31957017732541215,-0.003127043124029897,-0.2916780120966451,0.187201160976446,0.9106464195583196,False
GUT_GENOME112856_2,GUT_GENOME112856_00195,100462,0.030611839001065747,0.029866689583962023,0.029873252100268154,0.0009528370406333261,0.4506359855787052,0.03303518094741439,0.9995473848648764,0.0007451494171037236,-0.4294553003821868,-0.003161928847146233,-0.29328141727775037,0.2704458447468002,0.8735211625710977,False
GUT_GENOME112856_2,GUT_GENOME112856_00195,100747,0.030866419394773723,0.029656546463852136,0.029669769997962787,0.0010289886623202741,0.42130117809522016,0.03304066361041845,0.9994734244967037,0.001209872930921587,-0.38623842826851434,-0.0033708936124556624,-0.30288578139679845,0.24091992004368148,0.8865125825792037,False
GUT_GENOME112856_2,GUT_GENOME112856_00195,101020,0.03123806502654276,0.02931470625620464,0.029357719677164693,0.00097355795499753,0.37776264215345384,0.03291214308966085,0.9998693702157386,0.0019233587703381197,-0.31988795242608603,-0.0035544234124961598,-0.31132111270097734,0.19924913732072852,0.9051771861357709,False
GUT_GENOME112856_25,GUT_GENOME112856_01681,39091,0.04886609763561456,0.052713280583208275,0.05208125061571126,0.002526227753628192,0.6932187637447106,0.035280579047085134,1.4605189959051714e-11,-0.0038471829475937164,-0.8565183488561923,0.01680067156862613,0.6242325132273876,1.1232899124975184,0.5702702223182095,False
GUT_GENOME112856_25,GUT_GENOME112856_01681,39103,0.048882190705465,0.05278274586912563,0.052305280180936636,0.0024675841286972214,0.693956796724917,0.0353312159298244,3.0175419242225177e-12,-0.0039005551636606337,-0.8614816876320548,0.01697406425111224,0.6322019259449294,1.1418299732938513,0.5650082271315536,False
GUT_GENOME112856_25,GUT_GENOME112856_01681,39106,0.04910322951890639,0.05310385398622989,0.05265724379032385,0.0024970126764751826,0.6965080257426206,0.03537473672615391,2.23801061178498e-12,-0.004000624467323501,-0.8707876129194878,0.017282507064169936,0.6463784646648565,1.1760761863965168,0.5554158907273921,False
GUT_GENOME112856_25,GUT_GENOME112856_01681,39111,0.04909214119731024,0.05284876398183515,0.05262192297829694,0.002474269909835662,0.6870985016223764,0.035459917966704724,2.0140856940105608e-12,-0.0037566227845249045,-0.8480967242351665,0.017162005011592214,0.6408399922418365,1.129943949314937,0.5683760754685374,False
GUT_GENOME112856_25,GUT_GENOME112856_01681,39201,0.05037362983491101,0.05202522778446905,0.052022702517416426,0.002447608360870694,0.5836979092164041,0.03567985883046371,1.2188621307363094e-11,-0.001651597949558041,-0.6523403521473924,0.01634284368695272,0.6031899911881687,0.789386100509367,0.6738868569050296,False
GUT_GENOME112856_25,GUT_GENOME112856_01681,39217,0.0506752614662941,0.05063533601136348,0.05095633787858626,0.0026446554866364647,0.4979738527993331,0.035907637078229464,6.34337897690003e-09,3.9925454930617166e-05,-0.4950374645691219,0.015048700800356793,0.5437090567515039,0.5406816297206347,0.7631193675911698,False
GUT_GENOME112856_25,GUT_GENOME112856_01681,39273,0.05079016717401024,0.051142939342453446,0.051241987452569304,0.0025094432826142663,0.5184482180254234,0.036314187345560744,1.3518142138841184e-09,-0.000352772168443205,-0.5315563031130675,0.01492780010700856,0.5381522621433681,0.5721599606292556,0.7512025321292879,False
GUT_GENOME112856_25,GUT_GENOME112856_01681,39276,0.05245787216222884,0.05405327158974815,0.05392358750340464,0.0028635283156234533,0.5806852639901453,0.037157679997125354,2.3853045920397732e-09,-0.001595399427519316,-0.6471141816014431,0.016765907506279286,0.6226346997752396,0.8064307333939081,0.6681681826521799,False
GUT_GENOME112856_25,GUT_GENOME112856_01681,39280,0.052852082911257744,0.05452791136976181,0.054411152928762134,0.0028963902737208324,0.5850051746853758,0.03735386451138496,1.940887781226579e-09,-0.0016758284585040653,-0.654593663579316,0.01705728841737717,0.6360270454339926,0.8330232669216848,0.659342842311684,False
GUT_GENOME112856_25,GUT_GENOME112856_01681,39298,0.053308634169586436,0.055770471466489044,0.05553269176364911,0.003002159721956852,0.6217354951143313,0.03754202758509461,1.0327272347798072e-09,-0.002461837296902608,-0.7276884015025608,0.0179906641785545,0.6789265297416287,0.9904716424683628,0.6094271744809208,False
GUT_GENOME112856_25,GUT_GENOME112856_01681,39309,0.053127119852042916,0.055290206090378595,0.05513440413273163,0.0029525081919498353,0.6071061896123148,0.03769818196283384,1.757225720367037e-09,-0.002163086238335679,-0.6999061053457722,0.01743622216989779,0.653443463607727,0.91685691643195,0.6322765140963047,False
GUT_GENOME112856_25,GUT_GENOME112856_01681,39579,0.05272009895963893,0.054617447400108966,0.05456972474825689,0.0029156208273775517,0.5949478911021474,0.03784258109487885,4.816199549027814e-09,-0.0018973484404700355,-0.6751938708995732,0.01672714365337804,0.6208530493741804,0.841345272217568,0.6566050150024799,False
GUT_GENOME112856_25,GUT_GENOME112856_01681,39811,0.05323478888130501,0.05483413718337739,0.054820785456784156,0.0029152118032325356,0.5798346297559553,0.037907985502300554,3.2848791938697273e-09,-0.0015993483020723745,-0.6474814064167972,0.016912799954483602,0.6293861181629452,0.8153590573916946,0.6651920196218629,False
GUT_GENOME112856_25,GUT_GENOME112856_01681,40027,0.05434269006579664,0.055223375714927095,0.05524758418213042,0.0029761930174176986,0.5434400954779436,0.03808167771585159,4.017089661269579e-09,-0.0008806856491304568,-0.5806495138148748,0.01716590646627883,0.6410193095126153,0.7480596130614807,0.6879564059296148,False
GUT_GENOME112856_25,GUT_GENOME112856_01681,40149,0.054393306902076874,0.05555658924637211,0.055579102079629336,0.0029888620352118223,0.5574988848910961,0.03825472277261161,3.389438485311209e-09,-0.0011632823442952328,-0.6069295381122233,0.017324379307017725,0.6483029817775662,0.7886602204148,0.6741314818221424,False
GUT_GENOME112856_25,GUT_GENOME112856_01681,40156,0.053266719850509625,0.05566096388255763,0.05564124928585915,0.0029753263550203876,0.6185469054501733,0.03837146827815484,3.231162151211331e-09,-0.002394244032048007,-0.7214025790810342,0.017269781007704314,0.6457935541900479,0.9374709957381822,0.6257930848720246,False
GUT_GENOME112856_25,GUT_GENOME112856_01681,40182,0.05273087492413364,0.05276960039278265,0.052758967112680744,0.003118304719644831,0.5019924805537843,0.03847337811078974,2.3115367352047734e-06,-3.872546864901183e-05,-0.5023515917972424,0.014285589001891003,0.5086351840574438,0.511066872242373,0.7745032397433951,False
GUT_GENOME112856_25,GUT_GENOME112856_01681,40183,0.052603844204264304,0.052066403327290435,0.05236276234411773,0.0031015143380644684,0.47193718900475756,0.03853351625528335,4.119663085240291e-06,0.0005374408769738687,-0.44877111537498626,0.01382924608883438,0.4876609136169088,0.4392086806645874,0.8028363851074773,False
GUT_GENOME112856_25,GUT_GENOME112856_01681,40185,0.052647820638126355,0.051071142471190774,0.05174742729638825,0.0031134328809133615,0.41832756432228463,0.03858303465138971,1.1775463549144685e-05,0.0015766781669355814,-0.3521274472139704,0.013164392644998545,0.457103156423025,0.33293703469332,0.8466494712876677,False
GUT_GENOME112856_25,GUT_GENOME112856_01681,40312,0.05437566935579384,0.05119415122013808,0.05206003789392337,0.003070870259480632,0.34259702120735214,0.038797511260662436,7.843389764677243e-06,0.0031815181356557587,-0.20288566876100314,0.013262526633260933,0.4616135558405092,0.25424966952431843,0.8806237332808795,False
GUT_GENOME112856_25,GUT_GENOME112856_01681,40396,0.05234693366553974,0.0515383466554589,0.05198866014754478,0.002925140497972008,0.45636569515750597,0.039508064890546986,9.92082772279858e-06,0.0008085870100808384,-0.42355593385268153,0.012480595256997795,0.42567470441443733,0.3605985830801357,0.8350202595094366,False
GUT_GENOME112856_25,GUT_GENOME112856_01681,40413,0.05411092689621,0.05389554303171408,0.054450519924970284,0.003043819054456461,0.48829918950318557,0.04112696552729665,6.009327784402367e-06,0.00021538386449591884,-0.4787207441493674,0.013323554397673631,0.4644184922130269,0.4448580867883454,0.8005718105933017,False
GUT_GENOME112856_25,GUT_GENOME112856_01681,40555,0.05461600074425582,0.05757906275332483,0.057239678467457485,0.003427473575781597,0.6576430938298176,0.04258429924679578,9.520266352408032e-06,-0.002963062009069012,-0.7742996954049334,0.014655379220661707,0.525631350389491,0.8758283348164525,0.6453811752189765,False
GUT_GENOME112856_25,GUT_GENOME112856_01681,40557,0.05421021380364482,0.05743872623164314,0.057530946405989165,0.0033878282393531244,0.6729031909181854,0.04278175783167285,6.696543497018784e-06,-0.00322851242799832,-0.7989852051032544,0.014749188574316313,0.529942982491378,0.9192169226657465,0.6315308658590719,False
GUT_GENOME112856_25,GUT_GENOME112856_01681,40608,0.05349546376398935,0.056875578941829916,0.0570424986813614,0.0032617012213104774,0.6847758090332138,0.04301539570146508,8.518809320606851e-06,-0.0033801151778405647,-0.8130834731211305,0.014027102979896323,0.4967547415759325,0.9078700075408916,0.6351240125705299,False
GUT_GENOME112856_25,GUT_GENOME112856_01681,40620,0.05430917499531183,0.056870997236833996,0.0572403308532318,0.003290368048385744,0.6408705309016395,0.04344395095527078,1.3766932007508352e-05,-0.0025618222415221686,-0.7369864818372901,0.013796379897961016,0.48615032945748593,0.7794912172425285,0.6772291338396677,False
GUT_GENOME112856_25,GUT_GENOME112856_01681,40643,0.05567807814007446,0.05733765385590397,0.057812682157663366,0.003308458082233599,0.5906807261278415,0.043938373986101245,1.3728859910453136e-05,-0.0016595757158295102,-0.6530822429587146,0.01387430817156212,0.48973204101409945,0.6663538880638211,0.7166433771676772,False
GUT_GENOME112856_25,GUT_GENOME112856_01681,40657,0.05681543264024005,0.05906788786376066,0.059637121992062544,0.00336348085396735,0.625317211427977,0.045230815730470046,9.21312974050379e-06,-0.002252455223520612,-0.7082169566128756,0.014406306261592498,0.5141835477536393,0.7659559784145229,0.6818279066935652,False
GUT_GENOME112856_25,GUT_GENOME112856_01681,40734,0.058527995927009656,0.060902989073602726,0.061326433342156775,0.0036938629818315766,0.6292301249038976,0.04627241619407854,2.2966378276225993e-05,-0.00237499314659307,-0.7196123467600007,0.015054017148078233,0.5439534048320264,0.8137272362377899,0.6657349782991194,False
GUT_GENOME112856_25,GUT_GENOME112856_01681,40740,0.058638996374990836,0.057713221144103787,0.05862943770621506,0.003543688640993233,0.44773175575915575,0.04654508694638054,0.00032468923147435907,0.0009257752308870493,-0.41265803821963265,0.012084350759834515,0.40746265596076664,0.3363124725098779,0.8452217700843372,False
GUT_GENOME112856_25,GUT_GENOME112856_01681,40765,0.05925477453884618,0.05792681468295779,0.05894291180339888,0.0035536928296066358,0.42569656193948296,0.046875828198569065,0.0003423339703264431,0.0013279598558883915,-0.3752569578181352,0.012067083604829817,0.4066690291322456,0.30619748364628496,0.8580449927013917,False
GUT_GENOME112856_25,GUT_GENOME112856_01681,40888,0.06333587743748507,0.06158721594504054,0.06282093240191985,0.003789386553150204,0.41097062593218797,0.048523582028980015,8.064857850804051e-05,0.0017486614924445351,-0.33613389155515866,0.014297350372939839,0.5091757560047048,0.3722459435549778,0.8301715010396211,False
GUT_GENOME112856_25,GUT_GENOME112856_01681,41074,0.06739541602038174,0.06313799387957075,0.0641412776358204,0.004207728148426511,0.3012138564329755,0.0500009094387077,0.000388908013614533,0.004257422140810985,-0.10283218660471868,0.014140368197112708,0.5019605971495188,0.2625388996926092,0.8769814400381157,False
GUT_GENOME112856_25,GUT_GENOME112856_01681,41092,0.06983418354372155,0.06512083107760837,0.06676887948664363,0.004099886653281518,0.2745465156448882,0.05224476554763561,0.00019812806440461608,0.00471335246611318,-0.06043303533420112,0.014524113939008022,0.5195981822650728,0.27363442277287264,0.8721296269286944,False
GUT_GENOME112856_25,GUT_GENOME112856_01681,41098,0.08903806013822717,0.07653844084122371,0.0795422552913268,0.004862394519798586,0.09915183382255294,0.058966743490635014,1.1603828303971577e-05,0.012499619297003453,0.663649323032104,0.02057551180069179,0.7977303755407074,1.0768041760212879,0.5836801771618382,False
GUT_GENOME112856_25,GUT_GENOME112856_01681,41146,0.08945828659641904,0.07663072875773005,0.08006754883320062,0.0050141721622011335,0.09903794831673524,0.05997993470904928,3.085593232122492e-05,0.012827557838688983,0.6941459034627692,0.02008761412415134,0.7753057962993545,1.0829376130695203,0.5818929362335219,False
GUT_GENOME112856_25,GUT_GENOME112856_01681,41266,0.089732662147163,0.07730742850443188,0.08074116376597144,0.005083327802100872,0.10435173973520795,0.06091050964670085,4.7875021370609795e-05,0.012425233642731112,0.6567318436875157,0.019830654119270597,0.7634954920729334,1.0142220809288944,0.6022328945498506,False
GUT_GENOME112856_25,GUT_GENOME112856_01681,41302,0.14066936933727564,0.11448635563302842,0.12184277219091139,0.007130424943128001,0.024446959173182275,0.06650664377702775,4.227582670743236e-15,0.02618301370424722,1.9361339049303228,0.055336128413883634,2.3953854561059154,9.486485981144483,0.008710352740763686,True
GUT_GENOME112856_25,GUT_GENOME112856_01681,41308,0.1467203575190897,0.11774888478358429,0.12662417590325664,0.0075123158244463995,0.016152578778127494,0.0821491315604592,1.6069292053414151e-09,0.02897147273550542,2.1954461061961505,0.04447504434279745,1.8961921782734557,8.415528382157273,0.01487959911585873,True
GUT_GENOME112856_25,GUT_GENOME112856_01681,41444,0.15199048205178042,0.12134300262940814,0.1309611946005984,0.007670358631108965,0.012151969409306568,0.0839344854718923,4.3673495114322464e-10,0.03064747942237228,2.3513060196593907,0.0470267091287061,2.0134708863720676,9.582705008354406,0.008301222348019045,True
GUT_GENOME112856_25,GUT_GENOME112856_01681,41449,0.15896777200130616,0.12780646750167465,0.13786133532853972,0.008125363512601205,0.01339415012962623,0.08701604817974895,1.954715704952045e-10,0.031161304499631504,2.3990890820447657,0.050845287148790774,2.1889790093208314,10.547257526833604,0.0051249794515631185,True
GUT_GENOME112856_25,GUT_GENOME112856_01681,41483,0.16738236967733378,0.13475839398112013,0.1449716241423506,0.008405232836314482,0.011798145971599786,0.08943838048967974,1.9611345177688068e-11,0.03262397569621364,2.5351099033880495,0.05553324365267086,2.4044451965072327,12.20813892526287,0.0022337589994823694,True
GUT_GENOME112856_25,GUT_GENOME112856_01681,41548,0.17135306661168406,0.14040068010784776,0.1504775215454799,0.00858640163615139,0.01647924814712042,0.08975498092074488,7.638973901000994e-13,0.030952386503836304,2.3796607939593377,0.060722540624735005,2.6429538157367767,12.647990366424773,0.0017927667479293733,True
GUT_GENOME112856_25,GUT_GENOME112856_01681,41651,0.17597157578940287,0.1420449093940004,0.15301992318297694,0.008731341965058386,0.010783930240498736,0.0902832997521492,3.3549230721501653e-13,0.033926666395402455,2.656253369721406,0.06273662343082774,2.735524372342263,14.538775555834857,0.0006965382993779667,True
GUT_GENOME112856_25,GUT_GENOME112856_01681,41754,0.1787358851251607,0.1437060712088466,0.15510669252957607,0.008831109112037995,0.00913834773684709,0.09053500887430022,1.3175140991404398e-13,0.0350298139163141,2.758840357287605,0.06457168365527585,2.819866756810208,15.562848643162122,0.00041741721465730214,True
GUT_GENOME112856_25,GUT_GENOME112856_01681,41773,0.18152537225088466,0.1458418722232586,0.1572733364653185,0.008743897055218624,0.008408548563751669,0.09070044189956859,1.332399898103339e-14,0.035683500027626075,2.81962976913158,0.0665728945657499,2.9118456999336737,16.429157415195235,0.00027067852182126865,True
GUT_GENOME112856_25,GUT_GENOME112856_01681,41791,0.18519348330841487,0.1487043929647915,0.1603876944421137,0.008825926687740442,0.008010863070327065,0.09095896530304484,1.8242022827717704e-15,0.03648909034362338,2.8945454827275,0.06942872913906886,3.0431045514692725,17.638878862751177,0.00014783120654544043,True
GUT_GENOME112856_25,GUT_GENOME112856_01681,41812,0.18903610497946505,0.1510214588407169,0.16366778745318816,0.009148213208963253,0.006561586199842652,0.09122625950557367,1.2004847775784627e-15,0.03801464613874814,3.036414244991202,0.07244152794761449,3.1815777372805685,19.342248365544833,6.307890324369461e-05,True
GUT_GENOME112856_25,GUT_GENOME112856_01681,41900,0.19433410465727208,0.15350338040720932,0.16703938278606018,0.009402215577700435,0.004908495250645093,0.09157683772428228,5.033528316369319e-16,0.04083072425006276,3.298294877195439,0.0754625450617779,3.3204286499276674,21.903995516194147,1.752297364789714e-05,True
GUT_GENOME112856_25,GUT_GENOME112856_01681,41961,0.1996594502743908,0.15378436317632505,0.16939894652853654,0.009585224007737814,0.002295877965862688,0.09192670935994059,3.173528961105182e-16,0.04587508709806576,3.767394411897585,0.07747223716859596,3.4127974027768664,25.840446767197673,2.4480387024891362e-06,True
GUT_GENOME112856_25,GUT_GENOME112856_01681,41969,0.202558934246392,0.15422359939636535,0.17080194690082767,0.009682108211538433,0.0015028103894241611,0.09209272967174345,2.158045947843895e-16,0.04833533485002664,3.9961846695519774,0.07870921722908422,3.469651039758868,28.00797025086204,8.282215669433339e-07,True
GUT_GENOME112856_25,GUT_GENOME112856_01681,42016,0.20823042387825885,0.15888307653950687,0.1757239827344751,0.009704292650017635,0.0014034834760483321,0.0924373480813161,4.643557918578554e-18,0.049347347338751985,4.090296572656205,0.083286634653159,3.68003666912844,30.27319593841304,2.668449739168926e-07,True
GUT_GENOME112856_25,GUT_GENOME112856_01681,42025,0.21648487590200244,0.165152034062451,0.1825205487124266,0.009915169628244222,0.001395254960706198,0.09326299200318569,1.106991827088622e-19,0.051332841839551446,4.2749372447377985,0.0892575567092409,3.9544700620889617,33.91292191840428,4.324168141893469e-08,True
GUT_GENOME112856_25,GUT_GENOME112856_01681,42063,0.23259575257956316,0.17437003649283936,0.194639220626181,0.010515630865577183,0.0006717606085870944,0.0961778672495362,3.863011002509446e-21,0.058225716086723805,4.915938734824707,0.0984613533766448,4.377491686526617,43.328887110159584,3.901680566714078e-10,True
GUT_GENOME112856_25,GUT_GENOME112856_01681,42120,0.2528466630359919,0.1869209536204068,0.21045564076936696,0.011437807432287275,0.0003090367469646483,0.0999071304724874,2.1192933494490447e-22,0.0659257094155851,5.631998105773494,0.11054851029687957,4.933037287978155,56.0542595480191,6.729335722941146e-13,True
GUT_GENOME112856_25,GUT_GENOME112856_01681,42126,0.26503408751006086,0.20260727199480436,0.2255385637887839,0.012033382512750502,0.0009081493225712644,0.10206071738199472,5.265353911810931e-25,0.0624268155152565,5.306619153054797,0.12347784640678917,5.52729082939816,58.71115074831701,1.782524886472208e-13,True
GUT_GENOME112856_25,GUT_GENOME112856_01681,42130,0.27444780904983335,0.20430559624043088,0.2306134949081747,0.012579690709220683,0.0003428574772040799,0.103388405488902,2.4059102516235398e-24,0.07014221280940247,6.024111012737117,0.12722508941927269,5.699520278133966,68.7744448946409,1.1636410757483465e-15,True
GUT_GENOME112856_25,GUT_GENOME112856_01681,42135,0.2819637902450703,0.2243244472773758,0.245474131984274,0.01283150652470835,0.0031806127413337784,0.10408848977405626,1.553736611981486e-28,0.05763934296769449,4.861409081509344,0.14138564221021777,6.350362562142227,63.96040292843911,1.2917396008238925e-14,True
GUT_GENOME112856_25,GUT_GENOME112856_01681,42145,0.2906502098804027,0.2268667936871666,0.25056000233687264,0.012948003250386458,0.0015949576342672751,0.10452413854116906,8.365651923218726e-30,0.06378341619323608,5.432775967303155,0.1460358637957036,6.564094390448918,72.60238987762969,1.716292685367128e-16,True
GUT_GENOME112856_25,GUT_GENOME112856_01681,42237,0.3039689781482187,0.23391171602177932,0.25963944726005084,0.01301789676122348,0.000687765612975007,0.10510189056363697,8.356534312959651e-33,0.0700572621264394,6.016211040619451,0.15453755669641386,6.954846171620434,84.56468055617478,4.335237905115709e-19,True
GUT_GENOME112856_25,GUT_GENOME112856_01681,42238,0.31736635230115834,0.23509491089983617,0.265466112471362,0.013144520283740049,7.688454100007492e-05,0.10589505762237485,3.2516290536959497e-34,0.08227144140132217,7.152066249148793,0.15957105484898715,7.18619402099726,102.79343613963005,4.7718738529519394e-23,True
GUT_GENOME112856_25,GUT_GENOME112856_01681,42241,0.3249527330548778,0.23553662832192696,0.2679354028280352,0.013370644486691556,3.581629481448914e-05,0.1063969995855013,6.6084268092444675e-34,0.08941610473295086,7.816482815811389,0.16153840324253388,7.27661658717806,114.04655256666962,1.7183268255284939e-25,True
GUT_GENOME112856_25,GUT_GENOME112856_01681,42243,0.33084910487756763,0.23987854787301105,0.2731389728080229,0.013998722239539085,4.08855042853962e-05,0.10700684811393475,8.713343544575717e-33,0.09097055700455658,7.961038800243718,0.16613212469408817,7.487751576451864,119.44456244964331,1.1559600294170311e-26,True
GUT_GENOME112856_25,GUT_GENOME112856_01681,42271,0.3324970466821037,0.2439112089533152,0.27888777674818,0.014698046695289494,6.90785338964782e-05,0.10766418248541232,1.1552442829600827e-31,0.08858583772878853,7.739272298434495,0.17122359426276768,7.7217638874088825,119.52197324220748,1.1120729506081033e-26,True
GUT_GENOME112856_25,GUT_GENOME112856_01681,42276,0.332902412839378,0.2447471050876468,0.279150165379371,0.014708095125324281,8.911925562076773e-05,0.1079036804210719,1.2453515133845698e-31,0.0881553077517312,7.699235247572288,0.17124648495829908,7.722815981404233,118.92011008009214,1.5025405535810385e-26,True
GUT_GENOME112856_25,GUT_GENOME112856_01681,42280,0.3339539532616619,0.2588594010771036,0.2883818644388055,0.01550668860258138,0.0007210091368479021,0.10824989453602084,1.7007582721032306e-31,0.0750945521845583,6.484652842612106,0.18013196990278463,8.131207475801821,108.16725750373269,3.2492151666384665e-24,True
GUT_GENOME112856_25,GUT_GENOME112856_01681,42285,0.3308890574665399,0.25906591788584227,0.28704518490882563,0.015520087217667079,0.0012010226797474514,0.10823925091271883,5.174027369410357e-31,0.07182313958069764,6.180428468487769,0.1788059339961068,8.07026068573505,103.32680358981483,3.654851064540003e-23,True
GUT_GENOME112856_25,GUT_GENOME112856_01681,42312,0.32756158737105856,0.2422032249207822,0.27528858878248486,0.01526975197093961,0.00013252990176108176,0.10819106875598121,3.5876067899268405e-28,0.08535836245027636,7.439133867272249,0.16709752002650363,7.532122732888777,112.07358555849686,4.608187190941654e-25,True
GUT_GENOME112856_25,GUT_GENOME112856_01681,42313,0.3204977392925402,0.23739832930743135,0.2689901242916137,0.01508455283096747,0.0002218760665528844,0.10754308671555231,4.937116385215561e-27,0.08309940998510887,7.229063025373187,0.16144703757606138,7.272417270956102,105.14740518771833,1.4707236300440295e-23,True
GUT_GENOME112856_3,GUT_GENOME112856_00241,24196,0.042459318406906914,0.046773428814089656,0.04652572622715484,0.002107041608076785,0.7121946356186073,0.04385155497328921,0.10219214371440516,-0.004314110407182742,-0.8999401764750323,0.002674171253865633,-0.02504466299847807,0.8105195563786196,0.6668035673336569,False
GUT_GENOME112856_3,GUT_GENOME112856_00242,24549,0.04327987756891687,0.04682720964042606,0.04662768077396182,0.0019845458614737997,0.6734188793335988,0.04300073341391171,0.03380513046056523,-0.0035473320715091877,-0.8286337753848432,0.003626947360050113,0.018746493056822886,0.6869853647104682,0.7092886714479665,False
GUT_GENOME112856_3,GUT_GENOME112856_00242,24573,0.044023590613307684,0.04685793275771956,0.046657255781855034,0.001996205966506242,0.6400750023384847,0.04240154266340365,0.016507500781515135,-0.002834342144411875,-0.7623294168113761,0.004255713118451382,0.04764560090561722,0.5834162430216302,0.7469865334582485,False
GUT_GENOME112856_3,GUT_GENOME112856_00242,25134,0.042606593502411125,0.047182638472459675,0.04693877789526514,0.0019462197328719516,0.7244344364728164,0.04218717514112532,0.007314159186282139,-0.00457604497004855,-0.9242987298275939,0.004751602754139821,0.07043750372694396,0.8592895838921866,0.6507402018360258,False
GUT_GENOME112856_3,GUT_GENOME112856_00243,25319,0.04362722082484384,0.04718624364777703,0.04697786071696948,0.0018806903746871949,0.6762680053915727,0.04201740669870019,0.004175109620864447,-0.003559022822933189,-0.8297209545229356,0.004960454018269292,0.08003665114518295,0.6948427279009871,0.7065075687093803,False
GUT_GENOME112856_3,GUT_GENOME112856_00243,25377,0.04365832221062093,0.04710416314609957,0.04691548233018301,0.0018913589523688464,0.6708626796113676,0.041676831412756125,0.0028046959786046785,-0.0034458409354786376,-0.8191956270749587,0.005238650917426882,0.0928230379427041,0.6796975917916476,0.7118779534935413,False
GUT_GENOME112856_3,GUT_GENOME112856_00243,25516,0.044295685948412586,0.04717888843578622,0.04698855940364038,0.001923029084258404,0.6431581370793236,0.04151357472125032,0.0022062324356216445,-0.002883202487373636,-0.7668731748318411,0.005474984682390056,0.10368532627619775,0.5988451131616692,0.7412461248213731,False
GUT_GENOME112856_3,GUT_GENOME112856_00243,25533,0.045061388514328934,0.04665543719184049,0.046529779015736815,0.0018477476184366876,0.5794503709078321,0.04138890988795888,0.002699292028220082,-0.0015940486775115545,-0.6469885688691254,0.005140869127777933,0.08832882615245312,0.4263961897767892,0.8079960614722979,False
GUT_GENOME112856_3,GUT_GENOME112856_00243,25559,0.04523707889996193,0.046707800818952844,0.0465946107771278,0.001860899846027897,0.5734440160376906,0.041319363405389976,0.0022928406408399757,-0.0014707219189909124,-0.6355198211240538,0.005275247371737825,0.09450507114168831,0.4128166515130449,0.8135008351122944,False
GUT_GENOME112856_3,GUT_GENOME112856_00244,26465,0.0452103907992509,0.0465833077623767,0.04648179898770564,0.0018463333992296334,0.5679136436399906,0.04131609388033448,0.0025724534540627966,-0.0013729169631258031,-0.626424468416417,0.00516570510737116,0.08947032860102803,0.40041255433076656,0.8185618850364341,False
GUT_GENOME112856_3,GUT_GENOME112856_00244,26468,0.04591644684589112,0.04675602825921789,0.04667148294261709,0.0019725301759868402,0.541561918131392,0.041233311406075994,0.0029171433985176807,-0.0008395814133267676,-0.5768270334599116,0.005438171536541095,0.10199333357791919,0.3431320666244987,0.842344643376647,False
GUT_GENOME112856_3,GUT_GENOME112856_00244,26574,0.04575690191324271,0.04670040797618716,0.04661723254771472,0.0020357425221403194,0.5472816077309779,0.041246397324103165,0.004166529603415158,-0.000943506062944445,-0.5864914858890298,0.005370835223611557,0.09889844594529942,0.35375316563071735,0.8378831873260593,False
GUT_GENOME112856_3,GUT_GENOME112856_00244,26756,0.04545388170495339,0.046875932282556376,0.04678044935807606,0.0020591959117033853,0.5709789986357485,0.041248880846336,0.0036126690989716076,-0.0014220505776029874,-0.6309936392679163,0.005531568511740054,0.10628601208809875,0.4094496891621608,0.8148715018765418,False
GUT_GENOME112856_3,GUT_GENOME112856_00244,26840,0.0456949765480951,0.04654320752568258,0.04650972207791552,0.002055187565698965,0.5424699743425863,0.04124219314185719,0.005187997428908263,-0.0008482309775874747,-0.5776313979936168,0.0052675289360583286,0.09415031914995628,0.3425223145440988,0.8426014932276966,False
GUT_GENOME112856_3,GUT_GENOME112856_00244,27203,0.04566205000905265,0.04686169086616951,0.046905643479803034,0.002154210411968594,0.5602476920337695,0.041259493734992395,0.004383826462819955,-0.0011996408571168585,-0.6103106908883046,0.00564614974481064,0.11155235391366854,0.38492306707624,0.8249260495797425,False
GUT_GENOME112856_3,GUT_GENOME112856_00245,27921,0.045416695158914805,0.046757181695959146,0.04682984038479368,0.0021616550296729617,0.5681442301190448,0.04127256724461289,0.00507258273484067,-0.0013404865370443414,-0.6234086072971026,0.005557273140180792,0.10746743906562829,0.4001875421114376,0.818653983430358,False
GUT_GENOME112856_3,GUT_GENOME112856_00245,28014,0.04408786490406272,0.046578004968274356,0.04667487067229642,0.002174129889292618,0.6298091964927236,0.04136784786133345,0.0073235908732014535,-0.002490140064211638,-0.7303204118030698,0.005307022810962972,0.09596552256233373,0.5425772854168672,0.7623964044795396,False
GUT_GENOME112856_3,GUT_GENOME112856_00245,28109,0.04465180467083111,0.04643104882475126,0.046463153404872684,0.0021375442785869624,0.5922463637555231,0.04139806070157441,0.008904032362575927,-0.0017792441539201537,-0.6642107859121775,0.005065092703298274,0.08484601711876501,0.4483748147429903,0.7991653508567422,False
GUT_GENOME112856_3,GUT_GENOME112856_00245,28399,0.044528761977285,0.046863181122517195,0.04684703394081235,0.0021933342112737367,0.6189475908639007,0.041561719503377906,0.007982452394714715,-0.0023344191452321916,-0.7158391754531573,0.005285314437434442,0.09496777002978803,0.5214446024578869,0.7704948553832996,False
GUT_GENOME112856_3,GUT_GENOME112856_00245,28422,0.04439318517206462,0.04670451490019579,0.04658983188050862,0.0021136010491480356,0.6188238832098397,0.04164476077575438,0.009651100028028905,-0.0023113297281311673,-0.713691979633784,0.004945071104754242,0.0793296271529248,0.5156494315378116,0.7727306677376534,False
GUT_GENOME112856_3,GUT_GENOME112856_00245,28640,0.04421107829416327,0.046392798854608334,0.04628322754508205,0.002090950423791776,0.6128672694077375,0.04165571943682194,0.013444952048389332,-0.0021817205604450635,-0.7016390004792901,0.004627508108260112,0.06473390981010255,0.4964877660728797,0.7801696499311543,False
GUT_GENOME112856_3,GUT_GENOME112856_00245,28674,0.043829801621814456,0.04673060850382179,0.04653753272803699,0.0020780618722366674,0.6490639118165953,0.041693684312399955,0.009878123855044928,-0.002900806882007334,-0.7685102920615523,0.0048438484156370365,0.07467726596681157,0.5961847630568103,0.7422327679829022,False
GUT_GENOME112856_3,GUT_GENOME112856_00245,28692,0.04405082784388465,0.04672156508944456,0.04655242243120278,0.0021890705661147987,0.6356647626853817,0.04181465449361188,0.015221323116547758,-0.002670737245559912,-0.7471150112979363,0.004737767937590898,0.06980163281607853,0.5630531080505062,0.7546308769218659,False
GUT_GENOME112856_3,GUT_GENOME112856_00246,29224,0.04113299317903821,0.04286074238489212,0.04289279978644578,0.0021076072786675283,0.5958592190099357,0.03983394857700224,0.07334283773115438,-0.001727749205853911,-0.6594220233062225,0.0030588512094435402,-0.007364139886370687,0.4348916353775382,0.8045711972658678,False
GUT_GENOME112856_3,GUT_GENOME112856_00246,29314,0.03721140109519664,0.03975189923344187,0.03955489678295681,0.002069605239265912,0.6514778277028154,0.03736805171688504,0.14533604117201399,-0.00254049813824523,-0.7350034510311075,0.002186845066071773,-0.04744297567759954,0.542480908968783,0.7624331438934842,False
GUT_GENOME112856_3,GUT_GENOME112856_00246,29742,0.0379438678877231,0.039761922188266755,0.03964217857863378,0.0018471947014253778,0.605933484643653,0.03695327767093246,0.07274230802591088,-0.001818054300543652,-0.6678199278933125,0.002688900907701318,-0.024367663894940356,0.4465772391351258,0.7998839538148297,False
GUT_GENOME112856_3,GUT_GENOME112856_00247,30798,0.03631706552073546,0.03980267654142748,0.039599816342006364,0.0018043675349148783,0.7011400709105682,0.036779388585356926,0.059013178249612684,-0.003485611020692024,-0.8228940383571786,0.002820427756649438,-0.018322473707694097,0.6774903114065548,0.7126640443161283,False
GUT_GENOME112856_3,GUT_GENOME112856_00247,31279,0.03667455708949022,0.03952978024581758,0.03940005311876233,0.001606653067135642,0.6685071413928814,0.03665856657896452,0.043972968041474096,-0.0028552231563273647,-0.7642712424232161,0.002741486539797812,-0.021950741801222005,0.5845923670607502,0.7465473881837826,False
GUT_GENOME112856_3,GUT_GENOME112856_00247,31757,0.0375419916060092,0.03948182902324097,0.039384745380846305,0.001593905852237265,0.614435690905065,0.03645353597007503,0.0329568295031779,-0.0019398374172317698,-0.6791451249686159,0.0029312094107712752,-0.013230766776522974,0.46141315395813165,0.7939724016398646,False
GUT_GENOME112856_3,GUT_GENOME112856_00247,31852,0.037006320332132046,0.03930733836386783,0.03919230840341796,0.001598400337374341,0.6360619116820163,0.03631611808190521,0.03597629300788095,-0.0023010180317357826,-0.7127330454478779,0.0028761903215127477,-0.01575953456163177,0.508236757003006,0.7755999822481738,False
GUT_GENOME112856_3,GUT_GENOME112856_00247,31905,0.03598188538633697,0.0391748328576061,0.03902590858674098,0.0015837569518854767,0.6871437528432585,0.036187379614235536,0.036544413323905886,-0.0031929474712691294,-0.7956778489205067,0.002838528972505444,-0.017490512071381217,0.6334091572752839,0.7285459513748477,False
GUT_GENOME112856_3,GUT_GENOME112856_00247,31996,0.03644474573633807,0.038807381780568403,0.03868078640358684,0.0015755125274693593,0.6398306693215116,0.03601984719654086,0.045615885348583185,-0.002362636044230336,-0.7184632004469198,0.0026609392070459786,-0.02565282962172705,0.5168474380640322,0.7722679381482759,False
GUT_GENOME112856_3,GUT_GENOME112856_00247,32133,0.036791012765314934,0.03908086827452631,0.03895881710711575,0.001599898890019152,0.6334689108949058,0.03595467909053588,0.03021077167793315,-0.002289855509211375,-0.7116949888528066,0.003004138016579866,-0.009878848170326148,0.5066073487993689,0.7762321242044392,False
GUT_GENOME112856_3,GUT_GENOME112856_00247,32155,0.037027661502063255,0.0391867889068563,0.03906312243640872,0.0016658000236249293,0.625641939694167,0.03587796451439857,0.02793238896243355,-0.002159127404793043,-0.6995379543961336,0.0031851579220101497,-0.001558875748307297,0.4893557797343258,0.7829566959137437,False
GUT_GENOME112856_3,GUT_GENOME112856_00247,32175,0.03654812182032433,0.03909501277964929,0.03894551661706015,0.0016147868293251673,0.6512771961039581,0.03585286535636669,0.02773304631934149,-0.002546890959324956,-0.7355979501748638,0.0030926512606934617,-0.00581063396892077,0.5411381077685823,0.7629452138466317,False
GUT_GENOME112856_3,GUT_GENOME112856_00247,32268,0.036290186894173904,0.03929817866669507,0.03914571270977652,0.0015689176791561744,0.6764465758967767,0.03578580607393735,0.01611508698985476,-0.0030079917725211666,-0.7784779299540256,0.003359906635839169,0.006472862398858209,0.6060697853731394,0.7385733251133291,False
GUT_GENOME112856_3,GUT_GENOME112856_00247,32497,0.0362800576870017,0.039452688040196394,0.03929192580093733,0.001588178442884208,0.6849117791811078,0.035712115715917196,0.012096977391404579,-0.0031726303531946914,-0.793788462505931,0.0035798100850201325,0.01657998641012929,0.63037501915689,0.7296520446937176,False
GUT_GENOME112856_3,GUT_GENOME112856_00247,32499,0.03592213168673009,0.03928597946164537,0.039112841685537005,0.0015810066064565645,0.6978703757071908,0.03562268493079888,0.013637704905886668,-0.003363847774915281,-0.8115706891733849,0.0034901567547381274,0.012459371974300274,0.658802219475357,0.7193544188089968,False
GUT_GENOME112856_3,GUT_GENOME112856_00248,32946,0.0360890809137617,0.03930179508637495,0.03914639711033769,0.0015544053938055156,0.6892754352923456,0.03553108122791665,0.010013241095378949,-0.0032127141726132485,-0.7975160494390903,0.00361531588242104,0.018211891224658695,0.6363635220949122,0.7274705505878483,False
GUT_GENOME112856_3,GUT_GENOME112856_00249,33290,0.03593503226371437,0.03896837366544149,0.0388132049091839,0.0015558962179855987,0.6809363211926951,0.03538537521070287,0.013793063918511988,-0.0030333414017271187,-0.7808353137552507,0.0034278296984810303,0.00959471801278123,0.6097958458210057,0.7371986216407308,False
GUT_GENOME112856_3,GUT_GENOME112856_00252,36433,0.03548923058385432,0.03873880743782765,0.03858084950101358,0.0015615003768098452,0.6949647086021007,0.03535567340029561,0.019440973185024503,-0.0032495768539733266,-0.8009440872696226,0.003225176100717965,0.0002804255287374729,0.6415115095706461,0.7256004537873975,False
GUT_GENOME112856_3,GUT_GENOME112856_00252,36736,0.035412318098842356,0.03863021736950033,0.03847165835904659,0.00154678887173807,0.6928159995747938,0.035325882826763744,0.020988610645044745,-0.0032178992706579715,-0.797998236615837,0.0031457755322828462,-0.0033689551186699973,0.636812535500577,0.7273072469051997,False
GUT_GENOME112856_3,GUT_GENOME112856_00253,37263,0.035347630361515135,0.03846739096594269,0.03831022118196853,0.0015345685655332082,0.6865066863723593,0.0352292607312383,0.022337342902478,-0.003119760604427556,-0.7888718505781628,0.0030809604507302316,-0.0063479628126959006,0.6223590932664865,0.7325823313693289,False
GUT_GENOME112856_3,GUT_GENOME112856_00254,38146,0.03558731928649653,0.03909878891495507,0.0389183312078834,0.0015660844579624418,0.7041633844166532,0.03519513991684582,0.00871785503550603,-0.0035114696284585453,-0.825298754519919,0.0037231912910375767,0.02317002233499265,0.6816548841471335,0.7111816176441204,False
GUT_GENOME112856_3,GUT_GENOME112856_00254,38914,0.035927240411235614,0.03847126570839337,0.03834087676277465,0.0016016343292103964,0.6489285790563137,0.0351904817901593,0.02459231630994407,-0.002544025297157755,-0.7353314584830974,0.00315039497261535,-0.0031566380473499246,0.5407223181986412,0.7631038426662895,False
GUT_GENOME112856_3,GUT_GENOME112856_00254,38997,0.03672093650480467,0.03916717017081107,0.03904851735004441,0.0015869586370345925,0.6407054735394435,0.03515409618255294,0.0070635436804128895,-0.002446233666006395,-0.7262373449046049,0.0038944211674914672,0.031040028931978367,0.5283841645301881,0.7678260397261906,False
GUT_GENOME112856_3,GUT_GENOME112856_00254,39820,0.03641323086912551,0.03905144853563423,0.03893707915232117,0.0016259853418038096,0.6520447700446974,0.03515930644225581,0.010079524195874745,-0.0026382176665087145,-0.7440908594156692,0.0037777727100653594,0.025678674076834933,0.5543306013682935,0.7579292005396052,False
GUT_GENOME112856_3,GUT_GENOME112856_00254,40444,0.03673869591305443,0.038850431693578276,0.03875763841925337,0.0016349525750761259,0.622095769135833,0.03509305340211648,0.01250004243618759,-0.0021117357805238435,-0.6951307795827156,0.003664585017136894,0.020476381646959294,0.4836260829286259,0.7852029642263,False
GUT_GENOME112856_3,GUT_GENOME112856_00254,40449,0.037175326695325195,0.038991293128674595,0.03891920140274809,0.0015896558526646842,0.6050494379971482,0.03506279060409944,0.007634382909920473,-0.0018159664333494002,-0.6676257670926613,0.0038564107986486518,0.029293009896854714,0.44658224531488167,0.7998819516359071,False
GUT_GENOME112856_3,GUT_GENOME112856_00254,40450,0.03710218303782054,0.039020486707422274,0.03893246872965825,0.0015937312647072105,0.6103367451733935,0.03503786472623187,0.007268717903051428,-0.0019183036696017314,-0.6771425983268928,0.00389460400342638,0.031048432372100677,0.45948610362166065,0.7947377827044748,False
GUT_GENOME112856_3,GUT_GENOME112856_00254,40909,0.03721595550170664,0.0387420920743449,0.03866740383617121,0.0015547997740081735,0.588763550520026,0.03502911814092729,0.009640969622007955,-0.0015261365726382536,-0.6406730959825306,0.003638285695243923,0.019267621580782008,0.41083325715722113,0.8143079817510762,False
GUT_GENOME112856_3,GUT_GENOME112856_00254,40957,0.03722166887605044,0.03867898080440175,0.038620533880928384,0.0015523574686225016,0.5836194971152159,0.034992263316502376,0.009712708206446657,-0.0014573119283513083,-0.6342727616719589,0.003628270564426009,0.01880730970508032,0.4026556510973164,0.8176443429077855,False
GUT_GENOME112856_3,GUT_GENOME112856_00254,41146,0.036741843954617784,0.03810083923122157,0.038058377477637406,0.001522898062402442,0.5794524523441352,0.03497814953241494,0.02155671684288896,-0.0013589952766037833,-0.625129823905994,0.0030802279452224676,-0.006381629969957343,0.3908280219378126,0.8224940659912772,False
GUT_GENOME112856_3,GUT_GENOME112856_00254,41153,0.036795466679810526,0.03794185704605512,0.03790407488198992,0.0015091354341705543,0.567881637493108,0.0348972217848019,0.023161717362747036,-0.0011463903662445943,-0.6053586719230691,0.0030068530971880184,-0.00975405860240713,0.36655426333168123,0.8325374012869919,False
GUT_GENOME112856_3,GUT_GENOME112856_00254,41154,0.03663552442215115,0.037847593491252614,0.03782033395305532,0.0015057500548631049,0.5722036898468853,0.03489370027463437,0.025969533833562174,-0.0012120690691014638,-0.6114664500267388,0.0029266336784209493,-0.013441074957133052,0.3740718820043056,0.8294139258820017,False
GUT_GENOME112856_3,GUT_GENOME112856_00254,41161,0.03638262278580499,0.03763523282911698,0.03759280585352331,0.0015179768385766652,0.5748738423274001,0.03487868709615116,0.036889270304073754,-0.001252610043311994,-0.6152365499802068,0.0027141187573721456,-0.02320861006986415,0.37905465201292254,0.8273501084141496,False
GUT_GENOME112856_3,GUT_GENOME112856_00254,41175,0.03619892223104179,0.03704716822280767,0.03701887271957636,0.0014705959509356966,0.5514109341003159,0.03481289584836577,0.06679989650404962,-0.0008482459917658822,-0.5776327942341961,0.002205976871210588,-0.04656364646372098,0.33582781814680357,0.8454266151124123,False
GUT_GENOME112856_3,GUT_GENOME112856_00254,41176,0.035718916702282937,0.03679698012026127,0.03678575689961403,0.001487802291800659,0.5652497563374657,0.03477885626875201,0.08868409938890559,-0.0010780634179783366,-0.5990046207564271,0.0020069006308620213,-0.055713517720377706,0.36191053174432997,0.8344726872687198,False
GUT_GENOME112856_3,GUT_GENOME112856_00254,41194,0.03632143013607513,0.037041158993294715,0.03706669748064415,0.0015621093479417816,0.5429772043310962,0.03470492980945694,0.06527846725529672,-0.0007197288572195829,-0.5656813684875749,0.0023617676711872107,-0.039403245201060116,0.3215480263863503,0.8514844736233722,False
GUT_GENOME112856_3,GUT_GENOME112856_00254,41396,0.036417005059831975,0.03700820668817633,0.03705930567803346,0.0015589770011626332,0.535425579957802,0.03469670461886086,0.06482523522787625,-0.0005912016283443552,-0.5537290040208129,0.002362601059172603,-0.03936494131929183,0.3081654084989528,0.857201123904149,False
GUT_GENOME112856_3,GUT_GENOME112856_00256,42606,0.036558383490978424,0.03718731134148789,0.037211081673151056,0.0015176898868907575,0.5378021105671488,0.03470063928357575,0.04905148669677663,-0.0006289278505094628,-0.5572373466593145,0.002510442389575304,-0.0325699107459344,0.31157425959791113,0.8557413328135395,False
GUT_GENOME112856_3,GUT_GENOME112856_00257,42870,0.036910244068356086,0.037424005945269144,0.037463381189366936,0.0015079939050487183,0.530676051399696,0.03469989013277709,0.03343392947675306,-0.0005137618769130575,-0.5465275095093202,0.002763491056589844,-0.020939378037472475,0.2991307762030562,0.8610821316529893,False
GUT_GENOME112856_3,GUT_GENOME112856_00257,43131,0.03677187161186182,0.037381526082494974,0.037396454781976035,0.0014803446541236537,0.5362253685780269,0.034715062997138973,0.03504493914270608,-0.0006096544706331516,-0.5554450224739726,0.0026813917848370616,-0.02471279552560638,0.3091298952538024,0.8567878439977834,False
GUT_GENOME112856_3,GUT_GENOME112856_00258,43719,0.03641069905085392,0.03725566175659915,0.037263414327152265,0.0014683180364766478,0.5505032712109756,0.034693691013710067,0.0400493597495634,-0.0008449627057452239,-0.5773274656940031,0.0025697233134421987,-0.029845262036434807,0.3341977423106837,0.8461159507398436,False
GUT_GENOME112856_3,GUT_GENOME112856_00258,44064,0.03618391203378809,0.037421671508069146,0.03738985945825523,0.0014554674719119939,0.5744123346774515,0.03470189589401554,0.03238775529533422,-0.0012377594742810569,-0.6138555242228642,0.0026879635642396912,-0.024410745741282925,0.37741448912657294,0.8280288811714984,False
GUT_GENOME112856_3,GUT_GENOME112856_00269,56463,0.03634407609230106,0.03752375379065501,0.03748357919288346,0.0014511303148789145,0.5703223098443831,0.03468638750329406,0.026952754196779945,-0.001179677698353948,-0.6084542208505527,0.002797191689589404,-0.019390441546237237,0.37059252809421117,0.8308580940038259,False
GUT_GENOME112856_3,GUT_GENOME112856_00269,56506,0.03620867687985841,0.03759837504309673,0.037544578990597,0.0014691625818677094,0.5831607793582115,0.03467633396249288,0.02545134236563355,-0.0013896981632383204,-0.6279850328329204,0.0028682450281041216,-0.01612471330751326,0.3946252078414136,0.8209339660207277,False
GUT_GENOME112856_3,GUT_GENOME112856_00269,56548,0.03652100391803254,0.03577793314111667,0.03580450127072268,0.0013068306204016497,0.4555170243420063,0.034654998543219434,0.18953501014576946,0.0007430707769158704,-0.4296486031191858,0.0011495027275032488,-0.09512093478694504,0.19364591439700987,0.907716696615239,False
GUT_GENOME112856_3,GUT_GENOME112856_00269,56986,0.03651552088955435,0.03567026547598038,0.03570136372222696,0.0013086830300745502,0.44884598108098595,0.034648798620961416,0.2106137791921437,0.0008452554135739698,-0.4201459628543208,0.001052565101265543,-0.09957634743914255,0.18643807907210516,0.9109939347517516,False
GUT_GENOME112856_3,GUT_GENOME112856_00271,57857,0.03669446138469949,0.035188420282050555,0.03523200579124028,0.0012747601225730567,0.40970469394266734,0.03462640327820183,0.31736791921974006,0.0015060411026489376,-0.3586963271673045,0.0006056025130384488,-0.12011948273072395,0.14309174525481064,0.9309535713290358,False
GUT_GENOME112856_3,GUT_GENOME112856_00272,59555,0.03624955148270903,0.03466190535272748,0.0347124336531637,0.0012477954117755554,0.4040489513887865,0.034592904134366845,0.4618426626035263,0.0015876461299815514,-0.35110748363947614,0.00011952951879685286,-0.14246019657412895,0.14357137267558445,0.9307303426666141,False
GUT_GENOME112856_3,GUT_GENOME112856_00272,60124,0.03605099558561975,0.03446283383532234,0.034507487375378385,0.0012144332095308978,0.40310317893219816,0.03454223997258179,0.5114146980454173,0.0015881617502974121,-0.35105953362922876,-3.475259720340379e-05,-0.14955125624119528,0.14560837439529126,0.9297828755922356,False
GUT_GENOME112856_3,GUT_GENOME112856_00274,60507,0.035131732414380785,0.034793741427066364,0.03479290887809655,0.0011405733151403199,0.4788480790265214,0.034340748406898575,0.34589295175930246,0.000337990987314421,-0.46731891878541726,0.00045216047119797653,-0.12717193120845594,0.23455967194205965,0.8893362900547145,False
GUT_GENOME112856_3,GUT_GENOME112856_00274,60850,0.03521165778873053,0.036443731026702904,0.03639915351629448,0.0010917535415791793,0.5763657588162847,0.034253390486226,0.02468235803204584,-0.0012320732379723712,-0.6133267337914488,0.0021457630300684843,-0.04933117358475944,0.3786032470705363,0.8275368644530174,False
GUT_GENOME112856_3,GUT_GENOME112856_00276,61536,0.03494458545414968,0.036455852682874074,0.03641599393849346,0.0010945674694739197,0.5935140158189866,0.034213382906898224,0.02209353981459013,-0.0015112672287243903,-0.6392903242586288,0.0022026110315952335,-0.046718345985357145,0.4108747225423102,0.8142910991290657,False
GUT_GENOME112856_3,GUT_GENOME112856_00276,61605,0.03491848569984856,0.036544615080294406,0.03650548716387105,0.0011047971332280777,0.6008271781408526,0.03418973402277288,0.0180371473919682,-0.0016261293804458454,-0.6499719075528902,0.0023157531410981716,-0.04151814864465077,0.4241872372748222,0.8088889669387543,False
GUT_GENOME112856_3,GUT_GENOME112856_00276,61607,0.03544961787414004,0.036790002373478244,0.036758037526047234,0.001111046974511832,0.5828434972118114,0.03418012181764371,0.010163460463639048,-0.0013403844993382028,-0.6233991183206126,0.0025779157084035234,-0.02946872609699494,0.3894948665406968,0.8230425049611493,False
GUT_GENOME112856_3,GUT_GENOME112856_00279,63640,0.03525949643915202,0.036836324448706576,0.036800195808550956,0.001110932220045533,0.5981487013079783,0.03420296010596849,0.009696515535709847,-0.001576828009554554,-0.6453871362265297,0.0025972357025824677,-0.028580747405478675,0.41734141472893693,0.8116624661151126,False
GUT_GENOME112856_3,GUT_GENOME112856_00281,64885,0.03581341455513045,0.03693880461408263,0.036914608102872386,0.0011143356064341058,0.5693002841285095,0.03424584916677824,0.008311704965201016,-0.0011253900589521804,-0.6034057524610258,0.002668758936094147,-0.025293422020260393,0.3647382593005517,0.8332936902293742,False
GUT_GENOME112856_3,GUT_GENOME112856_00281,64888,0.03612322869347888,0.037176438533642456,0.037157777174368016,0.0010962475301257936,0.5651403959906717,0.034274606018890104,0.004268783476896724,-0.001053209840163577,-0.596693367157134,0.002883171155477912,-0.01543868395719242,0.3562813273716483,0.8368247043622548,False
GUT_GENOME112856_3,GUT_GENOME112856_00281,65028,0.03634419265590969,0.03761940147521628,0.03760133897971206,0.001088604466033513,0.5781765531754126,0.03434047216948262,0.0013701740422328173,-0.0012752088193065877,-0.6173381187260195,0.0032608668102294402,0.0019208292078352006,0.3811100424170266,0.8265002814336663,False
GUT_GENOME112856_3,GUT_GENOME112856_00281,65693,0.036809765230088956,0.03784880295753277,0.037832898996796004,0.0010918791810005076,0.5630194896738764,0.034439541698440025,0.0009423835487719649,-0.0010390377274438131,-0.5953754343115181,0.0033933572983559784,0.008010309835793815,0.3545360728452942,0.8375552591184215,False
GUT_GENOME112856_3,GUT_GENOME112856_00281,65899,0.037546905619321516,0.037793715412623226,0.037799145755054886,0.0010748052790232631,0.5148244422485645,0.03451539464704452,0.001124531427737761,-0.00024680979330170966,-0.5217023527981157,0.003283751108010366,0.0029726291520567856,0.2721821814391653,0.8727631282463478,False
GUT_GENOME112856_3,GUT_GENOME112856_00281,65931,0.03812281567189623,0.03828115496043076,0.03828523069983297,0.001117346887748214,0.5093858495244954,0.034619007992155275,0.0005168581792864506,-0.00015833928853453,-0.513475055541421,0.003666222707677698,0.020551652596322027,0.2640790030877053,0.8763063789408262,False
GUT_GENOME112856_3,GUT_GENOME112856_00282,66425,0.03793152026761327,0.03844603442154099,0.03844924373369674,0.0011349610947692962,0.5303892953376049,0.03465276665431554,0.0004113707470413512,-0.0005145141539277184,-0.546597467362904,0.0037964770793812025,0.026538357637651975,0.2994730757536449,0.8609347702504421,False
GUT_GENOME112856_3,GUT_GENOME112856_00283,67093,0.03716141467430497,0.03765362100191179,0.03764804036139698,0.001103449243989076,0.530070531989032,0.03468153350623018,0.0035898261788483545,-0.0004922063276068186,-0.5445229554249904,0.002966506855166799,-0.011608438208620779,0.2966400048224095,0.8621551790581947,False
GUT_GENOME112856_3,GUT_GENOME112856_00283,67649,0.037488235702871825,0.03754610925247147,0.03755185756576445,0.0011083153423520938,0.5035064622045115,0.03469156557633879,0.004929204940954334,-5.7873549599643526e-05,-0.5041322638335406,0.0028602919894256604,-0.01649024803872839,0.25442126771830936,0.880548179801028,False
GUT_GENOME112856_3,GUT_GENOME112856_00283,67681,0.03662847819295497,0.03723782923441485,0.03722373158497613,0.001123688709392663,0.5377106875482999,0.034703833186102075,0.012463777357273859,-0.0006093510414598782,-0.5554168051374553,0.0025198983988740584,-0.03213529701436173,0.30952050474329923,0.8566205256061775,False
GUT_GENOME112856_3,GUT_GENOME112856_00284,68515,0.03673656287108824,0.03717475074695154,0.03717202165622505,0.001115317245531005,0.5272356779628542,0.03469057158947257,0.013044556175095494,-0.0004381878758633051,-0.5394995200890005,0.0024814500667524816,-0.03390244556172045,0.29220910799132727,0.864067356767013,False
GUT_GENOME112856_3,GUT_GENOME112856_00284,68518,0.036759835013533436,0.03652887048976941,0.0365581573464691,0.001120571170525775,0.4853476440822998,0.03468331262706879,0.04715230451630492,0.00023096452376402538,-0.47727182379346655,0.0018748447194003107,-0.061783024490444705,0.23160553590232866,0.890650870871297,False
GUT_GENOME112856_3,GUT_GENOME112856_00284,68537,0.0369019022099639,0.03694316185763311,0.03694634897839292,0.0011884929226557497,0.5026262746458795,0.03466601272362106,0.02751249378391823,-4.125964766921175e-05,-0.5025872572787012,0.0022803362547718573,-0.04314596696003597,0.25445552564384394,0.8805330970532175,False
GUT_GENOME112856_3,GUT_GENOME112856_00284,68992,0.03684688731294639,0.03675843040086056,0.0367612975027571,0.0011779374918218356,0.4943268140470692,0.03459967374889008,0.03324602412820133,8.845691208583112e-05,-0.4905242912197978,0.002161623753867019,-0.04860218864642686,0.24297625301790785,0.8856015684687353,False
GUT_GENOME112856_3,GUT_GENOME112856_00284,69145,0.03686052426952374,0.03665626975605408,0.036661409530965486,0.0011375124721324792,0.4869076247061643,0.034573774686410014,0.03323334621151638,0.00020425451346966356,-0.4797557159674673,0.002087634844555472,-0.05200284054459285,0.2328698424281635,0.8900880209396096,False
GUT_GENOME112856_3,GUT_GENOME112856_00285,69873,0.03744272486609002,0.0354418163733721,0.0355813079924992,0.0011714704430546747,0.3754548273089967,0.03452969937287875,0.18467739731365113,0.0020009084927179246,-0.31267623118778354,0.0010516086196204477,-0.09962030890785752,0.10769063149669321,0.9475786706634765,False
GUT_GENOME112856_3,GUT_GENOME112856_00285,69924,0.03822677956891427,0.03530496726762661,0.03552143505623902,0.0011478582289802107,0.3226501738036801,0.034501404322894086,0.1870987623737828,0.0029218123012876643,-0.22703696194359724,0.0010200307333449316,-0.10107168047019173,0.061761266681646956,0.9695913030433496,False
GUT_GENOME112856_3,GUT_GENOME112856_00287,71670,0.038043154895922596,0.03570358948194435,0.03589945431975513,0.0011841292598092131,0.3567223177551156,0.03447161333005402,0.11394438816623192,0.0023395654139782424,-0.28118289714862565,0.0014278409897011124,-0.08232805071171416,0.08584172958288518,0.9579871975841454,False
GUT_GENOME112856_3,GUT_GENOME112856_00287,71673,0.03791111046656586,0.03541949231218011,0.035578061639646656,0.0011656086624188052,0.3453470841521471,0.03450692731902061,0.17906125757596414,0.0024916181543857482,-0.2670427823463003,0.001071134320626048,-0.09872287559243827,0.08105805376849355,0.9602812901330088,False
GUT_GENOME112856_3,GUT_GENOME112856_00287,71683,0.03747234548128959,0.03508183642022072,0.03522531585823877,0.0011177354236263917,0.3523411999541125,0.03450133254261066,0.2585819545426389,0.002390509061068871,-0.27644540266888074,0.0007239833156281114,-0.11467850644415874,0.08957322049702257,0.956201503665482,False
GUT_GENOME112856_3,GUT_GENOME112856_00287,71689,0.03685478644916482,0.034808176654230055,0.03493502979177402,0.0010860258393477794,0.37102301210311817,0.03450878235962785,0.34735042894062984,0.0020466097949347617,-0.3084262475424382,0.00042624743214617067,-0.1283629370802646,0.11160379378898133,0.9457264686845882,False
GUT_GENOME112856_3,GUT_GENOME112856_00287,71985,0.03619401824438906,0.03481101727886735,0.03487951025252222,0.00108298141402282,0.4104902561113163,0.03443547412696802,0.34089831838676504,0.0013830009655217065,-0.3701384206120538,0.0004440361255542008,-0.1275453394893988,0.15327026403865168,0.9262277428064339,False
GUT_GENOME112856_3,GUT_GENOME112856_00287,72580,0.035846909752234736,0.03460995144272619,0.03466874166001644,0.0010634165717221813,0.4194532209936622,0.03443913177555409,0.41452616100679274,0.001236958309508547,-0.38371962879368976,0.00022960988446234926,-0.1374007220132199,0.1661197119313212,0.920296060362116,False
GUT_GENOME112856_3,GUT_GENOME112856_00287,72775,0.035504119432452616,0.034443122483446255,0.03449060322429352,0.0010477019103970805,0.4297239329669569,0.03447447325848988,0.49385829969295575,0.0010609969490063612,-0.4000831210372761,1.6129965803642066e-05,-0.14721261000240748,0.18173805628264864,0.913137298356991,False
GUT_GENOME112856_3,GUT_GENOME112856_00288,73022,0.0350755913320878,0.034140450774143107,0.034188567071627485,0.001025651664605248,0.4370231007158244,0.03455394052278996,0.6391678657646931,0.0009351405579446914,-0.4117871114648667,-0.0003653734511624776,-0.1647471341781839,0.19671024338850307,0.9063269902217511,False
GUT_GENOME112856_3,GUT_GENOME112856_00288,73443,0.03511629001151035,0.034488559927761196,0.03450784358520034,0.0010465719747012419,0.4574303199683418,0.03468389770253566,0.566794813511571,0.0006277300837491534,-0.4403746882813882,-0.00017605411733531695,-0.15604570638408097,0.21828012855983664,0.8966048263936468,False
GUT_GENOME112856_3,GUT_GENOME112856_00288,73811,0.035201774372119236,0.034787326387114244,0.03478451109498524,0.0010378279252175628,0.47241722058622604,0.03482881703502373,0.5170260837902851,0.0004144479850049926,-0.46020881526549123,-4.430594003849292e-05,-0.14999034358209903,0.23428925681594315,0.8894565431766147,False
GUT_GENOME112856_3,GUT_GENOME112856_00289,74214,0.035444886159104155,0.036302724902979276,0.036293243982794536,0.0011302878027473998,0.5571585072601977,0.034999218827227896,0.12613287022611547,-0.0008578387438751209,-0.5785248703370757,0.0012940251555666402,-0.0884784464208592,0.34251946107957904,0.8426026953952869,False
GUT_GENOME112856_3,GUT_GENOME112856_00290,74766,0.036381951764618545,0.03676079723157235,0.03676682951023301,0.0011538049041540169,0.5244089215659322,0.03540079197646129,0.11821810616784328,-0.00037884546695380467,-0.5339809843994889,0.0013660375337717218,-0.08516863914145469,0.29238938879345455,0.8639894728992223,False
GUT_GENOME112856_3,GUT_GENOME112856_00290,75324,0.03818091319239057,0.03907127782874153,0.03878959020104172,0.0011997126889889702,0.5537269001447328,0.03665799002165264,0.037803959634786055,-0.0008903646363509557,-0.5815496093350299,0.0021316001793890774,-0.04998212148349878,0.3406981605857171,0.8433703612324042,False
GUT_GENOME112856_3,GUT_GENOME112856_00291,75809,0.038099472059863214,0.03932819863149007,0.03923569313053038,0.001133903271714728,0.5746675938750748,0.03698527751644883,0.0235910014981978,-0.0012287265716268564,-0.6130155112103639,0.002250415614081548,-0.044521168791021234,0.3777701514550224,0.8278816449235327,False
GUT_GENOME112856_3,GUT_GENOME112856_00291,75884,0.03801483264185075,0.039264668135486576,0.039185145746021895,0.0011257407269469005,0.5764118788008306,0.03713296453669902,0.03415466456421083,-0.0012498354936358244,-0.6149785312766921,0.0020521812093228717,-0.05363234790012041,0.3810750226725169,0.8265147534747141,False
GUT_GENOME112856_3,GUT_GENOME112856_00292,77851,0.03780920110468991,0.03966668605189761,0.03958339152628451,0.0011214924604788378,0.6137007007903742,0.03757588316287181,0.036724313990555084,-0.0018574849472077007,-0.6714867731541431,0.002007508363412701,-0.05568558533333111,0.4539953709348793,0.7969226267913728,False
GUT_GENOME112856_3,GUT_GENOME112856_00293,78019,0.03816224292380295,0.04006865221484772,0.039977891272610436,0.0011527358195818596,0.6165595301206633,0.03776534349162828,0.027467597811681316,-0.0019064092910447694,-0.6760364829234676,0.002212547780982156,-0.04626163664907065,0.45916546526898255,0.7948652046250193,False
GUT_GENOME112856_3,GUT_GENOME112856_00294,78842,0.03818048966627326,0.040248039246841005,0.040096238872299995,0.0011675607279769957,0.6276478409604057,0.03794471874713267,0.032682910571254574,-0.0020675495805677485,-0.6910216925752523,0.002151520125167325,-0.04906656803025184,0.4799185077078338,0.7866599137733011,False
GUT_GENOME112856_3,GUT_GENOME112856_00294,78956,0.03802877652095607,0.04000497273223257,0.03982651940613944,0.0012731602058073666,0.6216653467504547,0.03810167365454642,0.08774461027430841,-0.0019761962112765027,-0.682526303896985,0.0017248457515930196,-0.06867722362573589,0.47055871655621884,0.790350027963076,False
GUT_GENOME112856_3,GUT_GENOME112856_00294,79308,0.03753216529586616,0.03962241099855705,0.03949339226265724,0.0012440168462017924,0.6335545286472112,0.03822017048061364,0.15304134558610277,-0.002090245702690896,-0.6931323140052167,0.0012732217820436015,-0.08943460366547393,0.4884309530510267,0.7833188292570601,False
GUT_GENOME112856_3,GUT_GENOME112856_00294,80154,0.03760952009884498,0.03993723594624503,0.039823377659127225,0.001232558523525146,0.647396840162064,0.03836338531472754,0.11810330147095116,-0.002327715847400047,-0.715215803584642,0.0014599923443996826,-0.08085032159796389,0.5180704201997194,0.7717958475564167,False
GUT_GENOME112856_3,GUT_GENOME112856_00294,81433,0.037205713358647474,0.03980537925529208,0.039694197289022765,0.0012195325125716762,0.6656079619000452,0.038401067767428465,0.1444930315948469,-0.002599665896644607,-0.7405057451306497,0.0012931295215942995,-0.08851961123051029,0.5561844801438994,0.7572269716225608,False
GUT_GENOME112856_3,GUT_GENOME112856_00294,81447,0.03723754360119457,0.039968156984185516,0.03975926405400047,0.0012816653768782718,0.6721653977396929,0.03853022687991434,0.16879508021436512,-0.0027306133829909443,-0.7526831809667338,0.0012290371740861367,-0.09146540087979134,0.5748978904683019,0.7501748657954187,False
GUT_GENOME112856_3,GUT_GENOME112856_00294,81467,0.03799607826120694,0.041321369001629825,0.04120151749792801,0.0012388332560192752,0.7066246057387024,0.03916712825785038,0.05027618222369514,-0.0033252907404228843,-0.8079850853052892,0.002034389240077629,-0.05445009605384949,0.655804711036069,0.7204333626134303,False
GUT_GENOME112856_3,GUT_GENOME112856_00294,81582,0.039157865796573474,0.042188471448451996,0.04209446866725369,0.0012441024206007658,0.6843850015497586,0.03975468094073968,0.030006134403728103,-0.003030605651878522,-0.7805809032340991,0.0023397877265140116,-0.04041347958983537,0.6109397958263201,0.7367770830234273,False
GUT_GENOME112856_3,GUT_GENOME112856_00294,81607,0.0391373394582906,0.04255823188443056,0.04242938379939894,0.0013002268988667437,0.7060257049568415,0.03987963630702453,0.02493939734163972,-0.0034208924261399584,-0.8168755453371989,0.00254974749237441,-0.030763383609839295,0.6682320423410721,0.7159707096484098,False
GUT_GENOME112856_3,GUT_GENOME112856_00294,81781,0.03900640611030441,0.04246180397339673,0.04234129027258055,0.0013396555205304433,0.7088306993466649,0.0400199861199466,0.041568991522517335,-0.0034553978630923188,-0.8200843716858931,0.0023213041526339503,-0.04126301502947067,0.6742410130927684,0.7138228143974127,False
GUT_GENOME112856_3,GUT_GENOME112856_00294,82269,0.03896048807515143,0.042831064568903725,0.042683221588028064,0.001314205664607327,0.7315922006999903,0.04025156038135543,0.032135903098425886,-0.0038705764937522966,-0.8586938270976847,0.002431661206672632,-0.036190823416097584,0.7386648643952036,0.6911955965825156,False
GUT_GENOME112856_3,GUT_GENOME112856_00294,82512,0.03838611209439954,0.043190461709419384,0.043013456957580534,0.0013392269809315,0.7814291064280039,0.04036552640840297,0.024009051362219008,-0.004804349615019847,-0.9455298755547045,0.0026479305491775643,-0.02625072892156051,0.8947158463354082,0.6393150416540415,False
GUT_GENOME112856_3,GUT_GENOME112856_00294,82521,0.038545494623579035,0.04289975209661247,0.042696291796866674,0.0013796604036886177,0.7582388097195143,0.04047915798955024,0.05402563075709887,-0.004354257473033432,-0.9036736449977558,0.002217133807316432,-0.046050855340036535,0.818746737941079,0.6640662442995771,False
GUT_GENOME112856_3,GUT_GENOME112856_00294,82796,0.038367634230009925,0.04279598386151441,0.042606016198014435,0.001359685700060635,0.7642598763492772,0.04047782125831261,0.058766727994019226,-0.004428349631504486,-0.9105638307578086,0.0021281949397018232,-0.05013863189720701,0.8316403722928586,0.659798900801317,False
GUT_GENOME112856_3,GUT_GENOME112856_00294,83181,0.03838914562488342,0.04297974838233285,0.04279561149061211,0.0013476492339657348,0.7713503142868232,0.04060393307498724,0.05194320465015119,-0.004590602757449429,-0.9256525284146144,0.0021916784156248703,-0.047220826986867644,0.8590624098616922,0.6508141216713408,False
GUT_GENOME112856_3,GUT_GENOME112856_00294,83189,0.038011747076481424,0.04344143541705816,0.04322705255699106,0.0013540289166398124,0.809666916753879,0.04072839161312821,0.03249312305893179,-0.0054296883405767354,-1.003683127814522,0.0024986609438628488,-0.033111405357734935,1.0084761862243061,0.6039655656944369,False
GUT_GENOME112856_3,GUT_GENOME112856_00294,83864,0.038709172881985984,0.04362466017173235,0.043450462568734645,0.0013819169957128828,0.7790136033832875,0.04098015237525394,0.03692055309709877,-0.004915487289746369,-0.9558651018405633,0.002470310193480707,-0.03441445244950244,0.9148624474540695,0.632907356539349,False
GUT_GENOME112856_3,GUT_GENOME112856_00294,83963,0.038442176737870155,0.04393002293224657,0.04376688504734672,0.0014273138867781682,0.8019170034603397,0.04116736840901207,0.034283302014024714,-0.005487846194376415,-1.0090915060336871,0.002599516638334652,-0.028475911848806264,1.019076545104956,0.6007729081234695,False
GUT_GENOME112856_3,GUT_GENOME112856_00295,84809,0.03843745306656573,0.044045536706162,0.04386160755087629,0.0014155138765410337,0.8088125978739893,0.041141218013386556,0.02731302012822767,-0.005608083639596272,-1.020272963693645,0.002720389537489737,-0.02292039470747685,1.0414822649377602,0.5940800927266794,False
GUT_GENOME112856_3,GUT_GENOME112856_00296,84854,0.03856969451649074,0.04402318234980701,0.04382221149672895,0.0014435722866765167,0.8023560804600136,0.04108712151951306,0.029068210889963884,-0.00545348783331627,-1.0058963569787727,0.0027350899772158876,-0.022244738332436766,1.012322309366645,0.6028052187916056,False
GUT_GENOME112856_3,GUT_GENOME112856_00296,84868,0.038632757280155694,0.043866824495009255,0.04369895409726731,0.0014448287481242648,0.7908875754381759,0.0409952225387341,0.030650627647373942,-0.0052340672148535605,-0.9854913795561705,0.0027037315585332136,-0.02368602280343352,0.9717542868557689,0.6151573787980775,False
GUT_GENOME112856_3,GUT_GENOME112856_00296,84871,0.039339345492576956,0.04324111779102218,0.04309358359554145,0.0013590823936892448,0.7220738663270513,0.04098907820190389,0.06075396298383512,-0.0039017722984452247,-0.8615948748428732,0.0021045053936375596,-0.051227442376233175,0.7449699792079166,0.6890199939432488,False
GUT_GENOME112856_3,GUT_GENOME112856_00296,84914,0.03928549863965154,0.04386184388042829,0.04368390304097806,0.0014011834571842758,0.7548376849988284,0.04091196300574328,0.023948289419150205,-0.004576345240776748,-0.9243266534451303,0.002771940035234774,-0.020551049090150614,0.8548021078877799,0.6522019316125315,False
GUT_GENOME112856_3,GUT_GENOME112856_00296,85613,0.04022565846731519,0.043748748308285235,0.04362396686303104,0.0013518135609022761,0.6965849044842629,0.04088091365373348,0.02122072682448569,-0.0035230898409700437,-0.826379373905664,0.0027430532092975607,-0.021878735095653662,0.683381548666103,0.7105678965719749,False
GUT_GENOME112856_3,GUT_GENOME112856_00297,86714,0.03996573356201783,0.04359975509948918,0.04346886067820082,0.0013443051435837476,0.7041640493503203,0.04087655684663023,0.026905201888522714,-0.0036340215374713464,-0.836695445286826,0.0025923038315705874,-0.028807424304410113,0.7008891358587744,0.7043748776209888,False
GUT_GENOME112856_3,GUT_GENOME112856_00298,87400,0.03978187186450385,0.04288075574723127,0.04277955282334739,0.0012704173127379423,0.6750751224943872,0.04088019024827063,0.06744811148710622,-0.0030988838827274226,-0.7869304239340593,0.0018993625750767587,-0.06065614354003095,0.6229386598621872,0.732370072001493,False
GUT_GENOME112856_3,GUT_GENOME112856_00299,88539,0.03973183700248273,0.04306788482640101,0.04296464104362175,0.0012781154710316152,0.6878373224363894,0.04088755013454953,0.052068504837696615,-0.0033360478239182825,-0.8089854381772958,0.002077090909072217,-0.05248745715198586,0.6572123723411929,0.7199264779311079,False
GUT_GENOME112856_3,GUT_GENOME112856_00299,88551,0.039629686159613674,0.04295803524260213,0.04284861206715179,0.0012569438446728247,0.6863707021275213,0.04085293310411482,0.056174466887829816,-0.0033283490829884577,-0.8082694952729501,0.0019956789630369703,-0.05622928402028574,0.6564613093702234,0.7201968837605786,False
GUT_GENOME112856_3,GUT_GENOME112856_00299,88665,0.03964108716474358,0.04281791867206075,0.04270665404980937,0.001235807763896264,0.6775988925662964,0.040661395547180755,0.048962523613460644,-0.0031768315073171724,-0.7941791480104141,0.0020452585026286135,-0.05395052687963676,0.6336311784851377,0.7284650795369674,False
GUT_GENOME112856_3,GUT_GENOME112856_00300,88967,0.03939004851307059,0.04281083037774538,0.04268587037135005,0.0012304336435765657,0.6939232882201047,0.04060221552487205,0.045186700494300944,-0.003420781864674788,-0.8168652636954077,0.002083654846477996,-0.052185767798728674,0.6699922133929107,0.7153408713862885,False
GUT_GENOME112856_3,GUT_GENOME112856_00300,88976,0.03967213662342491,0.04282917329765063,0.042720312125870706,0.0012412964635585835,0.6795374949698065,0.040612440912325,0.044742492182521854,-0.003157036674225719,-0.7923383313854991,0.002107871213545706,-0.051072743760372685,0.6304084565379697,0.7296398459689543,False
GUT_GENOME112856_3,GUT_GENOME112856_00300,88989,0.03988629875006399,0.04289049174033147,0.04279399876949603,0.0012554767097735968,0.6714170104327217,0.04062034295054345,0.04169565773485889,-0.003004192990267482,-0.778124662942644,0.002173655818952576,-0.04804917515625948,0.6077867143128003,0.7379395582274533,False
GUT_GENOME112856_3,GUT_GENOME112856_00300,89010,0.0397799966417583,0.0428790713443748,0.042782788863457856,0.0012473602393510662,0.6777979707071933,0.04076334827275394,0.052726705169767976,-0.0030990747026165,-0.7869481691922565,0.0020194405907039137,-0.05513716055230952,0.6223275274688156,0.7325938937333971,False
GUT_GENOME112856_3,GUT_GENOME112856_00300,89078,0.03918699272526749,0.04247183377798308,0.042381728713045005,0.0012074395317700365,0.6892918690392149,0.04082541754215604,0.09871032835857191,-0.0032848410527155925,-0.8042234745223041,0.0015563111708889674,-0.07642334999941393,0.6526159253978601,0.7215829325829506,False
GUT_GENOME112856_3,GUT_GENOME112856_00300,89261,0.039473432760364066,0.04202359371670503,0.0419628574772746,0.0011913161303846592,0.6464128795239461,0.041010253630923664,0.21196461217220802,-0.0025501609563409605,-0.7359020429066728,0.000952603846350937,-0.10417073103570354,0.5524033579587274,0.7586599095749345,False
GUT_GENOME112856_3,GUT_GENOME112856_00300,89268,0.03981099498203395,0.042083675671974144,0.042035815444587926,0.0012134771690097857,0.6311374715229193,0.04107716512335519,0.21476307618436502,-0.0022726806899401944,-0.7100978198997655,0.0009586503212327332,-0.10389282511067614,0.5150326329358774,0.772969014086454,False
GUT_GENOME112856_3,GUT_GENOME112856_00300,89283,0.041354624379660566,0.04261104219699478,0.042595916073775004,0.0012443721893748928,0.5708286623506722,0.0412438449334897,0.13861812595261236,-0.001256417817334217,-0.6155906531793418,0.0013520711402853075,-0.08581055754465915,0.38631530406789394,0.8243520031242991,False
GUT_GENOME112856_3,GUT_GENOME112856_00300,89318,0.042500931743402644,0.043591289815817405,0.04356968779892276,0.0012692989718142628,0.5603603812986313,0.04172297644606693,0.07284757096223717,-0.0010903580724147613,-0.6001479597368364,0.0018467113528558288,-0.0630760802636883,0.3641561654777187,0.8335362530810906,False
GUT_GENOME112856_3,GUT_GENOME112856_00300,89323,0.043302649517086546,0.0444676993988604,0.04445141049128279,0.0012643118255095387,0.5631940520477856,0.04207290783315795,0.029968097247851672,-0.0011650498817738567,-0.6070939099137322,0.002378502658124837,-0.038634077691702864,0.37005560741343135,0.8310811763936052,False
GUT_GENOME112856_3,GUT_GENOME112856_00300,89328,0.04376607156000059,0.04499982882925813,0.04498561586174573,0.0012855137273720474,0.5661005134257943,0.04234431463100126,0.019955642453171503,-0.0012337572692575419,-0.613483339950859,0.002641301230744471,-0.026555423294309263,0.3770669989036012,0.8281727596404995,False
GUT_GENOME112856_3,GUT_GENOME112856_00300,89351,0.04307912834726329,0.044925025472476246,0.044900331071747096,0.0012897542619033397,0.5996934389386416,0.04246866700687486,0.02968994693113046,-0.0018458971252129572,-0.6704091659181574,0.0024316640648722326,-0.036190692048545504,0.45075821593803206,0.7982135522727203,False
GUT_GENOME112856_3,GUT_GENOME112856_00300,89385,0.04195465382550121,0.0448977617512661,0.044865094089408177,0.001366142598656862,0.6663272374873412,0.04269767430572878,0.05631009985375935,-0.0029431079257648887,-0.7724440693376933,0.002167419783679396,-0.048335793588482535,0.5990061891968035,0.7411864287318852,False
GUT_GENOME112856_3,GUT_GENOME112856_00300,89390,0.0414398381457042,0.045269030071932836,0.04519507697937252,0.0013867551050560087,0.7152064671679226,0.04310103178790445,0.065517573721549,-0.003829191926228638,-0.8548452773493487,0.0020940451914680733,-0.05170821046288089,0.7334341872357585,0.693005673042048,False
GUT_GENOME112856_3,GUT_GENOME112856_00300,89393,0.04092809184201878,0.04478024605028752,0.04470031248469129,0.0014067411019312195,0.7189764403768355,0.04321212097479419,0.14505050169143258,-0.003852154208268739,-0.8569806502686411,0.0014881915098971035,-0.07955424159668002,0.7407447122908859,0.6904771793433768,False
GUT_GENOME112856_3,GUT_GENOME112856_00300,89396,0.04136455304218116,0.04392534383398898,0.04387708138361052,0.0013973253670421513,0.64764568212124,0.04327163631273261,0.33240258060518063,-0.002560790791807821,-0.7368905623731975,0.0006054450708779038,-0.12012671903123291,0.5574381295398961,0.7567524717844025,False
GUT_GENOME112856_3,GUT_GENOME112856_00300,89495,0.04319639038347185,0.043193180165965954,0.04322784295943291,0.001425666359599145,0.49981640861659143,0.04330050113218878,0.5203230396549886,3.210217505898727e-06,-0.49845179087977437,-7.265817275586839e-05,-0.15129345880443062,0.27134389850826224,0.8731290161369498,False
GUT_GENOME112856_3,GUT_GENOME112856_00300,89513,0.04367495950624935,0.04114851655589162,0.04126411815772247,0.0014549451383386125,0.359212726412945,0.04331510612810607,0.9206809653169872,0.002526442950357727,-0.263804257268149,-0.002050987970383604,-0.24222074836850563,0.12826357709299865,0.9378813893606135,False
GUT_GENOME112856_3,GUT_GENOME112856_00300,89523,0.044176373549111234,0.03845325182381809,0.03874882843654735,0.0015392027358623057,0.21345125401296877,0.04331076783225835,0.9984808328720749,0.005723121725293143,0.0334702590779716,-0.004561939395711,-0.3576282034883992,0.12901819017308638,0.9375275873287299,False
GUT_GENOME112856_3,GUT_GENOME112856_00300,89529,0.04497992499914491,0.03887310765759372,0.03916460449816434,0.0015492997333723074,0.20098791772244,0.04325064875528322,0.9958221603966357,0.006106817341551191,0.06915195773395943,-0.004086044257118879,-0.3357552806214486,0.11751360172362701,0.9429360625117643,False
GUT_GENOME112856_3,GUT_GENOME112856_00300,89541,0.04465448088136562,0.03869494087776974,0.03896673504678058,0.0015313136911456707,0.20049328142020328,0.043184920487321726,0.9970619721000373,0.00595954000359588,0.0554559305470258,-0.0042181854405411445,-0.3418287066309965,0.11992222490985643,0.9418011572070922,False
GUT_GENOME112856_3,GUT_GENOME112856_00300,89552,0.044341810203461084,0.03842374659250615,0.038666816249879485,0.0015455535119194817,0.20457402778919986,0.04313863155371633,0.9980941715781836,0.005918063610954934,0.051598841539898965,-0.0044718153038368486,-0.35348595207593664,0.12761475876329098,0.9381856960361363,False
GUT_GENOME112856_3,GUT_GENOME112856_00300,89553,0.04426289133215234,0.03835007369813367,0.03858999838255896,0.0015389583894081888,0.20632982578875203,0.043129215248574305,0.9984087548941991,0.005912817634018672,0.05111099294256166,-0.004539216866015348,-0.3565838386712983,0.12976436760113305,0.9371778716083627,False
GUT_GENOME112856_3,GUT_GENOME112856_00300,89567,0.044543824802505134,0.03839065479622084,0.038655669180817503,0.0015348198221611779,0.19682651046710425,0.04317676704713337,0.9983888053481904,0.006153170006284292,0.07346251470888257,-0.004521097866315868,-0.35575105966030546,0.131955557516783,0.9361516665128562,False
GUT_GENOME112856_3,GUT_GENOME112856_00300,90300,0.04487152334430859,0.038032506128289366,0.0383783146137514,0.0016046053788728192,0.17265092343291694,0.04325698950439613,0.9988187592547376,0.006839017216019226,0.13724274159933955,-0.004878674890644731,-0.3721858874992222,0.1573579049752868,0.9243366327903376,False
GUT_GENOME112856_3,GUT_GENOME112856_00300,90324,0.04538576508878892,0.03732765651600291,0.037766552492739955,0.0016120833115153064,0.13623535528366643,0.04342041485557491,0.9997735565507138,0.008058108572786014,0.2506119034638765,-0.005653862362834952,-0.40781477800817817,0.22911921931964702,0.8917587793962609,False
GUT_GENOME112856_3,GUT_GENOME112856_00302,93312,0.04471272325540665,0.03719525888011478,0.037582579752391994,0.0015762071113537693,0.1525054817363335,0.04347465196249657,0.9999073041563266,0.0075174643752918685,0.2003348022469562,-0.005892072210104578,-0.41876329416846253,0.21549672953414933,0.8978534995811468,False
GUT_GENOME112856_3,GUT_GENOME112856_00302,93373,0.04485748302460515,0.03676510598929774,0.03719199017254727,0.0016280124198984594,0.13718899964245118,0.0436128669168432,0.9999599327358013,0.008092377035307408,0.2537986924217937,-0.006420876744295929,-0.44306801983193383,0.26072304647280314,0.8777780363947105,False
GUT_GENOME112856_3,GUT_GENOME112856_00302,93400,0.04581705736382744,0.03670917603291731,0.03721178101137033,0.001718566773760318,0.11373684295406877,0.04390703827166337,0.9999510700509318,0.00910788133091013,0.34823531542242864,-0.00669525726029304,-0.4556789993858617,0.3289111853886585,0.8483554292867355,False
GUT_GENOME112856_3,GUT_GENOME112856_00302,93757,0.046454066537090284,0.036837077826697165,0.037359526093155924,0.0017276015978269033,0.10655787697288521,0.04399969466989869,0.9999393728641118,0.00961698871039312,0.39557965642744686,-0.0066401685767427665,-0.4531470329327021,0.36182549803496833,0.8345081671769413,False
GUT_GENOME112856_3,GUT_GENOME112856_00302,93806,0.046919813399372116,0.03721972400370109,0.03788124481003983,0.0018877425208574093,0.10324982034141594,0.04408833486485149,0.9994956736497838,0.009700089395671026,0.40330758837285163,-0.006207090054811661,-0.4332420321513202,0.3503556692617311,0.8393077495129841,False
GUT_GENOME112856_3,GUT_GENOME112856_00302,93839,0.04635010962751932,0.03762084880092194,0.03819794101069531,0.0018816428435140414,0.12609101446308996,0.044141515976813116,0.99920767028211,0.008729260826597383,0.3130255758074214,-0.005943574966117804,-0.42113044549731476,0.27533586323433457,0.8713880041127405,False
GUT_GENOME112856_3,GUT_GENOME112856_00302,93905,0.04692834193515202,0.03789779174005615,0.038513936548542134,0.0019973333634086287,0.11919401414517272,0.04433537649378556,0.9982193111860045,0.009030550195095868,0.34104392159896085,-0.005821439945243423,-0.4155169191670356,0.28896526657366295,0.8654699426408434,False
GUT_GENOME112856_3,GUT_GENOME112856_00302,94121,0.046909255142732025,0.03789558457230164,0.03852184267579911,0.0019913016588699005,0.12184189167786519,0.04436858523370906,0.9983383841501898,0.009013670570430385,0.3394742042104388,-0.005846742557909949,-0.41667986883873126,0.288864848419773,0.8655133981787091,False
GUT_GENOME112856_3,GUT_GENOME112856_00302,94355,0.04709711678462911,0.03774407159195541,0.03838321466739022,0.0019699414478605644,0.11388127262525116,0.04455656013044998,0.999137122725226,0.0093530451926737,0.3710342807118906,-0.006173345463059761,-0.43169107524356604,0.3240236219083362,0.850431160077461,False
GUT_GENOME112856_3,GUT_GENOME112856_00302,95942,0.047692319278039866,0.03791012147541948,0.038597981979261196,0.001963281589830629,0.10912840667188417,0.04489475540255702,0.9993299933223134,0.009782197802620386,0.41094324358951156,-0.006296773423295821,-0.43736402719229833,0.3601616417337341,0.8352027068766418,False
GUT_GENOME112856_3,GUT_GENOME112856_00302,96199,0.048135017744722244,0.03854059396495237,0.03925667120420133,0.002025057725717892,0.11826828529888811,0.04555144554077224,0.999059616975826,0.009594423779769871,0.3934812351253111,-0.006294774336570913,-0.43727214588023533,0.34603441195844614,0.8411231423728053,False
GUT_GENOME112856_3,GUT_GENOME112856_00302,96503,0.04924457724565686,0.039642940937408805,0.040379091515646816,0.0022068866696038254,0.12141673402244868,0.046359035577403264,0.9966325344788632,0.009601636308248056,0.3941519627979807,-0.005979944061756448,-0.422802028917978,0.3341173254346595,0.8461499724245749,False
GUT_GENOME112856_3,GUT_GENOME112856_00302,96571,0.0504552551721201,0.03992599977853876,0.040968169754329764,0.0022811081720935855,0.10525595033357177,0.04685470777031154,0.9950679987830935,0.010529255393581342,0.4804157178890611,-0.005886538015981775,-0.418508933509228,0.4059489894218934,0.8162990611036103,False
GUT_GENOME112856_3,GUT_GENOME112856_00302,96866,0.05073774137027938,0.03979201574299308,0.04099631195648525,0.0022717075041203847,0.09788418687109857,0.04710016819812375,0.9963940984059849,0.010945725627286303,0.5191452856729556,-0.006103856241638499,-0.42849723639762144,0.4531217092368537,0.7972708232249666,False
GUT_GENOME112856_3,GUT_GENOME112856_00303,97700,0.050741147402278815,0.03924557449238769,0.04049765392482434,0.0022464877579859563,0.08733293660468511,0.04696851192235906,0.9980143547285161,0.011495572909891123,0.5702782259865719,-0.006470857997534725,-0.4453652403921604,0.5235674523839584,0.7696774667849773,False
GUT_GENOME112856_3,GUT_GENOME112856_00303,97825,0.04978916031052813,0.0391732049867935,0.040313395056344896,0.002241838944626653,0.10099569332317843,0.04668969188022138,0.9977740277560886,0.010615955323734633,0.488478360906448,-0.0063762968238764844,-0.4410190534070319,0.4331089145418845,0.8052886799047418,False
GUT_GENOME112856_3,GUT_GENOME112856_00303,97988,0.04966015900524417,0.03842669256622048,0.03958744517488337,0.002240999498615296,0.08666637205697164,0.046260940379423104,0.9985488948617616,0.01123346643902369,0.5459036860830813,-0.006673495204539734,-0.45467877953002006,0.5047436270340039,0.7769558016878682,False
GUT_GENOME112856_3,GUT_GENOME112856_00303,98021,0.049414918273129424,0.03755758583720115,0.03890575784801742,0.0022865028747314246,0.07225774063064809,0.04612725503398668,0.9992065810666594,0.01185733243592827,0.6039199822304309,-0.007221497185969261,-0.4798658514261619,0.5949905803021592,0.7426760811046839,False
GUT_GENOME112856_3,GUT_GENOME112856_00303,98136,0.048697792215579905,0.037553717806136325,0.03869983199900364,0.00223513288255491,0.0853332527007466,0.04603327067684637,0.9994827747712396,0.01114407440944358,0.5375906918069635,-0.007333438677842731,-0.4850108664069901,0.5242392924503488,0.7694189601259989,False
GUT_GENOME112856_3,GUT_GENOME112856_00303,98137,0.048996789220111574,0.03757710264499837,0.038654987184069504,0.0021974306044267038,0.08078181684668273,0.045945332435612024,0.99954613849563,0.011419686575113205,0.5632211911523974,-0.00729034525154252,-0.48303022169537224,0.5505363052342058,0.759368469278637,False
GUT_GENOME112856_3,GUT_GENOME112856_00303,98197,0.04879990580909646,0.03773000976243034,0.038747302139815865,0.0021864638585484784,0.085414427946984,0.045870881417124504,0.9994390703202913,0.011069896046666118,0.5306924894943265,-0.007123579277308639,-0.475365383382376,0.5076067661239592,0.775844331187857,False
GUT_GENOME112856_3,GUT_GENOME112856_00303,98340,0.04838169670713091,0.03753697726201869,0.03851924124949706,0.002141706729626642,0.09005300960364138,0.045835077179780186,0.9996821311145414,0.01084471944511222,0.5097522355519358,-0.007315835930283128,-0.4842018151929839,0.4942987394863768,0.7810240234602959,False
GUT_GENOME112856_3,GUT_GENOME112856_00303,98651,0.048615710238040115,0.037344222756542235,0.03820390626366742,0.0021219571714721974,0.08153158098940261,0.045810317238115544,0.9998312155952264,0.01127148748149788,0.5494394454784614,-0.007606410974448127,-0.4975571218827821,0.5494467937839569,0.7597822522948561,False
GUT_GENOME112856_3,GUT_GENOME112856_00304,99074,0.04827005540031141,0.037198327997842166,0.038096512248327864,0.0021165155257851327,0.07850644909796256,0.04572514920649323,0.9998435251049305,0.011071727402469242,0.5308627960684184,-0.007628636958165368,-0.49857866463047124,0.530395993074283,0.7670540608917387,False
GUT_GENOME112856_3,GUT_GENOME112856_00304,99087,0.04823893282257478,0.03714840221114442,0.03807488871586538,0.0020877192357243494,0.0804126723019778,0.045585190384123,0.9998392753906175,0.011090530611430359,0.5326113968016227,-0.00751030166825762,-0.49313978018158255,0.5268617428005151,0.768410739761711,False
GUT_GENOME112856_3,GUT_GENOME112856_00304,99134,0.04858959678582065,0.03685009590455744,0.037939764219332206,0.002072338208087609,0.0709358546520179,0.045517005674406676,0.9998720954680935,0.011739500881263208,0.5929622598912272,-0.00757724145507447,-0.4962164428222362,0.5978349997824649,0.7416205906906419,False
GUT_GENOME112856_3,GUT_GENOME112856_00305,100267,0.04854685077339906,0.036650512212355824,0.03768885630440546,0.0020449728865856156,0.07048097410068718,0.04514093948263849,0.9998658348148409,0.011896338561043239,0.6075473491929817,-0.007452083178233031,-0.49046396267795056,0.6096686801971769,0.7372454962922292,False
GUT_GENOME112856_3,GUT_GENOME112856_00305,100292,0.047778883891738164,0.036487305885413136,0.03750408384660967,0.0019456705087869898,0.07585726480648208,0.04508677949723637,0.9999513473195257,0.011291578006325027,0.551307759898402,-0.007582695650626699,-0.496467126615662,0.5504198539342058,0.7594126852885907,False
GUT_GENOME112856_3,GUT_GENOME112856_00305,100377,0.047044008342276726,0.03652383429958646,0.03737635566538671,0.0019024539595333765,0.08583755241034796,0.044882031348470346,0.999960143296554,0.010520174042690268,0.47957119944226534,-0.007505675683083635,-0.4929271622985893,0.4729657226662328,0.7893994114395836,False
GUT_GENOME112856_3,GUT_GENOME112856_00305,100412,0.046252333057736614,0.03643021289015634,0.0372053070232001,0.0019156062089707815,0.09799270854319148,0.04473326661705373,0.9999574926788273,0.009822120167580273,0.4146558160969207,-0.007527959593853627,-0.49395136746884594,0.41592739924734623,0.8122365206681632,False
GUT_GENOME112856_3,GUT_GENOME112856_00305,100997,0.0451735030016436,0.03641150221237692,0.037127782770367844,0.0019213797123642286,0.12039235300784623,0.04460605228277338,0.9999503170682119,0.008762000789266679,0.3160702222210735,-0.007478269512405537,-0.49166752964276117,0.34163734507989424,0.842974414023491,False
GUT_GENOME112856_3,GUT_GENOME112856_00306,101589,0.04520212832486491,0.03626290917878678,0.036843408184536776,0.0018821419251625103,0.11633026868632917,0.04456461348154691,0.9999795512678796,0.008939219146078127,0.3325506085901549,-0.007721205297010134,-0.5028332576516634,0.3634311922742665,0.8338384535733911,False
GUT_GENOME112856_3,GUT_GENOME112856_00306,101901,0.044244109239302325,0.03597610269600623,0.03653421899276977,0.0018458149286170544,0.12895418265982161,0.04445278418934617,0.9999910667614802,0.008268006543296097,0.2701313241059076,-0.007918565196576403,-0.5119042430645696,0.3350168863307209,0.8457694762871527,False
GUT_GENOME112856_3,GUT_GENOME112856_00306,101996,0.04326825754745127,0.03499642929428569,0.03569507763750782,0.0018415121433694567,0.11703639982329195,0.044336453010441305,0.999998650852648,0.00827182825316558,0.2704867232664282,-0.008641375372933482,-0.5451257869569431,0.3703251910688359,0.8309691609924201,False
GUT_GENOME112856_3,GUT_GENOME112856_00306,102185,0.04270361147968637,0.03498721968912483,0.035604708015615986,0.001828973650279152,0.13409321498621163,0.044306737626679873,0.9999990217963493,0.007716391790561543,0.21883401825387924,-0.008702029611063887,-0.5479135554475077,0.3480975917882683,0.8402558956203457,False
GUT_GENOME112856_3,GUT_GENOME112856_00306,102213,0.041924371083316946,0.034183061281677515,0.03484828075558267,0.0017731297143354337,0.13099152608009912,0.044293519651939416,0.9999999500413379,0.00774130980163943,0.22115126381185243,-0.009445238896356747,-0.5820726759195178,0.3877164815376876,0.8237746736561955,False
GUT_GENOME112856_3,GUT_GENOME112856_00306,102371,0.041026471434368744,0.034329250675825096,0.03484361240432667,0.0017746585886405247,0.16492424116667986,0.04428659456848309,0.999999948404605,0.006697220758543648,0.12405640781874337,-0.00944298216415642,-0.5819689527978756,0.35407785434154637,0.8377471727609974,False
GUT_GENOME112856_3,GUT_GENOME112856_00306,102536,0.04077269656474685,0.03423310403054871,0.03473682051047846,0.00179533261190398,0.17549819165213681,0.04429848637944599,0.9999999497580121,0.006539592534198141,0.10939780198001464,-0.009561665868967527,-0.5874238509684624,0.35703465976467685,0.8365095601395273,False
GUT_GENOME112856_3,GUT_GENOME112856_00306,102537,0.040209762360321796,0.0339731756464251,0.03444433659373552,0.001799364812647895,0.18662800336491814,0.044422465559264455,0.9999999853326553,0.006236586713896694,0.08121983508936514,-0.009978128965528937,-0.6065651794866898,0.37451797857766383,0.8292289471572466,False
GUT_GENOME112856_3,GUT_GENOME112856_00306,102617,0.039737136959525354,0.03383090589940582,0.03423096496362167,0.0017540008631142993,0.20001865969132415,0.04459116329090242,0.9999999982539,0.005906231060119532,0.05049847579332629,-0.010360198327280752,-0.6241257154151415,0.39208300469991136,0.8219781199466808,False
GUT_GENOME112856_3,GUT_GENOME112856_00306,102758,0.039315938741630065,0.033879624544551866,0.03420365899652192,0.0017345020446799244,0.2215968518721651,0.04481952723130223,0.9999999995333333,0.005436314197078199,0.0067986491861561785,-0.010615868234780314,-0.6358767246452048,0.4043854305762701,0.8169374764299087,False
GUT_GENOME112856_3,GUT_GENOME112856_00306,102782,0.03881692983829264,0.0331769604106575,0.033503150680497064,0.0017992383409587125,0.20751633746850529,0.04499029644789769,0.9999999999139922,0.005639969427635137,0.025737527449391985,-0.011487145767400626,-0.6759220722885746,0.4575330681260893,0.7955142373032682,False
GUT_GENOME112856_3,GUT_GENOME112856_00306,102840,0.03909457270573649,0.03326562455935995,0.03365022202971074,0.0017732183035903775,0.20347837061545693,0.045046593930502546,0.999999999934902,0.005828948146376543,0.0433115663719284,-0.011396371900791805,-0.6717499561611785,0.4531238953841352,0.7972699517497215,False
GUT_GENOME112856_3,GUT_GENOME112856_00306,102923,0.038384152664902534,0.033441117984716946,0.033670520323357066,0.0018406305676981595,0.23372475970997986,0.045224994128200795,0.999999999827919,0.004943034680185587,-0.0390737828384415,-0.011554473804843729,-0.6790165795662342,0.4625902758311337,0.7935052379902227,False
GUT_GENOME112856_3,GUT_GENOME112856_00306,103001,0.03801267282563529,0.033524781332944065,0.03372117937208648,0.0018814905044846721,0.2505875447253788,0.04523727404095743,0.9999999995342608,0.004487891492691222,-0.08139973438274477,-0.011516094668870956,-0.6772526113876222,0.46529701638893495,0.7924320579537614,False
GUT_GENOME112856_3,GUT_GENOME112856_00306,103079,0.03815462377840053,0.03418489499485158,0.034374460779523754,0.001927697024061808,0.275053948735545,0.045248592586035356,0.9999999915465508,0.003969728783548947,-0.12958617399520708,-0.010874131806511603,-0.6477469429469372,0.43636867858781886,0.8039772234120721,False
GUT_GENOME112856_3,GUT_GENOME112856_00306,103080,0.038709815741135925,0.03561091746170863,0.035499586085082906,0.0021045970390881808,0.32278089416955047,0.045309638821638264,0.9999984285258635,0.0030988982794272965,-0.21056888610316424,-0.009810052736555358,-0.5988401197120029,0.40294874477141335,0.8175245284949278,False
GUT_GENOME112856_3,GUT_GENOME112856_00306,103092,0.03893631509552679,0.03560332846919956,0.03557839267052511,0.0020731804420441244,0.3123745213810127,0.04543536828768436,0.9999990054023868,0.0033329866263272293,-0.18879988614840765,-0.009856975617159251,-0.6009967724384425,0.39684251749107674,0.8200243379433789,False
GUT_GENOME112856_3,GUT_GENOME112856_00306,103377,0.03971959774862834,0.03533006691923987,0.03560543736055945,0.001971948931899132,0.2621045045855859,0.04577022246373095,0.9999998729744568,0.00438953082938847,-0.09054676499466476,-0.010164785103171502,-0.6151442024062702,0.38660110640504536,0.8242342106762747,False
GUT_GENOME112856_3,GUT_GENOME112856_00306,103569,0.040741899023828125,0.036174820393065,0.03650016328219282,0.001944603422171468,0.25694081236156674,0.046602049481808135,0.999999897547069,0.0045670786307631245,-0.07403574199297645,-0.010101886199615315,-0.6122532654028573,0.3803353520889122,0.82682048433129,False
GUT_GENOME112856_3,GUT_GENOME112856_00306,103581,0.040469961794837764,0.03635101704772997,0.036658520516334475,0.0019752180640676426,0.27873869217919145,0.04703945238697076,0.9999999262237628,0.004118944747107792,-0.11570986470010997,-0.010380931870636288,-0.6250786631504679,0.4041121079148939,0.8170491278215667,False
GUT_GENOME112856_3,GUT_GENOME112856_00306,103799,0.04036133604092007,0.036364806537643096,0.03666276050418031,0.0019717150685405124,0.28686805688996553,0.047385354303258236,0.9999999730902193,0.003996529503276974,-0.1270938463151954,-0.010722593799077924,-0.6407820070204766,0.42675442629238064,0.8078513475862976,False
GUT_GENOME112856_3,GUT_GENOME112856_00306,103871,0.04078169529034995,0.03548379925469961,0.03589899231127062,0.0019498503872614104,0.22791998731200247,0.047615205064697866,0.9999999990653498,0.00529789603565034,-0.006073520615395811,-0.011716212753427248,-0.6864503675166951,0.47125099471647136,0.7900765042727693,False
GUT_GENOME112856_3,GUT_GENOME112856_00306,103880,0.04100160220700144,0.03515492499770144,0.035656553602662885,0.001970360621513632,0.20942049625640735,0.04771641201940047,0.9999999995339844,0.0058466772093000025,0.04496027710481952,-0.012059858416737582,-0.7022448871022192,0.4951693079785508,0.7806841299875719,False
GUT_GENOME112856_3,GUT_GENOME112856_00306,103989,0.04051946905641526,0.03432542578327523,0.03490303981182489,0.002028690537566353,0.19286343384002774,0.04789055707160427,0.9999999999232831,0.006194043273140028,0.0772635161517849,-0.012987517259779383,-0.7448816124546261,0.560818267501141,0.755474588065819,False
GUT_GENOME112856_3,GUT_GENOME112856_00306,104184,0.04009818899446449,0.033777650187044074,0.034385044582236436,0.0020321613191442846,0.18573811277618313,0.04797289797714284,0.999999999988564,0.006320538807420416,0.08902694357777212,-0.013587853394906403,-0.772474048083877,0.6046419516458917,0.7391007933269733,False
GUT_GENOME112856_3,GUT_GENOME112856_00307,104743,0.03980182586151315,0.033378834021004736,0.03409971437238348,0.0022092890066937624,0.18261073238031328,0.048363439291304294,0.9999999999463358,0.006422991840508416,0.09855454331604847,-0.014263724918920813,-0.8035382143547705,0.6553866599366879,0.7205839673326346,False
GUT_GENOME112856_3,GUT_GENOME112856_00307,105212,0.039140795908834326,0.03307420163669494,0.033803796226873385,0.002218184002306691,0.19539444953517032,0.04856675511261444,0.999999999985876,0.006066594272139389,0.06541142127496181,-0.014762958885741057,-0.8264838281324728,0.6873541721977173,0.7091578880204884,False
GUT_GENOME112856_3,GUT_GENOME112856_00307,105233,0.038555887092708976,0.03259320590906904,0.033344376141438606,0.002215876376850626,0.19693982749567995,0.048311325893777415,0.9999999999928294,0.005962681183639934,0.055748043969767555,-0.01496694975233881,-0.8358595836904199,0.7017690880535773,0.7040650376773083,False
GUT_GENOME112856_4,GUT_GENOME112856_00336,25925,0.04333503275307765,0.03577814214735522,0.03795904822340069,0.002391721837906769,0.07894193731692184,0.037701870194048456,0.45718489685477587,0.007556890605722434,0.2040012368210194,0.0002571780293522327,-0.13613364475635775,0.06014887385915585,0.9703732992511512,False
GUT_GENOME112856_4,GUT_GENOME112856_00336,25937,0.04564455275773486,0.037421409938553946,0.040288532031713384,0.0018908676806088426,0.06715440052081464,0.037677138226578595,0.08363089993634643,0.008223142819180913,0.2659592308720179,0.0026113938051347887,-0.027930017738465387,0.0715143983769063,0.9648745373653831,False
GUT_GENOME112856_4,GUT_GENOME112856_00336,25951,0.04397539987766218,0.03672960608045081,0.03915246131601047,0.0019212386719555381,0.09194126506832684,0.03731418890506412,0.16933000050709474,0.007245793797211367,0.17507085006709297,0.0018382724109463483,-0.06346394790615006,0.03467747522704907,0.9828107132875683,False
GUT_GENOME112856_4,GUT_GENOME112856_00336,25952,0.04426593687861999,0.0375167414969295,0.04014768169719938,0.001894633456074612,0.112689488738004,0.037104273009051884,0.05410058771385129,0.006749195381690491,0.12888977771483554,0.0030434086881474948,-0.008073903550229295,0.01667776271791812,0.9916957906699538,False
GUT_GENOME112856_4,GUT_GENOME112856_00336,25968,0.046577842415686015,0.03821480344214084,0.041086661364785594,0.0019226574635101273,0.07723415392687404,0.037057875682884434,0.01806658760386377,0.008363038973545171,0.2789688463371055,0.0040287856819011605,0.03721564288851721,0.07920862130226122,0.9611696885252541,False
GUT_GENOME112856_4,GUT_GENOME112856_00336,25973,0.047139807530201236,0.03841570173562907,0.04112275522151733,0.0017671817835978726,0.06914775028233994,0.03686008736280512,0.007929866150350417,0.008724105794572168,0.3125461846142679,0.00426266785871221,0.04796525220051131,0.0999857829355947,0.9512361863697436,False
GUT_GENOME112856_4,GUT_GENOME112856_00336,26008,0.0506386919850693,0.03869238142129206,0.04133401605157823,0.0017411494550646277,0.027538091188192573,0.03657884515231312,0.0031566188894155117,0.011946310563777235,0.6121944857961569,0.00475517089926511,0.07060150154237538,0.37976666045925894,0.82705562070406,False
GUT_GENOME112856_4,GUT_GENOME112856_00336,26021,0.050380604956193405,0.03857987672426855,0.04114062609820193,0.0017302661074659626,0.031466752946298325,0.036105461336439486,0.0018068417471357576,0.011800728231924858,0.5986560853696611,0.0050351647617624465,0.08347047972891826,0.3653564295363027,0.8330361713505814,False
GUT_GENOME112856_4,GUT_GENOME112856_00336,26026,0.04955072134430879,0.03924230052584455,0.04197938708504022,0.0018381690284459415,0.05073659864214573,0.03589252004061253,0.00046419346158148956,0.01030842081846424,0.45987924984442186,0.0060868670444276865,0.13180844547445342,0.22886239073586012,0.8918733013214255,False
GUT_GENOME112856_4,GUT_GENOME112856_00336,26029,0.0491179236965858,0.039057169745084726,0.04165196352032326,0.0018101771723872148,0.052842236574200584,0.035667831659906966,0.00047348334227790325,0.010060753951501071,0.4368475180768399,0.0059841318604162905,0.1270865675366979,0.20698674969815464,0.9016819965013779,False
GUT_GENOME112856_4,GUT_GENOME112856_00336,26039,0.05046412952293571,0.04032227823328244,0.042943028322095504,0.0018860133185743693,0.04983713534274131,0.03551349156670662,4.0863053032503165e-05,0.010141851289653274,0.444389149148808,0.007429536755388884,0.19351975252946377,0.23493161050026642,0.8891709162036772,False
GUT_GENOME112856_4,GUT_GENOME112856_00336,26069,0.0499850084763961,0.040900067857708604,0.04340008195604946,0.0019022574087238621,0.06923217267479159,0.0354417451873546,1.4344691230609223e-05,0.009084940618687497,0.34610194838408526,0.007958336768694861,0.21782427040561164,0.16723397145299704,0.9197834788385757,False
GUT_GENOME112856_4,GUT_GENOME112856_00336,26076,0.04949955906722688,0.04084071222079989,0.04319383416081481,0.001911808498787168,0.07950618762935785,0.03531125374101414,1.8690247029666632e-05,0.008658846846426996,0.3064774415177694,0.007882580419800674,0.21434238407883294,0.1398710797718757,0.9324539240550695,False
GUT_GENOME112856_4,GUT_GENOME112856_00336,26077,0.04921155093703097,0.04118703381038422,0.043334040673100566,0.0018084922013675048,0.09573240357112306,0.03526975201217479,4.114789752769336e-06,0.00802451712664675,0.24748807351176688,0.008064288660925775,0.22269399354090197,0.11084296128976101,0.9460863068407637,False
GUT_GENOME112856_4,GUT_GENOME112856_00336,26080,0.049013874632892473,0.041004250908354106,0.043044398442364046,0.001783608063291825,0.09418544436591886,0.03521939993912137,5.741652340665798e-06,0.008009623724538367,0.2461030645007794,0.007824998503242676,0.21169582453815286,0.1053818404835632,0.9486731828514349,False
GUT_GENOME112856_4,GUT_GENOME112856_00336,26092,0.048330201355924016,0.04091631452097445,0.04277676356974863,0.0017810038666056813,0.11008354141654036,0.03515941121836165,9.471468463264192e-06,0.007413886834949562,0.19070262917689165,0.007617352351386983,0.20215206606103298,0.07723295058772328,0.9621196350460469,False
GUT_GENOME112856_4,GUT_GENOME112856_00336,26094,0.04802449944352966,0.041538982445019676,0.043203129148873504,0.0017201337512605008,0.1446859735891612,0.035095177645404416,1.217137454437863e-06,0.006485516998509987,0.10436905813377748,0.008107951503469088,0.22470080955908414,0.06138335411223962,0.9697745307241195,False
GUT_GENOME112856_4,GUT_GENOME112856_00336,26111,0.04710463755414132,0.04162185511662717,0.04309844576244275,0.0016972439608225044,0.18467386408893344,0.034899265173500664,6.796572263881362e-07,0.0054827824375141485,0.01111995410092082,0.008199180588942083,0.2288938482937864,0.05251604716594548,0.974083720608872,False
GUT_GENOME112856_4,GUT_GENOME112856_00336,26126,0.04604375767078501,0.04099385907344275,0.04236124521511226,0.0016867320360965112,0.20157403812932778,0.034623852662125906,2.246053502524913e-06,0.005049898597342256,-0.029135993800428937,0.007737392552986354,0.2076693110538771,0.04397544888833059,0.9782522435675406,False
GUT_GENOME112856_4,GUT_GENOME112856_00336,26137,0.04685053088658727,0.0407619205117117,0.04246914796128078,0.0017387198937684658,0.1637442524365071,0.03450989062960693,2.351102825719703e-06,0.006088610374875569,0.06745880443527223,0.007959257331673852,0.2178665809933878,0.05201653740958471,0.9743270331528328,False
GUT_GENOME112856_4,GUT_GENOME112856_00336,26206,0.04654736108738049,0.04120810058995254,0.04248744255901782,0.0017303711530822262,0.19733514292182897,0.03445024441669975,1.7021722459364667e-06,0.0053392604974279445,-0.0022268405969747065,0.00803719814231807,0.22144886877311168,0.04904456029993517,0.9757759482417538,False
GUT_GENOME112856_4,GUT_GENOME112856_00336,26234,0.046380405168134055,0.040391868859484356,0.041751257734197196,0.0016159702562051268,0.17386635499104064,0.03437131489325584,2.475181695446087e-06,0.005988536308649699,0.058152436254225844,0.007379942840941359,0.19124033469680843,0.039954571457249115,0.9802209380582855,False
GUT_GENOME112856_4,GUT_GENOME112856_00336,26343,0.04575622418345597,0.03993475953580229,0.041234954334176316,0.0016008475076939553,0.180571134649899,0.034195547613704205,5.480290509725664e-06,0.005821464647653679,0.042615639874446276,0.007039406720472111,0.17558873481186316,0.0326474965547393,0.9838087620997819,False
GUT_GENOME112856_4,GUT_GENOME112856_00336,26344,0.04558954465670844,0.03975091869329009,0.041036999956593975,0.0015902965845048741,0.17712213820062528,0.03402090356642063,5.125353455067689e-06,0.005838625963418352,0.04421155307154544,0.0070160963901733445,0.17451735371279073,0.03241096817191339,0.9839251183277886,False
GUT_GENOME112856_4,GUT_GENOME112856_00337,27120,0.04528997514174624,0.03994411763902724,0.04095605017708753,0.0016178078508027251,0.19514066784845852,0.03392380982602364,6.90781439856014e-06,0.005345857502719001,-0.0016133533824918586,0.007032240351063895,0.17525935669346993,0.03071844501774572,0.9847581287728095,False
GUT_GENOME112856_4,GUT_GENOME112856_00337,28279,0.045094872766458446,0.039896875359883344,0.04080762353174366,0.001605947907811461,0.20296654516658647,0.03392334179972836,9.065699665042624e-06,0.005197997406575103,-0.015363574052992676,0.006884281732015295,0.16845893534114273,0.028614452303953097,0.9857946358419414,False
GUT_GENOME112856_4,GUT_GENOME112856_00338,29154,0.04445420849665159,0.039110237077955884,0.04018385490613629,0.0015389294605822306,0.19498071415060175,0.03389623315122422,2.197097827032815e-05,0.005343971418695706,-0.0017887493966955194,0.0062876217549120705,0.14103546197769495,0.01989420115966602,0.9901022081965866,False
GUT_GENOME112856_4,GUT_GENOME112856_00338,29639,0.04442666615504846,0.0387989526859034,0.03984724246796561,0.001489767287054706,0.18418558823253717,0.03382077703505905,2.613483292340508e-05,0.005627713469145056,0.024597786990931073,0.0060264654329065595,0.12903228811812986,0.017254382501851295,0.9914099161758846,False
GUT_GENOME112856_4,GUT_GENOME112856_00339,30917,0.04342119827697005,0.03847179809337953,0.039390518924830434,0.0014276631082866123,0.21524746378589282,0.033734326471409726,3.718504454409057e-05,0.004949400183590524,-0.03848182409649988,0.005656192453420708,0.1120139333100312,0.014027972041378076,0.9930105545699532,False
GUT_GENOME112856_4,GUT_GENOME112856_00339,31282,0.04358971528351425,0.03838001465115702,0.03925791861571407,0.0014422948615500288,0.20427947719673545,0.03370012096098763,5.8234751570667184e-05,0.005209700632357227,-0.014275234864410727,0.005557797654726443,0.10749154661636638,0.011758214924412555,0.9941381406723041,False
GUT_GENOME112856_4,GUT_GENOME112856_00340,33653,0.04370352405292771,0.03826656957070985,0.039060999833490484,0.0014215808227714887,0.1936804383346517,0.033599076977690816,6.09813119799827e-05,0.005436954482217864,0.006858192377267513,0.005461922855799668,0.10308498325450131,0.010673548575264426,0.9946774409931091,False
GUT_GENOME112856_4,GUT_GENOME112856_00340,33714,0.04319970689314384,0.03815639910807212,0.03885697189214932,0.0014281682714709018,0.21352891919921807,0.0335860302660563,0.000111818581807377,0.00504330778507172,-0.029748905096181933,0.005270941626093019,0.09430717199387989,0.009778840043904884,0.995122513734485,False
GUT_GENOME112856_4,GUT_GENOME112856_00340,35211,0.04306240384225139,0.038281363590405626,0.03885703697966976,0.00142838670491154,0.22212852936582406,0.03353426270930953,9.710785962287568e-05,0.004781040251845767,-0.05413842296214595,0.00532277427036023,0.09668948552917003,0.012279825452723794,0.9938788980193126,False
GUT_GENOME112856_4,GUT_GENOME112856_00341,36296,0.04234720904010615,0.03823424978536442,0.038802030185186985,0.001390258799591366,0.25807600221328203,0.03352585119465145,7.379030640399913e-05,0.004112959254741734,-0.11626648438994701,0.005276178990535535,0.09454788987306681,0.022457198871847363,0.9888342059945857,False
GUT_GENOME112856_4,GUT_GENOME112856_00342,37220,0.04199506224792052,0.03832993277659343,0.038887597889150284,0.0013858239552252856,0.28196638542035224,0.033504341400346915,5.126679351914826e-05,0.0036651294713270846,-0.15791232735478086,0.005383256488803369,0.09946934771213443,0.034830454264880975,0.9827355414438892,False
GUT_GENOME112856_4,GUT_GENOME112856_00343,38092,0.04102994363745776,0.037668487454268935,0.038116915710199206,0.0013423888001199338,0.29436716656273476,0.03324725650541212,0.00014303003815469188,0.003361456183188824,-0.18615236528613713,0.0048696592047870885,0.07586357226505279,0.040407984698438315,0.9799987406697435,False
GUT_GENOME112856_4,GUT_GENOME112856_00343,38380,0.04158704693958923,0.038023841856635925,0.03847206150354359,0.0013381914750028813,0.2866547708511546,0.033203409045943565,4.1228575105227776e-05,0.003563205082953304,-0.1673907658814364,0.005268652457600026,0.09420195804690658,0.036893677402244994,0.981722262835211,False
GUT_GENOME112856_4,GUT_GENOME112856_00344,39320,0.040657412698261175,0.037858802364567144,0.038198559406467186,0.0013558979294622626,0.3273577723169516,0.0330690878630512,7.744952375157156e-05,0.0027986103336940307,-0.23849410478086208,0.005129471543415989,0.08780497443933018,0.06458915155151625,0.9682213255183538,False
GUT_GENOME112856_4,GUT_GENOME112856_00349,42916,0.041173461753097544,0.03774001003158573,0.0382533317180417,0.0013646055612809847,0.2951953061858953,0.03304691840824801,6.800198809776076e-05,0.0034334517215118127,-0.17945715430596051,0.005206413309793684,0.09134134450229199,0.04054811144707971,0.9799300810564322,False
GUT_GENOME112856_4,GUT_GENOME112856_00349,42944,0.04023289990981871,0.037741006562779296,0.038112268454639046,0.0013575631298355431,0.3444841928954818,0.03303352616893458,9.161827241024948e-05,0.002491893347039413,-0.2670171908593915,0.005078742285704464,0.08547337436393446,0.078603877939598,0.9614603629636631,False
GUT_GENOME112856_4,GUT_GENOME112856_00349,43244,0.0395074524365766,0.037771278319404994,0.038098923625620756,0.0013454661077516939,0.38917977082666916,0.03297363596810697,6.96796345974463e-05,0.0017361741171716058,-0.3372951525719987,0.005125287657513786,0.08761267616561014,0.12144400097346796,0.9410848245372703,False
GUT_GENOME112856_4,GUT_GENOME112856_00361,55844,0.038988076611768716,0.037910267782513066,0.038181036858496546,0.001366316983567774,0.4310323649330961,0.032983283922419775,7.112952850738799e-05,0.0010778088292556498,-0.3985197035274648,0.005197752936076772,0.09094329948996135,0.16708863782173924,0.9198503190035525,False
GUT_GENOME112856_4,GUT_GENOME112856_00361,55864,0.03863129419111303,0.03804162898038301,0.038238629407305824,0.0013959163926491754,0.4616149336922478,0.032951136839490185,7.598469573341074e-05,0.0005896652107300199,-0.4439145236897076,0.0052874925678156395,0.0950678804826139,0.2060980062421165,0.9020827675273487,False
GUT_GENOME112856_4,GUT_GENOME112856_00361,55865,0.03911399193534768,0.03806591068163584,0.038117699730924166,0.0013750687137665189,0.43342241726681957,0.03293369600999411,8.162504141748095e-05,0.0010480812537118425,-0.4012842135906026,0.005184003720930058,0.09031136296025681,0.16918516235676762,0.9188865798363333,False
GUT_GENOME112856_4,GUT_GENOME112856_00363,57610,0.03914241271141347,0.038203417981031475,0.03827665195180882,0.0013926089304998187,0.44130982106724276,0.03295178960636345,6.57427372252187e-05,0.0009389947303819965,-0.411428693454212,0.005324862345445373,0.09678545689255245,0.17864099446334009,0.9145524150814679,False
GUT_GENOME112856_4,GUT_GENOME112856_00363,57958,0.03935391018106456,0.03810954960198359,0.03826926988358407,0.001367241282639086,0.4232043891006631,0.03290349484571633,4.345019494992766e-05,0.0012443605790809706,-0.38303125618513756,0.00536577503786774,0.0986658714903588,0.15644789741171647,0.9247573051503996,False
GUT_GENOME112856_4,GUT_GENOME112856_00363,58210,0.03892832396010987,0.03819424126119631,0.038154420434621326,0.0013615331919063316,0.45394860082239574,0.03287914841962909,5.34200426955847e-05,0.000734082698913556,-0.4304844476719664,0.005275272014992234,0.09450620378617061,0.1942482822415112,0.9074433481064144,False
GUT_GENOME112856_4,GUT_GENOME112856_00364,58594,0.03879055418934677,0.03813021881216843,0.03821797170914188,0.0013693952333890267,0.4584218533977146,0.032853158578138045,4.47079463592393e-05,0.0006603353771783421,-0.43734256540733396,0.005364813131003836,0.09862166066966915,0.20099475147031157,0.9043874857619407,False
GUT_GENOME112856_4,GUT_GENOME112856_00366,60406,0.03853694716052551,0.037992506152552986,0.038141326331374216,0.0013001705891780633,0.46549640563710476,0.03282080530726271,2.1367620261945488e-05,0.0005444410079725251,-0.44812013956431007,0.005320521024111506,0.0965859226275939,0.21014049993296027,0.9002612770402574,False
GUT_GENOME112856_4,GUT_GENOME112856_00367,62471,0.038306544499056086,0.038228480271147336,0.03829314426380189,0.0012278149756572126,0.49506835621845646,0.032878359732962464,5.1661892834248564e-06,7.806422790875012e-05,-0.49149075684859467,0.005414784530839427,0.100918428351287,0.25174769324849827,0.8817260724880513,False
GUT_GENOME112856_4,GUT_GENOME112856_00368,63454,0.03899206865857031,0.03819686601733397,0.038271767781980555,0.0012304081930146174,0.45085175992738546,0.03285039211477598,5.260956769680114e-06,0.0007952026412363367,-0.42480061061096097,0.005421375667204575,0.10122136781342765,0.19070132407746648,0.9090541078045329,False
GUT_GENOME112856_4,GUT_GENOME112856_00370,64867,0.03841814043955397,0.03825424769651603,0.03831430810881844,0.0012259758177881714,0.48979217040247286,0.032811271093535536,3.5829651632169626e-06,0.0001638927430379425,-0.48350915090063645,0.005503037015282902,0.10497465760960549,0.24480077774490833,0.8847940358855598,False
GUT_GENOME112856_4,GUT_GENOME112856_00370,65170,0.038938663908328126,0.03823746856356173,0.0383047174015303,0.0012308515720116256,0.45643957217180015,0.03279038358919476,3.730465080188424e-06,0.0007011953447663977,-0.4335428007272238,0.005514333812335535,0.10549387697231392,0.199088318141055,0.9052499739884192,False
GUT_GENOME112856_4,GUT_GENOME112856_00371,65945,0.0391936765230341,0.03816712507979935,0.038186931104060684,0.0012065906875600232,0.43725843186784885,0.03272335572103856,2.9756797260158608e-06,0.001026551443234748,-0.40328637409755913,0.005463575383022126,0.10316093612214206,0.17328207827435307,0.91700620589965,False
GUT_GENOME112856_4,GUT_GENOME112856_00371,66182,0.03905596409348731,0.037918702460958034,0.03805573036428579,0.001208412192507555,0.43045960712776954,0.03267925770575478,4.309451208932806e-06,0.0011372616325292725,-0.3929909017356913,0.005376472658531015,0.09915755172125994,0.16427406891038612,0.9211457213450349,False
GUT_GENOME112856_4,GUT_GENOME112856_00371,66184,0.03956081641091137,0.03811033569144472,0.03814159062680392,0.0011908083808228867,0.4151085473479378,0.032676015778696034,2.218331877855854e-06,0.00145048071946665,-0.36386315411533066,0.005465574848107883,0.10325283482429166,0.14305754282200933,0.9309694919036482,False
GUT_GENOME112856_4,GUT_GENOME112856_00371,66767,0.039185545426903376,0.038058660647067935,0.03807790037038389,0.0011516813166758003,0.43261069608719727,0.03268846473565082,1.4370068460890503e-06,0.0011268847798354409,-0.3939558951188053,0.00538943563473307,0.099753351416614,0.1651519784177056,0.9207414687826202,False
GUT_GENOME112856_4,GUT_GENOME112856_00371,67232,0.03943113763520962,0.03809057290295906,0.03810111505697781,0.0011363061016392703,0.4224490679052216,0.032695045572548036,9.796282647359136e-07,0.0013405647322505612,-0.37408476981052335,0.0054060694844297735,0.10051787049212463,0.1500432572924638,0.92772342070989,False
GUT_GENOME112856_4,GUT_GENOME112856_00371,67292,0.03896746128107469,0.03788998347358322,0.03789692579308189,0.0011028138017915453,0.43672574050602064,0.032691680830456614,1.1794134289692544e-06,0.0010774778074914698,-0.39855048683156724,0.005205244962625276,0.09128764534585175,0.16717592474646925,0.9198101744268041,False
GUT_GENOME112856_4,GUT_GENOME112856_00374,70179,0.03995726850776878,0.03781744683824265,0.03785102576410908,0.0010954899757594345,0.3798819499566895,0.03268914470552083,1.2268590273054451e-06,0.002139821669526129,-0.29975802752792524,0.0051618810585882455,0.08929456903282652,0.09782839512619061,0.9522628326649143,False
GUT_GENOME112856_4,GUT_GENOME112856_00375,70772,0.03999314740617164,0.03822141744286581,0.03824703382513795,0.0010388014737935237,0.40036060769559995,0.032666123229077866,3.883665015039867e-08,0.0017717299633058306,-0.33398864362724484,0.005580910596060085,0.10855385539412507,0.12333235359289536,0.9401966938824516,False
GUT_GENOME112856_4,GUT_GENOME112856_00375,71419,0.04001578623447166,0.038186898141022496,0.038210618744509706,0.001043064166997202,0.3980923154166864,0.032632467184327996,4.45023887381904e-08,0.0018288880934491658,-0.32867323451362446,0.00557815156018171,0.10842704556973104,0.1197825192966285,0.9418669469589681,False
GUT_GENOME112856_4,GUT_GENOME112856_00375,71431,0.04002808654430624,0.03814511473151993,0.03817430510945045,0.0010425975300926555,0.3945922385769476,0.03259663598466289,4.403020917702417e-08,0.0018829718127863146,-0.3236437296305525,0.005577669124787556,0.1084048720459673,0.1164968800124767,0.943415536157746,False
GUT_GENOME112856_4,GUT_GENOME112856_00377,72480,0.04015847564949342,0.03799156977353175,0.0380417786598956,0.0010461798006558888,0.38048526669162314,0.03250275960184847,5.966497070652197e-08,0.002166905875961675,-0.29723933705709177,0.005539019058047129,0.10662845144390602,0.09972085015146483,0.9513622015415569,False
GUT_GENOME112856_4,GUT_GENOME112856_00379,74308,0.040387936999328806,0.03800706945072523,0.03805923440829033,0.0010220351355193333,0.36988173970137106,0.03250978626797126,2.8208348044606405e-08,0.002380867548603574,-0.2773420132315183,0.005549448140319067,0.10710778920890619,0.08839067081253116,0.9567670487385274,False
GUT_GENOME112856_4,GUT_GENOME112856_00379,74334,0.04068289618208391,0.038033825109593224,0.038089014484226844,0.0010188904979414747,0.35616742660785394,0.03251581193335124,2.251779306007629e-08,0.002649071072490683,-0.25240047907706564,0.005573202550875601,0.1081995809666242,0.07541315115968532,0.9629954658254889,False
GUT_GENOME112856_4,GUT_GENOME112856_00380,74911,0.04106811753486704,0.038012087568845006,0.03807257265074642,0.0010164994980851028,0.3370396059566,0.03250682293220613,2.1825206553708136e-08,0.003056029966022035,-0.21455541650904794,0.0055657497185402915,0.10785703654120138,0.05766716708482109,0.9715781376056278,False
GUT_GENOME112856_4,GUT_GENOME112856_00380,74914,0.04037820501125388,0.03858385011372176,0.0386164096720695,0.0010064095842171289,0.40286533801425595,0.03252962183517421,7.331722872355184e-10,0.001794354897532123,-0.33188464230180054,0.006086787836895292,0.13180480496605976,0.12751992240793514,0.93823018414693,False
GUT_GENOME112856_4,GUT_GENOME112856_00380,75186,0.04114908531282129,0.038887529060829956,0.038926816261448366,0.0010074199726449896,0.3788881401937125,0.03251080325048749,9.528311869108045e-11,0.0022615562519913354,-0.288437343883172,0.006416013010960876,0.14693653516086388,0.10478644671145901,0.9489556419453612,False
GUT_GENOME112856_4,GUT_GENOME112856_00381,75689,0.0413158992726749,0.038872512598127885,0.03891287125583044,0.0010026509950066716,0.3698487399729772,0.032487767709006354,7.36645628896284e-11,0.0024433866745470142,-0.27152805936385327,0.0064251035468240875,0.1473543511325578,0.09544079181959736,0.9534003244436131,False
GUT_GENOME112856_4,GUT_GENOME112856_00382,76566,0.040940363826765656,0.03895749360672853,0.03898808890691787,0.001002412930641969,0.39153979414817797,0.032494290421866155,4.64217459969994e-11,0.001982870220037125,-0.31435369682147474,0.006493798485051716,0.15051168341724552,0.1214720135504208,0.9410716435240458,False
GUT_GENOME112856_4,GUT_GENOME112856_00382,77243,0.04104238655378483,0.039257093635071766,0.039287977099055224,0.0010373290529053006,0.40278892257593085,0.03248488907831828,2.7217085994096385e-11,0.0017852929187130648,-0.3327273592465548,0.006803088020736946,0.1647271389010137,0.1378425258816998,0.9334001703693844,False
GUT_GENOME112856_4,GUT_GENOME112856_00382,77249,0.041847421169118604,0.03918023155213034,0.039219670212883015,0.0010324541404732226,0.3595937081968358,0.032530914245690525,4.631892538407782e-11,0.0026671896169882664,-0.2507155485815004,0.00668875596719249,0.1594722497760771,0.08828968474916621,0.9568153600271134,False
GUT_GENOME112856_4,GUT_GENOME112856_00382,77576,0.04066240774819928,0.03905591952551706,0.039084796041847454,0.00104912339330244,0.4125378425262135,0.03253355926131449,2.125974360734549e-10,0.001606488222682216,-0.34935526692053104,0.006551236780532967,0.15315164189714775,0.14550452794090768,0.929831154173103,False
GUT_GENOME112856_4,GUT_GENOME112856_00382,77756,0.04110926941228309,0.038988935187489124,0.03902692421538472,0.001041667816398827,0.38726368907793357,0.03256733760475551,2.8017783604612574e-10,0.0021203342247939697,-0.3015702586325946,0.00645958661062921,0.14893924942981068,0.11312752091244538,0.9450062285459284,False
GUT_GENOME112856_4,GUT_GENOME112856_00382,77864,0.041650185568583985,0.03897744239624962,0.03902449499694922,0.0010732108058287481,0.3598383882671953,0.032641984715294434,1.364531335031246e-09,0.0026727431723343673,-0.25019909679020436,0.006382510281654784,0.14539669464870317,0.08373978684940227,0.9589945439518844,False
GUT_GENOME112856_4,GUT_GENOME112856_00384,79794,0.04260266150825122,0.03949436305378881,0.03954616677882022,0.001111699019063574,0.341118436453674,0.03270277870895183,3.7351578138868967e-10,0.0031082984544624076,-0.20969471866756134,0.006843388069868388,0.1665793954060793,0.07172057001092261,0.9647750776119215,False
GUT_GENOME112856_4,GUT_GENOME112856_00384,80094,0.042351350000117145,0.03983782169163923,0.039883131041757384,0.0011475474183607996,0.3707139891641089,0.03266303702461083,1.569423183452918e-10,0.002513528308477918,-0.265005251859381,0.007220094017146551,0.18389341998870665,0.10404457342819681,0.9493077096576118,False
GUT_GENOME112856_4,GUT_GENOME112856_00385,80673,0.04240700498982933,0.039697290000364635,0.03974860184817469,0.0011827749509740787,0.36058400200340623,0.032691871416125326,1.2138450600491542e-09,0.0027097149894646927,-0.24676090990010097,0.007056730432049366,0.17638496107342908,0.09200260114760084,0.955040720088968,False
GUT_GENOME112856_4,GUT_GENOME112856_00385,81229,0.0431451560191899,0.03955056670802281,0.0396288321902718,0.0011921525341847398,0.3186466291497896,0.032795395025293744,4.962201177367715e-09,0.0035945893111670874,-0.16447219572784402,0.006833437164978057,0.16612203545958673,0.05464763383277442,0.97304610171513,False
GUT_GENOME112856_4,GUT_GENOME112856_00385,81271,0.04085641984349399,0.03930318923133045,0.039319582101901555,0.0012161960034975966,0.4138981902676151,0.03287606059219752,5.850866217466254e-08,0.0015532306121635378,-0.3543079479758898,0.006443521509704037,0.1482008709827737,0.1474976201589386,0.9289049961106248,False
GUT_GENOME112856_4,GUT_GENOME112856_00385,81279,0.040392148942683725,0.04074467221572938,0.04067204931274721,0.0014280861708307587,0.5197968522361817,0.03328594520908542,1.1578237703935845e-07,-0.00035252327304565595,-0.5315331571343387,0.007386104103661792,0.19152351645959287,0.31920875449024555,0.8524809831359987,False
GUT_GENOME112856_4,GUT_GENOME112856_00385,81445,0.04036163507714543,0.041124234475674586,0.04103341195168017,0.0013979793358509529,0.5421659453770906,0.03359848442830173,5.235951486056733e-08,-0.0007625993985291568,-0.5696681060769836,0.007434927523378439,0.19376752108784406,0.3620676033098655,0.8344071538764187,False
GUT_GENOME112856_4,GUT_GENOME112856_00386,81931,0.041748809747240885,0.04049559178879431,0.04050664357034878,0.0013815948886398437,0.43183517754608014,0.0336853352444038,3.9611681507663977e-07,0.001253217958446573,-0.38220756592647004,0.0068213083259449775,0.16556457407970998,0.1734942516416327,0.9169089289123767,False
GUT_GENOME112856_4,GUT_GENOME112856_00386,81944,0.04109951868500334,0.04090977691749206,0.04091729808353826,0.001367883598592716,0.48958244961814323,0.03393065420618106,1.6311196344578665e-07,0.00018974176751127697,-0.4811053259343682,0.0069866438773571946,0.1731636678084309,0.26144799049128326,0.8774599240830792,False
GUT_GENOME112856_4,GUT_GENOME112856_00386,81989,0.04098160180251828,0.04082509717906141,0.04082789510882866,0.0013472953445588408,0.49142133443358327,0.03398790966013923,1.9189495863278705e-07,0.00015650462345687122,-0.4841962076335153,0.006839985448689426,0.1664230053433166,0.26214258419417985,0.8771552379255071,False
GUT_GENOME112856_5,GUT_GENOME112856_00430,28900,0.03984364282433087,0.03521918463151966,0.03552182497215077,0.0014787030333186409,0.2535961340849121,0.03922767511471059,0.9938972914826643,0.004624458192811216,-0.06869974086275862,-0.0037058501425598217,-0.3182809341365894,0.10602240742947015,0.9483693871626995,False
GUT_GENOME112856_5,GUT_GENOME112856_00430,28936,0.039656081830603825,0.035372932147180285,0.03567572786815816,0.0014884460007525638,0.2665454069579109,0.03953571475181932,0.9952470082800855,0.00428314968342354,-0.10043965882029153,-0.003859986883661161,-0.3253653121343279,0.1159507114042052,0.9436732033137752,False
GUT_GENOME112856_5,GUT_GENOME112856_00430,28955,0.03932213855238088,0.03533990432883694,0.035614933007401,0.0014833466193025112,0.2814377058649109,0.039636176197072666,0.9966452219326949,0.0039822342235439345,-0.12842323305307862,-0.004021243189671668,-0.33277691703874407,0.1272330033016165,0.9383647918850605,False
GUT_GENOME112856_5,GUT_GENOME112856_00430,29060,0.0389264212081468,0.03573228331978784,0.035944615546795,0.0015766170559145224,0.3213386044386813,0.039652668406876306,0.9906612169950109,0.0031941378883589625,-0.20171209733097156,-0.003708052860081308,-0.3183821746548004,0.14205497934757916,0.9314362868959715,False
GUT_GENOME112856_5,GUT_GENOME112856_00430,29164,0.03908320225976592,0.0356805792459892,0.0359303676408498,0.0015676639984624804,0.3110753069667245,0.039857146731301696,0.9938750091888578,0.0034026230137767233,-0.1823240639414805,-0.003926779090451894,-0.3284351917543827,0.1411117394748752,0.9318756744221276,False
GUT_GENOME112856_5,GUT_GENOME112856_00430,29171,0.039162892380932596,0.035527647133927774,0.0357965402707216,0.0016155082408621333,0.2990834231873517,0.04011354665312696,0.9962325285414957,0.0036352452470048216,-0.1606914049403788,-0.0043170063824053626,-0.3463706795652652,0.1457943752842164,0.9296964093923117,False
GUT_GENOME112856_5,GUT_GENOME112856_00430,29251,0.03967672695726018,0.03539814665950687,0.0357163824723715,0.0015814628623574388,0.269561201867643,0.04035164987647318,0.9983106352485148,0.004278580297753312,-0.1008645879454093,-0.004635267404101681,-0.3609984792938244,0.14049356715385095,0.9321637488140198,False
GUT_GENOME112856_5,GUT_GENOME112856_00430,29369,0.039236723336058904,0.03549708559503054,0.03577877735817652,0.0015701009019931686,0.2905708347336494,0.040560971470897475,0.9988396420656027,0.0037396377410283607,-0.15098344541240283,-0.004782194112720954,-0.3677514723465201,0.15803714620163337,0.9240227623177889,False
GUT_GENOME112856_5,GUT_GENOME112856_00430,29374,0.03859325084816713,0.0345455591633267,0.034798241118869096,0.0014645279082495539,0.2738164869487837,0.04076535726806507,0.9999769363876582,0.0040476916848404265,-0.12233602926496805,-0.0059671161491959765,-0.42221243696961464,0.19322944598813993,0.9079057339607486,False
GUT_GENOME112856_5,GUT_GENOME112856_00430,29404,0.038754251162734545,0.03458011260302814,0.03484410506196252,0.0014357929635512119,0.2670010913464419,0.041023631551566596,0.9999916095809943,0.004174138559706407,-0.11057712691168976,-0.006179526489604077,-0.4319751653841848,0.19882984450473773,0.9053669731748342,False
GUT_GENOME112856_5,GUT_GENOME112856_00430,29410,0.03859533739932793,0.03458244173575474,0.03487608759634986,0.0014459816602265998,0.2759002461519046,0.041161701157600754,0.999993097894363,0.004012895663573192,-0.12557187844508952,-0.006285613561250895,-0.4368511015876439,0.20660718161456632,0.9018531375944975,False
GUT_GENOME112856_5,GUT_GENOME112856_00430,29641,0.0387422140389688,0.034601573235762115,0.0348924426789098,0.0014643011024953853,0.26971430533317986,0.04127433065094449,0.9999934466690098,0.004140640803206683,-0.11369224421412716,-0.006381887972034692,-0.44127603176735714,0.20765046260679032,0.9013828171561409,False
GUT_GENOME112856_5,GUT_GENOME112856_00430,29642,0.038667791921160086,0.03431184240210974,0.03459873571693688,0.0014752815412661135,0.2595591143654155,0.041378573287780385,0.9999978427075897,0.004355949519050342,-0.0936696523699337,-0.006779837570843501,-0.45956644949557707,0.21997532527707503,0.8958451875942438,False
GUT_GENOME112856_5,GUT_GENOME112856_00430,29743,0.038638466145478466,0.034586156550467234,0.03484615101337622,0.001428134621621749,0.2751251408131604,0.04152533998819378,0.9999985435114174,0.004052309595011232,-0.12190658761342654,-0.006679188974817556,-0.45494047457165754,0.22183205150703503,0.8950139038916168,False
GUT_GENOME112856_5,GUT_GENOME112856_00430,29747,0.038139209687990054,0.03461046895371748,0.034868030324410715,0.0014366819501458801,0.2994883780837546,0.0418204031195113,0.9999993481437285,0.0035287407342725757,-0.1705957712343607,-0.006952372795100588,-0.4674964520233855,0.24765584981749994,0.883531861628596,False
GUT_GENOME112856_5,GUT_GENOME112856_00430,29812,0.03865298625601867,0.03490670329675478,0.03519629756535277,0.0014655142355315483,0.2894141928749971,0.04231909749927769,0.9999994138814,0.003746282959263894,-0.15036547464459477,-0.007122799933924916,-0.4753295634793413,0.24854796988255543,0.8831378412625605,False
GUT_GENOME112856_5,GUT_GENOME112856_00430,29845,0.03883546369257021,0.03490124621581036,0.03518969603115228,0.0015359329654989625,0.2784524663715735,0.042506467795745254,0.9999990497717686,0.003934217476759851,-0.13288854101228734,-0.007316771764592972,-0.4842448276762297,0.2521524174635558,0.8815476625940696,False
GUT_GENOME112856_5,GUT_GENOME112856_00430,29856,0.038648187445235654,0.0347105335415083,0.035012017776054866,0.0016047340647458732,0.2762930872884548,0.04255146528449258,0.9999986880221561,0.003937653903727356,-0.1325689711597473,-0.007539447508437713,-0.49447937090746735,0.26208438036739856,0.8771807651927157,False
GUT_GENOME112856_5,GUT_GENOME112856_00430,29980,0.03904037935744493,0.03465131493195042,0.03498592551198853,0.0015891096282367738,0.25518208694354355,0.04262185526343085,0.9999992268700776,0.004389064425494506,-0.09059013813340093,-0.007635929751442318,-0.4989138533976926,0.25712160623916297,0.8793600929559902,False
GUT_GENOME112856_5,GUT_GENOME112856_00430,30049,0.03889487571755141,0.0348533124842353,0.03515340858738086,0.0016024135205286126,0.2685012124968479,0.04269245295332608,0.9999987294611716,0.0040415632333161075,-0.12290594341371744,-0.007539044365945213,-0.49446084181580874,0.25959739501561413,0.8782722115117786,False
GUT_GENOME112856_5,GUT_GENOME112856_00430,30050,0.03885231753176059,0.035088242143020545,0.03536120101156126,0.001536845402288084,0.2820858245962341,0.04293077208797644,0.9999995790500337,0.0037640753887400458,-0.1487108711515515,-0.007569571076415177,-0.495863899610151,0.2679959301352392,0.8745918443367869,False
GUT_GENOME112856_5,GUT_GENOME112856_00430,30058,0.038838706262348574,0.03511632623117503,0.03537854707188287,0.0015368021003745941,0.28646601763139207,0.042969010547914174,0.999999607638102,0.003722380031173547,-0.152588322759028,-0.007590463476031303,-0.496824148640349,0.2701174309146209,0.8736646125647607,False
GUT_GENOME112856_5,GUT_GENOME112856_00430,30059,0.039320685889902916,0.035151141340334764,0.03541886231755046,0.0015451541164195174,0.26795695019004584,0.04305145397087202,0.999999608777758,0.004169544549568152,-0.11100434598438702,-0.007632591653321558,-0.4987604289207507,0.26108393028463267,0.877619662741905,False
GUT_GENOME112856_5,GUT_GENOME112856_00430,30071,0.039125972853941385,0.0352473559659652,0.0355296982339409,0.001552340114282709,0.2805969238966719,0.043115301196826133,0.9999994869344256,0.003878616887976187,-0.13805910687233597,-0.007585602962885234,-0.4966007514662314,0.2656726233472128,0.8756084072537026,False
GUT_GENOME112856_5,GUT_GENOME112856_00430,30160,0.03982379382017768,0.03549024006562,0.03575058527957427,0.0016242077753398168,0.25854313796367717,0.043267653652715295,0.9999981552177425,0.004333553754557677,-0.09575234210090085,-0.007517068373141027,-0.4934507890614296,0.25266219224315545,0.8813229958449438,False
GUT_GENOME112856_5,GUT_GENOME112856_00430,30186,0.03958741119222888,0.03591089585200011,0.03616215788075953,0.0015900754271498925,0.29084605549997866,0.04343232807110003,0.9999975870482515,0.003676515340228774,-0.15685350070711485,-0.0072701701903405,-0.4821029427178788,0.2570262680613152,0.8794020122495767,False
GUT_GENOME112856_5,GUT_GENOME112856_00431,31010,0.03922992369751314,0.03593181232411975,0.03617434194618731,0.0015809491944190263,0.3085547821784995,0.04350095354747871,0.9999982093661642,0.003298111373393385,-0.19204310346184153,-0.007326611601291402,-0.4846970827460438,0.2718118156097808,0.8729247640319034,False
GUT_GENOME112856_5,GUT_GENOME112856_00431,31442,0.04034568515780023,0.036387438872487514,0.03665976152162899,0.0016288012628309985,0.2831184488969386,0.04384353114488507,0.9999948425365338,0.0039582462853127165,-0.13065398666890604,-0.007183769623256078,-0.47813183062564524,0.2456805116899094,0.884404929795441,False
GUT_GENOME112856_5,GUT_GENOME112856_00431,31541,0.041738979172383804,0.03646359026146452,0.036790786820428564,0.0016670150830861456,0.22654705292651955,0.04410485531167862,0.9999942675796275,0.005275388910919283,-0.008166566269913257,-0.0073140684912500545,-0.4841205807896302,0.23443942954872976,0.8893897596240213,False
GUT_GENOME112856_5,GUT_GENOME112856_00431,32445,0.04336691941606443,0.03694326056005902,0.037313637418387745,0.001690495405287753,0.18186792096168436,0.044526284649517245,0.9999900757341358,0.006423658856005411,0.09861657229150245,-0.0072126472311295,-0.47945909295378336,0.23960625014658982,0.8870950663026589,False
GUT_GENOME112856_5,GUT_GENOME112856_00432,32876,0.04387479210567358,0.03716560469284041,0.03758562503811759,0.001679178679006348,0.17673421657129496,0.04494523330469545,0.9999941434818523,0.006709187412833169,0.1251692444897568,-0.007359608266577861,-0.48621366372397196,0.2520710665580242,0.8815835206736471,False
GUT_GENOME112856_5,GUT_GENOME112856_00433,33658,0.04475952363713904,0.03716468341817866,0.03761002788978617,0.001675582598308265,0.15226435584086012,0.04500905255341907,0.9999949679648312,0.007594840218960376,0.20753035366856984,-0.007399024663632896,-0.48802530612701994,0.2812375471141732,0.8688204659070348,False
GUT_GENOME112856_5,GUT_GENOME112856_00434,35522,0.04589611552727516,0.03729044704562566,0.03775208474844922,0.0016743434651966494,0.1298663160187914,0.04502059444141655,0.9999929117739911,0.008605668481649502,0.3015321299045854,-0.007268509692967336,-0.48202662352900993,0.3232712911555736,0.8507511230105935,False
GUT_GENOME112856_5,GUT_GENOME112856_00436,36859,0.04586179021698988,0.03759604997282089,0.03805710766979448,0.001725836691159794,0.13711108200049393,0.04529587568132691,0.9999863174125075,0.008265740244168984,0.26992057006262044,-0.007238768011532434,-0.48065964695958424,0.30389081035824217,0.8590351783326188,False
GUT_GENOME112856_5,GUT_GENOME112856_00436,36866,0.04657661144234554,0.037714605713627086,0.03822713310509823,0.0017631094932584483,0.12097712260924232,0.04558726365684251,0.9999850690538957,0.008862005728718453,0.32537016197130686,-0.007360130551744275,-0.48623766880877556,0.34229281286982693,0.8426981880022135,False
GUT_GENOME112856_5,GUT_GENOME112856_00436,36881,0.04810915411676617,0.039614599173378576,0.0401680739962891,0.0018883503698065214,0.13288876493815382,0.04508183782977653,0.9953678832138909,0.008494554943387592,0.2911991481845241,-0.004913763833487433,-0.37379863299301275,0.22452236193083747,0.8938107806492381,False
GUT_GENOME112856_5,GUT_GENOME112856_00436,36905,0.049580100900943974,0.03961883779866159,0.04017379448450785,0.0017553341874321927,0.10166722551628465,0.044091094011188034,0.9871810983526743,0.009961263102282382,0.42759538604710595,-0.003917299526680185,-0.32799949542051315,0.2904214831648848,0.8648400161511852,False
GUT_GENOME112856_5,GUT_GENOME112856_00436,36952,0.05142033930296452,0.039623873499318917,0.04020218949293309,0.0017154471363425411,0.07309447259526429,0.04299417814625448,0.9481906141800737,0.0117964658036456,0.5982597016869741,-0.0027919886533213922,-0.2762783578456794,0.4342444016764925,0.8048316121978057,False
GUT_GENOME112856_5,GUT_GENOME112856_00436,36976,0.050990698398815384,0.03900473087504586,0.039542742750646294,0.001609128990293661,0.06692809746228617,0.04155801611405313,0.8947879512785788,0.011985967523769528,0.6158823770206058,-0.0020152733634068373,-0.24057924632261943,0.43718947608571124,0.8036473398619308,False
GUT_GENOME112856_5,GUT_GENOME112856_00436,37049,0.05018100102581313,0.03902899053035238,0.039663743400315636,0.0017346648527920426,0.0754927592377699,0.041133591781878184,0.8015967742591809,0.011152010495460753,0.5383287065712039,-0.0014698483815625482,-0.21551061756359985,0.3362426226012695,0.845251289931521,False
GUT_GENOME112856_5,GUT_GENOME112856_00436,37085,0.050147784637545254,0.03963338384597477,0.040283984785885796,0.001917360191200477,0.08682116076592461,0.04101538142174753,0.6485691073438369,0.010514400791570483,0.47903431708554073,-0.0007313966358617335,-0.18157016143189197,0.2624416004680137,0.877024105882996,False
GUT_GENOME112856_5,GUT_GENOME112856_00436,37158,0.04950931715755471,0.039071270403037615,0.03975342983912735,0.0018004218922440015,0.09001662589790294,0.040739379730166295,0.708024117585062,0.010438046754517094,0.4719337883698963,-0.0009859498910389439,-0.19326984748561812,0.26007473455227614,0.8780626194991591,False
GUT_GENOME112856_5,GUT_GENOME112856_00436,37310,0.04925659787667591,0.03872750884147837,0.03935297374655968,0.0017136261489606518,0.0851280767016816,0.0404547576921907,0.7398732450941733,0.010529089035197545,0.48040024742375464,-0.00110178394563102,-0.19859377104775844,0.2702238836237742,0.8736181118198548,False
GUT_GENOME112856_5,GUT_GENOME112856_00436,37340,0.04713468511455724,0.038316343079446036,0.03893990731844637,0.0017222975891539036,0.12111194120830765,0.04004806684864288,0.7400239722236147,0.008818342035111205,0.32130966533937927,-0.0011081595301965091,-0.19888680339485326,0.14279586160512692,0.9310913084875133,False
GUT_GENOME112856_5,GUT_GENOME112856_00436,37379,0.04574164070740605,0.03851141591145169,0.03877530434621355,0.0018216066415770388,0.16134797571323817,0.03953034476995293,0.6607428954559935,0.007230224795954358,0.17362301384565004,-0.0007550404237393823,-0.182656868789442,0.06350848265281023,0.968744630222177,False
GUT_GENOME112856_5,GUT_GENOME112856_00436,37387,0.04591054950028456,0.03822850401166813,0.03860239240314075,0.0018195325615427116,0.1482420919764525,0.03946056810236595,0.6814103436947283,0.0076820454886164305,0.2156399906340045,-0.0008581756992252013,-0.18739713558904988,0.08161829198761429,0.960012334664631,False
GUT_GENOME112856_5,GUT_GENOME112856_00436,37397,0.04659142157511744,0.03885360347433116,0.03873057171747972,0.0018812540849469388,0.14989979847167156,0.03932224451201805,0.6234330523618407,0.007737818100786283,0.22082655377514698,-0.0005916727945383324,-0.17514822400050298,0.07944126722273825,0.9610578889243496,False
GUT_GENOME112856_5,GUT_GENOME112856_00436,37399,0.047280562475044065,0.03831568525093054,0.03877139741220214,0.00190069533599452,0.11612151617990413,0.03928798489043313,0.607107745485007,0.008964877224113522,0.3349366765298394,-0.0005165874782309884,-0.17169717943448834,0.14166249871061315,0.9316190901856598,False
GUT_GENOME112856_5,GUT_GENOME112856_00436,37654,0.04638729376392924,0.037255559754930584,0.03808477709373075,0.001786309392896372,0.11060553448482141,0.0392945333563809,0.7508724593620846,0.009131734008998658,0.35045349054778824,-0.001209756262650144,-0.20355635622757756,0.16425283919777717,0.9211554992263978,False
GUT_GENOME112856_5,GUT_GENOME112856_00436,37772,0.046387857052992386,0.03736224883319288,0.03795218452858086,0.001716744143378077,0.11165023638484883,0.03923820431783632,0.7731027175623092,0.009025608219799502,0.3405843435745623,-0.001286019789255459,-0.2070615532756806,0.15887218193305302,0.9236370468333548,False
GUT_GENOME112856_5,GUT_GENOME112856_00436,37932,0.04554654576733769,0.03739889698374648,0.037986629140286166,0.001774153767206031,0.13443433147058853,0.03908218214854502,0.7315499357611401,0.008147648783591206,0.2589386778239875,-0.001095553008258851,-0.198307386923446,0.1063750585816401,0.9482021801260384,False
GUT_GENOME112856_5,GUT_GENOME112856_00436,38982,0.04422800685967814,0.0373015943367234,0.03788222423979728,0.0017705449616426201,0.16839709349066057,0.039077121988987495,0.7501226260403757,0.006926412522954742,0.14537005104434347,-0.0011948977491902171,-0.2028734345238846,0.06229008217615191,0.9693349694809397,False
GUT_GENOME112856_5,GUT_GENOME112856_00436,39109,0.043415984914631514,0.03680496149495544,0.037279220169797636,0.0015746305168332158,0.17829085585781917,0.03902575322787296,0.8663215915921297,0.006611023419676072,0.11604050317949823,-0.0017465330580753238,-0.22822750012250756,0.06555319019032033,0.9677547365954685,False
GUT_GENOME112856_5,GUT_GENOME112856_00436,39116,0.04330956156644664,0.03700082399702952,0.03734427988783002,0.0015553072594471158,0.18790664262409845,0.03895010954171322,0.8490772492972546,0.006308737569417126,0.08792948976188653,-0.0016058296538832006,-0.2217605403714238,0.05690933243561159,0.9719463551517719,False
GUT_GENOME112856_5,GUT_GENOME112856_00436,39292,0.04362209403841699,0.036970959760241395,0.037324270501233936,0.0015156131290029729,0.17580956123170438,0.038804345214325166,0.8356044516725527,0.006651134278175597,0.11977060460669424,-0.0014800747130912298,-0.21598063657114938,0.060992633101531996,0.9699640048738012,False
GUT_GENOME112856_5,GUT_GENOME112856_00436,39335,0.04249788512363341,0.03568821801996058,0.03609988411286472,0.0014584769538479793,0.16763970618974317,0.03776093074938189,0.8726257415459623,0.006809667103672826,0.13451333365228776,-0.0016610466365171647,-0.22429840366137344,0.06840361081529212,0.9663764649616868,False
GUT_GENOME112856_5,GUT_GENOME112856_00436,39594,0.041880829776925525,0.0350602520693242,0.03546429634375228,0.0015049238517896892,0.16698613684397395,0.03729863288889687,0.8885570159990237,0.006820577707601326,0.1355279631268913,-0.001834336545144588,-0.23226309272342577,0.07231397303077468,0.964488869850892,False
GUT_GENOME112856_5,GUT_GENOME112856_00436,39602,0.042271570548042196,0.03477315813757226,0.035213758774250946,0.001470657192505613,0.14602397082601326,0.037254430451217464,0.9173692910338855,0.007498412410469939,0.19856306851121452,-0.0020406716769665184,-0.24174659456468175,0.0978687081602099,0.952243638556374,False
GUT_GENOME112856_5,GUT_GENOME112856_00436,39603,0.042573504894683194,0.034439022912748994,0.0349407974133828,0.0014354975404202639,0.12583561725171705,0.03726500246844219,0.9472864502619132,0.0081344819819342,0.25771423368368096,-0.0023242050550593904,-0.2547782547064061,0.13132858531440927,0.936445183053185,False
GUT_GENOME112856_5,GUT_GENOME112856_00436,39605,0.04163828057505699,0.03407741521347748,0.03447052469054692,0.0013198734059106613,0.13735299877717377,0.03721511659891016,0.9812113399632875,0.007560865361579509,0.20437086846316954,-0.0027445919083632364,-0.27409992553455886,0.11689822105444087,0.9432262394643709,False
GUT_GENOME112856_5,GUT_GENOME112856_00436,39609,0.042684272547735415,0.034180982050029694,0.03457518067490809,0.0013099869520864242,0.112790245408177,0.03716285131753523,0.9758852556057152,0.00850329049770572,0.29201150934677117,-0.0025876706426271393,-0.26688756620728343,0.1564996945870265,0.9247333555524042,False
GUT_GENOME112856_5,GUT_GENOME112856_00436,39611,0.043304933477076306,0.03446597966058261,0.03480829958734742,0.0012616165734748853,0.10392572467639677,0.0371252627107124,0.9668583799493659,0.008838953816493696,0.3232264539105536,-0.0023169631233649762,-0.25444540362112655,0.16921780393150923,0.9188715830062262,False
GUT_GENOME112856_5,GUT_GENOME112856_00436,39620,0.04412523821988227,0.03442272796082237,0.03477422078078886,0.0012525376992937208,0.08817979676132875,0.03705791098747169,0.9658672834738466,0.009702510259059896,0.4035327160893771,-0.0022836902066828285,-0.2529161256749384,0.22680521958089103,0.8927911412936651,False
GUT_GENOME112856_5,GUT_GENOME112856_00436,39965,0.04407621540681185,0.034944990585275885,0.035219601888134236,0.0012267713485608536,0.10119936334029,0.03708193650912992,0.9355026343922558,0.009131224821535965,0.3504061387594607,-0.0018623346209956856,-0.23354993031400464,0.17733003202999084,0.915152083525448,False
GUT_GENOME112856_5,GUT_GENOME112856_00437,40119,0.04283339707108866,0.0349701084339675,0.035230655188615026,0.0012215293058070328,0.1343033711844639,0.03704896570278671,0.9316973774969685,0.007863288637121157,0.23249466171802022,-0.001818310514171681,-0.23152650999561986,0.10765829255812852,0.9475939926315582,False
GUT_GENOME112856_5,GUT_GENOME112856_00437,40282,0.04178773824447943,0.035042449922838274,0.03527994097341216,0.001232278394770907,0.16601462500114406,0.037062774424088236,0.9260204652109187,0.006745288321641153,0.12852644143106218,-0.0017828334506760773,-0.22989592583861226,0.06937118286412497,0.9659090586050613,False
GUT_GENOME112856_5,GUT_GENOME112856_00437,40422,0.04218147902636418,0.03496474882173591,0.035223275264655185,0.0012311749362329547,0.15124180779422097,0.03703953111723258,0.9299235112010831,0.00721673020462827,0.17236808696929148,-0.0018162558525773934,-0.23143207437120375,0.08327156245321161,0.9592190825551179,False
GUT_GENOME112856_5,GUT_GENOME112856_00437,40576,0.04163180644546236,0.035132879715573564,0.03536304294283548,0.0012460522193344483,0.17154747106898088,0.03700138781063996,0.9057162127404588,0.006498926729888797,0.10561609347596568,-0.001638344867804481,-0.22325499305317753,0.06099755112429826,0.9699616197242045,False
GUT_GENOME112856_5,GUT_GENOME112856_00437,41806,0.04194506538013993,0.03511653936179497,0.035373426279891346,0.001248727866130338,0.1610601906279096,0.037019234222524726,0.9062461138501516,0.006828526018344959,0.13626711472717365,-0.0016458079426333802,-0.22359800824044276,0.06856479584516181,0.9662985853902991,False
GUT_GENOME112856_5,GUT_GENOME112856_00438,42156,0.04151687624760303,0.035318697114764715,0.03552968821250983,0.0012442790420414697,0.17873193022347,0.037165438986640986,0.9056807261556978,0.006198179132838315,0.0776481296140833,-0.0016357507741311533,-0.22313576424366666,0.055818801317170666,0.9724764685377978,False
GUT_GENOME112856_5,GUT_GENOME112856_00438,42162,0.04106717006200596,0.03523747465304894,0.03543364589873229,0.0012523005803115575,0.19482807965843357,0.037370114689585,0.9389874425505729,0.005829695408957024,0.04338105790918816,-0.0019364687908527134,-0.23695725862562658,0.058030658600692425,0.9714015734459945,False
GUT_GENOME112856_5,GUT_GENOME112856_00438,42163,0.040837211210007024,0.03534077673003631,0.03554415707803985,0.0012567410261874474,0.20689435789920563,0.03748591521192513,0.9388358414678616,0.005496434479970717,0.012389523114308857,-0.0019417581338852796,-0.2372003655262569,0.056417513688789875,0.9721853952608533,False
GUT_GENOME112856_5,GUT_GENOME112856_00438,42570,0.04108735084217893,0.03549544372820218,0.03568452539789213,0.001305208000433788,0.20494546237980266,0.037778655305619135,0.9456916173829089,0.005591907113976752,0.021267982007635564,-0.002094129907727005,-0.24420362272741308,0.06008773641186981,0.9704029627777524,False
GUT_GENOME112856_5,GUT_GENOME112856_00438,43465,0.04096520528570471,0.03539554812007385,0.035612100754895896,0.0012915250387133999,0.20521820012327502,0.03776060056281555,0.9518975138313227,0.005569657165630855,0.0191988524206672,-0.002148499807919653,-0.24670255271588867,0.06123074545080639,0.969848531543888,False
GUT_GENOME112856_5,GUT_GENOME112856_00438,43673,0.04095440740257671,0.03565523131244328,0.035850297514918875,0.0013168059307413975,0.2152148325853956,0.03778740922840368,0.9293637023879471,0.005299176090133431,-0.005954482199543332,-0.0019371117134848043,-0.23698680840666184,0.05619820321704053,0.9722920063248085,False
GUT_GENOME112856_5,GUT_GENOME112856_00439,44584,0.040682293598565684,0.03570297894711072,0.03588577094407825,0.0013816414481889762,0.2240128475539051,0.03782539479718258,0.9198189406031121,0.004979314651454965,-0.035699934018622786,-0.0019396238531043317,-0.23710227047314036,0.05749197195245223,0.9716632492135705,False
GUT_GENOME112856_5,GUT_GENOME112856_00439,44979,0.040121206366562565,0.03546757840452784,0.03565413312304482,0.0014267055928062794,0.23724818089489613,0.03778477949669265,0.9323341323690536,0.004653627962034723,-0.06598710388908549,-0.002130646373647828,-0.24588197952849897,0.06481224573652214,0.9681133292680388,False
GUT_GENOME112856_5,GUT_GENOME112856_00442,46664,0.03992182715021242,0.035546546551245915,0.035714588098765404,0.0014284921144534233,0.24978909220550916,0.037792879631268775,0.9271494283597631,0.004375280598966504,-0.09187196238069129,-0.0020782915325033707,-0.24347566496632048,0.0677208569024711,0.9667064199343499,False
GUT_GENOME112856_5,GUT_GENOME112856_00443,48514,0.039749677183907664,0.03539166554433336,0.035557556655926845,0.0014518760720545725,0.24915182400261648,0.03777169339976629,0.9363726616080313,0.004358011639574305,-0.09347788587584144,-0.002214136743839447,-0.2497193341876303,0.07109786101493021,0.9650755114401754,False
GUT_GENOME112856_5,GUT_GENOME112856_00446,51324,0.039546495524935096,0.03510216985197686,0.03527737085021563,0.0014506547620384647,0.2453272999429726,0.03774382933305682,0.9554569249187825,0.004444325672958237,-0.0854511292529119,-0.0024664584828411884,-0.26131645608966797,0.07558818571386122,0.9629111907722873,False
GUT_GENOME112856_5,GUT_GENOME112856_00446,51719,0.03935416556585931,0.0350665113253497,0.03522948939010224,0.001452487419030396,0.2510660997492596,0.0377306763055504,0.9574654639875382,0.004287654240509607,-0.10002075841665582,-0.002501186915448164,-0.262912631940402,0.07912720414807231,0.9612088171720506,False
GUT_GENOME112856_5,GUT_GENOME112856_00447,52448,0.03929244536457393,0.034961276563012234,0.03513473549768029,0.0014272381693206876,0.24718810923557333,0.037762701924180866,0.9672108259430835,0.004331168801561695,-0.09597413033747555,-0.0026279664265005734,-0.2687396266740796,0.08143202063895841,0.9601017502246078,False
GUT_GENOME112856_5,GUT_GENOME112856_00447,52540,0.039514367032553066,0.03497660079905519,0.035146980762126155,0.0014047001509149158,0.23956127473328442,0.03777376804765969,0.9692579923760865,0.004537766233497879,-0.07676164263344576,-0.002626787285533533,-0.26868543141691087,0.07808421083547636,0.9617102150835138,False
GUT_GENOME112856_5,GUT_GENOME112856_00448,53531,0.03968957616410047,0.03475779998824864,0.0349600435060143,0.001377613924289229,0.22211972446055872,0.03774152246040466,0.9782592737169316,0.004931776175851825,-0.04012076524306785,-0.0027814789543903554,-0.2757953148065059,0.07767273147290904,0.9619080973920758,False
GUT_GENOME112856_5,GUT_GENOME112856_00448,54212,0.03949552987831895,0.03469553541654309,0.034924096097097325,0.001378901021107195,0.2298516634838872,0.03772324771300256,0.9788210869164231,0.0047999944617758555,-0.05237577992341779,-0.0027991516159052363,-0.27660757938082425,0.07925497529350528,0.9611474117577463,False
GUT_GENOME112856_5,GUT_GENOME112856_00449,55420,0.03925700989987743,0.03438913605987059,0.034644561293662085,0.0013750488721521556,0.22871002284663583,0.037717924667086476,0.9872944082605596,0.004867873840006844,-0.046063350444512756,-0.003073363373424391,-0.2892108025176927,0.08576472054710184,0.9580240851294988,False
GUT_GENOME112856_5,GUT_GENOME112856_00449,55470,0.03909961189380239,0.034296451572956056,0.03455785035441484,0.0013606809879945188,0.23019311099653184,0.03771924578451494,0.989920950386618,0.004803160320846336,-0.052081371479448885,-0.0031613954301000988,-0.29325690055345577,0.0887120789773998,0.9566133047218328,False
GUT_GENOME112856_5,GUT_GENOME112856_00449,55471,0.0385129739798839,0.03429564235029362,0.034520627361648334,0.0013471215528008172,0.25575598584412723,0.03772411031041979,0.9912970758001386,0.0042173316295902805,-0.10656039584070749,-0.003203482948771458,-0.2951913120968966,0.09849302869921567,0.9519464323159332,False
GUT_GENOME112856_5,GUT_GENOME112856_00449,55482,0.038298968292863944,0.03427817181446299,0.03448819869609751,0.0013322671808557458,0.2669385254439822,0.03773325397589107,0.9925693006345419,0.004020796478400951,-0.12483714371819794,-0.00324505527979356,-0.2971020447690896,0.10385393745769213,0.9493982000684942,False
GUT_GENOME112856_5,GUT_GENOME112856_00449,55483,0.03838730346587439,0.03431585049417794,0.03451093411683055,0.0013018201229163908,0.26393403542239813,0.0378166451822653,0.9944462639617399,0.004071452971696456,-0.12012635304936825,-0.0033057110654347507,-0.2998898843857938,0.10436428345386622,0.9491559701899809,False
GUT_GENOME112856_5,GUT_GENOME112856_00449,55550,0.0388247501921153,0.03446156266027159,0.0346655714407137,0.0013093735569876877,0.25139925554686554,0.03782781191191641,0.992134099606274,0.0043631875318437124,-0.09299655478836652,-0.0031622404712027125,-0.29329574003164743,0.09467075032321738,0.9537674740254227,False
GUT_GENOME112856_5,GUT_GENOME112856_00450,55976,0.0387424694490899,0.034334953603567996,0.03452185375422976,0.001292336381703605,0.2497591191234131,0.03782123576501853,0.9946605854516223,0.004407515845521903,-0.08887425194316133,-0.003299382010788769,-0.29959899063028744,0.09765818784514357,0.9523438771472507,False
GUT_GENOME112856_5,GUT_GENOME112856_00450,56286,0.03890955990146408,0.034076650081730775,0.03428796786329654,0.0012760093019369347,0.22979820140347762,0.03780041311379942,0.9970445176516014,0.004832909819733305,-0.04931482265930919,-0.0035124452505028783,-0.30939172737022624,0.09815519269905153,0.9521072467853122,False
GUT_GENOME112856_5,GUT_GENOME112856_00451,56459,0.03840460475747663,0.033924332170353066,0.03414207375596323,0.0012712038942981592,0.2432640232059582,0.037785968449130077,0.997924751079139,0.0044802725871235655,-0.08210825301322794,-0.003643894693166845,-0.31543335983740894,0.10623996971120056,0.948266228069786,False
GUT_GENOME112856_5,GUT_GENOME112856_00451,56512,0.038877245905697,0.03380856796279712,0.034049792718600404,0.0013008485693971202,0.22094778273900634,0.037774605227584024,0.9979042049639294,0.005068677942899884,-0.027389612239756417,-0.00372481250898362,-0.319152475668595,0.10260849358403734,0.9499895952727337,False
GUT_GENOME112856_5,GUT_GENOME112856_00458,61247,0.03833447881819289,0.0338054330836391,0.0340175045711883,0.001317147721794877,0.24277673239573155,0.03767410740028836,0.9972496792266058,0.004529045734553788,-0.07757260372413399,-0.0036566028291000613,-0.31601744665508963,0.10588453543894395,0.9484347662037393,False
GUT_GENOME112856_5,GUT_GENOME112856_00458,61316,0.03712092292339034,0.03358246713706003,0.033768893812394465,0.0013017815064509642,0.28859084291022963,0.03761727104695635,0.998442921530565,0.0035384557863303093,-0.16969232187173325,-0.003848377234561884,-0.3248317135772758,0.13431112624776925,0.9350497307650363,False
GUT_GENOME112856_5,GUT_GENOME112856_00458,61664,0.03647812366649967,0.033547627314333923,0.033705482089174156,0.0013222085486913372,0.31997776859063937,0.037637881208783176,0.9985308211575715,0.0029304963521657457,-0.22622939033366626,-0.00393239911960902,-0.3286934975328941,0.159219152371149,0.9234768233565684,False
GUT_GENOME112856_5,GUT_GENOME112856_00458,61889,0.036210884215838755,0.03330521467060931,0.033447907569112166,0.001316683851729271,0.3208571974226365,0.03754688945440621,0.9990743655024213,0.0029056695452294445,-0.22853815438036237,-0.004098981885294041,-0.3363499152798185,0.16536095351632343,0.9206452677889906,False
GUT_GENOME112856_5,GUT_GENOME112856_00458,62009,0.03567259445422995,0.03292738230725924,0.03305015090521221,0.0013750738406555832,0.32692524533870393,0.03744864712049059,0.9993098390232937,0.0027452121469707103,-0.2434598586928283,-0.00439849621527838,-0.3501160862406628,0.18185397663921116,0.9130843742901419,False
GUT_GENOME112856_5,GUT_GENOME112856_00458,62073,0.035171566955537754,0.03265492897650845,0.03278747649182702,0.0013570684309313482,0.34078155168536894,0.037434242036401964,0.9996916034327791,0.002516637979029304,-0.2647160686557362,-0.004646765544574945,-0.3615269527311221,0.20077633455559946,0.904486257917392,False
GUT_GENOME112856_5,GUT_GENOME112856_00458,62212,0.03486540922261695,0.03241972163216696,0.03254511781690046,0.0013156164303421384,0.3442768563723714,0.037425152945366996,0.9998960894318358,0.0024456875904499895,-0.27131408614027724,-0.004880035128466534,-0.37224840626553074,0.2121802093053614,0.8993436093814333,False
GUT_GENOME112856_5,GUT_GENOME112856_00458,62594,0.03475295975779393,0.03223011857895084,0.03235861045941815,0.0012875767364461858,0.3410361536614216,0.037348714696458646,0.9999468140789385,0.002522841178843091,-0.2641392033044533,-0.0049901042370404936,-0.3773073634320078,0.21213036522232454,0.8993660231395028,False
GUT_GENOME112856_5,GUT_GENOME112856_00459,63390,0.03484216912301507,0.032343547330893674,0.03247171385208257,0.001287834977343553,0.3447973274827487,0.03740581586919286,0.999936270013281,0.0024986217921213957,-0.26639148042730465,-0.004934102017110288,-0.3747334093451155,0.21138954892366493,0.8996992173488196,False
GUT_GENOME112856_5,GUT_GENOME112856_00459,65094,0.03560793445482976,0.03225955138108264,0.032441559725756595,0.001283656667739257,0.3021162552352554,0.0373771732456024,0.99993971490109,0.003348383073747116,-0.18736809653723918,-0.004935613519845804,-0.37480288049551413,0.17558400282772285,0.9159513735017686,False
GUT_GENOME112856_5,GUT_GENOME112856_00460,65218,0.036037673706492676,0.03198800520124578,0.03216061345588222,0.0012219851933080777,0.2675718148296172,0.03741646052263016,0.999991501333276,0.004049668505246899,-0.12215219523858885,-0.0052558470667479415,-0.38952134072505606,0.16664803368185155,0.9200529862560554,False
GUT_GENOME112856_5,GUT_GENOME112856_00460,66016,0.035753431034041806,0.0317050966373435,0.03189432987042085,0.0012311819061693544,0.2634650427258979,0.037408297227873255,0.9999962432352862,0.004048334396698307,-0.12227626040167175,-0.005513967357452403,-0.40138497359526376,0.17606138088588802,0.9157327720476629,False
GUT_GENOME112856_5,GUT_GENOME112856_00460,66051,0.03568906638292302,0.03163601337559018,0.03180998891209817,0.0011995693076239436,0.26496052070064763,0.03740985360517081,0.9999984809670166,0.004053053007332837,-0.12183745413023653,-0.005599864693072637,-0.40533295634216937,0.17913917072602045,0.9143246392986824,False
GUT_GENOME112856_5,GUT_GENOME112856_00461,66148,0.034957774701207985,0.03167107048995833,0.031818493092589724,0.0011992644175872827,0.30265076525630363,0.03741828610057436,0.9999984892760956,0.003286704211249651,-0.19310391027037951,-0.0055997930079846395,-0.4053296615776859,0.20158125471639218,0.9041223115471684,False
GUT_GENOME112856_5,GUT_GENOME112856_00461,66149,0.035223660960954625,0.03154897840241397,0.03170992187906093,0.0011852739383646253,0.28333819493116663,0.03746000823279629,0.9999993866393482,0.0036746825585406567,-0.15702393988110225,-0.005750086353735362,-0.41223739080716854,0.1945961840752862,0.9072855112323203,False
GUT_GENOME112856_5,GUT_GENOME112856_00461,66160,0.03512512155682244,0.0314324573666885,0.03159196102752897,0.0011679691803698157,0.2812906210379552,0.037498233797509724,0.9999997869074905,0.0036926641901339347,-0.15535174157424742,-0.005906272769980757,-0.41941597524387353,0.2000439238999213,0.9048175462600745,False
GUT_GENOME112856_5,GUT_GENOME112856_00461,66163,0.035293123876108126,0.03114940312744374,0.031331877147667435,0.0011782656622028888,0.2579847004749257,0.03752535838266618,0.9999999265641529,0.0041437207486643875,-0.1134058252897452,-0.006193481234998743,-0.43261654842194486,0.20001795917816517,0.9048292930042389,False
GUT_GENOME112856_5,GUT_GENOME112856_00461,66416,0.035156573614712,0.030766013260975562,0.03093004147715197,0.0011130621878451268,0.24628302357917847,0.03753457219963242,0.9999999985187098,0.004390560353736438,-0.09045102457964144,-0.006604530722480448,-0.4515090585677414,0.21204181781623502,0.8994058422852038,False
GUT_GENOME112856_5,GUT_GENOME112856_00461,66512,0.035243583675930744,0.030228821225552642,0.03038005482802437,0.0010062345613853555,0.2169618154524272,0.037520868715472895,0.9999999999993605,0.005014762450378102,-0.032403472903094234,-0.007140813887448524,-0.47615751439541154,0.22777596357139812,0.8923579106235934,False
GUT_GENOME112856_5,GUT_GENOME112856_00461,66560,0.03416278771286155,0.030228211402567262,0.030345502911418114,0.0009987233072691942,0.26438967141057956,0.03755083925960796,0.9999999999997294,0.0039345763102942855,-0.13285517135805924,-0.007205336348189848,-0.47912307275592764,0.2472094154036612,0.8837291031560055,False
GUT_GENOME112856_5,GUT_GENOME112856_00461,66730,0.033324683248061156,0.030245996112895586,0.030342883754805684,0.0010089318327092614,0.3051534435992177,0.037649792566755776,0.9999999999997793,0.00307868713516557,-0.21244841750379045,-0.007306908811950091,-0.48379151015960975,0.27918855540238063,0.8697110249830221,False
GUT_GENOME112856_5,GUT_GENOME112856_00461,66821,0.032601422862734195,0.030284345448756963,0.03037463005329866,0.0010519674233994412,0.34769313160328164,0.037926687079854464,0.9999999999996488,0.0023170774139772317,-0.2832741643026196,-0.007552057026555804,-0.4950589250882525,0.3253275914708835,0.849876872616699,False
GUT_GENOME112856_5,GUT_GENOME112856_00461,66853,0.03173537292258332,0.030059167743174804,0.030132873690544466,0.0010073069526588215,0.38546182134446794,0.038031544965082084,0.9999999999999978,0.0016762051794085159,-0.3428719521894934,-0.007898671274537618,-0.5109898857051673,0.37867183889121425,0.8275084838095847,False
GUT_GENOME112856_5,GUT_GENOME112856_00461,66944,0.03230345744469332,0.03001916880715622,0.030102073473971255,0.0010029486321508267,0.34894130746274443,0.03814466237205016,0.9999999999999994,0.0022842886375370984,-0.2863233501433266,-0.008042588898078903,-0.517604576261213,0.3498955582038479,0.839500859113357,False
GUT_GENOME112856_5,GUT_GENOME112856_00461,67036,0.03257015211310417,0.02990327541690708,0.02999897884919279,0.0010018040516239393,0.32507941622683934,0.03835572780455442,1.0,0.0026668766961970916,-0.2507446485891648,-0.00835674895536163,-0.5320438889239788,0.34594357853745483,0.8411613442865498,False
GUT_GENOME112856_5,GUT_GENOME112856_00461,67037,0.03299995840497703,0.029552168409330674,0.029654649658285834,0.00097432018363993,0.2820269365185253,0.03839340711608412,1.0,0.0034477899956463533,-0.1781237693121337,-0.008738757457798285,-0.5496016276582626,0.33379002631857374,0.8462884558246647,False
GUT_GENOME112856_5,GUT_GENOME112856_00461,67058,0.0325737356400473,0.028998800287225398,0.029117363516489136,0.000985018492497019,0.27608333620833747,0.03864613180246428,1.0,0.0035749353528219015,-0.1662999117333316,-0.009528768285975146,-0.5859118239756459,0.37094832611698214,0.8307102983170441,False
GUT_GENOME112856_5,GUT_GENOME112856_00461,67066,0.03261465129661832,0.028688590413902978,0.028826771404072134,0.0010215234246023928,0.25552225910127513,0.0386441927921479,1.0,0.003926060882715344,-0.13364706187732528,-0.009817421388075762,-0.5991787950487925,0.37687676558456445,0.8282515364133329,False
GUT_GENOME112856_5,GUT_GENOME112856_00461,67067,0.03209173413621029,0.028444268219161076,0.028577273092968675,0.0009743915020455638,0.2698264848957637,0.038615758693887656,1.0,0.0036474659170492134,-0.15955494612401072,-0.010038485600918981,-0.609339269666095,0.39675212638984597,0.8200614002323693,False
GUT_GENOME112856_5,GUT_GENOME112856_00461,67135,0.03303620060624549,0.02817831145637166,0.028351341764755778,0.0009857024601063586,0.20963887546334564,0.03859383267760249,1.0,0.004857889149873833,-0.04699187474712012,-0.010242490912846711,-0.6187156891551536,0.3850173402989857,0.8248871662775529,False
GUT_GENOME112856_5,GUT_GENOME112856_00461,67366,0.033027075270662704,0.028190759904045345,0.02835647457764425,0.0009868614775574804,0.21400294097680667,0.03856620073179628,1.0,0.004836315366617359,-0.04899812449407942,-0.010209726154152027,-0.6172097669854015,0.3833487126661109,0.8255756682107802,False
GUT_GENOME112856_5,GUT_GENOME112856_00461,67717,0.032150638121320546,0.0280644522238304,0.02822428427419819,0.0009961463519316202,0.24649065779107043,0.03857318850290646,1.0,0.004086185897490147,-0.11875626750182322,-0.01034890422870827,-0.6236066200790167,0.40298826767733964,0.8175083731820386,False
GUT_GENOME112856_5,GUT_GENOME112856_00461,67775,0.03136715965779295,0.02809340841785612,0.02822571878531114,0.0009957944315880408,0.2857347997458444,0.03855117831918867,1.0,0.003273751239936829,-0.19430846929972462,-0.010325459533877528,-0.6225290633651803,0.4252982159759307,0.8084397625075288,False
GUT_GENOME112856_5,GUT_GENOME112856_00462,67949,0.03124346189688195,0.028238800724616233,0.02835573335568277,0.000993339118707343,0.3058981099462148,0.03854983689578156,1.0,0.003004661172265718,-0.219332447419669,-0.010194103540098788,-0.616491725962378,0.42816877067117365,0.8072802595327125,False
GUT_GENOME112856_5,GUT_GENOME112856_00462,67964,0.030802426133219426,0.02822730398768592,0.028327646673429588,0.0009952717291157383,0.32828919322109656,0.03793035990333824,1.0,0.0025751221455335045,-0.259277345050549,-0.009602713229908653,-0.5893104551527649,0.41451155420882035,0.8128117247680575,False
GUT_GENOME112856_5,GUT_GENOME112856_00462,68057,0.031108118520405584,0.028454279129233786,0.028558500305892475,0.0009732311051942628,0.32710747327341383,0.03790047988424522,1.0,0.002653839391171798,-0.2519570502155776,-0.009341979578352744,-0.5773267079218677,0.39678848283323664,0.820046493109925,False
GUT_GENOME112856_5,GUT_GENOME112856_00462,68207,0.030668596309160665,0.028516186225161153,0.028601017336797756,0.0009644395044200246,0.35554239562810774,0.037920413875085025,1.0,0.0021524100839995126,-0.29858737039043565,-0.00931939653828727,-0.5762887542774688,0.4212631460633521,0.8100724644512455,False
GUT_GENOME112856_5,GUT_GENOME112856_00463,69099,0.030289651979316157,0.028500712454278702,0.028575434310995327,0.0009582454327052221,0.3783269009745993,0.03795729734110219,1.0,0.0017889395250374543,-0.332388243805902,-0.009381863030106862,-0.5791598169266505,0.4459080381628831,0.8001516401561093,False
GUT_GENOME112856_5,GUT_GENOME112856_00463,69128,0.02992444736211754,0.02857929024367275,0.028632661851519567,0.0009715700713091826,0.4039191706933826,0.038552144279235354,1.0,0.0013451571184447918,-0.37365770175618246,-0.009919482427715787,-0.6038696882030518,0.5042786784121631,0.7771364449491265,False
GUT_GENOME112856_5,GUT_GENOME112856_00463,69384,0.029811386046407734,0.028423377337134743,0.02847952575881963,0.0009682547903192639,0.40151630771710634,0.03867730583583976,1.0,0.0013880087092729906,-0.36967272646307625,-0.01019778007702013,-0.6166607056429352,0.5169283505746871,0.7722366957113692,False
GUT_GENOME112856_5,GUT_GENOME112856_00463,69600,0.029574857596204172,0.02838072344588631,0.02843746047520274,0.000985331943123049,0.41427557600212506,0.038700126423251054,1.0,0.0011941341503178618,-0.38770205308704014,-0.010262665948048314,-0.6196429669376251,0.5342702884431689,0.7655696021659388,False
GUT_GENOME112856_5,GUT_GENOME112856_00463,69911,0.028811076855662476,0.028404194271916403,0.028442974838180396,0.000991231831267602,0.4696421206792518,0.03872996682970899,1.0,0.0004068825837460731,-0.46091235827326654,-0.01028699199152859,-0.6207610318841935,0.5977844607149527,0.7416393313339752,False
GUT_GENOME112856_5,GUT_GENOME112856_00463,70245,0.029181690668029694,0.028389828225412642,0.028441321575062458,0.000990342213838366,0.44157683944114706,0.03882365712921922,1.0,0.0007918624426170515,-0.4251112317271124,-0.010382335554156765,-0.6251431787525055,0.5715235532813296,0.7514416055699079,False
GUT_GENOME112856_5,GUT_GENOME112856_00463,70601,0.02914436568599638,0.028112655724224125,0.028146766517146225,0.0010559798436212563,0.42178803588025393,0.03886505889225916,1.0,0.0010317099617722543,-0.4028066586768783,-0.010718292375112938,-0.6405843065041769,0.5726014580138684,0.7510367234543605,False
GUT_GENOME112856_5,GUT_GENOME112856_00464,71072,0.028979012962556824,0.028210318755602076,0.028232417100877052,0.001064226738555826,0.44151104036035743,0.03892920767501782,1.0,0.0007686942069547488,-0.4272657572631488,-0.010696790574140767,-0.6395960483858943,0.5916391324405033,0.7439216445053765,False
GUT_GENOME112856_5,GUT_GENOME112856_00464,71120,0.02924253253296593,0.027734268776414654,0.027809145114747393,0.0010461894324527432,0.3865869635366689,0.03896515871421419,1.0,0.0015082637565512758,-0.3584896319031437,-0.011156013599466795,-0.6607026935207858,0.5650428654076729,0.7538804840890245,False
GUT_GENOME112856_5,GUT_GENOME112856_00464,71238,0.028977753561016256,0.027974855363398488,0.028029278908337424,0.0010593505162398548,0.423733517573164,0.03903876696123951,1.0,0.001002898197617768,-0.4054860030393022,-0.011009488052902083,-0.6539681385355655,0.5920932248804616,0.7437527590811549,False
GUT_GENOME112856_5,GUT_GENOME112856_00464,71413,0.029332288762268375,0.028082719140330847,0.028138957018356454,0.001032143886187477,0.4063449360066365,0.03918025531268681,1.0,0.0012495696219375282,-0.38254684226530583,-0.011041298294330357,-0.655430189522676,0.5759308198648877,0.7497875269917077,False
GUT_GENOME112856_5,GUT_GENOME112856_00464,71609,0.0290111813068681,0.028177944581043016,0.028223519585126595,0.0010394152115499587,0.4365751137578886,0.03931299863917078,1.0,0.0008332367258250852,-0.42126363836669284,-0.011089479054044185,-0.657644656440765,0.6099595471550355,0.7371382839112024,False
GUT_GENOME112856_5,GUT_GENOME112856_00464,71971,0.02929181073633232,0.028274055528955906,0.028333324005941626,0.0010477869161579939,0.4234023631270089,0.03993152088582087,1.0,0.0010177552073764133,-0.40410437832774826,-0.011598196879879247,-0.6810261639687709,0.6270969845936751,0.730848937600668,False
GUT_GENOME112856_5,GUT_GENOME112856_00465,72586,0.029505401999469973,0.028442616178259314,0.028487134072539694,0.0010536115131038598,0.42100868221668053,0.04016668362935708,1.0,0.0010627858212106586,-0.39991676521713326,-0.011679549556817388,-0.6847652667319387,0.6288368896241989,0.730213410208534,False
GUT_GENOME112856_5,GUT_GENOME112856_00465,72645,0.029314755798206353,0.028457002117515125,0.028497289134715366,0.0010575862030793698,0.43694680964196236,0.0401206086781985,1.0,0.0008577536806912284,-0.4189836889525514,-0.011623319543483134,-0.6821808428857395,0.6409180340085864,0.7258157988048899,False
GUT_GENOME112856_5,GUT_GENOME112856_00465,72673,0.02923908065552219,0.02851576939134553,0.028521368549516004,0.0011211304334696273,0.44631481379197885,0.04009554208563947,1.0,0.0007233112641766605,-0.4314861351348643,-0.011574173536123469,-0.6799220115991315,0.6484742266706318,0.7230787704325496,False
GUT_GENOME112856_5,GUT_GENOME112856_00466,73739,0.029413482091275308,0.02859578571926454,0.028569049775032027,0.0011483628361506335,0.43871091229032905,0.04001740019359759,1.0,0.0008176963720107691,-0.4227088105248155,-0.011448350418565564,-0.6741389742826228,0.6331460951421312,0.7286417841032342,False
GUT_GENOME112856_5,GUT_GENOME112856_00466,74343,0.029278182605382033,0.028625416537625886,0.028455099822760215,0.0012300869238580233,0.45085419790150794,0.03996858335725492,1.0,0.000652766067756147,-0.4380464718539874,-0.011513483534494707,-0.6771325993593929,0.6503932686189342,0.722385293942181,False
GUT_GENOME112856_5,GUT_GENOME112856_00466,74833,0.02913612344897201,0.02850617279861022,0.028356918000475954,0.0012550409572033836,0.4527184871540283,0.03990897877008555,1.0,0.0006299506503617894,-0.4401681871243243,-0.011552060769609594,-0.6789056725002205,0.6546609451092908,0.7208454840111369,False
GUT_GENOME112856_5,GUT_GENOME112856_00466,75306,0.02912337978570097,0.02835025985511539,0.028226966867870025,0.0012302497293877846,0.44165385054759254,0.039831208268847486,1.0,0.00077311993058558,-0.42685418796123686,-0.01160424140097746,-0.6813039800946932,0.646379611072917,0.7238364531622723,False
GUT_GENOME112856_5,GUT_GENOME112856_00466,75513,0.029000834980458835,0.02832884415987064,0.02821736703441708,0.001231380102049794,0.44954572233072887,0.03982763345018177,1.0,0.0006719908205881954,-0.4362586697310993,-0.011610266415764688,-0.6815808996784971,0.6548741497220979,0.7207686443156978,False
GUT_GENOME112856_5,GUT_GENOME112856_00466,75750,0.02921765306775717,0.028215069120571,0.028231206015924618,0.00116993760038904,0.42539775938450725,0.03978435196708484,1.0,0.0010025839471861711,-0.40551522669661716,-0.01155314595116022,-0.6789555492281562,0.6254232369105159,0.731460821957987,False
GUT_GENOME112856_5,GUT_GENOME112856_00466,75843,0.02910973389048894,0.02819565504912677,0.028214930688265003,0.0011726971671347669,0.4317717721345071,0.039706242194096304,1.0,0.0009140788413621696,-0.4137457416718116,-0.011491311505831301,-0.6761135364746715,0.6283150529558444,0.7304039611331532,False
GUT_GENOME112856_5,GUT_GENOME112856_00468,77986,0.028996401293730576,0.0280881482785189,0.02811607404593095,0.0011541483202379904,0.43136545424680633,0.03972820742294276,1.0,0.0009082530152116769,-0.4142875132332158,-0.011612133377011807,-0.6816667082864073,0.6363036448069879,0.7274923303956825,False
GUT_GENOME112856_5,GUT_GENOME112856_00470,80212,0.028775879792245218,0.027979759082286774,0.02799736723780153,0.0011553634813719173,0.4398501484746923,0.039698265661936974,1.0,0.0007961207099584436,-0.42471523499002695,-0.011700898424135443,-0.685746495768079,0.6506312872908339,0.7222993284634976,False
GUT_GENOME112856_5,GUT_GENOME112856_00470,80220,0.02904272958067893,0.027976111338252015,0.027992205877699638,0.0011550392567801966,0.4205188922635815,0.03969987548025123,1.0,0.0010666182424269137,-0.3995603699570184,-0.011707669602551592,-0.6860577102588447,0.6303236710457982,0.729670778061322,False
GUT_GENOME112856_5,GUT_GENOME112856_00470,80221,0.02933118508527555,0.028022944222922404,0.02806767940405552,0.0011169814041633204,0.40322966239144886,0.0396827537377362,1.0,0.001308240862353146,-0.37709072175838,-0.01161507433368068,-0.681801879489382,0.6070512153115097,0.7382109850369758,False
GUT_GENOME112856_5,GUT_GENOME112856_00470,80232,0.02952475993014809,0.0279523323648639,0.028021723352971886,0.0011042764027605406,0.38495568648664763,0.03964560601222041,1.0,0.0015724275652841922,-0.35252273108171595,-0.011623882659248526,-0.6822067246119913,0.5896782910351331,0.7446513583416494,False
GUT_GENOME112856_5,GUT_GENOME112856_00471,81079,0.02940532660102927,0.027920863489022077,0.027992390160476676,0.0010886664883306887,0.39045077606363043,0.03952274429776285,1.0,0.0014844631120071936,-0.3607029681792326,-0.011530354137286172,-0.6779079999963238,0.5896658877123242,0.7446559764315581,False
GUT_GENOME112856_5,GUT_GENOME112856_00471,81288,0.02965731890308233,0.02796470403048846,0.028071086839090424,0.0011037527834434472,0.37750558081272906,0.03948466267855525,1.0,0.0016926148725938707,-0.3413459359868916,-0.011413575839464826,-0.6725406774631779,0.5688280108573974,0.7524550597321304,False
GUT_GENOME112856_5,GUT_GENOME112856_00471,81547,0.029546752015884834,0.027934485534110706,0.028036837666244516,0.0010990289397334063,0.3833124179787383,0.0394628641950527,1.0,0.0016122664817741286,-0.3488179188484197,-0.011426026528808187,-0.6731129316123868,0.5747549592135645,0.7502284794285822,False
GUT_GENOME112856_5,GUT_GENOME112856_00472,82250,0.029571249242670235,0.027975880695494143,0.028064957635955297,0.0010844450841522926,0.3843913552454348,0.03941921314413508,1.0,0.0015953685471760924,-0.35038933896553204,-0.011354255508179784,-0.6698142175239605,0.571423774857938,0.7514790953344049,False
GUT_GENOME112856_5,GUT_GENOME112856_00472,82536,0.029676652544965338,0.028020438831105682,0.0281149377147162,0.0010874258317414083,0.37979531825532614,0.03936192600708511,1.0,0.0016562137138596555,-0.3447310546112585,-0.01124698829236891,-0.6648840399547488,0.5609102865999385,0.7554398298200514,False
GUT_GENOME112856_5,GUT_GENOME112856_00473,82676,0.029449161590544656,0.028091317010710548,0.02815972073227161,0.0010896119806023613,0.40125161545812416,0.03930618777382763,1.0,0.0013578445798341082,-0.3724778337701521,-0.011146467041556023,-0.660263918026157,0.5746881780973568,0.7502535303944462,False
GUT_GENOME112856_5,GUT_GENOME112856_00475,85021,0.029569741647489312,0.028112149718880007,0.028196897970060187,0.0010799420812539974,0.39417232066229396,0.039309954667774295,1.0,0.0014575919286093052,-0.36320184861441696,-0.011113056697714108,-0.6587283237017972,0.5658385872839097,0.7535806041516081,False
GUT_GENOME112856_5,GUT_GENOME112856_00476,85565,0.0300682478968545,0.02819173969231134,0.028294334447345602,0.0010893971237781433,0.36827227408651597,0.039298408488397496,1.0,0.0018765082045431591,-0.3242448116127024,-0.011004074041051894,-0.6537193016511411,0.5324836232090125,0.7662538160319766,False
GUT_GENOME112856_5,GUT_GENOME112856_00476,85796,0.03050046683891543,0.028054814546190233,0.02817362446419302,0.001119752910939022,0.33324408200898203,0.03928787606465691,1.0,0.002445652292725198,-0.27131736864527833,-0.011114251600463892,-0.6587832433964107,0.5076084763084924,0.7758436677696529,False
GUT_GENOME112856_5,GUT_GENOME112856_00476,86102,0.031040181950795998,0.028058354983278987,0.028232732150017273,0.001156215066191077,0.30466047189422996,0.039320186220796,1.0,0.002981826967517011,-0.22145590981634267,-0.011087454070778727,-0.6575515848811284,0.4814168067722679,0.7860708085583837,False
GUT_GENOME112856_5,GUT_GENOME112856_00478,87785,0.031621112299136785,0.0280020193197434,0.028262784510168875,0.0011627250450095745,0.26840164803349087,0.03935409711727344,1.0,0.003619092979393383,-0.16219348190217192,-0.011091312607104564,-0.6577289295534947,0.4589140703431362,0.794965123444246,False
GUT_GENOME112856_5,GUT_GENOME112856_00478,88148,0.03207580545059752,0.028016897738587575,0.02836685198956281,0.0011856267880296235,0.2418386830376391,0.039370834668769526,1.0,0.004058907712009941,-0.12129299701590832,-0.011003982679206718,-0.6537151025105522,0.4420554263754829,0.8016944624731837,False
GUT_GENOME112856_5,GUT_GENOME112856_00478,88169,0.03242404494244269,0.02809516812545184,0.02842902885987871,0.0011807104631187866,0.2319222611714029,0.03941180403824788,1.0,0.004328876816990852,-0.0961872729935699,-0.01098277517836917,-0.6527403709102405,0.43532198330197786,0.8043980931178848,False
GUT_GENOME112856_5,GUT_GENOME112856_00478,88241,0.033000641352251975,0.028057914450960623,0.028443448159396662,0.0011929052408683495,0.1993363377492579,0.03945409623860563,1.0,0.004942726901291352,-0.03910240467640744,-0.011010648079208967,-0.6540214552515319,0.42927306198080906,0.8068346462782234,False
GUT_GENOME112856_5,GUT_GENOME112856_00478,88462,0.0331930714749882,0.02822934161616833,0.02856891181271837,0.0012013229553402124,0.2040478850016117,0.039593970076773295,1.0,0.0049637298588198694,-0.03714923875617691,-0.011025058264054925,-0.6546837710351446,0.4299909059969611,0.8065451075308187,False
GUT_GENOME112856_5,GUT_GENOME112856_00478,88564,0.0329477810040711,0.028124859268271126,0.028460729780529864,0.0012205174916264491,0.20766089349401595,0.039747565199384945,1.0,0.004822921735799974,-0.05024366256771243,-0.011286835418855081,-0.6667154793905037,0.44703395608712726,0.7997013143885834,False
GUT_GENOME112856_5,GUT_GENOME112856_00478,88565,0.03326131124525022,0.028272800432355895,0.028560580359678876,0.0012246101272434754,0.20274574768852305,0.03984222185395111,1.0,0.004988510812894323,-0.03484473878738433,-0.011281641494272233,-0.6664767580786755,0.44540542488022233,0.8003527488462682,False
GUT_GENOME112856_5,GUT_GENOME112856_00479,89012,0.0334078692468049,0.02823536883481917,0.028473232252298444,0.0012367508418050749,0.1900822880559046,0.03992939797849411,1.0,0.005172500411985734,-0.01773466206917518,-0.011456165726195667,-0.6744981786684471,0.45526231126576017,0.7964179599457075,False
GUT_GENOME112856_5,GUT_GENOME112856_00479,89135,0.033661121418023604,0.028433523752174034,0.028662612613620065,0.0012773865996120893,0.19143894542011347,0.04006696023969948,1.0,0.00522759766584957,-0.01261090374137686,-0.011404347626079416,-0.6721165336062433,0.4518996696400467,0.7977581203415786,False
GUT_GENOME112856_5,GUT_GENOME112856_00479,89141,0.034399253162316436,0.028517458121394484,0.028747806373048395,0.0012877729235344245,0.165233144293794,0.040207663774562925,1.0,0.005881795040921952,0.04822605297582504,-0.01145985740151453,-0.6746678541346395,0.45750246558826624,0.795526409773663,False
GUT_GENOME112856_5,GUT_GENOME112856_00479,89152,0.034389236469809695,0.02884551789247504,0.02906485232805757,0.0013525282158100974,0.17792290513374398,0.04032419541780751,1.0,0.005543718577334655,0.016786698484239956,-0.011259343089749942,-0.6654518867517377,0.4431080068274484,0.8012726495211127,False
GUT_GENOME112856_5,GUT_GENOME112856_00479,89153,0.034911410748472115,0.029334638721747092,0.029435789040439583,0.0014204347480799302,0.1771007899214918,0.040342854053415006,0.999999999999992,0.005576772026725022,0.019860497534096255,-0.010907065012975423,-0.6492606072530606,0.4219337754929148,0.8098008807694228,False
GUT_GENOME112856_5,GUT_GENOME112856_00479,89174,0.03551824879296719,0.02953140054128757,0.02962855871143417,0.0014043569072813478,0.1599042928008364,0.04042185030122435,0.9999999999999923,0.005986848251679618,0.05799545572703612,-0.010793291589790182,-0.6440313936977344,0.41813990895323283,0.8113384768996602,False
GUT_GENOME112856_5,GUT_GENOME112856_00479,89203,0.036390549952333366,0.02935793625741581,0.029558186310545877,0.0013945617817217606,0.1293967689670389,0.04051757688865239,0.9999999999999981,0.007032613694917558,0.1552462082229061,-0.01095939057810651,-0.6516655762415393,0.4487694084258074,0.7990076936104047,False
GUT_GENOME112856_5,GUT_GENOME112856_00479,89359,0.03738073570952824,0.029508772247326603,0.029823384778090024,0.001405696360054668,0.10470767038649531,0.04063416328368498,0.9999999999999927,0.007871963462201637,0.23330137537671086,-0.010810778505594955,-0.6448351210938793,0.47024186514882294,0.7904752496413281,False
GUT_GENOME112856_5,GUT_GENOME112856_00479,89468,0.037289336983400326,0.029288416087991747,0.02968455907320306,0.0013742363370267405,0.09974072419161079,0.04079260866152003,0.9999999999999997,0.008000920895408579,0.2452937466110102,-0.011108049588316966,-0.658498188722999,0.4937888866779369,0.781223152486751,False
GUT_GENOME112856_5,GUT_GENOME112856_00479,89509,0.03730234808889718,0.029340854392051873,0.029738266802620823,0.0013675670625335344,0.09833729943156072,0.040938365181278295,0.9999999999999999,0.007961493696845307,0.24162722200563572,-0.011200098378657472,-0.6627289024408788,0.4975933125446526,0.7797385122008988,False
GUT_GENOME112856_5,GUT_GENOME112856_00479,89566,0.0376328292855657,0.029593553452840253,0.030118808828871555,0.0012524057131271687,0.09703294655773353,0.04110968206628881,1.0,0.00803927583272545,0.248860556491865,-0.010990873237417254,-0.6531125710160344,0.4884876069966153,0.7832966405201658,False
GUT_GENOME112856_5,GUT_GENOME112856_00482,91262,0.03795419411589639,0.02956078918347468,0.030115832688588605,0.00122244294858612,0.08945633288027904,0.04115598897713047,1.0,0.008393404932421713,0.2817927227331917,-0.011040156288541866,-0.6553777010593579,0.5089270696312346,0.7753323252114893,False
GUT_GENOME112856_9,GUT_GENOME112856_00789,39669,0.048768087140191624,0.04678397220440874,0.04721575207958609,0.0022357050018569987,0.39330809682180956,0.0351739046226716,3.5991003849542996e-08,0.001984114935782884,-0.3142379447245765,0.012041847456914487,0.4055091342897726,0.2631831438971668,0.8766989904270647,False
GUT_GENOME112856_9,GUT_GENOME112856_00790,39981,0.04959933523709238,0.04656420018367385,0.04713444891455612,0.002140907876199502,0.3385008438059295,0.03518194654543209,1.1826155375413722e-08,0.003035135053418535,-0.21649853481264583,0.011952502369124034,0.40140268718555777,0.20799573285580916,0.9012272202524023,False
GUT_GENOME112856_9,GUT_GENOME112856_00790,40066,0.05128961137646185,0.04848816858210919,0.04872105394251676,0.002104374916353617,0.3569441914929513,0.036378003452138694,2.2399363093550257e-09,0.0028014427943526543,-0.23823070065688068,0.012343050490378066,0.4193529208384874,0.23261073895123896,0.8902033408598936,False
GUT_GENOME112856_9,GUT_GENOME112856_00790,40494,0.04988514416075522,0.0484006295618203,0.0487173447844495,0.0021418946193225864,0.4250986191672765,0.03640735895611044,4.535554033317305e-09,0.0014845145989349218,-0.3606981801624764,0.01230998582833906,0.41783321461803613,0.3046877724105641,0.8586929373060548,False
GUT_GENOME112856_9,GUT_GENOME112856_00790,40614,0.049150394026403206,0.04791161802877599,0.04807696943052121,0.002003400838040364,0.4371719759127353,0.03670969608285548,6.9755244300009405e-09,0.0012387759976272145,-0.38355059324323604,0.011367273347665734,0.3745045993342559,0.28736475249974985,0.866162818255032,False
GUT_GENOME112856_9,GUT_GENOME112856_00790,41049,0.0478721955890149,0.04772226045947501,0.047905396957518706,0.0019158939007995056,0.49219592465216766,0.03663673477221006,2.0306958148303532e-09,0.00014993512953988958,-0.4848071364331564,0.011268662185308649,0.36997226821097984,0.37191743878169436,0.8303078698891367,False
